CPU	GPU	log10(CPU/GPU)
2.4001000000e-166	0.0000000000e+00	NA
2.5793000000e-160	0.0000000000e+00	NA
1.8709000000e-154	0.0000000000e+00	NA
9.2228000000e-149	0.0000000000e+00	NA
3.0945000000e-143	0.0000000000e+00	NA
7.0866000000e-138	0.0000000000e+00	NA
1.1057000000e-132	0.0000000000e+00	NA
1.1785000000e-127	0.0000000000e+00	NA
8.5762000000e-123	0.0000000000e+00	NA
4.2652000000e-118	0.0000000000e+00	NA
1.4490000000e-113	0.0000000000e+00	NA
3.3648000000e-109	0.0000000000e+00	NA
5.3549000000e-105	0.0000000000e+00	NA
5.8460000000e-101	0.0000000000e+00	NA
4.3894000000e-97	0.0000000000e+00	NA
2.2712000000e-93	0.0000000000e+00	NA
8.1100000000e-90	0.0000000000e+00	NA
2.0036000000e-86	0.0000000000e+00	NA
3.4647000000e-83	0.0000000000e+00	NA
4.1893000000e-80	0.0000000000e+00	NA
3.4764000000e-77	0.0000000000e+00	NA
1.9748000000e-74	0.0000000000e+00	NA
7.6643000000e-72	0.0000000000e+00	NA
2.0285000000e-69	0.0000000000e+00	NA
3.6610000000e-67	0.0000000000e+00	NA
4.5017000000e-65	0.0000000000e+00	NA
3.7749000000e-63	0.0000000000e+00	NA
2.1600000000e-61	0.0000000000e+00	NA
8.4439000000e-60	0.0000000000e+00	NA
2.2572000000e-58	0.0000000000e+00	NA
4.1640000000e-57	0.0000000000e+00	NA
5.2934000000e-56	0.0000000000e+00	NA
4.6265000000e-55	0.0000000000e+00	NA
2.7846000000e-54	0.0000000000e+00	NA
1.1563000000e-53	0.0000000000e+00	NA
3.3179000000e-53	0.0000000000e+00	NA
6.5900000000e-53	0.0000000000e+00	NA
9.0715000000e-53	0.0000000000e+00	NA
8.6656000000e-53	0.0000000000e+00	NA
5.7515000000e-53	0.0000000000e+00	NA
2.6592000000e-53	0.0000000000e+00	NA
8.5878000000e-54	0.0000000000e+00	NA
1.9480000000e-54	0.0000000000e+00	NA
3.1249000000e-55	0.0000000000e+00	NA
3.5815000000e-56	0.0000000000e+00	NA
2.9741000000e-57	0.0000000000e+00	NA
1.8241000000e-58	0.0000000000e+00	NA
8.4630000000e-60	0.0000000000e+00	NA
3.0658000000e-61	0.0000000000e+00	NA
9.0140000000e-63	0.0000000000e+00	NA
2.2511000000e-64	0.0000000000e+00	NA
4.9945000000e-66	0.0000000000e+00	NA
1.0164000000e-67	0.0000000000e+00	NA
1.9187000000e-69	0.0000000000e+00	NA
3.3460000000e-71	0.0000000000e+00	NA
5.3512000000e-73	0.0000000000e+00	NA
7.8841000000e-75	0.0000000000e+00	NA
1.0788000000e-76	0.0000000000e+00	NA
1.3854000000e-78	0.0000000000e+00	NA
1.7150000000e-80	0.0000000000e+00	NA
2.0230000000e-82	0.0000000000e+00	NA
2.2447000000e-84	0.0000000000e+00	NA
2.3357000000e-86	0.0000000000e+00	NA
2.3659000000e-88	0.0000000000e+00	NA
2.2042000000e-90	0.0000000000e+00	NA
1.8901000000e-92	0.0000000000e+00	NA
1.4911000000e-94	0.0000000000e+00	NA
1.0851000000e-96	0.0000000000e+00	NA
7.2870000000e-99	0.0000000000e+00	NA
4.5317000000e-101	0.0000000000e+00	NA
2.6125000000e-103	0.0000000000e+00	NA
1.4024000000e-105	0.0000000000e+00	NA
7.0228000000e-108	0.0000000000e+00	NA
3.3040000000e-110	0.0000000000e+00	NA
1.4695000000e-112	0.0000000000e+00	NA
6.2542000000e-115	0.0000000000e+00	NA
2.5486000000e-117	0.0000000000e+00	NA
1.0024000000e-119	0.0000000000e+00	NA
3.7799000000e-122	0.0000000000e+00	NA
1.3622000000e-124	0.0000000000e+00	NA
4.6739000000e-127	0.0000000000e+00	NA
1.5148000000e-129	0.0000000000e+00	NA
4.6254000000e-132	0.0000000000e+00	NA
1.3357000000e-134	0.0000000000e+00	NA
3.6309000000e-137	0.0000000000e+00	NA
9.3274000000e-140	0.0000000000e+00	NA
2.2383000000e-142	0.0000000000e+00	NA
5.0940000000e-145	0.0000000000e+00	NA
1.0994000000e-147	0.0000000000e+00	NA
2.2502000000e-150	0.0000000000e+00	NA
4.3672000000e-153	0.0000000000e+00	NA
8.0375000000e-156	0.0000000000e+00	NA
1.4027000000e-158	0.0000000000e+00	NA
2.3211000000e-161	0.0000000000e+00	NA
3.6420000000e-164	0.0000000000e+00	NA
5.4184000000e-167	0.0000000000e+00	NA
7.6433000000e-170	0.0000000000e+00	NA
1.0223000000e-172	0.0000000000e+00	NA
1.2964000000e-175	0.0000000000e+00	NA
1.5586000000e-178	0.0000000000e+00	NA
1.7767000000e-181	0.0000000000e+00	NA
2.5282000000e-162	0.0000000000e+00	NA
2.7216000000e-156	0.0000000000e+00	NA
1.9764000000e-150	0.0000000000e+00	NA
9.7636000000e-145	0.0000000000e+00	NA
3.2815000000e-139	0.0000000000e+00	NA
7.5249000000e-134	0.0000000000e+00	NA
1.1787000000e-128	0.0000000000e+00	NA
1.2593000000e-123	0.0000000000e+00	NA
9.1982000000e-119	0.0000000000e+00	NA
4.5813000000e-114	0.0000000000e+00	NA
1.5610000000e-109	0.0000000000e+00	NA
3.6369000000e-105	0.0000000000e+00	NA
5.8028000000e-101	0.0000000000e+00	NA
6.3477000000e-97	0.0000000000e+00	NA
4.7727000000e-93	0.0000000000e+00	NA
2.4712000000e-89	0.0000000000e+00	NA
8.8589000000e-86	0.0000000000e+00	NA
2.2520000000e-82	0.0000000000e+00	NA
3.9969000000e-79	0.0000000000e+00	NA
4.8837000000e-76	0.0000000000e+00	NA
4.0957000000e-73	0.0000000000e+00	NA
2.3490000000e-70	0.0000000000e+00	NA
9.1906000000e-68	0.0000000000e+00	NA
2.4476000000e-65	0.0000000000e+00	NA
4.4351000000e-63	0.0000000000e+00	NA
5.4680000000e-61	0.0000000000e+00	NA
4.5895000000e-59	0.0000000000e+00	NA
2.6256000000e-57	0.0000000000e+00	NA
1.0248000000e-55	0.0000000000e+00	NA
2.7410000000e-54	0.0000000000e+00	NA
5.0507000000e-53	0.0000000000e+00	NA
6.3822000000e-52	0.0000000000e+00	NA
5.5435000000e-51	0.0000000000e+00	NA
3.3169000000e-50	0.0000000000e+00	NA
1.3706000000e-49	0.0000000000e+00	NA
3.9189000000e-49	0.0000000000e+00	NA
7.7686000000e-49	0.0000000000e+00	NA
1.0694000000e-48	0.0000000000e+00	NA
1.0237000000e-48	0.0000000000e+00	NA
6.8207000000e-49	0.0000000000e+00	NA
3.1698000000e-49	0.0000000000e+00	NA
1.0301000000e-49	0.0000000000e+00	NA
2.3508000000e-50	0.0000000000e+00	NA
3.7966000000e-51	0.0000000000e+00	NA
4.3826000000e-52	0.0000000000e+00	NA
3.6697000000e-53	0.0000000000e+00	NA
2.2749000000e-54	0.0000000000e+00	NA
1.0716000000e-55	0.0000000000e+00	NA
3.9660000000e-57	0.0000000000e+00	NA
1.1992000000e-58	0.0000000000e+00	NA
3.0958000000e-60	0.0000000000e+00	NA
7.1160000000e-62	0.0000000000e+00	NA
1.4994000000e-63	0.0000000000e+00	NA
2.9269000000e-65	0.0000000000e+00	NA
5.2911000000e-67	0.0000000000e+00	NA
8.8581000000e-69	0.0000000000e+00	NA
1.3843000000e-70	0.0000000000e+00	NA
2.0389000000e-72	0.0000000000e+00	NA
2.8545000000e-74	0.0000000000e+00	NA
3.8823000000e-76	0.0000000000e+00	NA
5.0532000000e-78	0.0000000000e+00	NA
6.2059000000e-80	0.0000000000e+00	NA
7.1627000000e-82	0.0000000000e+00	NA
8.0349000000e-84	0.0000000000e+00	NA
8.3144000000e-86	0.0000000000e+00	NA
7.9078000000e-88	0.0000000000e+00	NA
6.9349000000e-90	0.0000000000e+00	NA
5.6293000000e-92	0.0000000000e+00	NA
4.2304000000e-94	0.0000000000e+00	NA
2.9533000000e-96	0.0000000000e+00	NA
1.9113000000e-98	0.0000000000e+00	NA
1.1496000000e-100	0.0000000000e+00	NA
6.4355000000e-103	0.0000000000e+00	NA
3.3746000000e-105	0.0000000000e+00	NA
1.6780000000e-107	0.0000000000e+00	NA
7.9786000000e-110	0.0000000000e+00	NA
3.6740000000e-112	0.0000000000e+00	NA
1.6407000000e-114	0.0000000000e+00	NA
7.0631000000e-117	0.0000000000e+00	NA
2.9123000000e-119	0.0000000000e+00	NA
1.1420000000e-121	0.0000000000e+00	NA
4.2173000000e-124	0.0000000000e+00	NA
1.4629000000e-126	0.0000000000e+00	NA
4.7730000000e-129	0.0000000000e+00	NA
1.4667000000e-131	0.0000000000e+00	NA
4.1892000000e-134	0.0000000000e+00	NA
1.1349000000e-136	0.0000000000e+00	NA
2.9158000000e-139	0.0000000000e+00	NA
7.1049000000e-142	0.0000000000e+00	NA
1.6418000000e-144	0.0000000000e+00	NA
3.5980000000e-147	0.0000000000e+00	NA
7.4771000000e-150	0.0000000000e+00	NA
1.4735000000e-152	0.0000000000e+00	NA
2.7534000000e-155	0.0000000000e+00	NA
4.8789000000e-158	0.0000000000e+00	NA
8.1974000000e-161	0.0000000000e+00	NA
1.3059000000e-163	0.0000000000e+00	NA
1.9727000000e-166	0.0000000000e+00	NA
2.8254000000e-169	0.0000000000e+00	NA
3.8368000000e-172	0.0000000000e+00	NA
4.9400000000e-175	0.0000000000e+00	NA
1.8189000000e-158	0.0000000000e+00	NA
1.9595000000e-152	0.0000000000e+00	NA
1.4235000000e-146	0.0000000000e+00	NA
7.0331000000e-141	0.0000000000e+00	NA
2.3671000000e-135	0.0000000000e+00	NA
5.4352000000e-130	0.0000000000e+00	NA
8.5255000000e-125	0.0000000000e+00	NA
9.1235000000e-120	0.0000000000e+00	NA
6.6620000000e-115	0.0000000000e+00	NA
3.3270000000e-110	0.0000000000e+00	NA
1.1349000000e-105	0.0000000000e+00	NA
2.6469000000e-101	0.0000000000e+00	NA
4.2233000000e-97	0.0000000000e+00	NA
4.6165000000e-93	0.0000000000e+00	NA
3.4660000000e-89	0.0000000000e+00	NA
1.7946000000e-85	0.0000000000e+00	NA
6.7330000000e-82	0.0000000000e+00	NA
1.7470000000e-78	0.0000000000e+00	NA
3.1367000000e-75	0.0000000000e+00	NA
3.8863000000e-72	0.0000000000e+00	NA
3.3060000000e-69	0.0000000000e+00	NA
1.9218000000e-66	0.0000000000e+00	NA
7.6039000000e-64	0.0000000000e+00	NA
2.0432000000e-61	0.0000000000e+00	NA
3.7265000000e-59	0.0000000000e+00	NA
4.6130000000e-57	0.0000000000e+00	NA
3.8804000000e-55	0.0000000000e+00	NA
2.2229000000e-53	0.0000000000e+00	NA
8.7274000000e-52	0.0000000000e+00	NA
2.3372000000e-50	0.0000000000e+00	NA
4.2775000000e-49	0.0000000000e+00	NA
5.3627000000e-48	0.0000000000e+00	NA
4.6190000000e-47	0.0000000000e+00	NA
2.7413000000e-46	0.0000000000e+00	NA
1.1244000000e-45	0.0000000000e+00	NA
3.1967000000e-45	0.0000000000e+00	NA
6.3150000000e-45	0.0000000000e+00	NA
8.6838000000e-45	0.0000000000e+00	NA
8.3251000000e-45	0.0000000000e+00	NA
5.5686000000e-45	0.0000000000e+00	NA
2.6021000000e-45	0.0000000000e+00	NA
8.5101000000e-46	0.0000000000e+00	NA
1.9560000000e-46	0.0000000000e+00	NA
3.1801000000e-47	0.0000000000e+00	NA
3.6978000000e-48	0.0000000000e+00	NA
3.1232000000e-49	0.0000000000e+00	NA
1.9579000000e-50	0.0000000000e+00	NA
9.3827000000e-52	0.0000000000e+00	NA
3.5617000000e-53	0.0000000000e+00	NA
1.1148000000e-54	0.0000000000e+00	NA
2.9995000000e-56	0.0000000000e+00	NA
7.2076000000e-58	0.0000000000e+00	NA
1.5861000000e-59	0.0000000000e+00	NA
3.2308000000e-61	0.0000000000e+00	NA
6.1057000000e-63	0.0000000000e+00	NA
1.0778000000e-64	0.0000000000e+00	NA
1.7987000000e-66	0.0000000000e+00	NA
2.8713000000e-68	0.0000000000e+00	NA
4.4084000000e-70	0.0000000000e+00	NA
6.5929000000e-72	0.0000000000e+00	NA
9.5029000000e-74	0.0000000000e+00	NA
1.2935000000e-75	0.0000000000e+00	NA
1.6520000000e-77	0.0000000000e+00	NA
2.0519000000e-79	0.0000000000e+00	NA
2.3490000000e-81	0.0000000000e+00	NA
2.4750000000e-83	0.0000000000e+00	NA
2.4066000000e-85	0.0000000000e+00	NA
2.1726000000e-87	0.0000000000e+00	NA
1.8262000000e-89	0.0000000000e+00	NA
1.4301000000e-91	0.0000000000e+00	NA
1.0399000000e-93	0.0000000000e+00	NA
6.9963000000e-96	0.0000000000e+00	NA
4.3587000000e-98	0.0000000000e+00	NA
2.5325000000e-100	0.0000000000e+00	NA
1.3944000000e-102	0.0000000000e+00	NA
7.3924000000e-105	0.0000000000e+00	NA
3.8342000000e-107	0.0000000000e+00	NA
1.9496000000e-109	0.0000000000e+00	NA
9.6399000000e-112	0.0000000000e+00	NA
4.5845000000e-114	0.0000000000e+00	NA
2.0646000000e-116	0.0000000000e+00	NA
8.7211000000e-119	0.0000000000e+00	NA
3.4454000000e-121	0.0000000000e+00	NA
1.2741000000e-123	0.0000000000e+00	NA
4.4229000000e-126	0.0000000000e+00	NA
1.4259000000e-128	0.0000000000e+00	NA
4.3604000000e-131	0.0000000000e+00	NA
1.2647000000e-133	0.0000000000e+00	NA
3.4789000000e-136	0.0000000000e+00	NA
9.0760000000e-139	0.0000000000e+00	NA
2.2456000000e-141	0.0000000000e+00	NA
5.2691000000e-144	0.0000000000e+00	NA
1.1724000000e-146	0.0000000000e+00	NA
2.4739000000e-149	0.0000000000e+00	NA
4.9501000000e-152	0.0000000000e+00	NA
9.3922000000e-155	0.0000000000e+00	NA
1.6898000000e-157	0.0000000000e+00	NA
2.8826000000e-160	0.0000000000e+00	NA
4.6628000000e-163	0.0000000000e+00	NA
7.1514000000e-166	0.0000000000e+00	NA
1.0399000000e-168	0.0000000000e+00	NA
8.9389000000e-155	0.0000000000e+00	NA
9.6438000000e-149	0.0000000000e+00	NA
7.0143000000e-143	0.0000000000e+00	NA
3.4688000000e-137	0.0000000000e+00	NA
1.1686000000e-131	0.0000000000e+00	NA
2.6861000000e-126	0.0000000000e+00	NA
4.2087000000e-121	0.0000000000e+00	NA
4.5076000000e-116	0.0000000000e+00	NA
3.3003000000e-111	0.0000000000e+00	NA
1.6503000000e-106	0.0000000000e+00	NA
5.6372000000e-102	0.0000000000e+00	NA
1.3168000000e-97	0.0000000000e+00	NA
2.1016000000e-93	0.0000000000e+00	NA
2.2952000000e-89	0.0000000000e+00	NA
1.7290000000e-85	0.0000000000e+00	NA
9.4349000000e-82	0.0000000000e+00	NA
3.5616000000e-78	0.0000000000e+00	NA
9.3276000000e-75	0.0000000000e+00	NA
1.6974000000e-71	0.0000000000e+00	NA
2.1387000000e-68	0.0000000000e+00	NA
1.8535000000e-65	0.0000000000e+00	NA
1.0962000000e-62	0.0000000000e+00	NA
4.3996000000e-60	0.0000000000e+00	NA
1.1954000000e-57	0.0000000000e+00	NA
2.2066000000e-55	0.0000000000e+00	NA
2.7634000000e-53	0.0000000000e+00	NA
2.3448000000e-51	0.0000000000e+00	NA
1.3496000000e-49	0.0000000000e+00	NA
5.2763000000e-48	0.0000000000e+00	NA
1.4034000000e-46	0.0000000000e+00	NA
2.5455000000e-45	0.0000000000e+00	NA
3.1575000000e-44	1.9618000000e-44	2.0668862903e-01
2.6881000000e-43	2.5364000000e-43	2.5227676355e-02
1.5768000000e-42	1.5638000000e-42	3.5954024775e-03
6.3977000000e-42	6.3843000000e-42	9.1058491464e-04
1.8024000000e-41	1.8005000000e-41	4.5805300847e-04
3.5373000000e-41	3.5374000000e-41	-1.2277396411e-05
4.8472000000e-41	4.8457000000e-41	1.3441626924e-04
4.6450000000e-41	4.6443000000e-41	6.5452970172e-05
3.1150000000e-41	3.1148000000e-41	2.7884971078e-05
1.4628000000e-41	1.4623000000e-41	1.4847167144e-04
4.8166000000e-42	4.7924000000e-42	2.1875218405e-03
1.1154000000e-42	1.0958000000e-42	7.6993440569e-03
1.8276000000e-43	1.6675000000e-43	3.9815306795e-02
2.1415000000e-44	0.0000000000e+00	NA
1.8237000000e-45	0.0000000000e+00	NA
1.1573000000e-46	0.0000000000e+00	NA
5.6560000000e-48	0.0000000000e+00	NA
2.2146000000e-49	0.0000000000e+00	NA
7.2359000000e-51	0.0000000000e+00	NA
2.0500000000e-52	0.0000000000e+00	NA
5.2011000000e-54	0.0000000000e+00	NA
1.2098000000e-55	0.0000000000e+00	NA
2.6010000000e-57	0.0000000000e+00	NA
5.1881000000e-59	0.0000000000e+00	NA
9.7417000000e-61	0.0000000000e+00	NA
1.7548000000e-62	0.0000000000e+00	NA
3.0623000000e-64	0.0000000000e+00	NA
5.1816000000e-66	0.0000000000e+00	NA
8.5521000000e-68	0.0000000000e+00	NA
1.3650000000e-69	0.0000000000e+00	NA
2.0590000000e-71	0.0000000000e+00	NA
2.9098000000e-73	0.0000000000e+00	NA
3.9973000000e-75	0.0000000000e+00	NA
5.0596000000e-77	0.0000000000e+00	NA
5.8819000000e-79	0.0000000000e+00	NA
6.3076000000e-81	0.0000000000e+00	NA
6.3112000000e-83	0.0000000000e+00	NA
5.9240000000e-85	0.0000000000e+00	NA
5.2284000000e-87	0.0000000000e+00	NA
4.2870000000e-89	0.0000000000e+00	NA
3.2362000000e-91	0.0000000000e+00	NA
2.2367000000e-93	0.0000000000e+00	NA
1.4297000000e-95	0.0000000000e+00	NA
8.6239000000e-98	0.0000000000e+00	NA
5.0520000000e-100	0.0000000000e+00	NA
2.9432000000e-102	0.0000000000e+00	NA
1.7083000000e-104	0.0000000000e+00	NA
9.7185000000e-107	0.0000000000e+00	NA
5.3392000000e-109	0.0000000000e+00	NA
2.7871000000e-111	0.0000000000e+00	NA
1.3556000000e-113	0.0000000000e+00	NA
6.1015000000e-116	0.0000000000e+00	NA
2.5506000000e-118	0.0000000000e+00	NA
1.0017000000e-120	0.0000000000e+00	NA
3.6789000000e-123	0.0000000000e+00	NA
1.2698000000e-125	0.0000000000e+00	NA
4.1569000000e-128	0.0000000000e+00	NA
1.2908000000e-130	0.0000000000e+00	NA
3.8016000000e-133	0.0000000000e+00	NA
1.0619000000e-135	0.0000000000e+00	NA
2.8130000000e-138	0.0000000000e+00	NA
7.0671000000e-141	0.0000000000e+00	NA
1.6837000000e-143	0.0000000000e+00	NA
3.8041000000e-146	0.0000000000e+00	NA
8.1503000000e-149	0.0000000000e+00	NA
1.6559000000e-151	0.0000000000e+00	NA
3.1900000000e-154	0.0000000000e+00	NA
5.8272000000e-157	0.0000000000e+00	NA
1.0093000000e-159	0.0000000000e+00	NA
1.6577000000e-162	0.0000000000e+00	NA
3.0108000000e-151	0.0000000000e+00	NA
3.2545000000e-145	0.0000000000e+00	NA
2.3713000000e-139	0.0000000000e+00	NA
1.1730000000e-133	0.0000000000e+00	NA
3.9532000000e-128	0.0000000000e+00	NA
9.0827000000e-123	0.0000000000e+00	NA
1.4269000000e-117	0.0000000000e+00	NA
1.5297000000e-112	0.0000000000e+00	NA
1.1209000000e-107	0.0000000000e+00	NA
5.6169000000e-103	0.0000000000e+00	NA
1.9234000000e-98	0.0000000000e+00	NA
4.5065000000e-94	0.0000000000e+00	NA
7.2069000000e-90	0.0000000000e+00	NA
7.8744000000e-86	0.0000000000e+00	NA
6.2668000000e-82	0.0000000000e+00	NA
3.4361000000e-78	0.0000000000e+00	NA
1.3040000000e-74	0.0000000000e+00	NA
3.4440000000e-71	0.0000000000e+00	NA
6.3693000000e-68	0.0000000000e+00	NA
8.2853000000e-65	0.0000000000e+00	NA
7.3921000000e-62	0.0000000000e+00	NA
4.4816000000e-59	0.0000000000e+00	NA
1.8367000000e-56	0.0000000000e+00	NA
5.0779000000e-54	0.0000000000e+00	NA
9.4711000000e-52	0.0000000000e+00	NA
1.1919000000e-49	0.0000000000e+00	NA
1.0130000000e-47	0.0000000000e+00	NA
5.8197000000e-46	0.0000000000e+00	NA
2.2631000000e-44	1.5414000000e-44	1.6678838998e-01
5.9677000000e-43	5.9135000000e-43	3.9623816119e-03
1.0698000000e-41	1.0686000000e-41	4.8742371211e-04
1.3083000000e-40	1.3083000000e-40	0.0000000000e+00
1.0967000000e-39	1.0967000000e-39	0.0000000000e+00
6.3312000000e-39	6.3312000000e-39	0.0000000000e+00
2.5299000000e-38	2.5299000000e-38	0.0000000000e+00
7.0314000000e-38	7.0314000000e-38	0.0000000000e+00
1.3654000000e-37	1.3654000000e-37	0.0000000000e+00
1.8583000000e-37	1.8583000000e-37	0.0000000000e+00
1.7757000000e-37	1.7757000000e-37	0.0000000000e+00
1.1916000000e-37	1.1916000000e-37	0.0000000000e+00
5.6164000000e-38	5.6164000000e-38	0.0000000000e+00
1.8617000000e-38	1.8617000000e-38	0.0000000000e+00
4.3477000000e-39	4.3477000000e-39	0.0000000000e+00
7.1871000000e-40	7.1869000000e-40	1.2085556753e-05
8.4834000000e-41	8.4814000000e-41	1.0239896348e-04
7.2851000000e-42	7.2559000000e-42	1.7442288588e-03
4.6745000000e-43	4.4001000000e-43	2.6272617414e-02
2.3302000000e-44	0.0000000000e+00	NA
9.4759000000e-46	0.0000000000e+00	NA
3.2745000000e-47	0.0000000000e+00	NA
9.8797000000e-49	0.0000000000e+00	NA
2.6750000000e-50	0.0000000000e+00	NA
6.6777000000e-52	0.0000000000e+00	NA
1.5416000000e-53	0.0000000000e+00	NA
3.2794000000e-55	0.0000000000e+00	NA
6.5988000000e-57	0.0000000000e+00	NA
1.2974000000e-58	0.0000000000e+00	NA
2.5096000000e-60	0.0000000000e+00	NA
4.7175000000e-62	0.0000000000e+00	NA
8.6297000000e-64	0.0000000000e+00	NA
1.5263000000e-65	0.0000000000e+00	NA
2.5395000000e-67	0.0000000000e+00	NA
3.9562000000e-69	0.0000000000e+00	NA
6.0179000000e-71	0.0000000000e+00	NA
8.4227000000e-73	0.0000000000e+00	NA
1.0739000000e-74	0.0000000000e+00	NA
1.2608000000e-76	0.0000000000e+00	NA
1.3883000000e-78	0.0000000000e+00	NA
1.4568000000e-80	0.0000000000e+00	NA
1.4566000000e-82	0.0000000000e+00	NA
1.3596000000e-84	0.0000000000e+00	NA
1.1595000000e-86	0.0000000000e+00	NA
8.8849000000e-89	0.0000000000e+00	NA
6.1803000000e-91	0.0000000000e+00	NA
4.0164000000e-93	0.0000000000e+00	NA
2.5586000000e-95	0.0000000000e+00	NA
1.6677000000e-97	0.0000000000e+00	NA
1.1069000000e-99	0.0000000000e+00	NA
7.2189000000e-102	0.0000000000e+00	NA
4.5926000000e-104	0.0000000000e+00	NA
2.8220000000e-106	0.0000000000e+00	NA
1.5971000000e-108	0.0000000000e+00	NA
8.1512000000e-111	0.0000000000e+00	NA
3.8495000000e-113	0.0000000000e+00	NA
1.7093000000e-115	0.0000000000e+00	NA
7.1956000000e-118	0.0000000000e+00	NA
2.8028000000e-120	0.0000000000e+00	NA
1.0356000000e-122	0.0000000000e+00	NA
3.6297000000e-125	0.0000000000e+00	NA
1.2067000000e-127	0.0000000000e+00	NA
3.8048000000e-130	0.0000000000e+00	NA
1.1379000000e-132	0.0000000000e+00	NA
3.2273000000e-135	0.0000000000e+00	NA
8.6812000000e-138	0.0000000000e+00	NA
2.2145000000e-140	0.0000000000e+00	NA
5.3573000000e-143	0.0000000000e+00	NA
1.2290000000e-145	0.0000000000e+00	NA
2.6736000000e-148	0.0000000000e+00	NA
5.5152000000e-151	0.0000000000e+00	NA
1.0788000000e-153	0.0000000000e+00	NA
2.0009000000e-156	0.0000000000e+00	NA
6.9705000000e-148	0.0000000000e+00	NA
7.5405000000e-142	0.0000000000e+00	NA
5.4983000000e-136	0.0000000000e+00	NA
2.7222000000e-130	0.0000000000e+00	NA
9.1737000000e-125	0.0000000000e+00	NA
2.1139000000e-119	0.0000000000e+00	NA
3.3209000000e-114	0.0000000000e+00	NA
3.5680000000e-109	0.0000000000e+00	NA
2.6205000000e-104	0.0000000000e+00	NA
1.3179000000e-99	0.0000000000e+00	NA
4.5319000000e-95	0.0000000000e+00	NA
1.0672000000e-90	0.0000000000e+00	NA
1.7156000000e-86	0.0000000000e+00	NA
1.9739000000e-82	0.0000000000e+00	NA
1.5842000000e-78	0.0000000000e+00	NA
8.7378000000e-75	0.0000000000e+00	NA
3.3259000000e-71	0.0000000000e+00	NA
9.0560000000e-68	0.0000000000e+00	NA
1.7327000000e-64	0.0000000000e+00	NA
2.3103000000e-61	0.0000000000e+00	NA
2.1169000000e-58	0.0000000000e+00	NA
1.3135000000e-55	0.0000000000e+00	NA
5.4793000000e-53	0.0000000000e+00	NA
1.5364000000e-50	0.0000000000e+00	NA
2.8962000000e-48	0.0000000000e+00	NA
3.6698000000e-46	0.0000000000e+00	NA
3.1268000000e-44	2.3822000000e-44	1.1812188298e-01
1.7930000000e-42	1.7867000000e-42	1.5286521557e-03
6.9278000000e-41	6.9275000000e-41	1.8807004481e-05
1.8065000000e-39	1.8065000000e-39	0.0000000000e+00
3.1894000000e-38	3.1894000000e-38	0.0000000000e+00
3.8309000000e-37	3.8309000000e-37	0.0000000000e+00
3.1479000000e-36	3.1479000000e-36	0.0000000000e+00
1.7801000000e-35	1.7801000000e-35	0.0000000000e+00
6.9693000000e-35	6.9693000000e-35	0.0000000000e+00
1.9009000000e-34	1.9009000000e-34	0.0000000000e+00
3.6338000000e-34	3.6338000000e-34	0.0000000000e+00
4.8915000000e-34	4.8915000000e-34	0.0000000000e+00
4.6452000000e-34	4.6452000000e-34	0.0000000000e+00
3.1118000000e-34	3.1118000000e-34	0.0000000000e+00
1.4702000000e-34	1.4702000000e-34	0.0000000000e+00
4.9025000000e-35	4.9025000000e-35	0.0000000000e+00
1.1564000000e-35	1.1564000000e-35	0.0000000000e+00
1.9308000000e-36	1.9308000000e-36	0.0000000000e+00
2.2947000000e-37	2.2947000000e-37	0.0000000000e+00
1.9866000000e-38	1.9866000000e-38	0.0000000000e+00
1.2856000000e-39	1.2856000000e-39	0.0000000000e+00
6.5079000000e-41	6.5045000000e-41	2.2695294828e-04
2.7715000000e-42	2.7339000000e-42	5.9322579353e-03
1.0342000000e-43	0.0000000000e+00	NA
3.3709000000e-45	0.0000000000e+00	NA
9.7650000000e-47	0.0000000000e+00	NA
2.6784000000e-48	0.0000000000e+00	NA
6.8422000000e-50	0.0000000000e+00	NA
1.5520000000e-51	0.0000000000e+00	NA
3.3524000000e-53	0.0000000000e+00	NA
7.3241000000e-55	0.0000000000e+00	NA
1.6089000000e-56	0.0000000000e+00	NA
3.3839000000e-58	0.0000000000e+00	NA
6.8546000000e-60	0.0000000000e+00	NA
1.3521000000e-61	0.0000000000e+00	NA
2.4597000000e-63	0.0000000000e+00	NA
4.1936000000e-65	0.0000000000e+00	NA
7.0919000000e-67	0.0000000000e+00	NA
1.1018000000e-68	0.0000000000e+00	NA
1.5286000000e-70	0.0000000000e+00	NA
1.9364000000e-72	0.0000000000e+00	NA
2.3161000000e-74	0.0000000000e+00	NA
2.7108000000e-76	0.0000000000e+00	NA
3.1080000000e-78	0.0000000000e+00	NA
3.3635000000e-80	0.0000000000e+00	NA
3.2847000000e-82	0.0000000000e+00	NA
2.7950000000e-84	0.0000000000e+00	NA
2.0859000000e-86	0.0000000000e+00	NA
1.4282000000e-88	0.0000000000e+00	NA
9.5692000000e-91	0.0000000000e+00	NA
7.0118000000e-93	0.0000000000e+00	NA
5.4197000000e-95	0.0000000000e+00	NA
3.9461000000e-97	0.0000000000e+00	NA
2.8807000000e-99	0.0000000000e+00	NA
2.1653000000e-101	0.0000000000e+00	NA
1.4407000000e-103	0.0000000000e+00	NA
8.2772000000e-106	0.0000000000e+00	NA
4.3782000000e-108	0.0000000000e+00	NA
2.1928000000e-110	0.0000000000e+00	NA
1.0469000000e-112	0.0000000000e+00	NA
4.6903000000e-115	0.0000000000e+00	NA
1.9558000000e-117	0.0000000000e+00	NA
7.7364000000e-120	0.0000000000e+00	NA
2.9029000000e-122	0.0000000000e+00	NA
1.0332000000e-124	0.0000000000e+00	NA
3.4878000000e-127	0.0000000000e+00	NA
1.1167000000e-129	0.0000000000e+00	NA
3.3912000000e-132	0.0000000000e+00	NA
9.7668000000e-135	0.0000000000e+00	NA
2.6676000000e-137	0.0000000000e+00	NA
6.9098000000e-140	0.0000000000e+00	NA
1.6973000000e-142	0.0000000000e+00	NA
3.9536000000e-145	0.0000000000e+00	NA
8.7328000000e-148	0.0000000000e+00	NA
1.8291000000e-150	0.0000000000e+00	NA
1.1071000000e-144	0.0000000000e+00	NA
1.2007000000e-138	0.0000000000e+00	NA
8.7533000000e-133	0.0000000000e+00	NA
4.3398000000e-127	0.0000000000e+00	NA
1.4651000000e-121	0.0000000000e+00	NA
3.3798000000e-116	0.0000000000e+00	NA
5.3206000000e-111	0.0000000000e+00	NA
5.7344000000e-106	0.0000000000e+00	NA
4.2260000000e-101	0.0000000000e+00	NA
2.1337000000e-96	0.0000000000e+00	NA
7.3793000000e-92	0.0000000000e+00	NA
1.7494000000e-87	0.0000000000e+00	NA
2.9069000000e-83	0.0000000000e+00	NA
3.4501000000e-79	0.0000000000e+00	NA
2.8108000000e-75	0.0000000000e+00	NA
1.5646000000e-71	0.0000000000e+00	NA
6.1319000000e-68	0.0000000000e+00	NA
1.6882000000e-64	0.0000000000e+00	NA
3.2766000000e-61	0.0000000000e+00	NA
4.5035000000e-58	0.0000000000e+00	NA
4.2755000000e-55	0.0000000000e+00	NA
2.7299000000e-52	0.0000000000e+00	NA
1.1624000000e-49	0.0000000000e+00	NA
3.3161000000e-47	0.0000000000e+00	NA
6.3394000000e-45	0.0000000000e+00	NA
8.1091000000e-43	8.0575000000e-43	2.7723419105e-03
6.9394000000e-41	6.9382000000e-41	7.5107133738e-05
3.9741000000e-39	3.9741000000e-39	0.0000000000e+00
1.5234000000e-37	1.5234000000e-37	0.0000000000e+00
3.9139000000e-36	3.9139000000e-36	0.0000000000e+00
6.7752000000e-35	6.7753000000e-35	-6.4100141237e-06
7.9571000000e-34	7.9571000000e-34	0.0000000000e+00
6.3819000000e-33	6.3819000000e-33	0.0000000000e+00
3.5171000000e-32	3.5171000000e-32	0.0000000000e+00
1.3416000000e-31	1.3416000000e-31	0.0000000000e+00
3.5690000000e-31	3.5690000000e-31	0.0000000000e+00
6.6740000000e-31	6.6740000000e-31	0.0000000000e+00
8.8361000000e-31	8.8361000000e-31	0.0000000000e+00
8.3057000000e-31	8.3057000000e-31	0.0000000000e+00
5.5373000000e-31	5.5373000000e-31	0.0000000000e+00
2.6185000000e-31	2.6185000000e-31	0.0000000000e+00
8.7782000000e-32	8.7782000000e-32	0.0000000000e+00
2.0944000000e-32	2.0944000000e-32	0.0000000000e+00
3.5378000000e-33	3.5378000000e-33	0.0000000000e+00
4.2306000000e-34	4.2306000000e-34	0.0000000000e+00
3.7221000000e-35	3.7221000000e-35	0.0000000000e+00
2.4421000000e-36	2.4421000000e-36	0.0000000000e+00
1.2370000000e-37	1.2370000000e-37	0.0000000000e+00
5.5644000000e-39	5.5644000000e-39	0.0000000000e+00
2.3310000000e-40	2.3309000000e-40	1.8631651557e-05
8.3990000000e-42	8.3601000000e-42	2.0161089421e-03
2.5189000000e-43	1.3733000000e-43	2.6344550635e-01
7.9040000000e-45	0.0000000000e+00	NA
2.3782000000e-46	0.0000000000e+00	NA
5.4814000000e-48	0.0000000000e+00	NA
1.2607000000e-49	0.0000000000e+00	NA
3.1711000000e-51	0.0000000000e+00	NA
8.0650000000e-53	0.0000000000e+00	NA
1.9037000000e-54	0.0000000000e+00	NA
4.1460000000e-56	0.0000000000e+00	NA
9.6792000000e-58	0.0000000000e+00	NA
1.8932000000e-59	0.0000000000e+00	NA
3.4545000000e-61	0.0000000000e+00	NA
6.7130000000e-63	0.0000000000e+00	NA
1.1673000000e-64	0.0000000000e+00	NA
1.7166000000e-66	0.0000000000e+00	NA
2.3314000000e-68	0.0000000000e+00	NA
2.9648000000e-70	0.0000000000e+00	NA
3.7565000000e-72	0.0000000000e+00	NA
5.0372000000e-74	0.0000000000e+00	NA
6.5134000000e-76	0.0000000000e+00	NA
7.4666000000e-78	0.0000000000e+00	NA
7.1226000000e-80	0.0000000000e+00	NA
5.3070000000e-82	0.0000000000e+00	NA
3.9361000000e-84	0.0000000000e+00	NA
2.7388000000e-86	0.0000000000e+00	NA
2.4219000000e-88	0.0000000000e+00	NA
2.2336000000e-90	0.0000000000e+00	NA
1.6414000000e-92	0.0000000000e+00	NA
1.3434000000e-94	0.0000000000e+00	NA
1.3598000000e-96	0.0000000000e+00	NA
1.0195000000e-98	0.0000000000e+00	NA
6.3502000000e-101	0.0000000000e+00	NA
3.7397000000e-103	0.0000000000e+00	NA
2.1219000000e-105	0.0000000000e+00	NA
1.1422000000e-107	0.0000000000e+00	NA
5.9511000000e-110	0.0000000000e+00	NA
2.8002000000e-112	0.0000000000e+00	NA
1.2500000000e-114	0.0000000000e+00	NA
5.2934000000e-117	0.0000000000e+00	NA
2.1263000000e-119	0.0000000000e+00	NA
8.1021000000e-122	0.0000000000e+00	NA
2.9283000000e-124	0.0000000000e+00	NA
1.0038000000e-126	0.0000000000e+00	NA
3.2637000000e-129	0.0000000000e+00	NA
1.0064000000e-131	0.0000000000e+00	NA
2.9431000000e-134	0.0000000000e+00	NA
8.1623000000e-137	0.0000000000e+00	NA
2.1468000000e-139	0.0000000000e+00	NA
5.3543000000e-142	0.0000000000e+00	NA
1.2664000000e-144	0.0000000000e+00	NA
1.2077000000e-141	0.0000000000e+00	NA
1.3115000000e-135	0.0000000000e+00	NA
9.5882000000e-130	0.0000000000e+00	NA
4.7555000000e-124	0.0000000000e+00	NA
1.6089000000e-118	0.0000000000e+00	NA
3.7179000000e-113	0.0000000000e+00	NA
5.8750000000e-108	0.0000000000e+00	NA
6.3430000000e-103	0.0000000000e+00	NA
4.6949000000e-98	0.0000000000e+00	NA
2.3825000000e-93	0.0000000000e+00	NA
8.2981000000e-89	0.0000000000e+00	NA
1.9852000000e-84	0.0000000000e+00	NA
3.4688000000e-80	0.0000000000e+00	NA
4.1989000000e-76	0.0000000000e+00	NA
3.5067000000e-72	0.0000000000e+00	NA
2.0006000000e-68	0.0000000000e+00	NA
7.9993000000e-65	0.0000000000e+00	NA
2.1914000000e-61	0.0000000000e+00	NA
4.2719000000e-58	0.0000000000e+00	NA
6.0977000000e-55	0.0000000000e+00	NA
6.0918000000e-52	0.0000000000e+00	NA
4.0401000000e-49	0.0000000000e+00	NA
1.7578000000e-46	0.0000000000e+00	NA
5.1264000000e-44	4.6243000000e-44	4.4766489025e-02
9.9844000000e-42	9.9716000000e-42	5.5712268297e-04
1.2933000000e-39	1.2932000000e-39	3.3581634032e-05
1.1158000000e-37	1.1158000000e-37	0.0000000000e+00
6.4054000000e-36	6.4054000000e-36	0.0000000000e+00
2.4294000000e-34	2.4294000000e-34	0.0000000000e+00
6.1017000000e-33	6.1017000000e-33	0.0000000000e+00
1.0294000000e-31	1.0294000000e-31	0.0000000000e+00
1.1762000000e-30	1.1762000000e-30	0.0000000000e+00
9.1908000000e-30	9.1908000000e-30	0.0000000000e+00
4.9021000000e-29	4.9021000000e-29	0.0000000000e+00
1.8133000000e-28	1.8133000000e-28	0.0000000000e+00
4.6668000000e-28	4.6668000000e-28	0.0000000000e+00
8.4729000000e-28	8.4729000000e-28	0.0000000000e+00
1.0951000000e-27	1.0951000000e-27	0.0000000000e+00
1.0223000000e-27	1.0223000000e-27	0.0000000000e+00
6.7268000000e-28	6.7268000000e-28	0.0000000000e+00
3.1713000000e-28	3.1713000000e-28	0.0000000000e+00
1.0634000000e-28	1.0634000000e-28	0.0000000000e+00
2.5706000000e-29	2.5706000000e-29	0.0000000000e+00
4.3644000000e-30	4.3644000000e-30	0.0000000000e+00
5.3497000000e-31	5.3497000000e-31	0.0000000000e+00
4.9118000000e-32	4.9118000000e-32	0.0000000000e+00
3.4593000000e-33	3.4593000000e-33	0.0000000000e+00
1.6793000000e-34	1.6793000000e-34	0.0000000000e+00
7.9655000000e-36	7.9655000000e-36	0.0000000000e+00
3.9142000000e-37	3.9142000000e-37	0.0000000000e+00
1.7401000000e-38	1.7401000000e-38	0.0000000000e+00
4.5975000000e-40	4.5974000000e-40	9.4464209925e-06
1.8022000000e-41	1.7984000000e-41	9.1669146473e-04
7.3495000000e-43	6.9084000000e-43	2.6880318734e-02
1.3673000000e-44	0.0000000000e+00	NA
3.4244000000e-46	0.0000000000e+00	NA
1.0655000000e-47	0.0000000000e+00	NA
2.9583000000e-49	0.0000000000e+00	NA
7.8059000000e-51	0.0000000000e+00	NA
1.5452000000e-52	0.0000000000e+00	NA
6.4154000000e-54	0.0000000000e+00	NA
1.2476000000e-55	0.0000000000e+00	NA
2.2009000000e-57	0.0000000000e+00	NA
5.4646000000e-59	0.0000000000e+00	NA
1.0199000000e-60	0.0000000000e+00	NA
1.5671000000e-62	0.0000000000e+00	NA
2.3392000000e-64	0.0000000000e+00	NA
3.2767000000e-66	0.0000000000e+00	NA
3.5066000000e-68	0.0000000000e+00	NA
6.0887000000e-70	0.0000000000e+00	NA
1.0200000000e-71	0.0000000000e+00	NA
1.3005000000e-73	0.0000000000e+00	NA
1.5179000000e-75	0.0000000000e+00	NA
1.0937000000e-77	0.0000000000e+00	NA
1.1955000000e-79	0.0000000000e+00	NA
6.1578000000e-82	0.0000000000e+00	NA
8.0164000000e-84	0.0000000000e+00	NA
7.0575000000e-86	0.0000000000e+00	NA
7.6521000000e-88	0.0000000000e+00	NA
3.7884000000e-90	0.0000000000e+00	NA
6.8413000000e-92	0.0000000000e+00	NA
5.4051000000e-94	0.0000000000e+00	NA
3.7167000000e-96	0.0000000000e+00	NA
2.4146000000e-98	0.0000000000e+00	NA
1.5649000000e-100	0.0000000000e+00	NA
9.5555000000e-103	0.0000000000e+00	NA
5.7258000000e-105	0.0000000000e+00	NA
3.0399000000e-107	0.0000000000e+00	NA
1.5312000000e-109	0.0000000000e+00	NA
7.3173000000e-112	0.0000000000e+00	NA
3.3172000000e-114	0.0000000000e+00	NA
1.4266000000e-116	0.0000000000e+00	NA
5.8194000000e-119	0.0000000000e+00	NA
2.2517000000e-121	0.0000000000e+00	NA
8.2641000000e-124	0.0000000000e+00	NA
2.8767000000e-126	0.0000000000e+00	NA
9.4974000000e-129	0.0000000000e+00	NA
2.9738000000e-131	0.0000000000e+00	NA
8.8305000000e-134	0.0000000000e+00	NA
2.4868000000e-136	0.0000000000e+00	NA
6.6411000000e-139	0.0000000000e+00	NA
9.0435000000e-139	0.0000000000e+00	NA
9.8489000000e-133	0.0000000000e+00	NA
7.2115000000e-127	0.0000000000e+00	NA
3.5881000000e-121	0.0000000000e+00	NA
1.2168000000e-115	0.0000000000e+00	NA
2.8173000000e-110	0.0000000000e+00	NA
4.4654000000e-105	0.0000000000e+00	NA
4.8422000000e-100	0.0000000000e+00	NA
3.5984000000e-95	0.0000000000e+00	NA
1.8369000000e-90	0.0000000000e+00	NA
6.4437000000e-86	0.0000000000e+00	NA
1.6035000000e-81	0.0000000000e+00	NA
2.8511000000e-77	0.0000000000e+00	NA
3.5188000000e-73	0.0000000000e+00	NA
3.0366000000e-69	0.0000000000e+00	NA
1.8453000000e-65	0.0000000000e+00	NA
7.3445000000e-62	0.0000000000e+00	NA
2.0384000000e-58	0.0000000000e+00	NA
3.8419000000e-55	0.0000000000e+00	NA
5.6594000000e-52	0.0000000000e+00	NA
5.9698000000e-49	0.0000000000e+00	NA
4.2302000000e-46	0.0000000000e+00	NA
1.8899000000e-43	1.8077000000e-43	1.9312466999e-02
5.7099000000e-41	5.7093000000e-41	4.5638344084e-05
1.1354000000e-38	1.1354000000e-38	0.0000000000e+00
1.5019000000e-36	1.5019000000e-36	0.0000000000e+00
1.3136000000e-34	1.3136000000e-34	0.0000000000e+00
7.7023000000e-33	7.7023000000e-33	0.0000000000e+00
2.8518000000e-31	2.8518000000e-31	0.0000000000e+00
6.8738000000e-30	6.8739000000e-30	-6.3180674863e-06
1.1290000000e-28	1.1290000000e-28	0.0000000000e+00
1.2480000000e-27	1.2480000000e-27	0.0000000000e+00
9.5826000000e-27	9.5826000000e-27	0.0000000000e+00
4.8139000000e-26	4.8139000000e-26	0.0000000000e+00
1.7200000000e-25	1.7200000000e-25	0.0000000000e+00
4.2259000000e-25	4.2259000000e-25	0.0000000000e+00
7.4385000000e-25	7.4385000000e-25	0.0000000000e+00
9.3636000000e-25	9.3636000000e-25	0.0000000000e+00
8.4704000000e-25	8.4704000000e-25	0.0000000000e+00
5.5328000000e-25	5.5328000000e-25	0.0000000000e+00
2.6636000000e-25	2.6636000000e-25	0.0000000000e+00
8.9377000000e-26	8.9377000000e-26	0.0000000000e+00
2.1335000000e-26	2.1335000000e-26	0.0000000000e+00
3.2597000000e-27	3.2597000000e-27	0.0000000000e+00
4.3383000000e-28	4.3383000000e-28	0.0000000000e+00
4.4559000000e-29	4.4559000000e-29	0.0000000000e+00
4.1870000000e-30	4.1870000000e-30	0.0000000000e+00
2.0562000000e-31	2.0562000000e-31	0.0000000000e+00
9.7701000000e-33	9.7701000000e-33	0.0000000000e+00
5.6910000000e-34	5.6910000000e-34	0.0000000000e+00
2.4738000000e-35	2.4738000000e-35	0.0000000000e+00
8.8703000000e-37	8.8702000000e-37	4.8960793879e-06
2.5360000000e-38	2.5360000000e-38	0.0000000000e+00
1.0122000000e-39	1.0122000000e-39	0.0000000000e+00
4.0122000000e-41	4.0080000000e-41	4.5486072435e-04
1.0154000000e-42	9.4588000000e-43	3.0801116370e-02
2.4984000000e-44	0.0000000000e+00	NA
8.1079000000e-46	0.0000000000e+00	NA
4.0601000000e-47	0.0000000000e+00	NA
5.7831000000e-49	0.0000000000e+00	NA
1.7445000000e-50	0.0000000000e+00	NA
6.4055000000e-52	0.0000000000e+00	NA
1.4147000000e-53	0.0000000000e+00	NA
2.9473000000e-55	0.0000000000e+00	NA
5.8225000000e-57	0.0000000000e+00	NA
1.0773000000e-58	0.0000000000e+00	NA
1.9326000000e-60	0.0000000000e+00	NA
3.2458000000e-62	0.0000000000e+00	NA
4.6064000000e-64	0.0000000000e+00	NA
5.5137000000e-66	0.0000000000e+00	NA
1.1372000000e-67	0.0000000000e+00	NA
1.1401000000e-69	0.0000000000e+00	NA
1.9896000000e-71	0.0000000000e+00	NA
2.3085000000e-73	0.0000000000e+00	NA
1.9422000000e-75	0.0000000000e+00	NA
2.1503000000e-77	0.0000000000e+00	NA
2.1691000000e-79	0.0000000000e+00	NA
2.3183000000e-81	0.0000000000e+00	NA
1.6888000000e-83	0.0000000000e+00	NA
1.5792000000e-85	0.0000000000e+00	NA
1.4848000000e-87	0.0000000000e+00	NA
2.2211000000e-89	0.0000000000e+00	NA
1.6953000000e-91	0.0000000000e+00	NA
1.2237000000e-93	0.0000000000e+00	NA
8.8065000000e-96	0.0000000000e+00	NA
6.6188000000e-98	0.0000000000e+00	NA
4.1780000000e-100	0.0000000000e+00	NA
2.5025000000e-102	0.0000000000e+00	NA
1.4222000000e-104	0.0000000000e+00	NA
7.6690000000e-107	0.0000000000e+00	NA
3.9232000000e-109	0.0000000000e+00	NA
1.9040000000e-111	0.0000000000e+00	NA
8.7658000000e-114	0.0000000000e+00	NA
3.8282000000e-116	0.0000000000e+00	NA
1.5859000000e-118	0.0000000000e+00	NA
6.2313000000e-121	0.0000000000e+00	NA
2.3223000000e-123	0.0000000000e+00	NA
8.2089000000e-126	0.0000000000e+00	NA
2.7520000000e-128	0.0000000000e+00	NA
8.7496000000e-131	0.0000000000e+00	NA
2.6382000000e-133	0.0000000000e+00	NA
4.6464000000e-136	0.0000000000e+00	NA
5.0746000000e-130	0.0000000000e+00	NA
3.7266000000e-124	0.0000000000e+00	NA
1.8577000000e-118	0.0000000000e+00	NA
6.3230000000e-113	0.0000000000e+00	NA
1.4703000000e-107	0.0000000000e+00	NA
2.3379000000e-102	0.0000000000e+00	NA
2.5494000000e-97	0.0000000000e+00	NA
1.9045000000e-92	0.0000000000e+00	NA
9.7757000000e-88	0.0000000000e+00	NA
3.4477000000e-83	0.0000000000e+00	NA
8.9336000000e-79	0.0000000000e+00	NA
1.6042000000e-74	0.0000000000e+00	NA
2.0003000000e-70	0.0000000000e+00	NA
1.7693000000e-66	0.0000000000e+00	NA
1.1513000000e-62	0.0000000000e+00	NA
5.3217000000e-59	0.0000000000e+00	NA
1.2673000000e-55	0.0000000000e+00	NA
2.5737000000e-52	0.0000000000e+00	NA
3.9343000000e-49	0.0000000000e+00	NA
4.1059000000e-46	0.0000000000e+00	NA
3.0934000000e-43	3.0548000000e-43	5.4532992626e-03
1.4577000000e-40	1.4576000000e-40	2.9794153746e-05
4.5365000000e-38	4.5365000000e-38	0.0000000000e+00
9.3684000000e-36	9.3684000000e-36	0.0000000000e+00
1.2845000000e-33	1.2845000000e-33	0.0000000000e+00
1.1727000000e-31	1.1727000000e-31	0.0000000000e+00
6.6660000000e-30	6.6660000000e-30	0.0000000000e+00
2.5010000000e-28	2.5011000000e-28	-1.7364486194e-05
5.8654000000e-27	5.8654000000e-27	0.0000000000e+00
9.3626000000e-26	9.3626000000e-26	0.0000000000e+00
9.7274000000e-25	9.7274000000e-25	0.0000000000e+00
6.9478000000e-24	6.9478000000e-24	0.0000000000e+00
3.4821000000e-23	3.4821000000e-23	0.0000000000e+00
1.1408000000e-22	1.1408000000e-22	0.0000000000e+00
2.6505000000e-22	2.6505000000e-22	0.0000000000e+00
4.5314000000e-22	4.5314000000e-22	0.0000000000e+00
5.5591000000e-22	5.5591000000e-22	0.0000000000e+00
4.9127000000e-22	4.9127000000e-22	0.0000000000e+00
3.1939000000e-22	3.1938000000e-22	1.3597835901e-05
1.4907000000e-22	1.4907000000e-22	0.0000000000e+00
4.9452000000e-23	4.9452000000e-23	0.0000000000e+00
1.2262000000e-23	1.2262000000e-23	0.0000000000e+00
2.3386000000e-24	2.3386000000e-24	0.0000000000e+00
3.1716000000e-25	3.1716000000e-25	0.0000000000e+00
3.4819000000e-26	3.4819000000e-26	0.0000000000e+00
3.0454000000e-27	3.0454000000e-27	0.0000000000e+00
2.0192000000e-28	2.0192000000e-28	0.0000000000e+00
8.3651000000e-30	8.3651000000e-30	0.0000000000e+00
4.4166000000e-31	4.4167000000e-31	-9.8331197156e-06
1.4402000000e-32	1.4402000000e-32	0.0000000000e+00
8.5814000000e-34	8.5814000000e-34	0.0000000000e+00
3.6916000000e-35	3.6916000000e-35	0.0000000000e+00
9.0748000000e-37	9.0748000000e-37	0.0000000000e+00
4.2924000000e-38	4.2924000000e-38	0.0000000000e+00
1.4016000000e-39	1.4015000000e-39	3.0986727701e-05
5.4288000000e-41	5.4205000000e-41	6.6449354392e-04
1.7951000000e-42	1.7264000000e-42	1.6947219580e-02
5.5039000000e-44	0.0000000000e+00	NA
2.1705000000e-45	0.0000000000e+00	NA
2.9852000000e-47	0.0000000000e+00	NA
7.7779000000e-49	0.0000000000e+00	NA
3.2991000000e-50	0.0000000000e+00	NA
6.8050000000e-52	0.0000000000e+00	NA
1.7674000000e-53	0.0000000000e+00	NA
2.4433000000e-55	0.0000000000e+00	NA
5.7181000000e-57	0.0000000000e+00	NA
1.3744000000e-58	0.0000000000e+00	NA
3.3234000000e-60	0.0000000000e+00	NA
5.7598000000e-62	0.0000000000e+00	NA
8.8742000000e-64	0.0000000000e+00	NA
1.3894000000e-65	0.0000000000e+00	NA
2.1914000000e-67	0.0000000000e+00	NA
2.8351000000e-69	0.0000000000e+00	NA
3.6070000000e-71	0.0000000000e+00	NA
4.4952000000e-73	0.0000000000e+00	NA
4.6389000000e-75	0.0000000000e+00	NA
4.0415000000e-77	0.0000000000e+00	NA
2.8689000000e-79	0.0000000000e+00	NA
5.8308000000e-81	0.0000000000e+00	NA
4.2292000000e-83	0.0000000000e+00	NA
6.6206000000e-85	0.0000000000e+00	NA
5.8112000000e-87	0.0000000000e+00	NA
4.7981000000e-89	0.0000000000e+00	NA
3.2640000000e-91	0.0000000000e+00	NA
3.2474000000e-93	0.0000000000e+00	NA
2.3123000000e-95	0.0000000000e+00	NA
1.5624000000e-97	0.0000000000e+00	NA
1.0018000000e-99	0.0000000000e+00	NA
6.0944000000e-102	0.0000000000e+00	NA
3.5179000000e-104	0.0000000000e+00	NA
1.9265000000e-106	0.0000000000e+00	NA
1.0009000000e-108	0.0000000000e+00	NA
4.9333000000e-111	0.0000000000e+00	NA
2.3065000000e-113	0.0000000000e+00	NA
1.0229000000e-115	0.0000000000e+00	NA
4.3033000000e-118	0.0000000000e+00	NA
1.7171000000e-120	0.0000000000e+00	NA
6.4982000000e-123	0.0000000000e+00	NA
2.3324000000e-125	0.0000000000e+00	NA
7.9400000000e-128	0.0000000000e+00	NA
1.6417000000e-133	0.0000000000e+00	NA
1.7953000000e-127	0.0000000000e+00	NA
1.3221000000e-121	0.0000000000e+00	NA
6.6185000000e-116	0.0000000000e+00	NA
2.2604000000e-110	0.0000000000e+00	NA
5.2782000000e-105	0.0000000000e+00	NA
8.4361000000e-100	0.0000000000e+00	NA
9.2496000000e-95	0.0000000000e+00	NA
6.9530000000e-90	0.0000000000e+00	NA
3.5922000000e-85	0.0000000000e+00	NA
1.3058000000e-80	0.0000000000e+00	NA
3.4219000000e-76	0.0000000000e+00	NA
6.1841000000e-72	0.0000000000e+00	NA
7.7093000000e-68	0.0000000000e+00	NA
6.9690000000e-64	0.0000000000e+00	NA
4.5859000000e-60	0.0000000000e+00	NA
1.9334000000e-56	0.0000000000e+00	NA
6.3332000000e-53	0.0000000000e+00	NA
1.2517000000e-49	0.0000000000e+00	NA
1.9374000000e-46	0.0000000000e+00	NA
2.0491000000e-43	1.9198000000e-43	2.8307165981e-02
1.6215000000e-40	1.6214000000e-40	2.6784327734e-05
8.0147000000e-38	8.0148000000e-38	-5.4186903136e-06
2.6379000000e-35	2.6379000000e-35	0.0000000000e+00
5.7509000000e-33	5.7509000000e-33	0.0000000000e+00
8.2749000000e-31	8.2749000000e-31	0.0000000000e+00
7.6162000000e-29	7.6162000000e-29	0.0000000000e+00
4.3351000000e-27	4.3351000000e-27	0.0000000000e+00
1.5510000000e-25	1.5510000000e-25	0.0000000000e+00
3.7320000000e-24	3.7320000000e-24	0.0000000000e+00
5.6734000000e-23	5.6734000000e-23	0.0000000000e+00
5.4982000000e-22	5.4982000000e-22	0.0000000000e+00
3.7421000000e-21	3.7421000000e-21	0.0000000000e+00
1.6934000000e-20	1.6934000000e-20	0.0000000000e+00
5.3733000000e-20	5.3733000000e-20	0.0000000000e+00
1.1914000000e-19	1.1914000000e-19	0.0000000000e+00
1.9364000000e-19	1.9364000000e-19	0.0000000000e+00
2.2928000000e-19	2.2928000000e-19	0.0000000000e+00
1.9723000000e-19	1.9723000000e-19	0.0000000000e+00
1.2389000000e-19	1.2389000000e-19	0.0000000000e+00
5.7380000000e-20	5.7380000000e-20	0.0000000000e+00
1.9225000000e-20	1.9225000000e-20	0.0000000000e+00
4.9496000000e-21	4.9496000000e-21	0.0000000000e+00
9.5353000000e-22	9.5353000000e-22	0.0000000000e+00
1.4135000000e-22	1.4135000000e-22	0.0000000000e+00
1.5293000000e-23	1.5293000000e-23	0.0000000000e+00
1.4172000000e-24	1.4172000000e-24	0.0000000000e+00
1.0238000000e-25	1.0238000000e-25	0.0000000000e+00
6.2439000000e-27	6.2439000000e-27	0.0000000000e+00
3.1895000000e-28	3.1895000000e-28	0.0000000000e+00
1.7454000000e-29	1.7454000000e-29	0.0000000000e+00
6.9740000000e-31	6.9739000000e-31	6.2273816403e-06
2.7328000000e-32	2.7328000000e-32	0.0000000000e+00
1.2809000000e-33	1.2809000000e-33	0.0000000000e+00
5.4045000000e-35	5.4045000000e-35	0.0000000000e+00
2.2931000000e-36	2.2931000000e-36	0.0000000000e+00
8.5839000000e-38	8.5839000000e-38	0.0000000000e+00
2.8272000000e-39	2.8272000000e-39	0.0000000000e+00
7.8295000000e-41	7.8265000000e-41	1.6643886838e-04
4.3903000000e-42	4.3328000000e-42	5.7255549975e-03
6.4224000000e-44	0.0000000000e+00	NA
1.7634000000e-45	0.0000000000e+00	NA
6.8800000000e-47	0.0000000000e+00	NA
2.0946000000e-48	0.0000000000e+00	NA
4.9639000000e-50	0.0000000000e+00	NA
1.2777000000e-51	0.0000000000e+00	NA
2.2292000000e-53	0.0000000000e+00	NA
6.3473000000e-55	0.0000000000e+00	NA
1.3669000000e-56	0.0000000000e+00	NA
3.1804000000e-58	0.0000000000e+00	NA
4.0445000000e-60	0.0000000000e+00	NA
8.1458000000e-62	0.0000000000e+00	NA
1.5787000000e-63	0.0000000000e+00	NA
2.7126000000e-65	0.0000000000e+00	NA
3.7348000000e-67	0.0000000000e+00	NA
5.6623000000e-69	0.0000000000e+00	NA
6.8330000000e-71	0.0000000000e+00	NA
7.3357000000e-73	0.0000000000e+00	NA
9.7841000000e-75	0.0000000000e+00	NA
6.1015000000e-77	0.0000000000e+00	NA
6.7706000000e-79	0.0000000000e+00	NA
1.2004000000e-80	0.0000000000e+00	NA
1.4564000000e-82	0.0000000000e+00	NA
1.4275000000e-84	0.0000000000e+00	NA
1.2815000000e-86	0.0000000000e+00	NA
1.2087000000e-88	0.0000000000e+00	NA
9.7066000000e-91	0.0000000000e+00	NA
7.3981000000e-93	0.0000000000e+00	NA
5.3509000000e-95	0.0000000000e+00	NA
3.6726000000e-97	0.0000000000e+00	NA
2.3918000000e-99	0.0000000000e+00	NA
1.4779000000e-101	0.0000000000e+00	NA
8.6645000000e-104	0.0000000000e+00	NA
4.8192000000e-106	0.0000000000e+00	NA
2.5428000000e-108	0.0000000000e+00	NA
1.2728000000e-110	0.0000000000e+00	NA
6.0433000000e-113	0.0000000000e+00	NA
2.7218000000e-115	0.0000000000e+00	NA
1.1627000000e-117	0.0000000000e+00	NA
4.7113000000e-120	0.0000000000e+00	NA
1.8105000000e-122	0.0000000000e+00	NA
3.9702000000e-131	0.0000000000e+00	NA
4.3582000000e-125	0.0000000000e+00	NA
3.2215000000e-119	0.0000000000e+00	NA
1.6171000000e-113	0.0000000000e+00	NA
5.5467000000e-108	0.0000000000e+00	NA
1.3030000000e-102	0.0000000000e+00	NA
2.0946000000e-97	0.0000000000e+00	NA
2.3126000000e-92	0.0000000000e+00	NA
1.7517000000e-87	0.0000000000e+00	NA
9.1211000000e-83	0.0000000000e+00	NA
3.4162000000e-78	0.0000000000e+00	NA
9.0527000000e-74	0.0000000000e+00	NA
1.6507000000e-69	0.0000000000e+00	NA
2.1031000000e-65	0.0000000000e+00	NA
1.8778000000e-61	0.0000000000e+00	NA
1.0768000000e-57	0.0000000000e+00	NA
5.1153000000e-54	0.0000000000e+00	NA
1.9626000000e-50	0.0000000000e+00	NA
4.0252000000e-47	0.0000000000e+00	NA
6.7092000000e-44	6.3058000000e-44	2.6930546121e-02
7.7952000000e-41	7.7947000000e-41	2.7857425773e-05
6.0591000000e-38	6.0591000000e-38	0.0000000000e+00
3.3549000000e-35	3.3549000000e-35	0.0000000000e+00
1.1388000000e-32	1.1388000000e-32	0.0000000000e+00
2.5613000000e-30	2.5613000000e-30	0.0000000000e+00
4.1687000000e-28	4.1687000000e-28	0.0000000000e+00
4.5264000000e-26	4.5265000000e-26	-9.5945935981e-06
2.2245000000e-24	2.2245000000e-24	0.0000000000e+00
7.9473000000e-23	7.9473000000e-23	0.0000000000e+00
1.7411000000e-21	1.7411000000e-21	0.0000000000e+00
2.5284000000e-20	2.5284000000e-20	0.0000000000e+00
2.3920000000e-19	2.3920000000e-19	0.0000000000e+00
1.4981000000e-18	1.4981000000e-18	0.0000000000e+00
6.2919000000e-18	6.2919000000e-18	0.0000000000e+00
1.8061000000e-17	1.8061000000e-17	0.0000000000e+00
3.7974000000e-17	3.7974000000e-17	0.0000000000e+00
5.8198000000e-17	5.8198000000e-17	0.0000000000e+00
6.5710000000e-17	6.5710000000e-17	0.0000000000e+00
5.4778000000e-17	5.4778000000e-17	0.0000000000e+00
3.3688000000e-17	3.3688000000e-17	0.0000000000e+00
1.5418000000e-17	1.5418000000e-17	0.0000000000e+00
5.2863000000e-18	5.2863000000e-18	0.0000000000e+00
1.3384000000e-18	1.3384000000e-18	0.0000000000e+00
2.5385000000e-19	2.5385000000e-19	0.0000000000e+00
3.8895000000e-20	3.8895000000e-20	0.0000000000e+00
4.6600000000e-21	4.6600000000e-21	0.0000000000e+00
4.4485000000e-22	4.4485000000e-22	0.0000000000e+00
3.6805000000e-23	3.6805000000e-23	0.0000000000e+00
2.4995000000e-24	2.4995000000e-24	0.0000000000e+00
1.4835000000e-25	1.4835000000e-25	0.0000000000e+00
9.0496000000e-27	9.0496000000e-27	0.0000000000e+00
4.9838000000e-28	4.9838000000e-28	0.0000000000e+00
2.5084000000e-29	2.5084000000e-29	0.0000000000e+00
1.0323000000e-30	1.0323000000e-30	0.0000000000e+00
4.7633000000e-32	4.7633000000e-32	0.0000000000e+00
1.9019000000e-33	1.9019000000e-33	0.0000000000e+00
8.3064000000e-35	8.3065000000e-35	-5.2284006032e-06
3.0142000000e-36	3.0142000000e-36	0.0000000000e+00
1.0507000000e-37	1.0507000000e-37	0.0000000000e+00
3.6465000000e-39	3.6465000000e-39	0.0000000000e+00
1.6091000000e-40	1.6086000000e-40	1.3497047127e-04
3.0526000000e-42	2.9792000000e-42	1.0570240584e-02
1.2119000000e-43	0.0000000000e+00	NA
3.1004000000e-45	0.0000000000e+00	NA
1.2839000000e-46	0.0000000000e+00	NA
4.3320000000e-48	0.0000000000e+00	NA
8.3701000000e-50	0.0000000000e+00	NA
2.6750000000e-51	0.0000000000e+00	NA
6.0118000000e-53	0.0000000000e+00	NA
8.3850000000e-55	0.0000000000e+00	NA
1.8032000000e-56	0.0000000000e+00	NA
5.1271000000e-58	0.0000000000e+00	NA
6.6108000000e-60	0.0000000000e+00	NA
1.2165000000e-61	0.0000000000e+00	NA
3.0030000000e-63	0.0000000000e+00	NA
4.9285000000e-65	0.0000000000e+00	NA
6.8111000000e-67	0.0000000000e+00	NA
1.0567000000e-68	0.0000000000e+00	NA
1.2553000000e-70	0.0000000000e+00	NA
1.6982000000e-72	0.0000000000e+00	NA
2.3157000000e-74	0.0000000000e+00	NA
2.5628000000e-76	0.0000000000e+00	NA
2.9866000000e-78	0.0000000000e+00	NA
3.1002000000e-80	0.0000000000e+00	NA
3.4170000000e-82	0.0000000000e+00	NA
3.4126000000e-84	0.0000000000e+00	NA
3.0909000000e-86	0.0000000000e+00	NA
2.6570000000e-88	0.0000000000e+00	NA
2.1678000000e-90	0.0000000000e+00	NA
1.6784000000e-92	0.0000000000e+00	NA
1.2331000000e-94	0.0000000000e+00	NA
8.5969000000e-97	0.0000000000e+00	NA
5.6867000000e-99	0.0000000000e+00	NA
3.5690000000e-101	0.0000000000e+00	NA
2.1251000000e-103	0.0000000000e+00	NA
1.2004000000e-105	0.0000000000e+00	NA
6.4326000000e-108	0.0000000000e+00	NA
3.2699000000e-110	0.0000000000e+00	NA
1.5767000000e-112	0.0000000000e+00	NA
7.2112000000e-115	0.0000000000e+00	NA
3.1283000000e-117	0.0000000000e+00	NA
6.5868000000e-129	0.0000000000e+00	NA
7.2553000000e-123	0.0000000000e+00	NA
5.3810000000e-117	0.0000000000e+00	NA
2.7137000000e-111	0.0000000000e+00	NA
9.3530000000e-106	0.0000000000e+00	NA
2.2088000000e-100	0.0000000000e+00	NA
3.5761000000e-95	0.0000000000e+00	NA
3.9804000000e-90	0.0000000000e+00	NA
3.0435000000e-85	0.0000000000e+00	NA
1.6025000000e-80	0.0000000000e+00	NA
6.1596000000e-76	0.0000000000e+00	NA
1.6574000000e-71	0.0000000000e+00	NA
3.0780000000e-67	0.0000000000e+00	NA
4.0488000000e-63	0.0000000000e+00	NA
3.7798000000e-59	0.0000000000e+00	NA
2.6514000000e-55	0.0000000000e+00	NA
1.0948000000e-51	0.0000000000e+00	NA
3.8365000000e-48	0.0000000000e+00	NA
8.9151000000e-45	0.0000000000e+00	NA
1.7435000000e-41	1.7434000000e-41	2.4910062349e-05
1.8763000000e-38	1.8763000000e-38	0.0000000000e+00
1.6218000000e-35	1.6217000000e-35	2.6779373025e-05
1.8466000000e-32	1.8466000000e-32	0.0000000000e+00
1.7307000000e-29	1.7307000000e-29	0.0000000000e+00
2.5363000000e-27	2.5363000000e-27	0.0000000000e+00
3.9623000000e-25	3.9623000000e-25	0.0000000000e+00
1.0694000000e-22	1.0694000000e-22	0.0000000000e+00
8.4469000000e-22	8.4469000000e-22	0.0000000000e+00
2.9732000000e-20	2.9732000000e-20	0.0000000000e+00
6.5160000000e-19	6.5160000000e-19	0.0000000000e+00
9.8883000000e-18	9.8883000000e-18	0.0000000000e+00
8.5768000000e-17	8.5768000000e-17	0.0000000000e+00
4.6970000000e-16	4.6970000000e-16	0.0000000000e+00
1.6939000000e-15	1.6939000000e-15	0.0000000000e+00
4.5032000000e-15	4.5032000000e-15	0.0000000000e+00
8.7002000000e-15	8.7002000000e-15	0.0000000000e+00
1.2283000000e-14	1.2283000000e-14	0.0000000000e+00
1.3132000000e-14	1.3132000000e-14	0.0000000000e+00
1.0540000000e-14	1.0540000000e-14	0.0000000000e+00
6.3267000000e-15	6.3267000000e-15	0.0000000000e+00
2.8576000000e-15	2.8576000000e-15	0.0000000000e+00
9.7619000000e-16	9.7619000000e-16	0.0000000000e+00
2.5300000000e-16	2.5300000000e-16	0.0000000000e+00
4.9882000000e-17	4.9882000000e-17	0.0000000000e+00
7.9359000000e-18	7.9359000000e-18	0.0000000000e+00
9.7105000000e-19	9.7105000000e-19	0.0000000000e+00
1.0311000000e-19	1.0311000000e-19	0.0000000000e+00
8.8198000000e-21	8.8198000000e-21	0.0000000000e+00
6.8169000000e-22	6.8169000000e-22	0.0000000000e+00
4.9709000000e-23	4.9709000000e-23	0.0000000000e+00
3.2300000000e-24	3.2300000000e-24	0.0000000000e+00
1.6790000000e-25	1.6790000000e-25	0.0000000000e+00
1.0733000000e-26	1.0733000000e-26	0.0000000000e+00
4.7430000000e-28	4.7430000000e-28	0.0000000000e+00
2.7415000000e-29	2.7415000000e-29	0.0000000000e+00
1.2417000000e-30	1.2417000000e-30	0.0000000000e+00
6.0665000000e-32	6.0665000000e-32	0.0000000000e+00
2.5902000000e-33	2.5902000000e-33	0.0000000000e+00
9.4384000000e-35	9.4384000000e-35	0.0000000000e+00
4.5058000000e-36	4.5058000000e-36	0.0000000000e+00
1.6168000000e-37	1.6168000000e-37	0.0000000000e+00
8.1834000000e-39	8.1834000000e-39	0.0000000000e+00
2.0913000000e-40	2.0908000000e-40	1.0384603046e-04
7.1900000000e-42	7.1200000000e-42	4.2488967460e-03
2.7291000000e-43	1.8918000000e-43	1.5914422830e-01
7.9143000000e-45	0.0000000000e+00	NA
1.7539000000e-46	0.0000000000e+00	NA
6.7089000000e-48	0.0000000000e+00	NA
1.7502000000e-49	0.0000000000e+00	NA
3.4276000000e-51	0.0000000000e+00	NA
7.6834000000e-53	0.0000000000e+00	NA
1.5372000000e-54	0.0000000000e+00	NA
4.4793000000e-56	0.0000000000e+00	NA
9.1230000000e-58	0.0000000000e+00	NA
1.8051000000e-59	0.0000000000e+00	NA
3.2207000000e-61	0.0000000000e+00	NA
5.5653000000e-63	0.0000000000e+00	NA
8.9570000000e-65	0.0000000000e+00	NA
1.0521000000e-66	0.0000000000e+00	NA
1.9388000000e-68	0.0000000000e+00	NA
2.7664000000e-70	0.0000000000e+00	NA
3.6634000000e-72	0.0000000000e+00	NA
4.4159000000e-74	0.0000000000e+00	NA
5.6442000000e-76	0.0000000000e+00	NA
6.7935000000e-78	0.0000000000e+00	NA
7.3095000000e-80	0.0000000000e+00	NA
7.4659000000e-82	0.0000000000e+00	NA
7.2383000000e-84	0.0000000000e+00	NA
6.6607000000e-86	0.0000000000e+00	NA
5.8171000000e-88	0.0000000000e+00	NA
4.8213000000e-90	0.0000000000e+00	NA
3.7919000000e-92	0.0000000000e+00	NA
2.8299000000e-94	0.0000000000e+00	NA
2.0040000000e-96	0.0000000000e+00	NA
1.3464000000e-98	0.0000000000e+00	NA
8.5824000000e-101	0.0000000000e+00	NA
5.1901000000e-103	0.0000000000e+00	NA
2.9775000000e-105	0.0000000000e+00	NA
1.6204000000e-107	0.0000000000e+00	NA
8.3649000000e-110	0.0000000000e+00	NA
4.0960000000e-112	0.0000000000e+00	NA
7.4931000000e-127	0.0000000000e+00	NA
8.2675000000e-121	0.0000000000e+00	NA
6.1571000000e-115	0.0000000000e+00	NA
3.1177000000e-109	0.0000000000e+00	NA
1.0803000000e-103	0.0000000000e+00	NA
2.5682000000e-98	0.0000000000e+00	NA
4.1920000000e-93	0.0000000000e+00	NA
4.7076000000e-88	0.0000000000e+00	NA
3.6418000000e-83	0.0000000000e+00	NA
1.9439000000e-78	0.0000000000e+00	NA
7.6418000000e-74	0.0000000000e+00	NA
2.0945000000e-69	0.0000000000e+00	NA
3.9885000000e-65	0.0000000000e+00	NA
5.4149000000e-61	0.0000000000e+00	NA
5.2232000000e-57	0.0000000000e+00	NA
3.5174000000e-53	0.0000000000e+00	NA
1.8131000000e-49	0.0000000000e+00	NA
5.6978000000e-46	0.0000000000e+00	NA
1.3181000000e-42	1.3130000000e-42	1.6836339414e-03
3.6385000000e-39	3.6385000000e-39	0.0000000000e+00
4.5321000000e-36	4.5321000000e-36	0.0000000000e+00
3.2541000000e-33	3.2541000000e-33	0.0000000000e+00
2.7847000000e-30	2.7847000000e-30	0.0000000000e+00
6.9169000000e-27	6.9169000000e-27	0.0000000000e+00
4.0389000000e-24	4.0389000000e-24	0.0000000000e+00
3.7455000000e-22	3.7455000000e-22	0.0000000000e+00
2.2774000000e-20	2.2774000000e-20	0.0000000000e+00
3.6442000000e-19	3.6442000000e-19	0.0000000000e+00
9.7241000000e-18	9.7241000000e-18	0.0000000000e+00
2.0759000000e-16	2.0759000000e-16	0.0000000000e+00
7.5566000000e-15	7.5566000000e-15	0.0000000000e+00
4.6141000000e-14	4.6141000000e-14	0.0000000000e+00
1.1217000000e-13	1.1217000000e-13	0.0000000000e+00
3.6585000000e-13	3.6585000000e-13	0.0000000000e+00
8.6189000000e-13	8.6189000000e-13	0.0000000000e+00
1.4207000000e-12	1.4207000000e-12	0.0000000000e+00
1.8581000000e-12	1.8581000000e-12	0.0000000000e+00
1.8196000000e-12	1.8196000000e-12	0.0000000000e+00
1.4041000000e-12	1.4041000000e-12	0.0000000000e+00
8.1725000000e-13	8.1725000000e-13	0.0000000000e+00
3.6650000000e-13	3.6650000000e-13	0.0000000000e+00
1.2533000000e-13	1.2533000000e-13	0.0000000000e+00
3.2859000000e-14	3.2859000000e-14	0.0000000000e+00
6.8095000000e-15	6.8095000000e-15	0.0000000000e+00
1.0714000000e-15	1.0714000000e-15	0.0000000000e+00
1.4855000000e-16	1.4855000000e-16	0.0000000000e+00
1.5924000000e-17	1.5924000000e-17	0.0000000000e+00
1.5511000000e-18	1.5511000000e-18	0.0000000000e+00
1.3304000000e-19	1.3304000000e-19	0.0000000000e+00
1.0379000000e-20	1.0379000000e-20	0.0000000000e+00
7.5402000000e-22	7.5402000000e-22	0.0000000000e+00
5.3391000000e-23	5.3391000000e-23	0.0000000000e+00
3.2058000000e-24	3.2057000000e-24	1.3547359649e-05
2.1130000000e-25	2.1130000000e-25	0.0000000000e+00
1.1003000000e-26	1.1003000000e-26	0.0000000000e+00
6.0822000000e-28	6.0822000000e-28	0.0000000000e+00
2.9831000000e-29	2.9831000000e-29	0.0000000000e+00
1.7459000000e-30	1.7459000000e-30	0.0000000000e+00
7.0991000000e-32	7.0991000000e-32	0.0000000000e+00
2.8308000000e-33	2.8308000000e-33	0.0000000000e+00
1.1755000000e-34	1.1755000000e-34	0.0000000000e+00
5.0978000000e-36	5.0978000000e-36	0.0000000000e+00
2.2085000000e-37	2.2085000000e-37	0.0000000000e+00
9.7580000000e-39	9.7580000000e-39	0.0000000000e+00
3.7277000000e-40	3.7273000000e-40	4.6604371007e-05
1.0171000000e-41	1.0129000000e-41	1.7970831790e-03
3.3539000000e-43	2.3962000000e-43	1.4602704569e-01
9.7608000000e-45	0.0000000000e+00	NA
3.7565000000e-46	0.0000000000e+00	NA
1.0704000000e-47	0.0000000000e+00	NA
2.0815000000e-49	0.0000000000e+00	NA
6.4820000000e-51	0.0000000000e+00	NA
1.6370000000e-52	0.0000000000e+00	NA
3.5614000000e-54	0.0000000000e+00	NA
7.5481000000e-56	0.0000000000e+00	NA
1.5640000000e-57	0.0000000000e+00	NA
3.0137000000e-59	0.0000000000e+00	NA
5.6992000000e-61	0.0000000000e+00	NA
8.2025000000e-63	0.0000000000e+00	NA
1.5647000000e-64	0.0000000000e+00	NA
2.5130000000e-66	0.0000000000e+00	NA
3.7593000000e-68	0.0000000000e+00	NA
5.4227000000e-70	0.0000000000e+00	NA
7.1827000000e-72	0.0000000000e+00	NA
9.7891000000e-74	0.0000000000e+00	NA
1.1876000000e-75	0.0000000000e+00	NA
1.3679000000e-77	0.0000000000e+00	NA
1.4956000000e-79	0.0000000000e+00	NA
1.5522000000e-81	0.0000000000e+00	NA
1.5290000000e-83	0.0000000000e+00	NA
1.4295000000e-85	0.0000000000e+00	NA
1.2683000000e-87	0.0000000000e+00	NA
1.0678000000e-89	0.0000000000e+00	NA
8.5314000000e-92	0.0000000000e+00	NA
6.4674000000e-94	0.0000000000e+00	NA
4.6517000000e-96	0.0000000000e+00	NA
3.1744000000e-98	0.0000000000e+00	NA
2.0551000000e-100	0.0000000000e+00	NA
1.2622000000e-102	0.0000000000e+00	NA
7.3541000000e-105	0.0000000000e+00	NA
4.0645000000e-107	0.0000000000e+00	NA
5.8270000000e-125	0.0000000000e+00	NA
6.4540000000e-119	0.0000000000e+00	NA
4.8175000000e-113	0.0000000000e+00	NA
2.4532000000e-107	0.0000000000e+00	NA
8.5476000000e-102	0.0000000000e+00	NA
2.0457000000e-96	0.0000000000e+00	NA
3.3659000000e-91	0.0000000000e+00	NA
3.8189000000e-86	0.0000000000e+00	NA
2.9894000000e-81	0.0000000000e+00	NA
1.6248000000e-76	0.0000000000e+00	NA
6.4958000000e-72	0.0000000000e+00	NA
1.8168000000e-67	0.0000000000e+00	NA
3.5540000000e-63	0.0000000000e+00	NA
4.9656000000e-59	0.0000000000e+00	NA
4.9639000000e-55	0.0000000000e+00	NA
3.5239000000e-51	0.0000000000e+00	NA
1.6943000000e-47	0.0000000000e+00	NA
5.7546000000e-44	5.3249000000e-44	3.3703685106e-02
1.4493000000e-40	1.4492000000e-40	2.9966843683e-05
2.8968000000e-37	2.8968000000e-37	0.0000000000e+00
6.9057000000e-34	6.9057000000e-34	0.0000000000e+00
5.4462000000e-31	5.4462000000e-31	0.0000000000e+00
4.5434000000e-28	4.5434000000e-28	0.0000000000e+00
9.3138000000e-25	9.3138000000e-25	0.0000000000e+00
2.4845000000e-22	2.4845000000e-22	0.0000000000e+00
1.1293000000e-19	1.1294000000e-19	-3.8455260299e-05
3.4515000000e-17	3.4515000000e-17	0.0000000000e+00
4.3187000000e-16	4.3187000000e-16	0.0000000000e+00
6.4187000000e-15	6.4187000000e-15	0.0000000000e+00
9.7340000000e-14	9.7340000000e-14	0.0000000000e+00
3.1269000000e-12	3.1269000000e-12	0.0000000000e+00
7.4139000000e-12	7.4139000000e-12	0.0000000000e+00
2.2315000000e-11	2.2315000000e-11	0.0000000000e+00
5.9037000000e-11	5.9037000000e-11	0.0000000000e+00
1.1738000000e-10	1.1738000000e-10	0.0000000000e+00
1.7449000000e-10	1.7449000000e-10	0.0000000000e+00
2.0617000000e-10	2.0617000000e-10	0.0000000000e+00
1.7954000000e-10	1.7954000000e-10	0.0000000000e+00
1.2913000000e-10	1.2913000000e-10	0.0000000000e+00
7.3347000000e-11	7.3347000000e-11	0.0000000000e+00
3.2318000000e-11	3.2318000000e-11	0.0000000000e+00
1.1137000000e-11	1.1137000000e-11	0.0000000000e+00
2.9808000000e-12	2.9808000000e-12	0.0000000000e+00
6.3130000000e-13	6.3130000000e-13	0.0000000000e+00
1.0784000000e-13	1.0784000000e-13	0.0000000000e+00
1.4935000000e-14	1.4935000000e-14	0.0000000000e+00
1.8670000000e-15	1.8670000000e-15	0.0000000000e+00
2.0204000000e-16	2.0204000000e-16	0.0000000000e+00
1.8612000000e-17	1.8612000000e-17	0.0000000000e+00
1.6585000000e-18	1.6585000000e-18	0.0000000000e+00
1.4271000000e-19	1.4271000000e-19	0.0000000000e+00
1.1072000000e-20	1.1072000000e-20	0.0000000000e+00
7.9474000000e-22	7.9474000000e-22	0.0000000000e+00
5.5281000000e-23	5.5281000000e-23	0.0000000000e+00
3.7238000000e-24	3.7238000000e-24	0.0000000000e+00
2.1405000000e-25	2.1405000000e-25	0.0000000000e+00
1.2867000000e-26	1.2867000000e-26	0.0000000000e+00
7.9830000000e-28	7.9830000000e-28	0.0000000000e+00
3.6943000000e-29	3.6943000000e-29	0.0000000000e+00
1.6616000000e-30	1.6616000000e-30	0.0000000000e+00
8.1155000000e-32	8.1155000000e-32	0.0000000000e+00
4.0033000000e-33	4.0033000000e-33	0.0000000000e+00
1.8859000000e-34	1.8859000000e-34	0.0000000000e+00
1.0337000000e-35	1.0337000000e-35	0.0000000000e+00
3.3268000000e-37	3.3268000000e-37	0.0000000000e+00
1.1992000000e-38	1.1992000000e-38	0.0000000000e+00
5.5035000000e-40	5.5031000000e-40	3.1566113575e-05
1.1580000000e-41	1.1531000000e-41	1.8415872529e-03
4.8508000000e-43	3.9517000000e-43	8.9029401932e-02
1.8904000000e-44	0.0000000000e+00	NA
5.7018000000e-46	0.0000000000e+00	NA
1.5888000000e-47	0.0000000000e+00	NA
3.9901000000e-49	0.0000000000e+00	NA
9.7315000000e-51	0.0000000000e+00	NA
2.5633000000e-52	0.0000000000e+00	NA
5.9919000000e-54	0.0000000000e+00	NA
1.3041000000e-55	0.0000000000e+00	NA
2.6461000000e-57	0.0000000000e+00	NA
5.1958000000e-59	0.0000000000e+00	NA
9.6389000000e-61	0.0000000000e+00	NA
1.7371000000e-62	0.0000000000e+00	NA
2.8575000000e-64	0.0000000000e+00	NA
4.7042000000e-66	0.0000000000e+00	NA
7.0870000000e-68	0.0000000000e+00	NA
1.0699000000e-69	0.0000000000e+00	NA
1.4636000000e-71	0.0000000000e+00	NA
1.9009000000e-73	0.0000000000e+00	NA
2.3438000000e-75	0.0000000000e+00	NA
2.7434000000e-77	0.0000000000e+00	NA
3.0479000000e-79	0.0000000000e+00	NA
3.2141000000e-81	0.0000000000e+00	NA
3.2168000000e-83	0.0000000000e+00	NA
3.0553000000e-85	0.0000000000e+00	NA
2.7539000000e-87	0.0000000000e+00	NA
2.3553000000e-89	0.0000000000e+00	NA
1.9115000000e-91	0.0000000000e+00	NA
1.4718000000e-93	0.0000000000e+00	NA
1.0753000000e-95	0.0000000000e+00	NA
7.4527000000e-98	0.0000000000e+00	NA
4.9004000000e-100	0.0000000000e+00	NA
3.0567000000e-102	0.0000000000e+00	NA
3.0968000000e-123	0.0000000000e+00	NA
3.4414000000e-117	0.0000000000e+00	NA
2.5793000000e-111	0.0000000000e+00	NA
1.3184000000e-105	0.0000000000e+00	NA
4.6199000000e-100	0.0000000000e+00	NA
1.1130000000e-94	0.0000000000e+00	NA
1.8472000000e-89	0.0000000000e+00	NA
2.1162000000e-84	0.0000000000e+00	NA
1.6776000000e-79	0.0000000000e+00	NA
9.2711000000e-75	0.0000000000e+00	NA
3.7639000000e-70	0.0000000000e+00	NA
1.0732000000e-65	0.0000000000e+00	NA
2.1558000000e-61	0.0000000000e+00	NA
3.0892000000e-57	0.0000000000e+00	NA
3.2036000000e-53	0.0000000000e+00	NA
2.3601000000e-49	0.0000000000e+00	NA
1.2120000000e-45	0.0000000000e+00	NA
3.7454000000e-42	3.7373000000e-42	9.4024527977e-04
9.9281000000e-39	9.9281000000e-39	0.0000000000e+00
1.9850000000e-35	1.9850000000e-35	0.0000000000e+00
3.0879000000e-32	3.0879000000e-32	0.0000000000e+00
3.4342000000e-29	3.4342000000e-29	0.0000000000e+00
4.9577000000e-26	4.9577000000e-26	0.0000000000e+00
1.3684000000e-22	1.3684000000e-22	0.0000000000e+00
3.0393000000e-20	3.0393000000e-20	0.0000000000e+00
2.2802000000e-17	2.2802000000e-17	0.0000000000e+00
1.1109000000e-14	1.1109000000e-14	0.0000000000e+00
7.2773000000e-13	7.2773000000e-13	0.0000000000e+00
4.1940000000e-12	4.1940000000e-12	0.0000000000e+00
6.4102000000e-11	6.4102000000e-11	0.0000000000e+00
2.0380000000e-09	2.0380000000e-09	0.0000000000e+00
1.8814000000e-09	1.8814000000e-09	0.0000000000e+00
3.3834000000e-09	3.3834000000e-09	0.0000000000e+00
7.2381000000e-09	7.2381000000e-09	0.0000000000e+00
1.1404000000e-08	1.1404000000e-08	0.0000000000e+00
1.5253000000e-08	1.5253000000e-08	0.0000000000e+00
1.6088000000e-08	1.6088000000e-08	0.0000000000e+00
1.2655000000e-08	1.2655000000e-08	0.0000000000e+00
8.3266000000e-09	8.3266000000e-09	0.0000000000e+00
4.5958000000e-09	4.5958000000e-09	0.0000000000e+00
1.9881000000e-09	1.9881000000e-09	0.0000000000e+00
6.8942000000e-10	6.8942000000e-10	0.0000000000e+00
1.8915000000e-10	1.8915000000e-10	0.0000000000e+00
4.1772000000e-11	4.1772000000e-11	0.0000000000e+00
7.6253000000e-12	7.6253000000e-12	0.0000000000e+00
1.1515000000e-12	1.1515000000e-12	0.0000000000e+00
1.5526000000e-13	1.5526000000e-13	0.0000000000e+00
1.7940000000e-14	1.7940000000e-14	0.0000000000e+00
2.0027000000e-15	2.0027000000e-15	0.0000000000e+00
2.0237000000e-16	2.0237000000e-16	0.0000000000e+00
1.8848000000e-17	1.8848000000e-17	0.0000000000e+00
1.5276000000e-18	1.5276000000e-18	0.0000000000e+00
1.3013000000e-19	1.3013000000e-19	0.0000000000e+00
1.0509000000e-20	1.0509000000e-20	0.0000000000e+00
7.4038000000e-22	7.4038000000e-22	0.0000000000e+00
4.9706000000e-23	4.9706000000e-23	0.0000000000e+00
3.3245000000e-24	3.3245000000e-24	0.0000000000e+00
2.0065000000e-25	2.0065000000e-25	0.0000000000e+00
1.1662000000e-26	1.1662000000e-26	0.0000000000e+00
9.1560000000e-28	9.1560000000e-28	0.0000000000e+00
3.7544000000e-29	3.7544000000e-29	0.0000000000e+00
2.0322000000e-30	2.0322000000e-30	0.0000000000e+00
1.4665000000e-31	1.4665000000e-31	0.0000000000e+00
4.6447000000e-33	4.6447000000e-33	0.0000000000e+00
1.9915000000e-34	1.9915000000e-34	0.0000000000e+00
9.4327000000e-36	9.4327000000e-36	0.0000000000e+00
3.4448000000e-37	3.4448000000e-37	0.0000000000e+00
1.3040000000e-38	1.3040000000e-38	0.0000000000e+00
6.6648000000e-40	6.6646000000e-40	1.3032679098e-05
2.0180000000e-41	2.0116000000e-41	1.3795349520e-03
7.0926000000e-43	6.3619000000e-43	4.7218629382e-02
2.7467000000e-44	0.0000000000e+00	NA
8.0577000000e-46	0.0000000000e+00	NA
2.2508000000e-47	0.0000000000e+00	NA
6.1673000000e-49	0.0000000000e+00	NA
1.6762000000e-50	0.0000000000e+00	NA
3.4935000000e-52	0.0000000000e+00	NA
9.6743000000e-54	0.0000000000e+00	NA
2.1454000000e-55	0.0000000000e+00	NA
4.4456000000e-57	0.0000000000e+00	NA
8.9857000000e-59	0.0000000000e+00	NA
1.6859000000e-60	0.0000000000e+00	NA
3.0969000000e-62	0.0000000000e+00	NA
5.2265000000e-64	0.0000000000e+00	NA
8.8674000000e-66	0.0000000000e+00	NA
1.3678000000e-67	0.0000000000e+00	NA
2.0032000000e-69	0.0000000000e+00	NA
2.7854000000e-71	0.0000000000e+00	NA
3.6769000000e-73	0.0000000000e+00	NA
4.6074000000e-75	0.0000000000e+00	NA
5.4801000000e-77	0.0000000000e+00	NA
6.1865000000e-79	0.0000000000e+00	NA
6.6285000000e-81	0.0000000000e+00	NA
6.7399000000e-83	0.0000000000e+00	NA
6.5035000000e-85	0.0000000000e+00	NA
5.9548000000e-87	0.0000000000e+00	NA
5.1736000000e-89	0.0000000000e+00	NA
4.2648000000e-91	0.0000000000e+00	NA
3.3356000000e-93	0.0000000000e+00	NA
2.4751000000e-95	0.0000000000e+00	NA
1.7424000000e-97	0.0000000000e+00	NA
1.1246000000e-121	0.0000000000e+00	NA
1.2531000000e-115	0.0000000000e+00	NA
9.4242000000e-110	0.0000000000e+00	NA
4.8364000000e-104	0.0000000000e+00	NA
1.7046000000e-98	0.0000000000e+00	NA
4.1292000000e-93	0.0000000000e+00	NA
6.9091000000e-88	0.0000000000e+00	NA
7.9873000000e-83	0.0000000000e+00	NA
6.4110000000e-78	0.0000000000e+00	NA
3.5926000000e-73	0.0000000000e+00	NA
1.4785000000e-68	0.0000000000e+00	NA
4.2853000000e-64	0.0000000000e+00	NA
8.7952000000e-60	0.0000000000e+00	NA
1.2867000000e-55	0.0000000000e+00	NA
1.3744000000e-51	0.0000000000e+00	NA
1.0400000000e-47	0.0000000000e+00	NA
5.6264000000e-44	5.1848000000e-44	3.5498595960e-02
1.8685000000e-40	1.8684000000e-40	2.3243569911e-05
4.7595000000e-37	4.7595000000e-37	0.0000000000e+00
1.0240000000e-33	1.0240000000e-33	0.0000000000e+00
1.5648000000e-30	1.5648000000e-30	0.0000000000e+00
2.1585000000e-27	2.1585000000e-27	0.0000000000e+00
2.3605000000e-24	2.3605000000e-24	0.0000000000e+00
2.6966000000e-21	2.6966000000e-21	0.0000000000e+00
2.6032000000e-18	2.6032000000e-18	0.0000000000e+00
2.9075000000e-15	2.9075000000e-15	0.0000000000e+00
1.1130000000e-12	1.1130000000e-12	0.0000000000e+00
1.3320000000e-10	1.3320000000e-10	0.0000000000e+00
2.6341000000e-09	2.6341000000e-09	0.0000000000e+00
9.1790000000e-08	9.1790000000e-08	0.0000000000e+00
3.4914000000e-07	3.4914000000e-07	0.0000000000e+00
1.6483000000e-07	1.6483000000e-07	0.0000000000e+00
3.7241000000e-07	3.7241000000e-07	0.0000000000e+00
6.6379000000e-07	6.6379000000e-07	0.0000000000e+00
8.8984000000e-07	8.8984000000e-07	0.0000000000e+00
8.2033000000e-07	8.2033000000e-07	0.0000000000e+00
7.4806000000e-07	7.4806000000e-07	0.0000000000e+00
5.7377000000e-07	5.7377000000e-07	0.0000000000e+00
3.6530000000e-07	3.6530000000e-07	0.0000000000e+00
1.9669000000e-07	1.9669000000e-07	0.0000000000e+00
8.4828000000e-08	8.4828000000e-08	0.0000000000e+00
2.9655000000e-08	2.9655000000e-08	0.0000000000e+00
8.3990000000e-09	8.3990000000e-09	0.0000000000e+00
1.9533000000e-09	1.9533000000e-09	0.0000000000e+00
3.7891000000e-10	3.7891000000e-10	0.0000000000e+00
6.2987000000e-11	6.2987000000e-11	0.0000000000e+00
9.3195000000e-12	9.3195000000e-12	0.0000000000e+00
1.2199000000e-12	1.2199000000e-12	0.0000000000e+00
1.4540000000e-13	1.4541000000e-13	-2.9867919403e-05
1.6705000000e-14	1.6705000000e-14	0.0000000000e+00
1.7373000000e-15	1.7373000000e-15	0.0000000000e+00
1.7805000000e-16	1.7805000000e-16	0.0000000000e+00
1.8059000000e-17	1.8059000000e-17	0.0000000000e+00
1.4808000000e-18	1.4808000000e-18	0.0000000000e+00
1.2093000000e-19	1.2093000000e-19	0.0000000000e+00
9.8042000000e-21	9.8042000000e-21	0.0000000000e+00
7.5279000000e-22	7.5279000000e-22	0.0000000000e+00
5.2791000000e-23	5.2791000000e-23	0.0000000000e+00
3.6550000000e-24	3.6550000000e-24	0.0000000000e+00
2.4760000000e-25	2.4760000000e-25	0.0000000000e+00
1.4782000000e-26	1.4782000000e-26	0.0000000000e+00
8.5122000000e-28	8.5122000000e-28	0.0000000000e+00
5.2047000000e-29	5.2047000000e-29	0.0000000000e+00
3.2618000000e-30	3.2618000000e-30	0.0000000000e+00
1.0305000000e-31	1.0306000000e-31	-4.2142009824e-05
4.2697000000e-33	4.2697000000e-33	0.0000000000e+00
1.9932000000e-34	1.9932000000e-34	0.0000000000e+00
9.8835000000e-36	9.8835000000e-36	0.0000000000e+00
5.4539000000e-37	5.4539000000e-37	0.0000000000e+00
1.8774000000e-38	1.8774000000e-38	0.0000000000e+00
9.7471000000e-40	9.7467000000e-40	1.7822876277e-05
3.4876000000e-41	3.4826000000e-41	6.2307330693e-04
9.1670000000e-43	8.5900000000e-43	2.8234067519e-02
3.8575000000e-44	0.0000000000e+00	NA
1.0267000000e-45	0.0000000000e+00	NA
3.4101000000e-47	0.0000000000e+00	NA
9.8023000000e-49	0.0000000000e+00	NA
2.6395000000e-50	0.0000000000e+00	NA
6.5624000000e-52	0.0000000000e+00	NA
1.5511000000e-53	0.0000000000e+00	NA
3.4880000000e-55	0.0000000000e+00	NA
7.5030000000e-57	0.0000000000e+00	NA
1.5363000000e-58	0.0000000000e+00	NA
3.0344000000e-60	0.0000000000e+00	NA
5.5527000000e-62	0.0000000000e+00	NA
9.6911000000e-64	0.0000000000e+00	NA
1.6006000000e-65	0.0000000000e+00	NA
2.5098000000e-67	0.0000000000e+00	NA
3.7365000000e-69	0.0000000000e+00	NA
5.2807000000e-71	0.0000000000e+00	NA
7.0843000000e-73	0.0000000000e+00	NA
9.0211000000e-75	0.0000000000e+00	NA
1.0903000000e-76	0.0000000000e+00	NA
1.2506000000e-78	0.0000000000e+00	NA
1.3614000000e-80	0.0000000000e+00	NA
1.4064000000e-82	0.0000000000e+00	NA
1.3786000000e-84	0.0000000000e+00	NA
1.2823000000e-86	0.0000000000e+00	NA
1.1317000000e-88	0.0000000000e+00	NA
9.4759000000e-91	0.0000000000e+00	NA
7.5278000000e-93	0.0000000000e+00	NA
2.7936000000e-120	0.0000000000e+00	NA
3.1194000000e-114	0.0000000000e+00	NA
2.3520000000e-108	0.0000000000e+00	NA
1.2108000000e-102	0.0000000000e+00	NA
4.2828000000e-97	0.0000000000e+00	NA
1.0439000000e-91	0.0000000000e+00	NA
1.7585000000e-86	0.0000000000e+00	NA
2.0497000000e-81	0.0000000000e+00	NA
1.6612000000e-76	0.0000000000e+00	NA
9.4197000000e-72	0.0000000000e+00	NA
3.9187000000e-67	0.0000000000e+00	NA
1.1499000000e-62	0.0000000000e+00	NA
2.3921000000e-58	0.0000000000e+00	NA
3.5461000000e-54	0.0000000000e+00	NA
3.8270000000e-50	0.0000000000e+00	NA
2.9625000000e-46	0.0000000000e+00	NA
1.4120000000e-42	1.4055000000e-42	2.0038467723e-03
5.5135000000e-39	5.5135000000e-39	0.0000000000e+00
1.6584000000e-35	1.6584000000e-35	0.0000000000e+00
3.3298000000e-32	3.3298000000e-32	0.0000000000e+00
5.2937000000e-29	5.2937000000e-29	0.0000000000e+00
7.3920000000e-26	7.3920000000e-26	0.0000000000e+00
7.3115000000e-23	7.3115000000e-23	0.0000000000e+00
7.7221000000e-20	7.7221000000e-20	0.0000000000e+00
8.8878000000e-17	8.8878000000e-17	0.0000000000e+00
1.0790000000e-13	1.0790000000e-13	0.0000000000e+00
2.1378000000e-11	2.1378000000e-11	0.0000000000e+00
1.3023000000e-08	1.3023000000e-08	0.0000000000e+00
9.6648000000e-05	9.6648000000e-05	0.0000000000e+00
2.8322000000e-04	2.8322000000e-04	0.0000000000e+00
6.2005000000e-05	6.2005000000e-05	0.0000000000e+00
3.4121000000e-05	3.4121000000e-05	0.0000000000e+00
3.9769000000e-05	3.9769000000e-05	0.0000000000e+00
4.1876000000e-05	4.1876000000e-05	0.0000000000e+00
4.0355000000e-05	4.0355000000e-05	0.0000000000e+00
3.3744000000e-05	3.3744000000e-05	0.0000000000e+00
2.6201000000e-05	2.6201000000e-05	0.0000000000e+00
1.7934000000e-05	1.7934000000e-05	0.0000000000e+00
1.0939000000e-05	1.0939000000e-05	0.0000000000e+00
5.7495000000e-06	5.7495000000e-06	0.0000000000e+00
2.4549000000e-06	2.4549000000e-06	0.0000000000e+00
8.8083000000e-07	8.8083000000e-07	0.0000000000e+00
2.6259000000e-07	2.6259000000e-07	0.0000000000e+00
6.4937000000e-08	6.4937000000e-08	0.0000000000e+00
1.3687000000e-08	1.3687000000e-08	0.0000000000e+00
2.4880000000e-09	2.4880000000e-09	0.0000000000e+00
4.0670000000e-10	4.0670000000e-10	0.0000000000e+00
6.1145000000e-11	6.1145000000e-11	0.0000000000e+00
8.4101000000e-12	8.4101000000e-12	0.0000000000e+00
1.0641000000e-12	1.0641000000e-12	0.0000000000e+00
1.2029000000e-13	1.2029000000e-13	0.0000000000e+00
1.4262000000e-14	1.4262000000e-14	0.0000000000e+00
1.5929000000e-15	1.5929000000e-15	0.0000000000e+00
1.4841000000e-16	1.4841000000e-16	0.0000000000e+00
1.3961000000e-17	1.3961000000e-17	0.0000000000e+00
1.3076000000e-18	1.3076000000e-18	0.0000000000e+00
1.2123000000e-19	1.2123000000e-19	0.0000000000e+00
8.9780000000e-21	8.9780000000e-21	0.0000000000e+00
7.0762000000e-22	7.0762000000e-22	0.0000000000e+00
5.0027000000e-23	5.0027000000e-23	0.0000000000e+00
3.6315000000e-24	3.6315000000e-24	0.0000000000e+00
2.7420000000e-25	2.7420000000e-25	0.0000000000e+00
2.0392000000e-26	2.0392000000e-26	0.0000000000e+00
9.0211000000e-28	9.0211000000e-28	0.0000000000e+00
5.5562000000e-29	5.5562000000e-29	0.0000000000e+00
2.3389000000e-30	2.3389000000e-30	0.0000000000e+00
9.8385000000e-32	9.8385000000e-32	0.0000000000e+00
5.0516000000e-33	5.0516000000e-33	0.0000000000e+00
2.7681000000e-34	2.7681000000e-34	0.0000000000e+00
1.3924000000e-35	1.3924000000e-35	0.0000000000e+00
7.8167000000e-37	7.8167000000e-37	0.0000000000e+00
2.9460000000e-38	2.9460000000e-38	0.0000000000e+00
1.1517000000e-39	1.1517000000e-39	0.0000000000e+00
4.6428000000e-41	4.6379000000e-41	4.5859539885e-04
1.6833000000e-42	1.6171000000e-42	1.7424646309e-02
5.4468000000e-44	0.0000000000e+00	NA
1.8021000000e-45	0.0000000000e+00	NA
5.3153000000e-47	0.0000000000e+00	NA
1.5285000000e-48	0.0000000000e+00	NA
4.0674000000e-50	0.0000000000e+00	NA
1.0372000000e-51	0.0000000000e+00	NA
2.5066000000e-53	0.0000000000e+00	NA
5.7805000000e-55	0.0000000000e+00	NA
1.2698000000e-56	0.0000000000e+00	NA
2.6530000000e-58	0.0000000000e+00	NA
5.2040000000e-60	0.0000000000e+00	NA
9.6931000000e-62	0.0000000000e+00	NA
1.7143000000e-63	0.0000000000e+00	NA
2.8784000000e-65	0.0000000000e+00	NA
4.5882000000e-67	0.0000000000e+00	NA
6.9428000000e-69	0.0000000000e+00	NA
9.9725000000e-71	0.0000000000e+00	NA
1.3596000000e-72	0.0000000000e+00	NA
1.7593000000e-74	0.0000000000e+00	NA
2.1606000000e-76	0.0000000000e+00	NA
2.5180000000e-78	0.0000000000e+00	NA
2.7849000000e-80	0.0000000000e+00	NA
2.9227000000e-82	0.0000000000e+00	NA
2.9104000000e-84	0.0000000000e+00	NA
2.7499000000e-86	0.0000000000e+00	NA
2.4652000000e-88	0.0000000000e+00	NA
4.7352000000e-119	0.0000000000e+00	NA
5.2951000000e-113	0.0000000000e+00	NA
4.0043000000e-107	0.0000000000e+00	NA
2.0680000000e-101	0.0000000000e+00	NA
7.3408000000e-96	0.0000000000e+00	NA
1.7963000000e-90	0.0000000000e+00	NA
3.0389000000e-85	0.0000000000e+00	NA
3.5653000000e-80	0.0000000000e+00	NA
2.9120000000e-75	0.0000000000e+00	NA
1.6679000000e-70	0.0000000000e+00	NA
6.9883000000e-66	0.0000000000e+00	NA
2.0682000000e-61	0.0000000000e+00	NA
4.3334000000e-57	0.0000000000e+00	NA
6.4395000000e-53	0.0000000000e+00	NA
6.9221000000e-49	0.0000000000e+00	NA
5.2760000000e-45	0.0000000000e+00	NA
3.0514000000e-41	3.0510000000e-41	5.6934253084e-05
1.2417000000e-37	1.2417000000e-37	0.0000000000e+00
3.4802000000e-34	3.4802000000e-34	0.0000000000e+00
6.7292000000e-31	6.7292000000e-31	0.0000000000e+00
1.1805000000e-27	1.1805000000e-27	0.0000000000e+00
1.4588000000e-24	1.4588000000e-24	0.0000000000e+00
1.4561000000e-21	1.4561000000e-21	0.0000000000e+00
1.2514000000e-18	1.2514000000e-18	0.0000000000e+00
1.4030000000e-15	1.4030000000e-15	0.0000000000e+00
1.5693000000e-12	1.5693000000e-12	0.0000000000e+00
1.2892000000e-09	1.2892000000e-09	0.0000000000e+00
1.3634000000e-04	1.3634000000e-04	0.0000000000e+00
3.0633000000e+02	3.0633000000e+02	0.0000000000e+00
3.3124000000e+00	3.3124000000e+00	0.0000000000e+00
5.6347000000e-02	5.6347000000e-02	0.0000000000e+00
1.7061000000e-02	1.7061000000e-02	0.0000000000e+00
3.8168000000e-03	3.8168000000e-03	0.0000000000e+00
2.1186000000e-03	2.1186000000e-03	0.0000000000e+00
1.4153000000e-03	1.4153000000e-03	0.0000000000e+00
9.1806000000e-04	9.1806000000e-04	0.0000000000e+00
6.1476000000e-04	6.1476000000e-04	0.0000000000e+00
3.8934000000e-04	3.8934000000e-04	0.0000000000e+00
2.2351000000e-04	2.2351000000e-04	0.0000000000e+00
1.1376000000e-04	1.1376000000e-04	0.0000000000e+00
5.0458000000e-05	5.0458000000e-05	0.0000000000e+00
1.8669000000e-05	1.8669000000e-05	0.0000000000e+00
5.8166000000e-06	5.8166000000e-06	0.0000000000e+00
1.5393000000e-06	1.5393000000e-06	0.0000000000e+00
3.5433000000e-07	3.5433000000e-07	0.0000000000e+00
7.2053000000e-08	7.2053000000e-08	0.0000000000e+00
1.3235000000e-08	1.3235000000e-08	0.0000000000e+00
2.1945000000e-09	2.1945000000e-09	0.0000000000e+00
3.4574000000e-10	3.4574000000e-10	0.0000000000e+00
5.0532000000e-11	5.0532000000e-11	0.0000000000e+00
6.7392000000e-12	6.7392000000e-12	0.0000000000e+00
8.9669000000e-13	8.9669000000e-13	0.0000000000e+00
1.1040000000e-13	1.1040000000e-13	0.0000000000e+00
1.1833000000e-14	1.1833000000e-14	0.0000000000e+00
1.2828000000e-15	1.2828000000e-15	0.0000000000e+00
1.3355000000e-16	1.3355000000e-16	0.0000000000e+00
1.3979000000e-17	1.3979000000e-17	0.0000000000e+00
1.2102000000e-18	1.2102000000e-18	0.0000000000e+00
1.0578000000e-19	1.0578000000e-19	0.0000000000e+00
9.2933000000e-21	9.2933000000e-21	0.0000000000e+00
6.9300000000e-22	6.9300000000e-22	0.0000000000e+00
5.2043000000e-23	5.2043000000e-23	0.0000000000e+00
4.0758000000e-24	4.0758000000e-24	0.0000000000e+00
2.5405000000e-25	2.5405000000e-25	0.0000000000e+00
1.5254000000e-26	1.5254000000e-26	0.0000000000e+00
7.5363000000e-28	7.5363000000e-28	0.0000000000e+00
4.0598000000e-29	4.0598000000e-29	0.0000000000e+00
2.2163000000e-30	2.2163000000e-30	0.0000000000e+00
1.4677000000e-31	1.4677000000e-31	0.0000000000e+00
8.2163000000e-33	8.2164000000e-33	-5.2857349298e-06
4.7765000000e-34	4.7765000000e-34	0.0000000000e+00
2.3665000000e-35	2.3665000000e-35	0.0000000000e+00
1.1555000000e-36	1.1555000000e-36	0.0000000000e+00
3.5572000000e-38	3.5572000000e-38	0.0000000000e+00
1.4286000000e-39	1.4285000000e-39	3.0401069762e-05
5.9480000000e-41	5.9439000000e-41	2.9946559362e-04
1.9783000000e-42	1.8904000000e-42	1.9738442371e-02
7.8722000000e-44	9.8091000000e-45	9.0446695717e-01
2.3895000000e-45	0.0000000000e+00	NA
8.0564000000e-47	0.0000000000e+00	NA
2.3152000000e-48	0.0000000000e+00	NA
6.3138000000e-50	0.0000000000e+00	NA
1.6216000000e-51	0.0000000000e+00	NA
4.0753000000e-53	0.0000000000e+00	NA
9.5686000000e-55	0.0000000000e+00	NA
2.1171000000e-56	0.0000000000e+00	NA
4.4477000000e-58	0.0000000000e+00	NA
8.8723000000e-60	0.0000000000e+00	NA
1.6803000000e-61	0.0000000000e+00	NA
3.0213000000e-63	0.0000000000e+00	NA
5.1570000000e-65	0.0000000000e+00	NA
8.3559000000e-67	0.0000000000e+00	NA
1.2851000000e-68	0.0000000000e+00	NA
1.8759000000e-70	0.0000000000e+00	NA
2.5990000000e-72	0.0000000000e+00	NA
3.4174000000e-74	0.0000000000e+00	NA
4.2642000000e-76	0.0000000000e+00	NA
5.0493000000e-78	0.0000000000e+00	NA
5.6734000000e-80	0.0000000000e+00	NA
6.0487000000e-82	0.0000000000e+00	NA
6.1188000000e-84	0.0000000000e+00	NA
5.4909000000e-118	0.0000000000e+00	NA
6.1519000000e-112	0.0000000000e+00	NA
4.6562000000e-106	0.0000000000e+00	NA
2.4073000000e-100	0.0000000000e+00	NA
8.5653000000e-95	0.0000000000e+00	NA
2.1032000000e-89	0.0000000000e+00	NA
3.5711000000e-84	0.0000000000e+00	NA
4.2058000000e-79	0.0000000000e+00	NA
3.4495000000e-74	0.0000000000e+00	NA
1.9906000000e-69	0.0000000000e+00	NA
8.3753000000e-65	0.0000000000e+00	NA
2.4910000000e-60	0.0000000000e+00	NA
5.2477000000e-56	0.0000000000e+00	NA
7.8444000000e-52	0.0000000000e+00	NA
8.5320000000e-48	0.0000000000e+00	NA
7.0748000000e-44	5.8855000000e-44	7.9930803108e-02
4.3016000000e-40	4.3015000000e-40	1.0096232333e-05
1.6078000000e-36	1.6078000000e-36	0.0000000000e+00
4.5502000000e-33	4.5502000000e-33	0.0000000000e+00
1.0051000000e-29	1.0051000000e-29	0.0000000000e+00
1.6779000000e-26	1.6779000000e-26	0.0000000000e+00
2.1542000000e-23	2.1542000000e-23	0.0000000000e+00
2.2633000000e-20	2.2633000000e-20	0.0000000000e+00
2.0615000000e-17	2.0615000000e-17	0.0000000000e+00
1.7467000000e-14	1.7467000000e-14	0.0000000000e+00
2.3342000000e-11	2.3342000000e-11	0.0000000000e+00
5.9366000000e-08	5.9366000000e-08	0.0000000000e+00
2.8403000000e-03	2.8403000000e-03	0.0000000000e+00
2.1355000000e+01	2.1355000000e+01	0.0000000000e+00
6.4136000000e+01	6.4136000000e+01	0.0000000000e+00
6.5790000000e+00	6.5790000000e+00	0.0000000000e+00
7.6007000000e-01	7.6007000000e-01	0.0000000000e+00
1.6844000000e-01	1.6844000000e-01	0.0000000000e+00
6.3264000000e-02	6.3264000000e-02	0.0000000000e+00
3.0097000000e-02	3.0097000000e-02	0.0000000000e+00
1.7050000000e-02	1.7050000000e-02	0.0000000000e+00
9.7488000000e-03	9.7488000000e-03	0.0000000000e+00
5.5607000000e-03	5.5607000000e-03	0.0000000000e+00
3.0956000000e-03	3.0956000000e-03	0.0000000000e+00
1.5787000000e-03	1.5787000000e-03	0.0000000000e+00
7.2027000000e-04	7.2027000000e-04	0.0000000000e+00
2.7420000000e-04	2.7420000000e-04	0.0000000000e+00
9.1088000000e-05	9.1088000000e-05	0.0000000000e+00
2.6284000000e-05	2.6284000000e-05	0.0000000000e+00
6.6663000000e-06	6.6663000000e-06	0.0000000000e+00
1.5316000000e-06	1.5316000000e-06	0.0000000000e+00
3.1121000000e-07	3.1121000000e-07	0.0000000000e+00
5.9630000000e-08	5.9630000000e-08	0.0000000000e+00
1.0556000000e-08	1.0556000000e-08	0.0000000000e+00
1.7527000000e-09	1.7527000000e-09	0.0000000000e+00
2.7461000000e-10	2.7461000000e-10	0.0000000000e+00
4.0527000000e-11	4.0527000000e-11	0.0000000000e+00
5.6713000000e-12	5.6713000000e-12	0.0000000000e+00
7.2576000000e-13	7.2576000000e-13	0.0000000000e+00
8.9593000000e-14	8.9593000000e-14	0.0000000000e+00
1.0481000000e-14	1.0481000000e-14	0.0000000000e+00
1.2159000000e-15	1.2159000000e-15	0.0000000000e+00
1.1758000000e-16	1.1758000000e-16	0.0000000000e+00
1.2245000000e-17	1.2245000000e-17	0.0000000000e+00
1.1290000000e-18	1.1290000000e-18	0.0000000000e+00
1.0641000000e-19	1.0641000000e-19	0.0000000000e+00
8.9924000000e-21	8.9924000000e-21	0.0000000000e+00
8.0212000000e-22	8.0212000000e-22	0.0000000000e+00
5.3152000000e-23	5.3152000000e-23	0.0000000000e+00
3.6222000000e-24	3.6222000000e-24	0.0000000000e+00
2.1934000000e-25	2.1934000000e-25	0.0000000000e+00
1.3740000000e-26	1.3740000000e-26	0.0000000000e+00
8.3925000000e-28	8.3925000000e-28	0.0000000000e+00
6.5320000000e-29	6.5320000000e-29	0.0000000000e+00
4.1414000000e-30	4.1413000000e-30	1.0486785273e-05
2.2031000000e-31	2.2031000000e-31	0.0000000000e+00
1.2647000000e-32	1.2647000000e-32	0.0000000000e+00
5.2543000000e-34	5.2542000000e-34	8.2655846585e-06
2.4236000000e-35	2.4236000000e-35	0.0000000000e+00
1.0621000000e-36	1.0621000000e-36	0.0000000000e+00
6.2958000000e-38	6.2958000000e-38	0.0000000000e+00
2.5804000000e-39	2.5804000000e-39	0.0000000000e+00
8.7588000000e-41	8.7508000000e-41	3.9685156680e-04
3.5400000000e-42	3.4206000000e-42	1.4900970638e-02
1.2060000000e-43	6.4460000000e-44	2.7205700663e-01
3.9188000000e-45	0.0000000000e+00	NA
1.2036000000e-46	0.0000000000e+00	NA
3.5156000000e-48	0.0000000000e+00	NA
9.9392000000e-50	0.0000000000e+00	NA
2.6126000000e-51	0.0000000000e+00	NA
6.5213000000e-53	0.0000000000e+00	NA
1.5456000000e-54	0.0000000000e+00	NA
3.4782000000e-56	0.0000000000e+00	NA
7.4312000000e-58	0.0000000000e+00	NA
1.5073000000e-59	0.0000000000e+00	NA
2.9025000000e-61	0.0000000000e+00	NA
5.3053000000e-63	0.0000000000e+00	NA
9.2050000000e-65	0.0000000000e+00	NA
1.5159000000e-66	0.0000000000e+00	NA
2.3695000000e-68	0.0000000000e+00	NA
3.5151000000e-70	0.0000000000e+00	NA
4.9487000000e-72	0.0000000000e+00	NA
6.6116000000e-74	0.0000000000e+00	NA
8.3822000000e-76	0.0000000000e+00	NA
1.0084000000e-77	0.0000000000e+00	NA
1.1511000000e-79	0.0000000000e+00	NA
4.3569000000e-117	0.0000000000e+00	NA
4.8810000000e-111	0.0000000000e+00	NA
3.6943000000e-105	0.0000000000e+00	NA
1.9142000000e-99	0.0000000000e+00	NA
6.8182000000e-94	0.0000000000e+00	NA
1.6744000000e-88	0.0000000000e+00	NA
2.8489000000e-83	0.0000000000e+00	NA
3.3621000000e-78	0.0000000000e+00	NA
2.7632000000e-73	0.0000000000e+00	NA
1.6008000000e-68	0.0000000000e+00	NA
6.7436000000e-64	0.0000000000e+00	NA
2.0081000000e-59	0.0000000000e+00	NA
4.2423000000e-55	0.0000000000e+00	NA
6.3799000000e-51	0.0000000000e+00	NA
6.9651000000e-47	0.0000000000e+00	NA
5.7710000000e-43	5.7173000000e-43	4.0600930571e-03
3.2127000000e-39	3.2127000000e-39	0.0000000000e+00
1.2823000000e-35	1.2823000000e-35	0.0000000000e+00
3.8383000000e-32	3.8383000000e-32	0.0000000000e+00
8.8421000000e-29	8.8421000000e-29	0.0000000000e+00
1.4726000000e-25	1.4726000000e-25	0.0000000000e+00
1.9270000000e-22	1.9270000000e-22	0.0000000000e+00
2.1169000000e-19	2.1169000000e-19	0.0000000000e+00
2.0469000000e-16	2.0469000000e-16	0.0000000000e+00
1.8674000000e-13	1.8674000000e-13	0.0000000000e+00
2.3136000000e-10	2.3136000000e-10	0.0000000000e+00
5.6693000000e-07	5.6693000000e-07	0.0000000000e+00
2.8063000000e-03	2.8063000000e-03	0.0000000000e+00
2.8325000000e+00	2.8325000000e+00	0.0000000000e+00
4.5870000000e+01	4.5870000000e+01	0.0000000000e+00
3.7337000000e+01	3.7337000000e+01	0.0000000000e+00
1.1695000000e+01	1.1695000000e+01	0.0000000000e+00
3.5117000000e+00	3.5117000000e+00	0.0000000000e+00
9.4670000000e-01	9.4670000000e-01	0.0000000000e+00
3.9868000000e-01	3.9868000000e-01	0.0000000000e+00
1.9655000000e-01	1.9655000000e-01	0.0000000000e+00
9.9265000000e-02	9.9265000000e-02	0.0000000000e+00
5.4590000000e-02	5.4590000000e-02	0.0000000000e+00
2.9882000000e-02	2.9882000000e-02	0.0000000000e+00
1.5668000000e-02	1.5668000000e-02	0.0000000000e+00
7.0511000000e-03	7.0511000000e-03	0.0000000000e+00
2.9067000000e-03	2.9067000000e-03	0.0000000000e+00
1.0395000000e-03	1.0395000000e-03	0.0000000000e+00
3.2653000000e-04	3.2653000000e-04	0.0000000000e+00
9.1651000000e-05	9.1651000000e-05	0.0000000000e+00
2.3466000000e-05	2.3466000000e-05	0.0000000000e+00
5.5157000000e-06	5.5157000000e-06	0.0000000000e+00
1.1728000000e-06	1.1728000000e-06	0.0000000000e+00
2.3791000000e-07	2.3791000000e-07	0.0000000000e+00
4.5077000000e-08	4.5077000000e-08	0.0000000000e+00
8.0188000000e-09	8.0188000000e-09	0.0000000000e+00
1.3650000000e-09	1.3650000000e-09	0.0000000000e+00
2.1312000000e-10	2.1312000000e-10	0.0000000000e+00
3.2726000000e-11	3.2726000000e-11	0.0000000000e+00
4.5545000000e-12	4.5545000000e-12	0.0000000000e+00
6.1143000000e-13	6.1143000000e-13	0.0000000000e+00
7.7565000000e-14	7.7565000000e-14	0.0000000000e+00
9.0843000000e-15	9.0843000000e-15	0.0000000000e+00
1.0446000000e-15	1.0446000000e-15	0.0000000000e+00
1.1436000000e-16	1.1436000000e-16	0.0000000000e+00
1.1290000000e-17	1.1290000000e-17	0.0000000000e+00
1.1279000000e-18	1.1279000000e-18	0.0000000000e+00
1.1493000000e-19	1.1493000000e-19	0.0000000000e+00
9.8068000000e-21	9.8068000000e-21	0.0000000000e+00
7.5111000000e-22	7.5111000000e-22	0.0000000000e+00
5.4263000000e-23	5.4263000000e-23	0.0000000000e+00
3.8432000000e-24	3.8432000000e-24	0.0000000000e+00
2.6179000000e-25	2.6179000000e-25	0.0000000000e+00
2.0591000000e-26	2.0591000000e-26	0.0000000000e+00
1.2769000000e-27	1.2769000000e-27	0.0000000000e+00
8.1179000000e-29	8.1179000000e-29	0.0000000000e+00
4.7010000000e-30	4.7010000000e-30	0.0000000000e+00
2.6994000000e-31	2.6994000000e-31	0.0000000000e+00
1.4787000000e-32	1.4787000000e-32	0.0000000000e+00
7.3062000000e-34	7.3062000000e-34	0.0000000000e+00
3.7790000000e-35	3.7790000000e-35	0.0000000000e+00
1.7881000000e-36	1.7881000000e-36	0.0000000000e+00
7.5972000000e-38	7.5972000000e-38	0.0000000000e+00
3.4816000000e-39	3.4816000000e-39	0.0000000000e+00
1.2727000000e-40	1.2724000000e-40	1.0238367465e-04
4.9955000000e-42	4.9200000000e-42	6.6138605401e-03
1.7290000000e-43	1.0930000000e-43	1.9917483132e-01
5.6665000000e-45	0.0000000000e+00	NA
1.8193000000e-46	0.0000000000e+00	NA
5.3969000000e-48	0.0000000000e+00	NA
1.5201000000e-49	0.0000000000e+00	NA
4.0655000000e-51	0.0000000000e+00	NA
1.0323000000e-52	0.0000000000e+00	NA
2.4885000000e-54	0.0000000000e+00	NA
5.6951000000e-56	0.0000000000e+00	NA
1.2373000000e-57	0.0000000000e+00	NA
2.5517000000e-59	0.0000000000e+00	NA
4.9952000000e-61	0.0000000000e+00	NA
9.2814000000e-63	0.0000000000e+00	NA
1.6368000000e-64	0.0000000000e+00	NA
2.7397000000e-66	0.0000000000e+00	NA
4.3520000000e-68	0.0000000000e+00	NA
6.5605000000e-70	0.0000000000e+00	NA
9.3851000000e-72	0.0000000000e+00	NA
1.2740000000e-73	0.0000000000e+00	NA
1.6410000000e-75	0.0000000000e+00	NA
2.3663000000e-116	0.0000000000e+00	NA
2.6487000000e-110	0.0000000000e+00	NA
2.0052000000e-104	0.0000000000e+00	NA
1.0390000000e-98	0.0000000000e+00	NA
3.7003000000e-93	0.0000000000e+00	NA
9.0928000000e-88	0.0000000000e+00	NA
1.5448000000e-82	0.0000000000e+00	NA
1.8234000000e-77	0.0000000000e+00	NA
1.4974000000e-72	0.0000000000e+00	NA
8.6900000000e-68	0.0000000000e+00	NA
3.6486000000e-63	0.0000000000e+00	NA
1.0836000000e-58	0.0000000000e+00	NA
2.2861000000e-54	0.0000000000e+00	NA
3.4385000000e-50	0.0000000000e+00	NA
3.7514000000e-46	0.0000000000e+00	NA
3.0776000000e-42	3.0716000000e-42	8.4751438183e-04
1.7400000000e-38	1.7400000000e-38	0.0000000000e+00
6.6559000000e-35	6.6559000000e-35	0.0000000000e+00
2.1901000000e-31	2.1901000000e-31	0.0000000000e+00
4.8877000000e-28	4.8877000000e-28	0.0000000000e+00
7.7115000000e-25	7.7115000000e-25	0.0000000000e+00
1.0400000000e-21	1.0400000000e-21	0.0000000000e+00
1.1327000000e-18	1.1327000000e-18	0.0000000000e+00
1.1083000000e-15	1.1083000000e-15	0.0000000000e+00
9.5318000000e-13	9.5318000000e-13	0.0000000000e+00
1.0500000000e-09	1.0500000000e-09	0.0000000000e+00
1.2676000000e-06	1.2676000000e-06	0.0000000000e+00
1.5947000000e-03	1.5947000000e-03	0.0000000000e+00
4.5862000000e-01	4.5862000000e-01	0.0000000000e+00
1.2987000000e+01	1.2987000000e+01	0.0000000000e+00
3.6361000000e+01	3.6361000000e+01	0.0000000000e+00
2.8752000000e+01	2.8752000000e+01	0.0000000000e+00
1.6979000000e+01	1.6979000000e+01	0.0000000000e+00
6.1326000000e+00	6.1326000000e+00	0.0000000000e+00
2.4749000000e+00	2.4749000000e+00	0.0000000000e+00
1.1824000000e+00	1.1824000000e+00	0.0000000000e+00
6.0989000000e-01	6.0989000000e-01	0.0000000000e+00
3.5723000000e-01	3.5723000000e-01	0.0000000000e+00
2.0350000000e-01	2.0350000000e-01	0.0000000000e+00
1.0463000000e-01	1.0463000000e-01	0.0000000000e+00
5.3051000000e-02	5.3051000000e-02	0.0000000000e+00
2.1959000000e-02	2.1959000000e-02	0.0000000000e+00
8.4899000000e-03	8.4899000000e-03	0.0000000000e+00
2.9518000000e-03	2.9518000000e-03	0.0000000000e+00
9.2475000000e-04	9.2475000000e-04	0.0000000000e+00
2.6476000000e-04	2.6475000000e-04	1.6403636643e-05
7.0468000000e-05	7.0468000000e-05	0.0000000000e+00
1.7210000000e-05	1.7210000000e-05	0.0000000000e+00
3.9608000000e-06	3.9608000000e-06	0.0000000000e+00
8.5845000000e-07	8.5844000000e-07	5.0590833648e-06
1.7511000000e-07	1.7511000000e-07	0.0000000000e+00
3.3813000000e-08	3.3813000000e-08	0.0000000000e+00
6.0978000000e-09	6.0978000000e-09	0.0000000000e+00
1.0575000000e-09	1.0575000000e-09	0.0000000000e+00
1.6967000000e-10	1.6967000000e-10	0.0000000000e+00
2.5993000000e-11	2.5993000000e-11	0.0000000000e+00
3.7558000000e-12	3.7558000000e-12	0.0000000000e+00
4.9597000000e-13	4.9597000000e-13	0.0000000000e+00
6.5974000000e-14	6.5974000000e-14	0.0000000000e+00
7.9103000000e-15	7.9103000000e-15	0.0000000000e+00
9.3599000000e-16	9.3599000000e-16	0.0000000000e+00
1.0311000000e-16	1.0311000000e-16	0.0000000000e+00
1.1396000000e-17	1.1396000000e-17	0.0000000000e+00
1.1487000000e-18	1.1487000000e-18	0.0000000000e+00
1.0599000000e-19	1.0599000000e-19	0.0000000000e+00
9.0197000000e-21	9.0197000000e-21	0.0000000000e+00
6.6154000000e-22	6.6154000000e-22	0.0000000000e+00
5.5693000000e-23	5.5693000000e-23	0.0000000000e+00
4.7418000000e-24	4.7418000000e-24	0.0000000000e+00
3.8017000000e-25	3.8017000000e-25	0.0000000000e+00
2.5077000000e-26	2.5077000000e-26	0.0000000000e+00
1.7455000000e-27	1.7455000000e-27	0.0000000000e+00
9.9421000000e-29	9.9421000000e-29	0.0000000000e+00
6.3194000000e-30	6.3194000000e-30	0.0000000000e+00
3.5046000000e-31	3.5046000000e-31	0.0000000000e+00
1.9480000000e-32	1.9480000000e-32	0.0000000000e+00
1.1645000000e-33	1.1645000000e-33	0.0000000000e+00
5.5263000000e-35	5.5263000000e-35	0.0000000000e+00
2.5010000000e-36	2.5010000000e-36	0.0000000000e+00
1.1496000000e-37	1.1496000000e-37	0.0000000000e+00
4.7680000000e-39	4.7679000000e-39	9.1086207263e-06
1.8780000000e-40	1.8775000000e-40	1.1564225389e-04
6.9306000000e-42	6.8538000000e-42	4.8394070598e-03
2.5166000000e-43	2.0319000000e-43	9.2911861942e-02
8.4281000000e-45	0.0000000000e+00	NA
2.6798000000e-46	0.0000000000e+00	NA
8.0893000000e-48	0.0000000000e+00	NA
2.3182000000e-49	0.0000000000e+00	NA
6.3069000000e-51	0.0000000000e+00	NA
1.6289000000e-52	0.0000000000e+00	NA
3.9934000000e-54	0.0000000000e+00	NA
9.2933000000e-56	0.0000000000e+00	NA
2.0529000000e-57	0.0000000000e+00	NA
4.3041000000e-59	0.0000000000e+00	NA
8.5651000000e-61	0.0000000000e+00	NA
1.6177000000e-62	0.0000000000e+00	NA
2.8995000000e-64	0.0000000000e+00	NA
4.9322000000e-66	0.0000000000e+00	NA
7.9618000000e-68	0.0000000000e+00	NA
1.2196000000e-69	0.0000000000e+00	NA
1.7728000000e-71	0.0000000000e+00	NA
8.8232000000e-116	0.0000000000e+00	NA
9.8590000000e-110	0.0000000000e+00	NA
7.4577000000e-104	0.0000000000e+00	NA
3.8600000000e-98	0.0000000000e+00	NA
1.3713000000e-92	0.0000000000e+00	NA
3.3669000000e-87	0.0000000000e+00	NA
5.7128000000e-82	0.0000000000e+00	NA
6.7199000000e-77	0.0000000000e+00	NA
5.4978000000e-72	0.0000000000e+00	NA
3.1867000000e-67	0.0000000000e+00	NA
1.3293000000e-62	0.0000000000e+00	NA
3.9186000000e-58	0.0000000000e+00	NA
8.2084000000e-54	0.0000000000e+00	NA
1.2263000000e-49	0.0000000000e+00	NA
1.3261000000e-45	0.0000000000e+00	NA
1.0328000000e-41	1.0323000000e-41	2.1030191777e-04
5.6349000000e-38	5.6349000000e-38	0.0000000000e+00
2.4580000000e-34	2.4580000000e-34	0.0000000000e+00
7.8767000000e-31	7.8767000000e-31	0.0000000000e+00
1.6599000000e-27	1.6599000000e-27	0.0000000000e+00
2.4709000000e-24	2.4709000000e-24	0.0000000000e+00
3.2521000000e-21	3.2521000000e-21	0.0000000000e+00
3.4800000000e-18	3.4800000000e-18	0.0000000000e+00
3.0542000000e-15	3.0542000000e-15	0.0000000000e+00
2.2509000000e-12	2.2509000000e-12	0.0000000000e+00
1.5012000000e-09	1.5012000000e-09	0.0000000000e+00
1.1675000000e-06	1.1675000000e-06	0.0000000000e+00
5.3115000000e-04	5.3115000000e-04	0.0000000000e+00
8.3524000000e-02	8.3524000000e-02	0.0000000000e+00
2.6539000000e+00	2.6539000000e+00	0.0000000000e+00
1.6017000000e+01	1.6017000000e+01	0.0000000000e+00
2.7677000000e+01	2.7677000000e+01	0.0000000000e+00
2.3111000000e+01	2.3111000000e+01	0.0000000000e+00
1.4092000000e+01	1.4092000000e+01	0.0000000000e+00
7.8125000000e+00	7.8125000000e+00	0.0000000000e+00
4.2568000000e+00	4.2568000000e+00	0.0000000000e+00
2.4501000000e+00	2.4501000000e+00	0.0000000000e+00
1.4614000000e+00	1.4614000000e+00	0.0000000000e+00
8.5917000000e-01	8.5917000000e-01	0.0000000000e+00
4.7479000000e-01	4.7479000000e-01	0.0000000000e+00
2.5217000000e-01	2.5217000000e-01	0.0000000000e+00
1.2542000000e-01	1.2542000000e-01	0.0000000000e+00
5.3257000000e-02	5.3257000000e-02	0.0000000000e+00
1.9734000000e-02	1.9734000000e-02	0.0000000000e+00
6.9212000000e-03	6.9212000000e-03	0.0000000000e+00
2.2252000000e-03	2.2252000000e-03	0.0000000000e+00
6.6868000000e-04	6.6868000000e-04	0.0000000000e+00
1.8692000000e-04	1.8692000000e-04	0.0000000000e+00
4.9050000000e-05	4.9050000000e-05	0.0000000000e+00
1.2119000000e-05	1.2119000000e-05	0.0000000000e+00
2.8285000000e-06	2.8285000000e-06	0.0000000000e+00
6.2290000000e-07	6.2290000000e-07	0.0000000000e+00
1.2944000000e-07	1.2943000000e-07	3.3553094767e-05
2.5423000000e-08	2.5423000000e-08	0.0000000000e+00
4.7003000000e-09	4.7003000000e-09	0.0000000000e+00
8.2311000000e-10	8.2311000000e-10	0.0000000000e+00
1.3573000000e-10	1.3573000000e-10	0.0000000000e+00
2.1193000000e-11	2.1193000000e-11	0.0000000000e+00
3.0644000000e-12	3.0644000000e-12	0.0000000000e+00
4.3564000000e-13	4.3564000000e-13	0.0000000000e+00
5.6726000000e-14	5.6726000000e-14	0.0000000000e+00
7.0345000000e-15	7.0345000000e-15	0.0000000000e+00
8.2554000000e-16	8.2553000000e-16	5.2607640125e-06
9.9034000000e-17	9.9034000000e-17	0.0000000000e+00
1.0324000000e-17	1.0324000000e-17	0.0000000000e+00
1.0295000000e-18	1.0295000000e-18	0.0000000000e+00
9.4923000000e-20	9.4923000000e-20	0.0000000000e+00
8.8628000000e-21	8.8629000000e-21	-4.9001673492e-06
7.7915000000e-22	7.7915000000e-22	0.0000000000e+00
6.7381000000e-23	6.7381000000e-23	0.0000000000e+00
5.1385000000e-24	5.1385000000e-24	0.0000000000e+00
3.9138000000e-25	3.9138000000e-25	0.0000000000e+00
2.7639000000e-26	2.7639000000e-26	0.0000000000e+00
2.0233000000e-27	2.0233000000e-27	0.0000000000e+00
1.4629000000e-28	1.4629000000e-28	0.0000000000e+00
8.8337000000e-30	8.8337000000e-30	0.0000000000e+00
4.9577000000e-31	4.9577000000e-31	0.0000000000e+00
2.5187000000e-32	2.5187000000e-32	0.0000000000e+00
1.4285000000e-33	1.4285000000e-33	0.0000000000e+00
7.2947000000e-35	7.2947000000e-35	0.0000000000e+00
3.3698000000e-36	3.3698000000e-36	0.0000000000e+00
1.5392000000e-37	1.5392000000e-37	0.0000000000e+00
6.5271000000e-39	6.5271000000e-39	0.0000000000e+00
2.6289000000e-40	2.6287000000e-40	3.3041272224e-05
9.9430000000e-42	9.8679000000e-42	3.2926996579e-03
3.5700000000e-43	2.9848000000e-43	7.7752980079e-02
1.2168000000e-44	0.0000000000e+00	NA
3.9367000000e-46	0.0000000000e+00	NA
1.2090000000e-47	0.0000000000e+00	NA
3.5246000000e-49	0.0000000000e+00	NA
9.7534000000e-51	0.0000000000e+00	NA
2.5618000000e-52	0.0000000000e+00	NA
6.3866000000e-54	0.0000000000e+00	NA
1.5112000000e-55	0.0000000000e+00	NA
3.3938000000e-57	0.0000000000e+00	NA
7.2336000000e-59	0.0000000000e+00	NA
1.4632000000e-60	0.0000000000e+00	NA
2.8088000000e-62	0.0000000000e+00	NA
5.1166000000e-64	0.0000000000e+00	NA
8.8449000000e-66	0.0000000000e+00	NA
1.4509000000e-67	0.0000000000e+00	NA
2.2572000000e-115	0.0000000000e+00	NA
2.5189000000e-109	0.0000000000e+00	NA
1.9020000000e-103	0.0000000000e+00	NA
9.8224000000e-98	0.0000000000e+00	NA
3.4834000000e-92	0.0000000000e+00	NA
8.5245000000e-87	0.0000000000e+00	NA
1.4408000000e-81	0.0000000000e+00	NA
1.6887000000e-76	0.0000000000e+00	NA
1.3745000000e-71	0.0000000000e+00	NA
7.9245000000e-67	0.0000000000e+00	NA
3.2714000000e-62	0.0000000000e+00	NA
9.5420000000e-58	0.0000000000e+00	NA
1.9751000000e-53	0.0000000000e+00	NA
2.9117000000e-49	0.0000000000e+00	NA
3.1159000000e-45	0.0000000000e+00	NA
2.4390000000e-41	2.4378000000e-41	2.1372760368e-04
1.4524000000e-37	1.4524000000e-37	0.0000000000e+00
6.0408000000e-34	6.0408000000e-34	0.0000000000e+00
1.7168000000e-30	1.7168000000e-30	0.0000000000e+00
3.3410000000e-27	3.3410000000e-27	0.0000000000e+00
5.0148000000e-24	5.0148000000e-24	0.0000000000e+00
6.4498000000e-21	6.4498000000e-21	0.0000000000e+00
6.6034000000e-18	6.6034000000e-18	0.0000000000e+00
4.8959000000e-15	4.8959000000e-15	0.0000000000e+00
3.0026000000e-12	3.0026000000e-12	0.0000000000e+00
1.5303000000e-09	1.5303000000e-09	0.0000000000e+00
6.4377000000e-07	6.4377000000e-07	0.0000000000e+00
1.5338000000e-04	1.5338000000e-04	0.0000000000e+00
1.5274000000e-02	1.5274000000e-02	0.0000000000e+00
4.8939000000e-01	4.8939000000e-01	0.0000000000e+00
4.6085000000e+00	4.6085000000e+00	0.0000000000e+00
1.4357000000e+01	1.4357000000e+01	0.0000000000e+00
2.0714000000e+01	2.0714000000e+01	0.0000000000e+00
1.9111000000e+01	1.9111000000e+01	0.0000000000e+00
1.4158000000e+01	1.4158000000e+01	0.0000000000e+00
9.6196000000e+00	9.6196000000e+00	0.0000000000e+00
6.2887000000e+00	6.2887000000e+00	0.0000000000e+00
4.0575000000e+00	4.0575000000e+00	0.0000000000e+00
2.5723000000e+00	2.5723000000e+00	0.0000000000e+00
1.5873000000e+00	1.5873000000e+00	0.0000000000e+00
8.9439000000e-01	8.9439000000e-01	0.0000000000e+00
4.6858000000e-01	4.6858000000e-01	0.0000000000e+00
2.3473000000e-01	2.3473000000e-01	0.0000000000e+00
1.0133000000e-01	1.0133000000e-01	0.0000000000e+00
3.8094000000e-02	3.8094000000e-02	0.0000000000e+00
1.3946000000e-02	1.3946000000e-02	0.0000000000e+00
4.7343000000e-03	4.7343000000e-03	0.0000000000e+00
1.5109000000e-03	1.5109000000e-03	0.0000000000e+00
4.5251000000e-04	4.5251000000e-04	0.0000000000e+00
1.2744000000e-04	1.2744000000e-04	0.0000000000e+00
3.3942000000e-05	3.3942000000e-05	0.0000000000e+00
8.5475000000e-06	8.5475000000e-06	0.0000000000e+00
2.0328000000e-06	2.0328000000e-06	0.0000000000e+00
4.5617000000e-07	4.5617000000e-07	0.0000000000e+00
9.6795000000e-08	9.6795000000e-08	0.0000000000e+00
1.9353000000e-08	1.9353000000e-08	0.0000000000e+00
3.6596000000e-09	3.6596000000e-09	0.0000000000e+00
6.5217000000e-10	6.5217000000e-10	0.0000000000e+00
1.0977000000e-10	1.0977000000e-10	0.0000000000e+00
1.7317000000e-11	1.7317000000e-11	0.0000000000e+00
2.5954000000e-12	2.5954000000e-12	0.0000000000e+00
3.7126000000e-13	3.7126000000e-13	0.0000000000e+00
5.2181000000e-14	5.2181000000e-14	0.0000000000e+00
6.7648000000e-15	6.7648000000e-15	0.0000000000e+00
7.8501000000e-16	7.8501000000e-16	0.0000000000e+00
9.1491000000e-17	9.1491000000e-17	0.0000000000e+00
1.0207000000e-17	1.0207000000e-17	0.0000000000e+00
1.0396000000e-18	1.0396000000e-18	0.0000000000e+00
1.0808000000e-19	1.0808000000e-19	0.0000000000e+00
9.9861000000e-21	9.9861000000e-21	0.0000000000e+00
8.7592000000e-22	8.7593000000e-22	-4.9581240620e-06
7.3197000000e-23	7.3197000000e-23	0.0000000000e+00
5.6915000000e-24	5.6916000000e-24	-7.6305133384e-06
4.8292000000e-25	4.8292000000e-25	0.0000000000e+00
3.7468000000e-26	3.7467000000e-26	1.1591231919e-05
2.5982000000e-27	2.5982000000e-27	0.0000000000e+00
1.7353000000e-28	1.7353000000e-28	0.0000000000e+00
9.4688000000e-30	9.4688000000e-30	0.0000000000e+00
6.2235000000e-31	6.2235000000e-31	0.0000000000e+00
3.3823000000e-32	3.3823000000e-32	0.0000000000e+00
1.8859000000e-33	1.8860000000e-33	-2.3027889499e-05
9.5908000000e-35	9.5908000000e-35	0.0000000000e+00
4.4935000000e-36	4.4935000000e-36	0.0000000000e+00
2.0720000000e-37	2.0720000000e-37	0.0000000000e+00
8.8544000000e-39	8.8543000000e-39	4.9048714124e-06
3.5913000000e-40	3.5907000000e-40	7.2563823377e-05
1.3826000000e-41	1.3750000000e-41	2.3938543801e-03
5.0517000000e-43	4.4842000000e-43	5.1752577317e-02
1.7520000000e-44	0.0000000000e+00	NA
5.7668000000e-46	0.0000000000e+00	NA
1.8017000000e-47	0.0000000000e+00	NA
5.3423000000e-49	0.0000000000e+00	NA
1.5035000000e-50	0.0000000000e+00	NA
4.0156000000e-52	0.0000000000e+00	NA
1.0179000000e-53	0.0000000000e+00	NA
2.4488000000e-55	0.0000000000e+00	NA
5.5905000000e-57	0.0000000000e+00	NA
1.2112000000e-58	0.0000000000e+00	NA
2.4902000000e-60	0.0000000000e+00	NA
4.8583000000e-62	0.0000000000e+00	NA
8.9942000000e-64	0.0000000000e+00	NA
3.9749000000e-115	0.0000000000e+00	NA
4.4261000000e-109	0.0000000000e+00	NA
3.3368000000e-103	0.0000000000e+00	NA
1.7173000000e-97	0.0000000000e+00	NA
6.0721000000e-92	0.0000000000e+00	NA
1.4789000000e-86	0.0000000000e+00	NA
2.4905000000e-81	0.0000000000e+00	NA
2.9003000000e-76	0.0000000000e+00	NA
2.3436000000e-71	0.0000000000e+00	NA
1.3409000000e-66	0.0000000000e+00	NA
5.4686000000e-62	0.0000000000e+00	NA
1.5738000000e-57	0.0000000000e+00	NA
3.2121000000e-53	0.0000000000e+00	NA
4.6657000000e-49	0.0000000000e+00	NA
4.9093000000e-45	0.0000000000e+00	NA
3.8122000000e-41	3.8107000000e-41	1.7091703453e-04
2.4880000000e-37	2.4880000000e-37	0.0000000000e+00
8.5672000000e-34	8.5672000000e-34	0.0000000000e+00
2.4991000000e-30	2.4991000000e-30	0.0000000000e+00
4.9492000000e-27	4.9492000000e-27	0.0000000000e+00
7.1946000000e-24	7.1946000000e-24	0.0000000000e+00
8.4455000000e-21	8.4455000000e-21	0.0000000000e+00
7.1842000000e-18	7.1842000000e-18	0.0000000000e+00
4.5395000000e-15	4.5395000000e-15	0.0000000000e+00
2.2957000000e-12	2.2957000000e-12	0.0000000000e+00
8.6684000000e-10	8.6684000000e-10	0.0000000000e+00
2.3153000000e-07	2.3153000000e-07	0.0000000000e+00
3.7012000000e-05	3.7012000000e-05	0.0000000000e+00
2.8535000000e-03	2.8535000000e-03	0.0000000000e+00
8.3283000000e-02	8.3283000000e-02	0.0000000000e+00
9.7176000000e-01	9.7176000000e-01	0.0000000000e+00
4.7724000000e+00	4.7724000000e+00	0.0000000000e+00
1.0950000000e+01	1.0950000000e+01	0.0000000000e+00
1.5357000000e+01	1.5357000000e+01	0.0000000000e+00
1.5504000000e+01	1.5504000000e+01	0.0000000000e+00
1.3262000000e+01	1.3262000000e+01	0.0000000000e+00
1.0272000000e+01	1.0272000000e+01	0.0000000000e+00
7.5745000000e+00	7.5745000000e+00	0.0000000000e+00
5.4672000000e+00	5.4672000000e+00	0.0000000000e+00
3.6619000000e+00	3.6619000000e+00	0.0000000000e+00
2.3198000000e+00	2.3198000000e+00	0.0000000000e+00
1.3680000000e+00	1.3680000000e+00	0.0000000000e+00
7.1597000000e-01	7.1597000000e-01	0.0000000000e+00
3.6553000000e-01	3.6553000000e-01	0.0000000000e+00
1.6092000000e-01	1.6092000000e-01	0.0000000000e+00
6.5216000000e-02	6.5216000000e-02	0.0000000000e+00
2.5207000000e-02	2.5207000000e-02	0.0000000000e+00
9.1081000000e-03	9.1081000000e-03	0.0000000000e+00
3.1203000000e-03	3.1203000000e-03	0.0000000000e+00
1.0015000000e-03	1.0015000000e-03	0.0000000000e+00
3.0406000000e-04	3.0406000000e-04	0.0000000000e+00
8.7377000000e-05	8.7377000000e-05	0.0000000000e+00
2.3725000000e-05	2.3725000000e-05	0.0000000000e+00
6.0842000000e-06	6.0842000000e-06	0.0000000000e+00
1.4743000000e-06	1.4743000000e-06	0.0000000000e+00
3.3733000000e-07	3.3733000000e-07	0.0000000000e+00
7.3531000000e-08	7.3531000000e-08	0.0000000000e+00
1.4937000000e-08	1.4937000000e-08	0.0000000000e+00
2.8810000000e-09	2.8810000000e-09	0.0000000000e+00
5.2136000000e-10	5.2136000000e-10	0.0000000000e+00
8.9460000000e-11	8.9460000000e-11	0.0000000000e+00
1.4536000000e-11	1.4536000000e-11	0.0000000000e+00
2.2460000000e-12	2.2460000000e-12	0.0000000000e+00
3.2590000000e-13	3.2590000000e-13	0.0000000000e+00
4.6239000000e-14	4.6239000000e-14	0.0000000000e+00
6.0640000000e-15	6.0641000000e-15	-7.1617892648e-06
7.5797000000e-16	7.5797000000e-16	0.0000000000e+00
9.1041000000e-17	9.1041000000e-17	0.0000000000e+00
1.0249000000e-17	1.0249000000e-17	0.0000000000e+00
1.0526000000e-18	1.0526000000e-18	0.0000000000e+00
1.0587000000e-19	1.0587000000e-19	0.0000000000e+00
1.0120000000e-20	1.0120000000e-20	0.0000000000e+00
9.3987000000e-22	9.3986000000e-22	4.6208176910e-06
8.2775000000e-23	8.2775000000e-23	0.0000000000e+00
6.9661000000e-24	6.9661000000e-24	0.0000000000e+00
5.4655000000e-25	5.4655000000e-25	0.0000000000e+00
4.3273000000e-26	4.3273000000e-26	0.0000000000e+00
3.0665000000e-27	3.0665000000e-27	0.0000000000e+00
2.0649000000e-28	2.0649000000e-28	0.0000000000e+00
1.3136000000e-29	1.3136000000e-29	0.0000000000e+00
7.7532000000e-31	7.7532000000e-31	0.0000000000e+00
4.4592000000e-32	4.4592000000e-32	0.0000000000e+00
2.3718000000e-33	2.3718000000e-33	0.0000000000e+00
1.2312000000e-34	1.2312000000e-34	0.0000000000e+00
5.9471000000e-36	5.9471000000e-36	0.0000000000e+00
2.7261000000e-37	2.7261000000e-37	0.0000000000e+00
1.1858000000e-38	1.1858000000e-38	0.0000000000e+00
4.8952000000e-40	4.8949000000e-40	2.6616346025e-05
1.9177000000e-41	1.9110000000e-41	1.5199811941e-03
7.1298000000e-43	6.6842000000e-43	2.8027911433e-02
2.5156000000e-44	0.0000000000e+00	NA
8.4231000000e-46	0.0000000000e+00	NA
2.6766000000e-47	0.0000000000e+00	NA
8.0715000000e-49	0.0000000000e+00	NA
2.3099000000e-50	0.0000000000e+00	NA
6.2731000000e-52	0.0000000000e+00	NA
1.6167000000e-53	0.0000000000e+00	NA
3.9537000000e-55	0.0000000000e+00	NA
9.1755000000e-57	0.0000000000e+00	NA
2.0206000000e-58	0.0000000000e+00	NA
4.2221000000e-60	0.0000000000e+00	NA
4.8293000000e-115	0.0000000000e+00	NA
5.3612000000e-109	0.0000000000e+00	NA
4.0268000000e-103	0.0000000000e+00	NA
2.0656000000e-97	0.0000000000e+00	NA
7.2803000000e-92	0.0000000000e+00	NA
1.7657000000e-86	0.0000000000e+00	NA
2.9551000000e-81	0.0000000000e+00	NA
3.4164000000e-76	0.0000000000e+00	NA
2.7372000000e-71	0.0000000000e+00	NA
1.5487000000e-66	0.0000000000e+00	NA
6.2330000000e-62	0.0000000000e+00	NA
1.7679000000e-57	0.0000000000e+00	NA
3.5594000000e-53	0.0000000000e+00	NA
5.1166000000e-49	0.0000000000e+00	NA
5.3047000000e-45	0.0000000000e+00	NA
4.0053000000e-41	4.0053000000e-41	0.0000000000e+00
2.3742000000e-37	2.3742000000e-37	0.0000000000e+00
8.6347000000e-34	8.6346000000e-34	5.0296709410e-06
2.1819000000e-30	2.1819000000e-30	0.0000000000e+00
4.9444000000e-27	4.9444000000e-27	0.0000000000e+00
6.9090000000e-24	6.9090000000e-24	0.0000000000e+00
6.6539000000e-21	6.6540000000e-21	-6.5268672279e-06
4.8170000000e-18	4.8169000000e-18	9.0159640834e-06
2.6417000000e-15	2.6417000000e-15	0.0000000000e+00
1.1102000000e-12	1.1102000000e-12	0.0000000000e+00
3.2236000000e-10	3.2236000000e-10	0.0000000000e+00
6.4056000000e-08	6.4056000000e-08	0.0000000000e+00
7.0136000000e-06	7.0136000000e-06	0.0000000000e+00
4.3424000000e-04	4.3424000000e-04	0.0000000000e+00
1.3426000000e-02	1.3426000000e-02	0.0000000000e+00
1.9308000000e-01	1.9308000000e-01	0.0000000000e+00
1.2183000000e+00	1.2183000000e+00	0.0000000000e+00
3.8490000000e+00	3.8490000000e+00	0.0000000000e+00
7.8687000000e+00	7.8687000000e+00	0.0000000000e+00
1.0986000000e+01	1.0986000000e+01	0.0000000000e+00
1.2180000000e+01	1.2180000000e+01	0.0000000000e+00
1.1661000000e+01	1.1661000000e+01	0.0000000000e+00
1.0102000000e+01	1.0102000000e+01	0.0000000000e+00
8.2283000000e+00	8.2283000000e+00	0.0000000000e+00
6.2521000000e+00	6.2521000000e+00	0.0000000000e+00
4.4264000000e+00	4.4264000000e+00	0.0000000000e+00
2.9113000000e+00	2.9113000000e+00	0.0000000000e+00
1.7448000000e+00	1.7448000000e+00	0.0000000000e+00
9.6124000000e-01	9.6124000000e-01	0.0000000000e+00
4.8751000000e-01	4.8751000000e-01	0.0000000000e+00
2.2852000000e-01	2.2852000000e-01	0.0000000000e+00
1.0030000000e-01	1.0030000000e-01	0.0000000000e+00
4.1190000000e-02	4.1190000000e-02	0.0000000000e+00
1.6021000000e-02	1.6021000000e-02	0.0000000000e+00
5.8846000000e-03	5.8846000000e-03	0.0000000000e+00
2.0376000000e-03	2.0376000000e-03	0.0000000000e+00
6.6895000000e-04	6.6895000000e-04	0.0000000000e+00
2.0716000000e-04	2.0716000000e-04	0.0000000000e+00
6.2638000000e-05	6.2638000000e-05	0.0000000000e+00
1.6747000000e-05	1.6747000000e-05	0.0000000000e+00
4.3932000000e-06	4.3932000000e-06	0.0000000000e+00
1.0931000000e-06	1.0931000000e-06	0.0000000000e+00
2.5412000000e-07	2.5412000000e-07	0.0000000000e+00
5.6352000000e-08	5.6352000000e-08	0.0000000000e+00
1.1663000000e-08	1.1663000000e-08	0.0000000000e+00
2.2774000000e-09	2.2774000000e-09	0.0000000000e+00
4.2010000000e-10	4.2010000000e-10	0.0000000000e+00
7.3594000000e-11	7.3594000000e-11	0.0000000000e+00
1.2177000000e-11	1.2177000000e-11	0.0000000000e+00
1.9231000000e-12	1.9231000000e-12	0.0000000000e+00
2.8819000000e-13	2.8819000000e-13	0.0000000000e+00
4.1946000000e-14	4.1946000000e-14	0.0000000000e+00
5.6107000000e-15	5.6107000000e-15	0.0000000000e+00
7.0544000000e-16	7.0544000000e-16	0.0000000000e+00
8.5690000000e-17	8.5690000000e-17	0.0000000000e+00
9.5567000000e-18	9.5567000000e-18	0.0000000000e+00
1.0412000000e-18	1.0412000000e-18	0.0000000000e+00
1.0617000000e-19	1.0617000000e-19	0.0000000000e+00
1.0567000000e-20	1.0567000000e-20	0.0000000000e+00
1.0322000000e-21	1.0322000000e-21	0.0000000000e+00
9.2134000000e-23	9.2134000000e-23	0.0000000000e+00
7.8891000000e-24	7.8891000000e-24	0.0000000000e+00
6.2840000000e-25	6.2840000000e-25	0.0000000000e+00
4.7232000000e-26	4.7232000000e-26	0.0000000000e+00
3.5761000000e-27	3.5761000000e-27	0.0000000000e+00
2.4229000000e-28	2.4229000000e-28	0.0000000000e+00
1.5459000000e-29	1.5459000000e-29	0.0000000000e+00
9.5183000000e-31	9.5183000000e-31	0.0000000000e+00
5.5108000000e-32	5.5108000000e-32	0.0000000000e+00
3.0104000000e-33	3.0104000000e-33	0.0000000000e+00
1.5602000000e-34	1.5602000000e-34	0.0000000000e+00
7.6721000000e-36	7.6721000000e-36	0.0000000000e+00
3.5795000000e-37	3.5795000000e-37	0.0000000000e+00
1.5847000000e-38	1.5847000000e-38	0.0000000000e+00
6.6566000000e-40	6.6562000000e-40	2.6097859626e-05
2.6533000000e-41	2.6451000000e-41	1.3442615110e-03
1.0035000000e-42	9.3326000000e-43	3.1514724679e-02
3.6016000000e-44	0.0000000000e+00	NA
1.2266000000e-45	0.0000000000e+00	NA
3.9638000000e-47	0.0000000000e+00	NA
1.2155000000e-48	0.0000000000e+00	NA
3.5369000000e-50	0.0000000000e+00	NA
9.7657000000e-52	0.0000000000e+00	NA
2.5586000000e-53	0.0000000000e+00	NA
6.3606000000e-55	0.0000000000e+00	NA
1.5004000000e-56	0.0000000000e+00	NA
4.0473000000e-115	0.0000000000e+00	NA
4.4874000000e-109	0.0000000000e+00	NA
3.3587000000e-103	0.0000000000e+00	NA
1.7172000000e-97	0.0000000000e+00	NA
6.0197000000e-92	0.0000000000e+00	NA
1.4521000000e-86	0.0000000000e+00	NA
2.4139000000e-81	0.0000000000e+00	NA
2.7708000000e-76	0.0000000000e+00	NA
2.1989000000e-71	0.0000000000e+00	NA
1.2264000000e-66	0.0000000000e+00	NA
4.8581000000e-62	0.0000000000e+00	NA
1.3556000000e-57	0.0000000000e+00	NA
2.6919000000e-53	0.0000000000e+00	NA
3.8485000000e-49	0.0000000000e+00	NA
3.9928000000e-45	0.0000000000e+00	NA
3.0599000000e-41	3.0589000000e-41	1.4195413668e-04
1.6066000000e-37	1.6066000000e-37	0.0000000000e+00
5.1328000000e-34	5.1328000000e-34	0.0000000000e+00
1.4331000000e-30	1.4331000000e-30	0.0000000000e+00
3.0944000000e-27	3.0944000000e-27	0.0000000000e+00
3.3137000000e-24	3.3137000000e-24	0.0000000000e+00
3.3634000000e-21	3.3634000000e-21	0.0000000000e+00
2.3119000000e-18	2.3119000000e-18	0.0000000000e+00
1.0228000000e-15	1.0228000000e-15	0.0000000000e+00
3.7670000000e-13	3.7670000000e-13	0.0000000000e+00
8.4741000000e-11	8.4741000000e-11	0.0000000000e+00
1.2410000000e-08	1.2410000000e-08	0.0000000000e+00
1.1271000000e-06	1.1271000000e-06	0.0000000000e+00
6.1864000000e-05	6.1864000000e-05	0.0000000000e+00
1.9368000000e-03	1.9368000000e-03	0.0000000000e+00
2.9843000000e-02	2.9843000000e-02	0.0000000000e+00
2.4622000000e-01	2.4622000000e-01	0.0000000000e+00
1.0724000000e+00	1.0724000000e+00	0.0000000000e+00
2.9574000000e+00	2.9574000000e+00	0.0000000000e+00
5.2804000000e+00	5.2804000000e+00	0.0000000000e+00
7.8813000000e+00	7.8813000000e+00	0.0000000000e+00
9.3182000000e+00	9.3182000000e+00	0.0000000000e+00
9.6334000000e+00	9.6334000000e+00	0.0000000000e+00
9.0875000000e+00	9.0875000000e+00	0.0000000000e+00
7.9034000000e+00	7.9034000000e+00	0.0000000000e+00
6.3278000000e+00	6.3278000000e+00	0.0000000000e+00
4.6630000000e+00	4.6630000000e+00	0.0000000000e+00
3.1681000000e+00	3.1681000000e+00	0.0000000000e+00
1.9717000000e+00	1.9717000000e+00	0.0000000000e+00
1.1257000000e+00	1.1257000000e+00	0.0000000000e+00
6.0031000000e-01	6.0031000000e-01	0.0000000000e+00
2.9932000000e-01	2.9932000000e-01	0.0000000000e+00
1.4036000000e-01	1.4036000000e-01	0.0000000000e+00
6.2014000000e-02	6.2014000000e-02	0.0000000000e+00
2.5995000000e-02	2.5995000000e-02	0.0000000000e+00
1.0249000000e-02	1.0249000000e-02	0.0000000000e+00
3.8285000000e-03	3.8285000000e-03	0.0000000000e+00
1.3516000000e-03	1.3516000000e-03	0.0000000000e+00
4.6142000000e-04	4.6142000000e-04	0.0000000000e+00
1.4373000000e-04	1.4373000000e-04	0.0000000000e+00
4.2536000000e-05	4.2536000000e-05	0.0000000000e+00
1.2050000000e-05	1.2050000000e-05	0.0000000000e+00
3.2626000000e-06	3.2626000000e-06	0.0000000000e+00
8.2618000000e-07	8.2618000000e-07	0.0000000000e+00
1.9360000000e-07	1.9360000000e-07	0.0000000000e+00
4.3427000000e-08	4.3427000000e-08	0.0000000000e+00
9.0581000000e-09	9.0581000000e-09	0.0000000000e+00
1.8076000000e-09	1.8076000000e-09	0.0000000000e+00
3.4055000000e-10	3.4055000000e-10	0.0000000000e+00
6.0844000000e-11	6.0844000000e-11	0.0000000000e+00
1.0303000000e-11	1.0303000000e-11	0.0000000000e+00
1.6780000000e-12	1.6780000000e-12	0.0000000000e+00
2.5514000000e-13	2.5514000000e-13	0.0000000000e+00
3.7102000000e-14	3.7102000000e-14	0.0000000000e+00
5.0835000000e-15	5.0835000000e-15	0.0000000000e+00
6.4392000000e-16	6.4392000000e-16	0.0000000000e+00
7.8355000000e-17	7.8355000000e-17	0.0000000000e+00
8.2972000000e-18	8.2972000000e-18	0.0000000000e+00
9.4394000000e-19	9.4394000000e-19	0.0000000000e+00
1.0810000000e-19	1.0810000000e-19	0.0000000000e+00
1.0804000000e-20	1.0804000000e-20	0.0000000000e+00
1.0835000000e-21	1.0835000000e-21	0.0000000000e+00
1.0116000000e-22	1.0116000000e-22	0.0000000000e+00
8.5722000000e-24	8.5722000000e-24	0.0000000000e+00
7.2111000000e-25	7.2111000000e-25	0.0000000000e+00
5.3811000000e-26	5.3811000000e-26	0.0000000000e+00
4.0931000000e-27	4.0931000000e-27	0.0000000000e+00
2.8238000000e-28	2.8238000000e-28	0.0000000000e+00
1.8569000000e-29	1.8569000000e-29	0.0000000000e+00
1.1476000000e-30	1.1476000000e-30	0.0000000000e+00
6.7280000000e-32	6.7280000000e-32	0.0000000000e+00
3.7415000000e-33	3.7415000000e-33	0.0000000000e+00
1.9738000000e-34	1.9738000000e-34	0.0000000000e+00
9.8779000000e-36	9.8779000000e-36	0.0000000000e+00
4.6899000000e-37	4.6899000000e-37	0.0000000000e+00
2.1126000000e-38	2.1126000000e-38	0.0000000000e+00
9.0286000000e-40	9.0282000000e-40	1.9241260111e-05
3.6609000000e-41	3.6535000000e-41	8.7875431001e-04
1.4084000000e-42	1.3424000000e-42	2.0844072914e-02
5.1411000000e-44	0.0000000000e+00	NA
1.7806000000e-45	0.0000000000e+00	NA
5.8512000000e-47	0.0000000000e+00	NA
1.8244000000e-48	0.0000000000e+00	NA
5.3972000000e-50	0.0000000000e+00	NA
1.5150000000e-51	0.0000000000e+00	NA
4.0347000000e-53	0.0000000000e+00	NA
2.3521000000e-115	0.0000000000e+00	NA
2.5960000000e-109	0.0000000000e+00	NA
1.9348000000e-103	0.0000000000e+00	NA
9.8625000000e-98	0.0000000000e+00	NA
3.4426000000e-92	0.0000000000e+00	NA
8.2657000000e-87	0.0000000000e+00	NA
1.3644000000e-81	0.0000000000e+00	NA
1.5512000000e-76	0.0000000000e+00	NA
1.2185000000e-71	0.0000000000e+00	NA
6.6793000000e-67	0.0000000000e+00	NA
2.5993000000e-62	0.0000000000e+00	NA
7.1081000000e-58	0.0000000000e+00	NA
1.3847000000e-53	0.0000000000e+00	NA
1.9544000000e-49	0.0000000000e+00	NA
2.0207000000e-45	0.0000000000e+00	NA
1.5078000000e-41	1.5071000000e-41	2.0166913848e-04
8.0848000000e-38	8.0848000000e-38	0.0000000000e+00
2.5457000000e-34	2.5457000000e-34	0.0000000000e+00
7.3714000000e-31	7.3714000000e-31	0.0000000000e+00
1.2138000000e-27	1.2138000000e-27	0.0000000000e+00
1.4024000000e-24	1.4024000000e-24	0.0000000000e+00
1.2809000000e-21	1.2809000000e-21	0.0000000000e+00
7.1859000000e-19	7.1859000000e-19	0.0000000000e+00
2.8570000000e-16	2.8570000000e-16	0.0000000000e+00
8.9673000000e-14	8.9673000000e-14	0.0000000000e+00
1.6511000000e-11	1.6511000000e-11	0.0000000000e+00
2.0842000000e-09	2.0842000000e-09	0.0000000000e+00
1.6498000000e-07	1.6498000000e-07	0.0000000000e+00
7.5793000000e-06	7.5793000000e-06	0.0000000000e+00
2.3170000000e-04	2.3170000000e-04	0.0000000000e+00
3.8967000000e-03	3.8967000000e-03	0.0000000000e+00
4.1939000000e-02	4.1939000000e-02	0.0000000000e+00
2.2790000000e-01	2.2790000000e-01	0.0000000000e+00
8.2023000000e-01	8.2023000000e-01	0.0000000000e+00
1.9912000000e+00	1.9912000000e+00	0.0000000000e+00
3.6293000000e+00	3.6293000000e+00	0.0000000000e+00
5.2193000000e+00	5.2193000000e+00	0.0000000000e+00
6.7662000000e+00	6.7662000000e+00	0.0000000000e+00
7.4674000000e+00	7.4674000000e+00	0.0000000000e+00
7.4264000000e+00	7.4264000000e+00	0.0000000000e+00
6.7852000000e+00	6.7852000000e+00	0.0000000000e+00
5.6713000000e+00	5.6713000000e+00	0.0000000000e+00
4.3348000000e+00	4.3348000000e+00	0.0000000000e+00
3.0437000000e+00	3.0437000000e+00	0.0000000000e+00
1.9724000000e+00	1.9724000000e+00	0.0000000000e+00
1.1907000000e+00	1.1907000000e+00	0.0000000000e+00
6.7469000000e-01	6.7469000000e-01	0.0000000000e+00
3.6024000000e-01	3.6024000000e-01	0.0000000000e+00
1.8105000000e-01	1.8105000000e-01	0.0000000000e+00
8.6408000000e-02	8.6408000000e-02	0.0000000000e+00
3.8812000000e-02	3.8812000000e-02	0.0000000000e+00
1.6479000000e-02	1.6479000000e-02	0.0000000000e+00
6.6371000000e-03	6.6371000000e-03	0.0000000000e+00
2.5549000000e-03	2.5549000000e-03	0.0000000000e+00
9.2159000000e-04	9.2159000000e-04	0.0000000000e+00
3.1149000000e-04	3.1149000000e-04	0.0000000000e+00
1.0019000000e-04	1.0019000000e-04	0.0000000000e+00
3.0931000000e-05	3.0931000000e-05	0.0000000000e+00
8.7415000000e-06	8.7415000000e-06	0.0000000000e+00
2.4051000000e-06	2.4051000000e-06	0.0000000000e+00
6.0397000000e-07	6.0397000000e-07	0.0000000000e+00
1.4503000000e-07	1.4503000000e-07	0.0000000000e+00
3.3759000000e-08	3.3759000000e-08	0.0000000000e+00
7.0969000000e-09	7.0969000000e-09	0.0000000000e+00
1.4424000000e-09	1.4424000000e-09	0.0000000000e+00
2.7888000000e-10	2.7888000000e-10	0.0000000000e+00
5.0726000000e-11	5.0726000000e-11	0.0000000000e+00
8.8094000000e-12	8.8094000000e-12	0.0000000000e+00
1.4448000000e-12	1.4448000000e-12	0.0000000000e+00
2.2064000000e-13	2.2064000000e-13	0.0000000000e+00
3.0703000000e-14	3.0703000000e-14	0.0000000000e+00
4.1853000000e-15	4.1853000000e-15	0.0000000000e+00
5.5347000000e-16	5.5347000000e-16	0.0000000000e+00
7.4616000000e-17	7.4616000000e-17	0.0000000000e+00
8.8641000000e-18	8.8641000000e-18	0.0000000000e+00
9.7805000000e-19	9.7805000000e-19	0.0000000000e+00
1.1987000000e-19	1.1987000000e-19	0.0000000000e+00
1.2649000000e-20	1.2649000000e-20	0.0000000000e+00
1.0433000000e-21	1.0433000000e-21	0.0000000000e+00
1.1309000000e-22	1.1309000000e-22	0.0000000000e+00
9.8772000000e-24	9.8772000000e-24	0.0000000000e+00
8.1099000000e-25	8.1099000000e-25	0.0000000000e+00
6.3549000000e-26	6.3549000000e-26	0.0000000000e+00
4.7071000000e-27	4.7071000000e-27	0.0000000000e+00
3.2929000000e-28	3.2929000000e-28	0.0000000000e+00
2.1845000000e-29	2.1845000000e-29	0.0000000000e+00
1.3744000000e-30	1.3744000000e-30	0.0000000000e+00
8.2014000000e-32	8.2014000000e-32	0.0000000000e+00
4.6418000000e-33	4.6418000000e-33	0.0000000000e+00
2.4920000000e-34	2.4920000000e-34	0.0000000000e+00
1.2690000000e-35	1.2690000000e-35	0.0000000000e+00
6.1302000000e-37	6.1302000000e-37	0.0000000000e+00
2.8093000000e-38	2.8092000000e-38	1.5459445829e-05
1.2213000000e-39	1.2212000000e-39	3.5561472438e-05
5.0369000000e-41	5.0288000000e-41	6.9896501242e-04
1.9708000000e-42	1.9268000000e-42	9.8059159605e-03
7.3159000000e-44	3.5032000000e-44	3.1980282835e-01
2.5765000000e-45	0.0000000000e+00	NA
8.6087000000e-47	0.0000000000e+00	NA
2.7289000000e-48	0.0000000000e+00	NA
8.2072000000e-50	0.0000000000e+00	NA
9.4687000000e-116	0.0000000000e+00	NA
1.0410000000e-109	0.0000000000e+00	NA
7.7385000000e-104	0.0000000000e+00	NA
3.9252000000e-98	0.0000000000e+00	NA
1.3646000000e-92	0.0000000000e+00	NA
3.2583000000e-87	0.0000000000e+00	NA
5.3449000000e-82	0.0000000000e+00	NA
6.0281000000e-77	0.0000000000e+00	NA
4.6799000000e-72	0.0000000000e+00	NA
2.5171000000e-67	0.0000000000e+00	NA
9.6085000000e-63	0.0000000000e+00	NA
2.5657000000e-58	0.0000000000e+00	NA
4.8580000000e-54	0.0000000000e+00	NA
6.6309000000e-50	0.0000000000e+00	NA
6.6379000000e-46	0.0000000000e+00	NA
4.9377000000e-42	4.9340000000e-42	3.2555479974e-04
2.2416000000e-38	2.2416000000e-38	0.0000000000e+00
1.0395000000e-34	1.0395000000e-34	0.0000000000e+00
2.0596000000e-31	2.0596000000e-31	0.0000000000e+00
2.8239000000e-28	2.8239000000e-28	0.0000000000e+00
3.6621000000e-25	3.6621000000e-25	0.0000000000e+00
2.9446000000e-22	2.9446000000e-22	0.0000000000e+00
1.5663000000e-19	1.5663000000e-19	0.0000000000e+00
5.7696000000e-17	5.7697000000e-17	-7.5272240416e-06
1.5145000000e-14	1.5145000000e-14	0.0000000000e+00
2.7837000000e-12	2.7837000000e-12	0.0000000000e+00
2.8638000000e-10	2.8638000000e-10	0.0000000000e+00
2.0842000000e-08	2.0842000000e-08	0.0000000000e+00
8.6487000000e-07	8.6487000000e-07	0.0000000000e+00
2.5982000000e-05	2.5982000000e-05	0.0000000000e+00
5.3050000000e-04	5.3050000000e-04	0.0000000000e+00
5.7043000000e-03	5.7043000000e-03	0.0000000000e+00
4.1323000000e-02	4.1323000000e-02	0.0000000000e+00
1.8234000000e-01	1.8234000000e-01	0.0000000000e+00
5.6657000000e-01	5.6657000000e-01	0.0000000000e+00
1.2615000000e+00	1.2615000000e+00	0.0000000000e+00
2.3048000000e+00	2.3048000000e+00	0.0000000000e+00
3.5230000000e+00	3.5230000000e+00	0.0000000000e+00
4.5341000000e+00	4.5341000000e+00	0.0000000000e+00
5.2959000000e+00	5.2959000000e+00	0.0000000000e+00
5.5584000000e+00	5.5584000000e+00	0.0000000000e+00
5.2316000000e+00	5.2316000000e+00	0.0000000000e+00
4.5099000000e+00	4.5099000000e+00	0.0000000000e+00
3.5831000000e+00	3.5831000000e+00	0.0000000000e+00
2.6221000000e+00	2.6221000000e+00	0.0000000000e+00
1.7945000000e+00	1.7945000000e+00	0.0000000000e+00
1.1539000000e+00	1.1539000000e+00	0.0000000000e+00
6.9967000000e-01	6.9967000000e-01	0.0000000000e+00
4.0039000000e-01	4.0039000000e-01	0.0000000000e+00
2.1675000000e-01	2.1675000000e-01	0.0000000000e+00
1.1074000000e-01	1.1074000000e-01	0.0000000000e+00
5.3542000000e-02	5.3542000000e-02	0.0000000000e+00
2.4510000000e-02	2.4510000000e-02	0.0000000000e+00
1.0653000000e-02	1.0653000000e-02	0.0000000000e+00
4.5051000000e-03	4.5051000000e-03	0.0000000000e+00
1.6869000000e-03	1.6869000000e-03	0.0000000000e+00
6.2407000000e-04	6.2407000000e-04	0.0000000000e+00
2.1712000000e-04	2.1712000000e-04	0.0000000000e+00
7.1041000000e-05	7.1041000000e-05	0.0000000000e+00
2.1828000000e-05	2.1828000000e-05	0.0000000000e+00
6.3762000000e-06	6.3762000000e-06	0.0000000000e+00
1.7483000000e-06	1.7483000000e-06	0.0000000000e+00
4.5732000000e-07	4.5732000000e-07	0.0000000000e+00
1.1239000000e-07	1.1239000000e-07	0.0000000000e+00
2.5413000000e-08	2.5413000000e-08	0.0000000000e+00
5.5955000000e-09	5.5955000000e-09	0.0000000000e+00
1.1559000000e-09	1.1559000000e-09	0.0000000000e+00
2.2818000000e-10	2.2818000000e-10	0.0000000000e+00
4.2187000000e-11	4.2187000000e-11	0.0000000000e+00
7.3465000000e-12	7.3465000000e-12	0.0000000000e+00
1.2210000000e-12	1.2210000000e-12	0.0000000000e+00
1.8509000000e-13	1.8509000000e-13	0.0000000000e+00
2.8147000000e-14	2.8147000000e-14	0.0000000000e+00
3.9962000000e-15	3.9962000000e-15	0.0000000000e+00
5.6553000000e-16	5.6553000000e-16	0.0000000000e+00
7.5344000000e-17	7.5344000000e-17	0.0000000000e+00
8.6856000000e-18	8.6857000000e-18	-5.0001379506e-06
9.6366000000e-19	9.6366000000e-19	0.0000000000e+00
1.0024000000e-19	1.0024000000e-19	0.0000000000e+00
1.0483000000e-20	1.0483000000e-20	0.0000000000e+00
1.2337000000e-21	1.2337000000e-21	0.0000000000e+00
1.0673000000e-22	1.0673000000e-22	0.0000000000e+00
1.0261000000e-23	1.0261000000e-23	0.0000000000e+00
8.9724000000e-25	8.9724000000e-25	0.0000000000e+00
7.1073000000e-26	7.1073000000e-26	0.0000000000e+00
5.3377000000e-27	5.3377000000e-27	0.0000000000e+00
3.8010000000e-28	3.8010000000e-28	0.0000000000e+00
2.5665000000e-29	2.5665000000e-29	0.0000000000e+00
1.6434000000e-30	1.6434000000e-30	0.0000000000e+00
9.9796000000e-32	9.9796000000e-32	0.0000000000e+00
5.7474000000e-33	5.7474000000e-33	0.0000000000e+00
3.1394000000e-34	3.1394000000e-34	0.0000000000e+00
1.6265000000e-35	1.6265000000e-35	0.0000000000e+00
7.9928000000e-37	7.9928000000e-37	0.0000000000e+00
3.7257000000e-38	3.7257000000e-38	0.0000000000e+00
1.6474000000e-39	1.6473000000e-39	2.6363218626e-05
6.9098000000e-41	6.9032000000e-41	4.1502118275e-04
2.7494000000e-42	2.6961000000e-42	8.5019319218e-03
1.0378000000e-43	5.4651000000e-44	2.7851555331e-01
3.7160000000e-45	0.0000000000e+00	NA
1.2623000000e-46	0.0000000000e+00	NA
2.6449000000e-116	0.0000000000e+00	NA
2.8987000000e-110	0.0000000000e+00	NA
2.1482000000e-104	0.0000000000e+00	NA
1.0861000000e-98	0.0000000000e+00	NA
3.7581000000e-93	0.0000000000e+00	NA
8.9356000000e-88	0.0000000000e+00	NA
1.4569000000e-82	0.0000000000e+00	NA
1.6313000000e-77	0.0000000000e+00	NA
1.2546000000e-72	0.0000000000e+00	NA
6.6367000000e-68	0.0000000000e+00	NA
2.4772000000e-63	0.0000000000e+00	NA
6.4553000000e-59	0.0000000000e+00	NA
1.1804000000e-54	0.0000000000e+00	NA
1.5263000000e-50	0.0000000000e+00	NA
1.4137000000e-46	0.0000000000e+00	NA
9.7818000000e-43	9.6409000000e-43	6.3012007570e-03
4.7193000000e-39	4.7193000000e-39	0.0000000000e+00
1.7853000000e-35	1.7853000000e-35	0.0000000000e+00
3.9304000000e-32	3.9304000000e-32	0.0000000000e+00
5.8244000000e-29	5.8244000000e-29	0.0000000000e+00
6.4442000000e-26	6.4442000000e-26	0.0000000000e+00
4.7208000000e-23	4.7208000000e-23	0.0000000000e+00
2.6783000000e-20	2.6783000000e-20	0.0000000000e+00
8.0889000000e-18	8.0889000000e-18	0.0000000000e+00
2.0044000000e-15	2.0044000000e-15	0.0000000000e+00
3.2207000000e-13	3.2207000000e-13	0.0000000000e+00
3.1492000000e-11	3.1492000000e-11	0.0000000000e+00
1.9998000000e-09	1.9998000000e-09	0.0000000000e+00
8.6564000000e-08	8.6564000000e-08	0.0000000000e+00
3.0170000000e-06	3.0170000000e-06	0.0000000000e+00
5.6146000000e-05	5.6146000000e-05	0.0000000000e+00
7.3988000000e-04	7.3988000000e-04	0.0000000000e+00
5.8130000000e-03	5.8130000000e-03	0.0000000000e+00
3.2058000000e-02	3.2058000000e-02	0.0000000000e+00
1.2485000000e-01	1.2485000000e-01	0.0000000000e+00
3.5476000000e-01	3.5476000000e-01	0.0000000000e+00
7.6231000000e-01	7.6231000000e-01	0.0000000000e+00
1.3737000000e+00	1.3737000000e+00	0.0000000000e+00
2.1011000000e+00	2.1011000000e+00	0.0000000000e+00
2.8929000000e+00	2.8929000000e+00	0.0000000000e+00
3.3978000000e+00	3.3978000000e+00	0.0000000000e+00
3.6542000000e+00	3.6542000000e+00	0.0000000000e+00
3.6084000000e+00	3.6084000000e+00	0.0000000000e+00
3.1949000000e+00	3.1949000000e+00	0.0000000000e+00
2.6571000000e+00	2.6571000000e+00	0.0000000000e+00
2.0577000000e+00	2.0577000000e+00	0.0000000000e+00
1.5001000000e+00	1.5001000000e+00	0.0000000000e+00
1.0315000000e+00	1.0315000000e+00	0.0000000000e+00
6.7065000000e-01	6.7065000000e-01	0.0000000000e+00
4.1214000000e-01	4.1214000000e-01	0.0000000000e+00
2.3953000000e-01	2.3953000000e-01	0.0000000000e+00
1.3156000000e-01	1.3156000000e-01	0.0000000000e+00
6.8556000000e-02	6.8556000000e-02	0.0000000000e+00
3.3761000000e-02	3.3761000000e-02	0.0000000000e+00
1.5753000000e-02	1.5753000000e-02	0.0000000000e+00
6.8870000000e-03	6.8870000000e-03	0.0000000000e+00
2.9203000000e-03	2.9203000000e-03	0.0000000000e+00
1.1277000000e-03	1.1277000000e-03	0.0000000000e+00
4.2141000000e-04	4.2141000000e-04	0.0000000000e+00
1.5145000000e-04	1.5145000000e-04	0.0000000000e+00
5.1266000000e-05	5.1266000000e-05	0.0000000000e+00
1.5942000000e-05	1.5942000000e-05	0.0000000000e+00
4.6504000000e-06	4.6504000000e-06	0.0000000000e+00
1.3280000000e-06	1.3280000000e-06	0.0000000000e+00
3.4467000000e-07	3.4467000000e-07	0.0000000000e+00
8.7290000000e-08	8.7290000000e-08	0.0000000000e+00
2.0083000000e-08	2.0083000000e-08	0.0000000000e+00
4.4921000000e-09	4.4921000000e-09	0.0000000000e+00
9.4355000000e-10	9.4355000000e-10	0.0000000000e+00
1.9151000000e-10	1.9151000000e-10	0.0000000000e+00
3.5643000000e-11	3.5643000000e-11	0.0000000000e+00
6.3013000000e-12	6.3013000000e-12	0.0000000000e+00
1.0603000000e-12	1.0603000000e-12	0.0000000000e+00
1.6948000000e-13	1.6948000000e-13	0.0000000000e+00
2.6253000000e-14	2.6253000000e-14	0.0000000000e+00
3.6267000000e-15	3.6267000000e-15	0.0000000000e+00
4.8672000000e-16	4.8672000000e-16	0.0000000000e+00
6.7206000000e-17	6.7206000000e-17	0.0000000000e+00
7.8013000000e-18	7.8013000000e-18	0.0000000000e+00
8.5898000000e-19	8.5898000000e-19	0.0000000000e+00
1.1438000000e-19	1.1438000000e-19	0.0000000000e+00
1.0901000000e-20	1.0901000000e-20	0.0000000000e+00
1.0709000000e-21	1.0709000000e-21	0.0000000000e+00
1.1586000000e-22	1.1586000000e-22	0.0000000000e+00
1.1535000000e-23	1.1535000000e-23	0.0000000000e+00
9.8104000000e-25	9.8104000000e-25	0.0000000000e+00
7.9097000000e-26	7.9097000000e-26	0.0000000000e+00
6.0458000000e-27	6.0458000000e-27	0.0000000000e+00
4.3814000000e-28	4.3814000000e-28	0.0000000000e+00
3.0106000000e-29	3.0106000000e-29	0.0000000000e+00
1.9615000000e-30	1.9615000000e-30	0.0000000000e+00
1.2119000000e-31	1.2119000000e-31	0.0000000000e+00
7.1009000000e-33	7.1009000000e-33	0.0000000000e+00
3.9458000000e-34	3.9458000000e-34	0.0000000000e+00
2.0794000000e-35	2.0794000000e-35	0.0000000000e+00
1.0394000000e-36	1.0394000000e-36	0.0000000000e+00
4.9273000000e-38	4.9273000000e-38	0.0000000000e+00
2.2157000000e-39	2.2156000000e-39	1.9601222304e-05
9.4503000000e-41	9.4435000000e-41	3.1261076167e-04
3.8234000000e-42	3.7821000000e-42	4.7167282645e-03
1.4673000000e-43	1.0229000000e-43	1.5668573893e-01
5.1433000000e-117	0.0000000000e+00	NA
5.6169000000e-111	0.0000000000e+00	NA
4.1481000000e-105	0.0000000000e+00	NA
2.0896000000e-99	0.0000000000e+00	NA
7.2094000000e-94	0.0000000000e+00	NA
1.7062000000e-88	0.0000000000e+00	NA
2.7691000000e-83	0.0000000000e+00	NA
3.0824000000e-78	0.0000000000e+00	NA
2.3549000000e-73	0.0000000000e+00	NA
1.2341000000e-68	0.0000000000e+00	NA
4.5012000000e-64	0.0000000000e+00	NA
1.1514000000e-59	0.0000000000e+00	NA
2.0462000000e-55	0.0000000000e+00	NA
2.5218000000e-51	0.0000000000e+00	NA
2.1578000000e-47	0.0000000000e+00	NA
1.3228000000e-43	1.1911000000e-43	4.5545961598e-02
7.7630000000e-40	7.7630000000e-40	0.0000000000e+00
2.4578000000e-36	2.4578000000e-36	0.0000000000e+00
7.1261000000e-33	7.1261000000e-33	0.0000000000e+00
9.9837000000e-30	9.9837000000e-30	0.0000000000e+00
8.7989000000e-27	8.7989000000e-27	0.0000000000e+00
5.7733000000e-24	5.7733000000e-24	0.0000000000e+00
2.7182000000e-21	2.7182000000e-21	0.0000000000e+00
9.4684000000e-19	9.4684000000e-19	0.0000000000e+00
1.9413000000e-16	1.9413000000e-16	0.0000000000e+00
3.1414000000e-14	3.1414000000e-14	0.0000000000e+00
2.8527000000e-12	2.8527000000e-12	0.0000000000e+00
2.0100000000e-10	2.0100000000e-10	0.0000000000e+00
7.6181000000e-09	7.6181000000e-09	0.0000000000e+00
2.4182000000e-07	2.4182000000e-07	0.0000000000e+00
4.2392000000e-06	4.2392000000e-06	0.0000000000e+00
6.8234000000e-05	6.8234000000e-05	0.0000000000e+00
7.1927000000e-04	7.1927000000e-04	0.0000000000e+00
4.3037000000e-03	4.3037000000e-03	0.0000000000e+00
2.0614000000e-02	2.0614000000e-02	0.0000000000e+00
7.4264000000e-02	7.4264000000e-02	0.0000000000e+00
1.9414000000e-01	1.9414000000e-01	0.0000000000e+00
4.3357000000e-01	4.3357000000e-01	0.0000000000e+00
7.6291000000e-01	7.6291000000e-01	0.0000000000e+00
1.1732000000e+00	1.1732000000e+00	0.0000000000e+00
1.6369000000e+00	1.6369000000e+00	0.0000000000e+00
1.9966000000e+00	1.9966000000e+00	0.0000000000e+00
2.2004000000e+00	2.2004000000e+00	0.0000000000e+00
2.2061000000e+00	2.2061000000e+00	0.0000000000e+00
2.0551000000e+00	2.0551000000e+00	0.0000000000e+00
1.7950000000e+00	1.7950000000e+00	0.0000000000e+00
1.4833000000e+00	1.4833000000e+00	0.0000000000e+00
1.1567000000e+00	1.1567000000e+00	0.0000000000e+00
8.5425000000e-01	8.5425000000e-01	0.0000000000e+00
5.9543000000e-01	5.9543000000e-01	0.0000000000e+00
3.9253000000e-01	3.9253000000e-01	0.0000000000e+00
2.4483000000e-01	2.4483000000e-01	0.0000000000e+00
1.4450000000e-01	1.4450000000e-01	0.0000000000e+00
8.0709000000e-02	8.0709000000e-02	0.0000000000e+00
4.2645000000e-02	4.2645000000e-02	0.0000000000e+00
2.1374000000e-02	2.1374000000e-02	0.0000000000e+00
1.0085000000e-02	1.0085000000e-02	0.0000000000e+00
4.6177000000e-03	4.6177000000e-03	0.0000000000e+00
1.9816000000e-03	1.9816000000e-03	0.0000000000e+00
7.8762000000e-04	7.8762000000e-04	0.0000000000e+00
3.0011000000e-04	3.0011000000e-04	0.0000000000e+00
1.1462000000e-04	1.1462000000e-04	0.0000000000e+00
3.6409000000e-05	3.6409000000e-05	0.0000000000e+00
1.1636000000e-05	1.1636000000e-05	0.0000000000e+00
3.4793000000e-06	3.4793000000e-06	0.0000000000e+00
1.0284000000e-06	1.0284000000e-06	0.0000000000e+00
2.6416000000e-07	2.6416000000e-07	0.0000000000e+00
6.7105000000e-08	6.7105000000e-08	0.0000000000e+00
1.5780000000e-08	1.5780000000e-08	0.0000000000e+00
3.6070000000e-09	3.6070000000e-09	0.0000000000e+00
7.7928000000e-10	7.7928000000e-10	0.0000000000e+00
1.5767000000e-10	1.5767000000e-10	0.0000000000e+00
2.9875000000e-11	2.9875000000e-11	0.0000000000e+00
5.4020000000e-12	5.4020000000e-12	0.0000000000e+00
9.2597000000e-13	9.2597000000e-13	0.0000000000e+00
1.4915000000e-13	1.4915000000e-13	0.0000000000e+00
2.3887000000e-14	2.3887000000e-14	0.0000000000e+00
3.6625000000e-15	3.6625000000e-15	0.0000000000e+00
4.4850000000e-16	4.4850000000e-16	0.0000000000e+00
6.0429000000e-17	6.0429000000e-17	0.0000000000e+00
7.4979000000e-18	7.4979000000e-18	0.0000000000e+00
8.8550000000e-19	8.8550000000e-19	0.0000000000e+00
1.0113000000e-19	1.0113000000e-19	0.0000000000e+00
1.2150000000e-20	1.2150000000e-20	0.0000000000e+00
1.3852000000e-21	1.3852000000e-21	0.0000000000e+00
1.3558000000e-22	1.3558000000e-22	0.0000000000e+00
1.2381000000e-23	1.2381000000e-23	0.0000000000e+00
1.0716000000e-24	1.0716000000e-24	0.0000000000e+00
8.7919000000e-26	8.7919000000e-26	0.0000000000e+00
6.8381000000e-27	6.8381000000e-27	0.0000000000e+00
5.0422000000e-28	5.0422000000e-28	0.0000000000e+00
3.5249000000e-29	3.5249000000e-29	0.0000000000e+00
2.3365000000e-30	2.3365000000e-30	0.0000000000e+00
1.4686000000e-31	1.4686000000e-31	0.0000000000e+00
8.7526000000e-33	8.7526000000e-33	0.0000000000e+00
4.9468000000e-34	4.9468000000e-34	0.0000000000e+00
2.6515000000e-35	2.6515000000e-35	0.0000000000e+00
1.3478000000e-36	1.3478000000e-36	0.0000000000e+00
6.4977000000e-38	6.4976000000e-38	6.6838700439e-06
2.9710000000e-39	2.9710000000e-39	0.0000000000e+00
1.2884000000e-40	1.2878000000e-40	2.0229539155e-04
6.9786000000e-118	0.0000000000e+00	NA
7.5816000000e-112	0.0000000000e+00	NA
5.5782000000e-106	0.0000000000e+00	NA
2.8059000000e-100	0.0000000000e+00	NA
9.6508000000e-95	0.0000000000e+00	NA
2.2754000000e-89	0.0000000000e+00	NA
3.6827000000e-84	0.0000000000e+00	NA
4.0822000000e-79	0.0000000000e+00	NA
3.1058000000e-74	0.0000000000e+00	NA
1.6212000000e-69	0.0000000000e+00	NA
5.8290000000e-65	0.0000000000e+00	NA
1.4729000000e-60	0.0000000000e+00	NA
2.5906000000e-56	0.0000000000e+00	NA
3.1595000000e-52	0.0000000000e+00	NA
2.7185000000e-48	0.0000000000e+00	NA
1.8330000000e-44	5.6052000000e-45	5.1457135163e-01
1.2425000000e-40	1.2422000000e-40	1.0487249584e-04
2.5369000000e-37	2.5369000000e-37	0.0000000000e+00
7.5305000000e-34	7.5305000000e-34	0.0000000000e+00
7.3651000000e-31	7.3651000000e-31	0.0000000000e+00
7.1569000000e-28	7.1569000000e-28	0.0000000000e+00
5.2325000000e-25	5.2324000000e-25	8.3000216327e-06
2.5754000000e-22	2.5754000000e-22	0.0000000000e+00
7.0109000000e-20	7.0109000000e-20	0.0000000000e+00
1.5799000000e-17	1.5799000000e-17	0.0000000000e+00
2.3713000000e-15	2.3713000000e-15	0.0000000000e+00
2.0314000000e-13	2.0314000000e-13	0.0000000000e+00
1.4848000000e-11	1.4848000000e-11	0.0000000000e+00
5.5247000000e-10	5.5247000000e-10	0.0000000000e+00
1.6743000000e-08	1.6743000000e-08	0.0000000000e+00
4.2053000000e-07	4.2053000000e-07	0.0000000000e+00
6.8327000000e-06	6.8327000000e-06	0.0000000000e+00
7.0711000000e-05	7.0711000000e-05	0.0000000000e+00
5.4306000000e-04	5.4306000000e-04	0.0000000000e+00
3.0303000000e-03	3.0303000000e-03	0.0000000000e+00
1.2638000000e-02	1.2638000000e-02	0.0000000000e+00
3.8883000000e-02	3.8883000000e-02	0.0000000000e+00
1.0296000000e-01	1.0296000000e-01	0.0000000000e+00
2.0975000000e-01	2.0975000000e-01	0.0000000000e+00
3.7520000000e-01	3.7520000000e-01	0.0000000000e+00
5.8152000000e-01	5.8152000000e-01	0.0000000000e+00
8.0549000000e-01	8.0549000000e-01	0.0000000000e+00
1.0102000000e+00	1.0102000000e+00	0.0000000000e+00
1.1474000000e+00	1.1474000000e+00	0.0000000000e+00
1.2090000000e+00	1.2090000000e+00	0.0000000000e+00
1.1982000000e+00	1.1982000000e+00	0.0000000000e+00
1.1232000000e+00	1.1232000000e+00	0.0000000000e+00
9.9459000000e-01	9.9459000000e-01	0.0000000000e+00
8.2954000000e-01	8.2954000000e-01	0.0000000000e+00
6.5477000000e-01	6.5477000000e-01	0.0000000000e+00
4.8930000000e-01	4.8930000000e-01	0.0000000000e+00
3.4590000000e-01	3.4590000000e-01	0.0000000000e+00
2.3147000000e-01	2.3147000000e-01	0.0000000000e+00
1.4660000000e-01	1.4660000000e-01	0.0000000000e+00
8.7893000000e-02	8.7893000000e-02	0.0000000000e+00
4.9944000000e-02	4.9944000000e-02	0.0000000000e+00
2.7056000000e-02	2.7056000000e-02	0.0000000000e+00
1.3843000000e-02	1.3843000000e-02	0.0000000000e+00
6.5597000000e-03	6.5597000000e-03	0.0000000000e+00
3.1161000000e-03	3.1161000000e-03	0.0000000000e+00
1.4287000000e-03	1.4287000000e-03	0.0000000000e+00
6.1179000000e-04	6.1179000000e-04	0.0000000000e+00
2.1296000000e-04	2.1296000000e-04	0.0000000000e+00
7.7299000000e-05	7.7299000000e-05	0.0000000000e+00
2.8201000000e-05	2.8201000000e-05	0.0000000000e+00
8.9292000000e-06	8.9292000000e-06	0.0000000000e+00
2.5465000000e-06	2.5465000000e-06	0.0000000000e+00
7.2021000000e-07	7.2021000000e-07	0.0000000000e+00
2.1072000000e-07	2.1072000000e-07	0.0000000000e+00
5.3928000000e-08	5.3928000000e-08	0.0000000000e+00
1.2743000000e-08	1.2743000000e-08	0.0000000000e+00
3.0019000000e-09	3.0019000000e-09	0.0000000000e+00
6.2348000000e-10	6.2348000000e-10	0.0000000000e+00
1.2793000000e-10	1.2793000000e-10	0.0000000000e+00
2.5086000000e-11	2.5086000000e-11	0.0000000000e+00
4.6320000000e-12	4.6320000000e-12	0.0000000000e+00
8.1111000000e-13	8.1111000000e-13	0.0000000000e+00
1.3340000000e-13	1.3340000000e-13	0.0000000000e+00
2.0140000000e-14	2.0140000000e-14	0.0000000000e+00
3.0633000000e-15	3.0633000000e-15	0.0000000000e+00
4.3217000000e-16	4.3217000000e-16	0.0000000000e+00
5.6562000000e-17	5.6562000000e-17	0.0000000000e+00
7.6016000000e-18	7.6016000000e-18	0.0000000000e+00
1.0341000000e-18	1.0341000000e-18	0.0000000000e+00
1.2655000000e-19	1.2655000000e-19	0.0000000000e+00
1.2565000000e-20	1.2565000000e-20	0.0000000000e+00
1.4573000000e-21	1.4573000000e-21	0.0000000000e+00
1.4287000000e-22	1.4287000000e-22	0.0000000000e+00
1.3275000000e-23	1.3275000000e-23	0.0000000000e+00
1.1690000000e-24	1.1690000000e-24	0.0000000000e+00
9.7581000000e-26	9.7581000000e-26	0.0000000000e+00
7.7212000000e-27	7.7212000000e-27	0.0000000000e+00
5.7918000000e-28	5.7918000000e-28	0.0000000000e+00
4.1188000000e-29	4.1188000000e-29	0.0000000000e+00
2.7771000000e-30	2.7771000000e-30	0.0000000000e+00
1.7753000000e-31	1.7753000000e-31	0.0000000000e+00
1.0761000000e-32	1.0761000000e-32	0.0000000000e+00
6.1856000000e-34	6.1856000000e-34	0.0000000000e+00
3.3715000000e-35	3.3715000000e-35	0.0000000000e+00
1.7427000000e-36	1.7427000000e-36	0.0000000000e+00
8.5427000000e-38	8.5427000000e-38	0.0000000000e+00
6.6050000000e-119	0.0000000000e+00	NA
7.1469000000e-113	0.0000000000e+00	NA
5.2448000000e-107	0.0000000000e+00	NA
2.6280000000e-101	0.0000000000e+00	NA
9.0224000000e-96	0.0000000000e+00	NA
2.1242000000e-90	0.0000000000e+00	NA
3.4259000000e-85	0.0000000000e+00	NA
3.7940000000e-80	0.0000000000e+00	NA
2.8809000000e-75	0.0000000000e+00	NA
1.5051000000e-70	0.0000000000e+00	NA
5.4213000000e-66	0.0000000000e+00	NA
1.3548000000e-61	0.0000000000e+00	NA
2.3861000000e-57	0.0000000000e+00	NA
2.9532000000e-53	0.0000000000e+00	NA
2.6140000000e-49	0.0000000000e+00	NA
1.7781000000e-45	0.0000000000e+00	NA
1.3173000000e-41	1.3162000000e-41	3.6280536007e-04
3.5193000000e-38	3.5193000000e-38	0.0000000000e+00
6.2015000000e-35	6.2015000000e-35	0.0000000000e+00
4.8872000000e-32	4.8872000000e-32	0.0000000000e+00
5.0319000000e-29	5.0319000000e-29	0.0000000000e+00
3.3620000000e-26	3.3620000000e-26	0.0000000000e+00
1.3946000000e-23	1.3946000000e-23	0.0000000000e+00
4.2477000000e-21	4.2477000000e-21	0.0000000000e+00
9.1391000000e-19	9.1391000000e-19	0.0000000000e+00
1.2590000000e-16	1.2590000000e-16	0.0000000000e+00
1.3004000000e-14	1.3004000000e-14	0.0000000000e+00
8.7633000000e-13	8.7634000000e-13	-4.9558043660e-06
3.7645000000e-11	3.7645000000e-11	0.0000000000e+00
1.1671000000e-09	1.1671000000e-09	0.0000000000e+00
2.9047000000e-08	2.9047000000e-08	0.0000000000e+00
4.7279000000e-07	4.7279000000e-07	0.0000000000e+00
6.5361000000e-06	6.5361000000e-06	0.0000000000e+00
5.5306000000e-05	5.5306000000e-05	0.0000000000e+00
3.5597000000e-04	3.5597000000e-04	0.0000000000e+00
1.7200000000e-03	1.7200000000e-03	0.0000000000e+00
6.2635000000e-03	6.2635000000e-03	0.0000000000e+00
1.9144000000e-02	1.9144000000e-02	0.0000000000e+00
4.8607000000e-02	4.8607000000e-02	0.0000000000e+00
9.4319000000e-02	9.4319000000e-02	0.0000000000e+00
1.6949000000e-01	1.6949000000e-01	0.0000000000e+00
2.5568000000e-01	2.5568000000e-01	0.0000000000e+00
3.6128000000e-01	3.6128000000e-01	0.0000000000e+00
4.6396000000e-01	4.6396000000e-01	0.0000000000e+00
5.4790000000e-01	5.4790000000e-01	0.0000000000e+00
6.1081000000e-01	6.1081000000e-01	0.0000000000e+00
6.4741000000e-01	6.4741000000e-01	0.0000000000e+00
6.4996000000e-01	6.4996000000e-01	0.0000000000e+00
6.1349000000e-01	6.1349000000e-01	0.0000000000e+00
5.4837000000e-01	5.4837000000e-01	0.0000000000e+00
4.6394000000e-01	4.6394000000e-01	0.0000000000e+00
3.7169000000e-01	3.7169000000e-01	0.0000000000e+00
2.8161000000e-01	2.8161000000e-01	0.0000000000e+00
2.0199000000e-01	2.0199000000e-01	0.0000000000e+00
1.3719000000e-01	1.3719000000e-01	0.0000000000e+00
8.8179000000e-02	8.8179000000e-02	0.0000000000e+00
5.4228000000e-02	5.4228000000e-02	0.0000000000e+00
3.1320000000e-02	3.1320000000e-02	0.0000000000e+00
1.7405000000e-02	1.7405000000e-02	0.0000000000e+00
9.2403000000e-03	9.2403000000e-03	0.0000000000e+00
4.8620000000e-03	4.8620000000e-03	0.0000000000e+00
2.2809000000e-03	2.2809000000e-03	0.0000000000e+00
9.2083000000e-04	9.2083000000e-04	0.0000000000e+00
4.0829000000e-04	4.0829000000e-04	0.0000000000e+00
1.6711000000e-04	1.6711000000e-04	0.0000000000e+00
5.9051000000e-05	5.9051000000e-05	0.0000000000e+00
1.9277000000e-05	1.9277000000e-05	0.0000000000e+00
5.9936000000e-06	5.9936000000e-06	0.0000000000e+00
1.9651000000e-06	1.9651000000e-06	0.0000000000e+00
5.7908000000e-07	5.7908000000e-07	0.0000000000e+00
1.5398000000e-07	1.5398000000e-07	0.0000000000e+00
4.0342000000e-08	4.0342000000e-08	0.0000000000e+00
9.9896000000e-09	9.9896000000e-09	0.0000000000e+00
2.3611000000e-09	2.3611000000e-09	0.0000000000e+00
5.1417000000e-10	5.1417000000e-10	0.0000000000e+00
1.0643000000e-10	1.0643000000e-10	0.0000000000e+00
2.1300000000e-11	2.1300000000e-11	0.0000000000e+00
4.0197000000e-12	4.0197000000e-12	0.0000000000e+00
7.0675000000e-13	7.0675000000e-13	0.0000000000e+00
1.1728000000e-13	1.1728000000e-13	0.0000000000e+00
1.8518000000e-14	1.8518000000e-14	0.0000000000e+00
2.8422000000e-15	2.8422000000e-15	0.0000000000e+00
4.5354000000e-16	4.5354000000e-16	0.0000000000e+00
5.7913000000e-17	5.7913000000e-17	0.0000000000e+00
7.5307000000e-18	7.5307000000e-18	0.0000000000e+00
1.0554000000e-18	1.0554000000e-18	0.0000000000e+00
1.2898000000e-19	1.2898000000e-19	0.0000000000e+00
1.4326000000e-20	1.4326000000e-20	0.0000000000e+00
1.5078000000e-21	1.5078000000e-21	0.0000000000e+00
1.5038000000e-22	1.5038000000e-22	0.0000000000e+00
1.4214000000e-23	1.4214000000e-23	0.0000000000e+00
1.2733000000e-24	1.2733000000e-24	0.0000000000e+00
1.0812000000e-25	1.0812000000e-25	0.0000000000e+00
8.7019000000e-27	8.7019000000e-27	0.0000000000e+00
6.6392000000e-28	6.6392000000e-28	0.0000000000e+00
4.8021000000e-29	4.8021000000e-29	0.0000000000e+00
3.2929000000e-30	3.2929000000e-30	0.0000000000e+00
2.1408000000e-31	2.1408000000e-31	0.0000000000e+00
1.3196000000e-32	1.3196000000e-32	0.0000000000e+00
7.7131000000e-34	7.7131000000e-34	0.0000000000e+00
4.2748000000e-35	4.2748000000e-35	0.0000000000e+00
4.3732000000e-120	0.0000000000e+00	NA
4.7126000000e-114	0.0000000000e+00	NA
3.4497000000e-108	0.0000000000e+00	NA
1.7242000000e-102	0.0000000000e+00	NA
5.9036000000e-97	0.0000000000e+00	NA
1.3871000000e-91	0.0000000000e+00	NA
2.2377000000e-86	0.0000000000e+00	NA
2.4755000000e-81	0.0000000000e+00	NA
1.8816000000e-76	0.0000000000e+00	NA
9.8522000000e-72	0.0000000000e+00	NA
3.5676000000e-67	0.0000000000e+00	NA
8.9944000000e-63	0.0000000000e+00	NA
1.5924000000e-58	0.0000000000e+00	NA
1.9985000000e-54	0.0000000000e+00	NA
1.8077000000e-50	0.0000000000e+00	NA
1.2987000000e-46	0.0000000000e+00	NA
7.3001000000e-43	7.1326000000e-43	1.0080940081e-02
2.0408000000e-39	2.0408000000e-39	0.0000000000e+00
3.0583000000e-36	3.0583000000e-36	0.0000000000e+00
5.0976000000e-33	5.0976000000e-33	0.0000000000e+00
3.4851000000e-30	3.4851000000e-30	0.0000000000e+00
1.5058000000e-27	1.5058000000e-27	0.0000000000e+00
1.1768000000e-24	1.1768000000e-24	0.0000000000e+00
2.1590000000e-22	2.1590000000e-22	0.0000000000e+00
4.3488000000e-20	4.3488000000e-20	0.0000000000e+00
5.8556000000e-18	5.8556000000e-18	0.0000000000e+00
5.4391000000e-16	5.4391000000e-16	0.0000000000e+00
3.8743000000e-14	3.8743000000e-14	0.0000000000e+00
1.5869000000e-12	1.5869000000e-12	0.0000000000e+00
6.8480000000e-11	6.8480000000e-11	0.0000000000e+00
1.8205000000e-09	1.8205000000e-09	0.0000000000e+00
3.4773000000e-08	3.4773000000e-08	0.0000000000e+00
4.9520000000e-07	4.9520000000e-07	0.0000000000e+00
4.7199000000e-06	4.7199000000e-06	0.0000000000e+00
3.6709000000e-05	3.6709000000e-05	0.0000000000e+00
2.0875000000e-04	2.0875000000e-04	0.0000000000e+00
9.3520000000e-04	9.3520000000e-04	0.0000000000e+00
3.1231000000e-03	3.1231000000e-03	0.0000000000e+00
8.4650000000e-03	8.4650000000e-03	0.0000000000e+00
1.7445000000e-02	1.7445000000e-02	0.0000000000e+00
3.6158000000e-02	3.6158000000e-02	0.0000000000e+00
6.4387000000e-02	6.4387000000e-02	0.0000000000e+00
1.0055000000e-01	1.0055000000e-01	0.0000000000e+00
1.4436000000e-01	1.4436000000e-01	0.0000000000e+00
1.9309000000e-01	1.9309000000e-01	0.0000000000e+00
2.4270000000e-01	2.4270000000e-01	0.0000000000e+00
2.8866000000e-01	2.8866000000e-01	0.0000000000e+00
3.2452000000e-01	3.2452000000e-01	0.0000000000e+00
3.4608000000e-01	3.4608000000e-01	0.0000000000e+00
3.4975000000e-01	3.4975000000e-01	0.0000000000e+00
3.3443000000e-01	3.3443000000e-01	0.0000000000e+00
3.0399000000e-01	3.0399000000e-01	0.0000000000e+00
2.6083000000e-01	2.6083000000e-01	0.0000000000e+00
2.1132000000e-01	2.1132000000e-01	0.0000000000e+00
1.6258000000e-01	1.6258000000e-01	0.0000000000e+00
1.1837000000e-01	1.1837000000e-01	0.0000000000e+00
8.1677000000e-02	8.1677000000e-02	0.0000000000e+00
5.3866000000e-02	5.3866000000e-02	0.0000000000e+00
3.3510000000e-02	3.3510000000e-02	0.0000000000e+00
2.0812000000e-02	2.0812000000e-02	0.0000000000e+00
1.1578000000e-02	1.1578000000e-02	0.0000000000e+00
5.9726000000e-03	5.9726000000e-03	0.0000000000e+00
3.0936000000e-03	3.0936000000e-03	0.0000000000e+00
1.5317000000e-03	1.5317000000e-03	0.0000000000e+00
6.8067000000e-04	6.8067000000e-04	0.0000000000e+00
3.6645000000e-04	3.6645000000e-04	0.0000000000e+00
1.1518000000e-04	1.1518000000e-04	0.0000000000e+00
3.9211000000e-05	3.9211000000e-05	0.0000000000e+00
1.4031000000e-05	1.4031000000e-05	0.0000000000e+00
4.6030000000e-06	4.6030000000e-06	0.0000000000e+00
1.3544000000e-06	1.3544000000e-06	0.0000000000e+00
4.1603000000e-07	4.1603000000e-07	0.0000000000e+00
1.1825000000e-07	1.1825000000e-07	0.0000000000e+00
3.1286000000e-08	3.1286000000e-08	0.0000000000e+00
7.9172000000e-09	7.9172000000e-09	0.0000000000e+00
1.8323000000e-09	1.8323000000e-09	0.0000000000e+00
4.2517000000e-10	4.2517000000e-10	0.0000000000e+00
9.3525000000e-11	9.3525000000e-11	0.0000000000e+00
1.8285000000e-11	1.8285000000e-11	0.0000000000e+00
3.4437000000e-12	3.4437000000e-12	0.0000000000e+00
6.2046000000e-13	6.2046000000e-13	0.0000000000e+00
1.0858000000e-13	1.0858000000e-13	0.0000000000e+00
1.7214000000e-14	1.7214000000e-14	0.0000000000e+00
2.6798000000e-15	2.6798000000e-15	0.0000000000e+00
4.5515000000e-16	4.5515000000e-16	0.0000000000e+00
6.4614000000e-17	6.4614000000e-17	0.0000000000e+00
8.5838000000e-18	8.5838000000e-18	0.0000000000e+00
1.0803000000e-18	1.0803000000e-18	0.0000000000e+00
1.2882000000e-19	1.2882000000e-19	0.0000000000e+00
1.4553000000e-20	1.4553000000e-20	0.0000000000e+00
1.5580000000e-21	1.5580000000e-21	0.0000000000e+00
1.5805000000e-22	1.5805000000e-22	0.0000000000e+00
1.5195000000e-23	1.5195000000e-23	0.0000000000e+00
1.3845000000e-24	1.3845000000e-24	0.0000000000e+00
1.1956000000e-25	1.1956000000e-25	0.0000000000e+00
9.7866000000e-27	9.7866000000e-27	0.0000000000e+00
7.5936000000e-28	7.5936000000e-28	0.0000000000e+00
5.5854000000e-29	5.5854000000e-29	0.0000000000e+00
3.8947000000e-30	3.8947000000e-30	0.0000000000e+00
2.5747000000e-31	2.5748000000e-31	-1.6867442740e-05
1.6138000000e-32	1.6138000000e-32	0.0000000000e+00
2.0298000000e-121	0.0000000000e+00	NA
2.1784000000e-115	0.0000000000e+00	NA
1.5888000000e-109	0.0000000000e+00	NA
7.9345000000e-104	0.0000000000e+00	NA
2.7107000000e-98	0.0000000000e+00	NA
6.3606000000e-93	0.0000000000e+00	NA
1.0252000000e-87	0.0000000000e+00	NA
1.1356000000e-82	0.0000000000e+00	NA
8.6457000000e-78	0.0000000000e+00	NA
4.5431000000e-73	0.0000000000e+00	NA
1.6529000000e-68	0.0000000000e+00	NA
4.1970000000e-64	0.0000000000e+00	NA
7.5140000000e-60	0.0000000000e+00	NA
9.5937000000e-56	0.0000000000e+00	NA
8.9040000000e-52	0.0000000000e+00	NA
6.0468000000e-48	0.0000000000e+00	NA
2.8578000000e-44	7.0065000000e-45	6.1053070555e-01
6.5356000000e-41	6.5357000000e-41	-6.6450082534e-06
1.4833000000e-37	1.4833000000e-37	0.0000000000e+00
1.9783000000e-34	1.9783000000e-34	0.0000000000e+00
1.5238000000e-31	1.5238000000e-31	0.0000000000e+00
1.1162000000e-28	1.1162000000e-28	0.0000000000e+00
4.2342000000e-26	4.2342000000e-26	0.0000000000e+00
6.8492000000e-24	6.8492000000e-24	0.0000000000e+00
1.4653000000e-21	1.4653000000e-21	0.0000000000e+00
2.1173000000e-19	2.1173000000e-19	0.0000000000e+00
2.2327000000e-17	2.2327000000e-17	0.0000000000e+00
1.1951000000e-15	1.1951000000e-15	0.0000000000e+00
5.6894000000e-14	5.6894000000e-14	0.0000000000e+00
2.9841000000e-12	2.9841000000e-12	0.0000000000e+00
1.0050000000e-10	1.0050000000e-10	0.0000000000e+00
1.9955000000e-09	1.9955000000e-09	0.0000000000e+00
3.3106000000e-08	3.3106000000e-08	0.0000000000e+00
3.3820000000e-07	3.3820000000e-07	0.0000000000e+00
2.8472000000e-06	2.8472000000e-06	0.0000000000e+00
1.8812000000e-05	1.8812000000e-05	0.0000000000e+00
9.4079000000e-05	9.4079000000e-05	0.0000000000e+00
3.4387000000e-04	3.4387000000e-04	0.0000000000e+00
1.0902000000e-03	1.0902000000e-03	0.0000000000e+00
2.9680000000e-03	2.9680000000e-03	0.0000000000e+00
6.4054000000e-03	6.4054000000e-03	0.0000000000e+00
1.2207000000e-02	1.2207000000e-02	0.0000000000e+00
2.0750000000e-02	2.0750000000e-02	0.0000000000e+00
3.2682000000e-02	3.2682000000e-02	0.0000000000e+00
4.9594000000e-02	4.9594000000e-02	0.0000000000e+00
7.1122000000e-02	7.1122000000e-02	0.0000000000e+00
9.7375000000e-02	9.7375000000e-02	0.0000000000e+00
1.2383000000e-01	1.2383000000e-01	0.0000000000e+00
1.4894000000e-01	1.4894000000e-01	0.0000000000e+00
1.6972000000e-01	1.6972000000e-01	0.0000000000e+00
1.8360000000e-01	1.8360000000e-01	0.0000000000e+00
1.8917000000e-01	1.8917000000e-01	0.0000000000e+00
1.8341000000e-01	1.8341000000e-01	0.0000000000e+00
1.6870000000e-01	1.6870000000e-01	0.0000000000e+00
1.4662000000e-01	1.4662000000e-01	0.0000000000e+00
1.2050000000e-01	1.2050000000e-01	0.0000000000e+00
9.2765000000e-02	9.2765000000e-02	0.0000000000e+00
6.8692000000e-02	6.8692000000e-02	0.0000000000e+00
4.8634000000e-02	4.8634000000e-02	0.0000000000e+00
3.2807000000e-02	3.2807000000e-02	0.0000000000e+00
2.0745000000e-02	2.0745000000e-02	0.0000000000e+00
1.2679000000e-02	1.2679000000e-02	0.0000000000e+00
7.3918000000e-03	7.3918000000e-03	0.0000000000e+00
3.9694000000e-03	3.9694000000e-03	0.0000000000e+00
2.0228000000e-03	2.0228000000e-03	0.0000000000e+00
9.9498000000e-04	9.9498000000e-04	0.0000000000e+00
4.3802000000e-04	4.3802000000e-04	0.0000000000e+00
1.8389000000e-04	1.8389000000e-04	0.0000000000e+00
7.2463000000e-05	7.2463000000e-05	0.0000000000e+00
2.6852000000e-05	2.6852000000e-05	0.0000000000e+00
9.3672000000e-06	9.3672000000e-06	0.0000000000e+00
3.1025000000e-06	3.1025000000e-06	0.0000000000e+00
1.0229000000e-06	1.0229000000e-06	0.0000000000e+00
3.1131000000e-07	3.1131000000e-07	0.0000000000e+00
8.8482000000e-08	8.8482000000e-08	0.0000000000e+00
2.4831000000e-08	2.4831000000e-08	0.0000000000e+00
6.2227000000e-09	6.2227000000e-09	0.0000000000e+00
1.5823000000e-09	1.5823000000e-09	0.0000000000e+00
3.4417000000e-10	3.4417000000e-10	0.0000000000e+00
7.4138000000e-11	7.4138000000e-11	0.0000000000e+00
1.5187000000e-11	1.5187000000e-11	0.0000000000e+00
2.9635000000e-12	2.9635000000e-12	0.0000000000e+00
5.4930000000e-13	5.4930000000e-13	0.0000000000e+00
1.0328000000e-13	1.0328000000e-13	0.0000000000e+00
1.7949000000e-14	1.7949000000e-14	0.0000000000e+00
2.8533000000e-15	2.8533000000e-15	0.0000000000e+00
4.2961000000e-16	4.2961000000e-16	0.0000000000e+00
6.1273000000e-17	6.1273000000e-17	0.0000000000e+00
8.2785000000e-18	8.2785000000e-18	0.0000000000e+00
1.0596000000e-18	1.0596000000e-18	0.0000000000e+00
1.2850000000e-19	1.2850000000e-19	0.0000000000e+00
1.4764000000e-20	1.4764000000e-20	0.0000000000e+00
1.6074000000e-21	1.6074000000e-21	0.0000000000e+00
1.6584000000e-22	1.6584000000e-22	0.0000000000e+00
1.6214000000e-23	1.6214000000e-23	0.0000000000e+00
1.5023000000e-24	1.5023000000e-24	0.0000000000e+00
1.3193000000e-25	1.3193000000e-25	0.0000000000e+00
1.0982000000e-26	1.0982000000e-26	0.0000000000e+00
8.6643000000e-28	8.6643000000e-28	0.0000000000e+00
6.4801000000e-29	6.4801000000e-29	0.0000000000e+00
4.5944000000e-30	4.5944000000e-30	0.0000000000e+00
6.6345000000e-123	0.0000000000e+00	NA
7.0906000000e-117	0.0000000000e+00	NA
5.1605000000e-111	0.0000000000e+00	NA
2.5660000000e-105	0.0000000000e+00	NA
8.7530000000e-100	0.0000000000e+00	NA
2.0531000000e-94	0.0000000000e+00	NA
3.3070000000e-89	0.0000000000e+00	NA
3.6659000000e-84	0.0000000000e+00	NA
2.7991000000e-79	0.0000000000e+00	NA
1.4746000000e-74	0.0000000000e+00	NA
5.3811000000e-70	0.0000000000e+00	NA
1.3721000000e-65	0.0000000000e+00	NA
2.4627000000e-61	0.0000000000e+00	NA
3.1428000000e-57	0.0000000000e+00	NA
2.8810000000e-53	0.0000000000e+00	NA
1.7626000000e-49	0.0000000000e+00	NA
8.2150000000e-46	0.0000000000e+00	NA
1.9259000000e-42	1.9072000000e-42	4.2374951044e-03
4.2899000000e-39	4.2899000000e-39	0.0000000000e+00
5.3731000000e-36	5.3731000000e-36	0.0000000000e+00
4.1026000000e-33	4.1026000000e-33	0.0000000000e+00
1.5598000000e-30	1.5598000000e-30	0.0000000000e+00
7.2976000000e-28	7.2976000000e-28	0.0000000000e+00
2.7420000000e-25	2.7420000000e-25	0.0000000000e+00
5.2711000000e-23	5.2711000000e-23	0.0000000000e+00
5.8596000000e-21	5.8596000000e-21	0.0000000000e+00
5.4482000000e-19	5.4482000000e-19	0.0000000000e+00
4.0696000000e-17	4.0696000000e-17	0.0000000000e+00
2.5550000000e-15	2.5550000000e-15	0.0000000000e+00
1.2661000000e-13	1.2661000000e-13	0.0000000000e+00
3.9729000000e-12	3.9729000000e-12	0.0000000000e+00
8.5246000000e-11	8.5246000000e-11	0.0000000000e+00
1.4114000000e-09	1.4114000000e-09	0.0000000000e+00
1.9427000000e-08	1.9427000000e-08	0.0000000000e+00
1.8528000000e-07	1.8528000000e-07	0.0000000000e+00
1.4353000000e-06	1.4353000000e-06	0.0000000000e+00
6.8260000000e-06	6.8260000000e-06	0.0000000000e+00
3.0991000000e-05	3.0991000000e-05	0.0000000000e+00
1.0121000000e-04	1.0121000000e-04	0.0000000000e+00
2.6379000000e-04	2.6379000000e-04	0.0000000000e+00
6.7199000000e-04	6.7199000000e-04	0.0000000000e+00
1.6310000000e-03	1.6310000000e-03	0.0000000000e+00
3.1983000000e-03	3.1983000000e-03	0.0000000000e+00
5.9424000000e-03	5.9424000000e-03	0.0000000000e+00
1.0092000000e-02	1.0092000000e-02	0.0000000000e+00
1.6372000000e-02	1.6372000000e-02	0.0000000000e+00
2.5059000000e-02	2.5059000000e-02	0.0000000000e+00
3.5852000000e-02	3.5852000000e-02	0.0000000000e+00
4.8732000000e-02	4.8732000000e-02	0.0000000000e+00
6.2751000000e-02	6.2751000000e-02	0.0000000000e+00
7.5368000000e-02	7.5368000000e-02	0.0000000000e+00
8.9185000000e-02	8.9185000000e-02	0.0000000000e+00
9.8060000000e-02	9.8060000000e-02	0.0000000000e+00
1.0195000000e-01	1.0195000000e-01	0.0000000000e+00
9.7084000000e-02	9.7084000000e-02	0.0000000000e+00
8.9275000000e-02	8.9275000000e-02	0.0000000000e+00
7.7951000000e-02	7.7951000000e-02	0.0000000000e+00
6.5549000000e-02	6.5549000000e-02	0.0000000000e+00
5.3682000000e-02	5.3682000000e-02	0.0000000000e+00
4.0700000000e-02	4.0700000000e-02	0.0000000000e+00
2.9053000000e-02	2.9053000000e-02	0.0000000000e+00
1.9775000000e-02	1.9775000000e-02	0.0000000000e+00
1.2885000000e-02	1.2885000000e-02	0.0000000000e+00
7.7615000000e-03	7.7615000000e-03	0.0000000000e+00
4.6790000000e-03	4.6790000000e-03	0.0000000000e+00
2.6154000000e-03	2.6154000000e-03	0.0000000000e+00
1.2546000000e-03	1.2546000000e-03	0.0000000000e+00
6.0186000000e-04	6.0186000000e-04	0.0000000000e+00
2.8106000000e-04	2.8106000000e-04	0.0000000000e+00
1.2178000000e-04	1.2178000000e-04	0.0000000000e+00
4.7131000000e-05	4.7131000000e-05	0.0000000000e+00
1.7692000000e-05	1.7692000000e-05	0.0000000000e+00
6.5552000000e-06	6.5552000000e-06	0.0000000000e+00
2.2973000000e-06	2.2973000000e-06	0.0000000000e+00
7.8439000000e-07	7.8439000000e-07	0.0000000000e+00
2.3261000000e-07	2.3261000000e-07	0.0000000000e+00
6.8541000000e-08	6.8541000000e-08	0.0000000000e+00
2.0159000000e-08	2.0159000000e-08	0.0000000000e+00
5.2254000000e-09	5.2254000000e-09	0.0000000000e+00
1.2291000000e-09	1.2291000000e-09	0.0000000000e+00
2.8353000000e-10	2.8353000000e-10	0.0000000000e+00
6.0983000000e-11	6.0983000000e-11	0.0000000000e+00
1.2772000000e-11	1.2772000000e-11	0.0000000000e+00
2.6571000000e-12	2.6571000000e-12	0.0000000000e+00
5.2602000000e-13	5.2602000000e-13	0.0000000000e+00
9.4781000000e-14	9.4781000000e-14	0.0000000000e+00
1.6175000000e-14	1.6175000000e-14	0.0000000000e+00
2.6144000000e-15	2.6144000000e-15	0.0000000000e+00
4.0026000000e-16	4.0026000000e-16	0.0000000000e+00
5.8048000000e-17	5.8048000000e-17	0.0000000000e+00
7.9749000000e-18	7.9749000000e-18	0.0000000000e+00
1.0380000000e-18	1.0380000000e-18	0.0000000000e+00
1.2799000000e-19	1.2799000000e-19	0.0000000000e+00
1.4954000000e-20	1.4954000000e-20	0.0000000000e+00
1.6555000000e-21	1.6555000000e-21	0.0000000000e+00
1.7367000000e-22	1.7367000000e-22	0.0000000000e+00
1.7266000000e-23	1.7266000000e-23	0.0000000000e+00
1.6267000000e-24	1.6267000000e-24	0.0000000000e+00
1.4525000000e-25	1.4525000000e-25	0.0000000000e+00
1.2293000000e-26	1.2293000000e-26	0.0000000000e+00
9.8609000000e-28	9.8609000000e-28	0.0000000000e+00
1.5373000000e-124	0.0000000000e+00	NA
1.6333000000e-118	0.0000000000e+00	NA
1.1830000000e-112	0.0000000000e+00	NA
5.8670000000e-107	0.0000000000e+00	NA
1.9998000000e-101	0.0000000000e+00	NA
4.6771000000e-96	0.0000000000e+00	NA
7.5396000000e-91	0.0000000000e+00	NA
8.3630000000e-86	0.0000000000e+00	NA
6.3942000000e-81	0.0000000000e+00	NA
3.3781000000e-76	0.0000000000e+00	NA
1.2367000000e-71	0.0000000000e+00	NA
3.1522000000e-67	0.0000000000e+00	NA
5.6411000000e-63	0.0000000000e+00	NA
7.1317000000e-59	0.0000000000e+00	NA
6.3925000000e-55	0.0000000000e+00	NA
4.0314000000e-51	0.0000000000e+00	NA
1.7003000000e-47	0.0000000000e+00	NA
4.6265000000e-44	2.9427000000e-44	1.9650657725e-01
8.6082000000e-41	8.6075000000e-41	3.5317313557e-05
1.0254000000e-37	1.0254000000e-37	0.0000000000e+00
5.1803000000e-35	5.1803000000e-35	0.0000000000e+00
4.6606000000e-32	4.6606000000e-32	0.0000000000e+00
2.1246000000e-29	2.1246000000e-29	0.0000000000e+00
6.6432000000e-27	6.6432000000e-27	0.0000000000e+00
1.2542000000e-24	1.2542000000e-24	0.0000000000e+00
1.5764000000e-22	1.5764000000e-22	0.0000000000e+00
1.6207000000e-20	1.6207000000e-20	0.0000000000e+00
1.0750000000e-18	1.0750000000e-18	0.0000000000e+00
7.2949000000e-17	7.2949000000e-17	0.0000000000e+00
3.2729000000e-15	3.2729000000e-15	0.0000000000e+00
1.2800000000e-13	1.2800000000e-13	0.0000000000e+00
3.0325000000e-12	3.0325000000e-12	0.0000000000e+00
5.6050000000e-11	5.6050000000e-11	0.0000000000e+00
7.2215000000e-10	7.2216000000e-10	-6.0138679634e-06
9.4231000000e-09	9.4231000000e-09	0.0000000000e+00
7.7786000000e-08	7.7786000000e-08	0.0000000000e+00
4.5182000000e-07	4.5182000000e-07	0.0000000000e+00
2.1642000000e-06	2.1642000000e-06	0.0000000000e+00
8.0796000000e-06	8.0796000000e-06	0.0000000000e+00
2.6246000000e-05	2.6246000000e-05	0.0000000000e+00
7.2201000000e-05	7.2201000000e-05	0.0000000000e+00
1.8206000000e-04	1.8206000000e-04	0.0000000000e+00
4.0421000000e-04	4.0421000000e-04	0.0000000000e+00
8.0379000000e-04	8.0379000000e-04	0.0000000000e+00
1.5412000000e-03	1.5412000000e-03	0.0000000000e+00
2.8347000000e-03	2.8347000000e-03	0.0000000000e+00
4.9104000000e-03	4.9104000000e-03	0.0000000000e+00
7.8936000000e-03	7.8936000000e-03	0.0000000000e+00
1.2134000000e-02	1.2134000000e-02	0.0000000000e+00
1.7619000000e-02	1.7619000000e-02	0.0000000000e+00
2.4432000000e-02	2.4432000000e-02	0.0000000000e+00
3.1005000000e-02	3.1005000000e-02	0.0000000000e+00
3.8527000000e-02	3.8527000000e-02	0.0000000000e+00
4.5887000000e-02	4.5887000000e-02	0.0000000000e+00
5.1552000000e-02	5.1552000000e-02	0.0000000000e+00
5.3138000000e-02	5.3138000000e-02	0.0000000000e+00
4.8817000000e-02	4.8817000000e-02	0.0000000000e+00
4.9055000000e-02	4.9055000000e-02	0.0000000000e+00
4.5179000000e-02	4.5179000000e-02	0.0000000000e+00
3.8369000000e-02	3.8369000000e-02	0.0000000000e+00
3.1140000000e-02	3.1140000000e-02	0.0000000000e+00
2.3914000000e-02	2.3914000000e-02	0.0000000000e+00
1.7391000000e-02	1.7391000000e-02	0.0000000000e+00
1.1979000000e-02	1.1979000000e-02	0.0000000000e+00
7.9205000000e-03	7.9205000000e-03	0.0000000000e+00
4.8403000000e-03	4.8403000000e-03	0.0000000000e+00
2.8090000000e-03	2.8090000000e-03	0.0000000000e+00
1.5860000000e-03	1.5860000000e-03	0.0000000000e+00
8.5022000000e-04	8.5022000000e-04	0.0000000000e+00
4.2664000000e-04	4.2664000000e-04	0.0000000000e+00
1.7996000000e-04	1.7996000000e-04	0.0000000000e+00
7.7152000000e-05	7.7152000000e-05	0.0000000000e+00
3.2012000000e-05	3.2012000000e-05	0.0000000000e+00
1.3056000000e-05	1.3056000000e-05	0.0000000000e+00
4.8177000000e-06	4.8177000000e-06	0.0000000000e+00
1.6246000000e-06	1.6246000000e-06	0.0000000000e+00
5.7014000000e-07	5.7014000000e-07	0.0000000000e+00
1.8303000000e-07	1.8303000000e-07	0.0000000000e+00
5.0740000000e-08	5.0740000000e-08	0.0000000000e+00
1.5177000000e-08	1.5177000000e-08	0.0000000000e+00
3.7574000000e-09	3.7574000000e-09	0.0000000000e+00
9.4049000000e-10	9.4049000000e-10	0.0000000000e+00
2.2743000000e-10	2.2743000000e-10	0.0000000000e+00
5.1991000000e-11	5.1991000000e-11	0.0000000000e+00
1.1603000000e-11	1.1603000000e-11	0.0000000000e+00
2.3695000000e-12	2.3695000000e-12	0.0000000000e+00
4.5828000000e-13	4.5828000000e-13	0.0000000000e+00
8.3944000000e-14	8.3944000000e-14	0.0000000000e+00
1.4563000000e-14	1.4563000000e-14	0.0000000000e+00
2.3931000000e-15	2.3931000000e-15	0.0000000000e+00
3.7249000000e-16	3.7249000000e-16	0.0000000000e+00
5.4923000000e-17	5.4923000000e-17	0.0000000000e+00
7.6716000000e-18	7.6716000000e-18	0.0000000000e+00
1.0152000000e-18	1.0152000000e-18	0.0000000000e+00
1.2728000000e-19	1.2728000000e-19	0.0000000000e+00
1.5119000000e-20	1.5119000000e-20	0.0000000000e+00
1.7017000000e-21	1.7017000000e-21	0.0000000000e+00
1.8150000000e-22	1.8150000000e-22	0.0000000000e+00
1.8345000000e-23	1.8345000000e-23	0.0000000000e+00
1.7572000000e-24	1.7572000000e-24	0.0000000000e+00
1.5952000000e-25	1.5952000000e-25	0.0000000000e+00
2.5447000000e-126	0.0000000000e+00	NA
2.6897000000e-120	0.0000000000e+00	NA
1.9380000000e-114	0.0000000000e+00	NA
9.5737000000e-109	0.0000000000e+00	NA
3.2500000000e-103	0.0000000000e+00	NA
7.5966000000e-98	0.0000000000e+00	NA
1.2232000000e-92	0.0000000000e+00	NA
1.3576000000e-87	0.0000000000e+00	NA
1.0390000000e-82	0.0000000000e+00	NA
5.5021000000e-78	0.0000000000e+00	NA
2.0182000000e-73	0.0000000000e+00	NA
5.1492000000e-69	0.0000000000e+00	NA
9.1779000000e-65	0.0000000000e+00	NA
1.1474000000e-60	0.0000000000e+00	NA
1.0057000000e-56	0.0000000000e+00	NA
6.1676000000e-53	0.0000000000e+00	NA
2.5921000000e-49	0.0000000000e+00	NA
7.1524000000e-46	0.0000000000e+00	NA
1.3725000000e-42	1.3677000000e-42	1.5215062005e-03
8.2491000000e-40	8.2490000000e-40	5.2647817859e-06
1.3895000000e-36	1.3895000000e-36	0.0000000000e+00
9.4043000000e-34	9.4043000000e-34	0.0000000000e+00
4.0875000000e-31	4.0875000000e-31	0.0000000000e+00
1.0512000000e-28	1.0512000000e-28	0.0000000000e+00
2.0895000000e-26	2.0895000000e-26	0.0000000000e+00
3.1682000000e-24	3.1682000000e-24	0.0000000000e+00
3.0682000000e-22	3.0682000000e-22	0.0000000000e+00
2.1599000000e-20	2.1599000000e-20	0.0000000000e+00
1.0912000000e-18	1.0912000000e-18	0.0000000000e+00
6.4500000000e-17	6.4500000000e-17	0.0000000000e+00
2.5645000000e-15	2.5645000000e-15	0.0000000000e+00
8.7728000000e-14	8.7728000000e-14	0.0000000000e+00
1.7848000000e-12	1.7848000000e-12	0.0000000000e+00
3.4335000000e-11	3.4335000000e-11	0.0000000000e+00
2.9533000000e-10	2.9533000000e-10	0.0000000000e+00
3.4617000000e-09	3.4617000000e-09	0.0000000000e+00
2.2440000000e-08	2.2440000000e-08	0.0000000000e+00
1.3588000000e-07	1.3588000000e-07	0.0000000000e+00
4.9783000000e-07	4.9783000000e-07	0.0000000000e+00
1.6795000000e-06	1.6795000000e-06	0.0000000000e+00
5.6360000000e-06	5.6360000000e-06	0.0000000000e+00
1.4471000000e-05	1.4471000000e-05	0.0000000000e+00
3.5248000000e-05	3.5248000000e-05	0.0000000000e+00
8.2091000000e-05	8.2091000000e-05	0.0000000000e+00
1.8046000000e-04	1.8046000000e-04	0.0000000000e+00
3.8339000000e-04	3.8339000000e-04	0.0000000000e+00
7.3228000000e-04	7.3228000000e-04	0.0000000000e+00
1.3290000000e-03	1.3290000000e-03	0.0000000000e+00
2.2991000000e-03	2.2991000000e-03	0.0000000000e+00
3.7770000000e-03	3.7770000000e-03	0.0000000000e+00
5.8495000000e-03	5.8495000000e-03	0.0000000000e+00
8.6331000000e-03	8.6331000000e-03	0.0000000000e+00
1.2114000000e-02	1.2114000000e-02	0.0000000000e+00
1.6138000000e-02	1.6138000000e-02	0.0000000000e+00
2.0058000000e-02	2.0058000000e-02	0.0000000000e+00
2.3021000000e-02	2.3021000000e-02	0.0000000000e+00
2.5969000000e-02	2.5969000000e-02	0.0000000000e+00
2.8660000000e-02	2.8660000000e-02	0.0000000000e+00
2.7764000000e-02	2.7764000000e-02	0.0000000000e+00
2.6632000000e-02	2.6632000000e-02	0.0000000000e+00
2.5099000000e-02	2.5099000000e-02	0.0000000000e+00
2.1323000000e-02	2.1323000000e-02	0.0000000000e+00
1.7033000000e-02	1.7033000000e-02	0.0000000000e+00
1.3660000000e-02	1.3660000000e-02	0.0000000000e+00
1.0269000000e-02	1.0269000000e-02	0.0000000000e+00
7.2662000000e-03	7.2662000000e-03	0.0000000000e+00
4.8398000000e-03	4.8398000000e-03	0.0000000000e+00
3.0185000000e-03	3.0185000000e-03	0.0000000000e+00
1.7743000000e-03	1.7743000000e-03	0.0000000000e+00
1.0346000000e-03	1.0346000000e-03	0.0000000000e+00
5.2310000000e-04	5.2310000000e-04	0.0000000000e+00
2.4843000000e-04	2.4843000000e-04	0.0000000000e+00
1.2176000000e-04	1.2176000000e-04	0.0000000000e+00
5.5435000000e-05	5.5435000000e-05	0.0000000000e+00
2.2465000000e-05	2.2465000000e-05	0.0000000000e+00
8.7579000000e-06	8.7579000000e-06	0.0000000000e+00
3.4697000000e-06	3.4697000000e-06	0.0000000000e+00
1.3157000000e-06	1.3157000000e-06	0.0000000000e+00
4.0810000000e-07	4.0810000000e-07	0.0000000000e+00
1.2663000000e-07	1.2663000000e-07	0.0000000000e+00
3.9677000000e-08	3.9677000000e-08	0.0000000000e+00
1.1316000000e-08	1.1316000000e-08	0.0000000000e+00
2.9627000000e-09	2.9627000000e-09	0.0000000000e+00
7.5772000000e-10	7.5772000000e-10	0.0000000000e+00
1.9274000000e-10	1.9274000000e-10	0.0000000000e+00
4.4606000000e-11	4.4606000000e-11	0.0000000000e+00
9.7764000000e-12	9.7764000000e-12	0.0000000000e+00
2.0293000000e-12	2.0293000000e-12	0.0000000000e+00
3.9891000000e-13	3.9891000000e-13	0.0000000000e+00
7.4272000000e-14	7.4272000000e-14	0.0000000000e+00
1.3098000000e-14	1.3098000000e-14	0.0000000000e+00
2.1878000000e-15	2.1878000000e-15	0.0000000000e+00
3.4617000000e-16	3.4617000000e-16	0.0000000000e+00
5.1886000000e-17	5.1886000000e-17	0.0000000000e+00
7.3676000000e-18	7.3676000000e-18	0.0000000000e+00
9.9112000000e-19	9.9112000000e-19	0.0000000000e+00
1.2632000000e-19	1.2632000000e-19	0.0000000000e+00
1.5254000000e-20	1.5254000000e-20	0.0000000000e+00
1.7455000000e-21	1.7455000000e-21	0.0000000000e+00
1.8926000000e-22	1.8926000000e-22	0.0000000000e+00
1.9446000000e-23	1.9446000000e-23	0.0000000000e+00
3.0707000000e-128	0.0000000000e+00	NA
3.2126000000e-122	0.0000000000e+00	NA
2.3001000000e-116	0.0000000000e+00	NA
1.1297000000e-110	0.0000000000e+00	NA
3.8253000000e-105	0.0000000000e+00	NA
8.9205000000e-100	0.0000000000e+00	NA
1.4334000000e-94	0.0000000000e+00	NA
1.5917000000e-89	0.0000000000e+00	NA
1.2204000000e-84	0.0000000000e+00	NA
6.4766000000e-80	0.0000000000e+00	NA
2.3844000000e-75	0.0000000000e+00	NA
6.0957000000e-71	0.0000000000e+00	NA
1.0860000000e-66	0.0000000000e+00	NA
1.3503000000e-62	0.0000000000e+00	NA
1.1697000000e-58	0.0000000000e+00	NA
7.0270000000e-55	0.0000000000e+00	NA
2.9236000000e-51	0.0000000000e+00	NA
8.7210000000e-48	0.0000000000e+00	NA
1.7456000000e-44	0.0000000000e+00	NA
1.6943000000e-41	1.6926000000e-41	4.3597430171e-04
2.3389000000e-38	2.3389000000e-38	0.0000000000e+00
1.0811000000e-35	1.0811000000e-35	0.0000000000e+00
3.5009000000e-33	3.5009000000e-33	0.0000000000e+00
1.4637000000e-30	1.4637000000e-30	0.0000000000e+00
2.5799000000e-28	2.5799000000e-28	0.0000000000e+00
4.2590000000e-26	4.2590000000e-26	0.0000000000e+00
4.7740000000e-24	4.7739000000e-24	9.0971728216e-06
3.6847000000e-22	3.6847000000e-22	0.0000000000e+00
2.9723000000e-20	2.9723000000e-20	0.0000000000e+00
1.6564000000e-18	1.6564000000e-18	0.0000000000e+00
3.4485000000e-17	3.4485000000e-17	0.0000000000e+00
2.5784000000e-15	2.5784000000e-15	0.0000000000e+00
5.6572000000e-14	5.6572000000e-14	0.0000000000e+00
8.3406000000e-13	8.3406000000e-13	0.0000000000e+00
1.2161000000e-11	1.2161000000e-11	0.0000000000e+00
1.3975000000e-10	1.3975000000e-10	0.0000000000e+00
9.2658000000e-10	9.2658000000e-10	0.0000000000e+00
5.4815000000e-09	5.4815000000e-09	0.0000000000e+00
2.4358000000e-08	2.4358000000e-08	0.0000000000e+00
9.5984000000e-08	9.5984000000e-08	0.0000000000e+00
3.0090000000e-07	3.0090000000e-07	0.0000000000e+00
8.7355000000e-07	8.7355000000e-07	0.0000000000e+00
2.4372000000e-06	2.4372000000e-06	0.0000000000e+00
6.4919000000e-06	6.4919000000e-06	0.0000000000e+00
1.5922000000e-05	1.5922000000e-05	0.0000000000e+00
3.8296000000e-05	3.8296000000e-05	0.0000000000e+00
8.3500000000e-05	8.3500000000e-05	0.0000000000e+00
1.7064000000e-04	1.7064000000e-04	0.0000000000e+00
3.3349000000e-04	3.3349000000e-04	0.0000000000e+00
6.1590000000e-04	6.1590000000e-04	0.0000000000e+00
1.0768000000e-03	1.0768000000e-03	0.0000000000e+00
1.7970000000e-03	1.7970000000e-03	0.0000000000e+00
2.8179000000e-03	2.8179000000e-03	0.0000000000e+00
3.8232000000e-03	3.8232000000e-03	0.0000000000e+00
5.3398000000e-03	5.3398000000e-03	0.0000000000e+00
7.5253000000e-03	7.5253000000e-03	0.0000000000e+00
9.9166000000e-03	9.9166000000e-03	0.0000000000e+00
1.2211000000e-02	1.2211000000e-02	0.0000000000e+00
1.2806000000e-02	1.2806000000e-02	0.0000000000e+00
1.3587000000e-02	1.3587000000e-02	0.0000000000e+00
1.3715000000e-02	1.3715000000e-02	0.0000000000e+00
1.4127000000e-02	1.4127000000e-02	0.0000000000e+00
1.3093000000e-02	1.3093000000e-02	0.0000000000e+00
1.1388000000e-02	1.1388000000e-02	0.0000000000e+00
1.0425000000e-02	1.0425000000e-02	0.0000000000e+00
8.2639000000e-03	8.2639000000e-03	0.0000000000e+00
6.0821000000e-03	6.0821000000e-03	0.0000000000e+00
4.4154000000e-03	4.4154000000e-03	0.0000000000e+00
2.9417000000e-03	2.9417000000e-03	0.0000000000e+00
1.8929000000e-03	1.8929000000e-03	0.0000000000e+00
1.1049000000e-03	1.1049000000e-03	0.0000000000e+00
6.1483000000e-04	6.1483000000e-04	0.0000000000e+00
3.4307000000e-04	3.4307000000e-04	0.0000000000e+00
1.6940000000e-04	1.6940000000e-04	0.0000000000e+00
8.0357000000e-05	8.0357000000e-05	0.0000000000e+00
3.5387000000e-05	3.5387000000e-05	0.0000000000e+00
1.6064000000e-05	1.6064000000e-05	0.0000000000e+00
6.9297000000e-06	6.9297000000e-06	0.0000000000e+00
2.5949000000e-06	2.5949000000e-06	0.0000000000e+00
8.8868000000e-07	8.8868000000e-07	0.0000000000e+00
2.9206000000e-07	2.9206000000e-07	0.0000000000e+00
9.8928000000e-08	9.8927000000e-08	4.3900278679e-06
2.9355000000e-08	2.9355000000e-08	0.0000000000e+00
8.6556000000e-09	8.6556000000e-09	0.0000000000e+00
2.4129000000e-09	2.4129000000e-09	0.0000000000e+00
6.3272000000e-10	6.3272000000e-10	0.0000000000e+00
1.5712000000e-10	1.5712000000e-10	0.0000000000e+00
3.6951000000e-11	3.6951000000e-11	0.0000000000e+00
8.2299000000e-12	8.2299000000e-12	0.0000000000e+00
1.7360000000e-12	1.7360000000e-12	0.0000000000e+00
3.4683000000e-13	3.4683000000e-13	0.0000000000e+00
6.5629000000e-14	6.5629000000e-14	0.0000000000e+00
1.1763000000e-14	1.1763000000e-14	0.0000000000e+00
1.9971000000e-15	1.9971000000e-15	0.0000000000e+00
3.2118000000e-16	3.2118000000e-16	0.0000000000e+00
4.8932000000e-17	4.8932000000e-17	0.0000000000e+00
7.0623000000e-18	7.0623000000e-18	0.0000000000e+00
9.6570000000e-19	9.6570000000e-19	0.0000000000e+00
1.2511000000e-19	1.2511000000e-19	0.0000000000e+00
1.5357000000e-20	1.5357000000e-20	0.0000000000e+00
1.7862000000e-21	1.7862000000e-21	0.0000000000e+00
2.7917000000e-130	0.0000000000e+00	NA
2.8782000000e-124	0.0000000000e+00	NA
2.0383000000e-118	0.0000000000e+00	NA
9.9348000000e-113	0.0000000000e+00	NA
3.3437000000e-107	0.0000000000e+00	NA
7.7717000000e-102	0.0000000000e+00	NA
1.2478000000e-96	0.0000000000e+00	NA
1.3863000000e-91	0.0000000000e+00	NA
1.0659000000e-86	0.0000000000e+00	NA
5.6757000000e-82	0.0000000000e+00	NA
2.1007000000e-77	0.0000000000e+00	NA
5.4071000000e-73	0.0000000000e+00	NA
9.7033000000e-69	0.0000000000e+00	NA
1.2150000000e-64	0.0000000000e+00	NA
1.0611000000e-60	0.0000000000e+00	NA
6.4660000000e-57	0.0000000000e+00	NA
2.7447000000e-53	0.0000000000e+00	NA
8.4138000000e-50	0.0000000000e+00	NA
1.7575000000e-46	0.0000000000e+00	NA
2.5280000000e-43	2.3542000000e-43	3.0933714244e-02
2.6856000000e-40	2.6856000000e-40	0.0000000000e+00
1.3686000000e-37	1.3686000000e-37	0.0000000000e+00
8.0595000000e-35	8.0595000000e-35	0.0000000000e+00
1.6180000000e-32	1.6180000000e-32	0.0000000000e+00
4.6166000000e-30	4.6166000000e-30	0.0000000000e+00
1.0356000000e-27	1.0356000000e-27	0.0000000000e+00
6.4350000000e-26	6.4350000000e-26	0.0000000000e+00
6.9617000000e-24	6.9617000000e-24	0.0000000000e+00
4.9210000000e-22	4.9210000000e-22	0.0000000000e+00
3.4392000000e-20	3.4392000000e-20	0.0000000000e+00
1.3373000000e-18	1.3373000000e-18	0.0000000000e+00
2.4888000000e-17	2.4888000000e-17	0.0000000000e+00
8.4640000000e-16	8.4640000000e-16	0.0000000000e+00
2.4359000000e-14	2.4359000000e-14	0.0000000000e+00
3.2570000000e-13	3.2570000000e-13	0.0000000000e+00
3.0317000000e-12	3.0317000000e-12	0.0000000000e+00
2.7062000000e-11	2.7061000000e-11	1.6048426065e-05
1.6213000000e-10	1.6213000000e-10	0.0000000000e+00
8.7425000000e-10	8.7425000000e-10	0.0000000000e+00
3.3799000000e-09	3.3799000000e-09	0.0000000000e+00
1.1972000000e-08	1.1972000000e-08	0.0000000000e+00
4.0764000000e-08	4.0764000000e-08	0.0000000000e+00
1.3065000000e-07	1.3065000000e-07	0.0000000000e+00
3.8408000000e-07	3.8408000000e-07	0.0000000000e+00
1.0727000000e-06	1.0727000000e-06	0.0000000000e+00
2.9484000000e-06	2.9484000000e-06	0.0000000000e+00
7.1912000000e-06	7.1912000000e-06	0.0000000000e+00
1.6739000000e-05	1.6739000000e-05	0.0000000000e+00
3.6697000000e-05	3.6697000000e-05	0.0000000000e+00
7.5830000000e-05	7.5830000000e-05	0.0000000000e+00
1.4929000000e-04	1.4929000000e-04	0.0000000000e+00
2.7867000000e-04	2.7867000000e-04	0.0000000000e+00
4.6158000000e-04	4.6158000000e-04	0.0000000000e+00
6.4513000000e-04	6.4513000000e-04	0.0000000000e+00
1.1622000000e-03	1.1622000000e-03	0.0000000000e+00
1.6697000000e-03	1.6697000000e-03	0.0000000000e+00
2.5875000000e-03	2.5875000000e-03	0.0000000000e+00
3.1698000000e-03	3.1698000000e-03	0.0000000000e+00
4.1428000000e-03	4.1428000000e-03	0.0000000000e+00
4.0248000000e-03	4.0248000000e-03	0.0000000000e+00
5.3937000000e-03	5.3937000000e-03	0.0000000000e+00
6.4168000000e-03	6.4168000000e-03	0.0000000000e+00
7.1693000000e-03	7.1693000000e-03	0.0000000000e+00
8.5410000000e-03	8.5410000000e-03	0.0000000000e+00
7.7693000000e-03	7.7693000000e-03	0.0000000000e+00
7.3606000000e-03	7.3606000000e-03	0.0000000000e+00
5.9476000000e-03	5.9476000000e-03	0.0000000000e+00
4.7555000000e-03	4.7555000000e-03	0.0000000000e+00
3.7394000000e-03	3.7394000000e-03	0.0000000000e+00
2.6868000000e-03	2.6868000000e-03	0.0000000000e+00
1.8154000000e-03	1.8154000000e-03	0.0000000000e+00
1.1632000000e-03	1.1632000000e-03	0.0000000000e+00
7.0022000000e-04	7.0022000000e-04	0.0000000000e+00
4.0438000000e-04	4.0438000000e-04	0.0000000000e+00
2.2396000000e-04	2.2396000000e-04	0.0000000000e+00
1.0932000000e-04	1.0932000000e-04	0.0000000000e+00
5.5502000000e-05	5.5502000000e-05	0.0000000000e+00
2.6683000000e-05	2.6683000000e-05	0.0000000000e+00
1.1188000000e-05	1.1188000000e-05	0.0000000000e+00
4.5885000000e-06	4.5885000000e-06	0.0000000000e+00
1.7302000000e-06	1.7302000000e-06	0.0000000000e+00
6.2764000000e-07	6.2764000000e-07	0.0000000000e+00
2.1886000000e-07	2.1886000000e-07	0.0000000000e+00
7.2568000000e-08	7.2568000000e-08	0.0000000000e+00
2.2782000000e-08	2.2782000000e-08	0.0000000000e+00
6.7671000000e-09	6.7671000000e-09	0.0000000000e+00
1.9036000000e-09	1.9036000000e-09	0.0000000000e+00
5.0714000000e-10	5.0714000000e-10	0.0000000000e+00
1.2795000000e-10	1.2795000000e-10	0.0000000000e+00
3.0575000000e-11	3.0575000000e-11	0.0000000000e+00
6.9194000000e-12	6.9194000000e-12	0.0000000000e+00
1.4831000000e-12	1.4831000000e-12	0.0000000000e+00
3.0110000000e-13	3.0110000000e-13	0.0000000000e+00
5.7901000000e-14	5.7901000000e-14	0.0000000000e+00
1.0547000000e-14	1.0547000000e-14	0.0000000000e+00
1.8197000000e-15	1.8197000000e-15	0.0000000000e+00
2.9743000000e-16	2.9743000000e-16	0.0000000000e+00
4.6054000000e-17	4.6054000000e-17	0.0000000000e+00
6.7557000000e-18	6.7557000000e-18	0.0000000000e+00
9.3889000000e-19	9.3889000000e-19	0.0000000000e+00
1.2363000000e-19	1.2363000000e-19	0.0000000000e+00
2.0278000000e-132	0.0000000000e+00	NA
2.0445000000e-126	0.0000000000e+00	NA
1.4215000000e-120	0.0000000000e+00	NA
6.8489000000e-115	0.0000000000e+00	NA
2.2822000000e-109	0.0000000000e+00	NA
5.2756000000e-104	0.0000000000e+00	NA
8.4475000000e-99	0.0000000000e+00	NA
9.3978000000e-94	0.0000000000e+00	NA
7.2480000000e-89	0.0000000000e+00	NA
3.8922000000e-84	0.0000000000e+00	NA
1.4546000000e-79	0.0000000000e+00	NA
3.7959000000e-75	0.0000000000e+00	NA
6.9245000000e-71	0.0000000000e+00	NA
8.8446000000e-67	0.0000000000e+00	NA
7.9409000000e-63	0.0000000000e+00	NA
5.0361000000e-59	0.0000000000e+00	NA
2.2462000000e-55	0.0000000000e+00	NA
6.8995000000e-52	0.0000000000e+00	NA
1.5151000000e-48	0.0000000000e+00	NA
2.3777000000e-45	0.0000000000e+00	NA
5.2202000000e-43	5.0587000000e-43	1.3648217448e-02
4.5759000000e-40	4.5757000000e-40	1.8982231827e-05
5.4205000000e-37	5.4205000000e-37	0.0000000000e+00
1.3039000000e-34	1.3039000000e-34	0.0000000000e+00
4.0229000000e-32	4.0229000000e-32	0.0000000000e+00
8.0124000000e-30	8.0124000000e-30	0.0000000000e+00
6.8285000000e-28	6.8285000000e-28	0.0000000000e+00
8.0440000000e-26	8.0440000000e-26	0.0000000000e+00
7.1070000000e-24	7.1070000000e-24	0.0000000000e+00
5.5783000000e-22	5.5783000000e-22	0.0000000000e+00
2.2229000000e-20	2.2229000000e-20	0.0000000000e+00
7.6495000000e-19	7.6495000000e-19	0.0000000000e+00
1.7855000000e-17	1.7855000000e-17	0.0000000000e+00
3.9008000000e-16	3.9008000000e-16	0.0000000000e+00
6.8357000000e-15	6.8357000000e-15	0.0000000000e+00
7.7808000000e-14	7.7808000000e-14	0.0000000000e+00
5.8752000000e-13	5.8752000000e-13	0.0000000000e+00
4.1897000000e-12	4.1897000000e-12	0.0000000000e+00
2.0151000000e-11	2.0152000000e-11	-2.1551471702e-05
8.1522000000e-11	8.1522000000e-11	0.0000000000e+00
3.7132000000e-10	3.7132000000e-10	0.0000000000e+00
1.4797000000e-09	1.4797000000e-09	0.0000000000e+00
5.3274000000e-09	5.3274000000e-09	0.0000000000e+00
1.7381000000e-08	1.7381000000e-08	0.0000000000e+00
5.6238000000e-08	5.6238000000e-08	0.0000000000e+00
1.7064000000e-07	1.7064000000e-07	0.0000000000e+00
4.7330000000e-07	4.7330000000e-07	0.0000000000e+00
1.2334000000e-06	1.2334000000e-06	0.0000000000e+00
3.0460000000e-06	3.0460000000e-06	0.0000000000e+00
7.1188000000e-06	7.1188000000e-06	0.0000000000e+00
1.5859000000e-05	1.5859000000e-05	0.0000000000e+00
3.2860000000e-05	3.2860000000e-05	0.0000000000e+00
5.9806000000e-05	5.9806000000e-05	0.0000000000e+00
1.1330000000e-04	1.1330000000e-04	0.0000000000e+00
1.3022000000e-04	1.3022000000e-04	0.0000000000e+00
3.1509000000e-04	3.1509000000e-04	0.0000000000e+00
4.2261000000e-04	4.2261000000e-04	0.0000000000e+00
8.0726000000e-04	8.0726000000e-04	0.0000000000e+00
9.2702000000e-04	9.2702000000e-04	0.0000000000e+00
1.1466000000e-03	1.1466000000e-03	0.0000000000e+00
1.6959000000e-03	1.6959000000e-03	0.0000000000e+00
2.0733000000e-03	2.0733000000e-03	0.0000000000e+00
3.1818000000e-03	3.1818000000e-03	0.0000000000e+00
4.2684000000e-03	4.2684000000e-03	0.0000000000e+00
3.7223000000e-03	3.7223000000e-03	0.0000000000e+00
4.3089000000e-03	4.3089000000e-03	0.0000000000e+00
4.7092000000e-03	4.7092000000e-03	0.0000000000e+00
4.0679000000e-03	4.0679000000e-03	0.0000000000e+00
3.5131000000e-03	3.5131000000e-03	0.0000000000e+00
2.9608000000e-03	2.9608000000e-03	0.0000000000e+00
2.2623000000e-03	2.2623000000e-03	0.0000000000e+00
1.6354000000e-03	1.6354000000e-03	0.0000000000e+00
1.1165000000e-03	1.1165000000e-03	0.0000000000e+00
7.2957000000e-04	7.2957000000e-04	0.0000000000e+00
4.5072000000e-04	4.5072000000e-04	0.0000000000e+00
2.5537000000e-04	2.5537000000e-04	0.0000000000e+00
1.4357000000e-04	1.4357000000e-04	0.0000000000e+00
7.7211000000e-05	7.7211000000e-05	0.0000000000e+00
3.7349000000e-05	3.7349000000e-05	0.0000000000e+00
1.7436000000e-05	1.7436000000e-05	0.0000000000e+00
7.3465000000e-06	7.3465000000e-06	0.0000000000e+00
3.0670000000e-06	3.0670000000e-06	0.0000000000e+00
1.2121000000e-06	1.2121000000e-06	0.0000000000e+00
4.5570000000e-07	4.5570000000e-07	0.0000000000e+00
1.6234000000e-07	1.6234000000e-07	0.0000000000e+00
5.4612000000e-08	5.4612000000e-08	0.0000000000e+00
1.7398000000e-08	1.7398000000e-08	0.0000000000e+00
5.2495000000e-09	5.2495000000e-09	0.0000000000e+00
1.5001000000e-09	1.5001000000e-09	0.0000000000e+00
4.0597000000e-10	4.0597000000e-10	0.0000000000e+00
1.0406000000e-10	1.0406000000e-10	0.0000000000e+00
2.5262000000e-11	2.5262000000e-11	0.0000000000e+00
5.8087000000e-12	5.8087000000e-12	0.0000000000e+00
1.2651000000e-12	1.2651000000e-12	0.0000000000e+00
2.6097000000e-13	2.6097000000e-13	0.0000000000e+00
5.0993000000e-14	5.0993000000e-14	0.0000000000e+00
9.4384000000e-15	9.4384000000e-15	0.0000000000e+00
1.6549000000e-15	1.6549000000e-15	0.0000000000e+00
2.7487000000e-16	2.7487000000e-16	0.0000000000e+00
4.3253000000e-17	4.3253000000e-17	0.0000000000e+00
6.4479000000e-18	6.4479000000e-18	0.0000000000e+00
1.2675000000e-134	0.0000000000e+00	NA
1.2395000000e-128	0.0000000000e+00	NA
8.4172000000e-123	0.0000000000e+00	NA
3.9676000000e-117	0.0000000000e+00	NA
1.3043000000e-111	0.0000000000e+00	NA
2.9883000000e-106	0.0000000000e+00	NA
4.7711000000e-101	0.0000000000e+00	NA
5.3090000000e-96	0.0000000000e+00	NA
4.1245000000e-91	0.0000000000e+00	NA
2.2358000000e-86	0.0000000000e+00	NA
8.4865000000e-82	0.0000000000e+00	NA
2.2582000000e-77	0.0000000000e+00	NA
4.2144000000e-73	0.0000000000e+00	NA
5.5443000000e-69	0.0000000000e+00	NA
5.1412000000e-65	0.0000000000e+00	NA
3.3714000000e-61	0.0000000000e+00	NA
1.5417000000e-57	0.0000000000e+00	NA
5.1261000000e-54	0.0000000000e+00	NA
1.1900000000e-50	0.0000000000e+00	NA
1.9700000000e-47	0.0000000000e+00	NA
2.3016000000e-44	0.0000000000e+00	NA
7.9940000000e-42	7.9888000000e-42	2.8259521305e-04
2.2492000000e-39	2.2491000000e-39	1.9309271590e-05
1.4981000000e-36	1.4981000000e-36	0.0000000000e+00
2.1531000000e-34	2.1531000000e-34	0.0000000000e+00
6.0435000000e-32	6.0434000000e-32	7.1862012909e-06
9.4364000000e-30	9.4364000000e-30	0.0000000000e+00
8.3646000000e-28	8.3646000000e-28	0.0000000000e+00
4.9689000000e-26	4.9689000000e-26	0.0000000000e+00
3.7301000000e-24	3.7301000000e-24	0.0000000000e+00
2.5735000000e-22	2.5735000000e-22	0.0000000000e+00
9.0308000000e-21	9.0308000000e-21	0.0000000000e+00
2.5111000000e-19	2.5111000000e-19	0.0000000000e+00
7.4080000000e-18	7.4080000000e-18	0.0000000000e+00
9.1486000000e-17	9.1486000000e-17	0.0000000000e+00
8.4991000000e-16	8.4991000000e-16	0.0000000000e+00
9.6486000000e-15	9.6486000000e-15	0.0000000000e+00
7.0384000000e-14	7.0384000000e-14	0.0000000000e+00
3.7907000000e-13	3.7906000000e-13	1.1456992387e-05
1.2439000000e-12	1.2439000000e-12	0.0000000000e+00
8.2046000000e-12	8.2046000000e-12	0.0000000000e+00
3.5684000000e-11	3.5684000000e-11	0.0000000000e+00
1.5462000000e-10	1.5462000000e-10	0.0000000000e+00
6.2270000000e-10	6.2270000000e-10	0.0000000000e+00
2.1354000000e-09	2.1354000000e-09	0.0000000000e+00
7.1291000000e-09	7.1291000000e-09	0.0000000000e+00
2.2859000000e-08	2.2859000000e-08	0.0000000000e+00
6.7430000000e-08	6.7430000000e-08	0.0000000000e+00
1.8828000000e-07	1.8828000000e-07	0.0000000000e+00
4.9485000000e-07	4.9485000000e-07	0.0000000000e+00
1.2132000000e-06	1.2132000000e-06	0.0000000000e+00
2.3931000000e-06	2.3931000000e-06	0.0000000000e+00
5.9637000000e-06	5.9637000000e-06	0.0000000000e+00
1.1736000000e-05	1.1736000000e-05	0.0000000000e+00
1.8350000000e-05	1.8350000000e-05	0.0000000000e+00
4.1880000000e-05	4.1880000000e-05	0.0000000000e+00
6.0186000000e-05	6.0186000000e-05	0.0000000000e+00
7.9422000000e-05	7.9422000000e-05	0.0000000000e+00
1.9157000000e-04	1.9157000000e-04	0.0000000000e+00
3.3991000000e-04	3.3991000000e-04	0.0000000000e+00
4.3242000000e-04	4.3242000000e-04	0.0000000000e+00
6.1462000000e-04	6.1462000000e-04	0.0000000000e+00
1.0838000000e-03	1.0838000000e-03	0.0000000000e+00
1.4851000000e-03	1.4851000000e-03	0.0000000000e+00
1.9028000000e-03	1.9028000000e-03	0.0000000000e+00
2.1974000000e-03	2.1974000000e-03	0.0000000000e+00
2.4038000000e-03	2.4038000000e-03	0.0000000000e+00
2.7838000000e-03	2.7838000000e-03	0.0000000000e+00
2.6176000000e-03	2.6176000000e-03	0.0000000000e+00
2.4267000000e-03	2.4267000000e-03	0.0000000000e+00
2.0605000000e-03	2.0605000000e-03	0.0000000000e+00
1.7610000000e-03	1.7610000000e-03	0.0000000000e+00
1.3614000000e-03	1.3614000000e-03	0.0000000000e+00
9.9496000000e-04	9.9496000000e-04	0.0000000000e+00
6.8855000000e-04	6.8855000000e-04	0.0000000000e+00
4.5122000000e-04	4.5122000000e-04	0.0000000000e+00
2.8047000000e-04	2.8047000000e-04	0.0000000000e+00
1.7282000000e-04	1.7282000000e-04	0.0000000000e+00
9.8650000000e-05	9.8650000000e-05	0.0000000000e+00
5.0257000000e-05	5.0257000000e-05	0.0000000000e+00
2.5171000000e-05	2.5171000000e-05	0.0000000000e+00
1.1440000000e-05	1.1440000000e-05	0.0000000000e+00
5.1629000000e-06	5.1629000000e-06	0.0000000000e+00
2.1717000000e-06	2.1717000000e-06	0.0000000000e+00
8.7382000000e-07	8.7382000000e-07	0.0000000000e+00
3.3279000000e-07	3.3279000000e-07	0.0000000000e+00
1.2004000000e-07	1.2004000000e-07	0.0000000000e+00
4.1010000000e-08	4.1010000000e-08	0.0000000000e+00
1.3269000000e-08	1.3269000000e-08	0.0000000000e+00
4.0665000000e-09	4.0665000000e-09	0.0000000000e+00
1.1803000000e-09	1.1803000000e-09	0.0000000000e+00
3.2449000000e-10	3.2449000000e-10	0.0000000000e+00
8.4491000000e-11	8.4491000000e-11	0.0000000000e+00
2.0838000000e-11	2.0838000000e-11	0.0000000000e+00
4.8677000000e-12	4.8677000000e-12	0.0000000000e+00
1.0771000000e-12	1.0771000000e-12	0.0000000000e+00
2.2574000000e-13	2.2574000000e-13	0.0000000000e+00
4.4818000000e-14	4.4818000000e-14	0.0000000000e+00
8.4290000000e-15	8.4290000000e-15	0.0000000000e+00
1.5017000000e-15	1.5017000000e-15	0.0000000000e+00
2.5346000000e-16	2.5346000000e-16	0.0000000000e+00
7.1638000000e-137	0.0000000000e+00	NA
6.7817000000e-131	0.0000000000e+00	NA
4.4702000000e-125	0.0000000000e+00	NA
2.0632000000e-119	0.0000000000e+00	NA
6.6762000000e-114	0.0000000000e+00	NA
1.5112000000e-108	0.0000000000e+00	NA
2.3967000000e-103	0.0000000000e+00	NA
2.6675000000e-98	0.0000000000e+00	NA
2.0839000000e-93	0.0000000000e+00	NA
1.1418000000e-88	0.0000000000e+00	NA
4.4033000000e-84	0.0000000000e+00	NA
1.1950000000e-79	0.0000000000e+00	NA
2.2881000000e-75	0.0000000000e+00	NA
3.0952000000e-71	0.0000000000e+00	NA
2.9564000000e-67	0.0000000000e+00	NA
1.9977000000e-63	0.0000000000e+00	NA
9.5574000000e-60	0.0000000000e+00	NA
3.2346000000e-56	0.0000000000e+00	NA
7.8016000000e-53	0.0000000000e+00	NA
1.3425000000e-49	0.0000000000e+00	NA
1.6496000000e-46	0.0000000000e+00	NA
1.3394000000e-43	1.1911000000e-43	5.0962069956e-02
2.6522000000e-41	2.6515000000e-41	1.1463926659e-04
7.0728000000e-39	7.0728000000e-39	0.0000000000e+00
1.2282000000e-36	1.2282000000e-36	0.0000000000e+00
2.5805000000e-34	2.5805000000e-34	0.0000000000e+00
2.4007000000e-32	2.4007000000e-32	0.0000000000e+00
4.1619000000e-30	4.1620000000e-30	-1.0434879850e-05
5.9598000000e-28	5.9598000000e-28	0.0000000000e+00
4.0789000000e-26	4.0788000000e-26	1.0647473722e-05
1.9205000000e-24	1.9205000000e-24	0.0000000000e+00
1.0889000000e-22	1.0889000000e-22	0.0000000000e+00
2.6650000000e-21	2.6650000000e-21	0.0000000000e+00
5.6330000000e-20	5.6330000000e-20	0.0000000000e+00
7.9922000000e-19	7.9922000000e-19	0.0000000000e+00
1.1402000000e-17	1.1402000000e-17	0.0000000000e+00
8.6280000000e-17	8.6280000000e-17	0.0000000000e+00
6.9599000000e-16	6.9599000000e-16	0.0000000000e+00
4.4211000000e-15	4.4210000000e-15	9.8233334145e-06
2.9408000000e-14	2.9408000000e-14	0.0000000000e+00
1.4377000000e-13	1.4377000000e-13	0.0000000000e+00
7.2524000000e-13	7.2524000000e-13	0.0000000000e+00
3.9021000000e-12	3.9021000000e-12	0.0000000000e+00
1.5538000000e-11	1.5538000000e-11	0.0000000000e+00
6.4170000000e-11	6.4170000000e-11	0.0000000000e+00
2.3373000000e-10	2.3373000000e-10	0.0000000000e+00
8.2049000000e-10	8.2049000000e-10	0.0000000000e+00
2.7914000000e-09	2.7914000000e-09	0.0000000000e+00
8.8022000000e-09	8.8022000000e-09	0.0000000000e+00
2.2313000000e-08	2.2313000000e-08	0.0000000000e+00
5.8187000000e-08	5.8187000000e-08	0.0000000000e+00
1.5436000000e-07	1.5436000000e-07	0.0000000000e+00
2.5291000000e-07	2.5291000000e-07	0.0000000000e+00
1.0645000000e-06	1.0645000000e-06	0.0000000000e+00
1.8974000000e-06	1.8974000000e-06	0.0000000000e+00
2.0543000000e-06	2.0543000000e-06	0.0000000000e+00
4.3377000000e-06	4.3377000000e-06	0.0000000000e+00
1.6025000000e-05	1.6025000000e-05	0.0000000000e+00
3.2354000000e-05	3.2354000000e-05	0.0000000000e+00
5.9460000000e-05	5.9460000000e-05	0.0000000000e+00
1.1942000000e-04	1.1942000000e-04	0.0000000000e+00
1.5015000000e-04	1.5015000000e-04	0.0000000000e+00
2.6089000000e-04	2.6089000000e-04	0.0000000000e+00
2.8520000000e-04	2.8520000000e-04	0.0000000000e+00
5.2882000000e-04	5.2882000000e-04	0.0000000000e+00
6.5890000000e-04	6.5890000000e-04	0.0000000000e+00
7.2222000000e-04	7.2222000000e-04	0.0000000000e+00
1.2354000000e-03	1.2354000000e-03	0.0000000000e+00
1.4445000000e-03	1.4445000000e-03	0.0000000000e+00
1.5143000000e-03	1.5143000000e-03	0.0000000000e+00
1.5306000000e-03	1.5306000000e-03	0.0000000000e+00
1.3500000000e-03	1.3500000000e-03	0.0000000000e+00
1.2434000000e-03	1.2434000000e-03	0.0000000000e+00
1.0144000000e-03	1.0144000000e-03	0.0000000000e+00
8.0515000000e-04	8.0515000000e-04	0.0000000000e+00
6.0412000000e-04	6.0412000000e-04	0.0000000000e+00
4.2424000000e-04	4.2424000000e-04	0.0000000000e+00
2.8255000000e-04	2.8255000000e-04	0.0000000000e+00
1.8251000000e-04	1.8251000000e-04	0.0000000000e+00
1.0837000000e-04	1.0837000000e-04	0.0000000000e+00
6.2596000000e-05	6.2596000000e-05	0.0000000000e+00
3.3182000000e-05	3.3182000000e-05	0.0000000000e+00
1.6287000000e-05	1.6287000000e-05	0.0000000000e+00
7.8151000000e-06	7.8151000000e-06	0.0000000000e+00
3.5551000000e-06	3.5551000000e-06	0.0000000000e+00
1.5324000000e-06	1.5324000000e-06	0.0000000000e+00
6.2566000000e-07	6.2566000000e-07	0.0000000000e+00
2.4196000000e-07	2.4196000000e-07	0.0000000000e+00
8.8626000000e-08	8.8626000000e-08	0.0000000000e+00
3.0748000000e-08	3.0748000000e-08	0.0000000000e+00
1.0104000000e-08	1.0104000000e-08	0.0000000000e+00
3.1449000000e-09	3.1449000000e-09	0.0000000000e+00
9.2715000000e-10	9.2715000000e-10	0.0000000000e+00
2.5890000000e-10	2.5890000000e-10	0.0000000000e+00
6.8477000000e-11	6.8477000000e-11	0.0000000000e+00
1.7155000000e-11	1.7155000000e-11	0.0000000000e+00
4.0711000000e-12	4.0711000000e-12	0.0000000000e+00
9.1515000000e-13	9.1515000000e-13	0.0000000000e+00
1.9487000000e-13	1.9487000000e-13	0.0000000000e+00
3.9306000000e-14	3.9306000000e-14	0.0000000000e+00
7.5106000000e-15	7.5106000000e-15	0.0000000000e+00
3.5924000000e-139	0.0000000000e+00	NA
3.3140000000e-133	0.0000000000e+00	NA
2.1343000000e-127	0.0000000000e+00	NA
9.6402000000e-122	0.0000000000e+00	NA
3.0657000000e-116	0.0000000000e+00	NA
6.8746000000e-111	0.0000000000e+00	NA
1.0830000000e-105	0.0000000000e+00	NA
1.2029000000e-100	0.0000000000e+00	NA
9.4368000000e-96	0.0000000000e+00	NA
5.2063000000e-91	0.0000000000e+00	NA
2.0334000000e-86	0.0000000000e+00	NA
5.6018000000e-82	0.0000000000e+00	NA
1.0926000000e-77	0.0000000000e+00	NA
1.5081000000e-73	0.0000000000e+00	NA
1.4732000000e-69	0.0000000000e+00	NA
1.0097000000e-65	0.0000000000e+00	NA
4.9245000000e-62	0.0000000000e+00	NA
1.7107000000e-58	0.0000000000e+00	NA
4.2361000000e-55	0.0000000000e+00	NA
7.4823000000e-52	0.0000000000e+00	NA
9.4344000000e-49	0.0000000000e+00	NA
8.4978000000e-46	0.0000000000e+00	NA
3.0262000000e-43	2.8586000000e-43	2.4744237560e-02
2.8690000000e-41	2.8666000000e-41	3.6345171121e-04
5.7164000000e-39	5.7164000000e-39	0.0000000000e+00
1.4798000000e-36	1.4798000000e-36	0.0000000000e+00
2.2069000000e-34	2.2070000000e-34	-1.9678492126e-05
2.6595000000e-32	2.6595000000e-32	0.0000000000e+00
3.3090000000e-30	3.3090000000e-30	0.0000000000e+00
3.5489000000e-28	3.5489000000e-28	0.0000000000e+00
1.2018000000e-26	1.2018000000e-26	0.0000000000e+00
3.9367000000e-25	3.9367000000e-25	0.0000000000e+00
1.7535000000e-23	1.7535000000e-23	0.0000000000e+00
3.0488000000e-22	3.0488000000e-22	0.0000000000e+00
5.6321000000e-21	5.6321000000e-21	0.0000000000e+00
8.0490000000e-20	8.0490000000e-20	0.0000000000e+00
8.9308000000e-19	8.9308000000e-19	0.0000000000e+00
6.9047000000e-18	6.9047000000e-18	0.0000000000e+00
5.2701000000e-17	5.2701000000e-17	0.0000000000e+00
3.2779000000e-16	3.2779000000e-16	0.0000000000e+00
2.0536000000e-15	2.0535000000e-15	2.1148473716e-05
1.2490000000e-14	1.2490000000e-14	0.0000000000e+00
6.8118000000e-14	6.8119000000e-14	-6.3755731836e-06
3.0571000000e-13	3.0571000000e-13	0.0000000000e+00
1.4102000000e-12	1.4102000000e-12	0.0000000000e+00
6.0106000000e-12	6.0106000000e-12	0.0000000000e+00
2.3908000000e-11	2.3908000000e-11	0.0000000000e+00
8.6621000000e-11	8.6621000000e-11	0.0000000000e+00
2.9791000000e-10	2.9791000000e-10	0.0000000000e+00
8.5677000000e-10	8.5677000000e-10	0.0000000000e+00
2.3582000000e-09	2.3582000000e-09	0.0000000000e+00
4.2204000000e-09	4.2204000000e-09	0.0000000000e+00
1.0673000000e-08	1.0673000000e-08	0.0000000000e+00
4.7843000000e-08	4.7843000000e-08	0.0000000000e+00
1.0432000000e-07	1.0432000000e-07	0.0000000000e+00
2.1907000000e-07	2.1907000000e-07	0.0000000000e+00
6.8124000000e-07	6.8124000000e-07	0.0000000000e+00
1.7537000000e-06	1.7537000000e-06	0.0000000000e+00
4.3132000000e-06	4.3132000000e-06	0.0000000000e+00
6.3870000000e-06	6.3870000000e-06	0.0000000000e+00
1.8185000000e-05	1.8185000000e-05	0.0000000000e+00
2.2711000000e-05	2.2711000000e-05	0.0000000000e+00
4.3695000000e-05	4.3695000000e-05	0.0000000000e+00
6.4346000000e-05	6.4346000000e-05	0.0000000000e+00
8.9896000000e-05	8.9896000000e-05	0.0000000000e+00
1.4693000000e-04	1.4693000000e-04	0.0000000000e+00
1.9750000000e-04	1.9750000000e-04	0.0000000000e+00
3.9504000000e-04	3.9504000000e-04	0.0000000000e+00
4.9176000000e-04	4.9176000000e-04	0.0000000000e+00
6.3301000000e-04	6.3301000000e-04	0.0000000000e+00
8.1125000000e-04	8.1125000000e-04	0.0000000000e+00
7.6705000000e-04	7.6705000000e-04	0.0000000000e+00
8.0755000000e-04	8.0755000000e-04	0.0000000000e+00
7.8160000000e-04	7.8160000000e-04	0.0000000000e+00
7.2813000000e-04	7.2813000000e-04	0.0000000000e+00
6.1363000000e-04	6.1363000000e-04	0.0000000000e+00
4.8625000000e-04	4.8625000000e-04	0.0000000000e+00
3.6589000000e-04	3.6589000000e-04	0.0000000000e+00
2.6065000000e-04	2.6065000000e-04	0.0000000000e+00
1.7786000000e-04	1.7786000000e-04	0.0000000000e+00
1.1380000000e-04	1.1380000000e-04	0.0000000000e+00
6.9498000000e-05	6.9498000000e-05	0.0000000000e+00
3.9215000000e-05	3.9215000000e-05	0.0000000000e+00
2.1249000000e-05	2.1249000000e-05	0.0000000000e+00
1.0940000000e-05	1.0940000000e-05	0.0000000000e+00
5.3357000000e-06	5.3357000000e-06	0.0000000000e+00
2.4651000000e-06	2.4651000000e-06	0.0000000000e+00
1.0788000000e-06	1.0788000000e-06	0.0000000000e+00
4.4722000000e-07	4.4722000000e-07	0.0000000000e+00
1.7561000000e-07	1.7561000000e-07	0.0000000000e+00
6.5318000000e-08	6.5318000000e-08	0.0000000000e+00
2.3012000000e-08	2.3012000000e-08	0.0000000000e+00
7.6797000000e-09	7.6797000000e-09	0.0000000000e+00
2.4276000000e-09	2.4276000000e-09	0.0000000000e+00
7.2687000000e-10	7.2687000000e-10	0.0000000000e+00
2.0616000000e-10	2.0616000000e-10	0.0000000000e+00
5.5385000000e-11	5.5385000000e-11	0.0000000000e+00
1.4094000000e-11	1.4094000000e-11	0.0000000000e+00
3.3976000000e-12	3.3976000000e-12	0.0000000000e+00
7.7584000000e-13	7.7584000000e-13	0.0000000000e+00
1.6783000000e-13	1.6783000000e-13	0.0000000000e+00
1.5059000000e-141	0.0000000000e+00	NA
1.3599000000e-135	0.0000000000e+00	NA
8.6057000000e-130	0.0000000000e+00	NA
3.8349000000e-124	0.0000000000e+00	NA
1.2061000000e-118	0.0000000000e+00	NA
2.6723000000e-113	0.0000000000e+00	NA
4.1953000000e-108	0.0000000000e+00	NA
4.6496000000e-103	0.0000000000e+00	NA
3.6452000000e-98	0.0000000000e+00	NA
2.0220000000e-93	0.0000000000e+00	NA
7.9397000000e-89	0.0000000000e+00	NA
2.2111000000e-84	0.0000000000e+00	NA
4.3630000000e-80	0.0000000000e+00	NA
6.1043000000e-76	0.0000000000e+00	NA
5.9715000000e-72	0.0000000000e+00	NA
4.1540000000e-68	0.0000000000e+00	NA
2.0586000000e-64	0.0000000000e+00	NA
7.2717000000e-61	0.0000000000e+00	NA
1.8320000000e-57	0.0000000000e+00	NA
3.2936000000e-54	0.0000000000e+00	NA
4.2287000000e-51	0.0000000000e+00	NA
3.8801000000e-48	0.0000000000e+00	NA
2.5466000000e-45	0.0000000000e+00	NA
3.8823000000e-43	3.7275000000e-43	1.7671439801e-02
4.3697000000e-41	4.3685000000e-41	1.1928163273e-04
2.1933000000e-39	2.1932000000e-39	1.9801412606e-05
9.4447000000e-37	9.4446000000e-37	4.5983120804e-06
1.8322000000e-34	1.8322000000e-34	0.0000000000e+00
2.0421000000e-32	2.0421000000e-32	0.0000000000e+00
1.2603000000e-30	1.2603000000e-30	0.0000000000e+00
5.8707000000e-29	5.8706000000e-29	7.3977239644e-06
2.5206000000e-27	2.5206000000e-27	0.0000000000e+00
8.0887000000e-26	8.0886000000e-26	5.3691837564e-06
1.7796000000e-24	1.7796000000e-24	0.0000000000e+00
3.9107000000e-23	3.9107000000e-23	0.0000000000e+00
4.5038000000e-22	4.5038000000e-22	0.0000000000e+00
4.7858000000e-21	4.7858000000e-21	0.0000000000e+00
5.0576000000e-20	5.0576000000e-20	0.0000000000e+00
4.5396000000e-19	4.5396000000e-19	0.0000000000e+00
3.6985000000e-18	3.6984000000e-18	1.1742607901e-05
2.1208000000e-17	2.1208000000e-17	0.0000000000e+00
1.4030000000e-16	1.4030000000e-16	0.0000000000e+00
8.7848000000e-16	8.7848000000e-16	0.0000000000e+00
4.5039000000e-15	4.5039000000e-15	0.0000000000e+00
2.3560000000e-14	2.3560000000e-14	0.0000000000e+00
1.1427000000e-13	1.1427000000e-13	0.0000000000e+00
4.9274000000e-13	4.9274000000e-13	0.0000000000e+00
1.4413000000e-12	1.4413000000e-12	0.0000000000e+00
7.5848000000e-12	7.5848000000e-12	0.0000000000e+00
2.5958000000e-11	2.5958000000e-11	0.0000000000e+00
4.1635000000e-11	4.1635000000e-11	0.0000000000e+00
1.3190000000e-10	1.3190000000e-10	0.0000000000e+00
5.4415000000e-10	5.4415000000e-10	0.0000000000e+00
7.0690000000e-10	7.0690000000e-10	0.0000000000e+00
2.5551000000e-09	2.5551000000e-09	0.0000000000e+00
5.9068000000e-09	5.9068000000e-09	0.0000000000e+00
3.1308000000e-08	3.1308000000e-08	0.0000000000e+00
1.4023000000e-07	1.4023000000e-07	0.0000000000e+00
4.1348000000e-07	4.1348000000e-07	0.0000000000e+00
5.9063000000e-07	5.9063000000e-07	0.0000000000e+00
1.1538000000e-06	1.1538000000e-06	0.0000000000e+00
4.0955000000e-06	4.0955000000e-06	0.0000000000e+00
6.4041000000e-06	6.4041000000e-06	0.0000000000e+00
1.5667000000e-05	1.5667000000e-05	0.0000000000e+00
1.8317000000e-05	1.8317000000e-05	0.0000000000e+00
3.7267000000e-05	3.7267000000e-05	0.0000000000e+00
6.6719000000e-05	6.6719000000e-05	0.0000000000e+00
9.9914000000e-05	9.9914000000e-05	0.0000000000e+00
1.4926000000e-04	1.4926000000e-04	0.0000000000e+00
2.2710000000e-04	2.2710000000e-04	0.0000000000e+00
3.0028000000e-04	3.0028000000e-04	0.0000000000e+00
3.5307000000e-04	3.5307000000e-04	0.0000000000e+00
3.6985000000e-04	3.6985000000e-04	0.0000000000e+00
4.5405000000e-04	4.5405000000e-04	0.0000000000e+00
4.9589000000e-04	4.9589000000e-04	0.0000000000e+00
4.7257000000e-04	4.7257000000e-04	0.0000000000e+00
4.2277000000e-04	4.2277000000e-04	0.0000000000e+00
3.5108000000e-04	3.5108000000e-04	0.0000000000e+00
2.7747000000e-04	2.7747000000e-04	0.0000000000e+00
2.1960000000e-04	2.1960000000e-04	0.0000000000e+00
1.6032000000e-04	1.6032000000e-04	0.0000000000e+00
1.0999000000e-04	1.0999000000e-04	0.0000000000e+00
7.1206000000e-05	7.1206000000e-05	0.0000000000e+00
4.3903000000e-05	4.3903000000e-05	0.0000000000e+00
2.5481000000e-05	2.5481000000e-05	0.0000000000e+00
1.4057000000e-05	1.4057000000e-05	0.0000000000e+00
7.3468000000e-06	7.3468000000e-06	0.0000000000e+00
3.6375000000e-06	3.6375000000e-06	0.0000000000e+00
1.7061000000e-06	1.7061000000e-06	0.0000000000e+00
7.5805000000e-07	7.5805000000e-07	0.0000000000e+00
3.1906000000e-07	3.1906000000e-07	0.0000000000e+00
1.2721000000e-07	1.2721000000e-07	0.0000000000e+00
4.8044000000e-08	4.8044000000e-08	0.0000000000e+00
1.7189000000e-08	1.7189000000e-08	0.0000000000e+00
5.8251000000e-09	5.8251000000e-09	0.0000000000e+00
1.8700000000e-09	1.8700000000e-09	0.0000000000e+00
5.6865000000e-10	5.6865000000e-10	0.0000000000e+00
1.6380000000e-10	1.6380000000e-10	0.0000000000e+00
4.4696000000e-11	4.4696000000e-11	0.0000000000e+00
1.1553000000e-11	1.1553000000e-11	0.0000000000e+00
2.8289000000e-12	2.8289000000e-12	0.0000000000e+00
4.9659000000e-144	0.0000000000e+00	NA
4.4301000000e-138	0.0000000000e+00	NA
2.7713000000e-132	0.0000000000e+00	NA
1.2222000000e-126	0.0000000000e+00	NA
3.8101000000e-121	0.0000000000e+00	NA
8.3810000000e-116	0.0000000000e+00	NA
1.3089000000e-110	0.0000000000e+00	NA
1.4459000000e-105	0.0000000000e+00	NA
1.1341000000e-100	0.0000000000e+00	NA
6.3061000000e-96	0.0000000000e+00	NA
2.4864000000e-91	0.0000000000e+00	NA
6.9548000000e-87	0.0000000000e+00	NA
1.3846000000e-82	0.0000000000e+00	NA
1.9462000000e-78	0.0000000000e+00	NA
1.9166000000e-74	0.0000000000e+00	NA
1.3455000000e-70	0.0000000000e+00	NA
6.7360000000e-67	0.0000000000e+00	NA
2.4060000000e-63	0.0000000000e+00	NA
6.1343000000e-60	0.0000000000e+00	NA
1.1170000000e-56	0.0000000000e+00	NA
1.4536000000e-53	0.0000000000e+00	NA
1.3530000000e-50	0.0000000000e+00	NA
9.0161000000e-48	0.0000000000e+00	NA
1.3732000000e-45	0.0000000000e+00	NA
6.5316000000e-44	5.7453000000e-44	5.5706869369e-02
1.3870000000e-41	1.3859000000e-41	3.4456630614e-04
2.7779000000e-39	2.7779000000e-39	0.0000000000e+00
4.1304000000e-37	4.1304000000e-37	0.0000000000e+00
4.7446000000e-35	4.7446000000e-35	0.0000000000e+00
5.6587000000e-33	5.6587000000e-33	0.0000000000e+00
2.4698000000e-31	2.4698000000e-31	0.0000000000e+00
9.9446000000e-30	9.9445000000e-30	4.3671607253e-06
3.7593000000e-28	3.7593000000e-28	0.0000000000e+00
9.5470000000e-27	9.5470000000e-27	0.0000000000e+00
1.6150000000e-25	1.6150000000e-25	0.0000000000e+00
1.8171000000e-24	1.8171000000e-24	0.0000000000e+00
2.0462000000e-23	2.0462000000e-23	0.0000000000e+00
2.5664000000e-22	2.5664000000e-22	0.0000000000e+00
2.4580000000e-21	2.4580000000e-21	0.0000000000e+00
2.2755000000e-20	2.2755000000e-20	0.0000000000e+00
1.9690000000e-19	1.9690000000e-19	0.0000000000e+00
1.2821000000e-18	1.2821000000e-18	0.0000000000e+00
8.0317000000e-18	8.0317000000e-18	0.0000000000e+00
4.8600000000e-17	4.8600000000e-17	0.0000000000e+00
3.0051000000e-16	3.0051000000e-16	0.0000000000e+00
1.4571000000e-15	1.4571000000e-15	0.0000000000e+00
6.9341000000e-15	6.9341000000e-15	0.0000000000e+00
1.3902000000e-14	1.3902000000e-14	0.0000000000e+00
9.1111000000e-14	9.1111000000e-14	0.0000000000e+00
3.4081000000e-13	3.4081000000e-13	0.0000000000e+00
7.5233000000e-13	7.5233000000e-13	0.0000000000e+00
5.2237000000e-12	5.2237000000e-12	0.0000000000e+00
1.4172000000e-11	1.4172000000e-11	0.0000000000e+00
2.7332000000e-11	2.7332000000e-11	0.0000000000e+00
1.4415000000e-10	1.4415000000e-10	0.0000000000e+00
3.7491000000e-10	3.7491000000e-10	0.0000000000e+00
1.2682000000e-09	1.2682000000e-09	0.0000000000e+00
7.6580000000e-09	7.6580000000e-09	0.0000000000e+00
1.4367000000e-08	1.4367000000e-08	0.0000000000e+00
1.0036000000e-07	1.0036000000e-07	0.0000000000e+00
1.4433000000e-07	1.4433000000e-07	0.0000000000e+00
5.9990000000e-07	5.9990000000e-07	0.0000000000e+00
9.4489000000e-07	9.4489000000e-07	0.0000000000e+00
2.4561000000e-06	2.4561000000e-06	0.0000000000e+00
4.0458000000e-06	4.0458000000e-06	0.0000000000e+00
8.3056000000e-06	8.3056000000e-06	0.0000000000e+00
1.1290000000e-05	1.1290000000e-05	0.0000000000e+00
2.7646000000e-05	2.7646000000e-05	0.0000000000e+00
4.2374000000e-05	4.2374000000e-05	0.0000000000e+00
7.5474000000e-05	7.5474000000e-05	0.0000000000e+00
1.0440000000e-04	1.0440000000e-04	0.0000000000e+00
1.2278000000e-04	1.2278000000e-04	0.0000000000e+00
1.6812000000e-04	1.6812000000e-04	0.0000000000e+00
2.0842000000e-04	2.0842000000e-04	0.0000000000e+00
2.3913000000e-04	2.3913000000e-04	0.0000000000e+00
2.7660000000e-04	2.7660000000e-04	0.0000000000e+00
2.7999000000e-04	2.7999000000e-04	0.0000000000e+00
2.6776000000e-04	2.6776000000e-04	0.0000000000e+00
2.2821000000e-04	2.2821000000e-04	0.0000000000e+00
1.9969000000e-04	1.9969000000e-04	0.0000000000e+00
1.6628000000e-04	1.6628000000e-04	0.0000000000e+00
1.3275000000e-04	1.3275000000e-04	0.0000000000e+00
9.8137000000e-05	9.8137000000e-05	0.0000000000e+00
6.8284000000e-05	6.8284000000e-05	0.0000000000e+00
4.4941000000e-05	4.4941000000e-05	0.0000000000e+00
2.8037000000e-05	2.8037000000e-05	0.0000000000e+00
1.6572000000e-05	1.6572000000e-05	0.0000000000e+00
9.2801000000e-06	9.2801000000e-06	0.0000000000e+00
4.9234000000e-06	4.9234000000e-06	0.0000000000e+00
2.4746000000e-06	2.4746000000e-06	0.0000000000e+00
1.1783000000e-06	1.1783000000e-06	0.0000000000e+00
5.3153000000e-07	5.3153000000e-07	0.0000000000e+00
2.2714000000e-07	2.2714000000e-07	0.0000000000e+00
9.1951000000e-08	9.1951000000e-08	0.0000000000e+00
3.5262000000e-08	3.5262000000e-08	0.0000000000e+00
1.2810000000e-08	1.2810000000e-08	0.0000000000e+00
4.4085000000e-09	4.4085000000e-09	0.0000000000e+00
1.4372000000e-09	1.4372000000e-09	0.0000000000e+00
4.4384000000e-10	4.4384000000e-10	0.0000000000e+00
1.2984000000e-10	1.2984000000e-10	0.0000000000e+00
3.5984000000e-11	3.5984000000e-11	0.0000000000e+00
1.2427000000e-146	0.0000000000e+00	NA
1.1001000000e-140	0.0000000000e+00	NA
6.8311000000e-135	0.0000000000e+00	NA
2.9860000000e-129	0.0000000000e+00	NA
9.2355000000e-124	0.0000000000e+00	NA
2.0261000000e-118	0.0000000000e+00	NA
3.1469000000e-113	0.0000000000e+00	NA
3.4685000000e-108	0.0000000000e+00	NA
2.7182000000e-103	0.0000000000e+00	NA
1.5121000000e-98	0.0000000000e+00	NA
5.9918000000e-94	0.0000000000e+00	NA
1.6860000000e-89	0.0000000000e+00	NA
3.3700000000e-85	0.0000000000e+00	NA
4.7804000000e-81	0.0000000000e+00	NA
4.7311000000e-77	0.0000000000e+00	NA
3.3415000000e-73	0.0000000000e+00	NA
1.6848000000e-69	0.0000000000e+00	NA
6.0661000000e-66	0.0000000000e+00	NA
1.5605000000e-62	0.0000000000e+00	NA
2.8696000000e-59	0.0000000000e+00	NA
3.7747000000e-56	0.0000000000e+00	NA
3.5549000000e-53	0.0000000000e+00	NA
2.3993000000e-50	0.0000000000e+00	NA
1.0001000000e-47	0.0000000000e+00	NA
1.6578000000e-46	0.0000000000e+00	NA
2.9424000000e-44	2.3822000000e-44	9.1723491586e-02
7.4704000000e-42	7.4591000000e-42	6.5742705150e-04
1.0534000000e-39	1.0534000000e-39	0.0000000000e+00
1.0588000000e-37	1.0588000000e-37	0.0000000000e+00
8.9547000000e-36	8.9547000000e-36	0.0000000000e+00
6.5205000000e-34	6.5204000000e-34	6.6604986145e-06
3.0834000000e-32	3.0834000000e-32	0.0000000000e+00
1.2546000000e-30	1.2546000000e-30	0.0000000000e+00
2.2092000000e-29	2.2092000000e-29	0.0000000000e+00
7.0130000000e-28	7.0130000000e-28	0.0000000000e+00
1.1200000000e-26	1.1200000000e-26	0.0000000000e+00
1.2624000000e-25	1.2624000000e-25	0.0000000000e+00
9.1332000000e-25	9.1331000000e-25	4.7551445219e-06
1.1085000000e-23	1.1085000000e-23	0.0000000000e+00
1.1113000000e-22	1.1113000000e-22	0.0000000000e+00
1.0586000000e-21	1.0586000000e-21	0.0000000000e+00
8.1461000000e-21	8.1461000000e-21	0.0000000000e+00
6.3585000000e-20	6.3585000000e-20	0.0000000000e+00
4.0550000000e-19	4.0550000000e-19	0.0000000000e+00
2.5250000000e-18	2.5250000000e-18	0.0000000000e+00
1.3907000000e-17	1.3907000000e-17	0.0000000000e+00
3.8565000000e-17	3.8565000000e-17	0.0000000000e+00
2.8789000000e-16	2.8789000000e-16	0.0000000000e+00
9.6727000000e-16	9.6726000000e-16	4.4899224298e-06
4.1698000000e-15	4.1698000000e-15	0.0000000000e+00
1.6053000000e-14	1.6053000000e-14	0.0000000000e+00
1.0142000000e-13	1.0142000000e-13	0.0000000000e+00
3.2899000000e-13	3.2899000000e-13	0.0000000000e+00
9.7657000000e-13	9.7657000000e-13	0.0000000000e+00
4.3254000000e-12	4.3254000000e-12	0.0000000000e+00
2.7290000000e-11	2.7290000000e-11	0.0000000000e+00
9.6171000000e-11	9.6171000000e-11	0.0000000000e+00
2.1098000000e-10	2.1098000000e-10	0.0000000000e+00
1.0531000000e-09	1.0531000000e-09	0.0000000000e+00
3.2619000000e-09	3.2619000000e-09	0.0000000000e+00
1.8070000000e-08	1.8070000000e-08	0.0000000000e+00
4.2182000000e-08	4.2182000000e-08	0.0000000000e+00
8.7973000000e-08	8.7973000000e-08	0.0000000000e+00
2.7605000000e-07	2.7605000000e-07	0.0000000000e+00
5.5531000000e-07	5.5531000000e-07	0.0000000000e+00
1.3157000000e-06	1.3157000000e-06	0.0000000000e+00
2.1209000000e-06	2.1209000000e-06	0.0000000000e+00
3.1562000000e-06	3.1562000000e-06	0.0000000000e+00
9.0023000000e-06	9.0023000000e-06	0.0000000000e+00
1.6873000000e-05	1.6873000000e-05	0.0000000000e+00
2.5489000000e-05	2.5489000000e-05	0.0000000000e+00
3.9811000000e-05	3.9811000000e-05	0.0000000000e+00
5.7890000000e-05	5.7890000000e-05	0.0000000000e+00
7.8174000000e-05	7.8174000000e-05	0.0000000000e+00
9.5028000000e-05	9.5028000000e-05	0.0000000000e+00
1.2203000000e-04	1.2203000000e-04	0.0000000000e+00
1.4061000000e-04	1.4061000000e-04	0.0000000000e+00
1.5165000000e-04	1.5165000000e-04	0.0000000000e+00
1.4562000000e-04	1.4562000000e-04	0.0000000000e+00
1.4266000000e-04	1.4266000000e-04	0.0000000000e+00
1.3371000000e-04	1.3371000000e-04	0.0000000000e+00
1.1974000000e-04	1.1974000000e-04	0.0000000000e+00
1.0143000000e-04	1.0143000000e-04	0.0000000000e+00
8.0544000000e-05	8.0544000000e-05	0.0000000000e+00
6.0046000000e-05	6.0046000000e-05	0.0000000000e+00
4.2356000000e-05	4.2356000000e-05	0.0000000000e+00
2.8306000000e-05	2.8306000000e-05	0.0000000000e+00
1.7924000000e-05	1.7924000000e-05	0.0000000000e+00
1.0753000000e-05	1.0753000000e-05	0.0000000000e+00
6.1126000000e-06	6.1126000000e-06	0.0000000000e+00
3.2920000000e-06	3.2920000000e-06	0.0000000000e+00
1.6797000000e-06	1.6797000000e-06	0.0000000000e+00
8.1196000000e-07	8.1196000000e-07	0.0000000000e+00
3.7185000000e-07	3.7185000000e-07	0.0000000000e+00
1.6133000000e-07	1.6133000000e-07	0.0000000000e+00
6.6311000000e-08	6.6311000000e-08	0.0000000000e+00
2.5820000000e-08	2.5820000000e-08	0.0000000000e+00
9.5247000000e-09	9.5247000000e-09	0.0000000000e+00
3.3284000000e-09	3.3284000000e-09	0.0000000000e+00
1.1019000000e-09	1.1019000000e-09	0.0000000000e+00
3.4557000000e-10	3.4557000000e-10	0.0000000000e+00
2.3163000000e-149	0.0000000000e+00	NA
2.0408000000e-143	0.0000000000e+00	NA
1.2584000000e-137	0.0000000000e+00	NA
5.4645000000e-132	0.0000000000e+00	NA
1.6803000000e-126	0.0000000000e+00	NA
3.6604000000e-121	0.0000000000e+00	NA
5.6629000000e-116	0.0000000000e+00	NA
6.2351000000e-111	0.0000000000e+00	NA
4.8858000000e-106	0.0000000000e+00	NA
2.7249000000e-101	0.0000000000e+00	NA
1.0817000000e-96	0.0000000000e+00	NA
3.0566000000e-92	0.0000000000e+00	NA
6.1596000000e-88	0.0000000000e+00	NA
8.8256000000e-84	0.0000000000e+00	NA
8.8177000000e-80	0.0000000000e+00	NA
6.2556000000e-76	0.0000000000e+00	NA
3.1710000000e-72	0.0000000000e+00	NA
1.1489000000e-68	0.0000000000e+00	NA
2.9768000000e-65	0.0000000000e+00	NA
5.5188000000e-62	0.0000000000e+00	NA
7.3257000000e-59	0.0000000000e+00	NA
6.9689000000e-56	0.0000000000e+00	NA
4.7560000000e-53	0.0000000000e+00	NA
1.1674000000e-50	0.0000000000e+00	NA
2.0275000000e-49	0.0000000000e+00	NA
3.1126000000e-47	0.0000000000e+00	NA
9.3204000000e-45	5.6052000000e-45	2.2084343787e-01
2.9127000000e-42	2.9091000000e-42	5.3710547739e-04
2.8413000000e-40	2.8412000000e-40	1.5285331525e-05
2.0954000000e-38	2.0954000000e-38	0.0000000000e+00
9.6821000000e-37	9.6821000000e-37	0.0000000000e+00
5.0974000000e-35	5.0974000000e-35	0.0000000000e+00
2.1167000000e-33	2.1167000000e-33	0.0000000000e+00
5.9250000000e-32	5.9250000000e-32	0.0000000000e+00
9.8848000000e-31	9.8848000000e-31	0.0000000000e+00
1.7745000000e-29	1.7745000000e-29	0.0000000000e+00
3.4863000000e-28	3.4863000000e-28	0.0000000000e+00
2.8352000000e-27	2.8352000000e-27	0.0000000000e+00
4.2748000000e-26	4.2748000000e-26	0.0000000000e+00
4.0458000000e-25	4.0458000000e-25	0.0000000000e+00
4.5223000000e-24	4.5223000000e-24	0.0000000000e+00
3.8329000000e-23	3.8329000000e-23	0.0000000000e+00
3.2340000000e-22	3.2340000000e-22	0.0000000000e+00
2.8793000000e-21	2.8793000000e-21	0.0000000000e+00
1.8912000000e-20	1.8912000000e-20	0.0000000000e+00
9.1352000000e-20	9.1352000000e-20	0.0000000000e+00
7.2421000000e-19	7.2421000000e-19	0.0000000000e+00
1.9941000000e-18	1.9941000000e-18	0.0000000000e+00
1.0460000000e-17	1.0460000000e-17	0.0000000000e+00
9.2852000000e-17	9.2852000000e-17	0.0000000000e+00
5.3784000000e-16	5.3784000000e-16	0.0000000000e+00
1.3388000000e-15	1.3388000000e-15	0.0000000000e+00
7.3189000000e-15	7.3189000000e-15	0.0000000000e+00
5.8013000000e-14	5.8013000000e-14	0.0000000000e+00
2.5101000000e-13	2.5102000000e-13	-1.7301535046e-05
5.9561000000e-13	5.9561000000e-13	0.0000000000e+00
2.3451000000e-12	2.3451000000e-12	0.0000000000e+00
5.4366000000e-12	5.4366000000e-12	0.0000000000e+00
1.6941000000e-11	1.6941000000e-11	0.0000000000e+00
9.6160000000e-11	9.6160000000e-11	0.0000000000e+00
6.4681000000e-10	6.4681000000e-10	0.0000000000e+00
2.3989000000e-09	2.3989000000e-09	0.0000000000e+00
8.6160000000e-09	8.6160000000e-09	0.0000000000e+00
2.1463000000e-08	2.1463000000e-08	0.0000000000e+00
4.9628000000e-08	4.9628000000e-08	0.0000000000e+00
1.3165000000e-07	1.3165000000e-07	0.0000000000e+00
3.3588000000e-07	3.3588000000e-07	0.0000000000e+00
6.0154000000e-07	6.0155000000e-07	-7.2196507644e-06
1.0366000000e-06	1.0366000000e-06	0.0000000000e+00
2.3035000000e-06	2.3035000000e-06	0.0000000000e+00
4.2812000000e-06	4.2812000000e-06	0.0000000000e+00
8.1764000000e-06	8.1764000000e-06	0.0000000000e+00
1.2334000000e-05	1.2334000000e-05	0.0000000000e+00
2.0742000000e-05	2.0742000000e-05	0.0000000000e+00
3.0149000000e-05	3.0149000000e-05	0.0000000000e+00
4.1482000000e-05	4.1482000000e-05	0.0000000000e+00
5.2910000000e-05	5.2910000000e-05	0.0000000000e+00
6.5387000000e-05	6.5387000000e-05	0.0000000000e+00
6.9445000000e-05	6.9445000000e-05	0.0000000000e+00
7.6598000000e-05	7.6598000000e-05	0.0000000000e+00
8.0762000000e-05	8.0762000000e-05	0.0000000000e+00
8.2492000000e-05	8.2492000000e-05	0.0000000000e+00
8.1005000000e-05	8.1005000000e-05	0.0000000000e+00
7.2301000000e-05	7.2301000000e-05	0.0000000000e+00
6.0822000000e-05	6.0822000000e-05	0.0000000000e+00
4.8487000000e-05	4.8487000000e-05	0.0000000000e+00
3.6628000000e-05	3.6628000000e-05	0.0000000000e+00
2.6220000000e-05	2.6220000000e-05	0.0000000000e+00
1.7785000000e-05	1.7785000000e-05	0.0000000000e+00
1.1431000000e-05	1.1431000000e-05	0.0000000000e+00
6.9610000000e-06	6.9610000000e-06	0.0000000000e+00
4.0165000000e-06	4.0165000000e-06	0.0000000000e+00
2.1958000000e-06	2.1958000000e-06	0.0000000000e+00
1.1373000000e-06	1.1373000000e-06	0.0000000000e+00
5.5814000000e-07	5.5814000000e-07	0.0000000000e+00
2.5950000000e-07	2.5950000000e-07	0.0000000000e+00
1.1431000000e-07	1.1431000000e-07	0.0000000000e+00
4.7702000000e-08	4.7702000000e-08	0.0000000000e+00
1.8859000000e-08	1.8859000000e-08	0.0000000000e+00
7.0639000000e-09	7.0639000000e-09	0.0000000000e+00
2.5066000000e-09	2.5066000000e-09	0.0000000000e+00
3.1751000000e-152	0.0000000000e+00	NA
2.7827000000e-146	0.0000000000e+00	NA
1.7028000000e-140	0.0000000000e+00	NA
7.3598000000e-135	0.0000000000e+00	NA
2.2485000000e-129	0.0000000000e+00	NA
4.8703000000e-124	0.0000000000e+00	NA
7.5140000000e-119	0.0000000000e+00	NA
8.2571000000e-114	0.0000000000e+00	NA
6.4632000000e-109	0.0000000000e+00	NA
3.6104000000e-104	0.0000000000e+00	NA
1.4391000000e-99	0.0000000000e+00	NA
4.0926000000e-95	0.0000000000e+00	NA
8.3180000000e-91	0.0000000000e+00	NA
1.2024000000e-86	0.0000000000e+00	NA
1.2258000000e-82	0.0000000000e+00	NA
8.7274000000e-79	0.0000000000e+00	NA
4.4436000000e-75	0.0000000000e+00	NA
1.6185000000e-71	0.0000000000e+00	NA
4.2195000000e-68	0.0000000000e+00	NA
7.8779000000e-65	0.0000000000e+00	NA
1.0541000000e-61	0.0000000000e+00	NA
1.0118000000e-58	0.0000000000e+00	NA
1.7784000000e-56	0.0000000000e+00	NA
1.6149000000e-54	0.0000000000e+00	NA
1.3520000000e-52	0.0000000000e+00	NA
4.1019000000e-50	0.0000000000e+00	NA
7.4580000000e-48	0.0000000000e+00	NA
1.2867000000e-45	0.0000000000e+00	NA
2.6374000000e-43	2.5504000000e-43	1.4567702136e-02
2.2163000000e-41	2.2150000000e-41	2.5481589722e-04
1.7421000000e-39	1.7421000000e-39	0.0000000000e+00
6.5018000000e-38	6.5018000000e-38	0.0000000000e+00
3.0510000000e-36	3.0510000000e-36	0.0000000000e+00
8.3415000000e-35	8.3416000000e-35	-5.2064002722e-06
1.8433000000e-33	1.8433000000e-33	0.0000000000e+00
4.6471000000e-32	4.6470000000e-32	9.3455952038e-06
7.9015000000e-31	7.9014000000e-31	5.4963896742e-06
8.3264000000e-30	8.3263000000e-30	5.2159047111e-06
1.4848000000e-28	1.4848000000e-28	0.0000000000e+00
1.2898000000e-27	1.2898000000e-27	0.0000000000e+00
1.4256000000e-26	1.4256000000e-26	0.0000000000e+00
1.4903000000e-25	1.4902000000e-25	2.9142391013e-05
1.3063000000e-24	1.3063000000e-24	0.0000000000e+00
1.0446000000e-23	1.0446000000e-23	0.0000000000e+00
1.0986000000e-22	1.0985000000e-22	3.9533428811e-05
8.1648000000e-22	8.1648000000e-22	0.0000000000e+00
4.2249000000e-21	4.2248000000e-21	1.0279524289e-05
2.0515000000e-20	2.0515000000e-20	0.0000000000e+00
6.8084000000e-20	6.8084000000e-20	0.0000000000e+00
5.6653000000e-19	5.6653000000e-19	0.0000000000e+00
5.6728000000e-18	5.6728000000e-18	0.0000000000e+00
3.0722000000e-17	3.0722000000e-17	0.0000000000e+00
2.8044000000e-16	2.8044000000e-16	0.0000000000e+00
5.0104000000e-16	5.0104000000e-16	0.0000000000e+00
1.4273000000e-15	1.4273000000e-15	0.0000000000e+00
7.0696000000e-15	7.0697000000e-15	-6.1430832065e-06
2.8422000000e-14	2.8422000000e-14	0.0000000000e+00
1.4407000000e-13	1.4407000000e-13	0.0000000000e+00
7.4669000000e-13	7.4669000000e-13	0.0000000000e+00
2.6108000000e-12	2.6108000000e-12	0.0000000000e+00
7.7635000000e-12	7.7635000000e-12	0.0000000000e+00
6.0578000000e-11	6.0577000000e-11	7.1692374547e-06
3.7770000000e-10	3.7770000000e-10	0.0000000000e+00
1.2192000000e-09	1.2192000000e-09	0.0000000000e+00
2.8727000000e-09	2.8727000000e-09	0.0000000000e+00
8.8921000000e-09	8.8921000000e-09	0.0000000000e+00
2.0659000000e-08	2.0659000000e-08	0.0000000000e+00
6.8868000000e-08	6.8868000000e-08	0.0000000000e+00
1.4162000000e-07	1.4162000000e-07	0.0000000000e+00
3.1423000000e-07	3.1423000000e-07	0.0000000000e+00
6.8895000000e-07	6.8895000000e-07	0.0000000000e+00
1.2922000000e-06	1.2922000000e-06	0.0000000000e+00
2.4346000000e-06	2.4346000000e-06	0.0000000000e+00
4.1840000000e-06	4.1840000000e-06	0.0000000000e+00
6.8859000000e-06	6.8859000000e-06	0.0000000000e+00
1.0571000000e-05	1.0571000000e-05	0.0000000000e+00
1.5515000000e-05	1.5515000000e-05	0.0000000000e+00
2.1170000000e-05	2.1170000000e-05	0.0000000000e+00
2.7953000000e-05	2.7953000000e-05	0.0000000000e+00
3.4161000000e-05	3.4161000000e-05	0.0000000000e+00
4.0629000000e-05	4.0629000000e-05	0.0000000000e+00
4.3793000000e-05	4.3793000000e-05	0.0000000000e+00
4.8778000000e-05	4.8778000000e-05	0.0000000000e+00
4.8647000000e-05	4.8647000000e-05	0.0000000000e+00
4.6704000000e-05	4.6704000000e-05	0.0000000000e+00
4.2074000000e-05	4.2074000000e-05	0.0000000000e+00
3.5921000000e-05	3.5921000000e-05	0.0000000000e+00
2.9062000000e-05	2.9062000000e-05	0.0000000000e+00
2.2282000000e-05	2.2282000000e-05	0.0000000000e+00
1.6189000000e-05	1.6189000000e-05	0.0000000000e+00
1.1145000000e-05	1.1145000000e-05	0.0000000000e+00
7.2707000000e-06	7.2707000000e-06	0.0000000000e+00
4.4943000000e-06	4.4943000000e-06	0.0000000000e+00
2.6323000000e-06	2.6323000000e-06	0.0000000000e+00
1.4608000000e-06	1.4608000000e-06	0.0000000000e+00
7.6813000000e-07	7.6813000000e-07	0.0000000000e+00
3.8267000000e-07	3.8267000000e-07	0.0000000000e+00
1.8063000000e-07	1.8063000000e-07	0.0000000000e+00
8.0778000000e-08	8.0778000000e-08	0.0000000000e+00
3.4226000000e-08	3.4226000000e-08	0.0000000000e+00
1.3739000000e-08	1.3739000000e-08	0.0000000000e+00
3.1648000000e-155	0.0000000000e+00	NA
2.7561000000e-149	0.0000000000e+00	NA
1.6804000000e-143	0.0000000000e+00	NA
7.2030000000e-138	0.0000000000e+00	NA
2.1840000000e-132	0.0000000000e+00	NA
4.7092000000e-127	0.0000000000e+00	NA
7.2383000000e-122	0.0000000000e+00	NA
7.9144000000e-117	0.0000000000e+00	NA
6.1947000000e-112	0.0000000000e+00	NA
3.4695000000e-107	0.0000000000e+00	NA
1.3925000000e-102	0.0000000000e+00	NA
3.9892000000e-98	0.0000000000e+00	NA
8.1847000000e-94	0.0000000000e+00	NA
1.1984000000e-89	0.0000000000e+00	NA
1.2505000000e-85	0.0000000000e+00	NA
9.0012000000e-82	0.0000000000e+00	NA
4.6010000000e-78	0.0000000000e+00	NA
1.6838000000e-74	0.0000000000e+00	NA
4.4140000000e-71	0.0000000000e+00	NA
8.2937000000e-68	0.0000000000e+00	NA
1.1179000000e-64	0.0000000000e+00	NA
3.3403000000e-62	0.0000000000e+00	NA
6.8535000000e-61	0.0000000000e+00	NA
7.1616000000e-58	0.0000000000e+00	NA
1.1063000000e-55	0.0000000000e+00	NA
4.7386000000e-53	0.0000000000e+00	NA
1.3582000000e-50	0.0000000000e+00	NA
2.7330000000e-48	0.0000000000e+00	NA
2.8844000000e-46	0.0000000000e+00	NA
5.1238000000e-44	4.4842000000e-44	5.7907195015e-02
2.0729000000e-42	2.0627000000e-42	2.1422829566e-03
9.6320000000e-41	9.6304000000e-41	7.2147933035e-05
3.6273000000e-39	3.6273000000e-39	0.0000000000e+00
9.9806000000e-38	9.9806000000e-38	0.0000000000e+00
3.8583000000e-36	3.8583000000e-36	0.0000000000e+00
6.1846000000e-35	6.1846000000e-35	0.0000000000e+00
8.8365000000e-34	8.8365000000e-34	0.0000000000e+00
1.3483000000e-32	1.3483000000e-32	0.0000000000e+00
2.0364000000e-31	2.0364000000e-31	0.0000000000e+00
2.9028000000e-30	2.9028000000e-30	0.0000000000e+00
4.9828000000e-29	4.9828000000e-29	0.0000000000e+00
4.8692000000e-28	4.8692000000e-28	0.0000000000e+00
4.5850000000e-27	4.5850000000e-27	0.0000000000e+00
3.5698000000e-26	3.5698000000e-26	0.0000000000e+00
3.3598000000e-25	3.3598000000e-25	0.0000000000e+00
3.4742000000e-24	3.4742000000e-24	0.0000000000e+00
2.4643000000e-23	2.4643000000e-23	0.0000000000e+00
1.9866000000e-22	1.9866000000e-22	0.0000000000e+00
1.0305000000e-21	1.0305000000e-21	0.0000000000e+00
7.5413000000e-21	7.5412000000e-21	5.7589190374e-06
6.1420000000e-20	6.1420000000e-20	0.0000000000e+00
4.2881000000e-19	4.2881000000e-19	0.0000000000e+00
2.5563000000e-18	2.5563000000e-18	0.0000000000e+00
8.9921000000e-18	8.9921000000e-18	0.0000000000e+00
2.1979000000e-17	2.1979000000e-17	0.0000000000e+00
1.0286000000e-16	1.0286000000e-16	0.0000000000e+00
5.4028000000e-16	5.4028000000e-16	0.0000000000e+00
2.7141000000e-15	2.7141000000e-15	0.0000000000e+00
3.1738000000e-14	3.1738000000e-14	0.0000000000e+00
1.1186000000e-13	1.1186000000e-13	0.0000000000e+00
1.4947000000e-13	1.4947000000e-13	0.0000000000e+00
1.3163000000e-12	1.3163000000e-12	0.0000000000e+00
7.5747000000e-12	7.5747000000e-12	0.0000000000e+00
2.6070000000e-11	2.6070000000e-11	0.0000000000e+00
6.0441000000e-11	6.0441000000e-11	0.0000000000e+00
3.7099000000e-10	3.7099000000e-10	0.0000000000e+00
1.1902000000e-09	1.1902000000e-09	0.0000000000e+00
4.4149000000e-09	4.4149000000e-09	0.0000000000e+00
1.2359000000e-08	1.2359000000e-08	0.0000000000e+00
2.8366000000e-08	2.8366000000e-08	0.0000000000e+00
7.3079000000e-08	7.3078000000e-08	5.9428488804e-06
1.5285000000e-07	1.5285000000e-07	0.0000000000e+00
3.2900000000e-07	3.2900000000e-07	0.0000000000e+00
6.4190000000e-07	6.4190000000e-07	0.0000000000e+00
1.1343000000e-06	1.1343000000e-06	0.0000000000e+00
2.0678000000e-06	2.0678000000e-06	0.0000000000e+00
3.4088000000e-06	3.4088000000e-06	0.0000000000e+00
5.3289000000e-06	5.3289000000e-06	0.0000000000e+00
7.9036000000e-06	7.9036000000e-06	0.0000000000e+00
1.0579000000e-05	1.0579000000e-05	0.0000000000e+00
1.4695000000e-05	1.4695000000e-05	0.0000000000e+00
1.8203000000e-05	1.8203000000e-05	0.0000000000e+00
2.0972000000e-05	2.0972000000e-05	0.0000000000e+00
2.5324000000e-05	2.5324000000e-05	0.0000000000e+00
2.7197000000e-05	2.7197000000e-05	0.0000000000e+00
2.7682000000e-05	2.7682000000e-05	0.0000000000e+00
2.6705000000e-05	2.6705000000e-05	0.0000000000e+00
2.4415000000e-05	2.4415000000e-05	0.0000000000e+00
2.1155000000e-05	2.1155000000e-05	0.0000000000e+00
1.7371000000e-05	1.7371000000e-05	0.0000000000e+00
1.3517000000e-05	1.3517000000e-05	0.0000000000e+00
9.9677000000e-06	9.9677000000e-06	0.0000000000e+00
6.9653000000e-06	6.9653000000e-06	0.0000000000e+00
4.6121000000e-06	4.6121000000e-06	0.0000000000e+00
2.8939000000e-06	2.8939000000e-06	0.0000000000e+00
1.7205000000e-06	1.7205000000e-06	0.0000000000e+00
9.6924000000e-07	9.6924000000e-07	0.0000000000e+00
5.1736000000e-07	5.1736000000e-07	0.0000000000e+00
2.6166000000e-07	2.6166000000e-07	0.0000000000e+00
1.2539000000e-07	1.2539000000e-07	0.0000000000e+00
5.6928000000e-08	5.6928000000e-08	0.0000000000e+00
2.2861000000e-158	0.0000000000e+00	NA
1.9802000000e-152	0.0000000000e+00	NA
1.1979000000e-146	0.0000000000e+00	NA
5.0970000000e-141	0.0000000000e+00	NA
1.5350000000e-135	0.0000000000e+00	NA
3.2823000000e-130	0.0000000000e+00	NA
5.0083000000e-125	0.0000000000e+00	NA
5.4649000000e-120	0.0000000000e+00	NA
4.2723000000e-115	0.0000000000e+00	NA
2.3968000000e-110	0.0000000000e+00	NA
9.6617000000e-106	0.0000000000e+00	NA
2.8018000000e-101	0.0000000000e+00	NA
5.8199000000e-97	0.0000000000e+00	NA
8.6567000000e-93	0.0000000000e+00	NA
9.1891000000e-89	0.0000000000e+00	NA
6.8230000000e-85	0.0000000000e+00	NA
3.5004000000e-81	0.0000000000e+00	NA
1.2866000000e-77	0.0000000000e+00	NA
3.3903000000e-74	0.0000000000e+00	NA
6.4083000000e-71	0.0000000000e+00	NA
8.6962000000e-68	0.0000000000e+00	NA
5.5316000000e-66	0.0000000000e+00	NA
1.5131000000e-64	0.0000000000e+00	NA
1.0721000000e-61	0.0000000000e+00	NA
9.6196000000e-59	0.0000000000e+00	NA
3.9393000000e-56	0.0000000000e+00	NA
6.9945000000e-54	0.0000000000e+00	NA
2.2332000000e-51	0.0000000000e+00	NA
2.1872000000e-49	0.0000000000e+00	NA
1.7928000000e-47	0.0000000000e+00	NA
1.1125000000e-45	0.0000000000e+00	NA
1.1237000000e-43	1.0370000000e-43	3.4871624475e-02
3.6485000000e-42	3.6434000000e-42	6.0749659728e-04
1.2570000000e-40	1.2569000000e-40	3.4551452495e-05
2.8311000000e-39	2.8311000000e-39	0.0000000000e+00
6.3607000000e-38	6.3606000000e-38	6.8278317768e-06
2.0737000000e-36	2.0737000000e-36	0.0000000000e+00
1.9004000000e-35	1.9004000000e-35	0.0000000000e+00
3.3692000000e-34	3.3692000000e-34	0.0000000000e+00
5.0337000000e-33	5.0337000000e-33	0.0000000000e+00
1.2051000000e-31	1.2051000000e-31	0.0000000000e+00
1.0574000000e-30	1.0574000000e-30	0.0000000000e+00
1.0436000000e-29	1.0436000000e-29	0.0000000000e+00
1.2500000000e-28	1.2500000000e-28	0.0000000000e+00
1.0799000000e-27	1.0799000000e-27	0.0000000000e+00
1.0621000000e-26	1.0621000000e-26	0.0000000000e+00
9.6224000000e-26	9.6224000000e-26	0.0000000000e+00
1.0736000000e-24	1.0736000000e-24	0.0000000000e+00
6.3941000000e-24	6.3941000000e-24	0.0000000000e+00
5.2599000000e-23	5.2599000000e-23	0.0000000000e+00
4.4130000000e-22	4.4130000000e-22	0.0000000000e+00
2.6395000000e-21	2.6395000000e-21	0.0000000000e+00
2.5334000000e-20	2.5334000000e-20	0.0000000000e+00
6.4074000000e-20	6.4074000000e-20	0.0000000000e+00
1.8750000000e-19	1.8750000000e-19	0.0000000000e+00
1.5819000000e-18	1.5819000000e-18	0.0000000000e+00
1.8455000000e-17	1.8455000000e-17	0.0000000000e+00
9.3353000000e-17	9.3353000000e-17	0.0000000000e+00
5.6995000000e-16	5.6995000000e-16	0.0000000000e+00
1.2877000000e-15	1.2877000000e-15	0.0000000000e+00
4.6203000000e-15	4.6203000000e-15	0.0000000000e+00
4.4588000000e-14	4.4588000000e-14	0.0000000000e+00
2.5066000000e-13	2.5066000000e-13	0.0000000000e+00
8.1650000000e-13	8.1650000000e-13	0.0000000000e+00
1.0393000000e-12	1.0393000000e-12	0.0000000000e+00
1.0415000000e-11	1.0415000000e-11	0.0000000000e+00
5.4109000000e-11	5.4109000000e-11	0.0000000000e+00
2.2259000000e-10	2.2259000000e-10	0.0000000000e+00
8.0491000000e-10	8.0491000000e-10	0.0000000000e+00
2.2263000000e-09	2.2263000000e-09	0.0000000000e+00
5.4589000000e-09	5.4589000000e-09	0.0000000000e+00
1.3981000000e-08	1.3981000000e-08	0.0000000000e+00
3.2113000000e-08	3.2113000000e-08	0.0000000000e+00
6.9009000000e-08	6.9009000000e-08	0.0000000000e+00
1.4968000000e-07	1.4968000000e-07	0.0000000000e+00
3.0458000000e-07	3.0458000000e-07	0.0000000000e+00
5.6814000000e-07	5.6814000000e-07	0.0000000000e+00
1.0056000000e-06	1.0056000000e-06	0.0000000000e+00
1.6729000000e-06	1.6729000000e-06	0.0000000000e+00
2.5903000000e-06	2.5903000000e-06	0.0000000000e+00
4.0076000000e-06	4.0076000000e-06	0.0000000000e+00
5.7297000000e-06	5.7297000000e-06	0.0000000000e+00
7.7277000000e-06	7.7277000000e-06	0.0000000000e+00
9.9016000000e-06	9.9016000000e-06	0.0000000000e+00
1.2012000000e-05	1.2012000000e-05	0.0000000000e+00
1.3812000000e-05	1.3812000000e-05	0.0000000000e+00
1.5054000000e-05	1.5054000000e-05	0.0000000000e+00
1.5550000000e-05	1.5550000000e-05	0.0000000000e+00
1.5224000000e-05	1.5224000000e-05	0.0000000000e+00
1.4126000000e-05	1.4126000000e-05	0.0000000000e+00
1.2422000000e-05	1.2422000000e-05	0.0000000000e+00
1.0353000000e-05	1.0353000000e-05	0.0000000000e+00
8.1765000000e-06	8.1765000000e-06	0.0000000000e+00
6.1197000000e-06	6.1197000000e-06	0.0000000000e+00
4.3405000000e-06	4.3405000000e-06	0.0000000000e+00
2.9173000000e-06	2.9173000000e-06	0.0000000000e+00
1.8580000000e-06	1.8580000000e-06	0.0000000000e+00
1.1213000000e-06	1.1213000000e-06	0.0000000000e+00
6.4125000000e-07	6.4125000000e-07	0.0000000000e+00
3.4747000000e-07	3.4747000000e-07	0.0000000000e+00
1.7840000000e-07	1.7840000000e-07	0.0000000000e+00
1.1881000000e-161	0.0000000000e+00	NA
1.0244000000e-155	0.0000000000e+00	NA
6.1528000000e-150	0.0000000000e+00	NA
2.5935000000e-144	0.0000000000e+00	NA
7.7242000000e-139	0.0000000000e+00	NA
1.6389000000e-133	0.0000000000e+00	NA
2.4780000000e-128	0.0000000000e+00	NA
2.6826000000e-123	0.0000000000e+00	NA
2.0877000000e-118	0.0000000000e+00	NA
1.1721000000e-113	0.0000000000e+00	NA
4.7611000000e-109	0.0000000000e+00	NA
1.3974000000e-104	0.0000000000e+00	NA
2.9545000000e-100	0.0000000000e+00	NA
4.4960000000e-96	0.0000000000e+00	NA
4.8794000000e-92	0.0000000000e+00	NA
3.7535000000e-88	0.0000000000e+00	NA
1.9484000000e-84	0.0000000000e+00	NA
7.1919000000e-81	0.0000000000e+00	NA
1.9044000000e-77	0.0000000000e+00	NA
3.6203000000e-74	0.0000000000e+00	NA
4.9450000000e-71	0.0000000000e+00	NA
1.5362000000e-69	0.0000000000e+00	NA
1.5667000000e-67	0.0000000000e+00	NA
3.0488000000e-65	0.0000000000e+00	NA
2.7755000000e-62	0.0000000000e+00	NA
1.8737000000e-59	0.0000000000e+00	NA
3.4842000000e-57	0.0000000000e+00	NA
7.6311000000e-55	0.0000000000e+00	NA
2.7960000000e-52	0.0000000000e+00	NA
9.2619000000e-51	0.0000000000e+00	NA
6.4858000000e-49	0.0000000000e+00	NA
2.8191000000e-47	0.0000000000e+00	NA
1.9498000000e-45	0.0000000000e+00	NA
1.2146000000e-43	1.1070000000e-43	4.0285655908e-02
1.7053000000e-42	1.7054000000e-42	-2.5466589382e-05
6.0535000000e-41	6.0528000000e-41	5.0222799315e-05
1.1066000000e-39	1.1066000000e-39	0.0000000000e+00
2.0926000000e-38	2.0926000000e-38	0.0000000000e+00
3.6003000000e-37	3.6003000000e-37	0.0000000000e+00
6.9766000000e-36	6.9766000000e-36	0.0000000000e+00
9.8120000000e-35	9.8121000000e-35	-4.4261340078e-06
2.2353000000e-33	2.2353000000e-33	0.0000000000e+00
2.3266000000e-32	2.3266000000e-32	0.0000000000e+00
2.3740000000e-31	2.3740000000e-31	0.0000000000e+00
2.8128000000e-30	2.8128000000e-30	0.0000000000e+00
2.9737000000e-29	2.9737000000e-29	0.0000000000e+00
3.4777000000e-28	3.4777000000e-28	0.0000000000e+00
2.6969000000e-27	2.6969000000e-27	0.0000000000e+00
2.7287000000e-26	2.7287000000e-26	0.0000000000e+00
2.1115000000e-25	2.1115000000e-25	0.0000000000e+00
1.7948000000e-24	1.7948000000e-24	0.0000000000e+00
1.8016000000e-23	1.8016000000e-23	0.0000000000e+00
1.2042000000e-22	1.2042000000e-22	0.0000000000e+00
1.0536000000e-21	1.0536000000e-21	0.0000000000e+00
2.8824000000e-21	2.8824000000e-21	0.0000000000e+00
3.5518000000e-20	3.5517000000e-20	1.2227619679e-05
1.3681000000e-19	1.3681000000e-19	0.0000000000e+00
1.3332000000e-18	1.3332000000e-18	0.0000000000e+00
9.9846000000e-18	9.9845000000e-18	4.3496650516e-06
3.3009000000e-17	3.3009000000e-17	0.0000000000e+00
6.4792000000e-17	6.4792000000e-17	0.0000000000e+00
1.1724000000e-15	1.1724000000e-15	0.0000000000e+00
3.2952000000e-15	3.2952000000e-15	0.0000000000e+00
1.7228000000e-14	1.7228000000e-14	0.0000000000e+00
3.5548000000e-14	3.5547000000e-14	1.2217300286e-05
2.2057000000e-13	2.2057000000e-13	0.0000000000e+00
2.0255000000e-12	2.0255000000e-12	0.0000000000e+00
1.0127000000e-11	1.0127000000e-11	0.0000000000e+00
2.3512000000e-11	2.3512000000e-11	0.0000000000e+00
8.1273000000e-11	8.1273000000e-11	0.0000000000e+00
3.4177000000e-10	3.4177000000e-10	0.0000000000e+00
8.3463000000e-10	8.3463000000e-10	0.0000000000e+00
2.2545000000e-09	2.2545000000e-09	0.0000000000e+00
4.8280000000e-09	4.8280000000e-09	0.0000000000e+00
1.3182000000e-08	1.3182000000e-08	0.0000000000e+00
3.2302000000e-08	3.2302000000e-08	0.0000000000e+00
7.1993000000e-08	7.1993000000e-08	0.0000000000e+00
1.3677000000e-07	1.3677000000e-07	0.0000000000e+00
2.4771000000e-07	2.4771000000e-07	0.0000000000e+00
4.8462000000e-07	4.8462000000e-07	0.0000000000e+00
8.2826000000e-07	8.2826000000e-07	0.0000000000e+00
1.3324000000e-06	1.3324000000e-06	0.0000000000e+00
2.0318000000e-06	2.0318000000e-06	0.0000000000e+00
2.9370000000e-06	2.9370000000e-06	0.0000000000e+00
4.0245000000e-06	4.0245000000e-06	0.0000000000e+00
5.2272000000e-06	5.2272000000e-06	0.0000000000e+00
6.4355000000e-06	6.4355000000e-06	0.0000000000e+00
7.5099000000e-06	7.5099000000e-06	0.0000000000e+00
8.3066000000e-06	8.3066000000e-06	0.0000000000e+00
8.7082000000e-06	8.7082000000e-06	0.0000000000e+00
8.6526000000e-06	8.6526000000e-06	0.0000000000e+00
8.1483000000e-06	8.1483000000e-06	0.0000000000e+00
7.2725000000e-06	7.2725000000e-06	0.0000000000e+00
6.1514000000e-06	6.1514000000e-06	0.0000000000e+00
4.9311000000e-06	4.9311000000e-06	0.0000000000e+00
3.7461000000e-06	3.7461000000e-06	0.0000000000e+00
2.6969000000e-06	2.6969000000e-06	0.0000000000e+00
1.8399000000e-06	1.8399000000e-06	0.0000000000e+00
1.1895000000e-06	1.1895000000e-06	0.0000000000e+00
7.2868000000e-07	7.2868000000e-07	0.0000000000e+00
4.2301000000e-07	4.2301000000e-07	0.0000000000e+00
4.4522000000e-165	0.0000000000e+00	NA
3.8234000000e-159	0.0000000000e+00	NA
2.2681000000e-153	0.0000000000e+00	NA
9.4488000000e-148	0.0000000000e+00	NA
2.7763000000e-142	0.0000000000e+00	NA
5.8042000000e-137	0.0000000000e+00	NA
8.6792000000e-132	0.0000000000e+00	NA
9.2829000000e-127	0.0000000000e+00	NA
7.1808000000e-122	0.0000000000e+00	NA
4.0214000000e-117	0.0000000000e+00	NA
1.6418000000e-112	0.0000000000e+00	NA
4.8864000000e-108	0.0000000000e+00	NA
1.0580000000e-103	0.0000000000e+00	NA
1.6575000000e-99	0.0000000000e+00	NA
1.8597000000e-95	0.0000000000e+00	NA
1.4742000000e-91	0.0000000000e+00	NA
7.9089000000e-88	0.0000000000e+00	NA
2.9315000000e-84	0.0000000000e+00	NA
7.8001000000e-81	0.0000000000e+00	NA
1.4910000000e-77	0.0000000000e+00	NA
4.9641000000e-75	0.0000000000e+00	NA
1.8436000000e-72	0.0000000000e+00	NA
6.4573000000e-71	0.0000000000e+00	NA
3.8151000000e-69	0.0000000000e+00	NA
2.4820000000e-66	0.0000000000e+00	NA
6.3650000000e-63	0.0000000000e+00	NA
1.2325000000e-60	0.0000000000e+00	NA
2.1147000000e-58	0.0000000000e+00	NA
3.7994000000e-56	0.0000000000e+00	NA
3.5349000000e-54	0.0000000000e+00	NA
3.4644000000e-52	0.0000000000e+00	NA
1.7205000000e-50	0.0000000000e+00	NA
1.0618000000e-48	0.0000000000e+00	NA
5.5519000000e-47	0.0000000000e+00	NA
1.0528000000e-45	0.0000000000e+00	NA
3.3342000000e-44	2.2421000000e-44	1.7233666849e-01
8.6524000000e-43	8.4498000000e-43	1.0290158974e-02
1.4233000000e-41	1.4209000000e-41	7.3293509877e-04
6.9450000000e-40	6.9447000000e-40	1.8760426012e-05
1.1646000000e-38	1.1646000000e-38	0.0000000000e+00
1.1430000000e-37	1.1430000000e-37	0.0000000000e+00
1.5409000000e-36	1.5409000000e-36	0.0000000000e+00
2.5918000000e-35	2.5918000000e-35	0.0000000000e+00
3.9585000000e-34	3.9585000000e-34	0.0000000000e+00
5.5443000000e-33	5.5443000000e-33	0.0000000000e+00
6.9015000000e-32	6.9015000000e-32	0.0000000000e+00
9.6919000000e-31	9.6919000000e-31	0.0000000000e+00
6.5267000000e-30	6.5266000000e-30	6.6541714648e-06
6.3820000000e-29	6.3820000000e-29	0.0000000000e+00
5.0815000000e-28	5.0815000000e-28	0.0000000000e+00
4.4328000000e-27	4.4328000000e-27	0.0000000000e+00
6.1102000000e-26	6.1102000000e-26	0.0000000000e+00
5.8506000000e-25	5.8506000000e-25	0.0000000000e+00
5.9107000000e-24	5.9107000000e-24	0.0000000000e+00
4.2491000000e-23	4.2491000000e-23	0.0000000000e+00
3.6655000000e-22	3.6655000000e-22	0.0000000000e+00
1.7916000000e-21	1.7916000000e-21	0.0000000000e+00
1.0221000000e-20	1.0221000000e-20	0.0000000000e+00
4.6207000000e-20	4.6206000000e-20	9.3989910926e-06
8.1217000000e-19	8.1217000000e-19	0.0000000000e+00
1.9888000000e-18	1.9888000000e-18	0.0000000000e+00
1.0422000000e-17	1.0422000000e-17	0.0000000000e+00
1.2780000000e-16	1.2780000000e-16	0.0000000000e+00
1.7870000000e-16	1.7870000000e-16	0.0000000000e+00
6.1102000000e-16	6.1102000000e-16	0.0000000000e+00
1.0813000000e-14	1.0813000000e-14	0.0000000000e+00
6.2110000000e-14	6.2110000000e-14	0.0000000000e+00
2.7771000000e-13	2.7771000000e-13	0.0000000000e+00
1.2574000000e-12	1.2574000000e-12	0.0000000000e+00
4.6551000000e-12	4.6551000000e-12	0.0000000000e+00
1.4323000000e-11	1.4323000000e-11	0.0000000000e+00
4.6145000000e-11	4.6145000000e-11	0.0000000000e+00
1.2431000000e-10	1.2431000000e-10	0.0000000000e+00
3.8380000000e-10	3.8380000000e-10	0.0000000000e+00
1.0644000000e-09	1.0644000000e-09	0.0000000000e+00
2.9092000000e-09	2.9092000000e-09	0.0000000000e+00
6.8869000000e-09	6.8869000000e-09	0.0000000000e+00
1.5494000000e-08	1.5494000000e-08	0.0000000000e+00
3.3101000000e-08	3.3101000000e-08	0.0000000000e+00
6.7535000000e-08	6.7535000000e-08	0.0000000000e+00
1.2941000000e-07	1.2941000000e-07	0.0000000000e+00
2.3509000000e-07	2.3509000000e-07	0.0000000000e+00
4.0486000000e-07	4.0486000000e-07	0.0000000000e+00
6.6095000000e-07	6.6095000000e-07	0.0000000000e+00
1.0229000000e-06	1.0229000000e-06	0.0000000000e+00
1.5005000000e-06	1.5005000000e-06	0.0000000000e+00
2.0867000000e-06	2.0867000000e-06	0.0000000000e+00
2.7505000000e-06	2.7505000000e-06	0.0000000000e+00
3.4367000000e-06	3.4367000000e-06	0.0000000000e+00
4.0701000000e-06	4.0701000000e-06	0.0000000000e+00
4.5689000000e-06	4.5689000000e-06	0.0000000000e+00
4.8612000000e-06	4.8612000000e-06	0.0000000000e+00
4.9022000000e-06	4.9022000000e-06	0.0000000000e+00
4.6854000000e-06	4.6854000000e-06	0.0000000000e+00
4.2443000000e-06	4.2443000000e-06	0.0000000000e+00
3.6438000000e-06	3.6438000000e-06	0.0000000000e+00
2.9647000000e-06	2.9647000000e-06	0.0000000000e+00
2.2860000000e-06	2.2860000000e-06	0.0000000000e+00
1.6705000000e-06	1.6705000000e-06	0.0000000000e+00
1.1568000000e-06	1.1568000000e-06	0.0000000000e+00
7.5913000000e-07	7.5913000000e-07	0.0000000000e+00
1.2038000000e-168	0.0000000000e+00	NA
1.0238000000e-162	0.0000000000e+00	NA
5.9983000000e-157	0.0000000000e+00	NA
2.4628000000e-151	0.0000000000e+00	NA
7.1190000000e-146	0.0000000000e+00	NA
1.4623000000e-140	0.0000000000e+00	NA
2.1411000000e-135	0.0000000000e+00	NA
2.2573000000e-130	0.0000000000e+00	NA
1.7204000000e-125	0.0000000000e+00	NA
9.5545000000e-121	0.0000000000e+00	NA
3.8929000000e-116	0.0000000000e+00	NA
1.1752000000e-111	0.0000000000e+00	NA
2.6142000000e-107	0.0000000000e+00	NA
4.2551000000e-103	0.0000000000e+00	NA
5.0003000000e-99	0.0000000000e+00	NA
4.1487000000e-95	0.0000000000e+00	NA
2.3353000000e-91	0.0000000000e+00	NA
8.6919000000e-88	0.0000000000e+00	NA
2.3238000000e-84	0.0000000000e+00	NA
4.4666000000e-81	0.0000000000e+00	NA
7.3500000000e-79	0.0000000000e+00	NA
2.4727000000e-76	0.0000000000e+00	NA
1.1273000000e-73	0.0000000000e+00	NA
2.2361000000e-72	0.0000000000e+00	NA
4.2446000000e-70	0.0000000000e+00	NA
2.2498000000e-67	0.0000000000e+00	NA
3.4439000000e-64	0.0000000000e+00	NA
1.0629000000e-61	0.0000000000e+00	NA
9.4237000000e-60	0.0000000000e+00	NA
1.4278000000e-57	0.0000000000e+00	NA
1.1461000000e-55	0.0000000000e+00	NA
4.7827000000e-54	0.0000000000e+00	NA
2.0885000000e-52	0.0000000000e+00	NA
1.3397000000e-50	0.0000000000e+00	NA
1.0063000000e-48	0.0000000000e+00	NA
1.1293000000e-47	0.0000000000e+00	NA
5.3364000000e-46	0.0000000000e+00	NA
1.2158000000e-44	0.0000000000e+00	NA
2.5541000000e-43	2.4383000000e-43	2.0150758416e-02
6.2308000000e-42	6.2106000000e-42	1.4102522615e-03
1.8838000000e-40	1.8837000000e-40	2.3054783384e-05
2.6659000000e-39	2.6659000000e-39	0.0000000000e+00
5.2076000000e-38	5.2076000000e-38	0.0000000000e+00
7.5537000000e-37	7.5537000000e-37	0.0000000000e+00
7.4383000000e-36	7.4383000000e-36	0.0000000000e+00
1.3778000000e-34	1.3778000000e-34	0.0000000000e+00
1.4484000000e-33	1.4484000000e-33	0.0000000000e+00
4.4350000000e-33	4.4350000000e-33	0.0000000000e+00
6.1188000000e-32	6.1188000000e-32	0.0000000000e+00
2.0727000000e-30	2.0727000000e-30	0.0000000000e+00
1.0283000000e-29	1.0283000000e-29	0.0000000000e+00
1.0629000000e-28	1.0629000000e-28	0.0000000000e+00
1.7420000000e-27	1.7420000000e-27	0.0000000000e+00
2.9356000000e-26	2.9356000000e-26	0.0000000000e+00
1.1328000000e-25	1.1328000000e-25	0.0000000000e+00
3.9221000000e-25	3.9221000000e-25	0.0000000000e+00
1.6376000000e-23	1.6376000000e-23	0.0000000000e+00
1.3263000000e-22	1.3263000000e-22	0.0000000000e+00
3.8163000000e-22	3.8163000000e-22	0.0000000000e+00
2.7281000000e-21	2.7281000000e-21	0.0000000000e+00
4.7718000000e-20	4.7718000000e-20	0.0000000000e+00
1.4857000000e-19	1.4857000000e-19	0.0000000000e+00
2.3865000000e-18	2.3865000000e-18	0.0000000000e+00
3.3747000000e-18	3.3747000000e-18	0.0000000000e+00
2.0209000000e-17	2.0209000000e-17	0.0000000000e+00
1.0626000000e-16	1.0626000000e-16	0.0000000000e+00
1.5243000000e-15	1.5243000000e-15	0.0000000000e+00
6.4057000000e-15	6.4057000000e-15	0.0000000000e+00
2.6077000000e-14	2.6077000000e-14	0.0000000000e+00
1.3715000000e-13	1.3715000000e-13	0.0000000000e+00
5.6117000000e-13	5.6117000000e-13	0.0000000000e+00
1.7185000000e-12	1.7185000000e-12	0.0000000000e+00
5.3218000000e-12	5.3218000000e-12	0.0000000000e+00
2.0247000000e-11	2.0247000000e-11	0.0000000000e+00
5.2066000000e-11	5.2066000000e-11	0.0000000000e+00
1.8131000000e-10	1.8131000000e-10	0.0000000000e+00
3.3934000000e-10	3.3934000000e-10	0.0000000000e+00
1.2709000000e-09	1.2709000000e-09	0.0000000000e+00
3.0684000000e-09	3.0684000000e-09	0.0000000000e+00
7.0905000000e-09	7.0905000000e-09	0.0000000000e+00
1.5343000000e-08	1.5343000000e-08	0.0000000000e+00
3.1473000000e-08	3.1473000000e-08	0.0000000000e+00
6.1207000000e-08	6.1207000000e-08	0.0000000000e+00
1.1284000000e-07	1.1284000000e-07	0.0000000000e+00
1.9721000000e-07	1.9721000000e-07	0.0000000000e+00
3.2675000000e-07	3.2675000000e-07	0.0000000000e+00
5.1318000000e-07	5.1318000000e-07	0.0000000000e+00
7.6403000000e-07	7.6403000000e-07	0.0000000000e+00
1.0783000000e-06	1.0783000000e-06	0.0000000000e+00
1.4425000000e-06	1.4425000000e-06	0.0000000000e+00
1.8292000000e-06	1.8292000000e-06	0.0000000000e+00
2.1986000000e-06	2.1986000000e-06	0.0000000000e+00
2.5048000000e-06	2.5048000000e-06	0.0000000000e+00
2.7048000000e-06	2.7048000000e-06	0.0000000000e+00
2.7684000000e-06	2.7684000000e-06	0.0000000000e+00
2.6855000000e-06	2.6855000000e-06	0.0000000000e+00
2.4691000000e-06	2.4691000000e-06	0.0000000000e+00
2.1515000000e-06	2.1515000000e-06	0.0000000000e+00
1.7768000000e-06	1.7768000000e-06	0.0000000000e+00
1.3906000000e-06	1.3906000000e-06	0.0000000000e+00
1.0315000000e-06	1.0315000000e-06	0.0000000000e+00
2.3371000000e-172	0.0000000000e+00	NA
1.9744000000e-166	0.0000000000e+00	NA
1.1420000000e-160	0.0000000000e+00	NA
4.5927000000e-155	0.0000000000e+00	NA
1.3018000000e-149	0.0000000000e+00	NA
2.6117000000e-144	0.0000000000e+00	NA
3.7319000000e-139	0.0000000000e+00	NA
3.8288000000e-134	0.0000000000e+00	NA
2.8404000000e-129	0.0000000000e+00	NA
1.5472000000e-124	0.0000000000e+00	NA
6.2424000000e-120	0.0000000000e+00	NA
1.8878000000e-115	0.0000000000e+00	NA
4.2951000000e-111	0.0000000000e+00	NA
7.3158000000e-107	0.0000000000e+00	NA
9.1968000000e-103	0.0000000000e+00	NA
8.2406000000e-99	0.0000000000e+00	NA
5.0064000000e-95	0.0000000000e+00	NA
1.8711000000e-91	0.0000000000e+00	NA
5.0265000000e-88	0.0000000000e+00	NA
9.7144000000e-85	0.0000000000e+00	NA
1.1033000000e-82	0.0000000000e+00	NA
6.4201000000e-81	0.0000000000e+00	NA
2.5027000000e-79	0.0000000000e+00	NA
1.2123000000e-76	0.0000000000e+00	NA
1.9632000000e-73	0.0000000000e+00	NA
2.8332000000e-70	0.0000000000e+00	NA
6.1929000000e-68	0.0000000000e+00	NA
1.0005000000e-65	0.0000000000e+00	NA
2.4646000000e-63	0.0000000000e+00	NA
2.5759000000e-61	0.0000000000e+00	NA
2.1608000000e-59	0.0000000000e+00	NA
2.2877000000e-57	0.0000000000e+00	NA
1.4269000000e-55	0.0000000000e+00	NA
2.3522000000e-54	0.0000000000e+00	NA
1.5222000000e-52	0.0000000000e+00	NA
6.8352000000e-51	0.0000000000e+00	NA
1.2518000000e-49	0.0000000000e+00	NA
5.1578000000e-48	0.0000000000e+00	NA
1.2172000000e-46	0.0000000000e+00	NA
2.4284000000e-45	0.0000000000e+00	NA
5.4445000000e-44	5.1848000000e-44	2.1225993698e-02
1.2477000000e-42	1.2163000000e-42	1.1069468342e-02
2.9781000000e-41	2.9762000000e-41	2.7716424890e-04
7.1992000000e-40	7.1990000000e-40	1.2065243765e-05
9.3662000000e-39	9.3661000000e-39	4.6368516617e-06
1.7742000000e-37	1.7742000000e-37	0.0000000000e+00
1.8528000000e-36	1.8528000000e-36	0.0000000000e+00
1.4801000000e-35	1.4801000000e-35	0.0000000000e+00
3.4556000000e-34	3.4556000000e-34	0.0000000000e+00
5.8432000000e-33	5.8432000000e-33	0.0000000000e+00
2.6487000000e-32	2.6487000000e-32	0.0000000000e+00
4.4389000000e-31	4.4389000000e-31	0.0000000000e+00
7.8615000000e-30	7.8615000000e-30	0.0000000000e+00
1.5047000000e-28	1.5047000000e-28	0.0000000000e+00
3.0318000000e-28	3.0318000000e-28	0.0000000000e+00
5.3377000000e-27	5.3377000000e-27	0.0000000000e+00
7.0675000000e-26	7.0675000000e-26	0.0000000000e+00
6.7698000000e-25	6.7698000000e-25	0.0000000000e+00
6.7347000000e-24	6.7347000000e-24	0.0000000000e+00
2.5722000000e-23	2.5722000000e-23	0.0000000000e+00
3.8470000000e-22	3.8470000000e-22	0.0000000000e+00
9.2287000000e-22	9.2287000000e-22	0.0000000000e+00
1.5086000000e-20	1.5086000000e-20	0.0000000000e+00
3.9080000000e-20	3.9079000000e-20	1.1113102315e-05
7.0272000000e-19	7.0272000000e-19	0.0000000000e+00
2.8945000000e-18	2.8945000000e-18	0.0000000000e+00
2.4214000000e-17	2.4214000000e-17	0.0000000000e+00
1.0403000000e-16	1.0403000000e-16	0.0000000000e+00
5.6669000000e-16	5.6669000000e-16	0.0000000000e+00
2.8545000000e-15	2.8545000000e-15	0.0000000000e+00
1.4641000000e-14	1.4641000000e-14	0.0000000000e+00
5.5625000000e-14	5.5625000000e-14	0.0000000000e+00
2.3352000000e-13	2.3352000000e-13	0.0000000000e+00
6.2311000000e-13	6.2311000000e-13	0.0000000000e+00
2.6571000000e-12	2.6571000000e-12	0.0000000000e+00
8.5046000000e-12	8.5047000000e-12	-5.1065532609e-06
2.5831000000e-11	2.5831000000e-11	0.0000000000e+00
5.9155000000e-11	5.9155000000e-11	0.0000000000e+00
2.1915000000e-10	2.1915000000e-10	0.0000000000e+00
5.6241000000e-10	5.6241000000e-10	0.0000000000e+00
1.3800000000e-09	1.3800000000e-09	0.0000000000e+00
3.1966000000e-09	3.1966000000e-09	0.0000000000e+00
7.0199000000e-09	7.0199000000e-09	0.0000000000e+00
1.4615000000e-08	1.4615000000e-08	0.0000000000e+00
2.8845000000e-08	2.8845000000e-08	0.0000000000e+00
5.3970000000e-08	5.3970000000e-08	0.0000000000e+00
9.5729000000e-08	9.5729000000e-08	0.0000000000e+00
1.6096000000e-07	1.6096000000e-07	0.0000000000e+00
2.5657000000e-07	2.5657000000e-07	0.0000000000e+00
3.8768000000e-07	3.8768000000e-07	0.0000000000e+00
5.5528000000e-07	5.5528000000e-07	0.0000000000e+00
7.5391000000e-07	7.5391000000e-07	0.0000000000e+00
9.7027000000e-07	9.7027000000e-07	0.0000000000e+00
1.1836000000e-06	1.1836000000e-06	0.0000000000e+00
1.3686000000e-06	1.3686000000e-06	0.0000000000e+00
1.5000000000e-06	1.5000000000e-06	0.0000000000e+00
1.5582000000e-06	1.5582000000e-06	0.0000000000e+00
1.5342000000e-06	1.5342000000e-06	0.0000000000e+00
1.4317000000e-06	1.4317000000e-06	0.0000000000e+00
1.2662000000e-06	1.2662000000e-06	0.0000000000e+00
1.0614000000e-06	1.0614000000e-06	0.0000000000e+00
3.2843000000e-176	0.0000000000e+00	NA
2.7383000000e-170	0.0000000000e+00	NA
1.5584000000e-164	0.0000000000e+00	NA
6.1506000000e-159	0.0000000000e+00	NA
1.6982000000e-153	0.0000000000e+00	NA
3.3056000000e-148	0.0000000000e+00	NA
4.5677000000e-143	0.0000000000e+00	NA
4.5084000000e-138	0.0000000000e+00	NA
3.2196000000e-133	0.0000000000e+00	NA
1.6825000000e-128	0.0000000000e+00	NA
6.5725000000e-124	0.0000000000e+00	NA
1.9466000000e-119	0.0000000000e+00	NA
4.4430000000e-115	0.0000000000e+00	NA
7.8586000000e-111	0.0000000000e+00	NA
1.0775000000e-106	0.0000000000e+00	NA
1.1100000000e-102	0.0000000000e+00	NA
7.7065000000e-99	0.0000000000e+00	NA
2.9198000000e-95	0.0000000000e+00	NA
7.8819000000e-92	0.0000000000e+00	NA
1.3958000000e-88	0.0000000000e+00	NA
6.1567000000e-86	0.0000000000e+00	NA
1.1327000000e-83	0.0000000000e+00	NA
1.1638000000e-82	0.0000000000e+00	NA
1.2572000000e-80	0.0000000000e+00	NA
4.9220000000e-77	0.0000000000e+00	NA
1.6701000000e-74	0.0000000000e+00	NA
1.0042000000e-71	0.0000000000e+00	NA
5.3693000000e-69	0.0000000000e+00	NA
8.4499000000e-67	0.0000000000e+00	NA
3.1964000000e-65	0.0000000000e+00	NA
2.4261000000e-63	0.0000000000e+00	NA
2.8267000000e-61	0.0000000000e+00	NA
1.7939000000e-59	0.0000000000e+00	NA
5.5933000000e-58	0.0000000000e+00	NA
5.3282000000e-56	0.0000000000e+00	NA
1.8902000000e-54	0.0000000000e+00	NA
8.8452000000e-53	0.0000000000e+00	NA
3.8750000000e-51	0.0000000000e+00	NA
9.5730000000e-50	0.0000000000e+00	NA
1.9810000000e-48	0.0000000000e+00	NA
5.4483000000e-47	0.0000000000e+00	NA
6.3935000000e-46	0.0000000000e+00	NA
1.5302000000e-44	0.0000000000e+00	NA
5.3091000000e-43	5.1428000000e-43	1.3821270376e-02
1.1147000000e-41	1.1132000000e-41	5.8480346630e-04
1.3215000000e-40	1.3213000000e-40	6.5732478089e-05
2.5863000000e-39	2.5862000000e-39	1.6792440095e-05
3.1833000000e-38	3.1833000000e-38	0.0000000000e+00
5.4725000000e-37	5.4726000000e-37	-7.9358705159e-06
1.1570000000e-35	1.1570000000e-35	0.0000000000e+00
1.1886000000e-34	1.1886000000e-34	0.0000000000e+00
9.4643000000e-34	9.4643000000e-34	0.0000000000e+00
1.5753000000e-32	1.5753000000e-32	0.0000000000e+00
3.8268000000e-31	3.8268000000e-31	0.0000000000e+00
1.5762000000e-30	1.5762000000e-30	0.0000000000e+00
2.2404000000e-29	2.2404000000e-29	0.0000000000e+00
3.0007000000e-28	3.0006000000e-28	1.4473346840e-05
1.6131000000e-27	1.6131000000e-27	0.0000000000e+00
2.7078000000e-26	2.7078000000e-26	0.0000000000e+00
3.1263000000e-25	3.1263000000e-25	0.0000000000e+00
2.6897000000e-24	2.6897000000e-24	0.0000000000e+00
8.7767000000e-24	8.7767000000e-24	0.0000000000e+00
6.5751000000e-23	6.5751000000e-23	0.0000000000e+00
1.0424000000e-21	1.0424000000e-21	0.0000000000e+00
5.9756000000e-21	5.9756000000e-21	0.0000000000e+00
4.1908000000e-20	4.1908000000e-20	0.0000000000e+00
6.7760000000e-20	6.7760000000e-20	0.0000000000e+00
5.5874000000e-19	5.5874000000e-19	0.0000000000e+00
7.7566000000e-18	7.7566000000e-18	0.0000000000e+00
5.6921000000e-17	5.6921000000e-17	0.0000000000e+00
2.6390000000e-16	2.6390000000e-16	0.0000000000e+00
1.3887000000e-15	1.3887000000e-15	0.0000000000e+00
5.8478000000e-15	5.8478000000e-15	0.0000000000e+00
2.4033000000e-14	2.4033000000e-14	0.0000000000e+00
9.3671000000e-14	9.3670000000e-14	4.6364061461e-06
3.3971000000e-13	3.3971000000e-13	0.0000000000e+00
1.0397000000e-12	1.0397000000e-12	0.0000000000e+00
2.9274000000e-12	2.9274000000e-12	0.0000000000e+00
1.1728000000e-11	1.1728000000e-11	0.0000000000e+00
3.4129000000e-11	3.4129000000e-11	0.0000000000e+00
9.4159000000e-11	9.4159000000e-11	0.0000000000e+00
2.4629000000e-10	2.4629000000e-10	0.0000000000e+00
6.1074000000e-10	6.1074000000e-10	0.0000000000e+00
1.4358000000e-09	1.4358000000e-09	0.0000000000e+00
3.2001000000e-09	3.2001000000e-09	0.0000000000e+00
6.7617000000e-09	6.7617000000e-09	0.0000000000e+00
1.3544000000e-08	1.3544000000e-08	0.0000000000e+00
2.5720000000e-08	2.5720000000e-08	0.0000000000e+00
4.6301000000e-08	4.6301000000e-08	0.0000000000e+00
7.9015000000e-08	7.9015000000e-08	0.0000000000e+00
1.2783000000e-07	1.2783000000e-07	0.0000000000e+00
1.9602000000e-07	1.9602000000e-07	0.0000000000e+00
2.8496000000e-07	2.8496000000e-07	0.0000000000e+00
3.9267000000e-07	3.9267000000e-07	0.0000000000e+00
5.1290000000e-07	5.1290000000e-07	0.0000000000e+00
6.3504000000e-07	6.3504000000e-07	0.0000000000e+00
7.4527000000e-07	7.4527000000e-07	0.0000000000e+00
8.2902000000e-07	8.2902000000e-07	0.0000000000e+00
8.7408000000e-07	8.7408000000e-07	0.0000000000e+00
8.7351000000e-07	8.7351000000e-07	0.0000000000e+00
8.2736000000e-07	8.2736000000e-07	0.0000000000e+00
3.3391000000e-180	0.0000000000e+00	NA
2.7630000000e-174	0.0000000000e+00	NA
1.5454000000e-168	0.0000000000e+00	NA
5.9428000000e-163	0.0000000000e+00	NA
1.5957000000e-157	0.0000000000e+00	NA
2.9908000000e-152	0.0000000000e+00	NA
3.9552000000e-147	0.0000000000e+00	NA
3.7068000000e-142	0.0000000000e+00	NA
2.4907000000e-137	0.0000000000e+00	NA
1.2183000000e-132	0.0000000000e+00	NA
4.4390000000e-128	0.0000000000e+00	NA
1.2294000000e-123	0.0000000000e+00	NA
2.6639000000e-119	0.0000000000e+00	NA
4.6400000000e-115	0.0000000000e+00	NA
6.8631000000e-111	0.0000000000e+00	NA
8.9959000000e-107	0.0000000000e+00	NA
8.5813000000e-103	0.0000000000e+00	NA
3.2990000000e-99	0.0000000000e+00	NA
8.9492000000e-96	0.0000000000e+00	NA
2.8557000000e-93	0.0000000000e+00	NA
8.6496000000e-93	0.0000000000e+00	NA
3.1939000000e-88	0.0000000000e+00	NA
4.6168000000e-86	0.0000000000e+00	NA
7.4241000000e-84	0.0000000000e+00	NA
3.8657000000e-81	0.0000000000e+00	NA
2.4612000000e-78	0.0000000000e+00	NA
9.3843000000e-76	0.0000000000e+00	NA
1.3082000000e-73	0.0000000000e+00	NA
5.2211000000e-71	0.0000000000e+00	NA
8.0004000000e-69	0.0000000000e+00	NA
9.5724000000e-67	0.0000000000e+00	NA
3.9252000000e-65	0.0000000000e+00	NA
1.2451000000e-63	0.0000000000e+00	NA
9.6838000000e-62	0.0000000000e+00	NA
1.0381000000e-59	0.0000000000e+00	NA
5.8161000000e-58	0.0000000000e+00	NA
8.9109000000e-57	0.0000000000e+00	NA
5.2408000000e-55	0.0000000000e+00	NA
1.8396000000e-53	0.0000000000e+00	NA
8.7050000000e-52	0.0000000000e+00	NA
2.8471000000e-50	0.0000000000e+00	NA
3.9686000000e-49	0.0000000000e+00	NA
1.4822000000e-47	0.0000000000e+00	NA
2.9289000000e-46	0.0000000000e+00	NA
3.2852000000e-45	0.0000000000e+00	NA
3.8679000000e-44	3.3631000000e-44	6.0735456360e-02
1.0158000000e-42	9.9072000000e-43	1.0857278162e-02
3.0060000000e-41	3.0044000000e-41	2.3122294272e-04
5.8135000000e-40	5.8133000000e-40	1.4941152577e-05
1.3407000000e-38	1.3407000000e-38	0.0000000000e+00
1.4392000000e-37	1.4392000000e-37	0.0000000000e+00
2.5127000000e-36	2.5127000000e-36	0.0000000000e+00
5.2194000000e-35	5.2194000000e-35	0.0000000000e+00
5.4316000000e-34	5.4316000000e-34	0.0000000000e+00
5.4674000000e-33	5.4674000000e-33	0.0000000000e+00
1.9184000000e-32	1.9184000000e-32	0.0000000000e+00
2.9201000000e-31	2.9201000000e-31	0.0000000000e+00
1.6077000000e-30	1.6077000000e-30	0.0000000000e+00
1.1472000000e-28	1.1472000000e-28	0.0000000000e+00
1.3816000000e-27	1.3816000000e-27	0.0000000000e+00
5.6168000000e-27	5.6168000000e-27	0.0000000000e+00
3.8381000000e-26	3.8381000000e-26	0.0000000000e+00
5.2461000000e-25	5.2462000000e-25	-8.2783466336e-06
9.6547000000e-24	9.6547000000e-24	0.0000000000e+00
4.9004000000e-23	4.9004000000e-23	0.0000000000e+00
8.4898000000e-23	8.4897000000e-23	5.1155155559e-06
1.7328000000e-21	1.7328000000e-21	0.0000000000e+00
6.7698000000e-21	6.7698000000e-21	0.0000000000e+00
1.0984000000e-19	1.0984000000e-19	0.0000000000e+00
7.9867000000e-19	7.9867000000e-19	0.0000000000e+00
3.5838000000e-18	3.5838000000e-18	0.0000000000e+00
2.4729000000e-17	2.4729000000e-17	0.0000000000e+00
1.2023000000e-16	1.2023000000e-16	0.0000000000e+00
4.6447000000e-16	4.6447000000e-16	0.0000000000e+00
1.6975000000e-15	1.6975000000e-15	0.0000000000e+00
8.6976000000e-15	8.6976000000e-15	0.0000000000e+00
3.6708000000e-14	3.6708000000e-14	0.0000000000e+00
1.2514000000e-13	1.2514000000e-13	0.0000000000e+00
4.7601000000e-13	4.7601000000e-13	0.0000000000e+00
1.5578000000e-12	1.5578000000e-12	0.0000000000e+00
4.8730000000e-12	4.8730000000e-12	0.0000000000e+00
1.4393000000e-11	1.4393000000e-11	0.0000000000e+00
4.0302000000e-11	4.0302000000e-11	0.0000000000e+00
1.0699000000e-10	1.0699000000e-10	0.0000000000e+00
2.6928000000e-10	2.6928000000e-10	0.0000000000e+00
6.4252000000e-10	6.4252000000e-10	0.0000000000e+00
1.4534000000e-09	1.4534000000e-09	0.0000000000e+00
3.1169000000e-09	3.1169000000e-09	0.0000000000e+00
6.3367000000e-09	6.3367000000e-09	0.0000000000e+00
1.2213000000e-08	1.2213000000e-08	0.0000000000e+00
2.2313000000e-08	2.2313000000e-08	0.0000000000e+00
3.8647000000e-08	3.8647000000e-08	0.0000000000e+00
6.3455000000e-08	6.3455000000e-08	0.0000000000e+00
9.8764000000e-08	9.8764000000e-08	0.0000000000e+00
1.4572000000e-07	1.4572000000e-07	0.0000000000e+00
2.0380000000e-07	2.0380000000e-07	0.0000000000e+00
2.7018000000e-07	2.7018000000e-07	0.0000000000e+00
3.3952000000e-07	3.3952000000e-07	0.0000000000e+00
4.0442000000e-07	4.0442000000e-07	0.0000000000e+00
4.5660000000e-07	4.5660000000e-07	0.0000000000e+00
4.8864000000e-07	4.8864000000e-07	0.0000000000e+00
2.4802000000e-184	0.0000000000e+00	NA
2.0221000000e-178	0.0000000000e+00	NA
1.1103000000e-172	0.0000000000e+00	NA
4.1788000000e-167	0.0000000000e+00	NA
1.0825000000e-161	0.0000000000e+00	NA
1.9542000000e-156	0.0000000000e+00	NA
2.4515000000e-151	0.0000000000e+00	NA
2.1556000000e-146	0.0000000000e+00	NA
1.3317000000e-141	0.0000000000e+00	NA
5.8834000000e-137	0.0000000000e+00	NA
1.8962000000e-132	0.0000000000e+00	NA
4.5464000000e-128	0.0000000000e+00	NA
8.3776000000e-124	0.0000000000e+00	NA
1.2499000000e-119	0.0000000000e+00	NA
1.6838000000e-115	0.0000000000e+00	NA
2.6342000000e-111	0.0000000000e+00	NA
7.1211000000e-107	0.0000000000e+00	NA
2.2524000000e-103	0.0000000000e+00	NA
4.2849000000e-101	0.0000000000e+00	NA
2.7396000000e-99	0.0000000000e+00	NA
1.1092000000e-98	0.0000000000e+00	NA
3.1373000000e-94	0.0000000000e+00	NA
1.3837000000e-92	0.0000000000e+00	NA
6.8514000000e-89	0.0000000000e+00	NA
1.0061000000e-84	0.0000000000e+00	NA
4.0705000000e-83	0.0000000000e+00	NA
5.0895000000e-80	0.0000000000e+00	NA
1.3035000000e-77	0.0000000000e+00	NA
4.5615000000e-75	0.0000000000e+00	NA
1.4229000000e-72	0.0000000000e+00	NA
1.1038000000e-70	0.0000000000e+00	NA
2.2526000000e-69	0.0000000000e+00	NA
1.9477000000e-67	0.0000000000e+00	NA
1.0628000000e-65	0.0000000000e+00	NA
5.4547000000e-64	0.0000000000e+00	NA
3.9761000000e-62	0.0000000000e+00	NA
1.9597000000e-60	0.0000000000e+00	NA
7.0680000000e-59	0.0000000000e+00	NA
2.8568000000e-57	0.0000000000e+00	NA
1.5333000000e-55	0.0000000000e+00	NA
9.0775000000e-54	0.0000000000e+00	NA
2.1459000000e-52	0.0000000000e+00	NA
7.2940000000e-51	0.0000000000e+00	NA
1.1783000000e-49	0.0000000000e+00	NA
2.2917000000e-48	0.0000000000e+00	NA
2.6221000000e-47	0.0000000000e+00	NA
2.4056000000e-46	0.0000000000e+00	NA
9.4132000000e-45	0.0000000000e+00	NA
4.0743000000e-43	3.9236000000e-43	1.6368278073e-02
1.4128000000e-41	1.4103000000e-41	7.6918032558e-04
1.8006000000e-40	1.8004000000e-40	4.8241542055e-05
2.8785000000e-39	2.8785000000e-39	0.0000000000e+00
4.3999000000e-38	4.3999000000e-38	0.0000000000e+00
8.1916000000e-37	8.1917000000e-37	-5.3016728243e-06
9.0912000000e-36	9.0912000000e-36	0.0000000000e+00
5.9635000000e-35	5.9635000000e-35	0.0000000000e+00
6.0942000000e-34	6.0942000000e-34	0.0000000000e+00
1.8852000000e-32	1.8852000000e-32	0.0000000000e+00
1.2016000000e-31	1.2016000000e-31	0.0000000000e+00
4.7492000000e-30	4.7492000000e-30	0.0000000000e+00
5.5795000000e-29	5.5795000000e-29	0.0000000000e+00
3.6531000000e-28	3.6531000000e-28	0.0000000000e+00
2.3246000000e-27	2.3246000000e-27	0.0000000000e+00
4.0158000000e-26	4.0158000000e-26	0.0000000000e+00
2.8507000000e-25	2.8507000000e-25	0.0000000000e+00
5.1877000000e-25	5.1877000000e-25	0.0000000000e+00
3.5754000000e-24	3.5754000000e-24	0.0000000000e+00
1.0434000000e-22	1.0434000000e-22	0.0000000000e+00
9.9256000000e-22	9.9257000000e-22	-4.3754764868e-06
8.8363000000e-21	8.8363000000e-21	0.0000000000e+00
4.2349000000e-20	4.2350000000e-20	-1.0255008487e-05
2.0464000000e-19	2.0464000000e-19	0.0000000000e+00
7.6953000000e-19	7.6953000000e-19	0.0000000000e+00
4.4749000000e-18	4.4749000000e-18	0.0000000000e+00
4.4593000000e-17	4.4593000000e-17	0.0000000000e+00
1.7231000000e-16	1.7231000000e-16	0.0000000000e+00
9.0424000000e-16	9.0424000000e-16	0.0000000000e+00
3.7437000000e-15	3.7437000000e-15	0.0000000000e+00
1.4652000000e-14	1.4652000000e-14	0.0000000000e+00
5.4084000000e-14	5.4084000000e-14	0.0000000000e+00
1.9125000000e-13	1.9125000000e-13	0.0000000000e+00
6.3787000000e-13	6.3787000000e-13	0.0000000000e+00
2.0170000000e-12	2.0170000000e-12	0.0000000000e+00
6.0464000000e-12	6.0464000000e-12	0.0000000000e+00
1.7185000000e-11	1.7185000000e-11	0.0000000000e+00
4.6303000000e-11	4.6303000000e-11	0.0000000000e+00
1.1828000000e-10	1.1828000000e-10	0.0000000000e+00
2.8645000000e-10	2.8645000000e-10	0.0000000000e+00
6.5766000000e-10	6.5766000000e-10	0.0000000000e+00
1.4314000000e-09	1.4314000000e-09	0.0000000000e+00
2.9536000000e-09	2.9536000000e-09	0.0000000000e+00
5.7776000000e-09	5.7776000000e-09	0.0000000000e+00
1.0714000000e-08	1.0714000000e-08	0.0000000000e+00
1.8834000000e-08	1.8834000000e-08	0.0000000000e+00
3.1386000000e-08	3.1386000000e-08	0.0000000000e+00
4.9581000000e-08	4.9581000000e-08	0.0000000000e+00
7.4247000000e-08	7.4247000000e-08	0.0000000000e+00
1.0539000000e-07	1.0539000000e-07	0.0000000000e+00
1.4181000000e-07	1.4181000000e-07	0.0000000000e+00
1.8088000000e-07	1.8088000000e-07	0.0000000000e+00
2.1868000000e-07	2.1868000000e-07	0.0000000000e+00
1.3468000000e-188	0.0000000000e+00	NA
1.0880000000e-182	0.0000000000e+00	NA
5.8553000000e-177	0.0000000000e+00	NA
2.1463000000e-171	0.0000000000e+00	NA
5.3993000000e-166	0.0000000000e+00	NA
9.3037000000e-161	0.0000000000e+00	NA
1.1027000000e-155	0.0000000000e+00	NA
9.0005000000e-151	0.0000000000e+00	NA
5.0370000000e-146	0.0000000000e+00	NA
1.9359000000e-141	0.0000000000e+00	NA
5.1634000000e-137	0.0000000000e+00	NA
9.7550000000e-133	0.0000000000e+00	NA
1.3338000000e-128	0.0000000000e+00	NA
1.3560000000e-124	0.0000000000e+00	NA
1.0796000000e-120	0.0000000000e+00	NA
7.7785000000e-117	0.0000000000e+00	NA
4.4394000000e-113	0.0000000000e+00	NA
6.9934000000e-110	0.0000000000e+00	NA
6.1842000000e-107	0.0000000000e+00	NA
1.2939000000e-106	0.0000000000e+00	NA
1.9995000000e-104	0.0000000000e+00	NA
7.6253000000e-100	0.0000000000e+00	NA
4.0453000000e-96	0.0000000000e+00	NA
1.1928000000e-93	0.0000000000e+00	NA
6.9576000000e-90	0.0000000000e+00	NA
2.4165000000e-86	0.0000000000e+00	NA
5.0347000000e-84	0.0000000000e+00	NA
1.1756000000e-81	0.0000000000e+00	NA
1.6959000000e-79	0.0000000000e+00	NA
1.0620000000e-77	0.0000000000e+00	NA
1.6356000000e-75	0.0000000000e+00	NA
1.9238000000e-73	0.0000000000e+00	NA
1.3171000000e-71	0.0000000000e+00	NA
3.4759000000e-69	0.0000000000e+00	NA
1.3291000000e-67	0.0000000000e+00	NA
3.7762000000e-66	0.0000000000e+00	NA
2.9242000000e-64	0.0000000000e+00	NA
1.7983000000e-62	0.0000000000e+00	NA
1.0551000000e-60	0.0000000000e+00	NA
5.2108000000e-59	0.0000000000e+00	NA
2.0338000000e-57	0.0000000000e+00	NA
2.5206000000e-56	0.0000000000e+00	NA
1.4747000000e-54	0.0000000000e+00	NA
2.2172000000e-53	0.0000000000e+00	NA
6.0780000000e-52	0.0000000000e+00	NA
1.6327000000e-50	0.0000000000e+00	NA
9.0283000000e-49	0.0000000000e+00	NA
1.4683000000e-47	0.0000000000e+00	NA
3.8218000000e-46	0.0000000000e+00	NA
6.8484000000e-45	0.0000000000e+00	NA
1.4566000000e-43	1.3172000000e-43	4.3688583578e-02
2.8392000000e-42	2.8278000000e-42	1.7472961963e-03
7.7978000000e-41	7.7950000000e-41	1.5597257226e-04
5.9532000000e-40	5.9530000000e-40	1.4590532057e-05
1.1467000000e-38	1.1467000000e-38	0.0000000000e+00
1.2463000000e-37	1.2463000000e-37	0.0000000000e+00
6.5994000000e-37	6.5994000000e-37	0.0000000000e+00
2.0646000000e-35	2.0646000000e-35	0.0000000000e+00
3.8377000000e-34	3.8377000000e-34	0.0000000000e+00
4.4805000000e-33	4.4806000000e-33	-9.6928832827e-06
1.3326000000e-31	1.3326000000e-31	0.0000000000e+00
6.1170000000e-31	6.1170000000e-31	0.0000000000e+00
1.4656000000e-29	1.4656000000e-29	0.0000000000e+00
1.6602000000e-28	1.6602000000e-28	0.0000000000e+00
6.7717000000e-28	6.7716000000e-28	6.4134218678e-06
4.0419000000e-27	4.0419000000e-27	0.0000000000e+00
6.3633000000e-26	6.3633000000e-26	0.0000000000e+00
8.2855000000e-25	8.2855000000e-25	0.0000000000e+00
7.6951000000e-24	7.6951000000e-24	0.0000000000e+00
6.8037000000e-23	6.8037000000e-23	0.0000000000e+00
4.3132000000e-22	4.3132000000e-22	0.0000000000e+00
1.5204000000e-21	1.5204000000e-21	0.0000000000e+00
1.6420000000e-20	1.6420000000e-20	0.0000000000e+00
1.1137000000e-19	1.1137000000e-19	0.0000000000e+00
6.2921000000e-19	6.2920000000e-19	6.9022732164e-06
2.8536000000e-18	2.8536000000e-18	0.0000000000e+00
1.6090000000e-17	1.6090000000e-17	0.0000000000e+00
7.7371000000e-17	7.7371000000e-17	0.0000000000e+00
3.4194000000e-16	3.4194000000e-16	0.0000000000e+00
1.1235000000e-15	1.1235000000e-15	0.0000000000e+00
5.6916000000e-15	5.6916000000e-15	0.0000000000e+00
2.1436000000e-14	2.1436000000e-14	0.0000000000e+00
7.6541000000e-14	7.6541000000e-14	0.0000000000e+00
2.5911000000e-13	2.5911000000e-13	0.0000000000e+00
8.3159000000e-13	8.3159000000e-13	0.0000000000e+00
2.5303000000e-12	2.5303000000e-12	0.0000000000e+00
7.2992000000e-12	7.2992000000e-12	0.0000000000e+00
1.9962000000e-11	1.9962000000e-11	0.0000000000e+00
5.1757000000e-11	5.1757000000e-11	0.0000000000e+00
1.2722000000e-10	1.2722000000e-10	0.0000000000e+00
2.9645000000e-10	2.9645000000e-10	0.0000000000e+00
6.5491000000e-10	6.5491000000e-10	0.0000000000e+00
1.3716000000e-09	1.3716000000e-09	0.0000000000e+00
2.7231000000e-09	2.7231000000e-09	0.0000000000e+00
5.1253000000e-09	5.1253000000e-09	0.0000000000e+00
9.1447000000e-09	9.1447000000e-09	0.0000000000e+00
1.5467000000e-08	1.5467000000e-08	0.0000000000e+00
2.4800000000e-08	2.4800000000e-08	0.0000000000e+00
3.7693000000e-08	3.7693000000e-08	0.0000000000e+00
5.4307000000e-08	5.4307000000e-08	0.0000000000e+00
7.4169000000e-08	7.4169000000e-08	0.0000000000e+00
5.3711000000e-193	0.0000000000e+00	NA
4.3095000000e-187	0.0000000000e+00	NA
2.2772000000e-181	0.0000000000e+00	NA
8.1651000000e-176	0.0000000000e+00	NA
1.9898000000e-170	0.0000000000e+00	NA
3.2910000000e-165	0.0000000000e+00	NA
3.6901000000e-160	0.0000000000e+00	NA
2.7785000000e-155	0.0000000000e+00	NA
1.3924000000e-150	0.0000000000e+00	NA
4.5492000000e-146	0.0000000000e+00	NA
9.6904000000e-142	0.0000000000e+00	NA
1.3502000000e-137	0.0000000000e+00	NA
1.2187000000e-133	0.0000000000e+00	NA
6.9385000000e-130	0.0000000000e+00	NA
2.3141000000e-126	0.0000000000e+00	NA
4.8045000000e-123	0.0000000000e+00	NA
5.1532000000e-120	0.0000000000e+00	NA
2.9026000000e-117	0.0000000000e+00	NA
1.8824000000e-114	0.0000000000e+00	NA
3.7926000000e-111	0.0000000000e+00	NA
2.4189000000e-109	0.0000000000e+00	NA
5.0137000000e-106	0.0000000000e+00	NA
5.9002000000e-100	0.0000000000e+00	NA
1.4112000000e-97	0.0000000000e+00	NA
1.0461000000e-94	0.0000000000e+00	NA
4.1219000000e-92	0.0000000000e+00	NA
6.5707000000e-88	0.0000000000e+00	NA
3.3285000000e-86	0.0000000000e+00	NA
1.3948000000e-83	0.0000000000e+00	NA
1.1210000000e-81	0.0000000000e+00	NA
4.3246000000e-79	0.0000000000e+00	NA
2.9056000000e-77	0.0000000000e+00	NA
6.8732000000e-76	0.0000000000e+00	NA
1.1663000000e-73	0.0000000000e+00	NA
1.4349000000e-71	0.0000000000e+00	NA
5.6795000000e-70	0.0000000000e+00	NA
3.7105000000e-68	0.0000000000e+00	NA
2.3606000000e-66	0.0000000000e+00	NA
2.2310000000e-64	0.0000000000e+00	NA
5.7335000000e-63	0.0000000000e+00	NA
2.5407000000e-61	0.0000000000e+00	NA
6.7962000000e-60	0.0000000000e+00	NA
4.6805000000e-58	0.0000000000e+00	NA
9.1539000000e-57	0.0000000000e+00	NA
1.9391000000e-55	0.0000000000e+00	NA
7.2030000000e-54	0.0000000000e+00	NA
2.8242000000e-52	0.0000000000e+00	NA
6.1510000000e-51	0.0000000000e+00	NA
1.7496000000e-49	0.0000000000e+00	NA
5.9399000000e-48	0.0000000000e+00	NA
8.1360000000e-47	0.0000000000e+00	NA
1.7123000000e-45	0.0000000000e+00	NA
4.0837000000e-44	3.6434000000e-44	4.9546976111e-02
7.8962000000e-43	7.6651000000e-43	1.2900314793e-02
1.1392000000e-41	1.1374000000e-41	6.8675237663e-04
2.3033000000e-40	2.3033000000e-40	0.0000000000e+00
1.5600000000e-39	1.5600000000e-39	0.0000000000e+00
7.0171000000e-38	7.0171000000e-38	0.0000000000e+00
8.0670000000e-37	8.0669000000e-37	5.3836267971e-06
8.9200000000e-36	8.9200000000e-36	0.0000000000e+00
2.6464000000e-34	2.6464000000e-34	0.0000000000e+00
3.8158000000e-33	3.8158000000e-33	0.0000000000e+00
4.3901000000e-32	4.3901000000e-32	0.0000000000e+00
2.6522000000e-31	2.6522000000e-31	0.0000000000e+00
3.4545000000e-30	3.4545000000e-30	0.0000000000e+00
3.8442000000e-29	3.8442000000e-29	0.0000000000e+00
4.4845000000e-28	4.4845000000e-28	0.0000000000e+00
2.8202000000e-27	2.8202000000e-27	0.0000000000e+00
3.2420000000e-26	3.2420000000e-26	0.0000000000e+00
4.0596000000e-25	4.0596000000e-25	0.0000000000e+00
3.0691000000e-24	3.0691000000e-24	0.0000000000e+00
2.1079000000e-23	2.1079000000e-23	0.0000000000e+00
1.6159000000e-22	1.6159000000e-22	0.0000000000e+00
9.9288000000e-22	9.9288000000e-22	0.0000000000e+00
3.3430000000e-21	3.3430000000e-21	0.0000000000e+00
4.0407000000e-20	4.0408000000e-20	-1.0747868141e-05
2.1430000000e-19	2.1430000000e-19	0.0000000000e+00
1.2113000000e-18	1.2113000000e-18	0.0000000000e+00
6.0497000000e-18	6.0497000000e-18	0.0000000000e+00
1.8756000000e-17	1.8756000000e-17	0.0000000000e+00
1.2841000000e-16	1.2841000000e-16	0.0000000000e+00
5.4615000000e-16	5.4615000000e-16	0.0000000000e+00
2.2022000000e-15	2.2022000000e-15	0.0000000000e+00
8.4186000000e-15	8.4186000000e-15	0.0000000000e+00
3.0512000000e-14	3.0512000000e-14	0.0000000000e+00
1.0484000000e-13	1.0484000000e-13	0.0000000000e+00
3.4153000000e-13	3.4153000000e-13	0.0000000000e+00
1.0548000000e-12	1.0548000000e-12	0.0000000000e+00
3.0884000000e-12	3.0884000000e-12	0.0000000000e+00
8.5728000000e-12	8.5728000000e-12	0.0000000000e+00
2.2560000000e-11	2.2560000000e-11	0.0000000000e+00
5.6285000000e-11	5.6285000000e-11	0.0000000000e+00
1.3313000000e-10	1.3313000000e-10	0.0000000000e+00
2.9850000000e-10	2.9850000000e-10	0.0000000000e+00
6.3452000000e-10	6.3452000000e-10	0.0000000000e+00
1.2786000000e-09	1.2786000000e-09	0.0000000000e+00
2.4426000000e-09	2.4426000000e-09	0.0000000000e+00
4.4235000000e-09	4.4235000000e-09	0.0000000000e+00
7.5941000000e-09	7.5941000000e-09	0.0000000000e+00
1.2359000000e-08	1.2359000000e-08	0.0000000000e+00
1.9066000000e-08	1.9066000000e-08	0.0000000000e+00
1.5866000000e-197	0.0000000000e+00	NA
1.2631000000e-191	0.0000000000e+00	NA
6.6106000000e-186	0.0000000000e+00	NA
2.3215000000e-180	0.0000000000e+00	NA
5.5190000000e-175	0.0000000000e+00	NA
8.8134000000e-170	0.0000000000e+00	NA
9.3902000000e-165	0.0000000000e+00	NA
6.5959000000e-160	0.0000000000e+00	NA
2.9676000000e-155	0.0000000000e+00	NA
8.3387000000e-151	0.0000000000e+00	NA
1.4217000000e-146	0.0000000000e+00	NA
1.4380000000e-142	0.0000000000e+00	NA
8.3046000000e-139	0.0000000000e+00	NA
2.6113000000e-135	0.0000000000e+00	NA
3.9091000000e-132	0.0000000000e+00	NA
2.4798000000e-129	0.0000000000e+00	NA
5.4548000000e-127	0.0000000000e+00	NA
8.5285000000e-123	0.0000000000e+00	NA
9.7213000000e-119	0.0000000000e+00	NA
1.4104000000e-113	0.0000000000e+00	NA
2.1818000000e-111	0.0000000000e+00	NA
6.0216000000e-107	0.0000000000e+00	NA
1.9195000000e-103	0.0000000000e+00	NA
5.4855000000e-101	0.0000000000e+00	NA
6.1438000000e-99	0.0000000000e+00	NA
1.5102000000e-95	0.0000000000e+00	NA
1.7323000000e-93	0.0000000000e+00	NA
1.7327000000e-90	0.0000000000e+00	NA
1.3811000000e-87	0.0000000000e+00	NA
4.1528000000e-86	0.0000000000e+00	NA
7.3654000000e-84	0.0000000000e+00	NA
1.4942000000e-81	0.0000000000e+00	NA
1.9394000000e-79	0.0000000000e+00	NA
3.8606000000e-78	0.0000000000e+00	NA
7.1357000000e-76	0.0000000000e+00	NA
3.0094000000e-74	0.0000000000e+00	NA
5.1537000000e-72	0.0000000000e+00	NA
1.2117000000e-70	0.0000000000e+00	NA
1.1793000000e-68	0.0000000000e+00	NA
4.5627000000e-67	0.0000000000e+00	NA
5.1317000000e-65	0.0000000000e+00	NA
2.2434000000e-63	0.0000000000e+00	NA
2.3404000000e-62	0.0000000000e+00	NA
1.6025000000e-60	0.0000000000e+00	NA
6.1978000000e-59	0.0000000000e+00	NA
1.6443000000e-57	0.0000000000e+00	NA
6.1755000000e-56	0.0000000000e+00	NA
2.4012000000e-54	0.0000000000e+00	NA
5.5472000000e-53	0.0000000000e+00	NA
1.5896000000e-51	0.0000000000e+00	NA
3.8153000000e-50	0.0000000000e+00	NA
8.6809000000e-49	0.0000000000e+00	NA
3.2580000000e-47	0.0000000000e+00	NA
3.8359000000e-46	0.0000000000e+00	NA
1.3176000000e-44	0.0000000000e+00	NA
2.5429000000e-43	2.4523000000e-43	1.5755683667e-02
4.1594000000e-42	4.1450000000e-42	1.5061525956e-03
8.7446000000e-41	8.7419000000e-41	1.3411432939e-04
1.2096000000e-39	1.2096000000e-39	0.0000000000e+00
1.1682000000e-38	1.1682000000e-38	0.0000000000e+00
3.4199000000e-37	3.4199000000e-37	0.0000000000e+00
7.8767000000e-36	7.8767000000e-36	0.0000000000e+00
7.0560000000e-35	7.0561000000e-35	-6.1549235324e-06
1.0105000000e-33	1.0105000000e-33	0.0000000000e+00
1.2598000000e-32	1.2598000000e-32	0.0000000000e+00
6.2095000000e-32	6.2095000000e-32	0.0000000000e+00
1.4670000000e-30	1.4670000000e-30	0.0000000000e+00
4.7292000000e-30	4.7292000000e-30	0.0000000000e+00
6.3388000000e-29	6.3388000000e-29	0.0000000000e+00
1.4899000000e-27	1.4899000000e-27	0.0000000000e+00
5.2207000000e-27	5.2207000000e-27	0.0000000000e+00
1.0176000000e-25	1.0176000000e-25	0.0000000000e+00
8.6732000000e-25	8.6732000000e-25	0.0000000000e+00
5.2974000000e-24	5.2973000000e-24	8.1983346753e-06
5.7211000000e-23	5.7210000000e-23	7.5911673892e-06
3.7628000000e-22	3.7628000000e-22	0.0000000000e+00
2.1059000000e-21	2.1059000000e-21	0.0000000000e+00
1.4394000000e-20	1.4394000000e-20	0.0000000000e+00
8.1128000000e-20	8.1128000000e-20	0.0000000000e+00
3.3218000000e-19	3.3218000000e-19	0.0000000000e+00
2.1962000000e-18	2.1962000000e-18	0.0000000000e+00
1.0548000000e-17	1.0548000000e-17	0.0000000000e+00
4.8031000000e-17	4.8031000000e-17	0.0000000000e+00
2.0736000000e-16	2.0736000000e-16	0.0000000000e+00
8.4868000000e-16	8.4868000000e-16	0.0000000000e+00
3.2932000000e-15	3.2932000000e-15	0.0000000000e+00
1.2115000000e-14	1.2115000000e-14	0.0000000000e+00
4.2253000000e-14	4.2253000000e-14	0.0000000000e+00
1.3971000000e-13	1.3971000000e-13	0.0000000000e+00
4.3797000000e-13	4.3797000000e-13	0.0000000000e+00
1.3016000000e-12	1.3016000000e-12	0.0000000000e+00
3.6673000000e-12	3.6673000000e-12	0.0000000000e+00
9.7959000000e-12	9.7959000000e-12	0.0000000000e+00
2.4806000000e-11	2.4806000000e-11	0.0000000000e+00
5.9552000000e-11	5.9552000000e-11	0.0000000000e+00
1.3553000000e-10	1.3553000000e-10	0.0000000000e+00
2.9242000000e-10	2.9242000000e-10	0.0000000000e+00
5.9811000000e-10	5.9811000000e-10	0.0000000000e+00
1.1597000000e-09	1.1597000000e-09	0.0000000000e+00
2.1317000000e-09	2.1317000000e-09	0.0000000000e+00
3.7146000000e-09	3.7146000000e-09	0.0000000000e+00
3.4786000000e-202	0.0000000000e+00	NA
2.7550000000e-196	0.0000000000e+00	NA
1.4315000000e-190	0.0000000000e+00	NA
4.9656000000e-185	0.0000000000e+00	NA
1.1605000000e-179	0.0000000000e+00	NA
1.8071000000e-174	0.0000000000e+00	NA
1.8624000000e-169	0.0000000000e+00	NA
1.2471000000e-164	0.0000000000e+00	NA
5.2036000000e-160	0.0000000000e+00	NA
1.3026000000e-155	0.0000000000e+00	NA
1.8775000000e-151	0.0000000000e+00	NA
1.4787000000e-147	0.0000000000e+00	NA
6.1116000000e-144	0.0000000000e+00	NA
1.2529000000e-140	0.0000000000e+00	NA
1.1418000000e-137	0.0000000000e+00	NA
5.1261000000e-135	0.0000000000e+00	NA
1.8157000000e-132	0.0000000000e+00	NA
1.0312000000e-127	0.0000000000e+00	NA
1.6894000000e-123	0.0000000000e+00	NA
8.6551000000e-120	0.0000000000e+00	NA
3.3622000000e-117	0.0000000000e+00	NA
3.4001000000e-113	0.0000000000e+00	NA
6.5966000000e-110	0.0000000000e+00	NA
8.9501000000e-106	0.0000000000e+00	NA
1.0148000000e-101	0.0000000000e+00	NA
7.5314000000e-99	0.0000000000e+00	NA
5.3284000000e-97	0.0000000000e+00	NA
6.3211000000e-95	0.0000000000e+00	NA
8.2581000000e-93	0.0000000000e+00	NA
5.3869000000e-90	0.0000000000e+00	NA
7.7278000000e-88	0.0000000000e+00	NA
8.2050000000e-86	0.0000000000e+00	NA
3.9204000000e-84	0.0000000000e+00	NA
2.7939000000e-82	0.0000000000e+00	NA
5.3292000000e-80	0.0000000000e+00	NA
1.3644000000e-78	0.0000000000e+00	NA
8.6353000000e-77	0.0000000000e+00	NA
1.0484000000e-74	0.0000000000e+00	NA
5.9422000000e-73	0.0000000000e+00	NA
3.2295000000e-71	0.0000000000e+00	NA
2.8493000000e-69	0.0000000000e+00	NA
2.7290000000e-67	0.0000000000e+00	NA
8.6232000000e-66	0.0000000000e+00	NA
2.0739000000e-64	0.0000000000e+00	NA
1.1660000000e-62	0.0000000000e+00	NA
3.4288000000e-61	0.0000000000e+00	NA
1.2381000000e-59	0.0000000000e+00	NA
5.1343000000e-58	0.0000000000e+00	NA
2.0485000000e-56	0.0000000000e+00	NA
5.8358000000e-55	0.0000000000e+00	NA
2.4623000000e-53	0.0000000000e+00	NA
3.4967000000e-52	0.0000000000e+00	NA
1.0577000000e-50	0.0000000000e+00	NA
4.1467000000e-49	0.0000000000e+00	NA
7.8117000000e-48	0.0000000000e+00	NA
1.2155000000e-46	0.0000000000e+00	NA
3.0581000000e-45	0.0000000000e+00	NA
2.4953000000e-44	0.0000000000e+00	NA
4.0591000000e-43	3.9236000000e-43	1.4745024867e-02
8.2817000000e-42	8.2607000000e-42	1.1026439959e-03
1.7420000000e-40	1.7418000000e-40	4.9864456327e-05
9.2456000000e-39	9.2456000000e-39	0.0000000000e+00
1.1249000000e-37	1.1249000000e-37	0.0000000000e+00
1.7984000000e-36	1.7984000000e-36	0.0000000000e+00
2.6761000000e-35	2.6761000000e-35	0.0000000000e+00
1.9608000000e-34	1.9608000000e-34	0.0000000000e+00
3.0286000000e-33	3.0286000000e-33	0.0000000000e+00
2.9928000000e-32	2.9928000000e-32	0.0000000000e+00
3.0512000000e-31	3.0512000000e-31	0.0000000000e+00
3.9553000000e-30	3.9553000000e-30	0.0000000000e+00
4.2841000000e-29	4.2841000000e-29	0.0000000000e+00
4.4891000000e-28	4.4891000000e-28	0.0000000000e+00
4.1863000000e-27	4.1863000000e-27	0.0000000000e+00
3.1794000000e-26	3.1794000000e-26	0.0000000000e+00
3.5016000000e-25	3.5016000000e-25	0.0000000000e+00
1.9619000000e-24	1.9619000000e-24	0.0000000000e+00
1.9293000000e-23	1.9293000000e-23	0.0000000000e+00
1.2908000000e-22	1.2908000000e-22	0.0000000000e+00
8.2450000000e-22	8.2450000000e-22	0.0000000000e+00
4.9756000000e-21	4.9756000000e-21	0.0000000000e+00
2.8294000000e-20	2.8294000000e-20	0.0000000000e+00
1.5441000000e-19	1.5441000000e-19	0.0000000000e+00
7.9403000000e-19	7.9403000000e-19	0.0000000000e+00
3.8712000000e-18	3.8712000000e-18	0.0000000000e+00
1.7893000000e-17	1.7893000000e-17	0.0000000000e+00
7.8410000000e-17	7.8410000000e-17	0.0000000000e+00
3.2576000000e-16	3.2576000000e-16	0.0000000000e+00
1.2831000000e-15	1.2831000000e-15	0.0000000000e+00
4.7912000000e-15	4.7912000000e-15	0.0000000000e+00
1.6962000000e-14	1.6962000000e-14	0.0000000000e+00
5.6928000000e-14	5.6928000000e-14	0.0000000000e+00
1.8114000000e-13	1.8114000000e-13	0.0000000000e+00
5.4643000000e-13	5.4643000000e-13	0.0000000000e+00
1.5627000000e-12	1.5627000000e-12	0.0000000000e+00
4.2369000000e-12	4.2369000000e-12	0.0000000000e+00
1.0890000000e-11	1.0890000000e-11	0.0000000000e+00
2.6537000000e-11	2.6537000000e-11	0.0000000000e+00
6.1302000000e-11	6.1302000000e-11	0.0000000000e+00
1.3425000000e-10	1.3425000000e-10	0.0000000000e+00
2.7871000000e-10	2.7871000000e-10	0.0000000000e+00
5.4853000000e-10	5.4853000000e-10	0.0000000000e+00
5.6736000000e-207	0.0000000000e+00	NA
4.4830000000e-201	0.0000000000e+00	NA
2.3271000000e-195	0.0000000000e+00	NA
8.0472000000e-190	0.0000000000e+00	NA
1.8711000000e-184	0.0000000000e+00	NA
2.8915000000e-179	0.0000000000e+00	NA
2.9390000000e-174	0.0000000000e+00	NA
1.9220000000e-169	0.0000000000e+00	NA
7.7999000000e-165	0.0000000000e+00	NA
1.8634000000e-160	0.0000000000e+00	NA
2.5172000000e-156	0.0000000000e+00	NA
1.8082000000e-152	0.0000000000e+00	NA
6.6376000000e-149	0.0000000000e+00	NA
1.1783000000e-145	0.0000000000e+00	NA
9.1252000000e-143	0.0000000000e+00	NA
3.7737000000e-140	0.0000000000e+00	NA
7.7315000000e-137	0.0000000000e+00	NA
1.7051000000e-132	0.0000000000e+00	NA
1.4474000000e-128	0.0000000000e+00	NA
3.3708000000e-125	0.0000000000e+00	NA
2.2724000000e-123	0.0000000000e+00	NA
1.1562000000e-119	0.0000000000e+00	NA
7.3455000000e-115	0.0000000000e+00	NA
6.2424000000e-114	0.0000000000e+00	NA
8.5686000000e-109	0.0000000000e+00	NA
1.0620000000e-105	0.0000000000e+00	NA
8.0607000000e-102	0.0000000000e+00	NA
5.5260000000e-99	0.0000000000e+00	NA
8.8118000000e-98	0.0000000000e+00	NA
2.7893000000e-95	0.0000000000e+00	NA
5.1615000000e-93	0.0000000000e+00	NA
2.9325000000e-91	0.0000000000e+00	NA
3.8367000000e-89	0.0000000000e+00	NA
7.3080000000e-87	0.0000000000e+00	NA
5.8370000000e-85	0.0000000000e+00	NA
3.8621000000e-83	0.0000000000e+00	NA
4.6819000000e-81	0.0000000000e+00	NA
9.8829000000e-80	0.0000000000e+00	NA
1.9055000000e-77	0.0000000000e+00	NA
1.8205000000e-75	0.0000000000e+00	NA
1.2332000000e-73	0.0000000000e+00	NA
9.6768000000e-72	0.0000000000e+00	NA
1.8561000000e-69	0.0000000000e+00	NA
1.8998000000e-68	0.0000000000e+00	NA
5.1257000000e-67	0.0000000000e+00	NA
4.0896000000e-65	0.0000000000e+00	NA
3.2343000000e-63	0.0000000000e+00	NA
9.1029000000e-62	0.0000000000e+00	NA
5.0116000000e-60	0.0000000000e+00	NA
1.2592000000e-58	0.0000000000e+00	NA
3.4400000000e-57	0.0000000000e+00	NA
1.7972000000e-55	0.0000000000e+00	NA
4.4777000000e-54	0.0000000000e+00	NA
1.5463000000e-52	0.0000000000e+00	NA
2.9067000000e-51	0.0000000000e+00	NA
2.9807000000e-50	0.0000000000e+00	NA
3.3417000000e-49	0.0000000000e+00	NA
2.4716000000e-48	0.0000000000e+00	NA
3.2726000000e-47	0.0000000000e+00	NA
2.7960000000e-46	0.0000000000e+00	NA
5.0995000000e-45	0.0000000000e+00	NA
3.0648000000e-42	3.0548000000e-42	1.4193570445e-03
1.6908000000e-40	1.6907000000e-40	2.5686499011e-05
2.1231000000e-39	2.1231000000e-39	0.0000000000e+00
4.3389000000e-38	4.3389000000e-38	0.0000000000e+00
4.5892000000e-37	4.5892000000e-37	0.0000000000e+00
6.2284000000e-36	6.2284000000e-36	0.0000000000e+00
7.6968000000e-35	7.6968000000e-35	0.0000000000e+00
2.9917000000e-34	2.9917000000e-34	0.0000000000e+00
4.6614000000e-33	4.6614000000e-33	0.0000000000e+00
1.1242000000e-31	1.1242000000e-31	0.0000000000e+00
1.1871000000e-30	1.1871000000e-30	0.0000000000e+00
1.8151000000e-29	1.8151000000e-29	0.0000000000e+00
1.7024000000e-28	1.7024000000e-28	0.0000000000e+00
1.0073000000e-27	1.0073000000e-27	0.0000000000e+00
1.4150000000e-26	1.4150000000e-26	0.0000000000e+00
1.1648000000e-25	1.1648000000e-25	0.0000000000e+00
8.8323000000e-25	8.8323000000e-25	0.0000000000e+00
6.3377000000e-24	6.3377000000e-24	0.0000000000e+00
4.3274000000e-23	4.3274000000e-23	0.0000000000e+00
2.7949000000e-22	2.7949000000e-22	0.0000000000e+00
1.7129000000e-21	1.7129000000e-21	0.0000000000e+00
9.9477000000e-21	9.9477000000e-21	0.0000000000e+00
5.4772000000e-20	5.4772000000e-20	0.0000000000e+00
2.8591000000e-19	2.8591000000e-19	0.0000000000e+00
1.4150000000e-18	1.4150000000e-18	0.0000000000e+00
6.6388000000e-18	6.6388000000e-18	0.0000000000e+00
2.9531000000e-17	2.9531000000e-17	0.0000000000e+00
1.2453000000e-16	1.2453000000e-16	0.0000000000e+00
4.9790000000e-16	4.9790000000e-16	0.0000000000e+00
1.8872000000e-15	1.8872000000e-15	0.0000000000e+00
6.7818000000e-15	6.7818000000e-15	0.0000000000e+00
2.3104000000e-14	2.3104000000e-14	0.0000000000e+00
7.4622000000e-14	7.4622000000e-14	0.0000000000e+00
2.2849000000e-13	2.2849000000e-13	0.0000000000e+00
6.6328000000e-13	6.6328000000e-13	0.0000000000e+00
1.8254000000e-12	1.8254000000e-12	0.0000000000e+00
4.7623000000e-12	4.7623000000e-12	0.0000000000e+00
1.1779000000e-11	1.1779000000e-11	0.0000000000e+00
2.7619000000e-11	2.7619000000e-11	0.0000000000e+00
6.1394000000e-11	6.1394000000e-11	0.0000000000e+00
6.8732000000e-212	0.0000000000e+00	NA
5.4566000000e-206	0.0000000000e+00	NA
2.8386000000e-200	0.0000000000e+00	NA
9.8858000000e-195	0.0000000000e+00	NA
2.3090000000e-189	0.0000000000e+00	NA
3.5983000000e-184	0.0000000000e+00	NA
3.6868000000e-179	0.0000000000e+00	NA
2.4510000000e-174	0.0000000000e+00	NA
1.0215000000e-169	0.0000000000e+00	NA
2.5320000000e-165	0.0000000000e+00	NA
3.6233000000e-161	0.0000000000e+00	NA
2.8793000000e-157	0.0000000000e+00	NA
1.2304000000e-153	0.0000000000e+00	NA
2.8106000000e-150	0.0000000000e+00	NA
3.1558000000e-147	0.0000000000e+00	NA
1.6124000000e-144	0.0000000000e+00	NA
9.1432000000e-142	0.0000000000e+00	NA
3.8584000000e-135	0.0000000000e+00	NA
1.0357000000e-133	0.0000000000e+00	NA
1.1475000000e-130	0.0000000000e+00	NA
3.7260000000e-128	0.0000000000e+00	NA
2.8680000000e-127	0.0000000000e+00	NA
3.0286000000e-122	0.0000000000e+00	NA
5.7151000000e-121	0.0000000000e+00	NA
2.8205000000e-116	0.0000000000e+00	NA
9.6209000000e-111	0.0000000000e+00	NA
5.1764000000e-106	0.0000000000e+00	NA
7.4412000000e-104	0.0000000000e+00	NA
4.5414000000e-102	0.0000000000e+00	NA
1.1386000000e-99	0.0000000000e+00	NA
2.4695000000e-97	0.0000000000e+00	NA
5.8439000000e-96	0.0000000000e+00	NA
8.3456000000e-94	0.0000000000e+00	NA
7.3710000000e-92	0.0000000000e+00	NA
8.2826000000e-90	0.0000000000e+00	NA
1.0363000000e-87	0.0000000000e+00	NA
1.3206000000e-85	0.0000000000e+00	NA
1.1599000000e-83	0.0000000000e+00	NA
1.9442000000e-81	0.0000000000e+00	NA
1.0245000000e-79	0.0000000000e+00	NA
5.7840000000e-78	0.0000000000e+00	NA
1.3719000000e-75	0.0000000000e+00	NA
5.7282000000e-74	0.0000000000e+00	NA
3.1953000000e-72	0.0000000000e+00	NA
8.2606000000e-71	0.0000000000e+00	NA
8.8148000000e-70	0.0000000000e+00	NA
2.5499000000e-67	0.0000000000e+00	NA
2.7717000000e-65	0.0000000000e+00	NA
9.3925000000e-64	0.0000000000e+00	NA
2.1631000000e-62	0.0000000000e+00	NA
1.0402000000e-60	0.0000000000e+00	NA
3.1587000000e-59	0.0000000000e+00	NA
1.5998000000e-57	0.0000000000e+00	NA
1.9232000000e-56	0.0000000000e+00	NA
1.3022000000e-55	0.0000000000e+00	NA
2.0575000000e-53	0.0000000000e+00	NA
1.8018000000e-53	0.0000000000e+00	NA
2.3805000000e-51	0.0000000000e+00	NA
1.8686000000e-49	0.0000000000e+00	NA
3.4323000000e-48	0.0000000000e+00	NA
2.8759000000e-47	0.0000000000e+00	NA
2.6016000000e-45	0.0000000000e+00	NA
1.0463000000e-43	9.9492000000e-44	2.1868064127e-02
2.1059000000e-42	2.0865000000e-42	4.0193555419e-03
4.0691000000e-41	4.0674000000e-41	1.8147867756e-04
7.2916000000e-40	7.2915000000e-40	5.9561339072e-06
5.8260000000e-39	5.8261000000e-39	-7.4543555568e-06
7.0185000000e-38	7.0185000000e-38	0.0000000000e+00
9.1903000000e-37	9.1903000000e-37	0.0000000000e+00
6.4455000000e-36	6.4455000000e-36	0.0000000000e+00
2.4239000000e-34	2.4239000000e-34	0.0000000000e+00
2.3562000000e-33	2.3562000000e-33	0.0000000000e+00
2.6328000000e-32	2.6328000000e-32	0.0000000000e+00
1.0048000000e-31	1.0048000000e-31	0.0000000000e+00
3.4395000000e-30	3.4395000000e-30	0.0000000000e+00
2.3061000000e-29	2.3062000000e-29	-1.8832013615e-05
3.0623000000e-28	3.0623000000e-28	0.0000000000e+00
4.5625000000e-27	4.5625000000e-27	0.0000000000e+00
3.7045000000e-26	3.7045000000e-26	0.0000000000e+00
2.8515000000e-25	2.8515000000e-25	0.0000000000e+00
2.0674000000e-24	2.0674000000e-24	0.0000000000e+00
1.4365000000e-23	1.4365000000e-23	0.0000000000e+00
9.4434000000e-23	9.4434000000e-23	0.0000000000e+00
5.8723000000e-22	5.8723000000e-22	0.0000000000e+00
3.4620000000e-21	3.4620000000e-21	0.0000000000e+00
1.9350000000e-20	1.9350000000e-20	0.0000000000e+00
1.0253000000e-19	1.0253000000e-19	0.0000000000e+00
5.1508000000e-19	5.1508000000e-19	0.0000000000e+00
2.4532000000e-18	2.4532000000e-18	0.0000000000e+00
1.1077000000e-17	1.1077000000e-17	0.0000000000e+00
4.7417000000e-17	4.7417000000e-17	0.0000000000e+00
1.9244000000e-16	1.9244000000e-16	0.0000000000e+00
7.4040000000e-16	7.4040000000e-16	0.0000000000e+00
2.7007000000e-15	2.7007000000e-15	0.0000000000e+00
9.3394000000e-15	9.3394000000e-15	0.0000000000e+00
3.0619000000e-14	3.0619000000e-14	0.0000000000e+00
9.5165000000e-14	9.5165000000e-14	0.0000000000e+00
2.8041000000e-13	2.8041000000e-13	0.0000000000e+00
7.8331000000e-13	7.8331000000e-13	0.0000000000e+00
2.0744000000e-12	2.0744000000e-12	0.0000000000e+00
5.2079000000e-12	5.2079000000e-12	0.0000000000e+00
6.1732000000e-217	0.0000000000e+00	NA
4.9430000000e-211	0.0000000000e+00	NA
2.5962000000e-205	0.0000000000e+00	NA
9.1743000000e-200	0.0000000000e+00	NA
2.1757000000e-194	0.0000000000e+00	NA
3.4805000000e-189	0.0000000000e+00	NA
3.6824000000e-184	0.0000000000e+00	NA
2.5572000000e-179	0.0000000000e+00	NA
1.1422000000e-174	0.0000000000e+00	NA
3.1727000000e-170	0.0000000000e+00	NA
5.3490000000e-166	0.0000000000e+00	NA
5.4659000000e-162	0.0000000000e+00	NA
3.4478000000e-158	0.0000000000e+00	NA
1.4284000000e-154	0.0000000000e+00	NA
4.6356000000e-151	0.0000000000e+00	NA
1.8343000000e-147	0.0000000000e+00	NA
1.9978000000e-143	0.0000000000e+00	NA
1.5291000000e-142	0.0000000000e+00	NA
2.5422000000e-139	0.0000000000e+00	NA
1.0802000000e-135	0.0000000000e+00	NA
7.7703000000e-133	0.0000000000e+00	NA
4.4802000000e-131	0.0000000000e+00	NA
1.1736000000e-130	0.0000000000e+00	NA
7.5045000000e-131	0.0000000000e+00	NA
4.0563000000e-121	0.0000000000e+00	NA
2.3694000000e-116	0.0000000000e+00	NA
3.1305000000e-113	0.0000000000e+00	NA
2.3224000000e-108	0.0000000000e+00	NA
7.0647000000e-107	0.0000000000e+00	NA
2.1508000000e-104	0.0000000000e+00	NA
1.0367000000e-102	0.0000000000e+00	NA
6.1969000000e-101	0.0000000000e+00	NA
1.2758000000e-98	0.0000000000e+00	NA
1.0760000000e-96	0.0000000000e+00	NA
1.7788000000e-94	0.0000000000e+00	NA
1.7975000000e-92	0.0000000000e+00	NA
1.6042000000e-90	0.0000000000e+00	NA
5.7738000000e-88	0.0000000000e+00	NA
5.0861000000e-86	0.0000000000e+00	NA
5.5558000000e-84	0.0000000000e+00	NA
4.8195000000e-82	0.0000000000e+00	NA
1.5946000000e-80	0.0000000000e+00	NA
2.1248000000e-78	0.0000000000e+00	NA
2.9838000000e-76	0.0000000000e+00	NA
1.0506000000e-74	0.0000000000e+00	NA
5.6930000000e-73	0.0000000000e+00	NA
2.5916000000e-71	0.0000000000e+00	NA
3.0534000000e-69	0.0000000000e+00	NA
6.1564000000e-68	0.0000000000e+00	NA
3.6135000000e-66	0.0000000000e+00	NA
1.3036000000e-64	0.0000000000e+00	NA
5.7432000000e-63	0.0000000000e+00	NA
2.4562000000e-61	0.0000000000e+00	NA
6.6872000000e-60	0.0000000000e+00	NA
4.6063000000e-59	0.0000000000e+00	NA
4.4615000000e-57	0.0000000000e+00	NA
7.7717000000e-56	0.0000000000e+00	NA
1.0410000000e-54	0.0000000000e+00	NA
2.3751000000e-53	0.0000000000e+00	NA
1.0616000000e-51	0.0000000000e+00	NA
4.3190000000e-51	0.0000000000e+00	NA
2.6126000000e-48	0.0000000000e+00	NA
7.1235000000e-47	0.0000000000e+00	NA
1.5717000000e-45	0.0000000000e+00	NA
2.8347000000e-44	0.0000000000e+00	NA
4.8915000000e-43	4.7924000000e-43	8.8889983671e-03
2.4548000000e-42	2.4411000000e-42	2.4305438966e-03
9.0971000000e-41	9.0941000000e-41	1.4324326680e-04
7.7078000000e-40	7.7075000000e-40	1.6903770227e-05
8.0446000000e-39	8.0446000000e-39	0.0000000000e+00
3.2368000000e-37	3.2368000000e-37	0.0000000000e+00
6.3095000000e-36	6.3095000000e-36	0.0000000000e+00
1.9218000000e-35	1.9218000000e-35	0.0000000000e+00
5.0757000000e-34	5.0757000000e-34	0.0000000000e+00
7.9550000000e-33	7.9550000000e-33	0.0000000000e+00
7.1062000000e-32	7.1062000000e-32	0.0000000000e+00
6.6952000000e-31	6.6952000000e-31	0.0000000000e+00
1.7853000000e-29	1.7853000000e-29	0.0000000000e+00
1.6373000000e-28	1.6373000000e-28	0.0000000000e+00
1.4235000000e-27	1.4235000000e-27	0.0000000000e+00
1.1733000000e-26	1.1733000000e-26	0.0000000000e+00
9.1681000000e-26	9.1681000000e-26	0.0000000000e+00
6.7919000000e-25	6.7919000000e-25	0.0000000000e+00
4.7702000000e-24	4.7701000000e-24	9.1044198175e-06
3.1762000000e-23	3.1762000000e-23	0.0000000000e+00
2.0050000000e-22	2.0050000000e-22	0.0000000000e+00
1.1999000000e-21	1.1999000000e-21	0.0000000000e+00
6.8078000000e-21	6.8078000000e-21	0.0000000000e+00
3.6619000000e-20	3.6619000000e-20	0.0000000000e+00
1.8674000000e-19	1.8674000000e-19	0.0000000000e+00
9.0281000000e-19	9.0281000000e-19	0.0000000000e+00
4.1380000000e-18	4.1380000000e-18	0.0000000000e+00
1.7981000000e-17	1.7981000000e-17	0.0000000000e+00
7.4074000000e-17	7.4074000000e-17	0.0000000000e+00
2.8930000000e-16	2.8930000000e-16	0.0000000000e+00
1.0712000000e-15	1.0712000000e-15	0.0000000000e+00
3.7601000000e-15	3.7601000000e-15	0.0000000000e+00
1.2513000000e-14	1.2513000000e-14	0.0000000000e+00
3.9478000000e-14	3.9478000000e-14	0.0000000000e+00
1.1808000000e-13	1.1808000000e-13	0.0000000000e+00
3.3481000000e-13	3.3481000000e-13	0.0000000000e+00
4.1019000000e-222	0.0000000000e+00	NA
3.3135000000e-216	0.0000000000e+00	NA
1.7717000000e-210	0.0000000000e+00	NA
6.3808000000e-205	0.0000000000e+00	NA
1.5608000000e-199	0.0000000000e+00	NA
2.5753000000e-194	0.0000000000e+00	NA
2.8692000000e-189	0.0000000000e+00	NA
2.1230000000e-184	0.0000000000e+00	NA
1.0455000000e-179	0.0000000000e+00	NA
3.3873000000e-175	0.0000000000e+00	NA
7.1405000000e-171	0.0000000000e+00	NA
9.9910000000e-167	0.0000000000e+00	NA
9.8276000000e-163	0.0000000000e+00	NA
7.6818000000e-159	0.0000000000e+00	NA
6.1942000000e-155	0.0000000000e+00	NA
8.3642000000e-151	0.0000000000e+00	NA
9.9121000000e-147	0.0000000000e+00	NA
3.6006000000e-146	0.0000000000e+00	NA
1.1970000000e-140	0.0000000000e+00	NA
9.7458000000e-140	0.0000000000e+00	NA
1.2841000000e-137	0.0000000000e+00	NA
2.9251000000e-136	0.0000000000e+00	NA
5.3186000000e-136	0.0000000000e+00	NA
1.2118000000e-138	0.0000000000e+00	NA
1.0009000000e-131	0.0000000000e+00	NA
1.2719000000e-122	0.0000000000e+00	NA
2.7787000000e-119	0.0000000000e+00	NA
1.6505000000e-114	0.0000000000e+00	NA
5.1901000000e-111	0.0000000000e+00	NA
4.8123000000e-109	0.0000000000e+00	NA
3.6489000000e-107	0.0000000000e+00	NA
9.7861000000e-106	0.0000000000e+00	NA
1.2464000000e-103	0.0000000000e+00	NA
1.9475000000e-101	0.0000000000e+00	NA
3.3969000000e-99	0.0000000000e+00	NA
3.3099000000e-97	0.0000000000e+00	NA
2.1484000000e-95	0.0000000000e+00	NA
2.4917000000e-93	0.0000000000e+00	NA
2.0360000000e-90	0.0000000000e+00	NA
2.0238000000e-88	0.0000000000e+00	NA
1.8738000000e-86	0.0000000000e+00	NA
1.6146000000e-84	0.0000000000e+00	NA
1.0773000000e-82	0.0000000000e+00	NA
1.9513000000e-80	0.0000000000e+00	NA
7.6139000000e-79	0.0000000000e+00	NA
3.5731000000e-77	0.0000000000e+00	NA
1.8329000000e-75	0.0000000000e+00	NA
2.1603000000e-73	0.0000000000e+00	NA
6.5531000000e-72	0.0000000000e+00	NA
3.1389000000e-70	0.0000000000e+00	NA
2.5362000000e-68	0.0000000000e+00	NA
9.1429000000e-67	0.0000000000e+00	NA
3.4174000000e-65	0.0000000000e+00	NA
2.8543000000e-64	0.0000000000e+00	NA
3.1210000000e-63	0.0000000000e+00	NA
3.4529000000e-61	0.0000000000e+00	NA
2.2729000000e-59	0.0000000000e+00	NA
9.2893000000e-58	0.0000000000e+00	NA
2.2314000000e-56	0.0000000000e+00	NA
2.6347000000e-55	0.0000000000e+00	NA
3.6434000000e-53	0.0000000000e+00	NA
9.8920000000e-52	0.0000000000e+00	NA
4.4400000000e-50	0.0000000000e+00	NA
1.1213000000e-48	0.0000000000e+00	NA
2.2795000000e-47	0.0000000000e+00	NA
3.9723000000e-46	0.0000000000e+00	NA
2.4565000000e-45	0.0000000000e+00	NA
2.6768000000e-44	0.0000000000e+00	NA
1.0834000000e-42	1.0608000000e-42	9.1553201905e-03
2.1040000000e-41	2.1021000000e-41	3.9236326846e-04
6.1594000000e-40	6.1592000000e-40	1.4102072701e-05
8.0269000000e-39	8.0269000000e-39	0.0000000000e+00
1.7795000000e-37	1.7795000000e-37	0.0000000000e+00
1.5677000000e-36	1.5677000000e-36	0.0000000000e+00
1.8800000000e-35	1.8801000000e-35	-2.3100155954e-05
9.6717000000e-35	9.6716000000e-35	4.4903866652e-06
4.8428000000e-33	4.8428000000e-33	0.0000000000e+00
3.6510000000e-32	3.6510000000e-32	0.0000000000e+00
5.4810000000e-31	5.4810000000e-31	0.0000000000e+00
5.3823000000e-30	5.3823000000e-30	0.0000000000e+00
5.0108000000e-29	5.0108000000e-29	0.0000000000e+00
4.4225000000e-28	4.4225000000e-28	0.0000000000e+00
3.7005000000e-27	3.7005000000e-27	0.0000000000e+00
2.9354000000e-26	2.9354000000e-26	0.0000000000e+00
2.2076000000e-25	2.2076000000e-25	0.0000000000e+00
1.5739000000e-24	1.5739000000e-24	0.0000000000e+00
1.0639000000e-23	1.0639000000e-23	0.0000000000e+00
6.8172000000e-23	6.8172000000e-23	0.0000000000e+00
4.1416000000e-22	4.1416000000e-22	0.0000000000e+00
2.3853000000e-21	2.3854000000e-21	-1.8206740393e-05
1.3025000000e-20	1.3025000000e-20	0.0000000000e+00
6.7424000000e-20	6.7424000000e-20	0.0000000000e+00
3.3089000000e-19	3.3089000000e-19	0.0000000000e+00
1.5396000000e-18	1.5395000000e-18	2.8209183336e-05
6.7909000000e-18	6.7909000000e-18	0.0000000000e+00
2.8398000000e-17	2.8398000000e-17	0.0000000000e+00
1.1258000000e-16	1.1258000000e-16	0.0000000000e+00
4.2315000000e-16	4.2315000000e-16	0.0000000000e+00
1.5078000000e-15	1.5078000000e-15	0.0000000000e+00
5.0933000000e-15	5.0933000000e-15	0.0000000000e+00
1.6311000000e-14	1.6311000000e-14	0.0000000000e+00
2.0029000000e-227	0.0000000000e+00	NA
1.6466000000e-221	0.0000000000e+00	NA
8.9344000000e-216	0.0000000000e+00	NA
3.3090000000e-210	0.0000000000e+00	NA
8.3633000000e-205	0.0000000000e+00	NA
1.4423000000e-199	0.0000000000e+00	NA
1.6973000000e-194	0.0000000000e+00	NA
1.3631000000e-189	0.0000000000e+00	NA
7.4460000000e-185	0.0000000000e+00	NA
2.7966000000e-180	0.0000000000e+00	NA
7.3441000000e-176	0.0000000000e+00	NA
1.3926000000e-171	0.0000000000e+00	NA
1.9440000000e-167	0.0000000000e+00	NA
2.2082000000e-163	0.0000000000e+00	NA
2.4077000000e-159	0.0000000000e+00	NA
2.9538000000e-155	0.0000000000e+00	NA
9.9194000000e-151	0.0000000000e+00	NA
1.8675000000e-147	0.0000000000e+00	NA
1.1896000000e-146	0.0000000000e+00	NA
9.5504000000e-148	0.0000000000e+00	NA
1.8320000000e-144	0.0000000000e+00	NA
4.5456000000e-142	0.0000000000e+00	NA
7.1071000000e-141	0.0000000000e+00	NA
1.3893000000e-143	0.0000000000e+00	NA
1.9439000000e-133	0.0000000000e+00	NA
4.4283000000e-130	0.0000000000e+00	NA
1.4332000000e-124	0.0000000000e+00	NA
1.5618000000e-119	0.0000000000e+00	NA
5.0077000000e-117	0.0000000000e+00	NA
8.7649000000e-114	0.0000000000e+00	NA
1.1170000000e-112	0.0000000000e+00	NA
3.3780000000e-110	0.0000000000e+00	NA
3.2030000000e-108	0.0000000000e+00	NA
5.3787000000e-106	0.0000000000e+00	NA
3.0464000000e-104	0.0000000000e+00	NA
4.7863000000e-102	0.0000000000e+00	NA
8.7222000000e-100	0.0000000000e+00	NA
2.3655000000e-97	0.0000000000e+00	NA
4.7709000000e-95	0.0000000000e+00	NA
4.9581000000e-93	0.0000000000e+00	NA
5.4239000000e-91	0.0000000000e+00	NA
4.5000000000e-89	0.0000000000e+00	NA
3.9168000000e-87	0.0000000000e+00	NA
3.1048000000e-85	0.0000000000e+00	NA
5.5988000000e-83	0.0000000000e+00	NA
1.7696000000e-81	0.0000000000e+00	NA
1.3918000000e-79	0.0000000000e+00	NA
1.5444000000e-77	0.0000000000e+00	NA
4.6404000000e-76	0.0000000000e+00	NA
4.8785000000e-74	0.0000000000e+00	NA
2.8890000000e-72	0.0000000000e+00	NA
1.4511000000e-70	0.0000000000e+00	NA
4.0794000000e-69	0.0000000000e+00	NA
2.0371000000e-67	0.0000000000e+00	NA
1.2967000000e-66	0.0000000000e+00	NA
1.3289000000e-64	0.0000000000e+00	NA
2.5736000000e-63	0.0000000000e+00	NA
1.8907000000e-62	0.0000000000e+00	NA
1.0879000000e-59	0.0000000000e+00	NA
2.8737000000e-58	0.0000000000e+00	NA
1.5320000000e-56	0.0000000000e+00	NA
3.6455000000e-55	0.0000000000e+00	NA
1.5154000000e-53	0.0000000000e+00	NA
4.6087000000e-52	0.0000000000e+00	NA
1.0527000000e-50	0.0000000000e+00	NA
6.6169000000e-50	0.0000000000e+00	NA
2.0995000000e-48	0.0000000000e+00	NA
3.1212000000e-47	0.0000000000e+00	NA
1.1646000000e-45	0.0000000000e+00	NA
8.6100000000e-45	0.0000000000e+00	NA
2.4884000000e-43	2.4102000000e-43	1.3867110555e-02
9.7856000000e-42	9.7727000000e-42	5.7289228910e-04
6.3454000000e-41	6.3420000000e-41	2.3276656743e-04
2.9756000000e-39	2.9755000000e-39	1.4595435531e-05
5.1426000000e-38	5.1427000000e-38	-8.4449550702e-06
7.3919000000e-37	7.3919000000e-37	0.0000000000e+00
9.6231000000e-36	9.6231000000e-36	0.0000000000e+00
1.1877000000e-34	1.1877000000e-34	0.0000000000e+00
1.3896000000e-33	1.3896000000e-33	0.0000000000e+00
1.5414000000e-32	1.5414000000e-32	0.0000000000e+00
1.6208000000e-31	1.6208000000e-31	0.0000000000e+00
1.6158000000e-30	1.6158000000e-30	0.0000000000e+00
1.5271000000e-29	1.5271000000e-29	0.0000000000e+00
1.3683000000e-28	1.3683000000e-28	0.0000000000e+00
1.1623000000e-27	1.1623000000e-27	0.0000000000e+00
9.3595000000e-27	9.3595000000e-27	0.0000000000e+00
7.1454000000e-26	7.1454000000e-26	0.0000000000e+00
5.1716000000e-25	5.1716000000e-25	0.0000000000e+00
3.5486000000e-24	3.5486000000e-24	0.0000000000e+00
2.3084000000e-23	2.3084000000e-23	0.0000000000e+00
1.4236000000e-22	1.4236000000e-22	0.0000000000e+00
8.3234000000e-22	8.3234000000e-22	0.0000000000e+00
4.6136000000e-21	4.6136000000e-21	0.0000000000e+00
2.4244000000e-20	2.4244000000e-20	0.0000000000e+00
1.2078000000e-19	1.2078000000e-19	0.0000000000e+00
5.7045000000e-19	5.7045000000e-19	0.0000000000e+00
2.5543000000e-18	2.5543000000e-18	0.0000000000e+00
1.0843000000e-17	1.0843000000e-17	0.0000000000e+00
4.3635000000e-17	4.3635000000e-17	0.0000000000e+00
1.6648000000e-16	1.6648000000e-16	0.0000000000e+00
6.0216000000e-16	6.0216000000e-16	0.0000000000e+00
7.1648000000e-233	0.0000000000e+00	NA
5.9493000000e-227	0.0000000000e+00	NA
3.3069000000e-221	0.0000000000e+00	NA
1.2567000000e-215	0.0000000000e+00	NA
3.3022000000e-210	0.0000000000e+00	NA
5.9702000000e-205	0.0000000000e+00	NA
7.4775000000e-200	0.0000000000e+00	NA
6.4814000000e-195	0.0000000000e+00	NA
3.9273000000e-190	0.0000000000e+00	NA
1.6790000000e-185	0.0000000000e+00	NA
5.1985000000e-181	0.0000000000e+00	NA
1.1941000000e-176	0.0000000000e+00	NA
2.0597000000e-172	0.0000000000e+00	NA
2.6546000000e-168	0.0000000000e+00	NA
2.5529000000e-164	0.0000000000e+00	NA
1.4807000000e-160	0.0000000000e+00	NA
9.2659000000e-158	0.0000000000e+00	NA
3.7060000000e-157	0.0000000000e+00	NA
2.5109000000e-156	0.0000000000e+00	NA
3.5742000000e-154	0.0000000000e+00	NA
6.0653000000e-152	0.0000000000e+00	NA
1.2090000000e-149	0.0000000000e+00	NA
3.9468000000e-150	0.0000000000e+00	NA
2.9960000000e-144	0.0000000000e+00	NA
2.4564000000e-140	0.0000000000e+00	NA
8.4097000000e-135	0.0000000000e+00	NA
4.9675000000e-129	0.0000000000e+00	NA
6.3235000000e-125	0.0000000000e+00	NA
9.9040000000e-123	0.0000000000e+00	NA
1.1234000000e-119	0.0000000000e+00	NA
7.6111000000e-117	0.0000000000e+00	NA
2.3134000000e-115	0.0000000000e+00	NA
3.6791000000e-113	0.0000000000e+00	NA
1.3158000000e-110	0.0000000000e+00	NA
6.1210000000e-109	0.0000000000e+00	NA
8.8303000000e-107	0.0000000000e+00	NA
3.1316000000e-104	0.0000000000e+00	NA
2.5872000000e-102	0.0000000000e+00	NA
6.8420000000e-100	0.0000000000e+00	NA
1.6446000000e-97	0.0000000000e+00	NA
1.1113000000e-95	0.0000000000e+00	NA
1.1788000000e-93	0.0000000000e+00	NA
9.6333000000e-92	0.0000000000e+00	NA
9.4494000000e-90	0.0000000000e+00	NA
1.7746000000e-87	0.0000000000e+00	NA
8.9674000000e-86	0.0000000000e+00	NA
5.1473000000e-84	0.0000000000e+00	NA
4.7429000000e-82	0.0000000000e+00	NA
4.7317000000e-80	0.0000000000e+00	NA
3.1096000000e-78	0.0000000000e+00	NA
1.8141000000e-76	0.0000000000e+00	NA
1.0352000000e-74	0.0000000000e+00	NA
5.4865000000e-73	0.0000000000e+00	NA
2.7563000000e-71	0.0000000000e+00	NA
1.3127000000e-69	0.0000000000e+00	NA
4.7884000000e-68	0.0000000000e+00	NA
1.7048000000e-66	0.0000000000e+00	NA
7.2523000000e-65	0.0000000000e+00	NA
3.1233000000e-63	0.0000000000e+00	NA
1.3374000000e-61	0.0000000000e+00	NA
4.8420000000e-60	0.0000000000e+00	NA
1.3240000000e-58	0.0000000000e+00	NA
4.7929000000e-57	0.0000000000e+00	NA
1.4199000000e-55	0.0000000000e+00	NA
6.5261000000e-55	0.0000000000e+00	NA
3.0128000000e-53	0.0000000000e+00	NA
1.2458000000e-51	0.0000000000e+00	NA
2.7767000000e-50	0.0000000000e+00	NA
2.7866000000e-49	0.0000000000e+00	NA
5.0682000000e-48	0.0000000000e+00	NA
3.6027000000e-47	0.0000000000e+00	NA
6.4256000000e-45	0.0000000000e+00	NA
1.5729000000e-43	1.4854000000e-43	2.4857692854e-02
3.6065000000e-42	3.6069000000e-42	-4.8165301505e-05
6.0624000000e-41	6.0601000000e-41	1.6479724815e-04
9.8461000000e-40	9.8460000000e-40	4.4108498525e-06
1.4479000000e-38	1.4479000000e-38	0.0000000000e+00
2.0186000000e-37	2.0186000000e-37	0.0000000000e+00
2.6679000000e-36	2.6679000000e-36	0.0000000000e+00
3.3427000000e-35	3.3427000000e-35	0.0000000000e+00
3.9705000000e-34	3.9705000000e-34	0.0000000000e+00
4.4710000000e-33	4.4710000000e-33	0.0000000000e+00
4.7730000000e-32	4.7730000000e-32	0.0000000000e+00
4.8305000000e-31	4.8305000000e-31	0.0000000000e+00
4.6346000000e-30	4.6346000000e-30	0.0000000000e+00
4.2156000000e-29	4.2156000000e-29	0.0000000000e+00
3.6352000000e-28	3.6352000000e-28	0.0000000000e+00
2.9718000000e-27	2.9718000000e-27	0.0000000000e+00
2.3032000000e-26	2.3032000000e-26	0.0000000000e+00
1.6922000000e-25	1.6922000000e-25	0.0000000000e+00
1.1788000000e-24	1.1788000000e-24	0.0000000000e+00
7.7841000000e-24	7.7841000000e-24	0.0000000000e+00
4.8733000000e-23	4.8733000000e-23	0.0000000000e+00
2.8924000000e-22	2.8924000000e-22	0.0000000000e+00
1.6275000000e-21	1.6275000000e-21	0.0000000000e+00
8.6817000000e-21	8.6817000000e-21	0.0000000000e+00
4.3906000000e-20	4.3906000000e-20	0.0000000000e+00
2.1050000000e-19	2.1050000000e-19	0.0000000000e+00
9.5681000000e-19	9.5681000000e-19	0.0000000000e+00
4.1230000000e-18	4.1230000000e-18	0.0000000000e+00
1.6843000000e-17	1.6843000000e-17	0.0000000000e+00
1.8626000000e-238	0.0000000000e+00	NA
1.5702000000e-232	0.0000000000e+00	NA
8.9163000000e-227	0.0000000000e+00	NA
3.4828000000e-221	0.0000000000e+00	NA
9.4245000000e-216	0.0000000000e+00	NA
1.7854000000e-210	0.0000000000e+00	NA
2.3724000000e-205	0.0000000000e+00	NA
2.2153000000e-200	0.0000000000e+00	NA
1.4617000000e-195	0.0000000000e+00	NA
6.9259000000e-191	0.0000000000e+00	NA
2.4094000000e-186	0.0000000000e+00	NA
6.2375000000e-182	0.0000000000e+00	NA
1.1794000000e-177	0.0000000000e+00	NA
1.5222000000e-173	0.0000000000e+00	NA
1.1477000000e-169	0.0000000000e+00	NA
3.1618000000e-166	0.0000000000e+00	NA
3.1029000000e-164	0.0000000000e+00	NA
1.4049000000e-163	0.0000000000e+00	NA
1.3604000000e-163	0.0000000000e+00	NA
1.1600000000e-163	0.0000000000e+00	NA
7.8903000000e-162	0.0000000000e+00	NA
2.8565000000e-157	0.0000000000e+00	NA
3.4377000000e-152	0.0000000000e+00	NA
2.5925000000e-157	0.0000000000e+00	NA
5.8566000000e-146	0.0000000000e+00	NA
1.7548000000e-138	0.0000000000e+00	NA
4.9007000000e-133	0.0000000000e+00	NA
9.8703000000e-130	0.0000000000e+00	NA
3.7991000000e-128	0.0000000000e+00	NA
9.4007000000e-126	0.0000000000e+00	NA
2.1706000000e-123	0.0000000000e+00	NA
6.6350000000e-120	0.0000000000e+00	NA
4.4240000000e-118	0.0000000000e+00	NA
1.4226000000e-115	0.0000000000e+00	NA
9.3475000000e-114	0.0000000000e+00	NA
6.9080000000e-112	0.0000000000e+00	NA
2.5442000000e-109	0.0000000000e+00	NA
4.6365000000e-107	0.0000000000e+00	NA
7.7474000000e-105	0.0000000000e+00	NA
1.1813000000e-102	0.0000000000e+00	NA
2.6224000000e-100	0.0000000000e+00	NA
1.8128000000e-98	0.0000000000e+00	NA
1.8026000000e-96	0.0000000000e+00	NA
2.0859000000e-94	0.0000000000e+00	NA
2.8462000000e-92	0.0000000000e+00	NA
3.3462000000e-90	0.0000000000e+00	NA
2.8631000000e-88	0.0000000000e+00	NA
2.3396000000e-86	0.0000000000e+00	NA
1.8895000000e-84	0.0000000000e+00	NA
1.3281000000e-82	0.0000000000e+00	NA
8.4178000000e-81	0.0000000000e+00	NA
5.5892000000e-79	0.0000000000e+00	NA
3.3466000000e-77	0.0000000000e+00	NA
1.8995000000e-75	0.0000000000e+00	NA
1.0220000000e-73	0.0000000000e+00	NA
5.2131000000e-72	0.0000000000e+00	NA
2.5134000000e-70	0.0000000000e+00	NA
1.1554000000e-68	0.0000000000e+00	NA
5.0202000000e-67	0.0000000000e+00	NA
2.0679000000e-65	0.0000000000e+00	NA
7.7534000000e-64	0.0000000000e+00	NA
2.7615000000e-62	0.0000000000e+00	NA
9.3542000000e-61	0.0000000000e+00	NA
3.2091000000e-59	0.0000000000e+00	NA
3.6698000000e-58	0.0000000000e+00	NA
8.0418000000e-57	0.0000000000e+00	NA
3.7453000000e-55	0.0000000000e+00	NA
1.8088000000e-53	0.0000000000e+00	NA
4.1105000000e-52	0.0000000000e+00	NA
7.5539000000e-51	0.0000000000e+00	NA
1.2976000000e-50	0.0000000000e+00	NA
2.1642000000e-49	0.0000000000e+00	NA
2.5411000000e-47	0.0000000000e+00	NA
7.5872000000e-46	0.0000000000e+00	NA
3.1626000000e-44	1.1210000000e-44	4.5043865400e-01
9.4902000000e-43	9.2766000000e-43	9.8865344565e-03
1.6011000000e-41	1.6000000000e-41	2.9847486733e-04
2.5978000000e-40	2.5978000000e-40	0.0000000000e+00
3.8784000000e-39	3.8784000000e-39	0.0000000000e+00
5.4892000000e-38	5.4892000000e-38	0.0000000000e+00
7.3651000000e-37	7.3651000000e-37	0.0000000000e+00
9.3684000000e-36	9.3684000000e-36	0.0000000000e+00
1.1297000000e-34	1.1297000000e-34	0.0000000000e+00
1.2915000000e-33	1.2915000000e-33	0.0000000000e+00
1.3996000000e-32	1.3996000000e-32	0.0000000000e+00
1.4380000000e-31	1.4380000000e-31	0.0000000000e+00
1.4007000000e-30	1.4007000000e-30	0.0000000000e+00
1.2934000000e-29	1.2934000000e-29	0.0000000000e+00
1.1322000000e-28	1.1322000000e-28	0.0000000000e+00
9.3963000000e-28	9.3963000000e-28	0.0000000000e+00
7.3928000000e-27	7.3928000000e-27	0.0000000000e+00
5.5142000000e-26	5.5142000000e-26	0.0000000000e+00
3.8992000000e-25	3.8992000000e-25	0.0000000000e+00
2.6140000000e-24	2.6140000000e-24	0.0000000000e+00
1.6613000000e-23	1.6613000000e-23	0.0000000000e+00
1.0009000000e-22	1.0009000000e-22	0.0000000000e+00
5.7174000000e-22	5.7174000000e-22	0.0000000000e+00
3.0961000000e-21	3.0961000000e-21	0.0000000000e+00
1.5895000000e-20	1.5895000000e-20	0.0000000000e+00
7.7359000000e-20	7.7359000000e-20	0.0000000000e+00
3.5694000000e-19	3.5694000000e-19	0.0000000000e+00
3.4718000000e-244	0.0000000000e+00	NA
2.9621000000e-238	0.0000000000e+00	NA
1.7140000000e-232	0.0000000000e+00	NA
6.8683000000e-227	0.0000000000e+00	NA
1.9188000000e-221	0.0000000000e+00	NA
3.7917000000e-216	0.0000000000e+00	NA
5.2847000000e-211	0.0000000000e+00	NA
5.2441000000e-206	0.0000000000e+00	NA
3.7084000000e-201	0.0000000000e+00	NA
1.9063000000e-196	0.0000000000e+00	NA
7.1755000000e-192	0.0000000000e+00	NA
1.9985000000e-187	0.0000000000e+00	NA
4.0136000000e-183	0.0000000000e+00	NA
5.3870000000e-179	0.0000000000e+00	NA
4.1344000000e-175	0.0000000000e+00	NA
1.3657000000e-171	0.0000000000e+00	NA
1.6837000000e-168	0.0000000000e+00	NA
1.0844000000e-166	0.0000000000e+00	NA
1.5857000000e-164	0.0000000000e+00	NA
1.1780000000e-164	0.0000000000e+00	NA
2.0924000000e-161	0.0000000000e+00	NA
5.7226000000e-160	0.0000000000e+00	NA
6.1365000000e-156	0.0000000000e+00	NA
1.8612000000e-156	0.0000000000e+00	NA
6.3887000000e-149	0.0000000000e+00	NA
1.7120000000e-143	0.0000000000e+00	NA
2.4821000000e-138	0.0000000000e+00	NA
9.2774000000e-136	0.0000000000e+00	NA
1.1982000000e-133	0.0000000000e+00	NA
3.3875000000e-131	0.0000000000e+00	NA
8.2167000000e-129	0.0000000000e+00	NA
2.2211000000e-126	0.0000000000e+00	NA
2.3406000000e-123	0.0000000000e+00	NA
1.3882000000e-120	0.0000000000e+00	NA
1.7181000000e-118	0.0000000000e+00	NA
2.5712000000e-116	0.0000000000e+00	NA
1.6371000000e-114	0.0000000000e+00	NA
3.2182000000e-112	0.0000000000e+00	NA
1.4149000000e-109	0.0000000000e+00	NA
1.1538000000e-107	0.0000000000e+00	NA
1.8303000000e-105	0.0000000000e+00	NA
4.1436000000e-103	0.0000000000e+00	NA
3.0145000000e-101	0.0000000000e+00	NA
3.5602000000e-99	0.0000000000e+00	NA
5.5301000000e-97	0.0000000000e+00	NA
7.2874000000e-95	0.0000000000e+00	NA
7.1216000000e-93	0.0000000000e+00	NA
6.3903000000e-91	0.0000000000e+00	NA
5.3532000000e-89	0.0000000000e+00	NA
4.1756000000e-87	0.0000000000e+00	NA
3.2002000000e-85	0.0000000000e+00	NA
2.2837000000e-83	0.0000000000e+00	NA
1.5448000000e-81	0.0000000000e+00	NA
9.9065000000e-80	0.0000000000e+00	NA
6.0222000000e-78	0.0000000000e+00	NA
3.4704000000e-76	0.0000000000e+00	NA
1.8958000000e-74	0.0000000000e+00	NA
9.8173000000e-73	0.0000000000e+00	NA
4.8193000000e-71	0.0000000000e+00	NA
2.2427000000e-69	0.0000000000e+00	NA
9.2566000000e-68	0.0000000000e+00	NA
3.7790000000e-66	0.0000000000e+00	NA
9.3989000000e-65	0.0000000000e+00	NA
5.4414000000e-63	0.0000000000e+00	NA
8.4747000000e-62	0.0000000000e+00	NA
4.6884000000e-60	0.0000000000e+00	NA
1.9147000000e-58	0.0000000000e+00	NA
5.0322000000e-57	0.0000000000e+00	NA
7.7253000000e-56	0.0000000000e+00	NA
1.3169000000e-54	0.0000000000e+00	NA
4.7123000000e-53	0.0000000000e+00	NA
1.3800000000e-53	0.0000000000e+00	NA
1.9300000000e-52	0.0000000000e+00	NA
9.6334000000e-51	0.0000000000e+00	NA
1.8561000000e-48	0.0000000000e+00	NA
2.2314000000e-46	0.0000000000e+00	NA
1.4228000000e-44	0.0000000000e+00	NA
2.5311000000e-43	2.4523000000e-43	1.3735705691e-02
4.2688000000e-42	4.2656000000e-42	3.2568016667e-04
6.8250000000e-41	6.8231000000e-41	1.2091932517e-04
1.0344000000e-39	1.0344000000e-39	0.0000000000e+00
1.4864000000e-38	1.4864000000e-38	0.0000000000e+00
2.0247000000e-37	2.0247000000e-37	0.0000000000e+00
2.6145000000e-36	2.6145000000e-36	0.0000000000e+00
3.2007000000e-35	3.2007000000e-35	0.0000000000e+00
3.7147000000e-34	3.7147000000e-34	0.0000000000e+00
4.0870000000e-33	4.0870000000e-33	0.0000000000e+00
4.2629000000e-32	4.2629000000e-32	0.0000000000e+00
4.2152000000e-31	4.2152000000e-31	0.0000000000e+00
3.9514000000e-30	3.9514000000e-30	0.0000000000e+00
3.5116000000e-29	3.5116000000e-29	0.0000000000e+00
2.9586000000e-28	2.9586000000e-28	0.0000000000e+00
2.3631000000e-27	2.3631000000e-27	0.0000000000e+00
1.7893000000e-26	1.7893000000e-26	0.0000000000e+00
1.2845000000e-25	1.2845000000e-25	0.0000000000e+00
8.7413000000e-25	8.7413000000e-25	0.0000000000e+00
5.6397000000e-24	5.6397000000e-24	0.0000000000e+00
3.4495000000e-23	3.4495000000e-23	0.0000000000e+00
2.0002000000e-22	2.0002000000e-22	0.0000000000e+00
1.0996000000e-21	1.0996000000e-21	0.0000000000e+00
5.7304000000e-21	5.7304000000e-21	0.0000000000e+00
4.5932000000e-250	0.0000000000e+00	NA
3.9350000000e-244	0.0000000000e+00	NA
2.3038000000e-238	0.0000000000e+00	NA
9.4117000000e-233	0.0000000000e+00	NA
2.6999000000e-227	0.0000000000e+00	NA
5.4702000000e-222	0.0000000000e+00	NA
7.9035000000e-217	0.0000000000e+00	NA
8.1827000000e-212	0.0000000000e+00	NA
6.0982000000e-207	0.0000000000e+00	NA
3.2983000000e-202	0.0000000000e+00	NA
1.3046000000e-197	0.0000000000e+00	NA
3.8011000000e-193	0.0000000000e+00	NA
8.0936000000e-189	0.0000000000e+00	NA
1.2064000000e-184	0.0000000000e+00	NA
1.2402000000e-180	0.0000000000e+00	NA
8.9509000000e-177	0.0000000000e+00	NA
4.1928000000e-173	0.0000000000e+00	NA
1.2904000000e-170	0.0000000000e+00	NA
9.2472000000e-169	0.0000000000e+00	NA
5.5018000000e-168	0.0000000000e+00	NA
6.6675000000e-165	0.0000000000e+00	NA
1.0323000000e-160	0.0000000000e+00	NA
6.8688000000e-160	0.0000000000e+00	NA
3.7800000000e-160	0.0000000000e+00	NA
7.4975000000e-154	0.0000000000e+00	NA
9.3018000000e-147	0.0000000000e+00	NA
9.3212000000e-144	0.0000000000e+00	NA
1.0618000000e-141	0.0000000000e+00	NA
3.1389000000e-139	0.0000000000e+00	NA
9.9191000000e-137	0.0000000000e+00	NA
2.6580000000e-134	0.0000000000e+00	NA
7.3528000000e-132	0.0000000000e+00	NA
2.0432000000e-129	0.0000000000e+00	NA
6.9297000000e-127	0.0000000000e+00	NA
2.2213000000e-124	0.0000000000e+00	NA
1.2144000000e-121	0.0000000000e+00	NA
9.0621000000e-120	0.0000000000e+00	NA
2.2163000000e-117	0.0000000000e+00	NA
5.7898000000e-115	0.0000000000e+00	NA
1.9677000000e-112	0.0000000000e+00	NA
1.6003000000e-110	0.0000000000e+00	NA
2.5223000000e-108	0.0000000000e+00	NA
3.6215000000e-106	0.0000000000e+00	NA
4.6965000000e-104	0.0000000000e+00	NA
7.6813000000e-102	0.0000000000e+00	NA
1.0934000000e-99	0.0000000000e+00	NA
1.2145000000e-97	0.0000000000e+00	NA
1.2126000000e-95	0.0000000000e+00	NA
1.1477000000e-93	0.0000000000e+00	NA
1.0297000000e-91	0.0000000000e+00	NA
8.7580000000e-90	0.0000000000e+00	NA
7.0611000000e-88	0.0000000000e+00	NA
5.3967000000e-86	0.0000000000e+00	NA
3.9099000000e-84	0.0000000000e+00	NA
2.6854000000e-82	0.0000000000e+00	NA
1.7483000000e-80	0.0000000000e+00	NA
1.0790000000e-78	0.0000000000e+00	NA
6.3131000000e-77	0.0000000000e+00	NA
3.5014000000e-75	0.0000000000e+00	NA
1.8409000000e-73	0.0000000000e+00	NA
9.1749000000e-72	0.0000000000e+00	NA
4.3348000000e-70	0.0000000000e+00	NA
1.4213000000e-68	0.0000000000e+00	NA
7.9671000000e-67	0.0000000000e+00	NA
3.0151000000e-65	0.0000000000e+00	NA
8.3898000000e-64	0.0000000000e+00	NA
3.9699000000e-62	0.0000000000e+00	NA
1.2380000000e-60	0.0000000000e+00	NA
1.8758000000e-59	0.0000000000e+00	NA
5.1634000000e-58	0.0000000000e+00	NA
1.2648000000e-57	0.0000000000e+00	NA
3.9593000000e-56	0.0000000000e+00	NA
6.8162000000e-54	0.0000000000e+00	NA
1.6897000000e-52	0.0000000000e+00	NA
2.6598000000e-51	0.0000000000e+00	NA
3.2525000000e-50	0.0000000000e+00	NA
9.2900000000e-48	0.0000000000e+00	NA
1.8670000000e-46	0.0000000000e+00	NA
3.5571000000e-45	0.0000000000e+00	NA
6.4245000000e-44	5.8855000000e-44	3.8055969414e-02
1.1000000000e-42	1.0832000000e-42	6.6840338172e-03
1.7855000000e-41	1.7840000000e-41	3.6500448870e-04
2.7474000000e-40	2.7472000000e-40	3.1616094500e-05
4.0077000000e-39	4.0077000000e-39	0.0000000000e+00
5.5422000000e-38	5.5422000000e-38	0.0000000000e+00
7.2658000000e-37	7.2658000000e-37	0.0000000000e+00
9.0302000000e-36	9.0302000000e-36	0.0000000000e+00
1.0639000000e-34	1.0639000000e-34	0.0000000000e+00
1.1884000000e-33	1.1884000000e-33	0.0000000000e+00
1.2584000000e-32	1.2584000000e-32	0.0000000000e+00
1.2632000000e-31	1.2632000000e-31	0.0000000000e+00
1.2022000000e-30	1.2022000000e-30	0.0000000000e+00
1.0846000000e-29	1.0846000000e-29	0.0000000000e+00
9.2764000000e-29	9.2764000000e-29	0.0000000000e+00
7.5217000000e-28	7.5217000000e-28	0.0000000000e+00
5.7819000000e-27	5.7819000000e-27	0.0000000000e+00
4.2135000000e-26	4.2135000000e-26	0.0000000000e+00
2.9110000000e-25	2.9110000000e-25	0.0000000000e+00
1.9066000000e-24	1.9066000000e-24	0.0000000000e+00
1.1838000000e-23	1.1838000000e-23	0.0000000000e+00
6.9686000000e-23	6.9686000000e-23	0.0000000000e+00
