CPU	GPU	log10(CPU/GPU)
3.9283000000e-11	3.9283000000e-11	0.0000000000e+00
4.6532000000e-11	4.6532000000e-11	0.0000000000e+00
5.4008000000e-11	5.4008000000e-11	0.0000000000e+00
6.1748000000e-11	6.1748000000e-11	0.0000000000e+00
6.9567000000e-11	6.9567000000e-11	0.0000000000e+00
7.7371000000e-11	7.7371000000e-11	0.0000000000e+00
8.4704000000e-11	8.4704000000e-11	0.0000000000e+00
9.1420000000e-11	9.1420000000e-11	0.0000000000e+00
9.7115000000e-11	9.7115000000e-11	0.0000000000e+00
1.0152000000e-10	1.0152000000e-10	0.0000000000e+00
1.0421000000e-10	1.0421000000e-10	0.0000000000e+00
1.0498000000e-10	1.0498000000e-10	0.0000000000e+00
1.0401000000e-10	1.0401000000e-10	0.0000000000e+00
1.0143000000e-10	1.0143000000e-10	0.0000000000e+00
9.7741000000e-11	9.7741000000e-11	0.0000000000e+00
9.3468000000e-11	9.3468000000e-11	0.0000000000e+00
8.9129000000e-11	8.9129000000e-11	0.0000000000e+00
8.5518000000e-11	8.5518000000e-11	0.0000000000e+00
8.4606000000e-11	8.4606000000e-11	0.0000000000e+00
8.6753000000e-11	8.6753000000e-11	0.0000000000e+00
8.9580000000e-11	8.9580000000e-11	0.0000000000e+00
9.2798000000e-11	9.2798000000e-11	0.0000000000e+00
9.6053000000e-11	9.6053000000e-11	0.0000000000e+00
9.8777000000e-11	9.8777000000e-11	0.0000000000e+00
1.0088000000e-10	1.0088000000e-10	0.0000000000e+00
1.0169000000e-10	1.0169000000e-10	0.0000000000e+00
1.0123000000e-10	1.0123000000e-10	0.0000000000e+00
9.9280000000e-11	9.9280000000e-11	0.0000000000e+00
9.5809000000e-11	9.5808000000e-11	4.5329431304e-06
9.0547000000e-11	9.0547000000e-11	0.0000000000e+00
8.6392000000e-11	8.6392000000e-11	0.0000000000e+00
8.2158000000e-11	8.2158000000e-11	0.0000000000e+00
7.6487000000e-11	7.6487000000e-11	0.0000000000e+00
6.9421000000e-11	6.9421000000e-11	0.0000000000e+00
6.1312000000e-11	6.1312000000e-11	0.0000000000e+00
5.2482000000e-11	5.2482000000e-11	0.0000000000e+00
4.3408000000e-11	4.3408000000e-11	0.0000000000e+00
3.6638000000e-11	3.6638000000e-11	0.0000000000e+00
2.9810000000e-11	2.9810000000e-11	0.0000000000e+00
2.3195000000e-11	2.3195000000e-11	0.0000000000e+00
1.7293000000e-11	1.7293000000e-11	0.0000000000e+00
1.2348000000e-11	1.2348000000e-11	0.0000000000e+00
9.3944000000e-12	9.3944000000e-12	0.0000000000e+00
7.1731000000e-12	7.1731000000e-12	0.0000000000e+00
5.6497000000e-12	5.6497000000e-12	0.0000000000e+00
4.7662000000e-12	4.7662000000e-12	0.0000000000e+00
4.4875000000e-12	4.4875000000e-12	0.0000000000e+00
4.8355000000e-12	4.8355000000e-12	0.0000000000e+00
6.0202000000e-12	6.0202000000e-12	0.0000000000e+00
8.5049000000e-12	8.5049000000e-12	0.0000000000e+00
1.3186000000e-11	1.3186000000e-11	0.0000000000e+00
2.1582000000e-11	2.1582000000e-11	0.0000000000e+00
3.6700000000e-11	3.6700000000e-11	0.0000000000e+00
6.6966000000e-11	6.6966000000e-11	0.0000000000e+00
1.1794000000e-10	1.1794000000e-10	0.0000000000e+00
1.9758000000e-10	1.9758000000e-10	0.0000000000e+00
3.3756000000e-10	3.3756000000e-10	0.0000000000e+00
5.4803000000e-10	5.4803000000e-10	0.0000000000e+00
8.3199000000e-10	8.3199000000e-10	0.0000000000e+00
1.2750000000e-09	1.2750000000e-09	0.0000000000e+00
1.8670000000e-09	1.8670000000e-09	0.0000000000e+00
2.5560000000e-09	2.5560000000e-09	0.0000000000e+00
3.3214000000e-09	3.3214000000e-09	0.0000000000e+00
4.4320000000e-09	4.4320000000e-09	0.0000000000e+00
5.5557000000e-09	5.5557000000e-09	0.0000000000e+00
6.6256000000e-09	6.6256000000e-09	0.0000000000e+00
7.5800000000e-09	7.5800000000e-09	0.0000000000e+00
8.3891000000e-09	8.3891000000e-09	0.0000000000e+00
9.0241000000e-09	9.0241000000e-09	0.0000000000e+00
9.4896000000e-09	9.4896000000e-09	0.0000000000e+00
9.7850000000e-09	9.7850000000e-09	0.0000000000e+00
9.9386000000e-09	9.9386000000e-09	0.0000000000e+00
9.9662000000e-09	9.9662000000e-09	0.0000000000e+00
9.9174000000e-09	9.9174000000e-09	0.0000000000e+00
9.8328000000e-09	9.8328000000e-09	0.0000000000e+00
9.7819000000e-09	9.7819000000e-09	0.0000000000e+00
9.7646000000e-09	9.7646000000e-09	0.0000000000e+00
9.8198000000e-09	9.8198000000e-09	0.0000000000e+00
9.9091000000e-09	9.9090000000e-09	4.3828064437e-06
1.0013000000e-08	1.0013000000e-08	0.0000000000e+00
1.0113000000e-08	1.0113000000e-08	0.0000000000e+00
1.0170000000e-08	1.0170000000e-08	0.0000000000e+00
1.0174000000e-08	1.0174000000e-08	0.0000000000e+00
1.0145000000e-08	1.0145000000e-08	0.0000000000e+00
1.0066000000e-08	1.0066000000e-08	0.0000000000e+00
9.9562000000e-09	9.9562000000e-09	0.0000000000e+00
9.7715000000e-09	9.7715000000e-09	0.0000000000e+00
9.5801000000e-09	9.5801000000e-09	0.0000000000e+00
9.3830000000e-09	9.3830000000e-09	0.0000000000e+00
9.1811000000e-09	9.1811000000e-09	0.0000000000e+00
8.9752000000e-09	8.9752000000e-09	0.0000000000e+00
8.7662000000e-09	8.7662000000e-09	0.0000000000e+00
8.5549000000e-09	8.5549000000e-09	0.0000000000e+00
8.3420000000e-09	8.3420000000e-09	0.0000000000e+00
8.1284000000e-09	8.1284000000e-09	0.0000000000e+00
7.9147000000e-09	7.9147000000e-09	0.0000000000e+00
7.7015000000e-09	7.7015000000e-09	0.0000000000e+00
7.4894000000e-09	7.4894000000e-09	0.0000000000e+00
7.2791000000e-09	7.2791000000e-09	0.0000000000e+00
7.0711000000e-09	7.0711000000e-09	0.0000000000e+00
6.8658000000e-09	6.8658000000e-09	0.0000000000e+00
4.7028000000e-11	4.7028000000e-11	0.0000000000e+00
5.5628000000e-11	5.5628000000e-11	0.0000000000e+00
6.4399000000e-11	6.4399000000e-11	0.0000000000e+00
7.3460000000e-11	7.3460000000e-11	0.0000000000e+00
8.2472000000e-11	8.2472000000e-11	0.0000000000e+00
9.1288000000e-11	9.1288000000e-11	0.0000000000e+00
9.9637000000e-11	9.9637000000e-11	0.0000000000e+00
1.0691000000e-10	1.0691000000e-10	0.0000000000e+00
1.1292000000e-10	1.1292000000e-10	0.0000000000e+00
1.1684000000e-10	1.1684000000e-10	0.0000000000e+00
1.1870000000e-10	1.1870000000e-10	0.0000000000e+00
1.1812000000e-10	1.1812000000e-10	0.0000000000e+00
1.1519000000e-10	1.1519000000e-10	0.0000000000e+00
1.1008000000e-10	1.1008000000e-10	0.0000000000e+00
1.0347000000e-10	1.0347000000e-10	0.0000000000e+00
9.6026000000e-11	9.6026000000e-11	0.0000000000e+00
8.9178000000e-11	8.9178000000e-11	0.0000000000e+00
8.6897000000e-11	8.6897000000e-11	0.0000000000e+00
8.7458000000e-11	8.7458000000e-11	0.0000000000e+00
8.9314000000e-11	8.9314000000e-11	0.0000000000e+00
9.2370000000e-11	9.2370000000e-11	0.0000000000e+00
9.6126000000e-11	9.6126000000e-11	0.0000000000e+00
1.0011000000e-10	1.0011000000e-10	0.0000000000e+00
1.0357000000e-10	1.0357000000e-10	0.0000000000e+00
1.0627000000e-10	1.0627000000e-10	0.0000000000e+00
1.0792000000e-10	1.0792000000e-10	0.0000000000e+00
1.0840000000e-10	1.0840000000e-10	0.0000000000e+00
1.0778000000e-10	1.0778000000e-10	0.0000000000e+00
1.0585000000e-10	1.0585000000e-10	0.0000000000e+00
1.0360000000e-10	1.0360000000e-10	0.0000000000e+00
1.0268000000e-10	1.0268000000e-10	0.0000000000e+00
9.9989000000e-11	9.9989000000e-11	0.0000000000e+00
9.5626000000e-11	9.5626000000e-11	0.0000000000e+00
8.9512000000e-11	8.9512000000e-11	0.0000000000e+00
8.2180000000e-11	8.2180000000e-11	0.0000000000e+00
7.3583000000e-11	7.3583000000e-11	0.0000000000e+00
6.4038000000e-11	6.4038000000e-11	0.0000000000e+00
5.5662000000e-11	5.5662000000e-11	0.0000000000e+00
4.7589000000e-11	4.7589000000e-11	0.0000000000e+00
3.8876000000e-11	3.8876000000e-11	0.0000000000e+00
3.0259000000e-11	3.0259000000e-11	0.0000000000e+00
2.2369000000e-11	2.2369000000e-11	0.0000000000e+00
1.6405000000e-11	1.6405000000e-11	0.0000000000e+00
1.2518000000e-11	1.2518000000e-11	0.0000000000e+00
9.7042000000e-12	9.7042000000e-12	0.0000000000e+00
7.9635000000e-12	7.9635000000e-12	0.0000000000e+00
7.2559000000e-12	7.2559000000e-12	0.0000000000e+00
7.5991000000e-12	7.5992000000e-12	-5.7150402599e-06
9.2783000000e-12	9.2783000000e-12	0.0000000000e+00
1.2922000000e-11	1.2922000000e-11	0.0000000000e+00
1.9731000000e-11	1.9731000000e-11	0.0000000000e+00
3.1687000000e-11	3.1687000000e-11	0.0000000000e+00
5.2956000000e-11	5.2956000000e-11	0.0000000000e+00
9.3758000000e-11	9.3758000000e-11	0.0000000000e+00
1.6037000000e-10	1.6037000000e-10	0.0000000000e+00
2.6288000000e-10	2.6288000000e-10	0.0000000000e+00
4.3992000000e-10	4.3992000000e-10	0.0000000000e+00
7.0590000000e-10	7.0590000000e-10	0.0000000000e+00
1.0643000000e-09	1.0643000000e-09	0.0000000000e+00
1.6186000000e-09	1.6186000000e-09	0.0000000000e+00
2.3607000000e-09	2.3607000000e-09	0.0000000000e+00
3.2201000000e-09	3.2201000000e-09	0.0000000000e+00
4.1679000000e-09	4.1679000000e-09	0.0000000000e+00
5.5285000000e-09	5.5285000000e-09	0.0000000000e+00
6.8964000000e-09	6.8964000000e-09	0.0000000000e+00
8.1638000000e-09	8.1638000000e-09	0.0000000000e+00
9.2796000000e-09	9.2796000000e-09	0.0000000000e+00
1.0222000000e-08	1.0222000000e-08	0.0000000000e+00
1.0960000000e-08	1.0960000000e-08	0.0000000000e+00
1.1504000000e-08	1.1504000000e-08	0.0000000000e+00
1.1831000000e-08	1.1831000000e-08	0.0000000000e+00
1.1965000000e-08	1.1965000000e-08	0.0000000000e+00
1.1925000000e-08	1.1925000000e-08	0.0000000000e+00
1.1772000000e-08	1.1772000000e-08	0.0000000000e+00
1.1601000000e-08	1.1601000000e-08	0.0000000000e+00
1.1470000000e-08	1.1470000000e-08	0.0000000000e+00
1.1459000000e-08	1.1459000000e-08	0.0000000000e+00
1.1566000000e-08	1.1566000000e-08	0.0000000000e+00
1.1746000000e-08	1.1746000000e-08	0.0000000000e+00
1.1956000000e-08	1.1956000000e-08	0.0000000000e+00
1.2151000000e-08	1.2151000000e-08	0.0000000000e+00
1.2271000000e-08	1.2271000000e-08	0.0000000000e+00
1.2305000000e-08	1.2305000000e-08	0.0000000000e+00
1.2265000000e-08	1.2265000000e-08	0.0000000000e+00
1.2165000000e-08	1.2165000000e-08	0.0000000000e+00
1.1940000000e-08	1.1940000000e-08	0.0000000000e+00
1.1706000000e-08	1.1706000000e-08	0.0000000000e+00
1.1465000000e-08	1.1465000000e-08	0.0000000000e+00
1.1218000000e-08	1.1218000000e-08	0.0000000000e+00
1.0965000000e-08	1.0965000000e-08	0.0000000000e+00
1.0709000000e-08	1.0709000000e-08	0.0000000000e+00
1.0449000000e-08	1.0449000000e-08	0.0000000000e+00
1.0188000000e-08	1.0188000000e-08	0.0000000000e+00
9.9249000000e-09	9.9249000000e-09	0.0000000000e+00
9.6619000000e-09	9.6619000000e-09	0.0000000000e+00
9.3994000000e-09	9.3994000000e-09	0.0000000000e+00
9.1381000000e-09	9.1381000000e-09	0.0000000000e+00
8.8788000000e-09	8.8788000000e-09	0.0000000000e+00
8.6222000000e-09	8.6222000000e-09	0.0000000000e+00
8.3688000000e-09	8.3688000000e-09	0.0000000000e+00
8.1191000000e-09	8.1191000000e-09	0.0000000000e+00
5.5786000000e-11	5.5786000000e-11	0.0000000000e+00
6.5808000000e-11	6.5808000000e-11	0.0000000000e+00
7.5891000000e-11	7.5891000000e-11	0.0000000000e+00
8.6132000000e-11	8.6132000000e-11	0.0000000000e+00
9.6240000000e-11	9.6240000000e-11	0.0000000000e+00
1.0589000000e-10	1.0589000000e-10	0.0000000000e+00
1.1473000000e-10	1.1473000000e-10	0.0000000000e+00
1.2203000000e-10	1.2203000000e-10	0.0000000000e+00
1.2720000000e-10	1.2720000000e-10	0.0000000000e+00
1.3005000000e-10	1.3005000000e-10	0.0000000000e+00
1.2989000000e-10	1.2989000000e-10	0.0000000000e+00
1.2657000000e-10	1.2657000000e-10	0.0000000000e+00
1.2011000000e-10	1.2011000000e-10	0.0000000000e+00
1.1093000000e-10	1.1093000000e-10	0.0000000000e+00
9.9946000000e-11	9.9946000000e-11	0.0000000000e+00
8.8463000000e-11	8.8463000000e-11	0.0000000000e+00
8.4474000000e-11	8.4474000000e-11	0.0000000000e+00
8.1358000000e-11	8.1358000000e-11	0.0000000000e+00
8.0144000000e-11	8.0144000000e-11	0.0000000000e+00
8.1163000000e-11	8.1163000000e-11	0.0000000000e+00
8.4034000000e-11	8.4035000000e-11	-5.1680498118e-06
8.8121000000e-11	8.8121000000e-11	0.0000000000e+00
9.2501000000e-11	9.2501000000e-11	0.0000000000e+00
9.6453000000e-11	9.6453000000e-11	0.0000000000e+00
9.9716000000e-11	9.9716000000e-11	0.0000000000e+00
1.0200000000e-10	1.0200000000e-10	0.0000000000e+00
1.0368000000e-10	1.0368000000e-10	0.0000000000e+00
1.0541000000e-10	1.0541000000e-10	0.0000000000e+00
1.0953000000e-10	1.0953000000e-10	0.0000000000e+00
1.1317000000e-10	1.1317000000e-10	0.0000000000e+00
1.1560000000e-10	1.1560000000e-10	0.0000000000e+00
1.1634000000e-10	1.1634000000e-10	0.0000000000e+00
1.1538000000e-10	1.1538000000e-10	0.0000000000e+00
1.1278000000e-10	1.1278000000e-10	0.0000000000e+00
1.0868000000e-10	1.0868000000e-10	0.0000000000e+00
1.0342000000e-10	1.0342000000e-10	0.0000000000e+00
9.6598000000e-11	9.6598000000e-11	0.0000000000e+00
8.7619000000e-11	8.7619000000e-11	0.0000000000e+00
7.9833000000e-11	7.9833000000e-11	0.0000000000e+00
6.9430000000e-11	6.9430000000e-11	0.0000000000e+00
5.6957000000e-11	5.6957000000e-11	0.0000000000e+00
4.3708000000e-11	4.3708000000e-11	0.0000000000e+00
3.1545000000e-11	3.1545000000e-11	0.0000000000e+00
2.3129000000e-11	2.3129000000e-11	0.0000000000e+00
1.7441000000e-11	1.7441000000e-11	0.0000000000e+00
1.3711000000e-11	1.3711000000e-11	0.0000000000e+00
1.1855000000e-11	1.1855000000e-11	0.0000000000e+00
1.1904000000e-11	1.1904000000e-11	0.0000000000e+00
1.4174000000e-11	1.4174000000e-11	0.0000000000e+00
1.9519000000e-11	1.9519000000e-11	0.0000000000e+00
2.9489000000e-11	2.9489000000e-11	0.0000000000e+00
4.6572000000e-11	4.6572000000e-11	0.0000000000e+00
7.6238000000e-11	7.6238000000e-11	0.0000000000e+00
1.3046000000e-10	1.3046000000e-10	0.0000000000e+00
2.1548000000e-10	2.1548000000e-10	0.0000000000e+00
3.4363000000e-10	3.4363000000e-10	0.0000000000e+00
5.5964000000e-10	5.5964000000e-10	0.0000000000e+00
8.9078000000e-10	8.9078000000e-10	0.0000000000e+00
1.3418000000e-09	1.3418000000e-09	0.0000000000e+00
2.0218000000e-09	2.0218000000e-09	0.0000000000e+00
2.9554000000e-09	2.9554000000e-09	0.0000000000e+00
4.0288000000e-09	4.0288000000e-09	0.0000000000e+00
5.1778000000e-09	5.1778000000e-09	0.0000000000e+00
6.8329000000e-09	6.8329000000e-09	0.0000000000e+00
8.4576000000e-09	8.4576000000e-09	0.0000000000e+00
9.9340000000e-09	9.9340000000e-09	0.0000000000e+00
1.1201000000e-08	1.1201000000e-08	0.0000000000e+00
1.2260000000e-08	1.2260000000e-08	0.0000000000e+00
1.3108000000e-08	1.3108000000e-08	0.0000000000e+00
1.3735000000e-08	1.3735000000e-08	0.0000000000e+00
1.4104000000e-08	1.4104000000e-08	0.0000000000e+00
1.4188000000e-08	1.4188000000e-08	0.0000000000e+00
1.4013000000e-08	1.4013000000e-08	0.0000000000e+00
1.3669000000e-08	1.3669000000e-08	0.0000000000e+00
1.3309000000e-08	1.3309000000e-08	0.0000000000e+00
1.3065000000e-08	1.3065000000e-08	0.0000000000e+00
1.3049000000e-08	1.3049000000e-08	0.0000000000e+00
1.3258000000e-08	1.3258000000e-08	0.0000000000e+00
1.3619000000e-08	1.3619000000e-08	0.0000000000e+00
1.4044000000e-08	1.4044000000e-08	0.0000000000e+00
1.4413000000e-08	1.4413000000e-08	0.0000000000e+00
1.4656000000e-08	1.4656000000e-08	0.0000000000e+00
1.4757000000e-08	1.4757000000e-08	0.0000000000e+00
1.4730000000e-08	1.4730000000e-08	0.0000000000e+00
1.4604000000e-08	1.4604000000e-08	0.0000000000e+00
1.4318000000e-08	1.4318000000e-08	0.0000000000e+00
1.4022000000e-08	1.4022000000e-08	0.0000000000e+00
1.3719000000e-08	1.3719000000e-08	0.0000000000e+00
1.3409000000e-08	1.3409000000e-08	0.0000000000e+00
1.3093000000e-08	1.3093000000e-08	0.0000000000e+00
1.2774000000e-08	1.2774000000e-08	0.0000000000e+00
1.2452000000e-08	1.2452000000e-08	0.0000000000e+00
1.2129000000e-08	1.2129000000e-08	0.0000000000e+00
1.1805000000e-08	1.1805000000e-08	0.0000000000e+00
1.1481000000e-08	1.1481000000e-08	0.0000000000e+00
1.1159000000e-08	1.1159000000e-08	0.0000000000e+00
1.0839000000e-08	1.0839000000e-08	0.0000000000e+00
1.0522000000e-08	1.0522000000e-08	0.0000000000e+00
1.0210000000e-08	1.0210000000e-08	0.0000000000e+00
9.9012000000e-09	9.9012000000e-09	0.0000000000e+00
9.5981000000e-09	9.5981000000e-09	0.0000000000e+00
6.5592000000e-11	6.5592000000e-11	0.0000000000e+00
7.7182000000e-11	7.7182000000e-11	0.0000000000e+00
8.8686000000e-11	8.8686000000e-11	0.0000000000e+00
1.0017000000e-10	1.0017000000e-10	0.0000000000e+00
1.1125000000e-10	1.1125000000e-10	0.0000000000e+00
1.2151000000e-10	1.2151000000e-10	0.0000000000e+00
1.3013000000e-10	1.3013000000e-10	0.0000000000e+00
1.3681000000e-10	1.3681000000e-10	0.0000000000e+00
1.4093000000e-10	1.4093000000e-10	0.0000000000e+00
1.4169000000e-10	1.4169000000e-10	0.0000000000e+00
1.3861000000e-10	1.3861000000e-10	0.0000000000e+00
1.3170000000e-10	1.3170000000e-10	0.0000000000e+00
1.2079000000e-10	1.2079000000e-10	0.0000000000e+00
1.0672000000e-10	1.0672000000e-10	0.0000000000e+00
9.1563000000e-11	9.1563000000e-11	0.0000000000e+00
8.3419000000e-11	8.3419000000e-11	0.0000000000e+00
7.5355000000e-11	7.5355000000e-11	0.0000000000e+00
6.8882000000e-11	6.8882000000e-11	0.0000000000e+00
6.5391000000e-11	6.5391000000e-11	0.0000000000e+00
6.5206000000e-11	6.5206000000e-11	0.0000000000e+00
6.7907000000e-11	6.7907000000e-11	0.0000000000e+00
7.2208000000e-11	7.2208000000e-11	0.0000000000e+00
7.6770000000e-11	7.6770000000e-11	0.0000000000e+00
8.0786000000e-11	8.0786000000e-11	0.0000000000e+00
8.5339000000e-11	8.5339000000e-11	0.0000000000e+00
9.0311000000e-11	9.0311000000e-11	0.0000000000e+00
9.5596000000e-11	9.5596000000e-11	0.0000000000e+00
1.0175000000e-10	1.0175000000e-10	0.0000000000e+00
1.0907000000e-10	1.0907000000e-10	0.0000000000e+00
1.1711000000e-10	1.1711000000e-10	0.0000000000e+00
1.2475000000e-10	1.2475000000e-10	0.0000000000e+00
1.3088000000e-10	1.3088000000e-10	0.0000000000e+00
1.3553000000e-10	1.3553000000e-10	0.0000000000e+00
1.3921000000e-10	1.3921000000e-10	0.0000000000e+00
1.4240000000e-10	1.4240000000e-10	0.0000000000e+00
1.4547000000e-10	1.4547000000e-10	0.0000000000e+00
1.4771000000e-10	1.4771000000e-10	0.0000000000e+00
1.4646000000e-10	1.4646000000e-10	0.0000000000e+00
1.3920000000e-10	1.3920000000e-10	0.0000000000e+00
1.2775000000e-10	1.2775000000e-10	0.0000000000e+00
1.1048000000e-10	1.1048000000e-10	0.0000000000e+00
8.8215000000e-11	8.8215000000e-11	0.0000000000e+00
6.4715000000e-11	6.4715000000e-11	0.0000000000e+00
4.4060000000e-11	4.4060000000e-11	0.0000000000e+00
3.1687000000e-11	3.1687000000e-11	0.0000000000e+00
2.3291000000e-11	2.3291000000e-11	0.0000000000e+00
1.8740000000e-11	1.8740000000e-11	0.0000000000e+00
1.7818000000e-11	1.7818000000e-11	0.0000000000e+00
2.0786000000e-11	2.0786000000e-11	0.0000000000e+00
2.8733000000e-11	2.8733000000e-11	0.0000000000e+00
4.3617000000e-11	4.3617000000e-11	0.0000000000e+00
6.8179000000e-11	6.8179000000e-11	0.0000000000e+00
1.1019000000e-10	1.1019000000e-10	0.0000000000e+00
1.8239000000e-10	1.8239000000e-10	0.0000000000e+00
2.8898000000e-10	2.8898000000e-10	0.0000000000e+00
4.4595000000e-10	4.4595000000e-10	0.0000000000e+00
7.0853000000e-10	7.0853000000e-10	0.0000000000e+00
1.1253000000e-09	1.1253000000e-09	0.0000000000e+00
1.6990000000e-09	1.6990000000e-09	0.0000000000e+00
2.5457000000e-09	2.5457000000e-09	0.0000000000e+00
3.7262000000e-09	3.7262000000e-09	0.0000000000e+00
5.0729000000e-09	5.0729000000e-09	0.0000000000e+00
6.4804000000e-09	6.4804000000e-09	0.0000000000e+00
8.4848000000e-09	8.4848000000e-09	0.0000000000e+00
1.0408000000e-08	1.0408000000e-08	0.0000000000e+00
1.2077000000e-08	1.2077000000e-08	0.0000000000e+00
1.3440000000e-08	1.3440000000e-08	0.0000000000e+00
1.4575000000e-08	1.4575000000e-08	0.0000000000e+00
1.5523000000e-08	1.5523000000e-08	0.0000000000e+00
1.6303000000e-08	1.6303000000e-08	0.0000000000e+00
1.6764000000e-08	1.6764000000e-08	0.0000000000e+00
1.6808000000e-08	1.6808000000e-08	0.0000000000e+00
1.6403000000e-08	1.6403000000e-08	0.0000000000e+00
1.5716000000e-08	1.5716000000e-08	0.0000000000e+00
1.4997000000e-08	1.4997000000e-08	0.0000000000e+00
1.4527000000e-08	1.4527000000e-08	0.0000000000e+00
1.4492000000e-08	1.4492000000e-08	0.0000000000e+00
1.4869000000e-08	1.4869000000e-08	0.0000000000e+00
1.5496000000e-08	1.5496000000e-08	0.0000000000e+00
1.6236000000e-08	1.6236000000e-08	0.0000000000e+00
1.6937000000e-08	1.6937000000e-08	0.0000000000e+00
1.7418000000e-08	1.7418000000e-08	0.0000000000e+00
1.7623000000e-08	1.7623000000e-08	0.0000000000e+00
1.7596000000e-08	1.7596000000e-08	0.0000000000e+00
1.7454000000e-08	1.7454000000e-08	0.0000000000e+00
1.7169000000e-08	1.7169000000e-08	0.0000000000e+00
1.6796000000e-08	1.6796000000e-08	0.0000000000e+00
1.6414000000e-08	1.6414000000e-08	0.0000000000e+00
1.6026000000e-08	1.6026000000e-08	0.0000000000e+00
1.5632000000e-08	1.5632000000e-08	0.0000000000e+00
1.5235000000e-08	1.5235000000e-08	0.0000000000e+00
1.4836000000e-08	1.4836000000e-08	0.0000000000e+00
1.4436000000e-08	1.4436000000e-08	0.0000000000e+00
1.4037000000e-08	1.4037000000e-08	0.0000000000e+00
1.3639000000e-08	1.3639000000e-08	0.0000000000e+00
1.3244000000e-08	1.3244000000e-08	0.0000000000e+00
1.2853000000e-08	1.2853000000e-08	0.0000000000e+00
1.2466000000e-08	1.2466000000e-08	0.0000000000e+00
1.2085000000e-08	1.2085000000e-08	0.0000000000e+00
1.1711000000e-08	1.1711000000e-08	0.0000000000e+00
1.1343000000e-08	1.1343000000e-08	0.0000000000e+00
7.6694000000e-11	7.6694000000e-11	0.0000000000e+00
9.0036000000e-11	9.0036000000e-11	0.0000000000e+00
1.0310000000e-10	1.0310000000e-10	0.0000000000e+00
1.1574000000e-10	1.1574000000e-10	0.0000000000e+00
1.2760000000e-10	1.2760000000e-10	0.0000000000e+00
1.3797000000e-10	1.3797000000e-10	0.0000000000e+00
1.4650000000e-10	1.4650000000e-10	0.0000000000e+00
1.5202000000e-10	1.5202000000e-10	0.0000000000e+00
1.5404000000e-10	1.5404000000e-10	0.0000000000e+00
1.5199000000e-10	1.5199000000e-10	0.0000000000e+00
1.4529000000e-10	1.4529000000e-10	0.0000000000e+00
1.3419000000e-10	1.3419000000e-10	0.0000000000e+00
1.1847000000e-10	1.1847000000e-10	0.0000000000e+00
9.9298000000e-11	9.9298000000e-11	0.0000000000e+00
8.7828000000e-11	8.7828000000e-11	0.0000000000e+00
7.4654000000e-11	7.4654000000e-11	0.0000000000e+00
6.1869000000e-11	6.1869000000e-11	0.0000000000e+00
5.1672000000e-11	5.1672000000e-11	0.0000000000e+00
4.6167000000e-11	4.6167000000e-11	0.0000000000e+00
4.7014000000e-11	4.7014000000e-11	0.0000000000e+00
5.0946000000e-11	5.0946000000e-11	0.0000000000e+00
5.6521000000e-11	5.6521000000e-11	0.0000000000e+00
6.2356000000e-11	6.2356000000e-11	0.0000000000e+00
6.7539000000e-11	6.7539000000e-11	0.0000000000e+00
7.2194000000e-11	7.2194000000e-11	0.0000000000e+00
7.6558000000e-11	7.6558000000e-11	0.0000000000e+00
8.1814000000e-11	8.1814000000e-11	0.0000000000e+00
8.9432000000e-11	8.9432000000e-11	0.0000000000e+00
1.0046000000e-10	1.0046000000e-10	0.0000000000e+00
1.1457000000e-10	1.1457000000e-10	0.0000000000e+00
1.2959000000e-10	1.2959000000e-10	0.0000000000e+00
1.4331000000e-10	1.4331000000e-10	0.0000000000e+00
1.5582000000e-10	1.5582000000e-10	0.0000000000e+00
1.6872000000e-10	1.6872000000e-10	0.0000000000e+00
1.8430000000e-10	1.8430000000e-10	0.0000000000e+00
2.0397000000e-10	2.0397000000e-10	0.0000000000e+00
2.2765000000e-10	2.2765000000e-10	0.0000000000e+00
2.4964000000e-10	2.4964000000e-10	0.0000000000e+00
2.6048000000e-10	2.6048000000e-10	0.0000000000e+00
2.4963000000e-10	2.4963000000e-10	0.0000000000e+00
2.1653000000e-10	2.1653000000e-10	0.0000000000e+00
1.7888000000e-10	1.7888000000e-10	0.0000000000e+00
1.3333000000e-10	1.3333000000e-10	0.0000000000e+00
8.9271000000e-11	8.9271000000e-11	0.0000000000e+00
5.6311000000e-11	5.6311000000e-11	0.0000000000e+00
3.7685000000e-11	3.7685000000e-11	0.0000000000e+00
2.7004000000e-11	2.7003000000e-11	1.6082895993e-05
2.3465000000e-11	2.3465000000e-11	0.0000000000e+00
2.7323000000e-11	2.7323000000e-11	0.0000000000e+00
3.9924000000e-11	3.9924000000e-11	0.0000000000e+00
6.2538000000e-11	6.2538000000e-11	0.0000000000e+00
9.8024000000e-11	9.8024000000e-11	0.0000000000e+00
1.5992000000e-10	1.5992000000e-10	0.0000000000e+00
2.6127000000e-10	2.6127000000e-10	0.0000000000e+00
3.9385000000e-10	3.9385000000e-10	0.0000000000e+00
5.8174000000e-10	5.8174000000e-10	0.0000000000e+00
9.0817000000e-10	9.0817000000e-10	0.0000000000e+00
1.4630000000e-09	1.4630000000e-09	0.0000000000e+00
2.2263000000e-09	2.2263000000e-09	0.0000000000e+00
3.3367000000e-09	3.3367000000e-09	0.0000000000e+00
4.8676000000e-09	4.8676000000e-09	0.0000000000e+00
6.5510000000e-09	6.5510000000e-09	0.0000000000e+00
8.2684000000e-09	8.2684000000e-09	0.0000000000e+00
1.0750000000e-08	1.0750000000e-08	0.0000000000e+00
1.3041000000e-08	1.3041000000e-08	0.0000000000e+00
1.4830000000e-08	1.4830000000e-08	0.0000000000e+00
1.6151000000e-08	1.6151000000e-08	0.0000000000e+00
1.7232000000e-08	1.7232000000e-08	0.0000000000e+00
1.8304000000e-08	1.8304000000e-08	0.0000000000e+00
1.9359000000e-08	1.9359000000e-08	0.0000000000e+00
2.0084000000e-08	2.0084000000e-08	0.0000000000e+00
2.0163000000e-08	2.0163000000e-08	0.0000000000e+00
1.9410000000e-08	1.9410000000e-08	0.0000000000e+00
1.8091000000e-08	1.8091000000e-08	0.0000000000e+00
1.6679000000e-08	1.6679000000e-08	0.0000000000e+00
1.5741000000e-08	1.5741000000e-08	0.0000000000e+00
1.5651000000e-08	1.5651000000e-08	0.0000000000e+00
1.6275000000e-08	1.6275000000e-08	0.0000000000e+00
1.7220000000e-08	1.7220000000e-08	0.0000000000e+00
1.8409000000e-08	1.8409000000e-08	0.0000000000e+00
1.9741000000e-08	1.9741000000e-08	0.0000000000e+00
2.0678000000e-08	2.0678000000e-08	0.0000000000e+00
2.0979000000e-08	2.0979000000e-08	0.0000000000e+00
2.0953000000e-08	2.0953000000e-08	0.0000000000e+00
2.0791000000e-08	2.0791000000e-08	0.0000000000e+00
2.0589000000e-08	2.0589000000e-08	0.0000000000e+00
2.0117000000e-08	2.0117000000e-08	0.0000000000e+00
1.9637000000e-08	1.9637000000e-08	0.0000000000e+00
1.9151000000e-08	1.9151000000e-08	0.0000000000e+00
1.8660000000e-08	1.8660000000e-08	0.0000000000e+00
1.8167000000e-08	1.8167000000e-08	0.0000000000e+00
1.7673000000e-08	1.7673000000e-08	0.0000000000e+00
1.7179000000e-08	1.7179000000e-08	0.0000000000e+00
1.6687000000e-08	1.6687000000e-08	0.0000000000e+00
1.6199000000e-08	1.6199000000e-08	0.0000000000e+00
1.5715000000e-08	1.5715000000e-08	0.0000000000e+00
1.5237000000e-08	1.5237000000e-08	0.0000000000e+00
1.4765000000e-08	1.4765000000e-08	0.0000000000e+00
1.4301000000e-08	1.4301000000e-08	0.0000000000e+00
1.3846000000e-08	1.3846000000e-08	0.0000000000e+00
1.3400000000e-08	1.3400000000e-08	0.0000000000e+00
8.9458000000e-11	8.9458000000e-11	0.0000000000e+00
1.0463000000e-10	1.0463000000e-10	0.0000000000e+00
1.1924000000e-10	1.1924000000e-10	0.0000000000e+00
1.3307000000e-10	1.3307000000e-10	0.0000000000e+00
1.4545000000e-10	1.4545000000e-10	0.0000000000e+00
1.5617000000e-10	1.5617000000e-10	0.0000000000e+00
1.6370000000e-10	1.6370000000e-10	0.0000000000e+00
1.6766000000e-10	1.6766000000e-10	0.0000000000e+00
1.6707000000e-10	1.6707000000e-10	0.0000000000e+00
1.6171000000e-10	1.6171000000e-10	0.0000000000e+00
1.5092000000e-10	1.5092000000e-10	0.0000000000e+00
1.3531000000e-10	1.3531000000e-10	0.0000000000e+00
1.1489000000e-10	1.1489000000e-10	0.0000000000e+00
9.9297000000e-11	9.9297000000e-11	0.0000000000e+00
8.3048000000e-11	8.3047000000e-11	5.2294708680e-06
6.4645000000e-11	6.4645000000e-11	0.0000000000e+00
4.6877000000e-11	4.6877000000e-11	0.0000000000e+00
3.6803000000e-11	3.6803000000e-11	0.0000000000e+00
3.1613000000e-11	3.1613000000e-11	0.0000000000e+00
3.1481000000e-11	3.1481000000e-11	0.0000000000e+00
3.5494000000e-11	3.5494000000e-11	0.0000000000e+00
4.1263000000e-11	4.1263000000e-11	0.0000000000e+00
4.6311000000e-11	4.6310000000e-11	9.3778836747e-06
5.0339000000e-11	5.0339000000e-11	0.0000000000e+00
5.3645000000e-11	5.3644000000e-11	8.0957876747e-06
5.6744000000e-11	5.6744000000e-11	0.0000000000e+00
6.0764000000e-11	6.0764000000e-11	0.0000000000e+00
6.8492000000e-11	6.8492000000e-11	0.0000000000e+00
8.3372000000e-11	8.3372000000e-11	0.0000000000e+00
1.0578000000e-10	1.0578000000e-10	0.0000000000e+00
1.3065000000e-10	1.3065000000e-10	0.0000000000e+00
1.5393000000e-10	1.5393000000e-10	0.0000000000e+00
1.7545000000e-10	1.7545000000e-10	0.0000000000e+00
2.0055000000e-10	2.0055000000e-10	0.0000000000e+00
2.3419000000e-10	2.3419000000e-10	0.0000000000e+00
2.8332000000e-10	2.8332000000e-10	0.0000000000e+00
3.5289000000e-10	3.5289000000e-10	0.0000000000e+00
4.3423000000e-10	4.3423000000e-10	0.0000000000e+00
4.9606000000e-10	4.9606000000e-10	0.0000000000e+00
5.0580000000e-10	5.0580000000e-10	0.0000000000e+00
4.5548000000e-10	4.5548000000e-10	0.0000000000e+00
3.6123000000e-10	3.6123000000e-10	0.0000000000e+00
2.7043000000e-10	2.7043000000e-10	0.0000000000e+00
1.7658000000e-10	1.7658000000e-10	0.0000000000e+00
9.5625000000e-11	9.5625000000e-11	0.0000000000e+00
5.5746000000e-11	5.5746000000e-11	0.0000000000e+00
3.2839000000e-11	3.2839000000e-11	0.0000000000e+00
2.3622000000e-11	2.3622000000e-11	0.0000000000e+00
2.8723000000e-11	2.8723000000e-11	0.0000000000e+00
5.0738000000e-11	5.0738000000e-11	0.0000000000e+00
8.6400000000e-11	8.6400000000e-11	0.0000000000e+00
1.3319000000e-10	1.3319000000e-10	0.0000000000e+00
2.3346000000e-10	2.3346000000e-10	0.0000000000e+00
4.0382000000e-10	4.0382000000e-10	0.0000000000e+00
5.5368000000e-10	5.5368000000e-10	0.0000000000e+00
7.6213000000e-10	7.6213000000e-10	0.0000000000e+00
1.2045000000e-09	1.2045000000e-09	0.0000000000e+00
2.0489000000e-09	2.0489000000e-09	0.0000000000e+00
3.1353000000e-09	3.1353000000e-09	0.0000000000e+00
4.6873000000e-09	4.6873000000e-09	0.0000000000e+00
6.8042000000e-09	6.8042000000e-09	0.0000000000e+00
8.8679000000e-09	8.8679000000e-09	0.0000000000e+00
1.0969000000e-08	1.0969000000e-08	0.0000000000e+00
1.4156000000e-08	1.4156000000e-08	0.0000000000e+00
1.6987000000e-08	1.6987000000e-08	0.0000000000e+00
1.8701000000e-08	1.8701000000e-08	0.0000000000e+00
1.9586000000e-08	1.9586000000e-08	0.0000000000e+00
2.0270000000e-08	2.0270000000e-08	0.0000000000e+00
2.1429000000e-08	2.1429000000e-08	0.0000000000e+00
2.3091000000e-08	2.3091000000e-08	0.0000000000e+00
2.4550000000e-08	2.4550000000e-08	0.0000000000e+00
2.4928000000e-08	2.4928000000e-08	0.0000000000e+00
2.3659000000e-08	2.3659000000e-08	0.0000000000e+00
2.1158000000e-08	2.1158000000e-08	0.0000000000e+00
1.8449000000e-08	1.8449000000e-08	0.0000000000e+00
1.6474000000e-08	1.6474000000e-08	0.0000000000e+00
1.6393000000e-08	1.6393000000e-08	0.0000000000e+00
1.7563000000e-08	1.7563000000e-08	0.0000000000e+00
1.8581000000e-08	1.8581000000e-08	0.0000000000e+00
2.0236000000e-08	2.0236000000e-08	0.0000000000e+00
2.2935000000e-08	2.2935000000e-08	0.0000000000e+00
2.4657000000e-08	2.4657000000e-08	0.0000000000e+00
2.4991000000e-08	2.4991000000e-08	0.0000000000e+00
2.4853000000e-08	2.4853000000e-08	0.0000000000e+00
2.4645000000e-08	2.4645000000e-08	0.0000000000e+00
2.4456000000e-08	2.4456000000e-08	0.0000000000e+00
2.4096000000e-08	2.4096000000e-08	0.0000000000e+00
2.3493000000e-08	2.3493000000e-08	0.0000000000e+00
2.2884000000e-08	2.2884000000e-08	0.0000000000e+00
2.2273000000e-08	2.2273000000e-08	0.0000000000e+00
2.1660000000e-08	2.1660000000e-08	0.0000000000e+00
2.1048000000e-08	2.1048000000e-08	0.0000000000e+00
2.0439000000e-08	2.0439000000e-08	0.0000000000e+00
1.9834000000e-08	1.9834000000e-08	0.0000000000e+00
1.9234000000e-08	1.9234000000e-08	0.0000000000e+00
1.8642000000e-08	1.8642000000e-08	0.0000000000e+00
1.8057000000e-08	1.8057000000e-08	0.0000000000e+00
1.7483000000e-08	1.7483000000e-08	0.0000000000e+00
1.6919000000e-08	1.6919000000e-08	0.0000000000e+00
1.6367000000e-08	1.6367000000e-08	0.0000000000e+00
1.5827000000e-08	1.5827000000e-08	0.0000000000e+00
1.0394000000e-10	1.0394000000e-10	0.0000000000e+00
1.2132000000e-10	1.2132000000e-10	0.0000000000e+00
1.3743000000e-10	1.3743000000e-10	0.0000000000e+00
1.5249000000e-10	1.5249000000e-10	0.0000000000e+00
1.6551000000e-10	1.6551000000e-10	0.0000000000e+00
1.7597000000e-10	1.7597000000e-10	0.0000000000e+00
1.8237000000e-10	1.8237000000e-10	0.0000000000e+00
1.8433000000e-10	1.8433000000e-10	0.0000000000e+00
1.8061000000e-10	1.8061000000e-10	0.0000000000e+00
1.7114000000e-10	1.7114000000e-10	0.0000000000e+00
1.5580000000e-10	1.5580000000e-10	0.0000000000e+00
1.3537000000e-10	1.3537000000e-10	0.0000000000e+00
1.1558000000e-10	1.1558000000e-10	0.0000000000e+00
9.9631000000e-11	9.9631000000e-11	0.0000000000e+00
7.9611000000e-11	7.9611000000e-11	0.0000000000e+00
5.6331000000e-11	5.6331000000e-11	0.0000000000e+00
3.7794000000e-11	3.7794000000e-11	0.0000000000e+00
2.3801000000e-11	2.3801000000e-11	0.0000000000e+00
1.6109000000e-11	1.6109000000e-11	0.0000000000e+00
1.5893000000e-11	1.5893000000e-11	0.0000000000e+00
2.0139000000e-11	2.0139000000e-11	0.0000000000e+00
2.5722000000e-11	2.5722000000e-11	0.0000000000e+00
2.9322000000e-11	2.9322000000e-11	0.0000000000e+00
3.2068000000e-11	3.2068000000e-11	0.0000000000e+00
3.4725000000e-11	3.4725000000e-11	0.0000000000e+00
3.6863000000e-11	3.6863000000e-11	0.0000000000e+00
3.9202000000e-11	3.9202000000e-11	0.0000000000e+00
4.4727000000e-11	4.4727000000e-11	0.0000000000e+00
6.1920000000e-11	6.1920000000e-11	0.0000000000e+00
9.2011000000e-11	9.2011000000e-11	0.0000000000e+00
1.3052000000e-10	1.3052000000e-10	0.0000000000e+00
1.6463000000e-10	1.6463000000e-10	0.0000000000e+00
1.9258000000e-10	1.9258000000e-10	0.0000000000e+00
2.3272000000e-10	2.3272000000e-10	0.0000000000e+00
2.8965000000e-10	2.8965000000e-10	0.0000000000e+00
3.8640000000e-10	3.8640000000e-10	0.0000000000e+00
5.4658000000e-10	5.4658000000e-10	0.0000000000e+00
7.6905000000e-10	7.6905000000e-10	0.0000000000e+00
9.5563000000e-10	9.5563000000e-10	0.0000000000e+00
1.0048000000e-09	1.0048000000e-09	0.0000000000e+00
9.2490000000e-10	9.2490000000e-10	0.0000000000e+00
7.4072000000e-10	7.4072000000e-10	0.0000000000e+00
5.3053000000e-10	5.3053000000e-10	0.0000000000e+00
3.3208000000e-10	3.3208000000e-10	0.0000000000e+00
1.5195000000e-10	1.5195000000e-10	0.0000000000e+00
7.7108000000e-11	7.7108000000e-11	0.0000000000e+00
3.5610000000e-11	3.5610000000e-11	0.0000000000e+00
1.7352000000e-11	1.7352000000e-11	0.0000000000e+00
2.2779000000e-11	2.2779000000e-11	0.0000000000e+00
6.5276000000e-11	6.5276000000e-11	0.0000000000e+00
1.3268000000e-10	1.3268000000e-10	0.0000000000e+00
1.6164000000e-10	1.6164000000e-10	0.0000000000e+00
3.5767000000e-10	3.5767000000e-10	0.0000000000e+00
7.8630000000e-10	7.8630000000e-10	0.0000000000e+00
7.9566000000e-10	7.9566000000e-10	0.0000000000e+00
9.6611000000e-10	9.6611000000e-10	0.0000000000e+00
1.6919000000e-09	1.6919000000e-09	0.0000000000e+00
3.1343000000e-09	3.1343000000e-09	0.0000000000e+00
4.8183000000e-09	4.8183000000e-09	0.0000000000e+00
6.7309000000e-09	6.7309000000e-09	0.0000000000e+00
1.0563000000e-08	1.0563000000e-08	0.0000000000e+00
1.2862000000e-08	1.2862000000e-08	0.0000000000e+00
1.5136000000e-08	1.5137000000e-08	-2.8691869459e-05
2.0098000000e-08	2.0098000000e-08	0.0000000000e+00
2.3912000000e-08	2.3912000000e-08	0.0000000000e+00
2.4626000000e-08	2.4626000000e-08	0.0000000000e+00
2.4504000000e-08	2.4504000000e-08	0.0000000000e+00
2.3966000000e-08	2.3966000000e-08	0.0000000000e+00
2.4498000000e-08	2.4498000000e-08	0.0000000000e+00
2.7483000000e-08	2.7483000000e-08	0.0000000000e+00
3.0793000000e-08	3.0793000000e-08	0.0000000000e+00
3.2255000000e-08	3.2255000000e-08	0.0000000000e+00
3.0356000000e-08	3.0356000000e-08	0.0000000000e+00
2.4513000000e-08	2.4513000000e-08	0.0000000000e+00
2.0523000000e-08	2.0523000000e-08	0.0000000000e+00
1.7000000000e-08	1.7000000000e-08	0.0000000000e+00
1.7945000000e-08	1.7945000000e-08	0.0000000000e+00
2.0216000000e-08	2.0216000000e-08	0.0000000000e+00
1.9817000000e-08	1.9817000000e-08	0.0000000000e+00
2.1708000000e-08	2.1708000000e-08	0.0000000000e+00
2.7849000000e-08	2.7849000000e-08	0.0000000000e+00
2.9970000000e-08	2.9970000000e-08	0.0000000000e+00
2.9686000000e-08	2.9686000000e-08	0.0000000000e+00
2.9295000000e-08	2.9295000000e-08	0.0000000000e+00
2.9106000000e-08	2.9106000000e-08	0.0000000000e+00
2.8862000000e-08	2.8862000000e-08	0.0000000000e+00
2.8862000000e-08	2.8862000000e-08	0.0000000000e+00
2.8105000000e-08	2.8105000000e-08	0.0000000000e+00
2.7344000000e-08	2.7344000000e-08	0.0000000000e+00
2.6582000000e-08	2.6582000000e-08	0.0000000000e+00
2.5822000000e-08	2.5822000000e-08	0.0000000000e+00
2.5064000000e-08	2.5064000000e-08	0.0000000000e+00
2.4313000000e-08	2.4313000000e-08	0.0000000000e+00
2.3568000000e-08	2.3568000000e-08	0.0000000000e+00
2.2833000000e-08	2.2833000000e-08	0.0000000000e+00
2.2108000000e-08	2.2108000000e-08	0.0000000000e+00
2.1395000000e-08	2.1395000000e-08	0.0000000000e+00
2.0696000000e-08	2.0696000000e-08	0.0000000000e+00
2.0011000000e-08	2.0011000000e-08	0.0000000000e+00
1.9341000000e-08	1.9341000000e-08	0.0000000000e+00
1.8688000000e-08	1.8688000000e-08	0.0000000000e+00
1.2049000000e-10	1.2049000000e-10	0.0000000000e+00
1.4016000000e-10	1.4016000000e-10	0.0000000000e+00
1.5829000000e-10	1.5829000000e-10	0.0000000000e+00
1.7440000000e-10	1.7440000000e-10	0.0000000000e+00
1.8801000000e-10	1.8801000000e-10	0.0000000000e+00
1.9796000000e-10	1.9796000000e-10	0.0000000000e+00
2.0315000000e-10	2.0315000000e-10	0.0000000000e+00
2.0203000000e-10	2.0203000000e-10	0.0000000000e+00
1.9459000000e-10	1.9459000000e-10	0.0000000000e+00
1.8041000000e-10	1.8041000000e-10	0.0000000000e+00
1.6005000000e-10	1.6005000000e-10	0.0000000000e+00
1.3479000000e-10	1.3479000000e-10	0.0000000000e+00
1.1936000000e-10	1.1936000000e-10	0.0000000000e+00
1.0078000000e-10	1.0078000000e-10	0.0000000000e+00
7.9272000000e-11	7.9272000000e-11	0.0000000000e+00
5.3849000000e-11	5.3849000000e-11	0.0000000000e+00
3.1285000000e-11	3.1285000000e-11	0.0000000000e+00
1.2798000000e-11	1.2798000000e-11	0.0000000000e+00
5.6036000000e-12	5.6036000000e-12	0.0000000000e+00
5.2460000000e-12	5.2460000000e-12	0.0000000000e+00
9.7855000000e-12	9.7855000000e-12	0.0000000000e+00
1.6437000000e-11	1.6437000000e-11	0.0000000000e+00
1.7337000000e-11	1.7337000000e-11	0.0000000000e+00
1.8785000000e-11	1.8785000000e-11	0.0000000000e+00
2.1087000000e-11	2.1087000000e-11	0.0000000000e+00
1.9492000000e-11	1.9492000000e-11	0.0000000000e+00
1.9079000000e-11	1.9079000000e-11	0.0000000000e+00
1.7664000000e-11	1.7664000000e-11	0.0000000000e+00
3.5476000000e-11	3.5476000000e-11	0.0000000000e+00
8.2717000000e-11	8.2717000000e-11	0.0000000000e+00
1.3568000000e-10	1.3568000000e-10	0.0000000000e+00
1.8422000000e-10	1.8422000000e-10	0.0000000000e+00
1.9475000000e-10	1.9475000000e-10	0.0000000000e+00
2.6743000000e-10	2.6743000000e-10	0.0000000000e+00
3.3054000000e-10	3.3054000000e-10	0.0000000000e+00
5.2506000000e-10	5.2506000000e-10	0.0000000000e+00
8.2565000000e-10	8.2565000000e-10	0.0000000000e+00
1.3586000000e-09	1.3586000000e-09	0.0000000000e+00
1.8625000000e-09	1.8625000000e-09	0.0000000000e+00
1.8684000000e-09	1.8684000000e-09	0.0000000000e+00
1.7719000000e-09	1.7719000000e-09	0.0000000000e+00
1.2909000000e-09	1.2909000000e-09	0.0000000000e+00
9.7138000000e-10	9.7138000000e-10	0.0000000000e+00
4.9519000000e-10	4.9519000000e-10	0.0000000000e+00
2.2440000000e-10	2.2440000000e-10	0.0000000000e+00
1.2657000000e-10	1.2657000000e-10	0.0000000000e+00
8.0869000000e-11	8.0869000000e-11	0.0000000000e+00
1.2981000000e-11	1.2981000000e-11	0.0000000000e+00
1.7589000000e-11	1.7589000000e-11	0.0000000000e+00
1.1579000000e-10	1.1579000000e-10	0.0000000000e+00
4.7534000000e-10	4.7534000000e-10	0.0000000000e+00
1.6436000000e-10	1.6436000000e-10	0.0000000000e+00
7.1612000000e-10	7.1612000000e-10	0.0000000000e+00
2.9873000000e-09	2.9873000000e-09	0.0000000000e+00
9.6542000000e-10	9.6542000000e-10	0.0000000000e+00
1.0825000000e-09	1.0825000000e-09	0.0000000000e+00
2.6457000000e-09	2.6457000000e-09	0.0000000000e+00
4.5859000000e-09	4.5859000000e-09	0.0000000000e+00
7.1318000000e-09	7.1318000000e-09	0.0000000000e+00
6.5696000000e-09	6.5696000000e-09	0.0000000000e+00
2.2842000000e-08	2.2842000000e-08	0.0000000000e+00
2.3063000000e-08	2.3063000000e-08	0.0000000000e+00
2.1699000000e-08	2.1699000000e-08	0.0000000000e+00
3.3561000000e-08	3.3561000000e-08	0.0000000000e+00
3.7303000000e-08	3.7303000000e-08	0.0000000000e+00
3.5163000000e-08	3.5163000000e-08	0.0000000000e+00
3.3907000000e-08	3.3907000000e-08	0.0000000000e+00
3.2247000000e-08	3.2247000000e-08	0.0000000000e+00
2.4452000000e-08	2.4452000000e-08	0.0000000000e+00
3.2062000000e-08	3.2062000000e-08	0.0000000000e+00
4.0877000000e-08	4.0877000000e-08	0.0000000000e+00
4.2261000000e-08	4.2261000000e-08	0.0000000000e+00
4.2233000000e-08	4.2233000000e-08	0.0000000000e+00
2.9853000000e-08	2.9853000000e-08	0.0000000000e+00
3.0970000000e-08	3.0970000000e-08	0.0000000000e+00
1.7665000000e-08	1.7665000000e-08	0.0000000000e+00
2.3621000000e-08	2.3621000000e-08	0.0000000000e+00
2.3338000000e-08	2.3338000000e-08	0.0000000000e+00
2.7990000000e-08	2.7990000000e-08	0.0000000000e+00
1.9259000000e-08	1.9259000000e-08	0.0000000000e+00
3.5035000000e-08	3.5035000000e-08	0.0000000000e+00
3.6184000000e-08	3.6184000000e-08	0.0000000000e+00
3.5353000000e-08	3.5353000000e-08	0.0000000000e+00
3.4416000000e-08	3.4416000000e-08	0.0000000000e+00
3.4429000000e-08	3.4429000000e-08	0.0000000000e+00
3.4230000000e-08	3.4230000000e-08	0.0000000000e+00
3.4574000000e-08	3.4574000000e-08	0.0000000000e+00
3.3624000000e-08	3.3624000000e-08	0.0000000000e+00
3.2672000000e-08	3.2672000000e-08	0.0000000000e+00
3.1724000000e-08	3.1724000000e-08	0.0000000000e+00
3.0780000000e-08	3.0780000000e-08	0.0000000000e+00
2.9843000000e-08	2.9843000000e-08	0.0000000000e+00
2.8916000000e-08	2.8916000000e-08	0.0000000000e+00
2.8001000000e-08	2.8001000000e-08	0.0000000000e+00
2.7100000000e-08	2.7100000000e-08	0.0000000000e+00
2.6214000000e-08	2.6214000000e-08	0.0000000000e+00
2.5344000000e-08	2.5344000000e-08	0.0000000000e+00
2.4493000000e-08	2.4493000000e-08	0.0000000000e+00
2.3662000000e-08	2.3662000000e-08	0.0000000000e+00
2.2851000000e-08	2.2851000000e-08	0.0000000000e+00
2.2062000000e-08	2.2062000000e-08	0.0000000000e+00
1.3935000000e-10	1.3935000000e-10	0.0000000000e+00
1.6181000000e-10	1.6181000000e-10	0.0000000000e+00
1.8195000000e-10	1.8195000000e-10	0.0000000000e+00
1.9966000000e-10	1.9966000000e-10	0.0000000000e+00
2.1380000000e-10	2.1380000000e-10	0.0000000000e+00
2.2297000000e-10	2.2297000000e-10	0.0000000000e+00
2.2627000000e-10	2.2627000000e-10	0.0000000000e+00
2.2207000000e-10	2.2207000000e-10	0.0000000000e+00
2.0990000000e-10	2.0990000000e-10	0.0000000000e+00
1.9033000000e-10	1.9033000000e-10	0.0000000000e+00
1.6411000000e-10	1.6411000000e-10	0.0000000000e+00
1.4092000000e-10	1.4092000000e-10	0.0000000000e+00
1.2177000000e-10	1.2177000000e-10	0.0000000000e+00
9.9882000000e-11	9.9882000000e-11	0.0000000000e+00
7.9393000000e-11	7.9393000000e-11	0.0000000000e+00
6.3166000000e-11	6.3166000000e-11	0.0000000000e+00
2.7461000000e-11	2.7461000000e-11	0.0000000000e+00
8.4351000000e-12	8.4351000000e-12	0.0000000000e+00
9.0056000000e-13	9.0056000000e-13	0.0000000000e+00
5.2599000000e-13	5.2599000000e-13	0.0000000000e+00
1.5882000000e-12	1.5882000000e-12	0.0000000000e+00
7.6502000000e-12	7.6502000000e-12	0.0000000000e+00
6.3145000000e-12	6.3145000000e-12	0.0000000000e+00
1.1896000000e-11	1.1896000000e-11	0.0000000000e+00
1.4951000000e-11	1.4951000000e-11	0.0000000000e+00
4.9138000000e-12	4.9138000000e-12	0.0000000000e+00
5.7602000000e-12	5.7602000000e-12	0.0000000000e+00
1.5530000000e-12	1.5530000000e-12	0.0000000000e+00
1.2224000000e-11	1.2224000000e-11	0.0000000000e+00
7.6773000000e-11	7.6773000000e-11	0.0000000000e+00
1.3120000000e-10	1.3120000000e-10	0.0000000000e+00
1.9299000000e-10	1.9299000000e-10	0.0000000000e+00
1.3399000000e-10	1.3399000000e-10	0.0000000000e+00
3.6549000000e-10	3.6549000000e-10	0.0000000000e+00
4.3743000000e-10	4.3743000000e-10	0.0000000000e+00
9.5374000000e-10	9.5374000000e-10	0.0000000000e+00
1.3549000000e-09	1.3549000000e-09	0.0000000000e+00
1.8344000000e-09	1.8344000000e-09	0.0000000000e+00
1.6523000000e-09	1.6523000000e-09	0.0000000000e+00
2.4348000000e-09	2.4348000000e-09	0.0000000000e+00
3.7609000000e-09	3.7609000000e-09	0.0000000000e+00
2.9234000000e-09	2.9234000000e-09	0.0000000000e+00
1.3718000000e-09	1.3718000000e-09	0.0000000000e+00
6.0299000000e-11	6.0299000000e-11	0.0000000000e+00
1.0328000000e-10	1.0328000000e-10	0.0000000000e+00
1.8792000000e-10	1.8792000000e-10	0.0000000000e+00
1.3020000000e-09	1.3020000000e-09	0.0000000000e+00
1.5821000000e-10	1.5821000000e-10	0.0000000000e+00
8.3744000000e-11	8.3744000000e-11	0.0000000000e+00
8.0134000000e-10	8.0134000000e-10	0.0000000000e+00
1.3567000000e-09	1.3567000000e-09	0.0000000000e+00
1.3217000000e-09	1.3217000000e-09	0.0000000000e+00
6.2875000000e-10	6.2875000000e-10	0.0000000000e+00
2.0205000000e-09	2.0205000000e-09	0.0000000000e+00
5.7198000000e-09	5.7198000000e-09	0.0000000000e+00
4.2589000000e-09	4.2589000000e-09	0.0000000000e+00
3.4048000000e-09	3.4048000000e-09	0.0000000000e+00
6.7321000000e-09	6.7321000000e-09	0.0000000000e+00
2.8969000000e-08	2.8969000000e-08	0.0000000000e+00
1.1390000000e-08	1.1390000000e-08	0.0000000000e+00
1.9503000000e-08	1.9503000000e-08	0.0000000000e+00
4.3555000000e-08	4.3555000000e-08	0.0000000000e+00
4.6368000000e-08	4.6368000000e-08	0.0000000000e+00
4.8382000000e-08	4.8382000000e-08	0.0000000000e+00
4.9928000000e-08	4.9928000000e-08	0.0000000000e+00
5.0359000000e-08	5.0359000000e-08	0.0000000000e+00
5.1622000000e-08	5.1621000000e-08	8.4130542877e-06
5.1842000000e-08	5.1842000000e-08	0.0000000000e+00
4.6274000000e-08	4.6274000000e-08	0.0000000000e+00
3.6666000000e-08	3.6666000000e-08	0.0000000000e+00
5.1652000000e-08	5.1652000000e-08	0.0000000000e+00
3.8775000000e-08	3.8775000000e-08	0.0000000000e+00
4.9970000000e-08	4.9970000000e-08	0.0000000000e+00
4.6932000000e-08	4.6932000000e-08	0.0000000000e+00
3.5209000000e-08	3.5209000000e-08	0.0000000000e+00
3.4838000000e-08	3.4838000000e-08	0.0000000000e+00
3.3263000000e-08	3.3263000000e-08	0.0000000000e+00
3.4642000000e-08	3.4642000000e-08	0.0000000000e+00
2.7714000000e-08	2.7714000000e-08	0.0000000000e+00
2.8225000000e-08	2.8225000000e-08	0.0000000000e+00
2.9889000000e-08	2.9889000000e-08	0.0000000000e+00
4.4295000000e-08	4.4295000000e-08	0.0000000000e+00
4.2778000000e-08	4.2778000000e-08	0.0000000000e+00
4.1199000000e-08	4.1199000000e-08	0.0000000000e+00
4.0826000000e-08	4.0826000000e-08	0.0000000000e+00
4.2615000000e-08	4.2615000000e-08	0.0000000000e+00
4.1421000000e-08	4.1421000000e-08	0.0000000000e+00
4.0228000000e-08	4.0228000000e-08	0.0000000000e+00
3.9040000000e-08	3.9040000000e-08	0.0000000000e+00
3.7858000000e-08	3.7858000000e-08	0.0000000000e+00
3.6688000000e-08	3.6688000000e-08	0.0000000000e+00
3.5530000000e-08	3.5530000000e-08	0.0000000000e+00
3.4388000000e-08	3.4388000000e-08	0.0000000000e+00
3.3263000000e-08	3.3263000000e-08	0.0000000000e+00
3.2159000000e-08	3.2159000000e-08	0.0000000000e+00
3.1076000000e-08	3.1076000000e-08	0.0000000000e+00
3.0017000000e-08	3.0017000000e-08	0.0000000000e+00
2.8982000000e-08	2.8982000000e-08	0.0000000000e+00
2.7974000000e-08	2.7974000000e-08	0.0000000000e+00
2.6993000000e-08	2.6993000000e-08	0.0000000000e+00
2.6039000000e-08	2.6039000000e-08	0.0000000000e+00
1.6080000000e-10	1.6080000000e-10	0.0000000000e+00
1.8639000000e-10	1.8639000000e-10	0.0000000000e+00
2.0901000000e-10	2.0901000000e-10	0.0000000000e+00
2.2814000000e-10	2.2814000000e-10	0.0000000000e+00
2.4304000000e-10	2.4304000000e-10	0.0000000000e+00
2.5182000000e-10	2.5182000000e-10	0.0000000000e+00
2.5273000000e-10	2.5273000000e-10	0.0000000000e+00
2.4517000000e-10	2.4517000000e-10	0.0000000000e+00
2.2777000000e-10	2.2777000000e-10	0.0000000000e+00
2.0161000000e-10	2.0161000000e-10	0.0000000000e+00
1.6796000000e-10	1.6796000000e-10	0.0000000000e+00
1.4732000000e-10	1.4732000000e-10	0.0000000000e+00
1.2103000000e-10	1.2103000000e-10	0.0000000000e+00
9.1924000000e-11	9.1924000000e-11	0.0000000000e+00
6.9405000000e-11	6.9405000000e-11	0.0000000000e+00
6.6069000000e-11	6.6069000000e-11	0.0000000000e+00
7.7478000000e-11	7.7478000000e-11	0.0000000000e+00
2.7241000000e-12	2.7241000000e-12	0.0000000000e+00
2.8531000000e-13	2.8531000000e-13	0.0000000000e+00
1.3592000000e-13	1.3592000000e-13	0.0000000000e+00
5.1393000000e-14	5.1393000000e-14	0.0000000000e+00
1.2124000000e-12	1.2124000000e-12	0.0000000000e+00
1.8389000000e-12	1.8389000000e-12	0.0000000000e+00
1.0402000000e-12	1.0402000000e-12	0.0000000000e+00
1.7772000000e-12	1.7772000000e-12	0.0000000000e+00
6.5553000000e-13	6.5553000000e-13	0.0000000000e+00
9.2563000000e-14	9.2563000000e-14	0.0000000000e+00
9.6597000000e-13	9.6597000000e-13	0.0000000000e+00
2.0179000000e-12	2.0179000000e-12	0.0000000000e+00
2.0985000000e-11	2.0985000000e-11	0.0000000000e+00
4.1180000000e-11	4.1180000000e-11	0.0000000000e+00
1.3782000000e-10	1.3782000000e-10	0.0000000000e+00
2.3807000000e-10	2.3807000000e-10	0.0000000000e+00
2.1025000000e-10	2.1025000000e-10	0.0000000000e+00
7.0814000000e-10	7.0814000000e-10	0.0000000000e+00
1.7827000000e-09	1.7827000000e-09	0.0000000000e+00
2.1476000000e-09	2.1476000000e-09	0.0000000000e+00
2.5394000000e-09	2.5394000000e-09	0.0000000000e+00
2.5467000000e-09	2.5467000000e-09	0.0000000000e+00
4.8600000000e-09	4.8600000000e-09	0.0000000000e+00
4.8923000000e-09	4.8923000000e-09	0.0000000000e+00
2.3030000000e-09	2.3030000000e-09	0.0000000000e+00
2.1397000000e-09	2.1397000000e-09	0.0000000000e+00
3.8358000000e-09	3.8357000000e-09	1.1322283307e-05
2.6621000000e-09	2.6621000000e-09	0.0000000000e+00
3.7385000000e-09	3.7385000000e-09	0.0000000000e+00
5.1668000000e-09	5.1668000000e-09	0.0000000000e+00
4.2321000000e-09	4.2321000000e-09	0.0000000000e+00
3.6643000000e-10	3.6643000000e-10	0.0000000000e+00
7.5418000000e-10	7.5418000000e-10	0.0000000000e+00
7.3151000000e-11	7.3151000000e-11	0.0000000000e+00
1.5420000000e-09	1.5420000000e-09	0.0000000000e+00
3.0612000000e-09	3.0612000000e-09	0.0000000000e+00
5.3321000000e-10	5.3321000000e-10	0.0000000000e+00
3.1071000000e-09	3.1071000000e-09	0.0000000000e+00
3.6557000000e-09	3.6557000000e-09	0.0000000000e+00
8.5229000000e-09	8.5229000000e-09	0.0000000000e+00
1.2323000000e-08	1.2323000000e-08	0.0000000000e+00
1.5877000000e-08	1.5877000000e-08	0.0000000000e+00
3.4586000000e-08	3.4586000000e-08	0.0000000000e+00
1.0114000000e-08	1.0114000000e-08	0.0000000000e+00
1.2302000000e-08	1.2302000000e-08	0.0000000000e+00
3.6335000000e-08	3.6335000000e-08	0.0000000000e+00
3.2135000000e-08	3.2135000000e-08	0.0000000000e+00
4.2939000000e-08	4.2939000000e-08	0.0000000000e+00
2.4978000000e-08	2.4978000000e-08	0.0000000000e+00
3.2717000000e-08	3.2717000000e-08	0.0000000000e+00
4.5625000000e-08	4.5625000000e-08	0.0000000000e+00
6.3559000000e-08	6.3559000000e-08	0.0000000000e+00
6.4230000000e-08	6.4230000000e-08	0.0000000000e+00
6.0719000000e-08	6.0719000000e-08	0.0000000000e+00
6.1067000000e-08	6.1067000000e-08	0.0000000000e+00
6.4388000000e-08	6.4388000000e-08	0.0000000000e+00
5.9638000000e-08	5.9638000000e-08	0.0000000000e+00
5.6910000000e-08	5.6910000000e-08	0.0000000000e+00
5.5671000000e-08	5.5671000000e-08	0.0000000000e+00
4.8774000000e-08	4.8774000000e-08	0.0000000000e+00
3.8809000000e-08	3.8809000000e-08	0.0000000000e+00
2.6844000000e-08	2.6844000000e-08	0.0000000000e+00
4.6713000000e-08	4.6713000000e-08	0.0000000000e+00
3.6930000000e-08	3.6930000000e-08	0.0000000000e+00
5.2733000000e-08	5.2733000000e-08	0.0000000000e+00
5.1481000000e-08	5.1481000000e-08	0.0000000000e+00
4.9923000000e-08	4.9923000000e-08	0.0000000000e+00
4.4323000000e-08	4.4323000000e-08	0.0000000000e+00
5.1136000000e-08	5.1136000000e-08	0.0000000000e+00
4.9632000000e-08	4.9632000000e-08	0.0000000000e+00
4.8135000000e-08	4.8135000000e-08	0.0000000000e+00
4.6650000000e-08	4.6650000000e-08	0.0000000000e+00
4.5180000000e-08	4.5180000000e-08	0.0000000000e+00
4.3728000000e-08	4.3728000000e-08	0.0000000000e+00
4.2298000000e-08	4.2298000000e-08	0.0000000000e+00
4.0891000000e-08	4.0891000000e-08	0.0000000000e+00
3.9510000000e-08	3.9510000000e-08	0.0000000000e+00
3.8158000000e-08	3.8158000000e-08	0.0000000000e+00
3.6836000000e-08	3.6836000000e-08	0.0000000000e+00
3.5545000000e-08	3.5545000000e-08	0.0000000000e+00
3.4289000000e-08	3.4289000000e-08	0.0000000000e+00
3.3066000000e-08	3.3066000000e-08	0.0000000000e+00
3.1880000000e-08	3.1880000000e-08	0.0000000000e+00
3.0730000000e-08	3.0730000000e-08	0.0000000000e+00
1.8567000000e-10	1.8567000000e-10	0.0000000000e+00
2.1454000000e-10	2.1454000000e-10	0.0000000000e+00
2.3995000000e-10	2.3995000000e-10	0.0000000000e+00
2.6128000000e-10	2.6128000000e-10	0.0000000000e+00
2.7695000000e-10	2.7695000000e-10	0.0000000000e+00
2.8514000000e-10	2.8514000000e-10	0.0000000000e+00
2.8391000000e-10	2.8391000000e-10	0.0000000000e+00
2.7229000000e-10	2.7229000000e-10	0.0000000000e+00
2.4905000000e-10	2.4905000000e-10	0.0000000000e+00
2.1555000000e-10	2.1555000000e-10	0.0000000000e+00
1.8155000000e-10	1.8155000000e-10	0.0000000000e+00
1.5408000000e-10	1.5408000000e-10	0.0000000000e+00
1.1803000000e-10	1.1803000000e-10	0.0000000000e+00
7.7610000000e-11	7.7610000000e-11	0.0000000000e+00
5.0392000000e-11	5.0392000000e-11	0.0000000000e+00
3.7929000000e-11	3.7929000000e-11	0.0000000000e+00
1.0981000000e-11	1.0981000000e-11	0.0000000000e+00
8.4826000000e-12	8.4826000000e-12	0.0000000000e+00
2.7368000000e-13	2.7368000000e-13	0.0000000000e+00
3.9696000000e-14	3.9696000000e-14	0.0000000000e+00
1.0989000000e-15	1.0989000000e-15	0.0000000000e+00
1.2318000000e-13	1.2318000000e-13	0.0000000000e+00
1.0210000000e-13	1.0210000000e-13	0.0000000000e+00
2.7897000000e-14	2.7897000000e-14	0.0000000000e+00
1.8092000000e-14	1.8092000000e-14	0.0000000000e+00
3.9972000000e-15	3.9972000000e-15	0.0000000000e+00
6.5523000000e-15	6.5523000000e-15	0.0000000000e+00
1.4773000000e-13	1.4773000000e-13	0.0000000000e+00
2.7101000000e-12	2.7101000000e-12	0.0000000000e+00
4.8187000000e-12	4.8187000000e-12	0.0000000000e+00
1.9389000000e-11	1.9389000000e-11	0.0000000000e+00
1.2096000000e-10	1.2096000000e-10	0.0000000000e+00
2.1090000000e-10	2.1090000000e-10	0.0000000000e+00
5.2012000000e-10	5.2012000000e-10	0.0000000000e+00
1.0118000000e-09	1.0118000000e-09	0.0000000000e+00
2.1336000000e-09	2.1336000000e-09	0.0000000000e+00
2.9521000000e-09	2.9521000000e-09	0.0000000000e+00
3.8604000000e-09	3.8604000000e-09	0.0000000000e+00
3.5594000000e-09	3.5594000000e-09	0.0000000000e+00
3.9268000000e-09	3.9268000000e-09	0.0000000000e+00
5.4027000000e-09	5.4027000000e-09	0.0000000000e+00
1.5953000000e-09	1.5953000000e-09	0.0000000000e+00
6.0353000000e-09	6.0353000000e-09	0.0000000000e+00
7.7136000000e-09	7.7136000000e-09	0.0000000000e+00
1.0232000000e-08	1.0232000000e-08	0.0000000000e+00
7.2565000000e-09	7.2565000000e-09	0.0000000000e+00
9.9979000000e-09	9.9979000000e-09	0.0000000000e+00
8.7248000000e-09	8.7248000000e-09	0.0000000000e+00
7.3581000000e-09	7.3581000000e-09	0.0000000000e+00
4.5687000000e-09	4.5687000000e-09	0.0000000000e+00
8.0467000000e-09	8.0467000000e-09	0.0000000000e+00
3.8115000000e-09	3.8115000000e-09	0.0000000000e+00
2.6121000000e-09	2.6121000000e-09	0.0000000000e+00
5.9855000000e-09	5.9855000000e-09	0.0000000000e+00
9.4375000000e-09	9.4375000000e-09	0.0000000000e+00
1.6315000000e-08	1.6315000000e-08	0.0000000000e+00
2.0706000000e-08	2.0706000000e-08	0.0000000000e+00
2.0648000000e-08	2.0648000000e-08	0.0000000000e+00
1.4749000000e-08	1.4749000000e-08	0.0000000000e+00
5.8332000000e-08	5.8332000000e-08	0.0000000000e+00
1.3952000000e-08	1.3952000000e-08	0.0000000000e+00
1.4601000000e-08	1.4601000000e-08	0.0000000000e+00
3.3549000000e-08	3.3549000000e-08	0.0000000000e+00
4.6580000000e-08	4.6580000000e-08	0.0000000000e+00
4.5549000000e-08	4.5549000000e-08	0.0000000000e+00
5.3884000000e-08	5.3884000000e-08	0.0000000000e+00
3.8884000000e-08	3.8884000000e-08	0.0000000000e+00
5.9336000000e-08	5.9336000000e-08	0.0000000000e+00
6.4527000000e-08	6.4527000000e-08	0.0000000000e+00
7.9297000000e-08	7.9297000000e-08	0.0000000000e+00
5.3589000000e-08	5.3589000000e-08	0.0000000000e+00
6.2847000000e-08	6.2847000000e-08	0.0000000000e+00
7.2860000000e-08	7.2860000000e-08	0.0000000000e+00
7.7885000000e-08	7.7885000000e-08	0.0000000000e+00
7.1435000000e-08	7.1435000000e-08	0.0000000000e+00
7.4241000000e-08	7.4241000000e-08	0.0000000000e+00
6.6587000000e-08	6.6587000000e-08	0.0000000000e+00
5.6676000000e-08	5.6676000000e-08	0.0000000000e+00
6.0074000000e-08	6.0074000000e-08	0.0000000000e+00
3.5409000000e-08	3.5409000000e-08	0.0000000000e+00
3.5642000000e-08	3.5642000000e-08	0.0000000000e+00
5.3632000000e-08	5.3632000000e-08	0.0000000000e+00
6.0451000000e-08	6.0451000000e-08	0.0000000000e+00
6.0552000000e-08	6.0552000000e-08	0.0000000000e+00
5.9146000000e-08	5.9146000000e-08	0.0000000000e+00
6.1376000000e-08	6.1376000000e-08	0.0000000000e+00
5.9481000000e-08	5.9481000000e-08	0.0000000000e+00
5.7605000000e-08	5.7605000000e-08	0.0000000000e+00
5.5750000000e-08	5.5750000000e-08	0.0000000000e+00
5.3921000000e-08	5.3921000000e-08	0.0000000000e+00
5.2121000000e-08	5.2121000000e-08	0.0000000000e+00
5.0354000000e-08	5.0354000000e-08	0.0000000000e+00
4.8622000000e-08	4.8622000000e-08	0.0000000000e+00
4.6927000000e-08	4.6927000000e-08	0.0000000000e+00
4.5272000000e-08	4.5272000000e-08	0.0000000000e+00
4.3658000000e-08	4.3658000000e-08	0.0000000000e+00
4.2088000000e-08	4.2088000000e-08	0.0000000000e+00
4.0562000000e-08	4.0562000000e-08	0.0000000000e+00
3.9081000000e-08	3.9081000000e-08	0.0000000000e+00
3.7647000000e-08	3.7647000000e-08	0.0000000000e+00
3.6261000000e-08	3.6261000000e-08	0.0000000000e+00
2.1358000000e-10	2.1358000000e-10	0.0000000000e+00
2.4677000000e-10	2.4677000000e-10	0.0000000000e+00
2.7566000000e-10	2.7566000000e-10	0.0000000000e+00
2.9908000000e-10	2.9907000000e-10	1.4521256606e-05
3.1592000000e-10	3.1592000000e-10	0.0000000000e+00
3.2417000000e-10	3.2417000000e-10	0.0000000000e+00
3.2074000000e-10	3.2074000000e-10	0.0000000000e+00
3.0513000000e-10	3.0513000000e-10	0.0000000000e+00
2.7574000000e-10	2.7574000000e-10	0.0000000000e+00
2.3422000000e-10	2.3422000000e-10	0.0000000000e+00
2.0034000000e-10	2.0034000000e-10	0.0000000000e+00
1.6502000000e-10	1.6502000000e-10	0.0000000000e+00
1.1873000000e-10	1.1873000000e-10	0.0000000000e+00
7.2874000000e-11	7.2874000000e-11	0.0000000000e+00
3.2306000000e-11	3.2306000000e-11	0.0000000000e+00
3.6151000000e-12	3.6151000000e-12	0.0000000000e+00
1.2815000000e-12	1.2815000000e-12	0.0000000000e+00
5.5483000000e-12	5.5483000000e-12	0.0000000000e+00
6.9935000000e-14	6.9935000000e-14	0.0000000000e+00
2.3451000000e-14	2.3451000000e-14	0.0000000000e+00
2.5707000000e-14	2.5707000000e-14	0.0000000000e+00
1.2382000000e-14	1.2382000000e-14	0.0000000000e+00
1.3904000000e-18	1.3904000000e-18	0.0000000000e+00
8.9264000000e-18	8.9264000000e-18	0.0000000000e+00
4.9989000000e-16	4.9989000000e-16	0.0000000000e+00
4.7843000000e-18	4.7843000000e-18	0.0000000000e+00
2.7154000000e-19	2.7154000000e-19	0.0000000000e+00
4.8635000000e-16	4.8635000000e-16	0.0000000000e+00
4.3496000000e-14	4.3496000000e-14	0.0000000000e+00
2.5508000000e-12	2.5508000000e-12	0.0000000000e+00
1.3222000000e-11	1.3222000000e-11	0.0000000000e+00
5.0066000000e-11	5.0066000000e-11	0.0000000000e+00
1.3932000000e-10	1.3932000000e-10	0.0000000000e+00
4.3466000000e-10	4.3466000000e-10	0.0000000000e+00
1.4073000000e-09	1.4073000000e-09	0.0000000000e+00
2.5320000000e-09	2.5320000000e-09	0.0000000000e+00
3.6925000000e-09	3.6925000000e-09	0.0000000000e+00
5.0879000000e-09	5.0879000000e-09	0.0000000000e+00
5.3895000000e-09	5.3895000000e-09	0.0000000000e+00
5.7362000000e-09	5.7362000000e-09	0.0000000000e+00
7.6679000000e-09	7.6679000000e-09	0.0000000000e+00
1.0082000000e-08	1.0082000000e-08	0.0000000000e+00
8.2430000000e-09	8.2430000000e-09	0.0000000000e+00
4.8589000000e-09	4.8589000000e-09	0.0000000000e+00
1.0178000000e-08	1.0178000000e-08	0.0000000000e+00
1.3179000000e-08	1.3179000000e-08	0.0000000000e+00
1.3805000000e-08	1.3805000000e-08	0.0000000000e+00
1.8377000000e-08	1.8377000000e-08	0.0000000000e+00
1.6281000000e-08	1.6281000000e-08	0.0000000000e+00
1.2883000000e-08	1.2883000000e-08	0.0000000000e+00
2.0414000000e-08	2.0414000000e-08	0.0000000000e+00
2.5966000000e-08	2.5966000000e-08	0.0000000000e+00
2.8958000000e-08	2.8958000000e-08	0.0000000000e+00
1.8397000000e-08	1.8397000000e-08	0.0000000000e+00
2.3417000000e-08	2.3417000000e-08	0.0000000000e+00
2.0769000000e-08	2.0769000000e-08	0.0000000000e+00
2.9576000000e-08	2.9576000000e-08	0.0000000000e+00
2.6974000000e-08	2.6974000000e-08	0.0000000000e+00
2.5473000000e-08	2.5473000000e-08	0.0000000000e+00
2.7291000000e-08	2.7291000000e-08	0.0000000000e+00
5.4457000000e-08	5.4457000000e-08	0.0000000000e+00
1.7999000000e-08	1.7999000000e-08	0.0000000000e+00
3.6436000000e-08	3.6436000000e-08	0.0000000000e+00
3.0402000000e-08	3.0402000000e-08	0.0000000000e+00
6.5122000000e-08	6.5122000000e-08	0.0000000000e+00
9.4862000000e-08	9.4862000000e-08	0.0000000000e+00
6.6500000000e-08	6.6500000000e-08	0.0000000000e+00
9.8173000000e-08	9.8173000000e-08	0.0000000000e+00
9.6263000000e-08	9.6263000000e-08	0.0000000000e+00
5.6092000000e-08	5.6092000000e-08	0.0000000000e+00
6.0107000000e-08	6.0107000000e-08	0.0000000000e+00
9.1363000000e-08	9.1363000000e-08	0.0000000000e+00
6.1246000000e-08	6.1246000000e-08	0.0000000000e+00
6.3911000000e-08	6.3911000000e-08	0.0000000000e+00
9.1880000000e-08	9.1880000000e-08	0.0000000000e+00
9.2126000000e-08	9.2126000000e-08	0.0000000000e+00
8.3219000000e-08	8.3219000000e-08	0.0000000000e+00
8.6471000000e-08	8.6471000000e-08	0.0000000000e+00
7.5297000000e-08	7.5297000000e-08	0.0000000000e+00
7.5935000000e-08	7.5935000000e-08	0.0000000000e+00
7.9762000000e-08	7.9762000000e-08	0.0000000000e+00
7.4385000000e-08	7.4385000000e-08	0.0000000000e+00
7.4693000000e-08	7.4693000000e-08	0.0000000000e+00
7.1619000000e-08	7.1619000000e-08	0.0000000000e+00
7.3899000000e-08	7.3899000000e-08	0.0000000000e+00
7.3690000000e-08	7.3690000000e-08	0.0000000000e+00
7.1303000000e-08	7.1303000000e-08	0.0000000000e+00
6.8950000000e-08	6.8950000000e-08	0.0000000000e+00
6.6634000000e-08	6.6634000000e-08	0.0000000000e+00
6.4359000000e-08	6.4359000000e-08	0.0000000000e+00
6.2129000000e-08	6.2129000000e-08	0.0000000000e+00
5.9946000000e-08	5.9946000000e-08	0.0000000000e+00
5.7814000000e-08	5.7814000000e-08	0.0000000000e+00
5.5735000000e-08	5.5735000000e-08	0.0000000000e+00
5.3710000000e-08	5.3710000000e-08	0.0000000000e+00
5.1741000000e-08	5.1741000000e-08	0.0000000000e+00
4.9831000000e-08	4.9831000000e-08	0.0000000000e+00
4.7979000000e-08	4.7979000000e-08	0.0000000000e+00
4.6187000000e-08	4.6187000000e-08	0.0000000000e+00
4.4456000000e-08	4.4456000000e-08	0.0000000000e+00
4.2786000000e-08	4.2786000000e-08	0.0000000000e+00
2.4549000000e-10	2.4549000000e-10	0.0000000000e+00
2.8361000000e-10	2.8361000000e-10	0.0000000000e+00
3.1647000000e-10	3.1647000000e-10	0.0000000000e+00
3.4308000000e-10	3.4308000000e-10	0.0000000000e+00
3.6171000000e-10	3.6171000000e-10	0.0000000000e+00
3.6998000000e-10	3.6998000000e-10	0.0000000000e+00
3.6493000000e-10	3.6493000000e-10	0.0000000000e+00
3.4553000000e-10	3.4553000000e-10	0.0000000000e+00
3.1015000000e-10	3.1015000000e-10	0.0000000000e+00
2.6098000000e-10	2.6098000000e-10	0.0000000000e+00
2.2661000000e-10	2.2661000000e-10	0.0000000000e+00
1.8446000000e-10	1.8446000000e-10	0.0000000000e+00
1.3038000000e-10	1.3038000000e-10	0.0000000000e+00
8.1587000000e-11	8.1587000000e-11	0.0000000000e+00
4.0793000000e-11	4.0793000000e-11	0.0000000000e+00
3.0133000000e-11	3.0133000000e-11	0.0000000000e+00
1.6030000000e-12	1.6030000000e-12	0.0000000000e+00
5.5462000000e-13	5.5462000000e-13	0.0000000000e+00
1.6044000000e-14	1.6044000000e-14	0.0000000000e+00
4.1401000000e-20	4.1401000000e-20	0.0000000000e+00
1.2143000000e-16	1.2143000000e-16	0.0000000000e+00
3.5995000000e-18	3.5995000000e-18	0.0000000000e+00
6.7326000000e-21	6.7326000000e-21	0.0000000000e+00
7.3371000000e-22	7.3371000000e-22	0.0000000000e+00
3.6674000000e-21	3.6674000000e-21	0.0000000000e+00
4.6540000000e-21	4.6540000000e-21	0.0000000000e+00
4.2242000000e-22	4.2242000000e-22	0.0000000000e+00
3.4077000000e-17	3.4077000000e-17	0.0000000000e+00
4.8724000000e-15	4.8724000000e-15	0.0000000000e+00
2.6867000000e-13	2.6867000000e-13	0.0000000000e+00
1.0682000000e-13	1.0682000000e-13	0.0000000000e+00
1.7732000000e-12	1.7732000000e-12	0.0000000000e+00
3.3430000000e-11	3.3430000000e-11	0.0000000000e+00
4.2779000000e-10	4.2779000000e-10	0.0000000000e+00
1.2408000000e-09	1.2408000000e-09	0.0000000000e+00
2.6221000000e-09	2.6221000000e-09	0.0000000000e+00
4.8341000000e-09	4.8341000000e-09	0.0000000000e+00
6.6134000000e-09	6.6134000000e-09	0.0000000000e+00
7.8953000000e-09	7.8953000000e-09	0.0000000000e+00
1.1731000000e-08	1.1731000000e-08	0.0000000000e+00
9.6635000000e-09	9.6635000000e-09	0.0000000000e+00
1.2870000000e-08	1.2870000000e-08	0.0000000000e+00
1.4184000000e-08	1.4184000000e-08	0.0000000000e+00
1.2767000000e-08	1.2767000000e-08	0.0000000000e+00
2.0611000000e-08	2.0611000000e-08	0.0000000000e+00
1.7869000000e-08	1.7869000000e-08	0.0000000000e+00
2.7090000000e-08	2.7090000000e-08	0.0000000000e+00
2.3606000000e-08	2.3606000000e-08	0.0000000000e+00
2.5813000000e-08	2.5813000000e-08	0.0000000000e+00
3.6162000000e-08	3.6162000000e-08	0.0000000000e+00
4.0126000000e-08	4.0126000000e-08	0.0000000000e+00
2.0032000000e-08	2.0032000000e-08	0.0000000000e+00
4.1445000000e-08	4.1445000000e-08	0.0000000000e+00
1.8956000000e-08	1.8956000000e-08	0.0000000000e+00
3.8194000000e-08	3.8194000000e-08	0.0000000000e+00
3.2967000000e-08	3.2967000000e-08	0.0000000000e+00
4.4874000000e-08	4.4874000000e-08	0.0000000000e+00
4.5015000000e-08	4.5015000000e-08	0.0000000000e+00
3.2581000000e-08	3.2581000000e-08	0.0000000000e+00
5.8625000000e-08	5.8625000000e-08	0.0000000000e+00
5.4793000000e-08	5.4793000000e-08	0.0000000000e+00
1.1527000000e-07	1.1527000000e-07	0.0000000000e+00
6.6437000000e-08	6.6437000000e-08	0.0000000000e+00
7.5990000000e-08	7.5990000000e-08	0.0000000000e+00
1.0867000000e-07	1.0867000000e-07	0.0000000000e+00
1.0545000000e-07	1.0545000000e-07	0.0000000000e+00
7.2995000000e-08	7.2995000000e-08	0.0000000000e+00
1.2239000000e-07	1.2239000000e-07	0.0000000000e+00
1.2412000000e-07	1.2412000000e-07	0.0000000000e+00
9.3856000000e-08	9.3856000000e-08	0.0000000000e+00
8.9891000000e-08	8.9891000000e-08	0.0000000000e+00
7.9708000000e-08	7.9708000000e-08	0.0000000000e+00
1.1460000000e-07	1.1460000000e-07	0.0000000000e+00
1.1494000000e-07	1.1494000000e-07	0.0000000000e+00
1.1725000000e-07	1.1725000000e-07	0.0000000000e+00
1.1355000000e-07	1.1355000000e-07	0.0000000000e+00
1.1172000000e-07	1.1172000000e-07	0.0000000000e+00
1.0790000000e-07	1.0790000000e-07	0.0000000000e+00
8.3203000000e-08	8.3203000000e-08	0.0000000000e+00
9.8456000000e-08	9.8456000000e-08	0.0000000000e+00
9.7514000000e-08	9.7514000000e-08	0.0000000000e+00
9.4731000000e-08	9.4731000000e-08	0.0000000000e+00
8.9153000000e-08	8.9153000000e-08	0.0000000000e+00
9.0793000000e-08	9.0793000000e-08	0.0000000000e+00
9.1562000000e-08	9.1562000000e-08	0.0000000000e+00
8.8505000000e-08	8.8505000000e-08	0.0000000000e+00
8.5500000000e-08	8.5500000000e-08	0.0000000000e+00
8.2549000000e-08	8.2549000000e-08	0.0000000000e+00
7.9657000000e-08	7.9657000000e-08	0.0000000000e+00
7.6828000000e-08	7.6828000000e-08	0.0000000000e+00
7.4065000000e-08	7.4065000000e-08	0.0000000000e+00
7.1371000000e-08	7.1371000000e-08	0.0000000000e+00
6.8747000000e-08	6.8747000000e-08	0.0000000000e+00
6.6197000000e-08	6.6197000000e-08	0.0000000000e+00
6.3721000000e-08	6.3721000000e-08	0.0000000000e+00
6.1321000000e-08	6.1321000000e-08	0.0000000000e+00
5.8998000000e-08	5.8998000000e-08	0.0000000000e+00
5.6752000000e-08	5.6752000000e-08	0.0000000000e+00
5.4585000000e-08	5.4585000000e-08	0.0000000000e+00
5.2496000000e-08	5.2496000000e-08	0.0000000000e+00
5.0485000000e-08	5.0485000000e-08	0.0000000000e+00
2.8192000000e-10	2.8192000000e-10	0.0000000000e+00
3.2524000000e-10	3.2524000000e-10	0.0000000000e+00
3.6306000000e-10	3.6306000000e-10	0.0000000000e+00
3.9332000000e-10	3.9332000000e-10	0.0000000000e+00
4.1449000000e-10	4.1449000000e-10	0.0000000000e+00
4.2389000000e-10	4.2389000000e-10	0.0000000000e+00
4.1811000000e-10	4.1811000000e-10	0.0000000000e+00
3.9535000000e-10	3.9535000000e-10	0.0000000000e+00
3.5495000000e-10	3.5495000000e-10	0.0000000000e+00
2.9874000000e-10	2.9874000000e-10	0.0000000000e+00
2.6377000000e-10	2.6377000000e-10	0.0000000000e+00
2.1627000000e-10	2.1627000000e-10	0.0000000000e+00
1.5684000000e-10	1.5684000000e-10	0.0000000000e+00
1.0450000000e-10	1.0450000000e-10	0.0000000000e+00
5.7745000000e-11	5.7745000000e-11	0.0000000000e+00
2.2742000000e-11	2.2742000000e-11	0.0000000000e+00
1.7100000000e-11	1.7100000000e-11	0.0000000000e+00
5.6481000000e-13	5.6481000000e-13	0.0000000000e+00
8.2433000000e-16	8.2433000000e-16	0.0000000000e+00
1.2363000000e-20	1.2363000000e-20	0.0000000000e+00
2.8095000000e-20	2.8095000000e-20	0.0000000000e+00
2.3922000000e-19	2.3922000000e-19	0.0000000000e+00
2.8270000000e-20	2.8270000000e-20	0.0000000000e+00
1.5035000000e-22	1.5035000000e-22	0.0000000000e+00
3.0619000000e-23	3.0619000000e-23	0.0000000000e+00
1.5612000000e-22	1.5612000000e-22	0.0000000000e+00
7.9742000000e-22	7.9742000000e-22	0.0000000000e+00
1.1304000000e-19	1.1304000000e-19	0.0000000000e+00
2.5936000000e-17	2.5936000000e-17	0.0000000000e+00
6.0542000000e-16	6.0542000000e-16	0.0000000000e+00
2.0489000000e-20	2.0489000000e-20	0.0000000000e+00
9.5555000000e-20	9.5555000000e-20	0.0000000000e+00
6.2654000000e-12	6.2654000000e-12	0.0000000000e+00
1.0967000000e-10	1.0967000000e-10	0.0000000000e+00
5.0131000000e-10	5.0131000000e-10	0.0000000000e+00
2.7929000000e-09	2.7929000000e-09	0.0000000000e+00
5.1192000000e-09	5.1192000000e-09	0.0000000000e+00
1.0689000000e-08	1.0689000000e-08	0.0000000000e+00
1.1430000000e-08	1.1430000000e-08	0.0000000000e+00
1.9188000000e-08	1.9188000000e-08	0.0000000000e+00
1.6268000000e-08	1.6268000000e-08	0.0000000000e+00
1.9988000000e-08	1.9987000000e-08	2.1728304290e-05
1.8303000000e-08	1.8303000000e-08	0.0000000000e+00
2.8358000000e-08	2.8358000000e-08	0.0000000000e+00
1.3550000000e-08	1.3550000000e-08	0.0000000000e+00
3.8541000000e-08	3.8541000000e-08	0.0000000000e+00
2.7596000000e-08	2.7596000000e-08	0.0000000000e+00
3.4957000000e-08	3.4957000000e-08	0.0000000000e+00
3.7843000000e-08	3.7843000000e-08	0.0000000000e+00
3.9900000000e-08	3.9900000000e-08	0.0000000000e+00
4.3624000000e-08	4.3624000000e-08	0.0000000000e+00
5.9153000000e-08	5.9153000000e-08	0.0000000000e+00
4.5264000000e-08	4.5264000000e-08	0.0000000000e+00
7.1659000000e-08	7.1659000000e-08	0.0000000000e+00
4.9778000000e-08	4.9778000000e-08	0.0000000000e+00
5.6451000000e-08	5.6451000000e-08	0.0000000000e+00
4.8653000000e-08	4.8653000000e-08	0.0000000000e+00
9.0815000000e-08	9.0815000000e-08	0.0000000000e+00
6.1388000000e-08	6.1388000000e-08	0.0000000000e+00
4.5723000000e-08	4.5723000000e-08	0.0000000000e+00
4.6045000000e-08	4.6045000000e-08	0.0000000000e+00
5.9816000000e-08	5.9816000000e-08	0.0000000000e+00
8.1874000000e-08	8.1874000000e-08	0.0000000000e+00
1.2226000000e-07	1.2226000000e-07	0.0000000000e+00
1.4282000000e-07	1.4282000000e-07	0.0000000000e+00
1.0098000000e-07	1.0098000000e-07	0.0000000000e+00
1.0881000000e-07	1.0881000000e-07	0.0000000000e+00
1.0289000000e-07	1.0289000000e-07	0.0000000000e+00
1.5578000000e-07	1.5578000000e-07	0.0000000000e+00
1.6067000000e-07	1.6067000000e-07	0.0000000000e+00
1.0890000000e-07	1.0890000000e-07	0.0000000000e+00
1.4279000000e-07	1.4279000000e-07	0.0000000000e+00
1.5074000000e-07	1.5074000000e-07	0.0000000000e+00
1.4245000000e-07	1.4245000000e-07	0.0000000000e+00
1.3813000000e-07	1.3813000000e-07	0.0000000000e+00
1.3752000000e-07	1.3752000000e-07	0.0000000000e+00
1.3381000000e-07	1.3381000000e-07	0.0000000000e+00
1.3386000000e-07	1.3386000000e-07	0.0000000000e+00
1.0987000000e-07	1.0987000000e-07	0.0000000000e+00
1.2112000000e-07	1.2112000000e-07	0.0000000000e+00
1.1964000000e-07	1.1964000000e-07	0.0000000000e+00
1.1614000000e-07	1.1614000000e-07	0.0000000000e+00
1.1395000000e-07	1.1395000000e-07	0.0000000000e+00
1.0893000000e-07	1.0892000000e-07	3.9870964628e-05
1.1021000000e-07	1.1021000000e-07	0.0000000000e+00
1.0634000000e-07	1.0634000000e-07	0.0000000000e+00
1.0256000000e-07	1.0256000000e-07	0.0000000000e+00
9.8858000000e-08	9.8858000000e-08	0.0000000000e+00
9.5248000000e-08	9.5248000000e-08	0.0000000000e+00
9.1731000000e-08	9.1731000000e-08	0.0000000000e+00
8.8308000000e-08	8.8308000000e-08	0.0000000000e+00
8.4983000000e-08	8.4983000000e-08	0.0000000000e+00
8.1756000000e-08	8.1756000000e-08	0.0000000000e+00
7.8629000000e-08	7.8629000000e-08	0.0000000000e+00
7.5603000000e-08	7.5603000000e-08	0.0000000000e+00
7.2678000000e-08	7.2678000000e-08	0.0000000000e+00
6.9854000000e-08	6.9854000000e-08	0.0000000000e+00
6.7133000000e-08	6.7133000000e-08	0.0000000000e+00
6.4513000000e-08	6.4513000000e-08	0.0000000000e+00
6.1993000000e-08	6.1993000000e-08	0.0000000000e+00
5.9574000000e-08	5.9574000000e-08	0.0000000000e+00
3.2260000000e-10	3.2260000000e-10	0.0000000000e+00
3.7269000000e-10	3.7269000000e-10	0.0000000000e+00
4.1564000000e-10	4.1564000000e-10	0.0000000000e+00
4.5123000000e-10	4.5123000000e-10	0.0000000000e+00
4.7602000000e-10	4.7602000000e-10	0.0000000000e+00
4.8746000000e-10	4.8746000000e-10	0.0000000000e+00
4.8161000000e-10	4.8161000000e-10	0.0000000000e+00
4.5699000000e-10	4.5699000000e-10	0.0000000000e+00
4.1193000000e-10	4.1193000000e-10	0.0000000000e+00
3.5151000000e-10	3.5151000000e-10	0.0000000000e+00
3.1463000000e-10	3.1463000000e-10	0.0000000000e+00
2.6399000000e-10	2.6399000000e-10	0.0000000000e+00
2.0122000000e-10	2.0122000000e-10	0.0000000000e+00
1.4509000000e-10	1.4509000000e-10	0.0000000000e+00
9.4843000000e-11	9.4843000000e-11	0.0000000000e+00
5.3061000000e-11	5.3061000000e-11	0.0000000000e+00
1.2212000000e-11	1.2212000000e-11	0.0000000000e+00
7.6822000000e-13	7.6822000000e-13	0.0000000000e+00
1.1862000000e-14	1.1862000000e-14	0.0000000000e+00
1.7041000000e-19	1.7041000000e-19	0.0000000000e+00
7.2715000000e-21	7.2715000000e-21	0.0000000000e+00
3.3723000000e-20	3.3723000000e-20	0.0000000000e+00
1.1175000000e-20	1.1175000000e-20	0.0000000000e+00
1.9667000000e-22	1.9667000000e-22	0.0000000000e+00
3.3810000000e-22	3.3810000000e-22	0.0000000000e+00
5.2314000000e-23	5.2314000000e-23	0.0000000000e+00
7.6460000000e-24	7.6459000000e-24	5.6800591413e-06
5.5548000000e-22	5.5547000000e-22	7.8184343475e-06
1.1814000000e-20	1.1814000000e-20	0.0000000000e+00
6.1135000000e-20	6.1135000000e-20	0.0000000000e+00
3.1768000000e-21	3.1768000000e-21	0.0000000000e+00
8.9494000000e-19	8.9494000000e-19	0.0000000000e+00
7.1344000000e-14	7.1344000000e-14	0.0000000000e+00
2.5946000000e-11	2.5946000000e-11	0.0000000000e+00
3.0264000000e-10	3.0264000000e-10	0.0000000000e+00
1.5660000000e-09	1.5660000000e-09	0.0000000000e+00
3.1269000000e-09	3.1269000000e-09	0.0000000000e+00
1.0713000000e-08	1.0713000000e-08	0.0000000000e+00
1.8038000000e-08	1.8038000000e-08	0.0000000000e+00
2.2642000000e-08	2.2642000000e-08	0.0000000000e+00
3.2880000000e-08	3.2880000000e-08	0.0000000000e+00
2.4174000000e-08	2.4174000000e-08	0.0000000000e+00
2.5313000000e-08	2.5313000000e-08	0.0000000000e+00
2.9228000000e-08	2.9228000000e-08	0.0000000000e+00
3.3502000000e-08	3.3502000000e-08	0.0000000000e+00
2.2223000000e-08	2.2223000000e-08	0.0000000000e+00
5.1354000000e-08	5.1354000000e-08	0.0000000000e+00
6.6805000000e-08	6.6805000000e-08	0.0000000000e+00
4.8034000000e-08	4.8034000000e-08	0.0000000000e+00
5.7926000000e-08	5.7926000000e-08	0.0000000000e+00
8.6791000000e-08	8.6791000000e-08	0.0000000000e+00
9.3995000000e-08	9.3995000000e-08	0.0000000000e+00
9.0817000000e-08	9.0817000000e-08	0.0000000000e+00
9.9369000000e-08	9.9369000000e-08	0.0000000000e+00
1.1727000000e-07	1.1727000000e-07	0.0000000000e+00
8.8194000000e-08	8.8194000000e-08	0.0000000000e+00
9.9818000000e-08	9.9818000000e-08	0.0000000000e+00
1.4501000000e-07	1.4501000000e-07	0.0000000000e+00
9.4725000000e-08	9.4724000000e-08	4.5848168310e-06
6.6742000000e-08	6.6742000000e-08	0.0000000000e+00
7.4861000000e-08	7.4861000000e-08	0.0000000000e+00
9.7089000000e-08	9.7089000000e-08	0.0000000000e+00
1.2095000000e-07	1.2095000000e-07	0.0000000000e+00
2.1616000000e-07	2.1616000000e-07	0.0000000000e+00
1.4476000000e-07	1.4476000000e-07	0.0000000000e+00
1.3377000000e-07	1.3377000000e-07	0.0000000000e+00
2.0404000000e-07	2.0404000000e-07	0.0000000000e+00
8.8169000000e-08	8.8169000000e-08	0.0000000000e+00
1.3933000000e-07	1.3933000000e-07	0.0000000000e+00
1.9313000000e-07	1.9313000000e-07	0.0000000000e+00
1.9514000000e-07	1.9514000000e-07	0.0000000000e+00
1.8954000000e-07	1.8954000000e-07	0.0000000000e+00
1.7276000000e-07	1.7276000000e-07	0.0000000000e+00
1.6184000000e-07	1.6184000000e-07	0.0000000000e+00
1.7447000000e-07	1.7447000000e-07	0.0000000000e+00
1.7345000000e-07	1.7345000000e-07	0.0000000000e+00
1.6853000000e-07	1.6853000000e-07	0.0000000000e+00
1.6067000000e-07	1.6067000000e-07	0.0000000000e+00
1.5579000000e-07	1.5579000000e-07	0.0000000000e+00
1.5019000000e-07	1.5019000000e-07	0.0000000000e+00
1.4749000000e-07	1.4749000000e-07	0.0000000000e+00
1.3995000000e-07	1.3995000000e-07	0.0000000000e+00
1.3849000000e-07	1.3849000000e-07	0.0000000000e+00
1.3292000000e-07	1.3292000000e-07	0.0000000000e+00
1.3272000000e-07	1.3272000000e-07	0.0000000000e+00
1.2783000000e-07	1.2783000000e-07	0.0000000000e+00
1.2307000000e-07	1.2307000000e-07	0.0000000000e+00
1.1843000000e-07	1.1843000000e-07	0.0000000000e+00
1.1392000000e-07	1.1392000000e-07	0.0000000000e+00
1.0955000000e-07	1.0955000000e-07	0.0000000000e+00
1.0531000000e-07	1.0531000000e-07	0.0000000000e+00
1.0121000000e-07	1.0121000000e-07	0.0000000000e+00
9.7241000000e-08	9.7241000000e-08	0.0000000000e+00
9.3408000000e-08	9.3408000000e-08	0.0000000000e+00
8.9710000000e-08	8.9710000000e-08	0.0000000000e+00
8.6147000000e-08	8.6147000000e-08	0.0000000000e+00
8.2717000000e-08	8.2717000000e-08	0.0000000000e+00
7.9420000000e-08	7.9420000000e-08	0.0000000000e+00
7.6254000000e-08	7.6254000000e-08	0.0000000000e+00
7.3218000000e-08	7.3218000000e-08	0.0000000000e+00
7.0310000000e-08	7.0310000000e-08	0.0000000000e+00
3.6782000000e-10	3.6782000000e-10	0.0000000000e+00
4.2557000000e-10	4.2557000000e-10	0.0000000000e+00
4.7548000000e-10	4.7548000000e-10	0.0000000000e+00
5.1661000000e-10	5.1661000000e-10	0.0000000000e+00
5.4633000000e-10	5.4633000000e-10	0.0000000000e+00
5.6103000000e-10	5.6103000000e-10	0.0000000000e+00
5.5687000000e-10	5.5687000000e-10	0.0000000000e+00
5.3115000000e-10	5.3115000000e-10	0.0000000000e+00
4.8312000000e-10	4.8312000000e-10	0.0000000000e+00
4.1898000000e-10	4.1898000000e-10	0.0000000000e+00
3.8146000000e-10	3.8146000000e-10	0.0000000000e+00
3.2958000000e-10	3.2958000000e-10	0.0000000000e+00
2.6691000000e-10	2.6691000000e-10	0.0000000000e+00
2.0808000000e-10	2.0808000000e-10	0.0000000000e+00
1.6408000000e-10	1.6408000000e-10	0.0000000000e+00
1.1776000000e-10	1.1776000000e-10	0.0000000000e+00
6.1781000000e-11	6.1781000000e-11	0.0000000000e+00
3.8617000000e-13	3.8617000000e-13	0.0000000000e+00
3.4087000000e-15	3.4087000000e-15	0.0000000000e+00
2.2025000000e-17	2.2025000000e-17	0.0000000000e+00
5.8324000000e-18	5.8324000000e-18	0.0000000000e+00
5.8257000000e-19	5.8257000000e-19	0.0000000000e+00
7.9428000000e-21	7.9428000000e-21	0.0000000000e+00
8.3822000000e-23	8.3822000000e-23	0.0000000000e+00
3.2042000000e-22	3.2042000000e-22	0.0000000000e+00
2.2644000000e-23	2.2644000000e-23	0.0000000000e+00
2.0756000000e-24	2.0756000000e-24	0.0000000000e+00
4.7589000000e-24	4.7589000000e-24	0.0000000000e+00
7.6163000000e-22	7.6163000000e-22	0.0000000000e+00
2.6462000000e-21	2.6462000000e-21	0.0000000000e+00
1.5113000000e-22	1.5113000000e-22	0.0000000000e+00
7.0781000000e-20	7.0781000000e-20	0.0000000000e+00
2.6538000000e-15	2.6538000000e-15	0.0000000000e+00
5.2840000000e-12	5.2840000000e-12	0.0000000000e+00
2.9195000000e-10	2.9195000000e-10	0.0000000000e+00
8.1309000000e-10	8.1309000000e-10	0.0000000000e+00
1.7485000000e-09	1.7485000000e-09	0.0000000000e+00
8.7021000000e-09	8.7021000000e-09	0.0000000000e+00
2.0024000000e-08	2.0024000000e-08	0.0000000000e+00
2.2477000000e-08	2.2477000000e-08	0.0000000000e+00
3.3873000000e-08	3.3873000000e-08	0.0000000000e+00
3.2896000000e-08	3.2896000000e-08	0.0000000000e+00
3.8145000000e-08	3.8145000000e-08	0.0000000000e+00
4.4613000000e-08	4.4613000000e-08	0.0000000000e+00
6.3516000000e-08	6.3516000000e-08	0.0000000000e+00
5.2248000000e-08	5.2248000000e-08	0.0000000000e+00
7.9668000000e-08	7.9668000000e-08	0.0000000000e+00
6.1989000000e-08	6.1989000000e-08	0.0000000000e+00
1.0385000000e-07	1.0385000000e-07	0.0000000000e+00
1.2288000000e-07	1.2288000000e-07	0.0000000000e+00
1.2685000000e-07	1.2685000000e-07	0.0000000000e+00
7.1597000000e-08	7.1597000000e-08	0.0000000000e+00
9.7642000000e-08	9.7642000000e-08	0.0000000000e+00
1.2447000000e-07	1.2447000000e-07	0.0000000000e+00
9.5813000000e-08	9.5813000000e-08	0.0000000000e+00
7.7378000000e-08	7.7378000000e-08	0.0000000000e+00
8.4095000000e-08	8.4095000000e-08	0.0000000000e+00
7.0027000000e-08	7.0027000000e-08	0.0000000000e+00
6.4119000000e-08	6.4119000000e-08	0.0000000000e+00
2.1515000000e-07	2.1515000000e-07	0.0000000000e+00
8.6598000000e-08	8.6598000000e-08	0.0000000000e+00
1.0660000000e-07	1.0660000000e-07	0.0000000000e+00
2.8687000000e-07	2.8687000000e-07	0.0000000000e+00
1.1154000000e-07	1.1154000000e-07	0.0000000000e+00
1.0407000000e-07	1.0407000000e-07	0.0000000000e+00
1.3820000000e-07	1.3820000000e-07	0.0000000000e+00
1.1293000000e-07	1.1293000000e-07	0.0000000000e+00
1.1184000000e-07	1.1184000000e-07	0.0000000000e+00
2.0762000000e-07	2.0762000000e-07	0.0000000000e+00
1.6309000000e-07	1.6309000000e-07	0.0000000000e+00
1.7759000000e-07	1.7759000000e-07	0.0000000000e+00
2.3245000000e-07	2.3245000000e-07	0.0000000000e+00
2.1985000000e-07	2.1985000000e-07	0.0000000000e+00
2.0854000000e-07	2.0854000000e-07	0.0000000000e+00
2.0532000000e-07	2.0532000000e-07	0.0000000000e+00
2.1131000000e-07	2.1131000000e-07	0.0000000000e+00
1.7196000000e-07	1.7196000000e-07	0.0000000000e+00
2.0017000000e-07	2.0017000000e-07	0.0000000000e+00
1.9383000000e-07	1.9383000000e-07	0.0000000000e+00
1.8467000000e-07	1.8467000000e-07	0.0000000000e+00
1.8019000000e-07	1.8019000000e-07	0.0000000000e+00
1.7212000000e-07	1.7212000000e-07	0.0000000000e+00
1.6863000000e-07	1.6863000000e-07	0.0000000000e+00
1.6061000000e-07	1.6061000000e-07	0.0000000000e+00
1.5993000000e-07	1.5993000000e-07	0.0000000000e+00
1.5374000000e-07	1.5374000000e-07	0.0000000000e+00
1.4774000000e-07	1.4774000000e-07	0.0000000000e+00
1.4193000000e-07	1.4193000000e-07	0.0000000000e+00
1.3631000000e-07	1.3631000000e-07	0.0000000000e+00
1.3087000000e-07	1.3087000000e-07	0.0000000000e+00
1.2563000000e-07	1.2563000000e-07	0.0000000000e+00
1.2056000000e-07	1.2056000000e-07	0.0000000000e+00
1.1568000000e-07	1.1568000000e-07	0.0000000000e+00
1.1099000000e-07	1.1099000000e-07	0.0000000000e+00
1.0647000000e-07	1.0647000000e-07	0.0000000000e+00
1.0213000000e-07	1.0213000000e-07	0.0000000000e+00
9.7966000000e-08	9.7966000000e-08	0.0000000000e+00
9.3974000000e-08	9.3974000000e-08	0.0000000000e+00
9.0150000000e-08	9.0150000000e-08	0.0000000000e+00
8.6493000000e-08	8.6493000000e-08	0.0000000000e+00
8.2999000000e-08	8.2999000000e-08	0.0000000000e+00
4.1791000000e-10	4.1791000000e-10	0.0000000000e+00
4.8427000000e-10	4.8427000000e-10	0.0000000000e+00
5.4208000000e-10	5.4208000000e-10	0.0000000000e+00
5.9025000000e-10	5.9025000000e-10	0.0000000000e+00
6.2660000000e-10	6.2660000000e-10	0.0000000000e+00
6.4530000000e-10	6.4530000000e-10	0.0000000000e+00
6.4442000000e-10	6.4442000000e-10	0.0000000000e+00
6.1882000000e-10	6.1882000000e-10	0.0000000000e+00
5.6977000000e-10	5.6977000000e-10	0.0000000000e+00
5.0180000000e-10	5.0180000000e-10	0.0000000000e+00
4.6530000000e-10	4.6530000000e-10	0.0000000000e+00
4.1330000000e-10	4.1330000000e-10	0.0000000000e+00
3.5181000000e-10	3.5181000000e-10	0.0000000000e+00
2.9073000000e-10	2.9073000000e-10	0.0000000000e+00
2.6105000000e-10	2.6105000000e-10	0.0000000000e+00
2.1846000000e-10	2.1846000000e-10	0.0000000000e+00
1.7785000000e-10	1.7785000000e-10	0.0000000000e+00
9.2451000000e-12	9.2451000000e-12	0.0000000000e+00
3.6697000000e-14	3.6697000000e-14	0.0000000000e+00
1.3059000000e-14	1.3059000000e-14	0.0000000000e+00
2.6502000000e-17	2.6502000000e-17	0.0000000000e+00
1.8754000000e-19	1.8754000000e-19	0.0000000000e+00
2.4580000000e-20	2.4580000000e-20	0.0000000000e+00
2.7441000000e-21	2.7441000000e-21	0.0000000000e+00
3.1567000000e-22	3.1567000000e-22	0.0000000000e+00
1.7238000000e-23	1.7238000000e-23	0.0000000000e+00
6.7747000000e-24	6.7747000000e-24	0.0000000000e+00
1.5716000000e-23	1.5716000000e-23	0.0000000000e+00
3.0187000000e-22	3.0187000000e-22	0.0000000000e+00
1.5832000000e-22	1.5832000000e-22	0.0000000000e+00
5.5553000000e-22	5.5553000000e-22	0.0000000000e+00
7.1874000000e-16	7.1874000000e-16	0.0000000000e+00
2.6533000000e-13	2.6533000000e-13	0.0000000000e+00
2.5558000000e-12	2.5558000000e-12	0.0000000000e+00
3.3195000000e-11	3.3195000000e-11	0.0000000000e+00
4.1962000000e-09	4.1962000000e-09	0.0000000000e+00
9.8823000000e-09	9.8823000000e-09	0.0000000000e+00
1.7938000000e-08	1.7938000000e-08	0.0000000000e+00
3.0062000000e-08	3.0062000000e-08	0.0000000000e+00
3.1486000000e-08	3.1486000000e-08	0.0000000000e+00
4.0948000000e-08	4.0948000000e-08	0.0000000000e+00
5.0790000000e-08	5.0790000000e-08	0.0000000000e+00
7.6439000000e-08	7.6439000000e-08	0.0000000000e+00
6.7288000000e-08	6.7288000000e-08	0.0000000000e+00
5.4516000000e-08	5.4516000000e-08	0.0000000000e+00
8.2828000000e-08	8.2828000000e-08	0.0000000000e+00
1.1408000000e-07	1.1408000000e-07	0.0000000000e+00
1.0186000000e-07	1.0186000000e-07	0.0000000000e+00
7.7565000000e-08	7.7565000000e-08	0.0000000000e+00
1.1947000000e-07	1.1947000000e-07	0.0000000000e+00
1.0559000000e-07	1.0559000000e-07	0.0000000000e+00
1.5029000000e-07	1.5029000000e-07	0.0000000000e+00
2.6432000000e-07	2.6432000000e-07	0.0000000000e+00
1.5031000000e-07	1.5031000000e-07	0.0000000000e+00
1.2294000000e-07	1.2294000000e-07	0.0000000000e+00
1.4064000000e-07	1.4064000000e-07	0.0000000000e+00
1.5547000000e-07	1.5547000000e-07	0.0000000000e+00
1.3922000000e-07	1.3922000000e-07	0.0000000000e+00
1.5303000000e-07	1.5303000000e-07	0.0000000000e+00
1.8609000000e-07	1.8609000000e-07	0.0000000000e+00
1.6668000000e-07	1.6668000000e-07	0.0000000000e+00
1.5941000000e-07	1.5941000000e-07	0.0000000000e+00
2.1454000000e-07	2.1454000000e-07	0.0000000000e+00
3.2337000000e-07	3.2337000000e-07	0.0000000000e+00
8.9115000000e-08	8.9115000000e-08	0.0000000000e+00
5.8996000000e-08	5.8996000000e-08	0.0000000000e+00
6.9854000000e-08	6.9854000000e-08	0.0000000000e+00
1.0888000000e-07	1.0888000000e-07	0.0000000000e+00
2.0789000000e-07	2.0789000000e-07	0.0000000000e+00
1.6037000000e-07	1.6037000000e-07	0.0000000000e+00
2.7940000000e-07	2.7940000000e-07	0.0000000000e+00
2.7393000000e-07	2.7393000000e-07	0.0000000000e+00
1.8392000000e-07	1.8392000000e-07	0.0000000000e+00
2.6373000000e-07	2.6373000000e-07	0.0000000000e+00
2.1406000000e-07	2.1406000000e-07	0.0000000000e+00
2.4573000000e-07	2.4573000000e-07	0.0000000000e+00
2.4858000000e-07	2.4858000000e-07	0.0000000000e+00
2.4643000000e-07	2.4643000000e-07	0.0000000000e+00
2.3660000000e-07	2.3660000000e-07	0.0000000000e+00
2.2724000000e-07	2.2724000000e-07	0.0000000000e+00
2.1848000000e-07	2.1848000000e-07	0.0000000000e+00
2.1131000000e-07	2.1131000000e-07	0.0000000000e+00
2.0460000000e-07	2.0460000000e-07	0.0000000000e+00
2.0053000000e-07	2.0053000000e-07	0.0000000000e+00
1.9230000000e-07	1.9230000000e-07	0.0000000000e+00
1.8501000000e-07	1.8501000000e-07	0.0000000000e+00
1.7746000000e-07	1.7746000000e-07	0.0000000000e+00
1.7017000000e-07	1.7017000000e-07	0.0000000000e+00
1.6316000000e-07	1.6316000000e-07	0.0000000000e+00
1.5640000000e-07	1.5640000000e-07	0.0000000000e+00
1.4990000000e-07	1.4990000000e-07	0.0000000000e+00
1.4366000000e-07	1.4366000000e-07	0.0000000000e+00
1.3766000000e-07	1.3766000000e-07	0.0000000000e+00
1.3191000000e-07	1.3191000000e-07	0.0000000000e+00
1.2639000000e-07	1.2639000000e-07	0.0000000000e+00
1.2111000000e-07	1.2111000000e-07	0.0000000000e+00
1.1605000000e-07	1.1605000000e-07	0.0000000000e+00
1.1122000000e-07	1.1122000000e-07	0.0000000000e+00
1.0661000000e-07	1.0661000000e-07	0.0000000000e+00
1.0220000000e-07	1.0220000000e-07	0.0000000000e+00
9.8007000000e-08	9.8007000000e-08	0.0000000000e+00
4.7379000000e-10	4.7379000000e-10	0.0000000000e+00
5.4990000000e-10	5.4990000000e-10	0.0000000000e+00
6.1673000000e-10	6.1673000000e-10	0.0000000000e+00
6.7302000000e-10	6.7302000000e-10	0.0000000000e+00
7.1626000000e-10	7.1626000000e-10	0.0000000000e+00
7.4176000000e-10	7.4176000000e-10	0.0000000000e+00
7.4527000000e-10	7.4527000000e-10	0.0000000000e+00
7.2156000000e-10	7.2156000000e-10	0.0000000000e+00
6.7149000000e-10	6.7149000000e-10	0.0000000000e+00
6.0046000000e-10	6.0046000000e-10	0.0000000000e+00
5.6618000000e-10	5.6618000000e-10	0.0000000000e+00
5.1400000000e-10	5.1400000000e-10	0.0000000000e+00
4.4939000000e-10	4.4939000000e-10	0.0000000000e+00
3.8028000000e-10	3.8028000000e-10	0.0000000000e+00
3.4230000000e-10	3.4230000000e-10	0.0000000000e+00
3.0714000000e-10	3.0714000000e-10	0.0000000000e+00
4.4975000000e-11	4.4975000000e-11	0.0000000000e+00
1.3498000000e-11	1.3498000000e-11	0.0000000000e+00
1.1155000000e-11	1.1155000000e-11	0.0000000000e+00
1.4002000000e-13	1.4002000000e-13	0.0000000000e+00
5.3927000000e-15	5.3927000000e-15	0.0000000000e+00
4.0753000000e-19	4.0753000000e-19	0.0000000000e+00
2.8395000000e-19	2.8395000000e-19	0.0000000000e+00
1.7865000000e-20	1.7865000000e-20	0.0000000000e+00
1.6181000000e-21	1.6181000000e-21	0.0000000000e+00
1.3720000000e-22	1.3720000000e-22	0.0000000000e+00
1.4611000000e-21	1.4611000000e-21	0.0000000000e+00
2.7147000000e-21	2.7147000000e-21	0.0000000000e+00
1.3370000000e-15	1.3370000000e-15	0.0000000000e+00
8.5647000000e-17	8.5647000000e-17	0.0000000000e+00
4.5406000000e-20	4.5406000000e-20	0.0000000000e+00
5.3743000000e-15	5.3743000000e-15	0.0000000000e+00
7.6995000000e-13	7.6994000000e-13	5.6405909760e-06
4.7848000000e-11	4.7848000000e-11	0.0000000000e+00
5.6636000000e-10	5.6636000000e-10	0.0000000000e+00
5.5299000000e-09	5.5299000000e-09	0.0000000000e+00
1.5456000000e-08	1.5456000000e-08	0.0000000000e+00
3.3765000000e-08	3.3765000000e-08	0.0000000000e+00
4.9814000000e-08	4.9814000000e-08	0.0000000000e+00
5.0657000000e-08	5.0657000000e-08	0.0000000000e+00
9.7777000000e-08	9.7777000000e-08	0.0000000000e+00
1.2479000000e-07	1.2479000000e-07	0.0000000000e+00
1.1060000000e-07	1.1060000000e-07	0.0000000000e+00
1.0958000000e-07	1.0958000000e-07	0.0000000000e+00
7.1450000000e-08	7.1450000000e-08	0.0000000000e+00
3.3817000000e-08	3.3817000000e-08	0.0000000000e+00
1.4349000000e-07	1.4349000000e-07	0.0000000000e+00
2.0204000000e-07	2.0204000000e-07	0.0000000000e+00
2.1408000000e-07	2.1408000000e-07	0.0000000000e+00
1.8185000000e-07	1.8185000000e-07	0.0000000000e+00
5.0870000000e-08	5.0870000000e-08	0.0000000000e+00
1.5743000000e-07	1.5743000000e-07	0.0000000000e+00
2.5314000000e-07	2.5314000000e-07	0.0000000000e+00
1.0063000000e-07	1.0063000000e-07	0.0000000000e+00
8.8995000000e-08	8.8995000000e-08	0.0000000000e+00
1.3524000000e-07	1.3524000000e-07	0.0000000000e+00
2.3909000000e-07	2.3909000000e-07	0.0000000000e+00
1.2501000000e-07	1.2501000000e-07	0.0000000000e+00
1.4852000000e-07	1.4852000000e-07	0.0000000000e+00
1.2255000000e-07	1.2255000000e-07	0.0000000000e+00
1.5945000000e-07	1.5944000000e-07	2.7237886547e-05
2.7527000000e-07	2.7527000000e-07	0.0000000000e+00
4.3961000000e-07	4.3961000000e-07	0.0000000000e+00
1.6854000000e-07	1.6854000000e-07	0.0000000000e+00
2.2129000000e-07	2.2129000000e-07	0.0000000000e+00
9.7118000000e-08	9.7118000000e-08	0.0000000000e+00
4.7227000000e-08	4.7227000000e-08	0.0000000000e+00
6.6030000000e-08	6.6030000000e-08	0.0000000000e+00
1.1905000000e-07	1.1905000000e-07	0.0000000000e+00
1.6892000000e-07	1.6892000000e-07	0.0000000000e+00
2.9617000000e-07	2.9617000000e-07	0.0000000000e+00
2.5989000000e-07	2.5989000000e-07	0.0000000000e+00
2.6503000000e-07	2.6503000000e-07	0.0000000000e+00
3.0263000000e-07	3.0263000000e-07	0.0000000000e+00
3.1350000000e-07	3.1350000000e-07	0.0000000000e+00
2.9753000000e-07	2.9753000000e-07	0.0000000000e+00
3.0867000000e-07	3.0867000000e-07	0.0000000000e+00
2.9554000000e-07	2.9554000000e-07	0.0000000000e+00
2.9099000000e-07	2.9099000000e-07	0.0000000000e+00
2.7812000000e-07	2.7812000000e-07	0.0000000000e+00
2.6814000000e-07	2.6814000000e-07	0.0000000000e+00
2.5777000000e-07	2.5777000000e-07	0.0000000000e+00
2.4876000000e-07	2.4876000000e-07	0.0000000000e+00
2.4053000000e-07	2.4052000000e-07	1.8056105684e-05
2.3268000000e-07	2.3268000000e-07	0.0000000000e+00
2.2278000000e-07	2.2278000000e-07	0.0000000000e+00
2.1327000000e-07	2.1327000000e-07	0.0000000000e+00
2.0414000000e-07	2.0414000000e-07	0.0000000000e+00
1.9539000000e-07	1.9539000000e-07	0.0000000000e+00
1.8699000000e-07	1.8699000000e-07	0.0000000000e+00
1.7895000000e-07	1.7895000000e-07	0.0000000000e+00
1.7125000000e-07	1.7125000000e-07	0.0000000000e+00
1.6388000000e-07	1.6388000000e-07	0.0000000000e+00
1.5683000000e-07	1.5683000000e-07	0.0000000000e+00
1.5009000000e-07	1.5009000000e-07	0.0000000000e+00
1.4366000000e-07	1.4366000000e-07	0.0000000000e+00
1.3753000000e-07	1.3753000000e-07	0.0000000000e+00
1.3168000000e-07	1.3168000000e-07	0.0000000000e+00
1.2611000000e-07	1.2611000000e-07	0.0000000000e+00
1.2081000000e-07	1.2081000000e-07	0.0000000000e+00
1.1578000000e-07	1.1578000000e-07	0.0000000000e+00
5.3456000000e-10	5.3456000000e-10	0.0000000000e+00
6.2146000000e-10	6.2146000000e-10	0.0000000000e+00
6.9928000000e-10	6.9928000000e-10	0.0000000000e+00
7.6582000000e-10	7.6582000000e-10	0.0000000000e+00
8.1818000000e-10	8.1818000000e-10	0.0000000000e+00
8.5090000000e-10	8.5090000000e-10	0.0000000000e+00
8.5894000000e-10	8.5894000000e-10	0.0000000000e+00
8.3837000000e-10	8.3837000000e-10	0.0000000000e+00
7.8840000000e-10	7.8840000000e-10	0.0000000000e+00
7.1634000000e-10	7.1634000000e-10	0.0000000000e+00
6.8422000000e-10	6.8422000000e-10	0.0000000000e+00
6.3194000000e-10	6.3194000000e-10	0.0000000000e+00
5.5919000000e-10	5.5919000000e-10	0.0000000000e+00
4.6613000000e-10	4.6613000000e-10	0.0000000000e+00
3.8862000000e-10	3.8862000000e-10	0.0000000000e+00
2.7090000000e-10	2.7090000000e-10	0.0000000000e+00
2.8061000000e-10	2.8061000000e-10	0.0000000000e+00
2.3263000000e-10	2.3263000000e-10	0.0000000000e+00
6.2995000000e-11	6.2995000000e-11	0.0000000000e+00
1.1277000000e-13	1.1277000000e-13	0.0000000000e+00
6.0348000000e-13	6.0348000000e-13	0.0000000000e+00
5.6644000000e-16	5.6644000000e-16	0.0000000000e+00
3.4224000000e-16	3.4224000000e-16	0.0000000000e+00
1.2668000000e-17	1.2668000000e-17	0.0000000000e+00
4.2935000000e-20	4.2935000000e-20	0.0000000000e+00
9.0610000000e-21	9.0610000000e-21	0.0000000000e+00
7.1303000000e-20	7.1303000000e-20	0.0000000000e+00
1.7724000000e-21	1.7724000000e-21	0.0000000000e+00
3.9611000000e-08	3.9611000000e-08	0.0000000000e+00
1.9812000000e-11	1.9812000000e-11	0.0000000000e+00
2.1895000000e-19	2.1895000000e-19	0.0000000000e+00
2.2611000000e-20	2.2611000000e-20	0.0000000000e+00
3.8380000000e-15	3.8380000000e-15	0.0000000000e+00
2.5835000000e-11	2.5835000000e-11	0.0000000000e+00
5.3584000000e-10	5.3584000000e-10	0.0000000000e+00
1.0178000000e-08	1.0178000000e-08	0.0000000000e+00
2.7354000000e-08	2.7354000000e-08	0.0000000000e+00
4.8214000000e-08	4.8214000000e-08	0.0000000000e+00
8.4710000000e-08	8.4710000000e-08	0.0000000000e+00
1.2700000000e-07	1.2700000000e-07	0.0000000000e+00
1.0942000000e-07	1.0942000000e-07	0.0000000000e+00
1.3304000000e-07	1.3304000000e-07	0.0000000000e+00
1.6536000000e-07	1.6536000000e-07	0.0000000000e+00
2.6346000000e-07	2.6346000000e-07	0.0000000000e+00
2.5674000000e-07	2.5674000000e-07	0.0000000000e+00
2.8750000000e-07	2.8750000000e-07	0.0000000000e+00
3.2794000000e-07	3.2794000000e-07	0.0000000000e+00
1.7035000000e-07	1.7035000000e-07	0.0000000000e+00
3.1968000000e-07	3.1968000000e-07	0.0000000000e+00
3.4155000000e-07	3.4155000000e-07	0.0000000000e+00
1.7724000000e-07	1.7724000000e-07	0.0000000000e+00
3.4154000000e-07	3.4154000000e-07	0.0000000000e+00
3.6708000000e-07	3.6708000000e-07	0.0000000000e+00
1.1379000000e-07	1.1379000000e-07	0.0000000000e+00
1.1522000000e-07	1.1522000000e-07	0.0000000000e+00
1.4306000000e-07	1.4306000000e-07	0.0000000000e+00
2.9347000000e-07	2.9347000000e-07	0.0000000000e+00
1.5982000000e-07	1.5982000000e-07	0.0000000000e+00
1.5956000000e-07	1.5956000000e-07	0.0000000000e+00
2.3870000000e-07	2.3870000000e-07	0.0000000000e+00
1.6603000000e-07	1.6603000000e-07	0.0000000000e+00
1.7254000000e-07	1.7254000000e-07	0.0000000000e+00
2.7723000000e-07	2.7723000000e-07	0.0000000000e+00
1.9300000000e-07	1.9300000000e-07	0.0000000000e+00
1.4567000000e-07	1.4567000000e-07	0.0000000000e+00
5.4449000000e-08	5.4449000000e-08	0.0000000000e+00
4.3308000000e-08	4.3308000000e-08	0.0000000000e+00
4.8338000000e-08	4.8338000000e-08	0.0000000000e+00
1.3505000000e-07	1.3505000000e-07	0.0000000000e+00
1.9545000000e-07	1.9545000000e-07	0.0000000000e+00
3.0850000000e-07	3.0850000000e-07	0.0000000000e+00
3.5772000000e-07	3.5772000000e-07	0.0000000000e+00
4.2663000000e-07	4.2663000000e-07	0.0000000000e+00
2.5659000000e-07	2.5659000000e-07	0.0000000000e+00
2.6625000000e-07	2.6625000000e-07	0.0000000000e+00
3.1217000000e-07	3.1217000000e-07	0.0000000000e+00
2.7975000000e-07	2.7975000000e-07	0.0000000000e+00
3.4183000000e-07	3.4183000000e-07	0.0000000000e+00
3.1122000000e-07	3.1122000000e-07	0.0000000000e+00
3.4034000000e-07	3.4034000000e-07	0.0000000000e+00
3.2695000000e-07	3.2695000000e-07	0.0000000000e+00
3.1365000000e-07	3.1365000000e-07	0.0000000000e+00
2.9828000000e-07	2.9828000000e-07	0.0000000000e+00
2.9192000000e-07	2.9192000000e-07	0.0000000000e+00
2.8096000000e-07	2.8096000000e-07	0.0000000000e+00
2.6844000000e-07	2.6844000000e-07	0.0000000000e+00
2.5647000000e-07	2.5647000000e-07	0.0000000000e+00
2.4503000000e-07	2.4503000000e-07	0.0000000000e+00
2.3411000000e-07	2.3411000000e-07	0.0000000000e+00
2.2368000000e-07	2.2368000000e-07	0.0000000000e+00
2.1372000000e-07	2.1372000000e-07	0.0000000000e+00
2.0422000000e-07	2.0422000000e-07	0.0000000000e+00
1.9517000000e-07	1.9517000000e-07	0.0000000000e+00
1.8653000000e-07	1.8653000000e-07	0.0000000000e+00
1.7831000000e-07	1.7831000000e-07	0.0000000000e+00
1.7049000000e-07	1.7049000000e-07	0.0000000000e+00
1.6304000000e-07	1.6304000000e-07	0.0000000000e+00
1.5597000000e-07	1.5597000000e-07	0.0000000000e+00
1.4925000000e-07	1.4925000000e-07	0.0000000000e+00
1.4288000000e-07	1.4288000000e-07	0.0000000000e+00
1.3683000000e-07	1.3683000000e-07	0.0000000000e+00
6.0183000000e-10	6.0183000000e-10	0.0000000000e+00
7.0179000000e-10	7.0179000000e-10	0.0000000000e+00
7.9124000000e-10	7.9124000000e-10	0.0000000000e+00
8.6850000000e-10	8.6850000000e-10	0.0000000000e+00
9.3147000000e-10	9.3147000000e-10	0.0000000000e+00
9.7413000000e-10	9.7413000000e-10	0.0000000000e+00
9.8929000000e-10	9.8929000000e-10	0.0000000000e+00
9.7205000000e-10	9.7205000000e-10	0.0000000000e+00
9.2090000000e-10	9.2090000000e-10	0.0000000000e+00
8.4936000000e-10	8.4936000000e-10	0.0000000000e+00
8.2054000000e-10	8.2054000000e-10	0.0000000000e+00
7.6860000000e-10	7.6860000000e-10	0.0000000000e+00
6.9130000000e-10	6.9130000000e-10	0.0000000000e+00
5.8671000000e-10	5.8671000000e-10	0.0000000000e+00
5.1534000000e-10	5.1534000000e-10	0.0000000000e+00
6.4607000000e-10	6.4607000000e-10	0.0000000000e+00
1.0337000000e-09	1.0337000000e-09	0.0000000000e+00
4.1757000000e-10	4.1757000000e-10	0.0000000000e+00
1.2937000000e-10	1.2937000000e-10	0.0000000000e+00
6.0180000000e-11	6.0180000000e-11	0.0000000000e+00
1.7922000000e-11	1.7922000000e-11	0.0000000000e+00
9.1638000000e-13	9.1638000000e-13	0.0000000000e+00
1.5768000000e-14	1.5768000000e-14	0.0000000000e+00
6.3374000000e-16	6.3374000000e-16	0.0000000000e+00
9.3116000000e-16	9.3116000000e-16	0.0000000000e+00
1.6129000000e-18	1.6129000000e-18	0.0000000000e+00
4.1981000000e-17	4.1981000000e-17	0.0000000000e+00
3.9507000000e-20	3.9507000000e-20	0.0000000000e+00
8.6049000000e-20	8.6050000000e-20	-5.0470308591e-06
2.4159000000e-02	2.4159000000e-02	0.0000000000e+00
3.4052000000e-19	3.4052000000e-19	0.0000000000e+00
7.0841000000e-18	7.0841000000e-18	0.0000000000e+00
6.4082000000e-15	6.4082000000e-15	0.0000000000e+00
7.4666000000e-12	7.4666000000e-12	0.0000000000e+00
1.0586000000e-09	1.0586000000e-09	0.0000000000e+00
5.9289000000e-09	5.9289000000e-09	0.0000000000e+00
3.2707000000e-08	3.2707000000e-08	0.0000000000e+00
8.8563000000e-08	8.8563000000e-08	0.0000000000e+00
1.5839000000e-07	1.5839000000e-07	0.0000000000e+00
2.0004000000e-07	2.0004000000e-07	0.0000000000e+00
1.3848000000e-07	1.3848000000e-07	0.0000000000e+00
2.8760000000e-07	2.8760000000e-07	0.0000000000e+00
3.6716000000e-07	3.6716000000e-07	0.0000000000e+00
4.1259000000e-07	4.1259000000e-07	0.0000000000e+00
4.4626000000e-07	4.4626000000e-07	0.0000000000e+00
1.3493000000e-07	1.3493000000e-07	0.0000000000e+00
3.7594000000e-07	3.7594000000e-07	0.0000000000e+00
5.9728000000e-07	5.9728000000e-07	0.0000000000e+00
5.6046000000e-07	5.6046000000e-07	0.0000000000e+00
5.4225000000e-07	5.4225000000e-07	0.0000000000e+00
5.4914000000e-07	5.4914000000e-07	0.0000000000e+00
5.2651000000e-07	5.2651000000e-07	0.0000000000e+00
5.3270000000e-07	5.3270000000e-07	0.0000000000e+00
2.9480000000e-07	2.9480000000e-07	0.0000000000e+00
2.5006000000e-07	2.5006000000e-07	0.0000000000e+00
2.3034000000e-07	2.3034000000e-07	0.0000000000e+00
3.9548000000e-07	3.9548000000e-07	0.0000000000e+00
1.2548000000e-07	1.2548000000e-07	0.0000000000e+00
2.3274000000e-07	2.3274000000e-07	0.0000000000e+00
1.8267000000e-07	1.8267000000e-07	0.0000000000e+00
2.8343000000e-07	2.8343000000e-07	0.0000000000e+00
2.6674000000e-07	2.6674000000e-07	0.0000000000e+00
4.4290000000e-07	4.4290000000e-07	0.0000000000e+00
2.0412000000e-07	2.0412000000e-07	0.0000000000e+00
1.4467000000e-07	1.4467000000e-07	0.0000000000e+00
6.9800000000e-08	6.9800000000e-08	0.0000000000e+00
6.1096000000e-08	6.1096000000e-08	0.0000000000e+00
6.3342000000e-08	6.3342000000e-08	0.0000000000e+00
2.2694000000e-07	2.2694000000e-07	0.0000000000e+00
3.2080000000e-07	3.2080000000e-07	0.0000000000e+00
3.0807000000e-07	3.0807000000e-07	0.0000000000e+00
3.9203000000e-07	3.9203000000e-07	0.0000000000e+00
2.7443000000e-07	2.7443000000e-07	0.0000000000e+00
2.7094000000e-07	2.7094000000e-07	0.0000000000e+00
2.6690000000e-07	2.6690000000e-07	0.0000000000e+00
4.6884000000e-07	4.6884000000e-07	0.0000000000e+00
4.6906000000e-07	4.6906000000e-07	0.0000000000e+00
3.8874000000e-07	3.8874000000e-07	0.0000000000e+00
4.3628000000e-07	4.3628000000e-07	0.0000000000e+00
4.1698000000e-07	4.1698000000e-07	0.0000000000e+00
4.0042000000e-07	4.0042000000e-07	0.0000000000e+00
3.8230000000e-07	3.8230000000e-07	0.0000000000e+00
3.6552000000e-07	3.6552000000e-07	0.0000000000e+00
3.5619000000e-07	3.5619000000e-07	0.0000000000e+00
3.3954000000e-07	3.3954000000e-07	0.0000000000e+00
3.2370000000e-07	3.2370000000e-07	0.0000000000e+00
3.0863000000e-07	3.0863000000e-07	0.0000000000e+00
2.9430000000e-07	2.9430000000e-07	0.0000000000e+00
2.8067000000e-07	2.8067000000e-07	0.0000000000e+00
2.6771000000e-07	2.6771000000e-07	0.0000000000e+00
2.5539000000e-07	2.5539000000e-07	0.0000000000e+00
2.4368000000e-07	2.4368000000e-07	0.0000000000e+00
2.3255000000e-07	2.3255000000e-07	0.0000000000e+00
2.2198000000e-07	2.2198000000e-07	0.0000000000e+00
2.1194000000e-07	2.1194000000e-07	0.0000000000e+00
2.0242000000e-07	2.0242000000e-07	0.0000000000e+00
1.9339000000e-07	1.9339000000e-07	0.0000000000e+00
1.8484000000e-07	1.8484000000e-07	0.0000000000e+00
1.7673000000e-07	1.7673000000e-07	0.0000000000e+00
1.6907000000e-07	1.6907000000e-07	0.0000000000e+00
1.6182000000e-07	1.6182000000e-07	0.0000000000e+00
6.7610000000e-10	6.7610000000e-10	0.0000000000e+00
7.8978000000e-10	7.8978000000e-10	0.0000000000e+00
8.9227000000e-10	8.9227000000e-10	0.0000000000e+00
9.8419000000e-10	9.8419000000e-10	0.0000000000e+00
1.0597000000e-09	1.0597000000e-09	0.0000000000e+00
1.1114000000e-09	1.1114000000e-09	0.0000000000e+00
1.1355000000e-09	1.1355000000e-09	0.0000000000e+00
1.1231000000e-09	1.1231000000e-09	0.0000000000e+00
1.0718000000e-09	1.0718000000e-09	0.0000000000e+00
1.0011000000e-09	1.0011000000e-09	0.0000000000e+00
9.7677000000e-10	9.7677000000e-10	0.0000000000e+00
9.2522000000e-10	9.2522000000e-10	0.0000000000e+00
8.4720000000e-10	8.4720000000e-10	0.0000000000e+00
7.4458000000e-10	7.4458000000e-10	0.0000000000e+00
6.7602000000e-10	6.7602000000e-10	0.0000000000e+00
8.3266000000e-10	8.3266000000e-10	0.0000000000e+00
6.6767000000e-10	6.6767000000e-10	0.0000000000e+00
4.0167000000e-10	4.0167000000e-10	0.0000000000e+00
2.6959000000e-10	2.6959000000e-10	0.0000000000e+00
3.0101000000e-10	3.0101000000e-10	0.0000000000e+00
1.0550000000e-10	1.0550000000e-10	0.0000000000e+00
1.6685000000e-11	1.6685000000e-11	0.0000000000e+00
6.6523000000e-12	6.6523000000e-12	0.0000000000e+00
1.2376000000e-11	1.2376000000e-11	0.0000000000e+00
4.4196000000e-15	4.4196000000e-15	0.0000000000e+00
2.7928000000e-16	2.7928000000e-16	0.0000000000e+00
1.4647000000e-15	1.4647000000e-15	0.0000000000e+00
1.3479000000e-17	1.3479000000e-17	0.0000000000e+00
6.1942000000e-19	6.1942000000e-19	0.0000000000e+00
6.7687000000e-17	6.7687000000e-17	0.0000000000e+00
6.7014000000e-19	6.7014000000e-19	0.0000000000e+00
1.0100000000e-12	1.0100000000e-12	0.0000000000e+00
3.1731000000e-13	3.1731000000e-13	0.0000000000e+00
1.2175000000e-14	1.2175000000e-14	0.0000000000e+00
1.7871000000e-11	1.7871000000e-11	0.0000000000e+00
1.0280000000e-09	1.0280000000e-09	0.0000000000e+00
3.6946000000e-08	3.6946000000e-08	0.0000000000e+00
9.6028000000e-08	9.6028000000e-08	0.0000000000e+00
1.4177000000e-07	1.4177000000e-07	0.0000000000e+00
1.3697000000e-07	1.3697000000e-07	0.0000000000e+00
3.2530000000e-07	3.2530000000e-07	0.0000000000e+00
3.0340000000e-07	3.0340000000e-07	0.0000000000e+00
3.9378000000e-07	3.9378000000e-07	0.0000000000e+00
5.7605000000e-07	5.7605000000e-07	0.0000000000e+00
7.2210000000e-07	7.2210000000e-07	0.0000000000e+00
4.1178000000e-07	4.1178000000e-07	0.0000000000e+00
2.4546000000e-07	2.4546000000e-07	0.0000000000e+00
6.4811000000e-07	6.4811000000e-07	0.0000000000e+00
1.0192000000e-06	1.0192000000e-06	0.0000000000e+00
9.2886000000e-07	9.2886000000e-07	0.0000000000e+00
7.6407000000e-07	7.6407000000e-07	0.0000000000e+00
9.5051000000e-07	9.5051000000e-07	0.0000000000e+00
4.6487000000e-07	4.6487000000e-07	0.0000000000e+00
7.9997000000e-07	7.9997000000e-07	0.0000000000e+00
4.8204000000e-07	4.8204000000e-07	0.0000000000e+00
4.5485000000e-07	4.5485000000e-07	0.0000000000e+00
4.2296000000e-07	4.2296000000e-07	0.0000000000e+00
2.5681000000e-07	2.5681000000e-07	0.0000000000e+00
3.1693000000e-07	3.1693000000e-07	0.0000000000e+00
3.8766000000e-07	3.8766000000e-07	0.0000000000e+00
2.6349000000e-07	2.6349000000e-07	0.0000000000e+00
3.6045000000e-07	3.6045000000e-07	0.0000000000e+00
6.6093000000e-07	6.6093000000e-07	0.0000000000e+00
5.5776000000e-07	5.5776000000e-07	0.0000000000e+00
3.6073000000e-07	3.6073000000e-07	0.0000000000e+00
2.2682000000e-07	2.2682000000e-07	0.0000000000e+00
1.7688000000e-07	1.7688000000e-07	0.0000000000e+00
1.5336000000e-07	1.5336000000e-07	0.0000000000e+00
3.2711000000e-07	3.2711000000e-07	0.0000000000e+00
2.9352000000e-07	2.9352000000e-07	0.0000000000e+00
3.4029000000e-07	3.4029000000e-07	0.0000000000e+00
3.3978000000e-07	3.3978000000e-07	0.0000000000e+00
3.7530000000e-07	3.7530000000e-07	0.0000000000e+00
4.0834000000e-07	4.0834000000e-07	0.0000000000e+00
3.9431000000e-07	3.9431000000e-07	0.0000000000e+00
4.5444000000e-07	4.5444000000e-07	0.0000000000e+00
4.7908000000e-07	4.7908000000e-07	0.0000000000e+00
4.5843000000e-07	4.5843000000e-07	0.0000000000e+00
5.2431000000e-07	5.2431000000e-07	0.0000000000e+00
4.6780000000e-07	4.6780000000e-07	0.0000000000e+00
4.8934000000e-07	4.8934000000e-07	0.0000000000e+00
4.6497000000e-07	4.6497000000e-07	0.0000000000e+00
4.4052000000e-07	4.4052000000e-07	0.0000000000e+00
4.3184000000e-07	4.3184000000e-07	0.0000000000e+00
4.1068000000e-07	4.1068000000e-07	0.0000000000e+00
3.9065000000e-07	3.9065000000e-07	0.0000000000e+00
3.7169000000e-07	3.7169000000e-07	0.0000000000e+00
3.5374000000e-07	3.5374000000e-07	0.0000000000e+00
3.3673000000e-07	3.3673000000e-07	0.0000000000e+00
3.2063000000e-07	3.2063000000e-07	0.0000000000e+00
3.0537000000e-07	3.0537000000e-07	0.0000000000e+00
2.9093000000e-07	2.9093000000e-07	0.0000000000e+00
2.7726000000e-07	2.7726000000e-07	0.0000000000e+00
2.6431000000e-07	2.6431000000e-07	0.0000000000e+00
2.5206000000e-07	2.5206000000e-07	0.0000000000e+00
2.4048000000e-07	2.4048000000e-07	0.0000000000e+00
2.2953000000e-07	2.2953000000e-07	0.0000000000e+00
2.1918000000e-07	2.1918000000e-07	0.0000000000e+00
2.0941000000e-07	2.0941000000e-07	0.0000000000e+00
2.0019000000e-07	2.0019000000e-07	0.0000000000e+00
1.9150000000e-07	1.9150000000e-07	0.0000000000e+00
7.5788000000e-10	7.5788000000e-10	0.0000000000e+00
8.8691000000e-10	8.8691000000e-10	0.0000000000e+00
1.0054000000e-09	1.0054000000e-09	0.0000000000e+00
1.1130000000e-09	1.1130000000e-09	0.0000000000e+00
1.2030000000e-09	1.2030000000e-09	0.0000000000e+00
1.2689000000e-09	1.2689000000e-09	0.0000000000e+00
1.3007000000e-09	1.3007000000e-09	0.0000000000e+00
1.2949000000e-09	1.2949000000e-09	0.0000000000e+00
1.2430000000e-09	1.2430000000e-09	0.0000000000e+00
1.1768000000e-09	1.1768000000e-09	0.0000000000e+00
1.1545000000e-09	1.1545000000e-09	0.0000000000e+00
1.1028000000e-09	1.1028000000e-09	0.0000000000e+00
1.0246000000e-09	1.0246000000e-09	0.0000000000e+00
9.2314000000e-10	9.2314000000e-10	0.0000000000e+00
8.6331000000e-10	8.6331000000e-10	0.0000000000e+00
1.0261000000e-09	1.0261000000e-09	0.0000000000e+00
9.6778000000e-10	9.6778000000e-10	0.0000000000e+00
4.4120000000e-10	4.4120000000e-10	0.0000000000e+00
9.7934000000e-10	9.7934000000e-10	0.0000000000e+00
8.7597000000e-10	8.7597000000e-10	0.0000000000e+00
1.5347000000e-10	1.5347000000e-10	0.0000000000e+00
1.2850000000e-10	1.2850000000e-10	0.0000000000e+00
6.9554000000e-11	6.9554000000e-11	0.0000000000e+00
2.5602000000e-10	2.5602000000e-10	0.0000000000e+00
2.3192000000e-12	2.3192000000e-12	0.0000000000e+00
4.1549000000e-18	4.1549000000e-18	0.0000000000e+00
3.7520000000e-13	3.7520000000e-13	0.0000000000e+00
6.8529000000e-13	6.8529000000e-13	0.0000000000e+00
1.2700000000e-15	1.2700000000e-15	0.0000000000e+00
3.8556000000e-17	3.8556000000e-17	0.0000000000e+00
3.9391000000e-17	3.9391000000e-17	0.0000000000e+00
7.3987000000e-04	7.3987000000e-04	0.0000000000e+00
3.2960000000e-04	3.2960000000e-04	0.0000000000e+00
2.7504000000e-14	2.7504000000e-14	0.0000000000e+00
1.5858000000e-11	1.5859000000e-11	-2.7385596497e-05
7.6936000000e-09	7.6936000000e-09	0.0000000000e+00
8.6901000000e-08	8.6901000000e-08	0.0000000000e+00
6.9967000000e-08	6.9967000000e-08	0.0000000000e+00
7.0577000000e-08	7.0577000000e-08	0.0000000000e+00
1.8015000000e-07	1.8015000000e-07	0.0000000000e+00
1.0250000000e-07	1.0250000000e-07	0.0000000000e+00
3.9611000000e-07	3.9611000000e-07	0.0000000000e+00
7.1743000000e-07	7.1743000000e-07	0.0000000000e+00
9.8691000000e-07	9.8691000000e-07	0.0000000000e+00
1.2496000000e-06	1.2496000000e-06	0.0000000000e+00
1.4731000000e-06	1.4731000000e-06	0.0000000000e+00
7.7826000000e-07	7.7826000000e-07	0.0000000000e+00
1.4081000000e-06	1.4081000000e-06	0.0000000000e+00
1.5990000000e-06	1.5990000000e-06	0.0000000000e+00
1.6882000000e-06	1.6882000000e-06	0.0000000000e+00
1.4213000000e-06	1.4213000000e-06	0.0000000000e+00
1.4371000000e-06	1.4371000000e-06	0.0000000000e+00
9.3258000000e-07	9.3258000000e-07	0.0000000000e+00
1.1554000000e-06	1.1554000000e-06	0.0000000000e+00
6.7064000000e-07	6.7064000000e-07	0.0000000000e+00
6.1763000000e-07	6.1763000000e-07	0.0000000000e+00
5.3189000000e-07	5.3189000000e-07	0.0000000000e+00
1.6252000000e-07	1.6252000000e-07	0.0000000000e+00
3.9328000000e-07	3.9328000000e-07	0.0000000000e+00
2.4895000000e-07	2.4895000000e-07	0.0000000000e+00
3.7252000000e-07	3.7252000000e-07	0.0000000000e+00
3.8097000000e-07	3.8097000000e-07	0.0000000000e+00
6.3516000000e-07	6.3516000000e-07	0.0000000000e+00
6.7505000000e-07	6.7505000000e-07	0.0000000000e+00
5.7370000000e-07	5.7370000000e-07	0.0000000000e+00
4.2243000000e-07	4.2243000000e-07	0.0000000000e+00
1.5538000000e-07	1.5538000000e-07	0.0000000000e+00
2.4538000000e-07	2.4538000000e-07	0.0000000000e+00
4.4223000000e-07	4.4223000000e-07	0.0000000000e+00
6.1925000000e-07	6.1925000000e-07	0.0000000000e+00
5.2497000000e-07	5.2497000000e-07	0.0000000000e+00
6.0099000000e-07	6.0099000000e-07	0.0000000000e+00
4.6393000000e-07	4.6393000000e-07	0.0000000000e+00
5.3956000000e-07	5.3956000000e-07	0.0000000000e+00
5.0841000000e-07	5.0841000000e-07	0.0000000000e+00
5.3506000000e-07	5.3506000000e-07	0.0000000000e+00
6.8821000000e-07	6.8821000000e-07	0.0000000000e+00
6.3939000000e-07	6.3939000000e-07	0.0000000000e+00
5.9934000000e-07	5.9934000000e-07	0.0000000000e+00
6.1892000000e-07	6.1892000000e-07	0.0000000000e+00
5.9240000000e-07	5.9240000000e-07	0.0000000000e+00
5.6692000000e-07	5.6692000000e-07	0.0000000000e+00
5.3366000000e-07	5.3366000000e-07	0.0000000000e+00
5.2408000000e-07	5.2408000000e-07	0.0000000000e+00
4.9719000000e-07	4.9719000000e-07	0.0000000000e+00
4.7187000000e-07	4.7187000000e-07	0.0000000000e+00
4.4800000000e-07	4.4800000000e-07	0.0000000000e+00
4.2551000000e-07	4.2551000000e-07	0.0000000000e+00
4.0429000000e-07	4.0429000000e-07	0.0000000000e+00
3.8428000000e-07	3.8428000000e-07	0.0000000000e+00
3.6540000000e-07	3.6540000000e-07	0.0000000000e+00
3.4759000000e-07	3.4759000000e-07	0.0000000000e+00
3.3079000000e-07	3.3079000000e-07	0.0000000000e+00
3.1494000000e-07	3.1494000000e-07	0.0000000000e+00
2.9999000000e-07	2.9999000000e-07	0.0000000000e+00
2.8589000000e-07	2.8589000000e-07	0.0000000000e+00
2.7261000000e-07	2.7261000000e-07	0.0000000000e+00
2.6009000000e-07	2.6009000000e-07	0.0000000000e+00
2.4831000000e-07	2.4831000000e-07	0.0000000000e+00
2.3723000000e-07	2.3723000000e-07	0.0000000000e+00
2.2681000000e-07	2.2681000000e-07	0.0000000000e+00
8.4988000000e-10	8.4988000000e-10	0.0000000000e+00
9.9639000000e-10	9.9639000000e-10	0.0000000000e+00
1.1333000000e-09	1.1333000000e-09	0.0000000000e+00
1.2592000000e-09	1.2592000000e-09	0.0000000000e+00
1.3647000000e-09	1.3647000000e-09	0.0000000000e+00
1.4474000000e-09	1.4474000000e-09	0.0000000000e+00
1.4928000000e-09	1.4928000000e-09	0.0000000000e+00
1.4920000000e-09	1.4920000000e-09	0.0000000000e+00
1.4384000000e-09	1.4384000000e-09	0.0000000000e+00
1.3797000000e-09	1.3797000000e-09	0.0000000000e+00
1.3593000000e-09	1.3593000000e-09	0.0000000000e+00
1.3033000000e-09	1.3033000000e-09	0.0000000000e+00
1.2188000000e-09	1.2188000000e-09	0.0000000000e+00
1.1106000000e-09	1.1106000000e-09	0.0000000000e+00
1.0489000000e-09	1.0489000000e-09	0.0000000000e+00
9.8936000000e-10	9.8936000000e-10	0.0000000000e+00
7.3139000000e-10	7.3139000000e-10	0.0000000000e+00
1.1462000000e-09	1.1462000000e-09	0.0000000000e+00
2.2248000000e-09	2.2248000000e-09	0.0000000000e+00
1.4894000000e-09	1.4894000000e-09	0.0000000000e+00
2.1210000000e-10	2.1210000000e-10	0.0000000000e+00
2.1949000000e-10	2.1949000000e-10	0.0000000000e+00
3.8991000000e-10	3.8991000000e-10	0.0000000000e+00
3.3796000000e-10	3.3796000000e-10	0.0000000000e+00
1.5550000000e-11	1.5550000000e-11	0.0000000000e+00
1.2752000000e-14	1.2752000000e-14	0.0000000000e+00
2.0097000000e-11	2.0097000000e-11	0.0000000000e+00
8.3614000000e-12	8.3614000000e-12	0.0000000000e+00
9.9887000000e-13	9.9887000000e-13	0.0000000000e+00
5.6897000000e-14	5.6897000000e-14	0.0000000000e+00
1.2715000000e-14	1.2715000000e-14	0.0000000000e+00
7.0462000000e-14	7.0462000000e-14	0.0000000000e+00
2.3286000000e-13	2.3286000000e-13	0.0000000000e+00
1.7318000000e-11	1.7318000000e-11	0.0000000000e+00
1.0871000000e-09	1.0871000000e-09	0.0000000000e+00
3.3752000000e-08	3.3752000000e-08	0.0000000000e+00
1.0490000000e-07	1.0490000000e-07	0.0000000000e+00
1.3831000000e-07	1.3831000000e-07	0.0000000000e+00
1.9387000000e-07	1.9387000000e-07	0.0000000000e+00
4.2034000000e-07	4.2034000000e-07	0.0000000000e+00
4.3392000000e-07	4.3392000000e-07	0.0000000000e+00
1.7901000000e-07	1.7901000000e-07	0.0000000000e+00
2.8372000000e-07	2.8372000000e-07	0.0000000000e+00
1.1414000000e-06	1.1414000000e-06	0.0000000000e+00
1.8206000000e-06	1.8206000000e-06	0.0000000000e+00
2.5936000000e-06	2.5936000000e-06	0.0000000000e+00
2.3510000000e-06	2.3510000000e-06	0.0000000000e+00
2.4199000000e-06	2.4199000000e-06	0.0000000000e+00
2.3958000000e-06	2.3958000000e-06	0.0000000000e+00
2.6223000000e-06	2.6223000000e-06	0.0000000000e+00
2.5284000000e-06	2.5284000000e-06	0.0000000000e+00
2.1115000000e-06	2.1115000000e-06	0.0000000000e+00
1.7934000000e-06	1.7934000000e-06	0.0000000000e+00
1.6392000000e-06	1.6392000000e-06	0.0000000000e+00
9.9785000000e-07	9.9785000000e-07	0.0000000000e+00
1.0506000000e-06	1.0506000000e-06	0.0000000000e+00
6.7664000000e-07	6.7664000000e-07	0.0000000000e+00
6.4517000000e-07	6.4517000000e-07	0.0000000000e+00
2.4490000000e-07	2.4490000000e-07	0.0000000000e+00
5.3300000000e-07	5.3300000000e-07	0.0000000000e+00
3.5599000000e-07	3.5599000000e-07	0.0000000000e+00
3.1139000000e-07	3.1139000000e-07	0.0000000000e+00
2.8147000000e-07	2.8147000000e-07	0.0000000000e+00
6.9208000000e-07	6.9208000000e-07	0.0000000000e+00
5.4304000000e-07	5.4304000000e-07	0.0000000000e+00
4.7321000000e-07	4.7321000000e-07	0.0000000000e+00
3.4234000000e-07	3.4234000000e-07	0.0000000000e+00
4.3164000000e-07	4.3164000000e-07	0.0000000000e+00
4.7978000000e-07	4.7978000000e-07	0.0000000000e+00
6.0850000000e-07	6.0850000000e-07	0.0000000000e+00
5.4249000000e-07	5.4249000000e-07	0.0000000000e+00
5.9062000000e-07	5.9062000000e-07	0.0000000000e+00
5.8293000000e-07	5.8293000000e-07	0.0000000000e+00
7.1840000000e-07	7.1840000000e-07	0.0000000000e+00
9.1180000000e-07	9.1180000000e-07	0.0000000000e+00
8.6283000000e-07	8.6283000000e-07	0.0000000000e+00
7.8605000000e-07	7.8605000000e-07	0.0000000000e+00
6.5962000000e-07	6.5962000000e-07	0.0000000000e+00
7.3902000000e-07	7.3902000000e-07	0.0000000000e+00
7.4610000000e-07	7.4610000000e-07	0.0000000000e+00
6.9818000000e-07	6.9818000000e-07	0.0000000000e+00
6.9204000000e-07	6.9204000000e-07	0.0000000000e+00
6.6379000000e-07	6.6379000000e-07	0.0000000000e+00
6.3666000000e-07	6.3666000000e-07	0.0000000000e+00
6.0250000000e-07	6.0250000000e-07	0.0000000000e+00
5.7049000000e-07	5.7049000000e-07	0.0000000000e+00
5.4047000000e-07	5.4047000000e-07	0.0000000000e+00
5.1228000000e-07	5.1228000000e-07	0.0000000000e+00
4.8581000000e-07	4.8581000000e-07	0.0000000000e+00
4.6095000000e-07	4.6095000000e-07	0.0000000000e+00
4.3758000000e-07	4.3758000000e-07	0.0000000000e+00
4.1561000000e-07	4.1561000000e-07	0.0000000000e+00
3.9496000000e-07	3.9496000000e-07	0.0000000000e+00
3.7555000000e-07	3.7555000000e-07	0.0000000000e+00
3.5730000000e-07	3.5730000000e-07	0.0000000000e+00
3.4015000000e-07	3.4015000000e-07	0.0000000000e+00
3.2404000000e-07	3.2404000000e-07	0.0000000000e+00
3.0890000000e-07	3.0890000000e-07	0.0000000000e+00
2.9469000000e-07	2.9469000000e-07	0.0000000000e+00
2.8136000000e-07	2.8136000000e-07	0.0000000000e+00
2.6887000000e-07	2.6887000000e-07	0.0000000000e+00
9.5213000000e-10	9.5213000000e-10	0.0000000000e+00
1.1198000000e-09	1.1198000000e-09	0.0000000000e+00
1.2779000000e-09	1.2779000000e-09	0.0000000000e+00
1.4251000000e-09	1.4251000000e-09	0.0000000000e+00
1.5527000000e-09	1.5527000000e-09	0.0000000000e+00
1.6540000000e-09	1.6540000000e-09	0.0000000000e+00
1.7142000000e-09	1.7142000000e-09	0.0000000000e+00
1.7249000000e-09	1.7249000000e-09	0.0000000000e+00
1.6731000000e-09	1.6731000000e-09	0.0000000000e+00
1.6213000000e-09	1.6213000000e-09	0.0000000000e+00
1.6014000000e-09	1.6014000000e-09	0.0000000000e+00
1.5415000000e-09	1.5415000000e-09	0.0000000000e+00
1.4460000000e-09	1.4460000000e-09	0.0000000000e+00
1.3203000000e-09	1.3203000000e-09	0.0000000000e+00
1.2774000000e-09	1.2774000000e-09	0.0000000000e+00
1.3550000000e-09	1.3550000000e-09	0.0000000000e+00
2.0208000000e-09	2.0208000000e-09	0.0000000000e+00
2.7774000000e-09	2.7774000000e-09	0.0000000000e+00
2.6985000000e-09	2.6985000000e-09	0.0000000000e+00
1.1596000000e-09	1.1596000000e-09	0.0000000000e+00
4.2785000000e-10	4.2785000000e-10	0.0000000000e+00
9.5912000000e-10	9.5912000000e-10	0.0000000000e+00
3.5120000000e-09	3.5120000000e-09	0.0000000000e+00
1.9637000000e-09	1.9637000000e-09	0.0000000000e+00
8.0900000000e-10	8.0900000000e-10	0.0000000000e+00
3.1863000000e-10	3.1863000000e-10	0.0000000000e+00
8.8322000000e-10	8.8322000000e-10	0.0000000000e+00
3.6994000000e-10	3.6994000000e-10	0.0000000000e+00
6.8334000000e-11	6.8334000000e-11	0.0000000000e+00
2.6909000000e-11	2.6909000000e-11	0.0000000000e+00
8.8894000000e-11	8.8894000000e-11	0.0000000000e+00
2.4723000000e-10	2.4723000000e-10	0.0000000000e+00
7.5028000000e-10	7.5029000000e-10	-5.7883935026e-06
2.1889000000e-09	2.1889000000e-09	0.0000000000e+00
7.1788000000e-09	7.1788000000e-09	0.0000000000e+00
2.3101000000e-08	2.3101000000e-08	0.0000000000e+00
7.9574000000e-08	7.9574000000e-08	0.0000000000e+00
2.2450000000e-07	2.2450000000e-07	0.0000000000e+00
3.8280000000e-07	3.8280000000e-07	0.0000000000e+00
4.1055000000e-07	4.1055000000e-07	0.0000000000e+00
8.2328000000e-07	8.2328000000e-07	0.0000000000e+00
1.0623000000e-06	1.0623000000e-06	0.0000000000e+00
3.3711000000e-07	3.3711000000e-07	0.0000000000e+00
5.0436000000e-07	5.0436000000e-07	0.0000000000e+00
3.5202000000e-06	3.5202000000e-06	0.0000000000e+00
3.8662000000e-06	3.8662000000e-06	0.0000000000e+00
4.6717000000e-06	4.6717000000e-06	0.0000000000e+00
4.0753000000e-06	4.0753000000e-06	0.0000000000e+00
3.8576000000e-06	3.8576000000e-06	0.0000000000e+00
4.3365000000e-06	4.3365000000e-06	0.0000000000e+00
4.4352000000e-06	4.4352000000e-06	0.0000000000e+00
3.9189000000e-06	3.9189000000e-06	0.0000000000e+00
3.0841000000e-06	3.0841000000e-06	0.0000000000e+00
2.6684000000e-06	2.6684000000e-06	0.0000000000e+00
2.5792000000e-06	2.5792000000e-06	0.0000000000e+00
1.3787000000e-06	1.3787000000e-06	0.0000000000e+00
1.7909000000e-06	1.7909000000e-06	0.0000000000e+00
9.3626000000e-07	9.3626000000e-07	0.0000000000e+00
7.8944000000e-07	7.8944000000e-07	0.0000000000e+00
3.9641000000e-07	3.9641000000e-07	0.0000000000e+00
3.7604000000e-07	3.7604000000e-07	0.0000000000e+00
4.8938000000e-07	4.8938000000e-07	0.0000000000e+00
1.1356000000e-06	1.1356000000e-06	0.0000000000e+00
1.1783000000e-06	1.1783000000e-06	0.0000000000e+00
6.6275000000e-07	6.6274000000e-07	6.5529650456e-06
7.6082000000e-07	7.6082000000e-07	0.0000000000e+00
8.7717000000e-07	8.7717000000e-07	0.0000000000e+00
7.5399000000e-07	7.5399000000e-07	0.0000000000e+00
1.0108000000e-06	1.0108000000e-06	0.0000000000e+00
9.1778000000e-07	9.1778000000e-07	0.0000000000e+00
8.4485000000e-07	8.4485000000e-07	0.0000000000e+00
7.9706000000e-07	7.9706000000e-07	0.0000000000e+00
7.0180000000e-07	7.0180000000e-07	0.0000000000e+00
9.5393000000e-07	9.5393000000e-07	0.0000000000e+00
1.0869000000e-06	1.0869000000e-06	0.0000000000e+00
1.0585000000e-06	1.0585000000e-06	0.0000000000e+00
1.0585000000e-06	1.0585000000e-06	0.0000000000e+00
7.8714000000e-07	7.8714000000e-07	0.0000000000e+00
9.3495000000e-07	9.3495000000e-07	0.0000000000e+00
8.5302000000e-07	8.5302000000e-07	0.0000000000e+00
8.8474000000e-07	8.8474000000e-07	0.0000000000e+00
8.5644000000e-07	8.5644000000e-07	0.0000000000e+00
7.9384000000e-07	7.9384000000e-07	0.0000000000e+00
7.7423000000e-07	7.7423000000e-07	0.0000000000e+00
7.3087000000e-07	7.3087000000e-07	0.0000000000e+00
6.9041000000e-07	6.9041000000e-07	0.0000000000e+00
6.5263000000e-07	6.5263000000e-07	0.0000000000e+00
6.1732000000e-07	6.1732000000e-07	0.0000000000e+00
5.8430000000e-07	5.8430000000e-07	0.0000000000e+00
5.5340000000e-07	5.5340000000e-07	0.0000000000e+00
5.2447000000e-07	5.2447000000e-07	0.0000000000e+00
4.9738000000e-07	4.9738000000e-07	0.0000000000e+00
4.7200000000e-07	4.7200000000e-07	0.0000000000e+00
4.4822000000e-07	4.4822000000e-07	0.0000000000e+00
4.2594000000e-07	4.2594000000e-07	0.0000000000e+00
4.0507000000e-07	4.0507000000e-07	0.0000000000e+00
3.8552000000e-07	3.8552000000e-07	0.0000000000e+00
3.6721000000e-07	3.6721000000e-07	0.0000000000e+00
3.5007000000e-07	3.5007000000e-07	0.0000000000e+00
3.3404000000e-07	3.3404000000e-07	0.0000000000e+00
3.1906000000e-07	3.1906000000e-07	0.0000000000e+00
1.0683000000e-09	1.0683000000e-09	0.0000000000e+00
1.2603000000e-09	1.2603000000e-09	0.0000000000e+00
1.4451000000e-09	1.4451000000e-09	0.0000000000e+00
1.6174000000e-09	1.6174000000e-09	0.0000000000e+00
1.7716000000e-09	1.7716000000e-09	0.0000000000e+00
1.8957000000e-09	1.8957000000e-09	0.0000000000e+00
1.9796000000e-09	1.9796000000e-09	0.0000000000e+00
2.0032000000e-09	2.0032000000e-09	0.0000000000e+00
1.9555000000e-09	1.9555000000e-09	0.0000000000e+00
1.9149000000e-09	1.9149000000e-09	0.0000000000e+00
1.9012000000e-09	1.9012000000e-09	0.0000000000e+00
1.8407000000e-09	1.8407000000e-09	0.0000000000e+00
1.7423000000e-09	1.7423000000e-09	0.0000000000e+00
1.6133000000e-09	1.6133000000e-09	0.0000000000e+00
1.5895000000e-09	1.5895000000e-09	0.0000000000e+00
1.8019000000e-09	1.8019000000e-09	0.0000000000e+00
4.4953000000e-09	4.4953000000e-09	0.0000000000e+00
2.8145000000e-09	2.8145000000e-09	0.0000000000e+00
4.0117000000e-09	4.0117000000e-09	0.0000000000e+00
3.7010000000e-09	3.7010000000e-09	0.0000000000e+00
2.9668000000e-09	2.9668000000e-09	0.0000000000e+00
5.6497000000e-09	5.6497000000e-09	0.0000000000e+00
6.5605000000e-09	6.5605000000e-09	0.0000000000e+00
4.4163000000e-09	4.4163000000e-09	0.0000000000e+00
4.6710000000e-09	4.6710000000e-09	0.0000000000e+00
4.0713000000e-09	4.0713000000e-09	0.0000000000e+00
4.3329000000e-09	4.3329000000e-09	0.0000000000e+00
4.6693000000e-09	4.6693000000e-09	0.0000000000e+00
4.3243000000e-09	4.3243000000e-09	0.0000000000e+00
8.0248000000e-10	8.0248000000e-10	0.0000000000e+00
4.2274000000e-10	4.2274000000e-10	0.0000000000e+00
2.6382000000e-09	2.6382000000e-09	0.0000000000e+00
4.5056000000e-09	4.5056000000e-09	0.0000000000e+00
2.9757000000e-08	2.9757000000e-08	0.0000000000e+00
3.2779000000e-08	3.2779000000e-08	0.0000000000e+00
1.7137000000e-07	1.7137000000e-07	0.0000000000e+00
4.6103000000e-07	4.6103000000e-07	0.0000000000e+00
7.6664000000e-07	7.6664000000e-07	0.0000000000e+00
5.6580000000e-07	5.6580000000e-07	0.0000000000e+00
1.1896000000e-06	1.1896000000e-06	0.0000000000e+00
1.5322000000e-06	1.5322000000e-06	0.0000000000e+00
1.5014000000e-06	1.5014000000e-06	0.0000000000e+00
4.6911000000e-06	4.6911000000e-06	0.0000000000e+00
9.9791000000e-07	9.9791000000e-07	0.0000000000e+00
2.0698000000e-06	2.0698000000e-06	0.0000000000e+00
5.9995000000e-06	5.9995000000e-06	0.0000000000e+00
6.2340000000e-06	6.2340000000e-06	0.0000000000e+00
7.2614000000e-06	7.2614000000e-06	0.0000000000e+00
5.9647000000e-06	5.9647000000e-06	0.0000000000e+00
6.5865000000e-06	6.5865000000e-06	0.0000000000e+00
6.8908000000e-06	6.8908000000e-06	0.0000000000e+00
6.2543000000e-06	6.2543000000e-06	0.0000000000e+00
5.5215000000e-06	5.5215000000e-06	0.0000000000e+00
4.9781000000e-06	4.9781000000e-06	0.0000000000e+00
4.1473000000e-06	4.1473000000e-06	0.0000000000e+00
3.6262000000e-06	3.6262000000e-06	0.0000000000e+00
1.3180000000e-06	1.3180000000e-06	0.0000000000e+00
1.3118000000e-06	1.3118000000e-06	0.0000000000e+00
6.4266000000e-07	6.4266000000e-07	0.0000000000e+00
8.2685000000e-08	8.2685000000e-08	0.0000000000e+00
8.3234000000e-07	8.3234000000e-07	0.0000000000e+00
9.0198000000e-07	9.0198000000e-07	0.0000000000e+00
1.1129000000e-06	1.1129000000e-06	0.0000000000e+00
9.3770000000e-07	9.3770000000e-07	0.0000000000e+00
1.4106000000e-06	1.4106000000e-06	0.0000000000e+00
1.3231000000e-06	1.3231000000e-06	0.0000000000e+00
1.3158000000e-06	1.3158000000e-06	0.0000000000e+00
1.4333000000e-06	1.4333000000e-06	0.0000000000e+00
1.4037000000e-06	1.4037000000e-06	0.0000000000e+00
1.1046000000e-06	1.1046000000e-06	0.0000000000e+00
1.0663000000e-06	1.0663000000e-06	0.0000000000e+00
1.0389000000e-06	1.0389000000e-06	0.0000000000e+00
1.0980000000e-06	1.0980000000e-06	0.0000000000e+00
1.1307000000e-06	1.1307000000e-06	0.0000000000e+00
1.1737000000e-06	1.1737000000e-06	0.0000000000e+00
1.1510000000e-06	1.1510000000e-06	0.0000000000e+00
1.2924000000e-06	1.2924000000e-06	0.0000000000e+00
1.2551000000e-06	1.2551000000e-06	0.0000000000e+00
1.2190000000e-06	1.2190000000e-06	0.0000000000e+00
1.1718000000e-06	1.1718000000e-06	0.0000000000e+00
1.0831000000e-06	1.0831000000e-06	0.0000000000e+00
1.0477000000e-06	1.0477000000e-06	0.0000000000e+00
9.7265000000e-07	9.7265000000e-07	0.0000000000e+00
9.4256000000e-07	9.4256000000e-07	0.0000000000e+00
8.8751000000e-07	8.8751000000e-07	0.0000000000e+00
8.3639000000e-07	8.3639000000e-07	0.0000000000e+00
7.8886000000e-07	7.8886000000e-07	0.0000000000e+00
7.4463000000e-07	7.4463000000e-07	0.0000000000e+00
7.0344000000e-07	7.0344000000e-07	0.0000000000e+00
6.6504000000e-07	6.6504000000e-07	0.0000000000e+00
6.2922000000e-07	6.2922000000e-07	0.0000000000e+00
5.9580000000e-07	5.9580000000e-07	0.0000000000e+00
5.6460000000e-07	5.6460000000e-07	0.0000000000e+00
5.3547000000e-07	5.3547000000e-07	0.0000000000e+00
5.0826000000e-07	5.0826000000e-07	0.0000000000e+00
4.8285000000e-07	4.8285000000e-07	0.0000000000e+00
4.5912000000e-07	4.5912000000e-07	0.0000000000e+00
4.3697000000e-07	4.3697000000e-07	0.0000000000e+00
4.1630000000e-07	4.1630000000e-07	0.0000000000e+00
3.9702000000e-07	3.9702000000e-07	0.0000000000e+00
3.7905000000e-07	3.7905000000e-07	0.0000000000e+00
1.2020000000e-09	1.2020000000e-09	0.0000000000e+00
1.4224000000e-09	1.4224000000e-09	0.0000000000e+00
1.6364000000e-09	1.6364000000e-09	0.0000000000e+00
1.8407000000e-09	1.8407000000e-09	0.0000000000e+00
2.0295000000e-09	2.0295000000e-09	0.0000000000e+00
2.1872000000e-09	2.1872000000e-09	0.0000000000e+00
2.2987000000e-09	2.2987000000e-09	0.0000000000e+00
2.3429000000e-09	2.3429000000e-09	0.0000000000e+00
2.3058000000e-09	2.3058000000e-09	0.0000000000e+00
2.2749000000e-09	2.2749000000e-09	0.0000000000e+00
2.2783000000e-09	2.2783000000e-09	0.0000000000e+00
2.2305000000e-09	2.2305000000e-09	0.0000000000e+00
2.1557000000e-09	2.1557000000e-09	0.0000000000e+00
2.0865000000e-09	2.0865000000e-09	0.0000000000e+00
2.1363000000e-09	2.1363000000e-09	0.0000000000e+00
2.4322000000e-09	2.4322000000e-09	0.0000000000e+00
4.3493000000e-09	4.3493000000e-09	0.0000000000e+00
4.2770000000e-09	4.2770000000e-09	0.0000000000e+00
3.3764000000e-09	3.3764000000e-09	0.0000000000e+00
1.0461000000e-08	1.0461000000e-08	0.0000000000e+00
1.3242000000e-08	1.3242000000e-08	0.0000000000e+00
1.0288000000e-08	1.0288000000e-08	0.0000000000e+00
8.2490000000e-09	8.2490000000e-09	0.0000000000e+00
7.7269000000e-09	7.7269000000e-09	0.0000000000e+00
1.2061000000e-08	1.2061000000e-08	0.0000000000e+00
1.3751000000e-08	1.3751000000e-08	0.0000000000e+00
2.0662000000e-08	2.0662000000e-08	0.0000000000e+00
8.5560000000e-09	8.5560000000e-09	0.0000000000e+00
7.4731000000e-09	7.4731000000e-09	0.0000000000e+00
1.0866000000e-08	1.0866000000e-08	0.0000000000e+00
2.6257000000e-08	2.6257000000e-08	0.0000000000e+00
3.1075000000e-08	3.1075000000e-08	0.0000000000e+00
9.9446000000e-09	9.9446000000e-09	0.0000000000e+00
5.2017000000e-08	5.2017000000e-08	0.0000000000e+00
8.9387000000e-08	8.9387000000e-08	0.0000000000e+00
3.1004000000e-07	3.1004000000e-07	0.0000000000e+00
8.3595000000e-07	8.3595000000e-07	0.0000000000e+00
1.7336000000e-06	1.7336000000e-06	0.0000000000e+00
1.5082000000e-06	1.5082000000e-06	0.0000000000e+00
2.6232000000e-06	2.6232000000e-06	0.0000000000e+00
4.6549000000e-06	4.6549000000e-06	0.0000000000e+00
3.6016000000e-06	3.6016000000e-06	0.0000000000e+00
5.5405000000e-06	5.5405000000e-06	0.0000000000e+00
6.5416000000e-06	6.5416000000e-06	0.0000000000e+00
7.6562000000e-06	7.6562000000e-06	0.0000000000e+00
9.2761000000e-06	9.2761000000e-06	0.0000000000e+00
9.7321000000e-06	9.7321000000e-06	0.0000000000e+00
1.2045000000e-05	1.2045000000e-05	0.0000000000e+00
1.1613000000e-05	1.1613000000e-05	0.0000000000e+00
1.0768000000e-05	1.0767000000e-05	4.0333826999e-05
1.0989000000e-05	1.0989000000e-05	0.0000000000e+00
9.0651000000e-06	9.0651000000e-06	0.0000000000e+00
8.0924000000e-06	8.0924000000e-06	0.0000000000e+00
2.1417000000e-06	2.1417000000e-06	0.0000000000e+00
6.4074000000e-06	6.4074000000e-06	0.0000000000e+00
3.8891000000e-06	3.8891000000e-06	0.0000000000e+00
2.4247000000e-06	2.4247000000e-06	0.0000000000e+00
2.1430000000e-06	2.1430000000e-06	0.0000000000e+00
1.0673000000e-06	1.0673000000e-06	0.0000000000e+00
9.2843000000e-07	9.2843000000e-07	0.0000000000e+00
9.1072000000e-07	9.1072000000e-07	0.0000000000e+00
1.4949000000e-06	1.4949000000e-06	0.0000000000e+00
1.2993000000e-06	1.2993000000e-06	0.0000000000e+00
1.0866000000e-06	1.0866000000e-06	0.0000000000e+00
1.5064000000e-06	1.5064000000e-06	0.0000000000e+00
1.5543000000e-06	1.5543000000e-06	0.0000000000e+00
2.0773000000e-06	2.0773000000e-06	0.0000000000e+00
1.8802000000e-06	1.8802000000e-06	0.0000000000e+00
1.6144000000e-06	1.6144000000e-06	0.0000000000e+00
1.6298000000e-06	1.6298000000e-06	0.0000000000e+00
1.3262000000e-06	1.3262000000e-06	0.0000000000e+00
1.3279000000e-06	1.3279000000e-06	0.0000000000e+00
1.2315000000e-06	1.2315000000e-06	0.0000000000e+00
1.2920000000e-06	1.2920000000e-06	0.0000000000e+00
1.4666000000e-06	1.4666000000e-06	0.0000000000e+00
1.4533000000e-06	1.4533000000e-06	0.0000000000e+00
1.4733000000e-06	1.4733000000e-06	0.0000000000e+00
1.4137000000e-06	1.4137000000e-06	0.0000000000e+00
1.3394000000e-06	1.3394000000e-06	0.0000000000e+00
1.4326000000e-06	1.4326000000e-06	0.0000000000e+00
1.3530000000e-06	1.3530000000e-06	0.0000000000e+00
1.2621000000e-06	1.2621000000e-06	0.0000000000e+00
1.2134000000e-06	1.2134000000e-06	0.0000000000e+00
1.1487000000e-06	1.1487000000e-06	0.0000000000e+00
1.0789000000e-06	1.0789000000e-06	0.0000000000e+00
1.0143000000e-06	1.0143000000e-06	0.0000000000e+00
9.5453000000e-07	9.5453000000e-07	0.0000000000e+00
8.9913000000e-07	8.9913000000e-07	0.0000000000e+00
8.4774000000e-07	8.4774000000e-07	0.0000000000e+00
8.0002000000e-07	8.0002000000e-07	0.0000000000e+00
7.5567000000e-07	7.5567000000e-07	0.0000000000e+00
7.1444000000e-07	7.1444000000e-07	0.0000000000e+00
6.7608000000e-07	6.7608000000e-07	0.0000000000e+00
6.4037000000e-07	6.4037000000e-07	0.0000000000e+00
6.0714000000e-07	6.0714000000e-07	0.0000000000e+00
5.7620000000e-07	5.7620000000e-07	0.0000000000e+00
5.4739000000e-07	5.4739000000e-07	0.0000000000e+00
5.2058000000e-07	5.2058000000e-07	0.0000000000e+00
4.9563000000e-07	4.9563000000e-07	0.0000000000e+00
4.7243000000e-07	4.7243000000e-07	0.0000000000e+00
4.5086000000e-07	4.5086000000e-07	0.0000000000e+00
1.3542000000e-09	1.3542000000e-09	0.0000000000e+00
1.6114000000e-09	1.6114000000e-09	0.0000000000e+00
1.8624000000e-09	1.8624000000e-09	0.0000000000e+00
2.1079000000e-09	2.1079000000e-09	0.0000000000e+00
2.3366000000e-09	2.3366000000e-09	0.0000000000e+00
2.5362000000e-09	2.5362000000e-09	0.0000000000e+00
2.6865000000e-09	2.6865000000e-09	0.0000000000e+00
2.7659000000e-09	2.7659000000e-09	0.0000000000e+00
2.7493000000e-09	2.7493000000e-09	0.0000000000e+00
2.7249000000e-09	2.7249000000e-09	0.0000000000e+00
2.7516000000e-09	2.7515000000e-09	1.5783630388e-05
2.7281000000e-09	2.7281000000e-09	0.0000000000e+00
2.7087000000e-09	2.7087000000e-09	0.0000000000e+00
2.7987000000e-09	2.7987000000e-09	0.0000000000e+00
3.1563000000e-09	3.1563000000e-09	0.0000000000e+00
4.2829000000e-09	4.2829000000e-09	0.0000000000e+00
5.4062000000e-09	5.4062000000e-09	0.0000000000e+00
3.5596000000e-09	3.5596000000e-09	0.0000000000e+00
6.0338000000e-09	6.0338000000e-09	0.0000000000e+00
1.7340000000e-08	1.7340000000e-08	0.0000000000e+00
6.5157000000e-09	6.5157000000e-09	0.0000000000e+00
1.3886000000e-08	1.3886000000e-08	0.0000000000e+00
2.0483000000e-08	2.0483000000e-08	0.0000000000e+00
1.1954000000e-08	1.1954000000e-08	0.0000000000e+00
3.1057000000e-08	3.1057000000e-08	0.0000000000e+00
2.5652000000e-08	2.5652000000e-08	0.0000000000e+00
2.0000000000e-08	2.0000000000e-08	0.0000000000e+00
1.1812000000e-08	1.1812000000e-08	0.0000000000e+00
1.5000000000e-08	1.5000000000e-08	0.0000000000e+00
4.0828000000e-08	4.0828000000e-08	0.0000000000e+00
5.2475000000e-08	5.2475000000e-08	0.0000000000e+00
1.4460000000e-07	1.4460000000e-07	0.0000000000e+00
1.6581000000e-07	1.6581000000e-07	0.0000000000e+00
3.3269000000e-07	3.3269000000e-07	0.0000000000e+00
1.2738000000e-07	1.2738000000e-07	0.0000000000e+00
9.8549000000e-07	9.8549000000e-07	0.0000000000e+00
1.6057000000e-06	1.6057000000e-06	0.0000000000e+00
2.0417000000e-06	2.0417000000e-06	0.0000000000e+00
2.8345000000e-06	2.8345000000e-06	0.0000000000e+00
3.5125000000e-06	3.5125000000e-06	0.0000000000e+00
9.5591000000e-06	9.5591000000e-06	0.0000000000e+00
1.1276000000e-05	1.1276000000e-05	0.0000000000e+00
8.6802000000e-06	8.6802000000e-06	0.0000000000e+00
9.0822000000e-06	9.0822000000e-06	0.0000000000e+00
1.4674000000e-05	1.4674000000e-05	0.0000000000e+00
1.5341000000e-05	1.5341000000e-05	0.0000000000e+00
1.6390000000e-05	1.6390000000e-05	0.0000000000e+00
1.7457000000e-05	1.7457000000e-05	0.0000000000e+00
1.9416000000e-05	1.9416000000e-05	0.0000000000e+00
1.6305000000e-05	1.6305000000e-05	0.0000000000e+00
1.6991000000e-05	1.6991000000e-05	0.0000000000e+00
1.5142000000e-05	1.5142000000e-05	0.0000000000e+00
1.3304000000e-05	1.3304000000e-05	0.0000000000e+00
5.3638000000e-06	5.3638000000e-06	0.0000000000e+00
6.4725000000e-06	6.4725000000e-06	0.0000000000e+00
7.0378000000e-06	7.0378000000e-06	0.0000000000e+00
4.5485000000e-06	4.5485000000e-06	0.0000000000e+00
2.1618000000e-06	2.1618000000e-06	0.0000000000e+00
1.2463000000e-06	1.2463000000e-06	0.0000000000e+00
1.5081000000e-06	1.5081000000e-06	0.0000000000e+00
1.0225000000e-06	1.0225000000e-06	0.0000000000e+00
1.7341000000e-06	1.7341000000e-06	0.0000000000e+00
1.5496000000e-06	1.5496000000e-06	0.0000000000e+00
1.7823000000e-06	1.7823000000e-06	0.0000000000e+00
1.8168000000e-06	1.8168000000e-06	0.0000000000e+00
1.8884000000e-06	1.8884000000e-06	0.0000000000e+00
2.2935000000e-06	2.2935000000e-06	0.0000000000e+00
2.0927000000e-06	2.0927000000e-06	0.0000000000e+00
2.1529000000e-06	2.1529000000e-06	0.0000000000e+00
2.0540000000e-06	2.0540000000e-06	0.0000000000e+00
1.5936000000e-06	1.5936000000e-06	0.0000000000e+00
1.4336000000e-06	1.4336000000e-06	0.0000000000e+00
5.6583000000e-07	5.6583000000e-07	0.0000000000e+00
8.8018000000e-07	8.8018000000e-07	0.0000000000e+00
1.4828000000e-06	1.4828000000e-06	0.0000000000e+00
1.4392000000e-06	1.4392000000e-06	0.0000000000e+00
1.6582000000e-06	1.6582000000e-06	0.0000000000e+00
1.7517000000e-06	1.7517000000e-06	0.0000000000e+00
1.6351000000e-06	1.6351000000e-06	0.0000000000e+00
1.6960000000e-06	1.6960000000e-06	0.0000000000e+00
1.5109000000e-06	1.5109000000e-06	0.0000000000e+00
1.5628000000e-06	1.5628000000e-06	0.0000000000e+00
1.4733000000e-06	1.4733000000e-06	0.0000000000e+00
1.4015000000e-06	1.4015000000e-06	0.0000000000e+00
1.3129000000e-06	1.3129000000e-06	0.0000000000e+00
1.2314000000e-06	1.2314000000e-06	0.0000000000e+00
1.1562000000e-06	1.1562000000e-06	0.0000000000e+00
1.0869000000e-06	1.0869000000e-06	0.0000000000e+00
1.0227000000e-06	1.0227000000e-06	0.0000000000e+00
9.6344000000e-07	9.6344000000e-07	0.0000000000e+00
9.0853000000e-07	9.0853000000e-07	0.0000000000e+00
8.5764000000e-07	8.5764000000e-07	0.0000000000e+00
8.1046000000e-07	8.1046000000e-07	0.0000000000e+00
7.6670000000e-07	7.6670000000e-07	0.0000000000e+00
7.2608000000e-07	7.2608000000e-07	0.0000000000e+00
6.8839000000e-07	6.8839000000e-07	0.0000000000e+00
6.5340000000e-07	6.5340000000e-07	0.0000000000e+00
6.2093000000e-07	6.2093000000e-07	0.0000000000e+00
5.9081000000e-07	5.9081000000e-07	0.0000000000e+00
5.6287000000e-07	5.6287000000e-07	0.0000000000e+00
5.3698000000e-07	5.3698000000e-07	0.0000000000e+00
1.5334000000e-09	1.5334000000e-09	0.0000000000e+00
1.8299000000e-09	1.8299000000e-09	0.0000000000e+00
2.1246000000e-09	2.1246000000e-09	0.0000000000e+00
2.4223000000e-09	2.4223000000e-09	0.0000000000e+00
2.7063000000e-09	2.7063000000e-09	0.0000000000e+00
2.9659000000e-09	2.9659000000e-09	0.0000000000e+00
3.1709000000e-09	3.1709000000e-09	0.0000000000e+00
3.2939000000e-09	3.2939000000e-09	0.0000000000e+00
3.3123000000e-09	3.3123000000e-09	0.0000000000e+00
3.2856000000e-09	3.2856000000e-09	0.0000000000e+00
3.3466000000e-09	3.3466000000e-09	0.0000000000e+00
3.3476000000e-09	3.3476000000e-09	0.0000000000e+00
3.3787000000e-09	3.3787000000e-09	0.0000000000e+00
3.6350000000e-09	3.6350000000e-09	0.0000000000e+00
4.4409000000e-09	4.4409000000e-09	0.0000000000e+00
6.0834000000e-09	6.0834000000e-09	0.0000000000e+00
9.3725000000e-09	9.3725000000e-09	0.0000000000e+00
7.6839000000e-09	7.6839000000e-09	0.0000000000e+00
1.8526000000e-08	1.8526000000e-08	0.0000000000e+00
1.9733000000e-08	1.9733000000e-08	0.0000000000e+00
1.9615000000e-08	1.9615000000e-08	0.0000000000e+00
3.6301000000e-08	3.6301000000e-08	0.0000000000e+00
2.8357000000e-08	2.8357000000e-08	0.0000000000e+00
2.3503000000e-08	2.3503000000e-08	0.0000000000e+00
5.0030000000e-08	5.0030000000e-08	0.0000000000e+00
3.6082000000e-08	3.6082000000e-08	0.0000000000e+00
3.8248000000e-08	3.8248000000e-08	0.0000000000e+00
3.8586000000e-08	3.8586000000e-08	0.0000000000e+00
1.6898000000e-08	1.6898000000e-08	0.0000000000e+00
3.5314000000e-08	3.5314000000e-08	0.0000000000e+00
5.0645000000e-08	5.0645000000e-08	0.0000000000e+00
3.1915000000e-07	3.1915000000e-07	0.0000000000e+00
3.7821000000e-07	3.7821000000e-07	0.0000000000e+00
6.2155000000e-07	6.2155000000e-07	0.0000000000e+00
9.1992000000e-07	9.1992000000e-07	0.0000000000e+00
1.5234000000e-06	1.5234000000e-06	0.0000000000e+00
1.3729000000e-06	1.3729000000e-06	0.0000000000e+00
6.6417000000e-06	6.6417000000e-06	0.0000000000e+00
9.7493000000e-06	9.7493000000e-06	0.0000000000e+00
6.4382000000e-06	6.4382000000e-06	0.0000000000e+00
7.8754000000e-06	7.8754000000e-06	0.0000000000e+00
1.1238000000e-05	1.1238000000e-05	0.0000000000e+00
2.2009000000e-05	2.2009000000e-05	0.0000000000e+00
1.9910000000e-05	1.9910000000e-05	0.0000000000e+00
2.3815000000e-05	2.3815000000e-05	0.0000000000e+00
2.7499000000e-05	2.7499000000e-05	0.0000000000e+00
2.7983000000e-05	2.7983000000e-05	0.0000000000e+00
2.7226000000e-05	2.7226000000e-05	0.0000000000e+00
3.1376000000e-05	3.1376000000e-05	0.0000000000e+00
2.5226000000e-05	2.5226000000e-05	0.0000000000e+00
2.5250000000e-05	2.5250000000e-05	0.0000000000e+00
2.4336000000e-05	2.4336000000e-05	0.0000000000e+00
1.9703000000e-05	1.9703000000e-05	0.0000000000e+00
1.1467000000e-05	1.1467000000e-05	0.0000000000e+00
8.5461000000e-06	8.5461000000e-06	0.0000000000e+00
8.2433000000e-06	8.2432000000e-06	5.2684861178e-06
6.5577000000e-06	6.5577000000e-06	0.0000000000e+00
3.4497000000e-06	3.4497000000e-06	0.0000000000e+00
4.2101000000e-06	4.2101000000e-06	0.0000000000e+00
2.0427000000e-06	2.0427000000e-06	0.0000000000e+00
2.8862000000e-06	2.8862000000e-06	0.0000000000e+00
2.8220000000e-06	2.8220000000e-06	0.0000000000e+00
8.5178000000e-07	8.5178000000e-07	0.0000000000e+00
2.3699000000e-06	2.3699000000e-06	0.0000000000e+00
2.2978000000e-06	2.2978000000e-06	0.0000000000e+00
3.3473000000e-06	3.3473000000e-06	0.0000000000e+00
2.6176000000e-06	2.6176000000e-06	0.0000000000e+00
2.6551000000e-06	2.6551000000e-06	0.0000000000e+00
2.5053000000e-06	2.5053000000e-06	0.0000000000e+00
1.8504000000e-06	1.8504000000e-06	0.0000000000e+00
4.1694000000e-07	4.1694000000e-07	0.0000000000e+00
3.7038000000e-07	3.7038000000e-07	0.0000000000e+00
5.8178000000e-07	5.8178000000e-07	0.0000000000e+00
1.6483000000e-06	1.6483000000e-06	0.0000000000e+00
1.6081000000e-06	1.6081000000e-06	0.0000000000e+00
1.3810000000e-06	1.3810000000e-06	0.0000000000e+00
2.2976000000e-06	2.2976000000e-06	0.0000000000e+00
2.3996000000e-06	2.3996000000e-06	0.0000000000e+00
1.4211000000e-06	1.4211000000e-06	0.0000000000e+00
2.1684000000e-06	2.1684000000e-06	0.0000000000e+00
2.0612000000e-06	2.0612000000e-06	0.0000000000e+00
1.9227000000e-06	1.9227000000e-06	0.0000000000e+00
1.8196000000e-06	1.8196000000e-06	0.0000000000e+00
1.7116000000e-06	1.7116000000e-06	0.0000000000e+00
1.5994000000e-06	1.5994000000e-06	0.0000000000e+00
1.4965000000e-06	1.4965000000e-06	0.0000000000e+00
1.4021000000e-06	1.4021000000e-06	0.0000000000e+00
1.3152000000e-06	1.3152000000e-06	0.0000000000e+00
1.2353000000e-06	1.2353000000e-06	0.0000000000e+00
1.1616000000e-06	1.1616000000e-06	0.0000000000e+00
1.0935000000e-06	1.0935000000e-06	0.0000000000e+00
1.0307000000e-06	1.0307000000e-06	0.0000000000e+00
9.7270000000e-07	9.7270000000e-07	0.0000000000e+00
9.1903000000e-07	9.1903000000e-07	0.0000000000e+00
8.6938000000e-07	8.6938000000e-07	0.0000000000e+00
8.2344000000e-07	8.2344000000e-07	0.0000000000e+00
7.8092000000e-07	7.8092000000e-07	0.0000000000e+00
7.4158000000e-07	7.4158000000e-07	0.0000000000e+00
7.0518000000e-07	7.0518000000e-07	0.0000000000e+00
6.7153000000e-07	6.7153000000e-07	0.0000000000e+00
6.4042000000e-07	6.4042000000e-07	0.0000000000e+00
1.7402000000e-09	1.7402000000e-09	0.0000000000e+00
2.0853000000e-09	2.0853000000e-09	0.0000000000e+00
2.4377000000e-09	2.4378000000e-09	-1.7815382298e-05
2.7962000000e-09	2.7962000000e-09	0.0000000000e+00
3.1520000000e-09	3.1520000000e-09	0.0000000000e+00
3.4877000000e-09	3.4877000000e-09	0.0000000000e+00
3.7726000000e-09	3.7726000000e-09	0.0000000000e+00
3.9701000000e-09	3.9701000000e-09	0.0000000000e+00
4.0400000000e-09	4.0400000000e-09	0.0000000000e+00
3.9998000000e-09	3.9998000000e-09	0.0000000000e+00
4.1118000000e-09	4.1118000000e-09	0.0000000000e+00
4.1359000000e-09	4.1359000000e-09	0.0000000000e+00
4.1664000000e-09	4.1664000000e-09	0.0000000000e+00
4.4108000000e-09	4.4108000000e-09	0.0000000000e+00
5.2929000000e-09	5.2929000000e-09	0.0000000000e+00
7.7865000000e-09	7.7865000000e-09	0.0000000000e+00
7.6610000000e-09	7.6610000000e-09	0.0000000000e+00
2.6348000000e-08	2.6348000000e-08	0.0000000000e+00
2.0132000000e-08	2.0132000000e-08	0.0000000000e+00
1.1891000000e-08	1.1891000000e-08	0.0000000000e+00
2.7260000000e-08	2.7260000000e-08	0.0000000000e+00
3.7973000000e-08	3.7973000000e-08	0.0000000000e+00
3.7473000000e-08	3.7473000000e-08	0.0000000000e+00
4.0619000000e-08	4.0619000000e-08	0.0000000000e+00
5.7103000000e-08	5.7103000000e-08	0.0000000000e+00
1.0424000000e-07	1.0424000000e-07	0.0000000000e+00
6.5550000000e-08	6.5550000000e-08	0.0000000000e+00
8.1775000000e-08	8.1775000000e-08	0.0000000000e+00
3.0077000000e-08	3.0077000000e-08	0.0000000000e+00
5.3479000000e-08	5.3479000000e-08	0.0000000000e+00
3.0748000000e-07	3.0748000000e-07	0.0000000000e+00
4.1526000000e-07	4.1526000000e-07	0.0000000000e+00
1.0644000000e-06	1.0644000000e-06	0.0000000000e+00
1.5169000000e-06	1.5169000000e-06	0.0000000000e+00
2.2615000000e-06	2.2615000000e-06	0.0000000000e+00
2.7994000000e-06	2.7994000000e-06	0.0000000000e+00
4.0196000000e-06	4.0196000000e-06	0.0000000000e+00
1.0195000000e-05	1.0195000000e-05	0.0000000000e+00
8.1177000000e-06	8.1177000000e-06	0.0000000000e+00
1.7371000000e-05	1.7371000000e-05	0.0000000000e+00
2.6643000000e-05	2.6643000000e-05	0.0000000000e+00
2.7276000000e-05	2.7276000000e-05	0.0000000000e+00
2.9559000000e-05	2.9559000000e-05	0.0000000000e+00
4.3656000000e-05	4.3656000000e-05	0.0000000000e+00
3.7494000000e-05	3.7494000000e-05	0.0000000000e+00
4.3796000000e-05	4.3796000000e-05	0.0000000000e+00
4.1180000000e-05	4.1180000000e-05	0.0000000000e+00
4.1966000000e-05	4.1966000000e-05	0.0000000000e+00
4.4053000000e-05	4.4053000000e-05	0.0000000000e+00
4.0578000000e-05	4.0578000000e-05	0.0000000000e+00
4.0332000000e-05	4.0332000000e-05	0.0000000000e+00
3.6453000000e-05	3.6453000000e-05	0.0000000000e+00
3.0392000000e-05	3.0392000000e-05	0.0000000000e+00
2.3013000000e-05	2.3013000000e-05	0.0000000000e+00
7.9842000000e-06	7.9842000000e-06	0.0000000000e+00
1.5914000000e-05	1.5914000000e-05	0.0000000000e+00
9.5038000000e-06	9.5038000000e-06	0.0000000000e+00
7.1161000000e-06	7.1161000000e-06	0.0000000000e+00
5.5735000000e-06	5.5735000000e-06	0.0000000000e+00
5.0035000000e-06	5.0035000000e-06	0.0000000000e+00
3.7241000000e-06	3.7241000000e-06	0.0000000000e+00
3.3982000000e-06	3.3982000000e-06	0.0000000000e+00
2.3134000000e-06	2.3134000000e-06	0.0000000000e+00
1.8083000000e-06	1.8083000000e-06	0.0000000000e+00
3.7075000000e-06	3.7075000000e-06	0.0000000000e+00
2.9080000000e-06	2.9080000000e-06	0.0000000000e+00
3.3113000000e-06	3.3113000000e-06	0.0000000000e+00
1.7122000000e-06	1.7122000000e-06	0.0000000000e+00
2.6138000000e-06	2.6138000000e-06	0.0000000000e+00
4.3112000000e-07	4.3112000000e-07	0.0000000000e+00
1.1774000000e-06	1.1774000000e-06	0.0000000000e+00
1.8138000000e-07	1.8138000000e-07	0.0000000000e+00
8.6887000000e-07	8.6887000000e-07	0.0000000000e+00
1.1623000000e-06	1.1623000000e-06	0.0000000000e+00
2.1610000000e-06	2.1610000000e-06	0.0000000000e+00
2.5517000000e-06	2.5517000000e-06	0.0000000000e+00
1.9077000000e-06	1.9077000000e-06	0.0000000000e+00
1.5045000000e-06	1.5045000000e-06	0.0000000000e+00
1.1394000000e-06	1.1394000000e-06	0.0000000000e+00
1.2367000000e-06	1.2367000000e-06	0.0000000000e+00
2.2329000000e-06	2.2329000000e-06	0.0000000000e+00
1.7294000000e-06	1.7294000000e-06	0.0000000000e+00
2.0281000000e-06	2.0281000000e-06	0.0000000000e+00
2.0925000000e-06	2.0925000000e-06	0.0000000000e+00
1.9504000000e-06	1.9504000000e-06	0.0000000000e+00
1.8207000000e-06	1.8207000000e-06	0.0000000000e+00
1.7020000000e-06	1.7020000000e-06	0.0000000000e+00
1.5933000000e-06	1.5933000000e-06	0.0000000000e+00
1.4936000000e-06	1.4936000000e-06	0.0000000000e+00
1.4020000000e-06	1.4020000000e-06	0.0000000000e+00
1.3178000000e-06	1.3178000000e-06	0.0000000000e+00
1.2403000000e-06	1.2403000000e-06	0.0000000000e+00
1.1688000000e-06	1.1688000000e-06	0.0000000000e+00
1.1030000000e-06	1.1030000000e-06	0.0000000000e+00
1.0423000000e-06	1.0423000000e-06	0.0000000000e+00
9.8625000000e-07	9.8625000000e-07	0.0000000000e+00
9.3455000000e-07	9.3455000000e-07	0.0000000000e+00
8.8685000000e-07	8.8685000000e-07	0.0000000000e+00
8.4285000000e-07	8.4285000000e-07	0.0000000000e+00
8.0227000000e-07	8.0227000000e-07	0.0000000000e+00
7.6487000000e-07	7.6487000000e-07	0.0000000000e+00
1.9792000000e-09	1.9792000000e-09	0.0000000000e+00
2.3839000000e-09	2.3839000000e-09	0.0000000000e+00
2.8057000000e-09	2.8057000000e-09	0.0000000000e+00
3.2452000000e-09	3.2452000000e-09	0.0000000000e+00
3.6904000000e-09	3.6904000000e-09	0.0000000000e+00
4.1320000000e-09	4.1320000000e-09	0.0000000000e+00
4.5271000000e-09	4.5271000000e-09	0.0000000000e+00
4.8378000000e-09	4.8378000000e-09	0.0000000000e+00
5.0088000000e-09	5.0088000000e-09	0.0000000000e+00
4.9887000000e-09	4.9887000000e-09	0.0000000000e+00
5.1357000000e-09	5.1357000000e-09	0.0000000000e+00
5.2119000000e-09	5.2119000000e-09	0.0000000000e+00
5.2016000000e-09	5.2016000000e-09	0.0000000000e+00
5.1826000000e-09	5.1826000000e-09	0.0000000000e+00
5.3852000000e-09	5.3852000000e-09	0.0000000000e+00
6.8524000000e-09	6.8524000000e-09	0.0000000000e+00
8.9636000000e-09	8.9636000000e-09	0.0000000000e+00
1.8002000000e-08	1.8002000000e-08	0.0000000000e+00
2.1238000000e-08	2.1238000000e-08	0.0000000000e+00
2.1818000000e-08	2.1818000000e-08	0.0000000000e+00
3.0724000000e-08	3.0724000000e-08	0.0000000000e+00
3.5689000000e-08	3.5689000000e-08	0.0000000000e+00
8.4594000000e-08	8.4594000000e-08	0.0000000000e+00
4.8267000000e-08	4.8267000000e-08	0.0000000000e+00
8.0093000000e-08	8.0093000000e-08	0.0000000000e+00
1.1429000000e-07	1.1429000000e-07	0.0000000000e+00
9.2737000000e-08	9.2737000000e-08	0.0000000000e+00
5.6767000000e-08	5.6767000000e-08	0.0000000000e+00
5.0427000000e-08	5.0427000000e-08	0.0000000000e+00
3.1545000000e-07	3.1545000000e-07	0.0000000000e+00
4.2377000000e-07	4.2377000000e-07	0.0000000000e+00
9.4715000000e-07	9.4715000000e-07	0.0000000000e+00
1.1691000000e-06	1.1691000000e-06	0.0000000000e+00
2.3336000000e-06	2.3336000000e-06	0.0000000000e+00
3.7443000000e-06	3.7443000000e-06	0.0000000000e+00
7.4795000000e-06	7.4795000000e-06	0.0000000000e+00
7.0771000000e-06	7.0771000000e-06	0.0000000000e+00
1.0069000000e-05	1.0069000000e-05	0.0000000000e+00
1.2514000000e-05	1.2514000000e-05	0.0000000000e+00
3.1939000000e-05	3.1939000000e-05	0.0000000000e+00
2.7770000000e-05	2.7770000000e-05	0.0000000000e+00
3.5621000000e-05	3.5621000000e-05	0.0000000000e+00
6.3339000000e-05	6.3339000000e-05	0.0000000000e+00
5.0706000000e-05	5.0706000000e-05	0.0000000000e+00
6.6833000000e-05	6.6833000000e-05	0.0000000000e+00
7.1417000000e-05	7.1417000000e-05	0.0000000000e+00
7.7972000000e-05	7.7972000000e-05	0.0000000000e+00
7.2513000000e-05	7.2513000000e-05	0.0000000000e+00
6.4973000000e-05	6.4973000000e-05	0.0000000000e+00
6.2983000000e-05	6.2983000000e-05	0.0000000000e+00
5.7092000000e-05	5.7092000000e-05	0.0000000000e+00
5.2464000000e-05	5.2464000000e-05	0.0000000000e+00
4.0996000000e-05	4.0996000000e-05	0.0000000000e+00
3.4442000000e-05	3.4442000000e-05	0.0000000000e+00
2.7492000000e-05	2.7492000000e-05	0.0000000000e+00
2.6388000000e-05	2.6388000000e-05	0.0000000000e+00
1.3585000000e-05	1.3585000000e-05	0.0000000000e+00
1.7199000000e-05	1.7199000000e-05	0.0000000000e+00
1.2149000000e-05	1.2149000000e-05	0.0000000000e+00
6.2924000000e-06	6.2924000000e-06	0.0000000000e+00
3.3018000000e-06	3.3018000000e-06	0.0000000000e+00
3.3030000000e-06	3.3030000000e-06	0.0000000000e+00
3.9026000000e-06	3.9026000000e-06	0.0000000000e+00
1.8075000000e-06	1.8075000000e-06	0.0000000000e+00
2.5823000000e-06	2.5823000000e-06	0.0000000000e+00
1.2813000000e-06	1.2813000000e-06	0.0000000000e+00
2.6249000000e-06	2.6249000000e-06	0.0000000000e+00
2.0158000000e-06	2.0158000000e-06	0.0000000000e+00
2.0531000000e-06	2.0531000000e-06	0.0000000000e+00
2.1747000000e-07	2.1747000000e-07	0.0000000000e+00
2.5723000000e-07	2.5723000000e-07	0.0000000000e+00
1.0599000000e-06	1.0599000000e-06	0.0000000000e+00
1.1201000000e-06	1.1201000000e-06	0.0000000000e+00
1.3076000000e-06	1.3076000000e-06	0.0000000000e+00
2.1574000000e-06	2.1574000000e-06	0.0000000000e+00
9.4274000000e-07	9.4274000000e-07	0.0000000000e+00
7.8853000000e-07	7.8853000000e-07	0.0000000000e+00
1.9067000000e-06	1.9067000000e-06	0.0000000000e+00
1.1675000000e-06	1.1675000000e-06	0.0000000000e+00
6.7032000000e-07	6.7032000000e-07	0.0000000000e+00
2.2261000000e-06	2.2261000000e-06	0.0000000000e+00
1.4539000000e-06	1.4539000000e-06	0.0000000000e+00
1.3400000000e-06	1.3400000000e-06	0.0000000000e+00
1.9787000000e-06	1.9787000000e-06	0.0000000000e+00
2.3808000000e-06	2.3808000000e-06	0.0000000000e+00
2.2173000000e-06	2.2173000000e-06	0.0000000000e+00
2.0683000000e-06	2.0683000000e-06	0.0000000000e+00
1.9323000000e-06	1.9323000000e-06	0.0000000000e+00
1.8080000000e-06	1.8080000000e-06	0.0000000000e+00
1.6942000000e-06	1.6942000000e-06	0.0000000000e+00
1.5899000000e-06	1.5899000000e-06	0.0000000000e+00
1.4941000000e-06	1.4941000000e-06	0.0000000000e+00
1.4062000000e-06	1.4062000000e-06	0.0000000000e+00
1.3254000000e-06	1.3254000000e-06	0.0000000000e+00
1.2511000000e-06	1.2511000000e-06	0.0000000000e+00
1.1828000000e-06	1.1828000000e-06	0.0000000000e+00
1.1199000000e-06	1.1199000000e-06	0.0000000000e+00
1.0620000000e-06	1.0620000000e-06	0.0000000000e+00
1.0088000000e-06	1.0088000000e-06	0.0000000000e+00
9.5982000000e-07	9.5982000000e-07	0.0000000000e+00
9.1482000000e-07	9.1482000000e-07	0.0000000000e+00
2.2581000000e-09	2.2581000000e-09	0.0000000000e+00
2.7335000000e-09	2.7335000000e-09	0.0000000000e+00
3.2383000000e-09	3.2383000000e-09	0.0000000000e+00
3.7760000000e-09	3.7760000000e-09	0.0000000000e+00
4.3413000000e-09	4.3413000000e-09	0.0000000000e+00
4.9173000000e-09	4.9173000000e-09	0.0000000000e+00
5.4681000000e-09	5.4681000000e-09	0.0000000000e+00
5.9464000000e-09	5.9464000000e-09	0.0000000000e+00
6.2934000000e-09	6.2934000000e-09	0.0000000000e+00
6.4268000000e-09	6.4268000000e-09	0.0000000000e+00
6.5530000000e-09	6.5530000000e-09	0.0000000000e+00
6.8027000000e-09	6.8027000000e-09	0.0000000000e+00
6.8720000000e-09	6.8720000000e-09	0.0000000000e+00
6.6646000000e-09	6.6646000000e-09	0.0000000000e+00
6.2160000000e-09	6.2160000000e-09	0.0000000000e+00
6.2666000000e-09	6.2666000000e-09	0.0000000000e+00
1.4878000000e-08	1.4878000000e-08	0.0000000000e+00
1.9055000000e-08	1.9055000000e-08	0.0000000000e+00
5.6289000000e-08	5.6289000000e-08	0.0000000000e+00
6.3554000000e-08	6.3554000000e-08	0.0000000000e+00
5.2764000000e-08	5.2764000000e-08	0.0000000000e+00
4.8788000000e-08	4.8788000000e-08	0.0000000000e+00
5.7556000000e-08	5.7556000000e-08	0.0000000000e+00
9.6177000000e-08	9.6177000000e-08	0.0000000000e+00
9.1712000000e-08	9.1712000000e-08	0.0000000000e+00
1.7511000000e-07	1.7511000000e-07	0.0000000000e+00
1.3733000000e-07	1.3733000000e-07	0.0000000000e+00
2.4166000000e-07	2.4166000000e-07	0.0000000000e+00
9.2267000000e-08	9.2267000000e-08	0.0000000000e+00
2.0172000000e-07	2.0172000000e-07	0.0000000000e+00
5.4950000000e-08	5.4949000000e-08	7.9035201761e-06
5.3109000000e-07	5.3109000000e-07	0.0000000000e+00
1.9437000000e-06	1.9437000000e-06	0.0000000000e+00
2.0351000000e-06	2.0351000000e-06	0.0000000000e+00
3.7031000000e-06	3.7031000000e-06	0.0000000000e+00
7.9489000000e-06	7.9489000000e-06	0.0000000000e+00
1.0640000000e-05	1.0640000000e-05	0.0000000000e+00
3.0142000000e-05	3.0142000000e-05	0.0000000000e+00
3.0876000000e-05	3.0876000000e-05	0.0000000000e+00
3.6870000000e-05	3.6870000000e-05	0.0000000000e+00
5.9906000000e-05	5.9906000000e-05	0.0000000000e+00
7.9442000000e-05	7.9442000000e-05	0.0000000000e+00
1.0617000000e-04	1.0617000000e-04	0.0000000000e+00
1.0976000000e-04	1.0976000000e-04	0.0000000000e+00
1.0834000000e-04	1.0834000000e-04	0.0000000000e+00
9.9759000000e-05	9.9759000000e-05	0.0000000000e+00
1.0332000000e-04	1.0332000000e-04	0.0000000000e+00
9.7278000000e-05	9.7278000000e-05	0.0000000000e+00
1.0729000000e-04	1.0729000000e-04	0.0000000000e+00
9.8648000000e-05	9.8648000000e-05	0.0000000000e+00
8.9385000000e-05	8.9385000000e-05	0.0000000000e+00
7.6516000000e-05	7.6516000000e-05	0.0000000000e+00
6.4214000000e-05	6.4214000000e-05	0.0000000000e+00
5.3672000000e-05	5.3672000000e-05	0.0000000000e+00
4.5250000000e-05	4.5250000000e-05	0.0000000000e+00
3.5680000000e-05	3.5680000000e-05	0.0000000000e+00
3.0766000000e-05	3.0766000000e-05	0.0000000000e+00
1.5197000000e-05	1.5197000000e-05	0.0000000000e+00
8.5832000000e-06	8.5831000000e-06	5.0598496112e-06
8.1649000000e-06	8.1649000000e-06	0.0000000000e+00
5.7932000000e-06	5.7932000000e-06	0.0000000000e+00
4.8556000000e-07	4.8556000000e-07	0.0000000000e+00
3.2386000000e-06	3.2386000000e-06	0.0000000000e+00
2.4406000000e-06	2.4406000000e-06	0.0000000000e+00
2.4352000000e-06	2.4352000000e-06	0.0000000000e+00
5.2468000000e-07	5.2468000000e-07	0.0000000000e+00
2.0014000000e-06	2.0014000000e-06	0.0000000000e+00
1.5979000000e-06	1.5979000000e-06	0.0000000000e+00
2.6244000000e-06	2.6244000000e-06	0.0000000000e+00
1.7179000000e-06	1.7179000000e-06	0.0000000000e+00
8.8111000000e-07	8.8111000000e-07	0.0000000000e+00
5.9178000000e-07	5.9178000000e-07	0.0000000000e+00
1.2099000000e-06	1.2099000000e-06	0.0000000000e+00
2.2432000000e-06	2.2432000000e-06	0.0000000000e+00
1.3760000000e-06	1.3760000000e-06	0.0000000000e+00
8.5040000000e-07	8.5040000000e-07	0.0000000000e+00
2.5705000000e-06	2.5705000000e-06	0.0000000000e+00
3.3178000000e-06	3.3178000000e-06	0.0000000000e+00
5.8657000000e-07	5.8657000000e-07	0.0000000000e+00
1.1254000000e-06	1.1254000000e-06	0.0000000000e+00
1.1259000000e-06	1.1259000000e-06	0.0000000000e+00
1.1614000000e-06	1.1614000000e-06	0.0000000000e+00
1.3207000000e-06	1.3207000000e-06	0.0000000000e+00
2.1581000000e-06	2.1581000000e-06	0.0000000000e+00
2.7967000000e-06	2.7967000000e-06	0.0000000000e+00
2.7027000000e-06	2.7027000000e-06	0.0000000000e+00
2.5159000000e-06	2.5159000000e-06	0.0000000000e+00
2.3458000000e-06	2.3458000000e-06	0.0000000000e+00
2.1909000000e-06	2.1909000000e-06	0.0000000000e+00
2.0495000000e-06	2.0495000000e-06	0.0000000000e+00
1.9204000000e-06	1.9204000000e-06	0.0000000000e+00
1.8022000000e-06	1.8022000000e-06	0.0000000000e+00
1.6940000000e-06	1.6940000000e-06	0.0000000000e+00
1.5948000000e-06	1.5948000000e-06	0.0000000000e+00
1.5038000000e-06	1.5038000000e-06	0.0000000000e+00
1.4204000000e-06	1.4204000000e-06	0.0000000000e+00
1.3438000000e-06	1.3438000000e-06	0.0000000000e+00
1.2736000000e-06	1.2736000000e-06	0.0000000000e+00
1.2091000000e-06	1.2091000000e-06	0.0000000000e+00
1.1499000000e-06	1.1499000000e-06	0.0000000000e+00
1.0957000000e-06	1.0957000000e-06	0.0000000000e+00
2.5839000000e-09	2.5839000000e-09	0.0000000000e+00
3.1393000000e-09	3.1393000000e-09	0.0000000000e+00
3.7428000000e-09	3.7428000000e-09	0.0000000000e+00
4.4090000000e-09	4.4090000000e-09	0.0000000000e+00
5.1231000000e-09	5.1231000000e-09	0.0000000000e+00
5.8748000000e-09	5.8748000000e-09	0.0000000000e+00
6.6431000000e-09	6.6431000000e-09	0.0000000000e+00
7.3643000000e-09	7.3643000000e-09	0.0000000000e+00
7.9899000000e-09	7.9899000000e-09	0.0000000000e+00
8.4324000000e-09	8.4324000000e-09	0.0000000000e+00
8.6465000000e-09	8.6465000000e-09	0.0000000000e+00
9.1903000000e-09	9.1903000000e-09	0.0000000000e+00
9.7441000000e-09	9.7441000000e-09	0.0000000000e+00
1.0106000000e-08	1.0106000000e-08	0.0000000000e+00
1.0586000000e-08	1.0586000000e-08	0.0000000000e+00
1.4626000000e-08	1.4626000000e-08	0.0000000000e+00
4.8482000000e-08	4.8482000000e-08	0.0000000000e+00
2.4698000000e-08	2.4698000000e-08	0.0000000000e+00
7.9861000000e-08	7.9861000000e-08	0.0000000000e+00
3.5129000000e-08	3.5129000000e-08	0.0000000000e+00
4.2230000000e-08	4.2230000000e-08	0.0000000000e+00
7.2660000000e-08	7.2660000000e-08	0.0000000000e+00
1.3603000000e-07	1.3603000000e-07	0.0000000000e+00
9.4516000000e-08	9.4516000000e-08	0.0000000000e+00
1.5571000000e-07	1.5571000000e-07	0.0000000000e+00
2.4482000000e-07	2.4482000000e-07	0.0000000000e+00
1.8163000000e-07	1.8163000000e-07	0.0000000000e+00
3.7999000000e-07	3.7999000000e-07	0.0000000000e+00
1.4155000000e-07	1.4155000000e-07	0.0000000000e+00
1.6948000000e-07	1.6948000000e-07	0.0000000000e+00
8.4771000000e-07	8.4771000000e-07	0.0000000000e+00
1.5263000000e-06	1.5263000000e-06	0.0000000000e+00
2.1623000000e-06	2.1623000000e-06	0.0000000000e+00
3.6287000000e-06	3.6287000000e-06	0.0000000000e+00
7.4953000000e-06	7.4953000000e-06	0.0000000000e+00
1.2104000000e-05	1.2104000000e-05	0.0000000000e+00
2.0820000000e-05	2.0820000000e-05	0.0000000000e+00
4.4615000000e-05	4.4615000000e-05	0.0000000000e+00
6.5060000000e-05	6.5060000000e-05	0.0000000000e+00
9.3504000000e-05	9.3504000000e-05	0.0000000000e+00
1.1205000000e-04	1.1205000000e-04	0.0000000000e+00
1.1975000000e-04	1.1975000000e-04	0.0000000000e+00
1.3637000000e-04	1.3637000000e-04	0.0000000000e+00
1.5177000000e-04	1.5177000000e-04	0.0000000000e+00
1.5437000000e-04	1.5437000000e-04	0.0000000000e+00
1.5810000000e-04	1.5810000000e-04	0.0000000000e+00
1.6823000000e-04	1.6823000000e-04	0.0000000000e+00
1.7337000000e-04	1.7337000000e-04	0.0000000000e+00
1.5848000000e-04	1.5848000000e-04	0.0000000000e+00
1.4078000000e-04	1.4078000000e-04	0.0000000000e+00
1.2588000000e-04	1.2588000000e-04	0.0000000000e+00
1.0636000000e-04	1.0636000000e-04	0.0000000000e+00
8.9393000000e-05	8.9393000000e-05	0.0000000000e+00
7.5817000000e-05	7.5817000000e-05	0.0000000000e+00
6.3811000000e-05	6.3811000000e-05	0.0000000000e+00
5.1203000000e-05	5.1203000000e-05	0.0000000000e+00
3.0696000000e-05	3.0696000000e-05	0.0000000000e+00
2.3189000000e-05	2.3189000000e-05	0.0000000000e+00
2.5405000000e-05	2.5405000000e-05	0.0000000000e+00
7.2530000000e-06	7.2530000000e-06	0.0000000000e+00
5.5006000000e-07	5.5006000000e-07	0.0000000000e+00
1.8419000000e-08	1.8419000000e-08	0.0000000000e+00
2.8230000000e-06	2.8230000000e-06	0.0000000000e+00
2.3374000000e-06	2.3374000000e-06	0.0000000000e+00
1.4491000000e-07	1.4491000000e-07	0.0000000000e+00
3.5721000000e-07	3.5721000000e-07	0.0000000000e+00
2.9963000000e-06	2.9963000000e-06	0.0000000000e+00
4.2179000000e-06	4.2179000000e-06	0.0000000000e+00
4.0536000000e-07	4.0536000000e-07	0.0000000000e+00
4.1521000000e-07	4.1521000000e-07	0.0000000000e+00
1.1780000000e-06	1.1780000000e-06	0.0000000000e+00
2.7227000000e-07	2.7227000000e-07	0.0000000000e+00
2.4668000000e-06	2.4668000000e-06	0.0000000000e+00
3.0405000000e-06	3.0405000000e-06	0.0000000000e+00
2.2647000000e-06	2.2647000000e-06	0.0000000000e+00
2.6130000000e-06	2.6130000000e-06	0.0000000000e+00
2.2117000000e-06	2.2117000000e-06	0.0000000000e+00
1.2629000000e-06	1.2629000000e-06	0.0000000000e+00
2.1559000000e-07	2.1559000000e-07	0.0000000000e+00
9.7810000000e-07	9.7810000000e-07	0.0000000000e+00
1.1548000000e-06	1.1548000000e-06	0.0000000000e+00
8.6102000000e-07	8.6102000000e-07	0.0000000000e+00
1.8075000000e-06	1.8075000000e-06	0.0000000000e+00
2.9846000000e-06	2.9846000000e-06	0.0000000000e+00
3.3660000000e-06	3.3660000000e-06	0.0000000000e+00
2.3878000000e-06	2.3878000000e-06	0.0000000000e+00
3.0630000000e-06	3.0630000000e-06	0.0000000000e+00
2.8506000000e-06	2.8506000000e-06	0.0000000000e+00
2.6576000000e-06	2.6576000000e-06	0.0000000000e+00
2.4821000000e-06	2.4821000000e-06	0.0000000000e+00
2.3221000000e-06	2.3221000000e-06	0.0000000000e+00
2.1762000000e-06	2.1762000000e-06	0.0000000000e+00
2.0430000000e-06	2.0430000000e-06	0.0000000000e+00
1.9212000000e-06	1.9212000000e-06	0.0000000000e+00
1.8098000000e-06	1.8098000000e-06	0.0000000000e+00
1.7079000000e-06	1.7079000000e-06	0.0000000000e+00
1.6146000000e-06	1.6146000000e-06	0.0000000000e+00
1.5293000000e-06	1.5293000000e-06	0.0000000000e+00
1.4511000000e-06	1.4511000000e-06	0.0000000000e+00
1.3796000000e-06	1.3796000000e-06	0.0000000000e+00
1.3143000000e-06	1.3143000000e-06	0.0000000000e+00
2.9576000000e-09	2.9576000000e-09	0.0000000000e+00
3.6102000000e-09	3.6102000000e-09	0.0000000000e+00
4.3359000000e-09	4.3359000000e-09	0.0000000000e+00
5.1465000000e-09	5.1465000000e-09	0.0000000000e+00
6.0484000000e-09	6.0484000000e-09	0.0000000000e+00
7.0347000000e-09	7.0347000000e-09	0.0000000000e+00
8.0739000000e-09	8.0739000000e-09	0.0000000000e+00
9.1474000000e-09	9.1474000000e-09	0.0000000000e+00
1.0185000000e-08	1.0185000000e-08	0.0000000000e+00
1.1152000000e-08	1.1152000000e-08	0.0000000000e+00
1.2002000000e-08	1.2002000000e-08	0.0000000000e+00
1.2777000000e-08	1.2777000000e-08	0.0000000000e+00
1.4226000000e-08	1.4226000000e-08	0.0000000000e+00
1.6278000000e-08	1.6278000000e-08	0.0000000000e+00
1.9684000000e-08	1.9684000000e-08	0.0000000000e+00
2.9149000000e-08	2.9149000000e-08	0.0000000000e+00
1.1508000000e-07	1.1508000000e-07	0.0000000000e+00
1.3296000000e-07	1.3296000000e-07	0.0000000000e+00
1.3755000000e-07	1.3755000000e-07	0.0000000000e+00
4.1637000000e-08	4.1637000000e-08	0.0000000000e+00
6.7690000000e-08	6.7690000000e-08	0.0000000000e+00
9.3533000000e-08	9.3533000000e-08	0.0000000000e+00
9.7068000000e-08	9.7068000000e-08	0.0000000000e+00
1.2959000000e-07	1.2959000000e-07	0.0000000000e+00
1.9552000000e-07	1.9552000000e-07	0.0000000000e+00
2.2399000000e-07	2.2399000000e-07	0.0000000000e+00
3.9869000000e-07	3.9869000000e-07	0.0000000000e+00
5.1023000000e-07	5.1023000000e-07	0.0000000000e+00
5.4827000000e-07	5.4827000000e-07	0.0000000000e+00
4.4875000000e-07	4.4875000000e-07	0.0000000000e+00
1.2148000000e-06	1.2148000000e-06	0.0000000000e+00
1.3501000000e-06	1.3501000000e-06	0.0000000000e+00
3.9107000000e-06	3.9107000000e-06	0.0000000000e+00
5.7390000000e-06	5.7390000000e-06	0.0000000000e+00
1.1483000000e-05	1.1483000000e-05	0.0000000000e+00
2.1969000000e-05	2.1969000000e-05	0.0000000000e+00
5.2738000000e-05	5.2738000000e-05	0.0000000000e+00
9.9641000000e-05	9.9641000000e-05	0.0000000000e+00
1.4873000000e-04	1.4873000000e-04	0.0000000000e+00
2.5423000000e-04	2.5423000000e-04	0.0000000000e+00
2.7765000000e-04	2.7765000000e-04	0.0000000000e+00
2.7707000000e-04	2.7707000000e-04	0.0000000000e+00
2.9326000000e-04	2.9326000000e-04	0.0000000000e+00
2.9002000000e-04	2.9002000000e-04	0.0000000000e+00
2.6217000000e-04	2.6217000000e-04	0.0000000000e+00
2.4109000000e-04	2.4109000000e-04	0.0000000000e+00
2.4072000000e-04	2.4072000000e-04	0.0000000000e+00
2.4201000000e-04	2.4201000000e-04	0.0000000000e+00
2.2033000000e-04	2.2033000000e-04	0.0000000000e+00
1.9760000000e-04	1.9760000000e-04	0.0000000000e+00
1.7385000000e-04	1.7385000000e-04	0.0000000000e+00
1.5389000000e-04	1.5389000000e-04	0.0000000000e+00
1.2939000000e-04	1.2939000000e-04	0.0000000000e+00
1.0683000000e-04	1.0683000000e-04	0.0000000000e+00
9.3268000000e-05	9.3268000000e-05	0.0000000000e+00
7.8614000000e-05	7.8614000000e-05	0.0000000000e+00
4.0344000000e-05	4.0343000000e-05	1.0764918312e-05
3.4413000000e-05	3.4413000000e-05	0.0000000000e+00
1.6414000000e-05	1.6414000000e-05	0.0000000000e+00
5.0632000000e-06	5.0632000000e-06	0.0000000000e+00
4.5386000000e-08	4.5386000000e-08	0.0000000000e+00
3.0715000000e-08	3.0715000000e-08	0.0000000000e+00
3.0930000000e-06	3.0930000000e-06	0.0000000000e+00
9.8093000000e-08	9.8093000000e-08	0.0000000000e+00
1.0093000000e-08	1.0093000000e-08	0.0000000000e+00
6.8926000000e-08	6.8926000000e-08	0.0000000000e+00
1.2157000000e-06	1.2157000000e-06	0.0000000000e+00
4.4449000000e-06	4.4449000000e-06	0.0000000000e+00
9.2635000000e-07	9.2635000000e-07	0.0000000000e+00
6.6348000000e-07	6.6348000000e-07	0.0000000000e+00
2.0710000000e-06	2.0710000000e-06	0.0000000000e+00
1.8441000000e-06	1.8441000000e-06	0.0000000000e+00
1.6468000000e-06	1.6468000000e-06	0.0000000000e+00
1.0094000000e-06	1.0094000000e-06	0.0000000000e+00
1.7573000000e-06	1.7573000000e-06	0.0000000000e+00
2.8728000000e-06	2.8728000000e-06	0.0000000000e+00
1.5984000000e-06	1.5984000000e-06	0.0000000000e+00
1.2019000000e-07	1.2019000000e-07	0.0000000000e+00
9.3027000000e-07	9.3027000000e-07	0.0000000000e+00
4.0905000000e-07	4.0905000000e-07	0.0000000000e+00
4.8232000000e-07	4.8232000000e-07	0.0000000000e+00
1.2682000000e-06	1.2682000000e-06	0.0000000000e+00
3.6300000000e-06	3.6300000000e-06	0.0000000000e+00
2.2787000000e-06	2.2787000000e-06	0.0000000000e+00
2.2529000000e-06	2.2529000000e-06	0.0000000000e+00
3.5422000000e-06	3.5422000000e-06	0.0000000000e+00
3.7319000000e-06	3.7319000000e-06	0.0000000000e+00
3.4668000000e-06	3.4668000000e-06	0.0000000000e+00
3.2267000000e-06	3.2267000000e-06	0.0000000000e+00
3.0088000000e-06	3.0088000000e-06	0.0000000000e+00
2.8108000000e-06	2.8108000000e-06	0.0000000000e+00
2.6307000000e-06	2.6307000000e-06	0.0000000000e+00
2.4667000000e-06	2.4667000000e-06	0.0000000000e+00
2.3171000000e-06	2.3171000000e-06	0.0000000000e+00
2.1807000000e-06	2.1807000000e-06	0.0000000000e+00
2.0562000000e-06	2.0562000000e-06	0.0000000000e+00
1.9425000000e-06	1.9425000000e-06	0.0000000000e+00
1.8387000000e-06	1.8387000000e-06	0.0000000000e+00
1.7439000000e-06	1.7439000000e-06	0.0000000000e+00
1.6574000000e-06	1.6574000000e-06	0.0000000000e+00
1.5785000000e-06	1.5785000000e-06	0.0000000000e+00
3.3859000000e-09	3.3859000000e-09	0.0000000000e+00
4.1517000000e-09	4.1517000000e-09	0.0000000000e+00
5.0216000000e-09	5.0216000000e-09	0.0000000000e+00
6.0108000000e-09	6.0108000000e-09	0.0000000000e+00
7.1341000000e-09	7.1341000000e-09	0.0000000000e+00
8.4015000000e-09	8.4015000000e-09	0.0000000000e+00
9.8128000000e-09	9.8128000000e-09	0.0000000000e+00
1.1337000000e-08	1.1337000000e-08	0.0000000000e+00
1.2961000000e-08	1.2961000000e-08	0.0000000000e+00
1.4685000000e-08	1.4685000000e-08	0.0000000000e+00
1.6552000000e-08	1.6552000000e-08	0.0000000000e+00
1.8743000000e-08	1.8743000000e-08	0.0000000000e+00
2.1681000000e-08	2.1681000000e-08	0.0000000000e+00
2.6244000000e-08	2.6244000000e-08	0.0000000000e+00
3.4753000000e-08	3.4753000000e-08	0.0000000000e+00
6.1741000000e-08	6.1741000000e-08	0.0000000000e+00
1.4090000000e-07	1.4090000000e-07	0.0000000000e+00
1.8683000000e-07	1.8683000000e-07	0.0000000000e+00
1.4857000000e-07	1.4857000000e-07	0.0000000000e+00
3.3043000000e-07	3.3043000000e-07	0.0000000000e+00
2.2204000000e-07	2.2204000000e-07	0.0000000000e+00
1.0202000000e-07	1.0202000000e-07	0.0000000000e+00
7.9632000000e-07	7.9632000000e-07	0.0000000000e+00
2.2845000000e-07	2.2845000000e-07	0.0000000000e+00
2.9484000000e-07	2.9484000000e-07	0.0000000000e+00
3.4535000000e-07	3.4535000000e-07	0.0000000000e+00
3.5874000000e-07	3.5874000000e-07	0.0000000000e+00
5.4341000000e-07	5.4341000000e-07	0.0000000000e+00
2.7304000000e-07	2.7304000000e-07	0.0000000000e+00
1.2227000000e-06	1.2227000000e-06	0.0000000000e+00
1.9697000000e-06	1.9697000000e-06	0.0000000000e+00
3.1243000000e-06	3.1243000000e-06	0.0000000000e+00
6.3881000000e-06	6.3881000000e-06	0.0000000000e+00
9.0909000000e-06	9.0909000000e-06	0.0000000000e+00
1.9007000000e-05	1.9007000000e-05	0.0000000000e+00
4.7414000000e-05	4.7414000000e-05	0.0000000000e+00
9.8303000000e-05	9.8304000000e-05	-4.4178943976e-06
1.8884000000e-04	1.8884000000e-04	0.0000000000e+00
3.4651000000e-04	3.4651000000e-04	0.0000000000e+00
8.3260000000e-04	8.3260000000e-04	0.0000000000e+00
7.1300000000e-04	7.1300000000e-04	0.0000000000e+00
7.0380000000e-04	7.0380000000e-04	0.0000000000e+00
6.1396000000e-04	6.1396000000e-04	0.0000000000e+00
5.0915000000e-04	5.0915000000e-04	0.0000000000e+00
4.3596000000e-04	4.3596000000e-04	0.0000000000e+00
3.9488000000e-04	3.9488000000e-04	0.0000000000e+00
3.6809000000e-04	3.6809000000e-04	0.0000000000e+00
3.3799000000e-04	3.3799000000e-04	0.0000000000e+00
3.0482000000e-04	3.0482000000e-04	0.0000000000e+00
2.7023000000e-04	2.7023000000e-04	0.0000000000e+00
2.3190000000e-04	2.3190000000e-04	0.0000000000e+00
2.1236000000e-04	2.1236000000e-04	0.0000000000e+00
1.8316000000e-04	1.8316000000e-04	0.0000000000e+00
1.4562000000e-04	1.4562000000e-04	0.0000000000e+00
1.2438000000e-04	1.2438000000e-04	0.0000000000e+00
1.0238000000e-04	1.0238000000e-04	0.0000000000e+00
8.0808000000e-05	8.0808000000e-05	0.0000000000e+00
2.6165000000e-05	2.6165000000e-05	0.0000000000e+00
2.4832000000e-05	2.4832000000e-05	0.0000000000e+00
1.2645000000e-07	1.2645000000e-07	0.0000000000e+00
6.0741000000e-07	6.0741000000e-07	0.0000000000e+00
3.8916000000e-06	3.8916000000e-06	0.0000000000e+00
3.5059000000e-07	3.5059000000e-07	0.0000000000e+00
2.3010000000e-08	2.3010000000e-08	0.0000000000e+00
2.9931000000e-08	2.9931000000e-08	0.0000000000e+00
7.2283000000e-10	7.2283000000e-10	0.0000000000e+00
2.0207000000e-08	2.0207000000e-08	0.0000000000e+00
1.3613000000e-06	1.3613000000e-06	0.0000000000e+00
7.8739000000e-07	7.8739000000e-07	0.0000000000e+00
1.2480000000e-06	1.2480000000e-06	0.0000000000e+00
5.5817000000e-06	5.5817000000e-06	0.0000000000e+00
2.7641000000e-06	2.7641000000e-06	0.0000000000e+00
2.0162000000e-06	2.0162000000e-06	0.0000000000e+00
2.1617000000e-06	2.1617000000e-06	0.0000000000e+00
1.6826000000e-06	1.6826000000e-06	0.0000000000e+00
3.5925000000e-06	3.5925000000e-06	0.0000000000e+00
1.2090000000e-06	1.2090000000e-06	0.0000000000e+00
6.4576000000e-08	6.4576000000e-08	0.0000000000e+00
5.1573000000e-07	5.1573000000e-07	0.0000000000e+00
1.2084000000e-06	1.2084000000e-06	0.0000000000e+00
2.7975000000e-06	2.7975000000e-06	0.0000000000e+00
3.5204000000e-06	3.5204000000e-06	0.0000000000e+00
1.8715000000e-06	1.8715000000e-06	0.0000000000e+00
2.3215000000e-06	2.3215000000e-06	0.0000000000e+00
5.0865000000e-06	5.0865000000e-06	0.0000000000e+00
4.9160000000e-06	4.9160000000e-06	0.0000000000e+00
4.5496000000e-06	4.5496000000e-06	0.0000000000e+00
4.2191000000e-06	4.2191000000e-06	0.0000000000e+00
3.9206000000e-06	3.9206000000e-06	0.0000000000e+00
3.6504000000e-06	3.6504000000e-06	0.0000000000e+00
3.4055000000e-06	3.4055000000e-06	0.0000000000e+00
3.1832000000e-06	3.1832000000e-06	0.0000000000e+00
2.9813000000e-06	2.9813000000e-06	0.0000000000e+00
2.7977000000e-06	2.7977000000e-06	0.0000000000e+00
2.6305000000e-06	2.6305000000e-06	0.0000000000e+00
2.4784000000e-06	2.4784000000e-06	0.0000000000e+00
2.3397000000e-06	2.3397000000e-06	0.0000000000e+00
2.2134000000e-06	2.2134000000e-06	0.0000000000e+00
2.0984000000e-06	2.0984000000e-06	0.0000000000e+00
1.9936000000e-06	1.9936000000e-06	0.0000000000e+00
1.8983000000e-06	1.8983000000e-06	0.0000000000e+00
3.8718000000e-09	3.8718000000e-09	0.0000000000e+00
4.7683000000e-09	4.7683000000e-09	0.0000000000e+00
5.8004000000e-09	5.8004000000e-09	0.0000000000e+00
7.0074000000e-09	7.0074000000e-09	0.0000000000e+00
8.3959000000e-09	8.3959000000e-09	0.0000000000e+00
1.0006000000e-08	1.0006000000e-08	0.0000000000e+00
1.1858000000e-08	1.1858000000e-08	0.0000000000e+00
1.3968000000e-08	1.3968000000e-08	0.0000000000e+00
1.6351000000e-08	1.6351000000e-08	0.0000000000e+00
1.9098000000e-08	1.9098000000e-08	0.0000000000e+00
2.2346000000e-08	2.2346000000e-08	0.0000000000e+00
2.6511000000e-08	2.6511000000e-08	0.0000000000e+00
3.2509000000e-08	3.2509000000e-08	0.0000000000e+00
4.2270000000e-08	4.2270000000e-08	0.0000000000e+00
6.0774000000e-08	6.0774000000e-08	0.0000000000e+00
9.8631000000e-08	9.8631000000e-08	0.0000000000e+00
1.6745000000e-07	1.6745000000e-07	0.0000000000e+00
1.6003000000e-07	1.6003000000e-07	0.0000000000e+00
2.9797000000e-07	2.9797000000e-07	0.0000000000e+00
4.2653000000e-07	4.2653000000e-07	0.0000000000e+00
4.2872000000e-07	4.2872000000e-07	0.0000000000e+00
8.6541000000e-07	8.6541000000e-07	0.0000000000e+00
9.4333000000e-07	9.4333000000e-07	0.0000000000e+00
2.4130000000e-07	2.4130000000e-07	0.0000000000e+00
3.5562000000e-07	3.5562000000e-07	0.0000000000e+00
4.9347000000e-07	4.9347000000e-07	0.0000000000e+00
6.9734000000e-07	6.9734000000e-07	0.0000000000e+00
2.7218000000e-07	2.7218000000e-07	0.0000000000e+00
2.7635000000e-07	2.7635000000e-07	0.0000000000e+00
1.6254000000e-06	1.6254000000e-06	0.0000000000e+00
3.6880000000e-06	3.6880000000e-06	0.0000000000e+00
4.9086000000e-06	4.9086000000e-06	0.0000000000e+00
1.0774000000e-05	1.0774000000e-05	0.0000000000e+00
1.4438000000e-05	1.4438000000e-05	0.0000000000e+00
2.8362000000e-05	2.8362000000e-05	0.0000000000e+00
7.3151000000e-05	7.3151000000e-05	0.0000000000e+00
1.7393000000e-04	1.7393000000e-04	0.0000000000e+00
4.4876000000e-04	4.4876000000e-04	0.0000000000e+00
7.6869000000e-04	7.6869000000e-04	0.0000000000e+00
1.0408000000e-03	1.0408000000e-03	0.0000000000e+00
1.3541000000e-03	1.3541000000e-03	0.0000000000e+00
1.4016000000e-03	1.4016000000e-03	0.0000000000e+00
1.2278000000e-03	1.2278000000e-03	0.0000000000e+00
9.0180000000e-04	9.0180000000e-04	0.0000000000e+00
6.6649000000e-04	6.6649000000e-04	0.0000000000e+00
5.5297000000e-04	5.5297000000e-04	0.0000000000e+00
5.0607000000e-04	5.0607000000e-04	0.0000000000e+00
4.6390000000e-04	4.6390000000e-04	0.0000000000e+00
4.1548000000e-04	4.1548000000e-04	0.0000000000e+00
3.6003000000e-04	3.6003000000e-04	0.0000000000e+00
3.1071000000e-04	3.1071000000e-04	0.0000000000e+00
2.8424000000e-04	2.8424000000e-04	0.0000000000e+00
2.4059000000e-04	2.4059000000e-04	0.0000000000e+00
2.0767000000e-04	2.0767000000e-04	0.0000000000e+00
1.7312000000e-04	1.7312000000e-04	0.0000000000e+00
1.4116000000e-04	1.4116000000e-04	0.0000000000e+00
6.8705000000e-05	6.8705000000e-05	0.0000000000e+00
3.3531000000e-05	3.3531000000e-05	0.0000000000e+00
2.0804000000e-05	2.0804000000e-05	0.0000000000e+00
4.6919000000e-06	4.6919000000e-06	0.0000000000e+00
1.3402000000e-05	1.3402000000e-05	0.0000000000e+00
2.5565000000e-06	2.5565000000e-06	0.0000000000e+00
2.8719000000e-07	2.8719000000e-07	0.0000000000e+00
4.2081000000e-07	4.2081000000e-07	0.0000000000e+00
3.7509000000e-07	3.7509000000e-07	0.0000000000e+00
7.8036000000e-08	7.8036000000e-08	0.0000000000e+00
4.5964000000e-07	4.5964000000e-07	0.0000000000e+00
9.8301000000e-07	9.8301000000e-07	0.0000000000e+00
1.9315000000e-06	1.9315000000e-06	0.0000000000e+00
3.3593000000e-06	3.3593000000e-06	0.0000000000e+00
5.4370000000e-06	5.4370000000e-06	0.0000000000e+00
7.3735000000e-06	7.3735000000e-06	0.0000000000e+00
4.0966000000e-06	4.0966000000e-06	0.0000000000e+00
3.4181000000e-06	3.4181000000e-06	0.0000000000e+00
3.6841000000e-06	3.6841000000e-06	0.0000000000e+00
1.4002000000e-06	1.4002000000e-06	0.0000000000e+00
2.2737000000e-06	2.2737000000e-06	0.0000000000e+00
2.9203000000e-07	2.9203000000e-07	0.0000000000e+00
2.0886000000e-06	2.0886000000e-06	0.0000000000e+00
2.4173000000e-06	2.4173000000e-06	0.0000000000e+00
2.5119000000e-06	2.5119000000e-06	0.0000000000e+00
1.5848000000e-06	1.5848000000e-06	0.0000000000e+00
3.8621000000e-06	3.8621000000e-06	0.0000000000e+00
5.9641000000e-06	5.9641000000e-06	0.0000000000e+00
6.5149000000e-06	6.5149000000e-06	0.0000000000e+00
6.0058000000e-06	6.0058000000e-06	0.0000000000e+00
5.5486000000e-06	5.5486000000e-06	0.0000000000e+00
5.1373000000e-06	5.1373000000e-06	0.0000000000e+00
4.7665000000e-06	4.7665000000e-06	0.0000000000e+00
4.4318000000e-06	4.4318000000e-06	0.0000000000e+00
4.1291000000e-06	4.1291000000e-06	0.0000000000e+00
3.8550000000e-06	3.8550000000e-06	0.0000000000e+00
3.6065000000e-06	3.6065000000e-06	0.0000000000e+00
3.3810000000e-06	3.3810000000e-06	0.0000000000e+00
3.1763000000e-06	3.1763000000e-06	0.0000000000e+00
2.9902000000e-06	2.9902000000e-06	0.0000000000e+00
2.8211000000e-06	2.8211000000e-06	0.0000000000e+00
2.6674000000e-06	2.6674000000e-06	0.0000000000e+00
2.5277000000e-06	2.5277000000e-06	0.0000000000e+00
2.4007000000e-06	2.4007000000e-06	0.0000000000e+00
2.2855000000e-06	2.2855000000e-06	0.0000000000e+00
4.4219000000e-09	4.4219000000e-09	0.0000000000e+00
5.4686000000e-09	5.4686000000e-09	0.0000000000e+00
6.6963000000e-09	6.6963000000e-09	0.0000000000e+00
8.1357000000e-09	8.1357000000e-09	0.0000000000e+00
9.8367000000e-09	9.8367000000e-09	0.0000000000e+00
1.1857000000e-08	1.1857000000e-08	0.0000000000e+00
1.4232000000e-08	1.4232000000e-08	0.0000000000e+00
1.7040000000e-08	1.7040000000e-08	0.0000000000e+00
2.0371000000e-08	2.0371000000e-08	0.0000000000e+00
2.4366000000e-08	2.4366000000e-08	0.0000000000e+00
2.9310000000e-08	2.9310000000e-08	0.0000000000e+00
3.5908000000e-08	3.5908000000e-08	0.0000000000e+00
4.5426000000e-08	4.5426000000e-08	0.0000000000e+00
6.0556000000e-08	6.0556000000e-08	0.0000000000e+00
8.7004000000e-08	8.7004000000e-08	0.0000000000e+00
1.2191000000e-07	1.2191000000e-07	0.0000000000e+00
2.0320000000e-07	2.0320000000e-07	0.0000000000e+00
2.1229000000e-07	2.1229000000e-07	0.0000000000e+00
3.8049000000e-07	3.8049000000e-07	0.0000000000e+00
4.9199000000e-07	4.9199000000e-07	0.0000000000e+00
5.0153000000e-07	5.0153000000e-07	0.0000000000e+00
2.4663000000e-07	2.4663000000e-07	0.0000000000e+00
4.0027000000e-07	4.0027000000e-07	0.0000000000e+00
8.5456000000e-07	8.5456000000e-07	0.0000000000e+00
1.0335000000e-06	1.0335000000e-06	0.0000000000e+00
5.8115000000e-07	5.8115000000e-07	0.0000000000e+00
5.6458000000e-07	5.6458000000e-07	0.0000000000e+00
6.5570000000e-07	6.5570000000e-07	0.0000000000e+00
1.3666000000e-06	1.3666000000e-06	0.0000000000e+00
2.6057000000e-06	2.6057000000e-06	0.0000000000e+00
4.0588000000e-06	4.0588000000e-06	0.0000000000e+00
5.6069000000e-06	5.6069000000e-06	0.0000000000e+00
8.4419000000e-06	8.4419000000e-06	0.0000000000e+00
1.9342000000e-05	1.9342000000e-05	0.0000000000e+00
3.8847000000e-05	3.8847000000e-05	0.0000000000e+00
1.1320000000e-04	1.1320000000e-04	0.0000000000e+00
3.2912000000e-04	3.2912000000e-04	0.0000000000e+00
7.4791000000e-04	7.4791000000e-04	0.0000000000e+00
1.7753000000e-03	1.7753000000e-03	0.0000000000e+00
3.3860000000e-03	3.3860000000e-03	0.0000000000e+00
3.6085000000e-03	3.6085000000e-03	0.0000000000e+00
2.8210000000e-03	2.8210000000e-03	0.0000000000e+00
2.2234000000e-03	2.2234000000e-03	0.0000000000e+00
1.5146000000e-03	1.5146000000e-03	0.0000000000e+00
1.0503000000e-03	1.0503000000e-03	0.0000000000e+00
8.0220000000e-04	8.0220000000e-04	0.0000000000e+00
6.8635000000e-04	6.8635000000e-04	0.0000000000e+00
6.1762000000e-04	6.1762000000e-04	0.0000000000e+00
5.4974000000e-04	5.4974000000e-04	0.0000000000e+00
4.7629000000e-04	4.7629000000e-04	0.0000000000e+00
3.5961000000e-04	3.5961000000e-04	0.0000000000e+00
3.6100000000e-04	3.6100000000e-04	0.0000000000e+00
3.1386000000e-04	3.1386000000e-04	0.0000000000e+00
2.6865000000e-04	2.6865000000e-04	0.0000000000e+00
1.6860000000e-04	1.6860000000e-04	0.0000000000e+00
1.1626000000e-04	1.1626000000e-04	0.0000000000e+00
6.6365000000e-05	6.6365000000e-05	0.0000000000e+00
3.6713000000e-05	3.6713000000e-05	0.0000000000e+00
6.0454000000e-05	6.0454000000e-05	0.0000000000e+00
5.7098000000e-05	5.7098000000e-05	0.0000000000e+00
3.0026000000e-05	3.0026000000e-05	0.0000000000e+00
1.7964000000e-05	1.7964000000e-05	0.0000000000e+00
3.6792000000e-06	3.6792000000e-06	0.0000000000e+00
1.2221000000e-05	1.2221000000e-05	0.0000000000e+00
3.5221000000e-07	3.5221000000e-07	0.0000000000e+00
8.9468000000e-08	8.9468000000e-08	0.0000000000e+00
6.0589000000e-06	6.0589000000e-06	0.0000000000e+00
7.1685000000e-06	7.1685000000e-06	0.0000000000e+00
3.7234000000e-06	3.7234000000e-06	0.0000000000e+00
3.2440000000e-06	3.2440000000e-06	0.0000000000e+00
9.0499000000e-06	9.0499000000e-06	0.0000000000e+00
1.2170000000e-05	1.2170000000e-05	0.0000000000e+00
8.6493000000e-06	8.6493000000e-06	0.0000000000e+00
5.9826000000e-06	5.9826000000e-06	0.0000000000e+00
2.1550000000e-06	2.1550000000e-06	0.0000000000e+00
4.2963000000e-06	4.2963000000e-06	0.0000000000e+00
3.1363000000e-06	3.1363000000e-06	0.0000000000e+00
4.0621000000e-07	4.0621000000e-07	0.0000000000e+00
3.6254000000e-07	3.6254000000e-07	0.0000000000e+00
1.5499000000e-06	1.5499000000e-06	0.0000000000e+00
1.8650000000e-06	1.8650000000e-06	0.0000000000e+00
5.0221000000e-06	5.0221000000e-06	0.0000000000e+00
3.9896000000e-06	3.9896000000e-06	0.0000000000e+00
6.8134000000e-06	6.8134000000e-06	0.0000000000e+00
7.9727000000e-06	7.9727000000e-06	0.0000000000e+00
7.3374000000e-06	7.3374000000e-06	0.0000000000e+00
6.7681000000e-06	6.7681000000e-06	0.0000000000e+00
6.2570000000e-06	6.2570000000e-06	0.0000000000e+00
5.7973000000e-06	5.7973000000e-06	0.0000000000e+00
5.3830000000e-06	5.3830000000e-06	0.0000000000e+00
5.0092000000e-06	5.0092000000e-06	0.0000000000e+00
4.6715000000e-06	4.6715000000e-06	0.0000000000e+00
4.3659000000e-06	4.3659000000e-06	0.0000000000e+00
4.0892000000e-06	4.0892000000e-06	0.0000000000e+00
3.8384000000e-06	3.8384000000e-06	0.0000000000e+00
3.6110000000e-06	3.6110000000e-06	0.0000000000e+00
3.4047000000e-06	3.4047000000e-06	0.0000000000e+00
3.2175000000e-06	3.2175000000e-06	0.0000000000e+00
3.0477000000e-06	3.0477000000e-06	0.0000000000e+00
2.8938000000e-06	2.8938000000e-06	0.0000000000e+00
2.7543000000e-06	2.7543000000e-06	0.0000000000e+00
5.0433000000e-09	5.0433000000e-09	0.0000000000e+00
6.2554000000e-09	6.2554000000e-09	0.0000000000e+00
7.6921000000e-09	7.6921000000e-09	0.0000000000e+00
9.4066000000e-09	9.4066000000e-09	0.0000000000e+00
1.1473000000e-08	1.1473000000e-08	0.0000000000e+00
1.3939000000e-08	1.3939000000e-08	0.0000000000e+00
1.6934000000e-08	1.6934000000e-08	0.0000000000e+00
2.0548000000e-08	2.0548000000e-08	0.0000000000e+00
2.4954000000e-08	2.4954000000e-08	0.0000000000e+00
3.0421000000e-08	3.0421000000e-08	0.0000000000e+00
3.7382000000e-08	3.7382000000e-08	0.0000000000e+00
4.6639000000e-08	4.6639000000e-08	0.0000000000e+00
5.9854000000e-08	5.9854000000e-08	0.0000000000e+00
8.0006000000e-08	8.0006000000e-08	0.0000000000e+00
1.1253000000e-07	1.1253000000e-07	0.0000000000e+00
1.6575000000e-07	1.6575000000e-07	0.0000000000e+00
2.3981000000e-07	2.3981000000e-07	0.0000000000e+00
3.2172000000e-07	3.2172000000e-07	0.0000000000e+00
4.3017000000e-07	4.3017000000e-07	0.0000000000e+00
5.1099000000e-07	5.1099000000e-07	0.0000000000e+00
2.4554000000e-07	2.4554000000e-07	0.0000000000e+00
6.2616000000e-07	6.2616000000e-07	0.0000000000e+00
9.1996000000e-07	9.1996000000e-07	0.0000000000e+00
1.2782000000e-06	1.2782000000e-06	0.0000000000e+00
1.4151000000e-06	1.4151000000e-06	0.0000000000e+00
1.0258000000e-06	1.0258000000e-06	0.0000000000e+00
1.1205000000e-06	1.1205000000e-06	0.0000000000e+00
1.0151000000e-06	1.0151000000e-06	0.0000000000e+00
1.8268000000e-06	1.8268000000e-06	0.0000000000e+00
2.4071000000e-06	2.4071000000e-06	0.0000000000e+00
4.8489000000e-06	4.8489000000e-06	0.0000000000e+00
7.1602000000e-06	7.1602000000e-06	0.0000000000e+00
1.0875000000e-05	1.0875000000e-05	0.0000000000e+00
1.7566000000e-05	1.7566000000e-05	0.0000000000e+00
4.8762000000e-05	4.8762000000e-05	0.0000000000e+00
1.2856000000e-04	1.2856000000e-04	0.0000000000e+00
3.6009000000e-04	3.6009000000e-04	0.0000000000e+00
9.1671000000e-04	9.1671000000e-04	0.0000000000e+00
1.9788000000e-03	1.9788000000e-03	0.0000000000e+00
3.0822000000e-03	3.0822000000e-03	0.0000000000e+00
3.9840000000e-03	3.9840000000e-03	0.0000000000e+00
3.8114000000e-03	3.8114000000e-03	0.0000000000e+00
3.1175000000e-03	3.1175000000e-03	0.0000000000e+00
2.2814000000e-03	2.2814000000e-03	0.0000000000e+00
1.5662000000e-03	1.5662000000e-03	0.0000000000e+00
1.1340000000e-03	1.1340000000e-03	0.0000000000e+00
9.2039000000e-04	9.2039000000e-04	0.0000000000e+00
8.1183000000e-04	8.1183000000e-04	0.0000000000e+00
7.1519000000e-04	7.1519000000e-04	0.0000000000e+00
6.1260000000e-04	6.1260000000e-04	0.0000000000e+00
5.3587000000e-04	5.3587000000e-04	0.0000000000e+00
4.1944000000e-04	4.1944000000e-04	0.0000000000e+00
3.6784000000e-04	3.6784000000e-04	0.0000000000e+00
3.2940000000e-04	3.2940000000e-04	0.0000000000e+00
2.8795000000e-04	2.8795000000e-04	0.0000000000e+00
2.0246000000e-04	2.0246000000e-04	0.0000000000e+00
6.0759000000e-05	6.0759000000e-05	0.0000000000e+00
9.3893000000e-05	9.3893000000e-05	0.0000000000e+00
1.0591000000e-04	1.0591000000e-04	0.0000000000e+00
7.0089000000e-05	7.0089000000e-05	0.0000000000e+00
5.7455000000e-05	5.7455000000e-05	0.0000000000e+00
4.6420000000e-05	4.6420000000e-05	0.0000000000e+00
3.7372000000e-05	3.7372000000e-05	0.0000000000e+00
2.5992000000e-05	2.5992000000e-05	0.0000000000e+00
4.1288000000e-06	4.1288000000e-06	0.0000000000e+00
1.3877000000e-05	1.3877000000e-05	0.0000000000e+00
1.4552000000e-05	1.4552000000e-05	0.0000000000e+00
5.2727000000e-06	5.2727000000e-06	0.0000000000e+00
1.5519000000e-06	1.5519000000e-06	0.0000000000e+00
6.4807000000e-07	6.4807000000e-07	0.0000000000e+00
1.2489000000e-05	1.2489000000e-05	0.0000000000e+00
1.5607000000e-05	1.5607000000e-05	0.0000000000e+00
1.3503000000e-05	1.3503000000e-05	0.0000000000e+00
6.4974000000e-06	6.4974000000e-06	0.0000000000e+00
6.2749000000e-06	6.2749000000e-06	0.0000000000e+00
9.9618000000e-06	9.9618000000e-06	0.0000000000e+00
3.5910000000e-06	3.5910000000e-06	0.0000000000e+00
1.9228000000e-06	1.9228000000e-06	0.0000000000e+00
6.2108000000e-06	6.2108000000e-06	0.0000000000e+00
1.4754000000e-06	1.4754000000e-06	0.0000000000e+00
5.7217000000e-06	5.7217000000e-06	0.0000000000e+00
8.0742000000e-06	8.0742000000e-06	0.0000000000e+00
3.6235000000e-06	3.6234000000e-06	1.1985662337e-05
8.1819000000e-06	8.1819000000e-06	0.0000000000e+00
9.7526000000e-06	9.7526000000e-06	0.0000000000e+00
8.9619000000e-06	8.9619000000e-06	0.0000000000e+00
8.2547000000e-06	8.2547000000e-06	0.0000000000e+00
7.6210000000e-06	7.6210000000e-06	0.0000000000e+00
7.0519000000e-06	7.0519000000e-06	0.0000000000e+00
6.5402000000e-06	6.5402000000e-06	0.0000000000e+00
6.0792000000e-06	6.0792000000e-06	0.0000000000e+00
5.6634000000e-06	5.6634000000e-06	0.0000000000e+00
5.2880000000e-06	5.2880000000e-06	0.0000000000e+00
4.9486000000e-06	4.9486000000e-06	0.0000000000e+00
4.6415000000e-06	4.6415000000e-06	0.0000000000e+00
4.3636000000e-06	4.3636000000e-06	0.0000000000e+00
4.1119000000e-06	4.1119000000e-06	0.0000000000e+00
3.8840000000e-06	3.8840000000e-06	0.0000000000e+00
3.6776000000e-06	3.6776000000e-06	0.0000000000e+00
3.4908000000e-06	3.4908000000e-06	0.0000000000e+00
3.3219000000e-06	3.3219000000e-06	0.0000000000e+00
5.7309000000e-09	5.7309000000e-09	0.0000000000e+00
7.1362000000e-09	7.1362000000e-09	0.0000000000e+00
8.8109000000e-09	8.8109000000e-09	0.0000000000e+00
1.0831000000e-08	1.0831000000e-08	0.0000000000e+00
1.3281000000e-08	1.3281000000e-08	0.0000000000e+00
1.6273000000e-08	1.6273000000e-08	0.0000000000e+00
1.9941000000e-08	1.9941000000e-08	0.0000000000e+00
2.4458000000e-08	2.4458000000e-08	0.0000000000e+00
3.0056000000e-08	3.0056000000e-08	0.0000000000e+00
3.7155000000e-08	3.7155000000e-08	0.0000000000e+00
4.6301000000e-08	4.6301000000e-08	0.0000000000e+00
5.8518000000e-08	5.8518000000e-08	0.0000000000e+00
7.5532000000e-08	7.5532000000e-08	0.0000000000e+00
1.0034000000e-07	1.0034000000e-07	0.0000000000e+00
1.3757000000e-07	1.3757000000e-07	0.0000000000e+00
1.9486000000e-07	1.9486000000e-07	0.0000000000e+00
2.7848000000e-07	2.7848000000e-07	0.0000000000e+00
3.7818000000e-07	3.7818000000e-07	0.0000000000e+00
5.2239000000e-07	5.2239000000e-07	0.0000000000e+00
2.1008000000e-07	2.1008000000e-07	0.0000000000e+00
7.4727000000e-07	7.4727000000e-07	0.0000000000e+00
1.1200000000e-06	1.1200000000e-06	0.0000000000e+00
1.4426000000e-06	1.4426000000e-06	0.0000000000e+00
1.2857000000e-06	1.2857000000e-06	0.0000000000e+00
1.3361000000e-06	1.3361000000e-06	0.0000000000e+00
1.3525000000e-06	1.3525000000e-06	0.0000000000e+00
1.1769000000e-06	1.1769000000e-06	0.0000000000e+00
9.2149000000e-07	9.2149000000e-07	0.0000000000e+00
5.4151000000e-07	5.4151000000e-07	0.0000000000e+00
1.3839000000e-06	1.3839000000e-06	0.0000000000e+00
2.3256000000e-06	2.3256000000e-06	0.0000000000e+00
8.7540000000e-06	8.7540000000e-06	0.0000000000e+00
1.3891000000e-05	1.3891000000e-05	0.0000000000e+00
3.3711000000e-05	3.3711000000e-05	0.0000000000e+00
3.8202000000e-05	3.8202000000e-05	0.0000000000e+00
1.3912000000e-04	1.3912000000e-04	0.0000000000e+00
3.5524000000e-04	3.5524000000e-04	0.0000000000e+00
8.7343000000e-04	8.7343000000e-04	0.0000000000e+00
1.8266000000e-03	1.8266000000e-03	0.0000000000e+00
3.2940000000e-03	3.2940000000e-03	0.0000000000e+00
4.1075000000e-03	4.1075000000e-03	0.0000000000e+00
4.6331000000e-03	4.6331000000e-03	0.0000000000e+00
4.1627000000e-03	4.1627000000e-03	0.0000000000e+00
3.1480000000e-03	3.1480000000e-03	0.0000000000e+00
2.2040000000e-03	2.2040000000e-03	0.0000000000e+00
1.5143000000e-03	1.5143000000e-03	0.0000000000e+00
1.2165000000e-03	1.2165000000e-03	0.0000000000e+00
1.0478000000e-03	1.0478000000e-03	0.0000000000e+00
9.1264000000e-04	9.1264000000e-04	0.0000000000e+00
7.8592000000e-04	7.8592000000e-04	0.0000000000e+00
6.5097000000e-04	6.5097000000e-04	0.0000000000e+00
5.5532000000e-04	5.5532000000e-04	0.0000000000e+00
4.8703000000e-04	4.8703000000e-04	0.0000000000e+00
4.2816000000e-04	4.2816000000e-04	0.0000000000e+00
3.6179000000e-04	3.6179000000e-04	0.0000000000e+00
2.4801000000e-04	2.4801000000e-04	0.0000000000e+00
2.0794000000e-04	2.0794000000e-04	0.0000000000e+00
1.8951000000e-04	1.8951000000e-04	0.0000000000e+00
1.0316000000e-04	1.0316000000e-04	0.0000000000e+00
7.0735000000e-05	7.0735000000e-05	0.0000000000e+00
7.6475000000e-05	7.6475000000e-05	0.0000000000e+00
3.7115000000e-05	3.7115000000e-05	0.0000000000e+00
5.5162000000e-06	5.5162000000e-06	0.0000000000e+00
6.7078000000e-06	6.7078000000e-06	0.0000000000e+00
6.6148000000e-06	6.6148000000e-06	0.0000000000e+00
4.2157000000e-05	4.2157000000e-05	0.0000000000e+00
1.2495000000e-05	1.2495000000e-05	0.0000000000e+00
1.6219000000e-05	1.6219000000e-05	0.0000000000e+00
1.7911000000e-05	1.7911000000e-05	0.0000000000e+00
3.0879000000e-06	3.0879000000e-06	0.0000000000e+00
1.3253000000e-05	1.3253000000e-05	0.0000000000e+00
2.8304000000e-05	2.8304000000e-05	0.0000000000e+00
1.2283000000e-05	1.2283000000e-05	0.0000000000e+00
7.3746000000e-06	7.3746000000e-06	0.0000000000e+00
1.2412000000e-05	1.2412000000e-05	0.0000000000e+00
1.5237000000e-05	1.5237000000e-05	0.0000000000e+00
6.3625000000e-06	6.3625000000e-06	0.0000000000e+00
1.6414000000e-06	1.6414000000e-06	0.0000000000e+00
6.9845000000e-06	6.9845000000e-06	0.0000000000e+00
1.0046000000e-05	1.0046000000e-05	0.0000000000e+00
4.6704000000e-06	4.6704000000e-06	0.0000000000e+00
4.1803000000e-06	4.1803000000e-06	0.0000000000e+00
7.1917000000e-06	7.1917000000e-06	0.0000000000e+00
7.1173000000e-06	7.1173000000e-06	0.0000000000e+00
1.1921000000e-05	1.1921000000e-05	0.0000000000e+00
1.0940000000e-05	1.0940000000e-05	0.0000000000e+00
1.0064000000e-05	1.0064000000e-05	0.0000000000e+00
9.2800000000e-06	9.2799000000e-06	4.6799226494e-06
8.5771000000e-06	8.5771000000e-06	0.0000000000e+00
7.9460000000e-06	7.9460000000e-06	0.0000000000e+00
7.3785000000e-06	7.3785000000e-06	0.0000000000e+00
6.8673000000e-06	6.8673000000e-06	0.0000000000e+00
6.4065000000e-06	6.4065000000e-06	0.0000000000e+00
5.9906000000e-06	5.9906000000e-06	0.0000000000e+00
5.6150000000e-06	5.6150000000e-06	0.0000000000e+00
5.2755000000e-06	5.2755000000e-06	0.0000000000e+00
4.9686000000e-06	4.9686000000e-06	0.0000000000e+00
4.6910000000e-06	4.6910000000e-06	0.0000000000e+00
4.4402000000e-06	4.4402000000e-06	0.0000000000e+00
4.2135000000e-06	4.2135000000e-06	0.0000000000e+00
4.0088000000e-06	4.0088000000e-06	0.0000000000e+00
6.4955000000e-09	6.4955000000e-09	0.0000000000e+00
8.1016000000e-09	8.1016000000e-09	0.0000000000e+00
1.0042000000e-08	1.0042000000e-08	0.0000000000e+00
1.2395000000e-08	1.2395000000e-08	0.0000000000e+00
1.5292000000e-08	1.5292000000e-08	0.0000000000e+00
1.8853000000e-08	1.8853000000e-08	0.0000000000e+00
2.3247000000e-08	2.3247000000e-08	0.0000000000e+00
2.8751000000e-08	2.8751000000e-08	0.0000000000e+00
3.5663000000e-08	3.5663000000e-08	0.0000000000e+00
4.4501000000e-08	4.4501000000e-08	0.0000000000e+00
5.6030000000e-08	5.6030000000e-08	0.0000000000e+00
7.1342000000e-08	7.1342000000e-08	0.0000000000e+00
9.2328000000e-08	9.2328000000e-08	0.0000000000e+00
1.2185000000e-07	1.2185000000e-07	0.0000000000e+00
1.6396000000e-07	1.6396000000e-07	0.0000000000e+00
2.2403000000e-07	2.2403000000e-07	0.0000000000e+00
3.1015000000e-07	3.1015000000e-07	0.0000000000e+00
4.5322000000e-07	4.5322000000e-07	0.0000000000e+00
6.4215000000e-07	6.4215000000e-07	0.0000000000e+00
5.5346000000e-07	5.5346000000e-07	0.0000000000e+00
1.2788000000e-06	1.2788000000e-06	0.0000000000e+00
1.0167000000e-06	1.0167000000e-06	0.0000000000e+00
7.9905000000e-07	7.9905000000e-07	0.0000000000e+00
1.4405000000e-06	1.4405000000e-06	0.0000000000e+00
1.0469000000e-06	1.0469000000e-06	0.0000000000e+00
1.3527000000e-06	1.3527000000e-06	0.0000000000e+00
1.3078000000e-06	1.3078000000e-06	0.0000000000e+00
1.0060000000e-06	1.0060000000e-06	0.0000000000e+00
1.9231000000e-06	1.9231000000e-06	0.0000000000e+00
3.1323000000e-06	3.1323000000e-06	0.0000000000e+00
7.2516000000e-07	7.2516000000e-07	0.0000000000e+00
1.2781000000e-05	1.2781000000e-05	0.0000000000e+00
2.0641000000e-05	2.0641000000e-05	0.0000000000e+00
2.7764000000e-05	2.7764000000e-05	0.0000000000e+00
6.6695000000e-05	6.6695000000e-05	0.0000000000e+00
1.9499000000e-04	1.9499000000e-04	0.0000000000e+00
3.4693000000e-04	3.4693000000e-04	0.0000000000e+00
7.8583000000e-04	7.8583000000e-04	0.0000000000e+00
1.6359000000e-03	1.6359000000e-03	0.0000000000e+00
2.7457000000e-03	2.7457000000e-03	0.0000000000e+00
4.0823000000e-03	4.0823000000e-03	0.0000000000e+00
4.9867000000e-03	4.9867000000e-03	0.0000000000e+00
4.8471000000e-03	4.8471000000e-03	0.0000000000e+00
3.9247000000e-03	3.9247000000e-03	0.0000000000e+00
2.9404000000e-03	2.9404000000e-03	0.0000000000e+00
2.0197000000e-03	2.0197000000e-03	0.0000000000e+00
1.5451000000e-03	1.5451000000e-03	0.0000000000e+00
1.3072000000e-03	1.3072000000e-03	0.0000000000e+00
1.1383000000e-03	1.1383000000e-03	0.0000000000e+00
9.8259000000e-04	9.8259000000e-04	0.0000000000e+00
8.2310000000e-04	8.2310000000e-04	0.0000000000e+00
7.0502000000e-04	7.0502000000e-04	0.0000000000e+00
6.0814000000e-04	6.0814000000e-04	0.0000000000e+00
4.1325000000e-04	4.1325000000e-04	0.0000000000e+00
3.4222000000e-04	3.4222000000e-04	0.0000000000e+00
3.1795000000e-04	3.1795000000e-04	0.0000000000e+00
2.8157000000e-04	2.8157000000e-04	0.0000000000e+00
2.4522000000e-04	2.4522000000e-04	0.0000000000e+00
1.2235000000e-04	1.2235000000e-04	0.0000000000e+00
6.9360000000e-05	6.9360000000e-05	0.0000000000e+00
3.3203000000e-05	3.3203000000e-05	0.0000000000e+00
3.6845000000e-05	3.6845000000e-05	0.0000000000e+00
2.1769000000e-05	2.1769000000e-05	0.0000000000e+00
4.0124000000e-06	4.0124000000e-06	0.0000000000e+00
4.4758000000e-05	4.4758000000e-05	0.0000000000e+00
3.3918000000e-05	3.3918000000e-05	0.0000000000e+00
2.5387000000e-06	2.5387000000e-06	0.0000000000e+00
1.9614000000e-05	1.9614000000e-05	0.0000000000e+00
4.2599000000e-05	4.2599000000e-05	0.0000000000e+00
1.4334000000e-05	1.4334000000e-05	0.0000000000e+00
3.1694000000e-05	3.1694000000e-05	0.0000000000e+00
3.7843000000e-05	3.7843000000e-05	0.0000000000e+00
1.2953000000e-05	1.2953000000e-05	0.0000000000e+00
1.8274000000e-05	1.8274000000e-05	0.0000000000e+00
1.7958000000e-05	1.7958000000e-05	0.0000000000e+00
2.4659000000e-05	2.4659000000e-05	0.0000000000e+00
8.6025000000e-06	8.6025000000e-06	0.0000000000e+00
2.2503000000e-06	2.2503000000e-06	0.0000000000e+00
3.3119000000e-06	3.3119000000e-06	0.0000000000e+00
7.5386000000e-06	7.5386000000e-06	0.0000000000e+00
1.5144000000e-05	1.5144000000e-05	0.0000000000e+00
5.7716000000e-06	5.7716000000e-06	0.0000000000e+00
8.9962000000e-06	8.9962000000e-06	0.0000000000e+00
1.4590000000e-05	1.4590000000e-05	0.0000000000e+00
1.4557000000e-05	1.4557000000e-05	0.0000000000e+00
1.3343000000e-05	1.3343000000e-05	0.0000000000e+00
1.2261000000e-05	1.2261000000e-05	0.0000000000e+00
1.1294000000e-05	1.1294000000e-05	0.0000000000e+00
1.0428000000e-05	1.0428000000e-05	0.0000000000e+00
9.6513000000e-06	9.6513000000e-06	0.0000000000e+00
8.9538000000e-06	8.9538000000e-06	0.0000000000e+00
8.3266000000e-06	8.3265000000e-06	5.2157794272e-06
7.7618000000e-06	7.7618000000e-06	0.0000000000e+00
7.2528000000e-06	7.2528000000e-06	0.0000000000e+00
6.7936000000e-06	6.7936000000e-06	0.0000000000e+00
6.3793000000e-06	6.3793000000e-06	0.0000000000e+00
6.0052000000e-06	6.0052000000e-06	0.0000000000e+00
5.6674000000e-06	5.6674000000e-06	0.0000000000e+00
5.3625000000e-06	5.3625000000e-06	0.0000000000e+00
5.0874000000e-06	5.0874000000e-06	0.0000000000e+00
4.8394000000e-06	4.8394000000e-06	0.0000000000e+00
7.3350000000e-09	7.3350000000e-09	0.0000000000e+00
9.1631000000e-09	9.1631000000e-09	0.0000000000e+00
1.1390000000e-08	1.1390000000e-08	0.0000000000e+00
1.4112000000e-08	1.4112000000e-08	0.0000000000e+00
1.7479000000e-08	1.7479000000e-08	0.0000000000e+00
2.1657000000e-08	2.1657000000e-08	0.0000000000e+00
2.6866000000e-08	2.6866000000e-08	0.0000000000e+00
3.3427000000e-08	3.3427000000e-08	0.0000000000e+00
4.1754000000e-08	4.1754000000e-08	0.0000000000e+00
5.2421000000e-08	5.2421000000e-08	0.0000000000e+00
6.6404000000e-08	6.6404000000e-08	0.0000000000e+00
8.4985000000e-08	8.4985000000e-08	0.0000000000e+00
1.1024000000e-07	1.1024000000e-07	0.0000000000e+00
1.4518000000e-07	1.4518000000e-07	0.0000000000e+00
1.9411000000e-07	1.9411000000e-07	0.0000000000e+00
2.6355000000e-07	2.6355000000e-07	0.0000000000e+00
3.6223000000e-07	3.6223000000e-07	0.0000000000e+00
5.2321000000e-07	5.2321000000e-07	0.0000000000e+00
7.4208000000e-07	7.4208000000e-07	0.0000000000e+00
1.0345000000e-06	1.0345000000e-06	0.0000000000e+00
1.5339000000e-06	1.5339000000e-06	0.0000000000e+00
1.3831000000e-06	1.3831000000e-06	0.0000000000e+00
2.3224000000e-06	2.3224000000e-06	0.0000000000e+00
1.4829000000e-06	1.4829000000e-06	0.0000000000e+00
2.3095000000e-06	2.3095000000e-06	0.0000000000e+00
3.9386000000e-06	3.9386000000e-06	0.0000000000e+00
1.5410000000e-06	1.5410000000e-06	0.0000000000e+00
2.3925000000e-06	2.3925000000e-06	0.0000000000e+00
2.9529000000e-06	2.9529000000e-06	0.0000000000e+00
6.1876000000e-06	6.1876000000e-06	0.0000000000e+00
9.2678000000e-06	9.2678000000e-06	0.0000000000e+00
4.2722000000e-06	4.2722000000e-06	0.0000000000e+00
1.6792000000e-05	1.6792000000e-05	0.0000000000e+00
5.5195000000e-05	5.5195000000e-05	0.0000000000e+00
9.7618000000e-05	9.7618000000e-05	0.0000000000e+00
1.5540000000e-04	1.5540000000e-04	0.0000000000e+00
3.4310000000e-04	3.4310000000e-04	0.0000000000e+00
6.1921000000e-04	6.1921000000e-04	0.0000000000e+00
1.3973000000e-03	1.3973000000e-03	0.0000000000e+00
2.4526000000e-03	2.4526000000e-03	0.0000000000e+00
3.9028000000e-03	3.9028000000e-03	0.0000000000e+00
4.8905000000e-03	4.8905000000e-03	0.0000000000e+00
5.0265000000e-03	5.0265000000e-03	0.0000000000e+00
4.5211000000e-03	4.5211000000e-03	0.0000000000e+00
3.5079000000e-03	3.5079000000e-03	0.0000000000e+00
2.4384000000e-03	2.4384000000e-03	0.0000000000e+00
1.8689000000e-03	1.8689000000e-03	0.0000000000e+00
1.5545000000e-03	1.5545000000e-03	0.0000000000e+00
1.3694000000e-03	1.3694000000e-03	0.0000000000e+00
1.1845000000e-03	1.1845000000e-03	0.0000000000e+00
9.8947000000e-04	9.8947000000e-04	0.0000000000e+00
8.3825000000e-04	8.3825000000e-04	0.0000000000e+00
7.1414000000e-04	7.1414000000e-04	0.0000000000e+00
3.5530000000e-04	3.5530000000e-04	0.0000000000e+00
4.3525000000e-04	4.3525000000e-04	0.0000000000e+00
2.7997000000e-04	2.7997000000e-04	0.0000000000e+00
2.7683000000e-04	2.7683000000e-04	0.0000000000e+00
1.3144000000e-04	1.3144000000e-04	0.0000000000e+00
9.9402000000e-05	9.9402000000e-05	0.0000000000e+00
2.4876000000e-06	2.4876000000e-06	0.0000000000e+00
8.5020000000e-06	8.5020000000e-06	0.0000000000e+00
1.5116000000e-05	1.5116000000e-05	0.0000000000e+00
1.7217000000e-05	1.7217000000e-05	0.0000000000e+00
9.4318000000e-05	9.4318000000e-05	0.0000000000e+00
4.9392000000e-05	4.9392000000e-05	0.0000000000e+00
8.1260000000e-05	8.1260000000e-05	0.0000000000e+00
2.8799000000e-05	2.8799000000e-05	0.0000000000e+00
1.3884000000e-05	1.3884000000e-05	0.0000000000e+00
4.0242000000e-05	4.0242000000e-05	0.0000000000e+00
4.3830000000e-05	4.3830000000e-05	0.0000000000e+00
4.2253000000e-05	4.2253000000e-05	0.0000000000e+00
3.3626000000e-05	3.3626000000e-05	0.0000000000e+00
3.4135000000e-05	3.4135000000e-05	0.0000000000e+00
2.4442000000e-05	2.4441000000e-05	1.7768732769e-05
1.4026000000e-05	1.4026000000e-05	0.0000000000e+00
3.6930000000e-05	3.6930000000e-05	0.0000000000e+00
1.2817000000e-05	1.2817000000e-05	0.0000000000e+00
5.0440000000e-06	5.0440000000e-06	0.0000000000e+00
8.9029000000e-06	8.9029000000e-06	0.0000000000e+00
8.2747000000e-06	8.2747000000e-06	0.0000000000e+00
1.1241000000e-05	1.1241000000e-05	0.0000000000e+00
1.2732000000e-05	1.2732000000e-05	0.0000000000e+00
2.0327000000e-05	2.0327000000e-05	0.0000000000e+00
1.9108000000e-05	1.9108000000e-05	0.0000000000e+00
1.7750000000e-05	1.7750000000e-05	0.0000000000e+00
1.6255000000e-05	1.6255000000e-05	0.0000000000e+00
1.4922000000e-05	1.4922000000e-05	0.0000000000e+00
1.3733000000e-05	1.3733000000e-05	0.0000000000e+00
1.2669000000e-05	1.2669000000e-05	0.0000000000e+00
1.1716000000e-05	1.1716000000e-05	0.0000000000e+00
1.0860000000e-05	1.0860000000e-05	0.0000000000e+00
1.0092000000e-05	1.0092000000e-05	0.0000000000e+00
9.4012000000e-06	9.4012000000e-06	0.0000000000e+00
8.7791000000e-06	8.7791000000e-06	0.0000000000e+00
8.2187000000e-06	8.2187000000e-06	0.0000000000e+00
7.7136000000e-06	7.7136000000e-06	0.0000000000e+00
7.2580000000e-06	7.2580000000e-06	0.0000000000e+00
6.8473000000e-06	6.8473000000e-06	0.0000000000e+00
6.4769000000e-06	6.4769000000e-06	0.0000000000e+00
6.1432000000e-06	6.1432000000e-06	0.0000000000e+00
5.8428000000e-06	5.8428000000e-06	0.0000000000e+00
8.2525000000e-09	8.2525000000e-09	0.0000000000e+00
1.0325000000e-08	1.0325000000e-08	0.0000000000e+00
1.2854000000e-08	1.2854000000e-08	0.0000000000e+00
1.5987000000e-08	1.5987000000e-08	0.0000000000e+00
1.9857000000e-08	1.9857000000e-08	0.0000000000e+00
2.4697000000e-08	2.4697000000e-08	0.0000000000e+00
3.0755000000e-08	3.0755000000e-08	0.0000000000e+00
3.8450000000e-08	3.8450000000e-08	0.0000000000e+00
4.8219000000e-08	4.8219000000e-08	0.0000000000e+00
6.0885000000e-08	6.0885000000e-08	0.0000000000e+00
7.7429000000e-08	7.7429000000e-08	0.0000000000e+00
9.9477000000e-08	9.9477000000e-08	0.0000000000e+00
1.2930000000e-07	1.2930000000e-07	0.0000000000e+00
1.7030000000e-07	1.7030000000e-07	0.0000000000e+00
2.2805000000e-07	2.2805000000e-07	0.0000000000e+00
3.1177000000e-07	3.1177000000e-07	0.0000000000e+00
4.3306000000e-07	4.3306000000e-07	0.0000000000e+00
5.9705000000e-07	5.9705000000e-07	0.0000000000e+00
8.4397000000e-07	8.4397000000e-07	0.0000000000e+00
1.2188000000e-06	1.2188000000e-06	0.0000000000e+00
2.7719000000e-07	2.7719000000e-07	0.0000000000e+00
4.3310000000e-07	4.3310000000e-07	0.0000000000e+00
1.4854000000e-06	1.4854000000e-06	0.0000000000e+00
1.1071000000e-06	1.1071000000e-06	0.0000000000e+00
1.6930000000e-06	1.6930000000e-06	0.0000000000e+00
2.3618000000e-06	2.3618000000e-06	0.0000000000e+00
1.7447000000e-06	1.7447000000e-06	0.0000000000e+00
2.8043000000e-06	2.8043000000e-06	0.0000000000e+00
4.6074000000e-06	4.6074000000e-06	0.0000000000e+00
8.8707000000e-06	8.8707000000e-06	0.0000000000e+00
1.2060000000e-05	1.2060000000e-05	0.0000000000e+00
1.9674000000e-05	1.9674000000e-05	0.0000000000e+00
2.9159000000e-05	2.9159000000e-05	0.0000000000e+00
6.4014000000e-05	6.4014000000e-05	0.0000000000e+00
1.5340000000e-04	1.5340000000e-04	0.0000000000e+00
2.4715000000e-04	2.4715000000e-04	0.0000000000e+00
3.5653000000e-04	3.5653000000e-04	0.0000000000e+00
7.2757000000e-04	7.2757000000e-04	0.0000000000e+00
1.0748000000e-03	1.0748000000e-03	0.0000000000e+00
2.0830000000e-03	2.0830000000e-03	0.0000000000e+00
3.4315000000e-03	3.4315000000e-03	0.0000000000e+00
4.2677000000e-03	4.2677000000e-03	0.0000000000e+00
4.6857000000e-03	4.6857000000e-03	0.0000000000e+00
4.5140000000e-03	4.5140000000e-03	0.0000000000e+00
3.5795000000e-03	3.5795000000e-03	0.0000000000e+00
2.6659000000e-03	2.6659000000e-03	0.0000000000e+00
2.0881000000e-03	2.0882000000e-03	-2.0798050044e-05
1.7908000000e-03	1.7908000000e-03	0.0000000000e+00
1.5986000000e-03	1.5986000000e-03	0.0000000000e+00
1.4004000000e-03	1.4004000000e-03	0.0000000000e+00
1.1937000000e-03	1.1937000000e-03	0.0000000000e+00
1.0002000000e-03	1.0002000000e-03	0.0000000000e+00
8.5096000000e-04	8.5096000000e-04	0.0000000000e+00
6.8891000000e-04	6.8891000000e-04	0.0000000000e+00
1.5952000000e-04	1.5952000000e-04	0.0000000000e+00
3.7371000000e-04	3.7371000000e-04	0.0000000000e+00
1.5379000000e-04	1.5379000000e-04	0.0000000000e+00
2.6371000000e-04	2.6371000000e-04	0.0000000000e+00
5.3251000000e-05	5.3251000000e-05	0.0000000000e+00
8.5552000000e-06	8.5552000000e-06	0.0000000000e+00
1.1264000000e-05	1.1264000000e-05	0.0000000000e+00
3.1722000000e-06	3.1722000000e-06	0.0000000000e+00
4.9571000000e-05	4.9571000000e-05	0.0000000000e+00
1.1148000000e-04	1.1148000000e-04	0.0000000000e+00
7.2292000000e-06	7.2292000000e-06	0.0000000000e+00
3.5777000000e-05	3.5777000000e-05	0.0000000000e+00
9.6568000000e-05	9.6568000000e-05	0.0000000000e+00
4.9981000000e-05	4.9981000000e-05	0.0000000000e+00
4.1315000000e-05	4.1315000000e-05	0.0000000000e+00
6.9765000000e-05	6.9765000000e-05	0.0000000000e+00
6.1771000000e-05	6.1771000000e-05	0.0000000000e+00
5.5702000000e-05	5.5702000000e-05	0.0000000000e+00
5.8789000000e-05	5.8789000000e-05	0.0000000000e+00
3.0340000000e-05	3.0340000000e-05	0.0000000000e+00
2.3383000000e-05	2.3383000000e-05	0.0000000000e+00
4.4849000000e-05	4.4849000000e-05	0.0000000000e+00
2.1483000000e-05	2.1483000000e-05	0.0000000000e+00
1.0552000000e-05	1.0552000000e-05	0.0000000000e+00
1.3692000000e-05	1.3692000000e-05	0.0000000000e+00
1.2165000000e-05	1.2165000000e-05	0.0000000000e+00
2.2725000000e-05	2.2725000000e-05	0.0000000000e+00
2.1532000000e-05	2.1532000000e-05	0.0000000000e+00
1.9625000000e-05	1.9625000000e-05	0.0000000000e+00
2.1350000000e-05	2.1350000000e-05	0.0000000000e+00
2.1605000000e-05	2.1605000000e-05	0.0000000000e+00
1.9771000000e-05	1.9771000000e-05	0.0000000000e+00
1.8136000000e-05	1.8136000000e-05	0.0000000000e+00
1.6678000000e-05	1.6678000000e-05	0.0000000000e+00
1.5375000000e-05	1.5375000000e-05	0.0000000000e+00
1.4208000000e-05	1.4208000000e-05	0.0000000000e+00
1.3163000000e-05	1.3163000000e-05	0.0000000000e+00
1.2224000000e-05	1.2224000000e-05	0.0000000000e+00
1.1380000000e-05	1.1380000000e-05	0.0000000000e+00
1.0622000000e-05	1.0622000000e-05	0.0000000000e+00
9.9387000000e-06	9.9387000000e-06	0.0000000000e+00
9.3238000000e-06	9.3238000000e-06	0.0000000000e+00
8.7698000000e-06	8.7698000000e-06	0.0000000000e+00
8.2707000000e-06	8.2707000000e-06	0.0000000000e+00
7.8212000000e-06	7.8212000000e-06	0.0000000000e+00
7.4167000000e-06	7.4167000000e-06	0.0000000000e+00
7.0529000000e-06	7.0529000000e-06	0.0000000000e+00
9.2408000000e-09	9.2408000000e-09	0.0000000000e+00
1.1578000000e-08	1.1578000000e-08	0.0000000000e+00
1.4452000000e-08	1.4452000000e-08	0.0000000000e+00
1.7985000000e-08	1.7985000000e-08	0.0000000000e+00
2.2399000000e-08	2.2399000000e-08	0.0000000000e+00
2.7935000000e-08	2.7935000000e-08	0.0000000000e+00
3.4915000000e-08	3.4915000000e-08	0.0000000000e+00
4.3773000000e-08	4.3773000000e-08	0.0000000000e+00
5.5146000000e-08	5.5146000000e-08	0.0000000000e+00
6.9825000000e-08	6.9825000000e-08	0.0000000000e+00
8.9116000000e-08	8.9116000000e-08	0.0000000000e+00
1.1479000000e-07	1.1479000000e-07	0.0000000000e+00
1.4932000000e-07	1.4932000000e-07	0.0000000000e+00
1.9694000000e-07	1.9694000000e-07	0.0000000000e+00
2.6336000000e-07	2.6336000000e-07	0.0000000000e+00
3.5795000000e-07	3.5795000000e-07	0.0000000000e+00
4.8832000000e-07	4.8832000000e-07	0.0000000000e+00
6.9234000000e-07	6.9234000000e-07	0.0000000000e+00
9.8302000000e-07	9.8302000000e-07	0.0000000000e+00
1.4203000000e-06	1.4203000000e-06	0.0000000000e+00
2.0586000000e-06	2.0586000000e-06	0.0000000000e+00
1.1844000000e-06	1.1844000000e-06	0.0000000000e+00
7.8073000000e-07	7.8073000000e-07	0.0000000000e+00
1.9758000000e-06	1.9758000000e-06	0.0000000000e+00
1.1611000000e-06	1.1611000000e-06	0.0000000000e+00
2.4021000000e-06	2.4021000000e-06	0.0000000000e+00
3.2487000000e-06	3.2487000000e-06	0.0000000000e+00
3.5535000000e-06	3.5535000000e-06	0.0000000000e+00
2.8129000000e-06	2.8129000000e-06	0.0000000000e+00
6.3218000000e-06	6.3218000000e-06	0.0000000000e+00
1.5135000000e-05	1.5135000000e-05	0.0000000000e+00
2.4467000000e-05	2.4467000000e-05	0.0000000000e+00
4.5170000000e-05	4.5170000000e-05	0.0000000000e+00
1.2680000000e-04	1.2680000000e-04	0.0000000000e+00
1.6241000000e-04	1.6241000000e-04	0.0000000000e+00
1.9135000000e-04	1.9135000000e-04	0.0000000000e+00
3.8053000000e-04	3.8053000000e-04	0.0000000000e+00
6.3251000000e-04	6.3251000000e-04	0.0000000000e+00
8.7761000000e-04	8.7761000000e-04	0.0000000000e+00
1.6060000000e-03	1.6060000000e-03	0.0000000000e+00
2.7071000000e-03	2.7071000000e-03	0.0000000000e+00
4.0819000000e-03	4.0819000000e-03	0.0000000000e+00
4.1896000000e-03	4.1896000000e-03	0.0000000000e+00
3.8226000000e-03	3.8226000000e-03	0.0000000000e+00
3.3910000000e-03	3.3910000000e-03	0.0000000000e+00
2.7856000000e-03	2.7856000000e-03	0.0000000000e+00
2.2867000000e-03	2.2867000000e-03	0.0000000000e+00
2.0362000000e-03	2.0362000000e-03	0.0000000000e+00
1.8264000000e-03	1.8264000000e-03	0.0000000000e+00
1.5762000000e-03	1.5762000000e-03	0.0000000000e+00
1.2823000000e-03	1.2823000000e-03	0.0000000000e+00
1.0193000000e-03	1.0193000000e-03	0.0000000000e+00
1.0300000000e-03	1.0300000000e-03	0.0000000000e+00
8.1614000000e-04	8.1614000000e-04	0.0000000000e+00
3.6970000000e-04	3.6970000000e-04	0.0000000000e+00
4.5736000000e-04	4.5736000000e-04	0.0000000000e+00
1.6858000000e-04	1.6858000000e-04	0.0000000000e+00
1.9170000000e-05	1.9170000000e-05	0.0000000000e+00
1.3007000000e-04	1.3007000000e-04	0.0000000000e+00
1.4672000000e-04	1.4672000000e-04	0.0000000000e+00
4.5403000000e-05	4.5403000000e-05	0.0000000000e+00
1.7984000000e-05	1.7984000000e-05	0.0000000000e+00
9.4459000000e-05	9.4459000000e-05	0.0000000000e+00
9.8760000000e-05	9.8760000000e-05	0.0000000000e+00
1.0103000000e-04	1.0103000000e-04	0.0000000000e+00
8.1770000000e-05	8.1770000000e-05	0.0000000000e+00
6.6497000000e-05	6.6497000000e-05	0.0000000000e+00
1.1353000000e-04	1.1353000000e-04	0.0000000000e+00
8.1242000000e-05	8.1242000000e-05	0.0000000000e+00
7.5179000000e-05	7.5179000000e-05	0.0000000000e+00
4.7904000000e-05	4.7904000000e-05	0.0000000000e+00
7.9170000000e-05	7.9170000000e-05	0.0000000000e+00
7.7084000000e-05	7.7084000000e-05	0.0000000000e+00
6.6765000000e-05	6.6765000000e-05	0.0000000000e+00
6.3290000000e-05	6.3290000000e-05	0.0000000000e+00
5.7728000000e-05	5.7728000000e-05	0.0000000000e+00
4.4976000000e-05	4.4976000000e-05	0.0000000000e+00
1.1427000000e-05	1.1427000000e-05	0.0000000000e+00
6.6605000000e-06	6.6605000000e-06	0.0000000000e+00
1.5699000000e-05	1.5699000000e-05	0.0000000000e+00
1.4121000000e-05	1.4121000000e-05	0.0000000000e+00
2.3976000000e-05	2.3976000000e-05	0.0000000000e+00
1.8868000000e-05	1.8868000000e-05	0.0000000000e+00
2.7064000000e-05	2.7064000000e-05	0.0000000000e+00
2.6243000000e-05	2.6243000000e-05	0.0000000000e+00
2.4001000000e-05	2.4001000000e-05	0.0000000000e+00
2.2005000000e-05	2.2005000000e-05	0.0000000000e+00
2.0224000000e-05	2.0224000000e-05	0.0000000000e+00
1.8633000000e-05	1.8633000000e-05	0.0000000000e+00
1.7210000000e-05	1.7210000000e-05	0.0000000000e+00
1.5935000000e-05	1.5935000000e-05	0.0000000000e+00
1.4791000000e-05	1.4791000000e-05	0.0000000000e+00
1.3764000000e-05	1.3764000000e-05	0.0000000000e+00
1.2841000000e-05	1.2841000000e-05	0.0000000000e+00
1.2010000000e-05	1.2010000000e-05	0.0000000000e+00
1.1263000000e-05	1.1263000000e-05	0.0000000000e+00
1.0590000000e-05	1.0590000000e-05	0.0000000000e+00
9.9847000000e-06	9.9847000000e-06	0.0000000000e+00
9.4399000000e-06	9.4399000000e-06	0.0000000000e+00
8.9500000000e-06	8.9500000000e-06	0.0000000000e+00
8.5098000000e-06	8.5098000000e-06	0.0000000000e+00
1.0299000000e-08	1.0299000000e-08	0.0000000000e+00
1.2922000000e-08	1.2922000000e-08	0.0000000000e+00
1.6137000000e-08	1.6137000000e-08	0.0000000000e+00
2.0134000000e-08	2.0134000000e-08	0.0000000000e+00
2.5139000000e-08	2.5139000000e-08	0.0000000000e+00
3.1404000000e-08	3.1404000000e-08	0.0000000000e+00
3.9317000000e-08	3.9317000000e-08	0.0000000000e+00
4.9419000000e-08	4.9419000000e-08	0.0000000000e+00
6.2419000000e-08	6.2419000000e-08	0.0000000000e+00
7.9234000000e-08	7.9234000000e-08	0.0000000000e+00
1.0137000000e-07	1.0137000000e-07	0.0000000000e+00
1.3076000000e-07	1.3076000000e-07	0.0000000000e+00
1.7044000000e-07	1.7044000000e-07	0.0000000000e+00
2.2481000000e-07	2.2481000000e-07	0.0000000000e+00
3.0007000000e-07	3.0007000000e-07	0.0000000000e+00
4.0594000000e-07	4.0594000000e-07	0.0000000000e+00
5.5695000000e-07	5.5695000000e-07	0.0000000000e+00
7.7397000000e-07	7.7397000000e-07	0.0000000000e+00
1.0948000000e-06	1.0948000000e-06	0.0000000000e+00
1.5756000000e-06	1.5756000000e-06	0.0000000000e+00
2.3038000000e-06	2.3038000000e-06	0.0000000000e+00
3.1629000000e-06	3.1629000000e-06	0.0000000000e+00
1.6279000000e-06	1.6279000000e-06	0.0000000000e+00
1.3979000000e-06	1.3979000000e-06	0.0000000000e+00
1.1275000000e-06	1.1275000000e-06	0.0000000000e+00
1.5727000000e-06	1.5727000000e-06	0.0000000000e+00
1.0489000000e-06	1.0489000000e-06	0.0000000000e+00
2.3731000000e-06	2.3731000000e-06	0.0000000000e+00
6.7344000000e-06	6.7344000000e-06	0.0000000000e+00
1.0682000000e-05	1.0682000000e-05	0.0000000000e+00
1.6265000000e-05	1.6265000000e-05	0.0000000000e+00
4.1869000000e-05	4.1869000000e-05	0.0000000000e+00
6.1605000000e-05	6.1605000000e-05	0.0000000000e+00
9.3282000000e-05	9.3282000000e-05	0.0000000000e+00
1.3410000000e-04	1.3410000000e-04	0.0000000000e+00
2.8492000000e-04	2.8492000000e-04	0.0000000000e+00
3.5987000000e-04	3.5987000000e-04	0.0000000000e+00
5.7627000000e-04	5.7627000000e-04	0.0000000000e+00
8.5775000000e-04	8.5775000000e-04	0.0000000000e+00
1.2377000000e-03	1.2377000000e-03	0.0000000000e+00
2.0176000000e-03	2.0176000000e-03	0.0000000000e+00
3.0961000000e-03	3.0961000000e-03	0.0000000000e+00
3.0234000000e-03	3.0234000000e-03	0.0000000000e+00
3.2449000000e-03	3.2449000000e-03	0.0000000000e+00
2.9099000000e-03	2.9099000000e-03	0.0000000000e+00
2.7187000000e-03	2.7187000000e-03	0.0000000000e+00
2.5094000000e-03	2.5094000000e-03	0.0000000000e+00
2.2442000000e-03	2.2442000000e-03	0.0000000000e+00
2.0214000000e-03	2.0214000000e-03	0.0000000000e+00
1.7837000000e-03	1.7837000000e-03	0.0000000000e+00
1.5241000000e-03	1.5241000000e-03	0.0000000000e+00
1.1796000000e-03	1.1796000000e-03	0.0000000000e+00
5.4171000000e-04	5.4171000000e-04	0.0000000000e+00
9.9665000000e-04	9.9665000000e-04	0.0000000000e+00
6.4525000000e-04	6.4525000000e-04	0.0000000000e+00
5.3967000000e-05	5.3967000000e-05	0.0000000000e+00
3.0909000000e-05	3.0909000000e-05	0.0000000000e+00
2.9689000000e-04	2.9689000000e-04	0.0000000000e+00
2.7119000000e-04	2.7119000000e-04	0.0000000000e+00
2.3408000000e-04	2.3408000000e-04	0.0000000000e+00
2.7884000000e-04	2.7884000000e-04	0.0000000000e+00
1.0662000000e-04	1.0662000000e-04	0.0000000000e+00
1.2131000000e-04	1.2131000000e-04	0.0000000000e+00
1.2041000000e-05	1.2041000000e-05	0.0000000000e+00
7.4470000000e-05	7.4470000000e-05	0.0000000000e+00
3.7189000000e-05	3.7189000000e-05	0.0000000000e+00
5.3891000000e-06	5.3890000000e-06	8.0588319261e-06
9.7087000000e-05	9.7087000000e-05	0.0000000000e+00
1.0658000000e-04	1.0658000000e-04	0.0000000000e+00
9.5207000000e-05	9.5207000000e-05	0.0000000000e+00
9.9550000000e-05	9.9550000000e-05	0.0000000000e+00
5.5849000000e-05	5.5849000000e-05	0.0000000000e+00
7.6955000000e-05	7.6955000000e-05	0.0000000000e+00
4.9986000000e-05	4.9986000000e-05	0.0000000000e+00
4.8192000000e-05	4.8192000000e-05	0.0000000000e+00
6.5508000000e-05	6.5508000000e-05	0.0000000000e+00
6.4317000000e-05	6.4317000000e-05	0.0000000000e+00
4.7758000000e-05	4.7758000000e-05	0.0000000000e+00
1.7781000000e-05	1.7781000000e-05	0.0000000000e+00
2.3210000000e-05	2.3210000000e-05	0.0000000000e+00
1.4465000000e-05	1.4465000000e-05	0.0000000000e+00
1.7333000000e-05	1.7333000000e-05	0.0000000000e+00
2.9833000000e-05	2.9833000000e-05	0.0000000000e+00
3.0342000000e-05	3.0342000000e-05	0.0000000000e+00
3.1798000000e-05	3.1798000000e-05	0.0000000000e+00
2.9071000000e-05	2.9071000000e-05	0.0000000000e+00
2.6643000000e-05	2.6643000000e-05	0.0000000000e+00
2.4478000000e-05	2.4478000000e-05	0.0000000000e+00
2.2544000000e-05	2.2544000000e-05	0.0000000000e+00
2.0813000000e-05	2.0813000000e-05	0.0000000000e+00
1.9264000000e-05	1.9264000000e-05	0.0000000000e+00
1.7874000000e-05	1.7874000000e-05	0.0000000000e+00
1.6626000000e-05	1.6626000000e-05	0.0000000000e+00
1.5506000000e-05	1.5506000000e-05	0.0000000000e+00
1.4498000000e-05	1.4498000000e-05	0.0000000000e+00
1.3592000000e-05	1.3592000000e-05	0.0000000000e+00
1.2777000000e-05	1.2777000000e-05	0.0000000000e+00
1.2044000000e-05	1.2044000000e-05	0.0000000000e+00
1.1385000000e-05	1.1385000000e-05	0.0000000000e+00
1.0792000000e-05	1.0792000000e-05	0.0000000000e+00
1.0260000000e-05	1.0260000000e-05	0.0000000000e+00
1.1425000000e-08	1.1425000000e-08	0.0000000000e+00
1.4354000000e-08	1.4354000000e-08	0.0000000000e+00
1.7951000000e-08	1.7951000000e-08	0.0000000000e+00
2.2409000000e-08	2.2409000000e-08	0.0000000000e+00
2.7995000000e-08	2.7995000000e-08	0.0000000000e+00
3.5058000000e-08	3.5058000000e-08	0.0000000000e+00
4.3961000000e-08	4.3961000000e-08	0.0000000000e+00
5.5341000000e-08	5.5341000000e-08	0.0000000000e+00
7.0063000000e-08	7.0063000000e-08	0.0000000000e+00
8.9063000000e-08	8.9063000000e-08	0.0000000000e+00
1.1418000000e-07	1.1418000000e-07	0.0000000000e+00
1.4745000000e-07	1.4745000000e-07	0.0000000000e+00
1.9236000000e-07	1.9236000000e-07	0.0000000000e+00
2.5364000000e-07	2.5364000000e-07	0.0000000000e+00
3.3829000000e-07	3.3829000000e-07	0.0000000000e+00
4.5394000000e-07	4.5394000000e-07	0.0000000000e+00
6.1877000000e-07	6.1877000000e-07	0.0000000000e+00
8.5750000000e-07	8.5750000000e-07	0.0000000000e+00
1.2084000000e-06	1.2084000000e-06	0.0000000000e+00
1.7310000000e-06	1.7310000000e-06	0.0000000000e+00
2.5172000000e-06	2.5172000000e-06	0.0000000000e+00
3.7081000000e-06	3.7081000000e-06	0.0000000000e+00
3.3222000000e-06	3.3222000000e-06	0.0000000000e+00
1.3242000000e-06	1.3242000000e-06	0.0000000000e+00
1.1995000000e-06	1.1995000000e-06	0.0000000000e+00
1.9220000000e-06	1.9220000000e-06	0.0000000000e+00
2.6818000000e-06	2.6818000000e-06	0.0000000000e+00
3.9341000000e-06	3.9341000000e-06	0.0000000000e+00
7.5497000000e-06	7.5497000000e-06	0.0000000000e+00
1.9074000000e-05	1.9074000000e-05	0.0000000000e+00
1.8695000000e-05	1.8695000000e-05	0.0000000000e+00
2.7311000000e-05	2.7311000000e-05	0.0000000000e+00
6.8353000000e-05	6.8353000000e-05	0.0000000000e+00
8.6892000000e-05	8.6892000000e-05	0.0000000000e+00
1.4279000000e-04	1.4279000000e-04	0.0000000000e+00
2.6329000000e-04	2.6329000000e-04	0.0000000000e+00
4.3040000000e-04	4.3040000000e-04	0.0000000000e+00
5.9372000000e-04	5.9372000000e-04	0.0000000000e+00
7.9107000000e-04	7.9107000000e-04	0.0000000000e+00
1.1034000000e-03	1.1034000000e-03	0.0000000000e+00
1.6338000000e-03	1.6338000000e-03	0.0000000000e+00
2.2610000000e-03	2.2610000000e-03	0.0000000000e+00
2.4273000000e-03	2.4273000000e-03	0.0000000000e+00
2.7174000000e-03	2.7174000000e-03	0.0000000000e+00
2.6326000000e-03	2.6326000000e-03	0.0000000000e+00
2.5373000000e-03	2.5373000000e-03	0.0000000000e+00
2.4577000000e-03	2.4577000000e-03	0.0000000000e+00
2.4149000000e-03	2.4149000000e-03	0.0000000000e+00
2.0401000000e-03	2.0401000000e-03	0.0000000000e+00
2.0394000000e-03	2.0394000000e-03	0.0000000000e+00
1.5633000000e-03	1.5633000000e-03	0.0000000000e+00
7.8917000000e-04	7.8917000000e-04	0.0000000000e+00
5.8855000000e-04	5.8855000000e-04	0.0000000000e+00
8.8356000000e-04	8.8356000000e-04	0.0000000000e+00
5.3857000000e-04	5.3857000000e-04	0.0000000000e+00
3.2665000000e-04	3.2665000000e-04	0.0000000000e+00
4.4510000000e-04	4.4510000000e-04	0.0000000000e+00
4.5142000000e-04	4.5142000000e-04	0.0000000000e+00
4.8104000000e-04	4.8104000000e-04	0.0000000000e+00
2.1181000000e-04	2.1181000000e-04	0.0000000000e+00
3.6582000000e-04	3.6582000000e-04	0.0000000000e+00
1.1919000000e-04	1.1919000000e-04	0.0000000000e+00
1.3437000000e-04	1.3437000000e-04	0.0000000000e+00
6.0488000000e-05	6.0488000000e-05	0.0000000000e+00
1.4740000000e-05	1.4740000000e-05	0.0000000000e+00
1.8109000000e-05	1.8109000000e-05	0.0000000000e+00
6.8890000000e-06	6.8890000000e-06	0.0000000000e+00
8.5102000000e-05	8.5102000000e-05	0.0000000000e+00
6.4125000000e-05	6.4125000000e-05	0.0000000000e+00
7.4286000000e-05	7.4286000000e-05	0.0000000000e+00
1.1121000000e-04	1.1121000000e-04	0.0000000000e+00
5.3744000000e-05	5.3744000000e-05	0.0000000000e+00
6.1631000000e-05	6.1631000000e-05	0.0000000000e+00
6.1944000000e-05	6.1944000000e-05	0.0000000000e+00
8.3485000000e-05	8.3485000000e-05	0.0000000000e+00
8.9149000000e-05	8.9149000000e-05	0.0000000000e+00
6.7865000000e-05	6.7865000000e-05	0.0000000000e+00
5.6221000000e-05	5.6221000000e-05	0.0000000000e+00
2.3174000000e-05	2.3174000000e-05	0.0000000000e+00
2.5363000000e-05	2.5363000000e-05	0.0000000000e+00
3.0248000000e-05	3.0248000000e-05	0.0000000000e+00
2.4451000000e-05	2.4451000000e-05	0.0000000000e+00
3.5476000000e-05	3.5476000000e-05	0.0000000000e+00
4.2131000000e-05	4.2131000000e-05	0.0000000000e+00
3.8421000000e-05	3.8421000000e-05	0.0000000000e+00
3.5122000000e-05	3.5122000000e-05	0.0000000000e+00
3.2183000000e-05	3.2183000000e-05	0.0000000000e+00
2.9561000000e-05	2.9561000000e-05	0.0000000000e+00
2.7218000000e-05	2.7218000000e-05	0.0000000000e+00
2.5123000000e-05	2.5123000000e-05	0.0000000000e+00
2.3246000000e-05	2.3246000000e-05	0.0000000000e+00
2.1564000000e-05	2.1564000000e-05	0.0000000000e+00
2.0054000000e-05	2.0054000000e-05	0.0000000000e+00
1.8698000000e-05	1.8698000000e-05	0.0000000000e+00
1.7479000000e-05	1.7479000000e-05	0.0000000000e+00
1.6383000000e-05	1.6383000000e-05	0.0000000000e+00
1.5398000000e-05	1.5398000000e-05	0.0000000000e+00
1.4511000000e-05	1.4511000000e-05	0.0000000000e+00
1.3715000000e-05	1.3715000000e-05	0.0000000000e+00
1.3000000000e-05	1.3000000000e-05	0.0000000000e+00
1.2358000000e-05	1.2358000000e-05	0.0000000000e+00
1.2628000000e-08	1.2628000000e-08	0.0000000000e+00
1.5855000000e-08	1.5855000000e-08	0.0000000000e+00
1.9837000000e-08	1.9837000000e-08	0.0000000000e+00
2.4798000000e-08	2.4798000000e-08	0.0000000000e+00
3.1024000000e-08	3.1024000000e-08	0.0000000000e+00
3.8836000000e-08	3.8836000000e-08	0.0000000000e+00
4.8810000000e-08	4.8810000000e-08	0.0000000000e+00
6.1531000000e-08	6.1531000000e-08	0.0000000000e+00
7.7934000000e-08	7.7934000000e-08	0.0000000000e+00
9.9270000000e-08	9.9270000000e-08	0.0000000000e+00
1.2730000000e-07	1.2730000000e-07	0.0000000000e+00
1.6465000000e-07	1.6465000000e-07	0.0000000000e+00
2.1489000000e-07	2.1489000000e-07	0.0000000000e+00
2.8336000000e-07	2.8336000000e-07	0.0000000000e+00
3.7466000000e-07	3.7466000000e-07	0.0000000000e+00
5.0192000000e-07	5.0192000000e-07	0.0000000000e+00
6.8251000000e-07	6.8251000000e-07	0.0000000000e+00
9.4267000000e-07	9.4267000000e-07	0.0000000000e+00
1.3227000000e-06	1.3227000000e-06	0.0000000000e+00
1.8848000000e-06	1.8848000000e-06	0.0000000000e+00
2.7240000000e-06	2.7240000000e-06	0.0000000000e+00
3.9856000000e-06	3.9856000000e-06	0.0000000000e+00
5.8878000000e-06	5.8878000000e-06	0.0000000000e+00
3.5923000000e-06	3.5923000000e-06	0.0000000000e+00
2.4150000000e-06	2.4150000000e-06	0.0000000000e+00
8.2437000000e-07	8.2437000000e-07	0.0000000000e+00
3.1438000000e-06	3.1438000000e-06	0.0000000000e+00
6.2363000000e-06	6.2363000000e-06	0.0000000000e+00
1.1436000000e-05	1.1436000000e-05	0.0000000000e+00
1.5373000000e-05	1.5373000000e-05	0.0000000000e+00
2.1830000000e-05	2.1830000000e-05	0.0000000000e+00
3.8419000000e-05	3.8419000000e-05	0.0000000000e+00
6.8809000000e-05	6.8809000000e-05	0.0000000000e+00
1.0647000000e-04	1.0647000000e-04	0.0000000000e+00
1.8953000000e-04	1.8953000000e-04	0.0000000000e+00
2.5189000000e-04	2.5189000000e-04	0.0000000000e+00
3.9162000000e-04	3.9162000000e-04	0.0000000000e+00
6.1000000000e-04	6.1000000000e-04	0.0000000000e+00
7.6999000000e-04	7.6999000000e-04	0.0000000000e+00
1.2518000000e-03	1.2518000000e-03	0.0000000000e+00
1.4696000000e-03	1.4696000000e-03	0.0000000000e+00
2.0028000000e-03	2.0028000000e-03	0.0000000000e+00
2.1578000000e-03	2.1578000000e-03	0.0000000000e+00
2.4527000000e-03	2.4527000000e-03	0.0000000000e+00
2.4823000000e-03	2.4823000000e-03	0.0000000000e+00
2.4855000000e-03	2.4855000000e-03	0.0000000000e+00
2.5757000000e-03	2.5757000000e-03	0.0000000000e+00
2.9267000000e-03	2.9267000000e-03	0.0000000000e+00
2.1585000000e-03	2.1585000000e-03	0.0000000000e+00
2.1974000000e-03	2.1974000000e-03	0.0000000000e+00
1.7536000000e-03	1.7536000000e-03	0.0000000000e+00
9.8262000000e-04	9.8262000000e-04	0.0000000000e+00
1.1059000000e-03	1.1059000000e-03	0.0000000000e+00
1.6487000000e-04	1.6487000000e-04	0.0000000000e+00
1.9828000000e-04	1.9828000000e-04	0.0000000000e+00
5.5892000000e-05	5.5892000000e-05	0.0000000000e+00
3.5131000000e-04	3.5131000000e-04	0.0000000000e+00
6.4272000000e-04	6.4272000000e-04	0.0000000000e+00
6.3640000000e-04	6.3640000000e-04	0.0000000000e+00
2.8248000000e-04	2.8248000000e-04	0.0000000000e+00
1.5437000000e-04	1.5437000000e-04	0.0000000000e+00
3.7585000000e-04	3.7585000000e-04	0.0000000000e+00
2.0785000000e-04	2.0785000000e-04	0.0000000000e+00
2.7914000000e-04	2.7914000000e-04	0.0000000000e+00
7.8978000000e-05	7.8978000000e-05	0.0000000000e+00
1.1764000000e-04	1.1764000000e-04	0.0000000000e+00
1.2949000000e-04	1.2949000000e-04	0.0000000000e+00
1.0140000000e-04	1.0140000000e-04	0.0000000000e+00
9.4568000000e-05	9.4568000000e-05	0.0000000000e+00
1.1186000000e-04	1.1186000000e-04	0.0000000000e+00
1.0651000000e-04	1.0651000000e-04	0.0000000000e+00
8.4354000000e-05	8.4354000000e-05	0.0000000000e+00
4.6300000000e-05	4.6300000000e-05	0.0000000000e+00
7.7321000000e-05	7.7321000000e-05	0.0000000000e+00
1.1029000000e-04	1.1029000000e-04	0.0000000000e+00
1.0742000000e-04	1.0742000000e-04	0.0000000000e+00
8.8606000000e-05	8.8606000000e-05	0.0000000000e+00
5.1286000000e-05	5.1286000000e-05	0.0000000000e+00
2.4354000000e-05	2.4354000000e-05	0.0000000000e+00
3.9826000000e-05	3.9826000000e-05	0.0000000000e+00
5.1599000000e-05	5.1599000000e-05	0.0000000000e+00
4.3980000000e-05	4.3980000000e-05	0.0000000000e+00
5.4571000000e-05	5.4571000000e-05	0.0000000000e+00
3.7702000000e-05	3.7702000000e-05	0.0000000000e+00
4.6280000000e-05	4.6280000000e-05	0.0000000000e+00
4.2308000000e-05	4.2308000000e-05	0.0000000000e+00
3.8768000000e-05	3.8768000000e-05	0.0000000000e+00
3.5608000000e-05	3.5608000000e-05	0.0000000000e+00
3.2784000000e-05	3.2784000000e-05	0.0000000000e+00
3.0258000000e-05	3.0258000000e-05	0.0000000000e+00
2.7994000000e-05	2.7994000000e-05	0.0000000000e+00
2.5965000000e-05	2.5965000000e-05	0.0000000000e+00
2.4143000000e-05	2.4143000000e-05	0.0000000000e+00
2.2507000000e-05	2.2507000000e-05	0.0000000000e+00
2.1037000000e-05	2.1037000000e-05	0.0000000000e+00
1.9716000000e-05	1.9716000000e-05	0.0000000000e+00
1.8528000000e-05	1.8528000000e-05	0.0000000000e+00
1.7460000000e-05	1.7460000000e-05	0.0000000000e+00
1.6500000000e-05	1.6500000000e-05	0.0000000000e+00
1.5638000000e-05	1.5638000000e-05	0.0000000000e+00
1.4866000000e-05	1.4866000000e-05	0.0000000000e+00
1.3881000000e-08	1.3881000000e-08	0.0000000000e+00
1.7432000000e-08	1.7432000000e-08	0.0000000000e+00
2.1818000000e-08	2.1818000000e-08	0.0000000000e+00
2.7285000000e-08	2.7285000000e-08	0.0000000000e+00
3.4150000000e-08	3.4150000000e-08	0.0000000000e+00
4.2769000000e-08	4.2769000000e-08	0.0000000000e+00
5.3777000000e-08	5.3777000000e-08	0.0000000000e+00
6.7818000000e-08	6.7818000000e-08	0.0000000000e+00
8.5996000000e-08	8.5996000000e-08	0.0000000000e+00
1.0965000000e-07	1.0965000000e-07	0.0000000000e+00
1.4072000000e-07	1.4072000000e-07	0.0000000000e+00
1.8196000000e-07	1.8196000000e-07	0.0000000000e+00
2.3770000000e-07	2.3770000000e-07	0.0000000000e+00
3.1265000000e-07	3.1265000000e-07	0.0000000000e+00
4.1248000000e-07	4.1248000000e-07	0.0000000000e+00
5.5143000000e-07	5.5143000000e-07	0.0000000000e+00
7.4764000000e-07	7.4764000000e-07	0.0000000000e+00
1.0287000000e-06	1.0287000000e-06	0.0000000000e+00
1.4365000000e-06	1.4365000000e-06	0.0000000000e+00
2.0351000000e-06	2.0351000000e-06	0.0000000000e+00
2.9220000000e-06	2.9220000000e-06	0.0000000000e+00
4.2442000000e-06	4.2442000000e-06	0.0000000000e+00
6.2216000000e-06	6.2216000000e-06	0.0000000000e+00
4.0198000000e-06	4.0198000000e-06	0.0000000000e+00
1.5237000000e-06	1.5237000000e-06	0.0000000000e+00
2.0994000000e-06	2.0994000000e-06	0.0000000000e+00
3.4460000000e-06	3.4460000000e-06	0.0000000000e+00
5.6954000000e-06	5.6954000000e-06	0.0000000000e+00
9.5249000000e-06	9.5249000000e-06	0.0000000000e+00
2.3726000000e-05	2.3726000000e-05	0.0000000000e+00
2.9506000000e-05	2.9506000000e-05	0.0000000000e+00
4.7269000000e-05	4.7269000000e-05	0.0000000000e+00
8.2489000000e-05	8.2489000000e-05	0.0000000000e+00
1.3050000000e-04	1.3050000000e-04	0.0000000000e+00
1.9425000000e-04	1.9425000000e-04	0.0000000000e+00
2.4022000000e-04	2.4022000000e-04	0.0000000000e+00
3.4734000000e-04	3.4734000000e-04	0.0000000000e+00
6.1478000000e-04	6.1478000000e-04	0.0000000000e+00
8.0382000000e-04	8.0382000000e-04	0.0000000000e+00
1.0343000000e-03	1.0343000000e-03	0.0000000000e+00
1.4823000000e-03	1.4823000000e-03	0.0000000000e+00
1.7919000000e-03	1.7919000000e-03	0.0000000000e+00
2.1001000000e-03	2.1001000000e-03	0.0000000000e+00
2.3488000000e-03	2.3488000000e-03	0.0000000000e+00
2.3756000000e-03	2.3756000000e-03	0.0000000000e+00
2.6600000000e-03	2.6600000000e-03	0.0000000000e+00
2.5091000000e-03	2.5091000000e-03	0.0000000000e+00
5.4110000000e-03	5.4110000000e-03	0.0000000000e+00
2.8854000000e-03	2.8854000000e-03	0.0000000000e+00
2.9583000000e-03	2.9583000000e-03	0.0000000000e+00
2.0272000000e-03	2.0272000000e-03	0.0000000000e+00
1.6686000000e-03	1.6686000000e-03	0.0000000000e+00
1.0541000000e-03	1.0541000000e-03	0.0000000000e+00
3.6083000000e-04	3.6083000000e-04	0.0000000000e+00
5.8941000000e-04	5.8941000000e-04	0.0000000000e+00
3.3792000000e-04	3.3792000000e-04	0.0000000000e+00
3.2556000000e-04	3.2556000000e-04	0.0000000000e+00
7.5952000000e-04	7.5952000000e-04	0.0000000000e+00
4.1117000000e-04	4.1117000000e-04	0.0000000000e+00
7.8384000000e-04	7.8384000000e-04	0.0000000000e+00
4.6808000000e-04	4.6808000000e-04	0.0000000000e+00
6.0483000000e-04	6.0483000000e-04	0.0000000000e+00
4.2110000000e-04	4.2110000000e-04	0.0000000000e+00
4.2774000000e-04	4.2774000000e-04	0.0000000000e+00
3.0900000000e-04	3.0900000000e-04	0.0000000000e+00
2.8515000000e-04	2.8515000000e-04	0.0000000000e+00
1.6182000000e-04	1.6182000000e-04	0.0000000000e+00
2.3564000000e-04	2.3564000000e-04	0.0000000000e+00
1.9154000000e-04	1.9154000000e-04	0.0000000000e+00
2.1463000000e-04	2.1463000000e-04	0.0000000000e+00
1.8011000000e-04	1.8011000000e-04	0.0000000000e+00
1.1678000000e-04	1.1678000000e-04	0.0000000000e+00
1.1902000000e-04	1.1902000000e-04	0.0000000000e+00
1.1081000000e-04	1.1081000000e-04	0.0000000000e+00
9.8124000000e-05	9.8124000000e-05	0.0000000000e+00
1.3114000000e-04	1.3114000000e-04	0.0000000000e+00
1.1541000000e-04	1.1541000000e-04	0.0000000000e+00
9.5204000000e-05	9.5204000000e-05	0.0000000000e+00
4.2512000000e-05	4.2512000000e-05	0.0000000000e+00
3.5637000000e-05	3.5637000000e-05	0.0000000000e+00
3.1930000000e-05	3.1930000000e-05	0.0000000000e+00
4.3503000000e-05	4.3503000000e-05	0.0000000000e+00
4.6237000000e-05	4.6237000000e-05	0.0000000000e+00
5.6393000000e-05	5.6393000000e-05	0.0000000000e+00
5.5556000000e-05	5.5556000000e-05	0.0000000000e+00
5.0801000000e-05	5.0801000000e-05	0.0000000000e+00
4.6559000000e-05	4.6559000000e-05	0.0000000000e+00
4.2771000000e-05	4.2771000000e-05	0.0000000000e+00
3.9382000000e-05	3.9382000000e-05	0.0000000000e+00
3.6349000000e-05	3.6349000000e-05	0.0000000000e+00
3.3631000000e-05	3.3631000000e-05	0.0000000000e+00
3.1193000000e-05	3.1193000000e-05	0.0000000000e+00
2.9004000000e-05	2.9004000000e-05	0.0000000000e+00
2.7038000000e-05	2.7038000000e-05	0.0000000000e+00
2.5271000000e-05	2.5271000000e-05	0.0000000000e+00
2.3683000000e-05	2.3682000000e-05	1.8338202553e-05
2.2254000000e-05	2.2254000000e-05	0.0000000000e+00
2.0971000000e-05	2.0971000000e-05	0.0000000000e+00
1.9817000000e-05	1.9817000000e-05	0.0000000000e+00
1.8782000000e-05	1.8782000000e-05	0.0000000000e+00
1.7854000000e-05	1.7854000000e-05	0.0000000000e+00
1.5173000000e-08	1.5173000000e-08	0.0000000000e+00
1.9061000000e-08	1.9061000000e-08	0.0000000000e+00
2.3863000000e-08	2.3863000000e-08	0.0000000000e+00
2.9827000000e-08	2.9827000000e-08	0.0000000000e+00
3.7312000000e-08	3.7312000000e-08	0.0000000000e+00
4.6788000000e-08	4.6788000000e-08	0.0000000000e+00
5.8799000000e-08	5.8799000000e-08	0.0000000000e+00
7.4173000000e-08	7.4173000000e-08	0.0000000000e+00
9.4071000000e-08	9.4071000000e-08	0.0000000000e+00
1.1995000000e-07	1.1995000000e-07	0.0000000000e+00
1.5415000000e-07	1.5415000000e-07	0.0000000000e+00
1.9954000000e-07	1.9954000000e-07	0.0000000000e+00
2.6043000000e-07	2.6043000000e-07	0.0000000000e+00
3.4284000000e-07	3.4284000000e-07	0.0000000000e+00
4.5150000000e-07	4.5150000000e-07	0.0000000000e+00
6.0208000000e-07	6.0208000000e-07	0.0000000000e+00
8.1361000000e-07	8.1361000000e-07	0.0000000000e+00
1.1147000000e-06	1.1147000000e-06	0.0000000000e+00
1.5486000000e-06	1.5486000000e-06	0.0000000000e+00
2.1806000000e-06	2.1806000000e-06	0.0000000000e+00
3.1092000000e-06	3.1092000000e-06	0.0000000000e+00
4.4818000000e-06	4.4818000000e-06	0.0000000000e+00
6.5170000000e-06	6.5170000000e-06	0.0000000000e+00
8.6264000000e-06	8.6264000000e-06	0.0000000000e+00
1.8402000000e-06	1.8402000000e-06	0.0000000000e+00
2.2754000000e-06	2.2754000000e-06	0.0000000000e+00
4.1435000000e-06	4.1435000000e-06	0.0000000000e+00
6.5123000000e-06	6.5123000000e-06	0.0000000000e+00
1.0116000000e-05	1.0116000000e-05	0.0000000000e+00
1.6629000000e-05	1.6629000000e-05	0.0000000000e+00
3.3018000000e-05	3.3018000000e-05	0.0000000000e+00
5.8307000000e-05	5.8307000000e-05	0.0000000000e+00
9.2935000000e-05	9.2935000000e-05	0.0000000000e+00
1.2526000000e-04	1.2526000000e-04	0.0000000000e+00
2.4956000000e-04	2.4956000000e-04	0.0000000000e+00
3.5593000000e-04	3.5593000000e-04	0.0000000000e+00
4.7285000000e-04	4.7285000000e-04	0.0000000000e+00
5.8430000000e-04	5.8430000000e-04	0.0000000000e+00
8.0154000000e-04	8.0154000000e-04	0.0000000000e+00
9.7136000000e-04	9.7136000000e-04	0.0000000000e+00
1.3681000000e-03	1.3681000000e-03	0.0000000000e+00
1.6594000000e-03	1.6594000000e-03	0.0000000000e+00
1.9177000000e-03	1.9177000000e-03	0.0000000000e+00
2.1811000000e-03	2.1811000000e-03	0.0000000000e+00
2.3710000000e-03	2.3710000000e-03	0.0000000000e+00
2.3577000000e-03	2.3577000000e-03	0.0000000000e+00
3.8460000000e-03	3.8460000000e-03	0.0000000000e+00
3.1705000000e-03	3.1705000000e-03	0.0000000000e+00
4.3319000000e-03	4.3319000000e-03	0.0000000000e+00
3.6766000000e-03	3.6766000000e-03	0.0000000000e+00
3.2307000000e-03	3.2307000000e-03	0.0000000000e+00
2.1529000000e-03	2.1529000000e-03	0.0000000000e+00
1.3670000000e-03	1.3670000000e-03	0.0000000000e+00
9.4550000000e-04	9.4550000000e-04	0.0000000000e+00
9.5675000000e-04	9.5675000000e-04	0.0000000000e+00
1.2239000000e-03	1.2239000000e-03	0.0000000000e+00
1.0660000000e-03	1.0660000000e-03	0.0000000000e+00
6.2481000000e-04	6.2481000000e-04	0.0000000000e+00
8.0758000000e-04	8.0758000000e-04	0.0000000000e+00
7.1103000000e-04	7.1103000000e-04	0.0000000000e+00
8.1299000000e-04	8.1299000000e-04	0.0000000000e+00
6.8895000000e-04	6.8895000000e-04	0.0000000000e+00
5.5622000000e-04	5.5622000000e-04	0.0000000000e+00
5.4370000000e-04	5.4370000000e-04	0.0000000000e+00
4.5198000000e-04	4.5198000000e-04	0.0000000000e+00
4.1775000000e-04	4.1775000000e-04	0.0000000000e+00
3.1240000000e-04	3.1240000000e-04	0.0000000000e+00
2.0101000000e-04	2.0101000000e-04	0.0000000000e+00
2.8284000000e-04	2.8284000000e-04	0.0000000000e+00
2.8301000000e-04	2.8301000000e-04	0.0000000000e+00
2.3064000000e-04	2.3064000000e-04	0.0000000000e+00
2.1375000000e-04	2.1375000000e-04	0.0000000000e+00
2.0259000000e-04	2.0259000000e-04	0.0000000000e+00
1.8091000000e-04	1.8091000000e-04	0.0000000000e+00
1.3587000000e-04	1.3587000000e-04	0.0000000000e+00
1.5109000000e-04	1.5109000000e-04	0.0000000000e+00
1.4042000000e-04	1.4042000000e-04	0.0000000000e+00
1.1915000000e-04	1.1915000000e-04	0.0000000000e+00
6.8066000000e-05	6.8066000000e-05	0.0000000000e+00
5.7112000000e-05	5.7112000000e-05	0.0000000000e+00
5.0697000000e-05	5.0697000000e-05	0.0000000000e+00
4.9817000000e-05	4.9817000000e-05	0.0000000000e+00
5.3903000000e-05	5.3903000000e-05	0.0000000000e+00
6.1177000000e-05	6.1177000000e-05	0.0000000000e+00
6.1568000000e-05	6.1568000000e-05	0.0000000000e+00
6.0786000000e-05	6.0786000000e-05	0.0000000000e+00
5.5731000000e-05	5.5731000000e-05	0.0000000000e+00
5.1212000000e-05	5.1212000000e-05	0.0000000000e+00
4.7167000000e-05	4.7167000000e-05	0.0000000000e+00
4.3544000000e-05	4.3544000000e-05	0.0000000000e+00
4.0294000000e-05	4.0294000000e-05	0.0000000000e+00
3.7378000000e-05	3.7378000000e-05	0.0000000000e+00
3.4758000000e-05	3.4758000000e-05	0.0000000000e+00
3.2405000000e-05	3.2405000000e-05	0.0000000000e+00
3.0289000000e-05	3.0289000000e-05	0.0000000000e+00
2.8386000000e-05	2.8386000000e-05	0.0000000000e+00
2.6676000000e-05	2.6676000000e-05	0.0000000000e+00
2.5138000000e-05	2.5138000000e-05	0.0000000000e+00
2.3756000000e-05	2.3756000000e-05	0.0000000000e+00
2.2516000000e-05	2.2516000000e-05	0.0000000000e+00
2.1403000000e-05	2.1403000000e-05	0.0000000000e+00
1.6512000000e-08	1.6512000000e-08	0.0000000000e+00
2.0747000000e-08	2.0747000000e-08	0.0000000000e+00
2.5957000000e-08	2.5957000000e-08	0.0000000000e+00
3.2424000000e-08	3.2424000000e-08	0.0000000000e+00
4.0539000000e-08	4.0539000000e-08	0.0000000000e+00
5.0761000000e-08	5.0761000000e-08	0.0000000000e+00
6.3756000000e-08	6.3756000000e-08	0.0000000000e+00
8.0442000000e-08	8.0442000000e-08	0.0000000000e+00
1.0203000000e-07	1.0203000000e-07	0.0000000000e+00
1.3019000000e-07	1.3019000000e-07	0.0000000000e+00
1.6725000000e-07	1.6725000000e-07	0.0000000000e+00
2.1651000000e-07	2.1651000000e-07	0.0000000000e+00
2.8291000000e-07	2.8291000000e-07	0.0000000000e+00
3.7291000000e-07	3.7291000000e-07	0.0000000000e+00
4.9147000000e-07	4.9147000000e-07	0.0000000000e+00
6.5351000000e-07	6.5351000000e-07	0.0000000000e+00
8.7990000000e-07	8.7990000000e-07	0.0000000000e+00
1.2001000000e-06	1.2001000000e-06	0.0000000000e+00
1.6581000000e-06	1.6581000000e-06	0.0000000000e+00
2.3200000000e-06	2.3200000000e-06	0.0000000000e+00
3.2843000000e-06	3.2843000000e-06	0.0000000000e+00
4.6972000000e-06	4.6972000000e-06	0.0000000000e+00
6.7735000000e-06	6.7735000000e-06	0.0000000000e+00
6.5147000000e-06	6.5147000000e-06	0.0000000000e+00
1.7242000000e-06	1.7242000000e-06	0.0000000000e+00
1.7053000000e-06	1.7053000000e-06	0.0000000000e+00
3.9147000000e-06	3.9147000000e-06	0.0000000000e+00
9.7272000000e-06	9.7272000000e-06	0.0000000000e+00
1.4319000000e-05	1.4319000000e-05	0.0000000000e+00
2.1720000000e-05	2.1720000000e-05	0.0000000000e+00
2.8747000000e-05	2.8747000000e-05	0.0000000000e+00
5.3861000000e-05	5.3861000000e-05	0.0000000000e+00
9.0462000000e-05	9.0462000000e-05	0.0000000000e+00
1.3714000000e-04	1.3714000000e-04	0.0000000000e+00
1.8705000000e-04	1.8705000000e-04	0.0000000000e+00
2.9090000000e-04	2.9090000000e-04	0.0000000000e+00
4.6965000000e-04	4.6965000000e-04	0.0000000000e+00
5.8021000000e-04	5.8021000000e-04	0.0000000000e+00
7.7883000000e-04	7.7883000000e-04	0.0000000000e+00
9.7509000000e-04	9.7509000000e-04	0.0000000000e+00
1.2552000000e-03	1.2552000000e-03	0.0000000000e+00
1.4941000000e-03	1.4941000000e-03	0.0000000000e+00
1.7733000000e-03	1.7733000000e-03	0.0000000000e+00
2.0099000000e-03	2.0099000000e-03	0.0000000000e+00
2.1956000000e-03	2.1956000000e-03	0.0000000000e+00
2.4393000000e-03	2.4393000000e-03	0.0000000000e+00
2.3351000000e-03	2.3351000000e-03	0.0000000000e+00
3.3781000000e-03	3.3781000000e-03	0.0000000000e+00
4.2595000000e-03	4.2595000000e-03	0.0000000000e+00
2.4422000000e-03	2.4422000000e-03	0.0000000000e+00
2.2499000000e-03	2.2500000000e-03	-1.9302405919e-05
2.9124000000e-03	2.9124000000e-03	0.0000000000e+00
2.2211000000e-03	2.2211000000e-03	0.0000000000e+00
1.9865000000e-03	1.9865000000e-03	0.0000000000e+00
1.8130000000e-03	1.8130000000e-03	0.0000000000e+00
1.3562000000e-03	1.3562000000e-03	0.0000000000e+00
1.1094000000e-03	1.1094000000e-03	0.0000000000e+00
7.1551000000e-04	7.1551000000e-04	0.0000000000e+00
4.6926000000e-04	4.6926000000e-04	0.0000000000e+00
7.1403000000e-04	7.1403000000e-04	0.0000000000e+00
8.7535000000e-04	8.7535000000e-04	0.0000000000e+00
7.9843000000e-04	7.9843000000e-04	0.0000000000e+00
7.3880000000e-04	7.3880000000e-04	0.0000000000e+00
6.4216000000e-04	6.4216000000e-04	0.0000000000e+00
5.4786000000e-04	5.4786000000e-04	0.0000000000e+00
5.0211000000e-04	5.0211000000e-04	0.0000000000e+00
4.7194000000e-04	4.7194000000e-04	0.0000000000e+00
3.7660000000e-04	3.7660000000e-04	0.0000000000e+00
2.9537000000e-04	2.9537000000e-04	0.0000000000e+00
2.8612000000e-04	2.8612000000e-04	0.0000000000e+00
2.5739000000e-04	2.5739000000e-04	0.0000000000e+00
2.5759000000e-04	2.5759000000e-04	0.0000000000e+00
2.0817000000e-04	2.0817000000e-04	0.0000000000e+00
2.2162000000e-04	2.2162000000e-04	0.0000000000e+00
2.0310000000e-04	2.0310000000e-04	0.0000000000e+00
1.8716000000e-04	1.8716000000e-04	0.0000000000e+00
1.5825000000e-04	1.5825000000e-04	0.0000000000e+00
1.4724000000e-04	1.4724000000e-04	0.0000000000e+00
8.8893000000e-05	8.8893000000e-05	0.0000000000e+00
7.5657000000e-05	7.5657000000e-05	0.0000000000e+00
6.5987000000e-05	6.5987000000e-05	0.0000000000e+00
6.4813000000e-05	6.4813000000e-05	0.0000000000e+00
8.5804000000e-05	8.5804000000e-05	0.0000000000e+00
8.6651000000e-05	8.6651000000e-05	0.0000000000e+00
7.9156000000e-05	7.9156000000e-05	0.0000000000e+00
7.2459000000e-05	7.2459000000e-05	0.0000000000e+00
6.6471000000e-05	6.6471000000e-05	0.0000000000e+00
6.1110000000e-05	6.1110000000e-05	0.0000000000e+00
5.6307000000e-05	5.6307000000e-05	0.0000000000e+00
5.1999000000e-05	5.1999000000e-05	0.0000000000e+00
4.8134000000e-05	4.8134000000e-05	0.0000000000e+00
4.4661000000e-05	4.4661000000e-05	0.0000000000e+00
4.1541000000e-05	4.1541000000e-05	0.0000000000e+00
3.8735000000e-05	3.8735000000e-05	0.0000000000e+00
3.6212000000e-05	3.6212000000e-05	0.0000000000e+00
3.3942000000e-05	3.3942000000e-05	0.0000000000e+00
3.1900000000e-05	3.1900000000e-05	0.0000000000e+00
3.0064000000e-05	3.0064000000e-05	0.0000000000e+00
2.8415000000e-05	2.8415000000e-05	0.0000000000e+00
2.6933000000e-05	2.6933000000e-05	0.0000000000e+00
2.5605000000e-05	2.5605000000e-05	0.0000000000e+00
1.7888000000e-08	1.7888000000e-08	0.0000000000e+00
2.2460000000e-08	2.2460000000e-08	0.0000000000e+00
2.8056000000e-08	2.8056000000e-08	0.0000000000e+00
3.5024000000e-08	3.5024000000e-08	0.0000000000e+00
4.3724000000e-08	4.3724000000e-08	0.0000000000e+00
5.4670000000e-08	5.4670000000e-08	0.0000000000e+00
6.8622000000e-08	6.8622000000e-08	0.0000000000e+00
8.6522000000e-08	8.6522000000e-08	0.0000000000e+00
1.0965000000e-07	1.0965000000e-07	0.0000000000e+00
1.3988000000e-07	1.3988000000e-07	0.0000000000e+00
1.7976000000e-07	1.7976000000e-07	0.0000000000e+00
2.3287000000e-07	2.3287000000e-07	0.0000000000e+00
3.0457000000e-07	3.0457000000e-07	0.0000000000e+00
4.0159000000e-07	4.0159000000e-07	0.0000000000e+00
5.3210000000e-07	5.3210000000e-07	0.0000000000e+00
7.0534000000e-07	7.0534000000e-07	0.0000000000e+00
9.4599000000e-07	9.4599000000e-07	0.0000000000e+00
1.2841000000e-06	1.2841000000e-06	0.0000000000e+00
1.7642000000e-06	1.7642000000e-06	0.0000000000e+00
2.4525000000e-06	2.4525000000e-06	0.0000000000e+00
3.4465000000e-06	3.4465000000e-06	0.0000000000e+00
4.8899000000e-06	4.8899000000e-06	0.0000000000e+00
3.2718000000e-06	3.2718000000e-06	0.0000000000e+00
2.0962000000e-06	2.0962000000e-06	0.0000000000e+00
1.2822000000e-06	1.2822000000e-06	0.0000000000e+00
2.1575000000e-06	2.1575000000e-06	0.0000000000e+00
3.0223000000e-06	3.0223000000e-06	0.0000000000e+00
5.6158000000e-06	5.6158000000e-06	0.0000000000e+00
1.2074000000e-05	1.2074000000e-05	0.0000000000e+00
1.9339000000e-05	1.9339000000e-05	0.0000000000e+00
3.7661000000e-05	3.7661000000e-05	0.0000000000e+00
5.1472000000e-05	5.1472000000e-05	0.0000000000e+00
9.1947000000e-05	9.1947000000e-05	0.0000000000e+00
1.3380000000e-04	1.3380000000e-04	0.0000000000e+00
1.9670000000e-04	1.9670000000e-04	0.0000000000e+00
3.3583000000e-04	3.3583000000e-04	0.0000000000e+00
4.6281000000e-04	4.6281000000e-04	0.0000000000e+00
5.9547000000e-04	5.9547000000e-04	0.0000000000e+00
8.0088000000e-04	8.0088000000e-04	0.0000000000e+00
9.4142000000e-04	9.4142000000e-04	0.0000000000e+00
1.1583000000e-03	1.1583000000e-03	0.0000000000e+00
1.4183000000e-03	1.4183000000e-03	0.0000000000e+00
1.6116000000e-03	1.6116000000e-03	0.0000000000e+00
1.7972000000e-03	1.7972000000e-03	0.0000000000e+00
2.0789000000e-03	2.0789000000e-03	0.0000000000e+00
2.2034000000e-03	2.2034000000e-03	0.0000000000e+00
2.4523000000e-03	2.4523000000e-03	0.0000000000e+00
2.4939000000e-03	2.4939000000e-03	0.0000000000e+00
5.2544000000e-03	5.2544000000e-03	0.0000000000e+00
3.8628000000e-03	3.8628000000e-03	0.0000000000e+00
2.3863000000e-03	2.3863000000e-03	0.0000000000e+00
2.4197000000e-03	2.4197000000e-03	0.0000000000e+00
2.1907000000e-03	2.1907000000e-03	0.0000000000e+00
2.1547000000e-03	2.1547000000e-03	0.0000000000e+00
1.6464000000e-03	1.6464000000e-03	0.0000000000e+00
1.3928000000e-03	1.3928000000e-03	0.0000000000e+00
9.7855000000e-04	9.7855000000e-04	0.0000000000e+00
1.0082000000e-03	1.0082000000e-03	0.0000000000e+00
1.0065000000e-03	1.0065000000e-03	0.0000000000e+00
8.2634000000e-04	8.2634000000e-04	0.0000000000e+00
6.2192000000e-04	6.2192000000e-04	0.0000000000e+00
8.1812000000e-04	8.1812000000e-04	0.0000000000e+00
8.2345000000e-04	8.2345000000e-04	0.0000000000e+00
7.3822000000e-04	7.3822000000e-04	0.0000000000e+00
6.2478000000e-04	6.2478000000e-04	0.0000000000e+00
5.6852000000e-04	5.6852000000e-04	0.0000000000e+00
4.8491000000e-04	4.8491000000e-04	0.0000000000e+00
4.9240000000e-04	4.9240000000e-04	0.0000000000e+00
4.1391000000e-04	4.1391000000e-04	0.0000000000e+00
3.7321000000e-04	3.7321000000e-04	0.0000000000e+00
3.5950000000e-04	3.5950000000e-04	0.0000000000e+00
3.1231000000e-04	3.1231000000e-04	0.0000000000e+00
2.9530000000e-04	2.9530000000e-04	0.0000000000e+00
2.6527000000e-04	2.6527000000e-04	0.0000000000e+00
2.4380000000e-04	2.4380000000e-04	0.0000000000e+00
2.1748000000e-04	2.1748000000e-04	0.0000000000e+00
1.9847000000e-04	1.9847000000e-04	0.0000000000e+00
1.7022000000e-04	1.7022000000e-04	0.0000000000e+00
1.5654000000e-04	1.5654000000e-04	0.0000000000e+00
1.2763000000e-04	1.2763000000e-04	0.0000000000e+00
1.1936000000e-04	1.1936000000e-04	0.0000000000e+00
8.8573000000e-05	8.8573000000e-05	0.0000000000e+00
1.0804000000e-04	1.0804000000e-04	0.0000000000e+00
9.0343000000e-05	9.0343000000e-05	0.0000000000e+00
9.3902000000e-05	9.3902000000e-05	0.0000000000e+00
8.6028000000e-05	8.6028000000e-05	0.0000000000e+00
7.8975000000e-05	7.8975000000e-05	0.0000000000e+00
7.2653000000e-05	7.2653000000e-05	0.0000000000e+00
6.6981000000e-05	6.6981000000e-05	0.0000000000e+00
6.1888000000e-05	6.1888000000e-05	0.0000000000e+00
5.7312000000e-05	5.7312000000e-05	0.0000000000e+00
5.3199000000e-05	5.3199000000e-05	0.0000000000e+00
4.9499000000e-05	4.9499000000e-05	0.0000000000e+00
4.6170000000e-05	4.6170000000e-05	0.0000000000e+00
4.3174000000e-05	4.3174000000e-05	0.0000000000e+00
4.0477000000e-05	4.0477000000e-05	0.0000000000e+00
3.8050000000e-05	3.8050000000e-05	0.0000000000e+00
3.5867000000e-05	3.5867000000e-05	0.0000000000e+00
3.3904000000e-05	3.3904000000e-05	0.0000000000e+00
3.2141000000e-05	3.2141000000e-05	0.0000000000e+00
3.0560000000e-05	3.0560000000e-05	0.0000000000e+00
1.9276000000e-08	1.9276000000e-08	0.0000000000e+00
2.4161000000e-08	2.4161000000e-08	0.0000000000e+00
3.0160000000e-08	3.0160000000e-08	0.0000000000e+00
3.7559000000e-08	3.7559000000e-08	0.0000000000e+00
4.6779000000e-08	4.6779000000e-08	0.0000000000e+00
5.8404000000e-08	5.8404000000e-08	0.0000000000e+00
7.3201000000e-08	7.3201000000e-08	0.0000000000e+00
9.2077000000e-08	9.2077000000e-08	0.0000000000e+00
1.1659000000e-07	1.1659000000e-07	0.0000000000e+00
1.4871000000e-07	1.4871000000e-07	0.0000000000e+00
1.9129000000e-07	1.9129000000e-07	0.0000000000e+00
2.4795000000e-07	2.4795000000e-07	0.0000000000e+00
3.2456000000e-07	3.2456000000e-07	0.0000000000e+00
4.2864000000e-07	4.2864000000e-07	0.0000000000e+00
5.7118000000e-07	5.7118000000e-07	0.0000000000e+00
7.5720000000e-07	7.5720000000e-07	0.0000000000e+00
1.0114000000e-06	1.0114000000e-06	0.0000000000e+00
1.3662000000e-06	1.3662000000e-06	0.0000000000e+00
1.8662000000e-06	1.8662000000e-06	0.0000000000e+00
2.5771000000e-06	2.5771000000e-06	0.0000000000e+00
3.5951000000e-06	3.5951000000e-06	0.0000000000e+00
2.6887000000e-06	2.6887000000e-06	0.0000000000e+00
7.1271000000e-07	7.1271000000e-07	0.0000000000e+00
1.5143000000e-06	1.5143000000e-06	0.0000000000e+00
1.3860000000e-06	1.3860000000e-06	0.0000000000e+00
2.8248000000e-06	2.8248000000e-06	0.0000000000e+00
5.0730000000e-06	5.0730000000e-06	0.0000000000e+00
9.0180000000e-06	9.0180000000e-06	0.0000000000e+00
1.3690000000e-05	1.3690000000e-05	0.0000000000e+00
3.0348000000e-05	3.0348000000e-05	0.0000000000e+00
4.1903000000e-05	4.1903000000e-05	0.0000000000e+00
6.2954000000e-05	6.2954000000e-05	0.0000000000e+00
9.3336000000e-05	9.3336000000e-05	0.0000000000e+00
1.3477000000e-04	1.3477000000e-04	0.0000000000e+00
2.4056000000e-04	2.4056000000e-04	0.0000000000e+00
3.1968000000e-04	3.1968000000e-04	0.0000000000e+00
4.2090000000e-04	4.2090000000e-04	0.0000000000e+00
5.6655000000e-04	5.6655000000e-04	0.0000000000e+00
7.3625000000e-04	7.3625000000e-04	0.0000000000e+00
9.1139000000e-04	9.1139000000e-04	0.0000000000e+00
1.1759000000e-03	1.1759000000e-03	0.0000000000e+00
1.3725000000e-03	1.3725000000e-03	0.0000000000e+00
1.5631000000e-03	1.5631000000e-03	0.0000000000e+00
1.7678000000e-03	1.7678000000e-03	0.0000000000e+00
1.9712000000e-03	1.9712000000e-03	0.0000000000e+00
2.0863000000e-03	2.0863000000e-03	0.0000000000e+00
2.3113000000e-03	2.3113000000e-03	0.0000000000e+00
2.4121000000e-03	2.4121000000e-03	0.0000000000e+00
2.5333000000e-03	2.5333000000e-03	0.0000000000e+00
2.5030000000e-03	2.5030000000e-03	0.0000000000e+00
2.4846000000e-03	2.4846000000e-03	0.0000000000e+00
2.3992000000e-03	2.3992000000e-03	0.0000000000e+00
2.2905000000e-03	2.2905000000e-03	0.0000000000e+00
2.3715000000e-03	2.3715000000e-03	0.0000000000e+00
1.8840000000e-03	1.8840000000e-03	0.0000000000e+00
1.7027000000e-03	1.7027000000e-03	0.0000000000e+00
1.5032000000e-03	1.5032000000e-03	0.0000000000e+00
1.3305000000e-03	1.3305000000e-03	0.0000000000e+00
1.3967000000e-03	1.3967000000e-03	0.0000000000e+00
1.2126000000e-03	1.2126000000e-03	0.0000000000e+00
5.7769000000e-04	5.7769000000e-04	0.0000000000e+00
8.5854000000e-04	8.5854000000e-04	0.0000000000e+00
8.5180000000e-04	8.5180000000e-04	0.0000000000e+00
7.4665000000e-04	7.4665000000e-04	0.0000000000e+00
5.7703000000e-04	5.7703000000e-04	0.0000000000e+00
6.2187000000e-04	6.2187000000e-04	0.0000000000e+00
5.5914000000e-04	5.5914000000e-04	0.0000000000e+00
5.3898000000e-04	5.3898000000e-04	0.0000000000e+00
4.9656000000e-04	4.9656000000e-04	0.0000000000e+00
4.3186000000e-04	4.3186000000e-04	0.0000000000e+00
4.1902000000e-04	4.1902000000e-04	0.0000000000e+00
3.6444000000e-04	3.6444000000e-04	0.0000000000e+00
3.4448000000e-04	3.4448000000e-04	0.0000000000e+00
3.1262000000e-04	3.1262000000e-04	0.0000000000e+00
2.6549000000e-04	2.6549000000e-04	0.0000000000e+00
2.5749000000e-04	2.5749000000e-04	0.0000000000e+00
2.3259000000e-04	2.3259000000e-04	0.0000000000e+00
2.1049000000e-04	2.1049000000e-04	0.0000000000e+00
1.9120000000e-04	1.9120000000e-04	0.0000000000e+00
1.4551000000e-04	1.4551000000e-04	0.0000000000e+00
1.5427000000e-04	1.5427000000e-04	0.0000000000e+00
1.2719000000e-04	1.2719000000e-04	0.0000000000e+00
9.8070000000e-05	9.8070000000e-05	0.0000000000e+00
1.2116000000e-04	1.2116000000e-04	0.0000000000e+00
1.1091000000e-04	1.1091000000e-04	0.0000000000e+00
1.0171000000e-04	1.0171000000e-04	0.0000000000e+00
9.3452000000e-05	9.3452000000e-05	0.0000000000e+00
8.6040000000e-05	8.6040000000e-05	0.0000000000e+00
7.9380000000e-05	7.9380000000e-05	0.0000000000e+00
7.3391000000e-05	7.3391000000e-05	0.0000000000e+00
6.8005000000e-05	6.8005000000e-05	0.0000000000e+00
6.3156000000e-05	6.3156000000e-05	0.0000000000e+00
5.8791000000e-05	5.8791000000e-05	0.0000000000e+00
5.4860000000e-05	5.4860000000e-05	0.0000000000e+00
5.1318000000e-05	5.1318000000e-05	0.0000000000e+00
4.8129000000e-05	4.8129000000e-05	0.0000000000e+00
4.5256000000e-05	4.5256000000e-05	0.0000000000e+00
4.2671000000e-05	4.2671000000e-05	0.0000000000e+00
4.0345000000e-05	4.0345000000e-05	0.0000000000e+00
3.8256000000e-05	3.8256000000e-05	0.0000000000e+00
3.6381000000e-05	3.6381000000e-05	0.0000000000e+00
2.0680000000e-08	2.0680000000e-08	0.0000000000e+00
2.5877000000e-08	2.5877000000e-08	0.0000000000e+00
3.2220000000e-08	3.2220000000e-08	0.0000000000e+00
4.0028000000e-08	4.0028000000e-08	0.0000000000e+00
4.9734000000e-08	4.9734000000e-08	0.0000000000e+00
6.1896000000e-08	6.1896000000e-08	0.0000000000e+00
7.7332000000e-08	7.7332000000e-08	0.0000000000e+00
9.7123000000e-08	9.7123000000e-08	0.0000000000e+00
1.2278000000e-07	1.2278000000e-07	0.0000000000e+00
1.5643000000e-07	1.5643000000e-07	0.0000000000e+00
2.0112000000e-07	2.0112000000e-07	0.0000000000e+00
2.6123000000e-07	2.6123000000e-07	0.0000000000e+00
3.4245000000e-07	3.4245000000e-07	0.0000000000e+00
4.5328000000e-07	4.5328000000e-07	0.0000000000e+00
6.0525000000e-07	6.0525000000e-07	0.0000000000e+00
8.0875000000e-07	8.0875000000e-07	0.0000000000e+00
1.0757000000e-06	1.0757000000e-06	0.0000000000e+00
1.4457000000e-06	1.4457000000e-06	0.0000000000e+00
1.9634000000e-06	1.9634000000e-06	0.0000000000e+00
2.6935000000e-06	2.6935000000e-06	0.0000000000e+00
3.7300000000e-06	3.7300000000e-06	0.0000000000e+00
1.4922000000e-06	1.4922000000e-06	0.0000000000e+00
4.2604000000e-07	4.2604000000e-07	0.0000000000e+00
7.4201000000e-07	7.4201000000e-07	0.0000000000e+00
1.8621000000e-06	1.8621000000e-06	0.0000000000e+00
3.3548000000e-06	3.3548000000e-06	0.0000000000e+00
4.8604000000e-06	4.8604000000e-06	0.0000000000e+00
1.0535000000e-05	1.0535000000e-05	0.0000000000e+00
1.4975000000e-05	1.4975000000e-05	0.0000000000e+00
2.3013000000e-05	2.3013000000e-05	0.0000000000e+00
3.5548000000e-05	3.5548000000e-05	0.0000000000e+00
6.8124000000e-05	6.8124000000e-05	0.0000000000e+00
9.6723000000e-05	9.6723000000e-05	0.0000000000e+00
1.4961000000e-04	1.4961000000e-04	0.0000000000e+00
2.1016000000e-04	2.1016000000e-04	0.0000000000e+00
3.0450000000e-04	3.0450000000e-04	0.0000000000e+00
4.4409000000e-04	4.4409000000e-04	0.0000000000e+00
5.4538000000e-04	5.4538000000e-04	0.0000000000e+00
7.0356000000e-04	7.0356000000e-04	0.0000000000e+00
8.7214000000e-04	8.7214000000e-04	0.0000000000e+00
1.1172000000e-03	1.1172000000e-03	0.0000000000e+00
1.2881000000e-03	1.2881000000e-03	0.0000000000e+00
1.4674000000e-03	1.4674000000e-03	0.0000000000e+00
1.6784000000e-03	1.6784000000e-03	0.0000000000e+00
1.8885000000e-03	1.8885000000e-03	0.0000000000e+00
2.0793000000e-03	2.0793000000e-03	0.0000000000e+00
2.2544000000e-03	2.2544000000e-03	0.0000000000e+00
2.2897000000e-03	2.2897000000e-03	0.0000000000e+00
2.4917000000e-03	2.4917000000e-03	0.0000000000e+00
2.5150000000e-03	2.5150000000e-03	0.0000000000e+00
2.4888000000e-03	2.4888000000e-03	0.0000000000e+00
2.4437000000e-03	2.4437000000e-03	0.0000000000e+00
2.3468000000e-03	2.3468000000e-03	0.0000000000e+00
2.5196000000e-03	2.5196000000e-03	0.0000000000e+00
2.2556000000e-03	2.2556000000e-03	0.0000000000e+00
2.0918000000e-03	2.0918000000e-03	0.0000000000e+00
1.9116000000e-03	1.9116000000e-03	0.0000000000e+00
1.7083000000e-03	1.7083000000e-03	0.0000000000e+00
1.5774000000e-03	1.5774000000e-03	0.0000000000e+00
1.2516000000e-03	1.2516000000e-03	0.0000000000e+00
1.0639000000e-03	1.0639000000e-03	0.0000000000e+00
1.1043000000e-03	1.1043000000e-03	0.0000000000e+00
1.0153000000e-03	1.0153000000e-03	0.0000000000e+00
8.7368000000e-04	8.7368000000e-04	0.0000000000e+00
4.9130000000e-04	4.9130000000e-04	0.0000000000e+00
6.7242000000e-04	6.7242000000e-04	0.0000000000e+00
6.4797000000e-04	6.4797000000e-04	0.0000000000e+00
6.0885000000e-04	6.0885000000e-04	0.0000000000e+00
5.8186000000e-04	5.8186000000e-04	0.0000000000e+00
5.2791000000e-04	5.2791000000e-04	0.0000000000e+00
4.6097000000e-04	4.6097000000e-04	0.0000000000e+00
4.2738000000e-04	4.2738000000e-04	0.0000000000e+00
3.8216000000e-04	3.8216000000e-04	0.0000000000e+00
3.3636000000e-04	3.3636000000e-04	0.0000000000e+00
3.1665000000e-04	3.1665000000e-04	0.0000000000e+00
2.9766000000e-04	2.9766000000e-04	0.0000000000e+00
2.7028000000e-04	2.7028000000e-04	0.0000000000e+00
2.4623000000e-04	2.4623000000e-04	0.0000000000e+00
2.2125000000e-04	2.2125000000e-04	0.0000000000e+00
1.8973000000e-04	1.8973000000e-04	0.0000000000e+00
1.8483000000e-04	1.8483000000e-04	0.0000000000e+00
1.7022000000e-04	1.7022000000e-04	0.0000000000e+00
1.5486000000e-04	1.5486000000e-04	0.0000000000e+00
1.4227000000e-04	1.4227000000e-04	0.0000000000e+00
1.3039000000e-04	1.3039000000e-04	0.0000000000e+00
1.1971000000e-04	1.1971000000e-04	0.0000000000e+00
1.1011000000e-04	1.1011000000e-04	0.0000000000e+00
1.0147000000e-04	1.0147000000e-04	0.0000000000e+00
9.3701000000e-05	9.3701000000e-05	0.0000000000e+00
8.6700000000e-05	8.6700000000e-05	0.0000000000e+00
8.0394000000e-05	8.0394000000e-05	0.0000000000e+00
7.4710000000e-05	7.4710000000e-05	0.0000000000e+00
6.9587000000e-05	6.9587000000e-05	0.0000000000e+00
6.4967000000e-05	6.4967000000e-05	0.0000000000e+00
6.0802000000e-05	6.0802000000e-05	0.0000000000e+00
5.7047000000e-05	5.7047000000e-05	0.0000000000e+00
5.3663000000e-05	5.3663000000e-05	0.0000000000e+00
5.0615000000e-05	5.0615000000e-05	0.0000000000e+00
4.7871000000e-05	4.7871000000e-05	0.0000000000e+00
4.5405000000e-05	4.5405000000e-05	0.0000000000e+00
4.3192000000e-05	4.3192000000e-05	0.0000000000e+00
2.2069000000e-08	2.2069000000e-08	0.0000000000e+00
2.7568000000e-08	2.7568000000e-08	0.0000000000e+00
3.4240000000e-08	3.4240000000e-08	0.0000000000e+00
4.2394000000e-08	4.2394000000e-08	0.0000000000e+00
5.2457000000e-08	5.2457000000e-08	0.0000000000e+00
6.5076000000e-08	6.5076000000e-08	0.0000000000e+00
8.0978000000e-08	8.0978000000e-08	0.0000000000e+00
1.0130000000e-07	1.0130000000e-07	0.0000000000e+00
1.2764000000e-07	1.2764000000e-07	0.0000000000e+00
1.6234000000e-07	1.6234000000e-07	0.0000000000e+00
2.0878000000e-07	2.0878000000e-07	0.0000000000e+00
2.7157000000e-07	2.7157000000e-07	0.0000000000e+00
3.5707000000e-07	3.5707000000e-07	0.0000000000e+00
4.7469000000e-07	4.7469000000e-07	0.0000000000e+00
6.3598000000e-07	6.3598000000e-07	0.0000000000e+00
8.5685000000e-07	8.5685000000e-07	0.0000000000e+00
1.1384000000e-06	1.1384000000e-06	0.0000000000e+00
1.5223000000e-06	1.5223000000e-06	0.0000000000e+00
2.0554000000e-06	2.0554000000e-06	0.0000000000e+00
2.8012000000e-06	2.8012000000e-06	0.0000000000e+00
3.8510000000e-06	3.8510000000e-06	0.0000000000e+00
1.2728000000e-06	1.2728000000e-06	0.0000000000e+00
7.7131000000e-07	7.7131000000e-07	0.0000000000e+00
6.5757000000e-07	6.5757000000e-07	0.0000000000e+00
1.5492000000e-06	1.5492000000e-06	0.0000000000e+00
3.5388000000e-06	3.5388000000e-06	0.0000000000e+00
5.1626000000e-06	5.1626000000e-06	0.0000000000e+00
8.9329000000e-06	8.9329000000e-06	0.0000000000e+00
2.1197000000e-05	2.1197000000e-05	0.0000000000e+00
2.3336000000e-05	2.3336000000e-05	0.0000000000e+00
3.7740000000e-05	3.7740000000e-05	0.0000000000e+00
5.3545000000e-05	5.3545000000e-05	0.0000000000e+00
9.2310000000e-05	9.2310000000e-05	0.0000000000e+00
1.6473000000e-04	1.6473000000e-04	0.0000000000e+00
1.9177000000e-04	1.9177000000e-04	0.0000000000e+00
3.0341000000e-04	3.0341000000e-04	0.0000000000e+00
3.9838000000e-04	3.9838000000e-04	0.0000000000e+00
5.2240000000e-04	5.2240000000e-04	0.0000000000e+00
6.6539000000e-04	6.6539000000e-04	0.0000000000e+00
8.2768000000e-04	8.2768000000e-04	0.0000000000e+00
1.0048000000e-03	1.0048000000e-03	0.0000000000e+00
1.2287000000e-03	1.2287000000e-03	0.0000000000e+00
1.4062000000e-03	1.4062000000e-03	0.0000000000e+00
1.5962000000e-03	1.5962000000e-03	0.0000000000e+00
1.7911000000e-03	1.7911000000e-03	0.0000000000e+00
1.9879000000e-03	1.9879000000e-03	0.0000000000e+00
2.1252000000e-03	2.1252000000e-03	0.0000000000e+00
2.3260000000e-03	2.3260000000e-03	0.0000000000e+00
2.4113000000e-03	2.4113000000e-03	0.0000000000e+00
2.4841000000e-03	2.4841000000e-03	0.0000000000e+00
2.4966000000e-03	2.4966000000e-03	0.0000000000e+00
2.4598000000e-03	2.4598000000e-03	0.0000000000e+00
2.4210000000e-03	2.4210000000e-03	0.0000000000e+00
2.3259000000e-03	2.3259000000e-03	0.0000000000e+00
2.3035000000e-03	2.3035000000e-03	0.0000000000e+00
2.1731000000e-03	2.1731000000e-03	0.0000000000e+00
1.9703000000e-03	1.9703000000e-03	0.0000000000e+00
1.8868000000e-03	1.8868000000e-03	0.0000000000e+00
1.7077000000e-03	1.7077000000e-03	0.0000000000e+00
1.5396000000e-03	1.5396000000e-03	0.0000000000e+00
1.2559000000e-03	1.2559000000e-03	0.0000000000e+00
1.2879000000e-03	1.2879000000e-03	0.0000000000e+00
1.1074000000e-03	1.1074000000e-03	0.0000000000e+00
9.9908000000e-04	9.9908000000e-04	0.0000000000e+00
7.5852000000e-04	7.5852000000e-04	0.0000000000e+00
7.3610000000e-04	7.3610000000e-04	0.0000000000e+00
7.5051000000e-04	7.5051000000e-04	0.0000000000e+00
7.0514000000e-04	7.0514000000e-04	0.0000000000e+00
5.9546000000e-04	5.9546000000e-04	0.0000000000e+00
5.3962000000e-04	5.3962000000e-04	0.0000000000e+00
5.3816000000e-04	5.3816000000e-04	0.0000000000e+00
4.5978000000e-04	4.5978000000e-04	0.0000000000e+00
4.1635000000e-04	4.1635000000e-04	0.0000000000e+00
3.4940000000e-04	3.4940000000e-04	0.0000000000e+00
3.3507000000e-04	3.3507000000e-04	0.0000000000e+00
3.2594000000e-04	3.2594000000e-04	0.0000000000e+00
3.1255000000e-04	3.1255000000e-04	0.0000000000e+00
2.6779000000e-04	2.6779000000e-04	0.0000000000e+00
2.2521000000e-04	2.2521000000e-04	0.0000000000e+00
2.3506000000e-04	2.3506000000e-04	0.0000000000e+00
2.1695000000e-04	2.1695000000e-04	0.0000000000e+00
1.9825000000e-04	1.9825000000e-04	0.0000000000e+00
1.8140000000e-04	1.8140000000e-04	0.0000000000e+00
1.6623000000e-04	1.6623000000e-04	0.0000000000e+00
1.5257000000e-04	1.5257000000e-04	0.0000000000e+00
1.4026000000e-04	1.4026000000e-04	0.0000000000e+00
1.2917000000e-04	1.2917000000e-04	0.0000000000e+00
1.1917000000e-04	1.1917000000e-04	0.0000000000e+00
1.1015000000e-04	1.1015000000e-04	0.0000000000e+00
1.0201000000e-04	1.0201000000e-04	0.0000000000e+00
9.4671000000e-05	9.4671000000e-05	0.0000000000e+00
8.8045000000e-05	8.8045000000e-05	0.0000000000e+00
8.2064000000e-05	8.2064000000e-05	0.0000000000e+00
7.6665000000e-05	7.6665000000e-05	0.0000000000e+00
7.1791000000e-05	7.1791000000e-05	0.0000000000e+00
6.7392000000e-05	6.7392000000e-05	0.0000000000e+00
6.3425000000e-05	6.3425000000e-05	0.0000000000e+00
5.9848000000e-05	5.9848000000e-05	0.0000000000e+00
5.6626000000e-05	5.6626000000e-05	0.0000000000e+00
5.3728000000e-05	5.3728000000e-05	0.0000000000e+00
5.1125000000e-05	5.1125000000e-05	0.0000000000e+00
2.3472000000e-08	2.3472000000e-08	0.0000000000e+00
2.9270000000e-08	2.9270000000e-08	0.0000000000e+00
3.6194000000e-08	3.6194000000e-08	0.0000000000e+00
4.4624000000e-08	4.4624000000e-08	0.0000000000e+00
5.4940000000e-08	5.4940000000e-08	0.0000000000e+00
6.7763000000e-08	6.7763000000e-08	0.0000000000e+00
8.3913000000e-08	8.3913000000e-08	0.0000000000e+00
1.0438000000e-07	1.0438000000e-07	0.0000000000e+00
1.3100000000e-07	1.3100000000e-07	0.0000000000e+00
1.6607000000e-07	1.6607000000e-07	0.0000000000e+00
2.1335000000e-07	2.1335000000e-07	0.0000000000e+00
2.7797000000e-07	2.7797000000e-07	0.0000000000e+00
3.6721000000e-07	3.6721000000e-07	0.0000000000e+00
4.9107000000e-07	4.9107000000e-07	0.0000000000e+00
6.6243000000e-07	6.6243000000e-07	0.0000000000e+00
8.9685000000e-07	8.9685000000e-07	0.0000000000e+00
1.1992000000e-06	1.1992000000e-06	0.0000000000e+00
1.5955000000e-06	1.5955000000e-06	0.0000000000e+00
2.1417000000e-06	2.1417000000e-06	0.0000000000e+00
2.9000000000e-06	2.9000000000e-06	0.0000000000e+00
2.1270000000e-06	2.1270000000e-06	0.0000000000e+00
2.1039000000e-06	2.1039000000e-06	0.0000000000e+00
9.3168000000e-07	9.3168000000e-07	0.0000000000e+00
4.2071000000e-07	4.2072000000e-07	-1.0322771518e-05
8.7859000000e-07	8.7859000000e-07	0.0000000000e+00
3.6779000000e-06	3.6779000000e-06	0.0000000000e+00
5.3820000000e-06	5.3820000000e-06	0.0000000000e+00
8.3994000000e-06	8.3994000000e-06	0.0000000000e+00
1.4995000000e-05	1.4995000000e-05	0.0000000000e+00
2.3587000000e-05	2.3587000000e-05	0.0000000000e+00
4.0865000000e-05	4.0865000000e-05	0.0000000000e+00
5.9843000000e-05	5.9843000000e-05	0.0000000000e+00
9.3400000000e-05	9.3400000000e-05	0.0000000000e+00
1.5270000000e-04	1.5270000000e-04	0.0000000000e+00
1.9150000000e-04	1.9150000000e-04	0.0000000000e+00
2.8091000000e-04	2.8091000000e-04	0.0000000000e+00
3.8105000000e-04	3.8105000000e-04	0.0000000000e+00
4.8323000000e-04	4.8323000000e-04	0.0000000000e+00
6.6329000000e-04	6.6329000000e-04	0.0000000000e+00
8.1037000000e-04	8.1037000000e-04	0.0000000000e+00
9.4583000000e-04	9.4583000000e-04	0.0000000000e+00
1.1333000000e-03	1.1333000000e-03	0.0000000000e+00
1.3213000000e-03	1.3213000000e-03	0.0000000000e+00
1.5124000000e-03	1.5124000000e-03	0.0000000000e+00
1.6993000000e-03	1.6993000000e-03	0.0000000000e+00
1.8798000000e-03	1.8798000000e-03	0.0000000000e+00
2.0211000000e-03	2.0211000000e-03	0.0000000000e+00
2.2453000000e-03	2.2453000000e-03	0.0000000000e+00
2.3615000000e-03	2.3615000000e-03	0.0000000000e+00
2.4496000000e-03	2.4496000000e-03	0.0000000000e+00
2.5650000000e-03	2.5650000000e-03	0.0000000000e+00
2.4819000000e-03	2.4819000000e-03	0.0000000000e+00
2.4468000000e-03	2.4468000000e-03	0.0000000000e+00
2.3671000000e-03	2.3671000000e-03	0.0000000000e+00
2.2996000000e-03	2.2996000000e-03	0.0000000000e+00
2.1815000000e-03	2.1815000000e-03	0.0000000000e+00
2.1320000000e-03	2.1320000000e-03	0.0000000000e+00
2.0130000000e-03	2.0130000000e-03	0.0000000000e+00
1.8299000000e-03	1.8299000000e-03	0.0000000000e+00
1.6633000000e-03	1.6633000000e-03	0.0000000000e+00
1.5392000000e-03	1.5392000000e-03	0.0000000000e+00
1.3997000000e-03	1.3997000000e-03	0.0000000000e+00
1.2792000000e-03	1.2792000000e-03	0.0000000000e+00
1.0834000000e-03	1.0834000000e-03	0.0000000000e+00
8.9899000000e-04	8.9899000000e-04	0.0000000000e+00
9.3896000000e-04	9.3896000000e-04	0.0000000000e+00
8.5918000000e-04	8.5918000000e-04	0.0000000000e+00
7.8373000000e-04	7.8373000000e-04	0.0000000000e+00
7.2512000000e-04	7.2512000000e-04	0.0000000000e+00
6.6724000000e-04	6.6724000000e-04	0.0000000000e+00
5.9154000000e-04	5.9154000000e-04	0.0000000000e+00
5.4065000000e-04	5.4065000000e-04	0.0000000000e+00
4.7341000000e-04	4.7341000000e-04	0.0000000000e+00
4.4164000000e-04	4.4164000000e-04	0.0000000000e+00
4.0992000000e-04	4.0992000000e-04	0.0000000000e+00
3.9298000000e-04	3.9298000000e-04	0.0000000000e+00
3.5737000000e-04	3.5737000000e-04	0.0000000000e+00
3.2566000000e-04	3.2566000000e-04	0.0000000000e+00
2.9741000000e-04	2.9741000000e-04	0.0000000000e+00
2.7425000000e-04	2.7425000000e-04	0.0000000000e+00
2.5083000000e-04	2.5083000000e-04	0.0000000000e+00
2.2966000000e-04	2.2966000000e-04	0.0000000000e+00
2.1053000000e-04	2.1053000000e-04	0.0000000000e+00
1.9326000000e-04	1.9326000000e-04	0.0000000000e+00
1.7765000000e-04	1.7765000000e-04	0.0000000000e+00
1.6356000000e-04	1.6356000000e-04	0.0000000000e+00
1.5082000000e-04	1.5082000000e-04	0.0000000000e+00
1.3932000000e-04	1.3932000000e-04	0.0000000000e+00
1.2892000000e-04	1.2892000000e-04	0.0000000000e+00
1.1952000000e-04	1.1952000000e-04	0.0000000000e+00
1.1103000000e-04	1.1103000000e-04	0.0000000000e+00
1.0335000000e-04	1.0335000000e-04	0.0000000000e+00
9.6408000000e-05	9.6408000000e-05	0.0000000000e+00
9.0131000000e-05	9.0131000000e-05	0.0000000000e+00
8.4458000000e-05	8.4458000000e-05	0.0000000000e+00
7.9333000000e-05	7.9333000000e-05	0.0000000000e+00
7.4704000000e-05	7.4704000000e-05	0.0000000000e+00
7.0528000000e-05	7.0528000000e-05	0.0000000000e+00
6.6762000000e-05	6.6762000000e-05	0.0000000000e+00
6.3373000000e-05	6.3373000000e-05	0.0000000000e+00
6.0327000000e-05	6.0327000000e-05	0.0000000000e+00
2.4905000000e-08	2.4905000000e-08	0.0000000000e+00
3.0944000000e-08	3.0944000000e-08	0.0000000000e+00
3.8095000000e-08	3.8095000000e-08	0.0000000000e+00
4.6725000000e-08	4.6725000000e-08	0.0000000000e+00
5.7185000000e-08	5.7185000000e-08	0.0000000000e+00
7.0061000000e-08	7.0061000000e-08	0.0000000000e+00
8.6042000000e-08	8.6042000000e-08	0.0000000000e+00
1.0633000000e-07	1.0633000000e-07	0.0000000000e+00
1.3249000000e-07	1.3249000000e-07	0.0000000000e+00
1.6703000000e-07	1.6703000000e-07	0.0000000000e+00
2.1374000000e-07	2.1374000000e-07	0.0000000000e+00
2.7885000000e-07	2.7885000000e-07	0.0000000000e+00
3.7032000000e-07	3.7032000000e-07	0.0000000000e+00
4.9950000000e-07	4.9950000000e-07	0.0000000000e+00
6.8096000000e-07	6.8096000000e-07	0.0000000000e+00
9.3079000000e-07	9.3079000000e-07	0.0000000000e+00
1.2578000000e-06	1.2578000000e-06	0.0000000000e+00
1.6649000000e-06	1.6649000000e-06	0.0000000000e+00
2.2222000000e-06	2.2222000000e-06	0.0000000000e+00
2.9898000000e-06	2.9898000000e-06	0.0000000000e+00
1.7967000000e-06	1.7967000000e-06	0.0000000000e+00
1.6920000000e-06	1.6920000000e-06	0.0000000000e+00
2.0698000000e-06	2.0698000000e-06	0.0000000000e+00
8.0271000000e-07	8.0271000000e-07	0.0000000000e+00
8.3303000000e-07	8.3303000000e-07	0.0000000000e+00
1.6938000000e-06	1.6938000000e-06	0.0000000000e+00
5.7116000000e-06	5.7116000000e-06	0.0000000000e+00
1.1090000000e-05	1.1090000000e-05	0.0000000000e+00
1.4608000000e-05	1.4608000000e-05	0.0000000000e+00
2.6675000000e-05	2.6675000000e-05	0.0000000000e+00
4.0709000000e-05	4.0709000000e-05	0.0000000000e+00
5.6887000000e-05	5.6887000000e-05	0.0000000000e+00
8.2470000000e-05	8.2470000000e-05	0.0000000000e+00
1.2926000000e-04	1.2926000000e-04	0.0000000000e+00
2.1087000000e-04	2.1087000000e-04	0.0000000000e+00
2.4744000000e-04	2.4744000000e-04	0.0000000000e+00
3.6078000000e-04	3.6078000000e-04	0.0000000000e+00
4.6437000000e-04	4.6437000000e-04	0.0000000000e+00
5.8611000000e-04	5.8611000000e-04	0.0000000000e+00
7.3340000000e-04	7.3340000000e-04	0.0000000000e+00
9.1374000000e-04	9.1374000000e-04	0.0000000000e+00
1.0698000000e-03	1.0698000000e-03	0.0000000000e+00
1.2496000000e-03	1.2496000000e-03	0.0000000000e+00
1.4247000000e-03	1.4247000000e-03	0.0000000000e+00
1.6106000000e-03	1.6106000000e-03	0.0000000000e+00
1.7707000000e-03	1.7707000000e-03	0.0000000000e+00
1.9550000000e-03	1.9550000000e-03	0.0000000000e+00
2.3428000000e-03	2.3428000000e-03	0.0000000000e+00
2.4806000000e-03	2.4806000000e-03	0.0000000000e+00
2.3538000000e-03	2.3538000000e-03	0.0000000000e+00
2.5905000000e-03	2.5905000000e-03	0.0000000000e+00
2.6457000000e-03	2.6457000000e-03	0.0000000000e+00
2.4838000000e-03	2.4838000000e-03	0.0000000000e+00
2.3631000000e-03	2.3631000000e-03	0.0000000000e+00
2.4723000000e-03	2.4723000000e-03	0.0000000000e+00
2.4841000000e-03	2.4841000000e-03	0.0000000000e+00
2.1381000000e-03	2.1381000000e-03	0.0000000000e+00
2.0198000000e-03	2.0198000000e-03	0.0000000000e+00
1.9752000000e-03	1.9752000000e-03	0.0000000000e+00
1.8282000000e-03	1.8282000000e-03	0.0000000000e+00
1.6390000000e-03	1.6390000000e-03	0.0000000000e+00
1.5465000000e-03	1.5465000000e-03	0.0000000000e+00
1.3761000000e-03	1.3761000000e-03	0.0000000000e+00
1.2735000000e-03	1.2735000000e-03	0.0000000000e+00
1.1458000000e-03	1.1458000000e-03	0.0000000000e+00
1.0279000000e-03	1.0279000000e-03	0.0000000000e+00
9.6684000000e-04	9.6684000000e-04	0.0000000000e+00
8.7663000000e-04	8.7663000000e-04	0.0000000000e+00
7.9267000000e-04	7.9267000000e-04	0.0000000000e+00
7.4137000000e-04	7.4137000000e-04	0.0000000000e+00
6.8846000000e-04	6.8846000000e-04	0.0000000000e+00
6.0421000000e-04	6.0421000000e-04	0.0000000000e+00
5.3970000000e-04	5.3970000000e-04	0.0000000000e+00
5.1686000000e-04	5.1686000000e-04	0.0000000000e+00
4.4295000000e-04	4.4295000000e-04	0.0000000000e+00
4.3910000000e-04	4.3910000000e-04	0.0000000000e+00
3.3771000000e-04	3.3771000000e-04	0.0000000000e+00
3.7170000000e-04	3.7170000000e-04	0.0000000000e+00
3.4040000000e-04	3.4040000000e-04	0.0000000000e+00
3.1460000000e-04	3.1460000000e-04	0.0000000000e+00
2.8838000000e-04	2.8838000000e-04	0.0000000000e+00
2.6461000000e-04	2.6461000000e-04	0.0000000000e+00
2.4305000000e-04	2.4305000000e-04	0.0000000000e+00
2.2352000000e-04	2.2352000000e-04	0.0000000000e+00
2.0583000000e-04	2.0583000000e-04	0.0000000000e+00
1.8980000000e-04	1.8980000000e-04	0.0000000000e+00
1.7528000000e-04	1.7528000000e-04	0.0000000000e+00
1.6213000000e-04	1.6213000000e-04	0.0000000000e+00
1.5022000000e-04	1.5022000000e-04	0.0000000000e+00
1.3944000000e-04	1.3944000000e-04	0.0000000000e+00
1.2967000000e-04	1.2967000000e-04	0.0000000000e+00
1.2082000000e-04	1.2082000000e-04	0.0000000000e+00
1.1281000000e-04	1.1281000000e-04	0.0000000000e+00
1.0555000000e-04	1.0555000000e-04	0.0000000000e+00
9.8985000000e-05	9.8985000000e-05	0.0000000000e+00
9.3044000000e-05	9.3044000000e-05	0.0000000000e+00
8.7673000000e-05	8.7673000000e-05	0.0000000000e+00
8.2821000000e-05	8.2821000000e-05	0.0000000000e+00
7.8443000000e-05	7.8443000000e-05	0.0000000000e+00
7.4498000000e-05	7.4498000000e-05	0.0000000000e+00
7.0950000000e-05	7.0950000000e-05	0.0000000000e+00
2.6338000000e-08	2.6338000000e-08	0.0000000000e+00
3.2633000000e-08	3.2633000000e-08	0.0000000000e+00
3.9996000000e-08	3.9996000000e-08	0.0000000000e+00
4.8712000000e-08	4.8712000000e-08	0.0000000000e+00
5.9208000000e-08	5.9208000000e-08	0.0000000000e+00
7.1923000000e-08	7.1923000000e-08	0.0000000000e+00
8.7513000000e-08	8.7513000000e-08	0.0000000000e+00
1.0698000000e-07	1.0698000000e-07	0.0000000000e+00
1.3178000000e-07	1.3178000000e-07	0.0000000000e+00
1.6455000000e-07	1.6455000000e-07	0.0000000000e+00
2.0914000000e-07	2.0914000000e-07	0.0000000000e+00
2.7190000000e-07	2.7190000000e-07	0.0000000000e+00
3.6231000000e-07	3.6231000000e-07	0.0000000000e+00
4.9391000000e-07	4.9391000000e-07	0.0000000000e+00
6.8503000000e-07	6.8503000000e-07	0.0000000000e+00
9.5452000000e-07	9.5452000000e-07	0.0000000000e+00
1.3139000000e-06	1.3139000000e-06	0.0000000000e+00
1.7304000000e-06	1.7304000000e-06	0.0000000000e+00
2.2965000000e-06	2.2965000000e-06	0.0000000000e+00
3.0705000000e-06	3.0705000000e-06	0.0000000000e+00
1.7082000000e-06	1.7082000000e-06	0.0000000000e+00
9.1941000000e-07	9.1941000000e-07	0.0000000000e+00
3.7444000000e-07	3.7444000000e-07	0.0000000000e+00
5.0822000000e-07	5.0822000000e-07	0.0000000000e+00
1.4306000000e-06	1.4306000000e-06	0.0000000000e+00
3.9041000000e-06	3.9041000000e-06	0.0000000000e+00
5.7887000000e-06	5.7887000000e-06	0.0000000000e+00
8.6037000000e-06	8.6037000000e-06	0.0000000000e+00
1.6480000000e-05	1.6480000000e-05	0.0000000000e+00
2.5240000000e-05	2.5240000000e-05	0.0000000000e+00
3.8400000000e-05	3.8400000000e-05	0.0000000000e+00
6.2445000000e-05	6.2445000000e-05	0.0000000000e+00
9.6085000000e-05	9.6085000000e-05	0.0000000000e+00
1.1397000000e-04	1.1397000000e-04	0.0000000000e+00
1.7792000000e-04	1.7792000000e-04	0.0000000000e+00
2.5404000000e-04	2.5404000000e-04	0.0000000000e+00
3.1804000000e-04	3.1804000000e-04	0.0000000000e+00
4.3058000000e-04	4.3058000000e-04	0.0000000000e+00
5.4330000000e-04	5.4330000000e-04	0.0000000000e+00
6.7191000000e-04	6.7191000000e-04	0.0000000000e+00
8.2122000000e-04	8.2122000000e-04	0.0000000000e+00
9.8434000000e-04	9.8434000000e-04	0.0000000000e+00
1.1570000000e-03	1.1570000000e-03	0.0000000000e+00
1.3338000000e-03	1.3338000000e-03	0.0000000000e+00
1.5079000000e-03	1.5079000000e-03	0.0000000000e+00
1.6715000000e-03	1.6715000000e-03	0.0000000000e+00
1.8636000000e-03	1.8636000000e-03	0.0000000000e+00
2.0548000000e-03	2.0548000000e-03	0.0000000000e+00
2.1595000000e-03	2.1595000000e-03	0.0000000000e+00
2.2155000000e-03	2.2155000000e-03	0.0000000000e+00
2.4408000000e-03	2.4408000000e-03	0.0000000000e+00
2.4356000000e-03	2.4356000000e-03	0.0000000000e+00
2.3940000000e-03	2.3940000000e-03	0.0000000000e+00
2.2575000000e-03	2.2575000000e-03	0.0000000000e+00
2.5363000000e-03	2.5363000000e-03	0.0000000000e+00
2.3491000000e-03	2.3491000000e-03	0.0000000000e+00
2.2039000000e-03	2.2039000000e-03	0.0000000000e+00
2.0938000000e-03	2.0938000000e-03	0.0000000000e+00
1.9570000000e-03	1.9570000000e-03	0.0000000000e+00
1.9343000000e-03	1.9343000000e-03	0.0000000000e+00
1.7296000000e-03	1.7296000000e-03	0.0000000000e+00
1.6759000000e-03	1.6759000000e-03	0.0000000000e+00
1.5051000000e-03	1.5051000000e-03	0.0000000000e+00
1.4070000000e-03	1.4070000000e-03	0.0000000000e+00
1.2675000000e-03	1.2675000000e-03	0.0000000000e+00
1.1644000000e-03	1.1644000000e-03	0.0000000000e+00
1.0652000000e-03	1.0652000000e-03	0.0000000000e+00
9.7043000000e-04	9.7043000000e-04	0.0000000000e+00
8.8911000000e-04	8.8911000000e-04	0.0000000000e+00
8.1561000000e-04	8.1561000000e-04	0.0000000000e+00
7.6448000000e-04	7.6448000000e-04	0.0000000000e+00
6.9442000000e-04	6.9442000000e-04	0.0000000000e+00
6.4948000000e-04	6.4948000000e-04	0.0000000000e+00
5.5513000000e-04	5.5513000000e-04	0.0000000000e+00
5.3645000000e-04	5.3645000000e-04	0.0000000000e+00
4.9009000000e-04	4.9009000000e-04	0.0000000000e+00
4.4785000000e-04	4.4785000000e-04	0.0000000000e+00
3.7172000000e-04	3.7172000000e-04	0.0000000000e+00
3.9074000000e-04	3.9074000000e-04	0.0000000000e+00
3.5787000000e-04	3.5787000000e-04	0.0000000000e+00
3.2970000000e-04	3.2970000000e-04	0.0000000000e+00
3.0321000000e-04	3.0321000000e-04	0.0000000000e+00
2.7910000000e-04	2.7910000000e-04	0.0000000000e+00
2.5718000000e-04	2.5718000000e-04	0.0000000000e+00
2.3726000000e-04	2.3726000000e-04	0.0000000000e+00
2.1916000000e-04	2.1916000000e-04	0.0000000000e+00
2.0272000000e-04	2.0272000000e-04	0.0000000000e+00
1.8779000000e-04	1.8779000000e-04	0.0000000000e+00
1.7424000000e-04	1.7424000000e-04	0.0000000000e+00
1.6194000000e-04	1.6194000000e-04	0.0000000000e+00
1.5077000000e-04	1.5077000000e-04	0.0000000000e+00
1.4064000000e-04	1.4064000000e-04	0.0000000000e+00
1.3145000000e-04	1.3145000000e-04	0.0000000000e+00
1.2311000000e-04	1.2311000000e-04	0.0000000000e+00
1.1555000000e-04	1.1555000000e-04	0.0000000000e+00
1.0871000000e-04	1.0871000000e-04	0.0000000000e+00
1.0251000000e-04	1.0251000000e-04	0.0000000000e+00
9.6901000000e-05	9.6901000000e-05	0.0000000000e+00
9.1837000000e-05	9.1837000000e-05	0.0000000000e+00
8.7269000000e-05	8.7269000000e-05	0.0000000000e+00
8.3157000000e-05	8.3157000000e-05	0.0000000000e+00
2.7839000000e-08	2.7839000000e-08	0.0000000000e+00
3.4332000000e-08	3.4332000000e-08	0.0000000000e+00
4.1850000000e-08	4.1850000000e-08	0.0000000000e+00
5.0654000000e-08	5.0654000000e-08	0.0000000000e+00
6.1031000000e-08	6.1031000000e-08	0.0000000000e+00
7.3370000000e-08	7.3370000000e-08	0.0000000000e+00
8.8204000000e-08	8.8204000000e-08	0.0000000000e+00
1.0627000000e-07	1.0627000000e-07	0.0000000000e+00
1.2893000000e-07	1.2893000000e-07	0.0000000000e+00
1.5823000000e-07	1.5823000000e-07	0.0000000000e+00
1.9811000000e-07	1.9811000000e-07	0.0000000000e+00
2.5460000000e-07	2.5460000000e-07	0.0000000000e+00
3.3808000000e-07	3.3808000000e-07	0.0000000000e+00
4.6467000000e-07	4.6467000000e-07	0.0000000000e+00
6.6009000000e-07	6.6009000000e-07	0.0000000000e+00
9.5650000000e-07	9.5650000000e-07	0.0000000000e+00
1.3631000000e-06	1.3631000000e-06	0.0000000000e+00
1.7917000000e-06	1.7917000000e-06	0.0000000000e+00
2.3647000000e-06	2.3647000000e-06	0.0000000000e+00
3.0510000000e-06	3.0510000000e-06	0.0000000000e+00
2.7247000000e-06	2.7247000000e-06	0.0000000000e+00
2.1761000000e-06	2.1761000000e-06	0.0000000000e+00
7.4708000000e-07	7.4708000000e-07	0.0000000000e+00
5.3497000000e-07	5.3497000000e-07	0.0000000000e+00
2.0236000000e-06	2.0236000000e-06	0.0000000000e+00
3.1193000000e-06	3.1193000000e-06	0.0000000000e+00
6.2088000000e-06	6.2088000000e-06	0.0000000000e+00
1.2795000000e-05	1.2795000000e-05	0.0000000000e+00
1.9587000000e-05	1.9587000000e-05	0.0000000000e+00
2.3484000000e-05	2.3484000000e-05	0.0000000000e+00
3.4592000000e-05	3.4592000000e-05	0.0000000000e+00
5.6205000000e-05	5.6205000000e-05	0.0000000000e+00
8.3218000000e-05	8.3218000000e-05	0.0000000000e+00
1.1052000000e-04	1.1052000000e-04	0.0000000000e+00
1.7729000000e-04	1.7729000000e-04	0.0000000000e+00
2.3736000000e-04	2.3736000000e-04	0.0000000000e+00
3.2173000000e-04	3.2173000000e-04	0.0000000000e+00
4.2698000000e-04	4.2698000000e-04	0.0000000000e+00
5.2846000000e-04	5.2846000000e-04	0.0000000000e+00
6.4000000000e-04	6.4000000000e-04	0.0000000000e+00
7.8006000000e-04	7.8006000000e-04	0.0000000000e+00
9.1260000000e-04	9.1260000000e-04	0.0000000000e+00
1.0760000000e-03	1.0760000000e-03	0.0000000000e+00
1.2452000000e-03	1.2452000000e-03	0.0000000000e+00
1.4085000000e-03	1.4085000000e-03	0.0000000000e+00
1.5825000000e-03	1.5825000000e-03	0.0000000000e+00
1.7350000000e-03	1.7350000000e-03	0.0000000000e+00
1.9112000000e-03	1.9112000000e-03	0.0000000000e+00
2.0333000000e-03	2.0333000000e-03	0.0000000000e+00
2.0943000000e-03	2.0943000000e-03	0.0000000000e+00
2.2253000000e-03	2.2253000000e-03	0.0000000000e+00
2.3623000000e-03	2.3623000000e-03	0.0000000000e+00
2.3657000000e-03	2.3657000000e-03	0.0000000000e+00
2.2386000000e-03	2.2386000000e-03	0.0000000000e+00
2.4014000000e-03	2.4014000000e-03	0.0000000000e+00
2.3166000000e-03	2.3166000000e-03	0.0000000000e+00
2.2101000000e-03	2.2101000000e-03	0.0000000000e+00
2.2260000000e-03	2.2260000000e-03	0.0000000000e+00
2.0403000000e-03	2.0403000000e-03	0.0000000000e+00
1.8991000000e-03	1.8991000000e-03	0.0000000000e+00
1.7915000000e-03	1.7915000000e-03	0.0000000000e+00
1.7732000000e-03	1.7732000000e-03	0.0000000000e+00
1.6480000000e-03	1.6480000000e-03	0.0000000000e+00
1.4738000000e-03	1.4738000000e-03	0.0000000000e+00
1.3741000000e-03	1.3741000000e-03	0.0000000000e+00
1.2651000000e-03	1.2651000000e-03	0.0000000000e+00
1.1655000000e-03	1.1655000000e-03	0.0000000000e+00
1.0589000000e-03	1.0589000000e-03	0.0000000000e+00
9.8048000000e-04	9.8048000000e-04	0.0000000000e+00
9.1194000000e-04	9.1194000000e-04	0.0000000000e+00
8.3622000000e-04	8.3622000000e-04	0.0000000000e+00
7.8201000000e-04	7.8201000000e-04	0.0000000000e+00
7.1891000000e-04	7.1891000000e-04	0.0000000000e+00
6.6349000000e-04	6.6349000000e-04	0.0000000000e+00
6.1300000000e-04	6.1300000000e-04	0.0000000000e+00
5.6457000000e-04	5.6457000000e-04	0.0000000000e+00
5.0133000000e-04	5.0133000000e-04	0.0000000000e+00
4.3649000000e-04	4.3649000000e-04	0.0000000000e+00
4.4189000000e-04	4.4189000000e-04	0.0000000000e+00
4.0687000000e-04	4.0687000000e-04	0.0000000000e+00
3.7482000000e-04	3.7482000000e-04	0.0000000000e+00
3.4552000000e-04	3.4552000000e-04	0.0000000000e+00
3.1876000000e-04	3.1876000000e-04	0.0000000000e+00
2.9435000000e-04	2.9435000000e-04	0.0000000000e+00
2.7208000000e-04	2.7208000000e-04	0.0000000000e+00
2.5179000000e-04	2.5179000000e-04	0.0000000000e+00
2.3331000000e-04	2.3331000000e-04	0.0000000000e+00
2.1648000000e-04	2.1648000000e-04	0.0000000000e+00
2.0116000000e-04	2.0116000000e-04	0.0000000000e+00
1.8722000000e-04	1.8722000000e-04	0.0000000000e+00
1.7453000000e-04	1.7453000000e-04	0.0000000000e+00
1.6300000000e-04	1.6300000000e-04	0.0000000000e+00
1.5252000000e-04	1.5252000000e-04	0.0000000000e+00
1.4300000000e-04	1.4300000000e-04	0.0000000000e+00
1.3435000000e-04	1.3435000000e-04	0.0000000000e+00
1.2650000000e-04	1.2650000000e-04	0.0000000000e+00
1.1939000000e-04	1.1939000000e-04	0.0000000000e+00
1.1295000000e-04	1.1295000000e-04	0.0000000000e+00
1.0712000000e-04	1.0712000000e-04	0.0000000000e+00
1.0186000000e-04	1.0186000000e-04	0.0000000000e+00
9.7118000000e-05	9.7118000000e-05	0.0000000000e+00
2.9411000000e-08	2.9411000000e-08	0.0000000000e+00
3.6164000000e-08	3.6164000000e-08	0.0000000000e+00
4.3839000000e-08	4.3839000000e-08	0.0000000000e+00
5.2633000000e-08	5.2633000000e-08	0.0000000000e+00
6.2854000000e-08	6.2854000000e-08	0.0000000000e+00
7.4632000000e-08	7.4632000000e-08	0.0000000000e+00
8.8388000000e-08	8.8388000000e-08	0.0000000000e+00
1.0454000000e-07	1.0454000000e-07	0.0000000000e+00
1.2397000000e-07	1.2397000000e-07	0.0000000000e+00
1.4823000000e-07	1.4823000000e-07	0.0000000000e+00
1.8034000000e-07	1.8034000000e-07	0.0000000000e+00
2.2520000000e-07	2.2520000000e-07	0.0000000000e+00
2.9215000000e-07	2.9215000000e-07	0.0000000000e+00
3.9786000000e-07	3.9786000000e-07	0.0000000000e+00
5.7863000000e-07	5.7863000000e-07	0.0000000000e+00
9.0402000000e-07	9.0402000000e-07	0.0000000000e+00
1.4093000000e-06	1.4093000000e-06	0.0000000000e+00
1.8486000000e-06	1.8486000000e-06	0.0000000000e+00
2.4265000000e-06	2.4265000000e-06	0.0000000000e+00
1.7233000000e-06	1.7233000000e-06	0.0000000000e+00
3.5188000000e-07	3.5188000000e-07	0.0000000000e+00
1.5704000000e-06	1.5704000000e-06	0.0000000000e+00
1.3441000000e-06	1.3441000000e-06	0.0000000000e+00
1.2683000000e-06	1.2683000000e-06	0.0000000000e+00
2.0020000000e-06	2.0020000000e-06	0.0000000000e+00
3.6825000000e-06	3.6825000000e-06	0.0000000000e+00
6.1847000000e-06	6.1847000000e-06	0.0000000000e+00
8.5914000000e-06	8.5914000000e-06	0.0000000000e+00
1.7010000000e-05	1.7010000000e-05	0.0000000000e+00
2.6782000000e-05	2.6782000000e-05	0.0000000000e+00
4.1479000000e-05	4.1479000000e-05	0.0000000000e+00
5.4417000000e-05	5.4417000000e-05	0.0000000000e+00
7.0950000000e-05	7.0950000000e-05	0.0000000000e+00
1.0621000000e-04	1.0621000000e-04	0.0000000000e+00
1.6694000000e-04	1.6694000000e-04	0.0000000000e+00
2.3019000000e-04	2.3019000000e-04	0.0000000000e+00
2.7657000000e-04	2.7657000000e-04	0.0000000000e+00
3.7284000000e-04	3.7284000000e-04	0.0000000000e+00
4.7278000000e-04	4.7278000000e-04	0.0000000000e+00
6.0109000000e-04	6.0109000000e-04	0.0000000000e+00
7.3234000000e-04	7.3234000000e-04	0.0000000000e+00
8.5011000000e-04	8.5011000000e-04	0.0000000000e+00
1.0083000000e-03	1.0083000000e-03	0.0000000000e+00
1.1592000000e-03	1.1592000000e-03	0.0000000000e+00
1.3278000000e-03	1.3278000000e-03	0.0000000000e+00
1.5027000000e-03	1.5027000000e-03	0.0000000000e+00
1.6746000000e-03	1.6746000000e-03	0.0000000000e+00
1.8007000000e-03	1.8007000000e-03	0.0000000000e+00
1.9286000000e-03	1.9286000000e-03	0.0000000000e+00
2.0093000000e-03	2.0093000000e-03	0.0000000000e+00
2.1541000000e-03	2.1541000000e-03	0.0000000000e+00
2.2049000000e-03	2.2049000000e-03	0.0000000000e+00
2.1936000000e-03	2.1936000000e-03	0.0000000000e+00
2.2573000000e-03	2.2573000000e-03	0.0000000000e+00
2.3017000000e-03	2.3017000000e-03	0.0000000000e+00
2.4861000000e-03	2.4861000000e-03	0.0000000000e+00
2.4019000000e-03	2.4019000000e-03	0.0000000000e+00
2.3929000000e-03	2.3929000000e-03	0.0000000000e+00
2.0565000000e-03	2.0565000000e-03	0.0000000000e+00
1.9433000000e-03	1.9433000000e-03	0.0000000000e+00
1.9583000000e-03	1.9583000000e-03	0.0000000000e+00
1.8780000000e-03	1.8780000000e-03	0.0000000000e+00
1.7147000000e-03	1.7147000000e-03	0.0000000000e+00
1.5350000000e-03	1.5350000000e-03	0.0000000000e+00
1.4643000000e-03	1.4643000000e-03	0.0000000000e+00
1.4157000000e-03	1.4157000000e-03	0.0000000000e+00
1.2717000000e-03	1.2717000000e-03	0.0000000000e+00
1.1771000000e-03	1.1771000000e-03	0.0000000000e+00
1.0763000000e-03	1.0763000000e-03	0.0000000000e+00
1.0001000000e-03	1.0001000000e-03	0.0000000000e+00
9.1467000000e-04	9.1467000000e-04	0.0000000000e+00
8.6204000000e-04	8.6204000000e-04	0.0000000000e+00
7.9837000000e-04	7.9837000000e-04	0.0000000000e+00
7.2286000000e-04	7.2286000000e-04	0.0000000000e+00
6.4763000000e-04	6.4763000000e-04	0.0000000000e+00
6.1818000000e-04	6.1818000000e-04	0.0000000000e+00
5.8011000000e-04	5.8011000000e-04	0.0000000000e+00
5.2507000000e-04	5.2507000000e-04	0.0000000000e+00
4.9681000000e-04	4.9681000000e-04	0.0000000000e+00
4.5808000000e-04	4.5808000000e-04	0.0000000000e+00
4.2370000000e-04	4.2370000000e-04	0.0000000000e+00
3.9156000000e-04	3.9156000000e-04	0.0000000000e+00
3.6209000000e-04	3.6209000000e-04	0.0000000000e+00
3.3509000000e-04	3.3509000000e-04	0.0000000000e+00
3.1039000000e-04	3.1039000000e-04	0.0000000000e+00
2.8780000000e-04	2.8780000000e-04	0.0000000000e+00
2.6717000000e-04	2.6717000000e-04	0.0000000000e+00
2.4832000000e-04	2.4832000000e-04	0.0000000000e+00
2.3112000000e-04	2.3112000000e-04	0.0000000000e+00
2.1543000000e-04	2.1543000000e-04	0.0000000000e+00
2.0112000000e-04	2.0112000000e-04	0.0000000000e+00
1.8808000000e-04	1.8808000000e-04	0.0000000000e+00
1.7620000000e-04	1.7620000000e-04	0.0000000000e+00
1.6539000000e-04	1.6539000000e-04	0.0000000000e+00
1.5555000000e-04	1.5555000000e-04	0.0000000000e+00
1.4661000000e-04	1.4661000000e-04	0.0000000000e+00
1.3849000000e-04	1.3849000000e-04	0.0000000000e+00
1.3113000000e-04	1.3113000000e-04	0.0000000000e+00
1.2447000000e-04	1.2447000000e-04	0.0000000000e+00
1.1844000000e-04	1.1844000000e-04	0.0000000000e+00
1.1301000000e-04	1.1301000000e-04	0.0000000000e+00
3.1142000000e-08	3.1142000000e-08	0.0000000000e+00
3.8106000000e-08	3.8106000000e-08	0.0000000000e+00
4.5933000000e-08	4.5933000000e-08	0.0000000000e+00
5.4795000000e-08	5.4795000000e-08	0.0000000000e+00
6.4732000000e-08	6.4732000000e-08	0.0000000000e+00
7.5967000000e-08	7.5967000000e-08	0.0000000000e+00
8.8441000000e-08	8.8441000000e-08	0.0000000000e+00
1.0235000000e-07	1.0235000000e-07	0.0000000000e+00
1.1775000000e-07	1.1775000000e-07	0.0000000000e+00
1.3543000000e-07	1.3543000000e-07	0.0000000000e+00
1.5769000000e-07	1.5769000000e-07	0.0000000000e+00
1.9100000000e-07	1.9100000000e-07	0.0000000000e+00
2.3641000000e-07	2.3641000000e-07	0.0000000000e+00
3.0335000000e-07	3.0335000000e-07	0.0000000000e+00
4.1461000000e-07	4.1461000000e-07	0.0000000000e+00
6.7999000000e-07	6.7999000000e-07	0.0000000000e+00
1.4648000000e-06	1.4648000000e-06	0.0000000000e+00
1.8062000000e-06	1.8062000000e-06	0.0000000000e+00
1.0580000000e-06	1.0580000000e-06	0.0000000000e+00
5.4083000000e-07	5.4083000000e-07	0.0000000000e+00
6.8333000000e-08	6.8333000000e-08	0.0000000000e+00
4.3215000000e-07	4.3215000000e-07	0.0000000000e+00
1.7272000000e-07	1.7272000000e-07	0.0000000000e+00
6.6731000000e-07	6.6731000000e-07	0.0000000000e+00
3.0632000000e-06	3.0631000000e-06	1.4178035093e-05
2.4175000000e-06	2.4175000000e-06	0.0000000000e+00
5.8106000000e-06	5.8106000000e-06	0.0000000000e+00
9.2869000000e-06	9.2869000000e-06	0.0000000000e+00
1.6944000000e-05	1.6944000000e-05	0.0000000000e+00
2.9756000000e-05	2.9756000000e-05	0.0000000000e+00
4.1602000000e-05	4.1602000000e-05	0.0000000000e+00
4.7948000000e-05	4.7948000000e-05	0.0000000000e+00
7.1183000000e-05	7.1183000000e-05	0.0000000000e+00
9.9059000000e-05	9.9059000000e-05	0.0000000000e+00
1.3652000000e-04	1.3652000000e-04	0.0000000000e+00
1.9603000000e-04	1.9603000000e-04	0.0000000000e+00
2.6152000000e-04	2.6152000000e-04	0.0000000000e+00
3.3452000000e-04	3.3452000000e-04	0.0000000000e+00
4.2636000000e-04	4.2636000000e-04	0.0000000000e+00
5.4227000000e-04	5.4227000000e-04	0.0000000000e+00
6.7978000000e-04	6.7978000000e-04	0.0000000000e+00
7.9883000000e-04	7.9883000000e-04	0.0000000000e+00
9.4021000000e-04	9.4021000000e-04	0.0000000000e+00
1.0763000000e-03	1.0763000000e-03	0.0000000000e+00
1.2282000000e-03	1.2282000000e-03	0.0000000000e+00
1.4030000000e-03	1.4030000000e-03	0.0000000000e+00
1.5827000000e-03	1.5827000000e-03	0.0000000000e+00
1.7316000000e-03	1.7316000000e-03	0.0000000000e+00
1.8359000000e-03	1.8359000000e-03	0.0000000000e+00
1.9045000000e-03	1.9045000000e-03	0.0000000000e+00
2.0364000000e-03	2.0364000000e-03	0.0000000000e+00
2.1265000000e-03	2.1265000000e-03	0.0000000000e+00
2.1956000000e-03	2.1956000000e-03	0.0000000000e+00
2.2045000000e-03	2.2045000000e-03	0.0000000000e+00
2.2633000000e-03	2.2633000000e-03	0.0000000000e+00
2.3739000000e-03	2.3739000000e-03	0.0000000000e+00
2.3912000000e-03	2.3912000000e-03	0.0000000000e+00
2.2007000000e-03	2.2007000000e-03	0.0000000000e+00
2.2305000000e-03	2.2305000000e-03	0.0000000000e+00
1.9722000000e-03	1.9722000000e-03	0.0000000000e+00
1.8763000000e-03	1.8763000000e-03	0.0000000000e+00
1.8460000000e-03	1.8460000000e-03	0.0000000000e+00
1.7948000000e-03	1.7948000000e-03	0.0000000000e+00
1.6309000000e-03	1.6309000000e-03	0.0000000000e+00
1.5492000000e-03	1.5492000000e-03	0.0000000000e+00
1.5336000000e-03	1.5336000000e-03	0.0000000000e+00
1.4192000000e-03	1.4192000000e-03	0.0000000000e+00
1.2674000000e-03	1.2674000000e-03	0.0000000000e+00
1.1679000000e-03	1.1679000000e-03	0.0000000000e+00
1.0862000000e-03	1.0862000000e-03	0.0000000000e+00
1.0043000000e-03	1.0043000000e-03	0.0000000000e+00
9.2446000000e-04	9.2446000000e-04	0.0000000000e+00
8.3922000000e-04	8.3922000000e-04	0.0000000000e+00
7.7221000000e-04	7.7221000000e-04	0.0000000000e+00
7.5297000000e-04	7.5297000000e-04	0.0000000000e+00
6.8114000000e-04	6.8114000000e-04	0.0000000000e+00
6.4727000000e-04	6.4726000000e-04	6.7096858615e-06
5.9969000000e-04	5.9969000000e-04	0.0000000000e+00
5.5529000000e-04	5.5529000000e-04	0.0000000000e+00
5.1353000000e-04	5.1353000000e-04	0.0000000000e+00
4.7626000000e-04	4.7626000000e-04	0.0000000000e+00
4.4127000000e-04	4.4127000000e-04	0.0000000000e+00
4.0906000000e-04	4.0906000000e-04	0.0000000000e+00
3.7944000000e-04	3.7944000000e-04	0.0000000000e+00
3.5224000000e-04	3.5224000000e-04	0.0000000000e+00
3.2728000000e-04	3.2728000000e-04	0.0000000000e+00
3.0440000000e-04	3.0440000000e-04	0.0000000000e+00
2.8345000000e-04	2.8345000000e-04	0.0000000000e+00
2.6427000000e-04	2.6427000000e-04	0.0000000000e+00
2.4672000000e-04	2.4672000000e-04	0.0000000000e+00
2.3068000000e-04	2.3068000000e-04	0.0000000000e+00
2.1603000000e-04	2.1603000000e-04	0.0000000000e+00
2.0265000000e-04	2.0265000000e-04	0.0000000000e+00
1.9045000000e-04	1.9045000000e-04	0.0000000000e+00
1.7933000000e-04	1.7933000000e-04	0.0000000000e+00
1.6921000000e-04	1.6921000000e-04	0.0000000000e+00
1.6000000000e-04	1.6000000000e-04	0.0000000000e+00
1.5164000000e-04	1.5164000000e-04	0.0000000000e+00
1.4406000000e-04	1.4406000000e-04	0.0000000000e+00
1.3720000000e-04	1.3720000000e-04	0.0000000000e+00
1.3100000000e-04	1.3100000000e-04	0.0000000000e+00
3.3049000000e-08	3.3049000000e-08	0.0000000000e+00
4.0310000000e-08	4.0310000000e-08	0.0000000000e+00
4.8312000000e-08	4.8312000000e-08	0.0000000000e+00
5.7207000000e-08	5.7207000000e-08	0.0000000000e+00
6.7025000000e-08	6.7025000000e-08	0.0000000000e+00
7.7593000000e-08	7.7593000000e-08	0.0000000000e+00
8.8769000000e-08	8.8769000000e-08	0.0000000000e+00
1.0025000000e-07	1.0025000000e-07	0.0000000000e+00
1.1141000000e-07	1.1141000000e-07	0.0000000000e+00
1.2566000000e-07	1.2566000000e-07	0.0000000000e+00
1.4316000000e-07	1.4316000000e-07	0.0000000000e+00
1.6241000000e-07	1.6241000000e-07	0.0000000000e+00
1.8435000000e-07	1.8435000000e-07	0.0000000000e+00
2.1106000000e-07	2.1106000000e-07	0.0000000000e+00
2.4801000000e-07	2.4801000000e-07	0.0000000000e+00
3.1544000000e-07	3.1544000000e-07	0.0000000000e+00
4.1679000000e-07	4.1679000000e-07	0.0000000000e+00
4.4119000000e-07	4.4119000000e-07	0.0000000000e+00
4.2057000000e-07	4.2057000000e-07	0.0000000000e+00
3.6092000000e-08	3.6092000000e-08	0.0000000000e+00
1.1125000000e-08	1.1125000000e-08	0.0000000000e+00
1.4346000000e-07	1.4346000000e-07	0.0000000000e+00
4.5613000000e-07	4.5613000000e-07	0.0000000000e+00
5.0091000000e-07	5.0091000000e-07	0.0000000000e+00
1.8055000000e-06	1.8055000000e-06	0.0000000000e+00
4.9389000000e-06	4.9389000000e-06	0.0000000000e+00
6.8452000000e-06	6.8452000000e-06	0.0000000000e+00
1.0446000000e-05	1.0446000000e-05	0.0000000000e+00
1.5123000000e-05	1.5123000000e-05	0.0000000000e+00
1.9249000000e-05	1.9249000000e-05	0.0000000000e+00
3.0916000000e-05	3.0916000000e-05	0.0000000000e+00
4.6937000000e-05	4.6937000000e-05	0.0000000000e+00
6.5871000000e-05	6.5871000000e-05	0.0000000000e+00
1.1151000000e-04	1.1151000000e-04	0.0000000000e+00
1.4311000000e-04	1.4311000000e-04	0.0000000000e+00
1.7756000000e-04	1.7756000000e-04	0.0000000000e+00
2.4438000000e-04	2.4438000000e-04	0.0000000000e+00
3.2117000000e-04	3.2117000000e-04	0.0000000000e+00
4.1298000000e-04	4.1298000000e-04	0.0000000000e+00
5.1738000000e-04	5.1738000000e-04	0.0000000000e+00
6.2804000000e-04	6.2804000000e-04	0.0000000000e+00
7.1947000000e-04	7.1947000000e-04	0.0000000000e+00
8.6286000000e-04	8.6286000000e-04	0.0000000000e+00
9.9277000000e-04	9.9277000000e-04	0.0000000000e+00
1.1419000000e-03	1.1419000000e-03	0.0000000000e+00
1.2948000000e-03	1.2948000000e-03	0.0000000000e+00
1.4275000000e-03	1.4275000000e-03	0.0000000000e+00
1.5785000000e-03	1.5785000000e-03	0.0000000000e+00
1.7047000000e-03	1.7047000000e-03	0.0000000000e+00
1.8376000000e-03	1.8376000000e-03	0.0000000000e+00
1.9412000000e-03	1.9412000000e-03	0.0000000000e+00
2.0296000000e-03	2.0296000000e-03	0.0000000000e+00
2.0498000000e-03	2.0498000000e-03	0.0000000000e+00
2.2059000000e-03	2.2059000000e-03	0.0000000000e+00
2.2151000000e-03	2.2151000000e-03	0.0000000000e+00
2.2821000000e-03	2.2821000000e-03	0.0000000000e+00
2.4280000000e-03	2.4280000000e-03	0.0000000000e+00
2.2756000000e-03	2.2756000000e-03	0.0000000000e+00
2.1817000000e-03	2.1817000000e-03	0.0000000000e+00
2.1329000000e-03	2.1329000000e-03	0.0000000000e+00
1.9341000000e-03	1.9341000000e-03	0.0000000000e+00
1.9736000000e-03	1.9736000000e-03	0.0000000000e+00
1.7914000000e-03	1.7914000000e-03	0.0000000000e+00
1.6913000000e-03	1.6913000000e-03	0.0000000000e+00
1.6795000000e-03	1.6795000000e-03	0.0000000000e+00
1.6078000000e-03	1.6078000000e-03	0.0000000000e+00
1.4667000000e-03	1.4667000000e-03	0.0000000000e+00
1.3480000000e-03	1.3480000000e-03	0.0000000000e+00
1.2542000000e-03	1.2542000000e-03	0.0000000000e+00
1.1691000000e-03	1.1691000000e-03	0.0000000000e+00
1.0926000000e-03	1.0926000000e-03	0.0000000000e+00
1.0119000000e-03	1.0119000000e-03	0.0000000000e+00
9.4606000000e-04	9.4606000000e-04	0.0000000000e+00
8.8554000000e-04	8.8554000000e-04	0.0000000000e+00
8.2512000000e-04	8.2512000000e-04	0.0000000000e+00
7.5751000000e-04	7.5751000000e-04	0.0000000000e+00
7.1261000000e-04	7.1261000000e-04	0.0000000000e+00
6.6432000000e-04	6.6432000000e-04	0.0000000000e+00
6.1707000000e-04	6.1707000000e-04	0.0000000000e+00
5.4423000000e-04	5.4423000000e-04	0.0000000000e+00
5.3232000000e-04	5.3232000000e-04	0.0000000000e+00
4.9454000000e-04	4.9454000000e-04	0.0000000000e+00
4.5961000000e-04	4.5961000000e-04	0.0000000000e+00
4.2736000000e-04	4.2736000000e-04	0.0000000000e+00
3.9763000000e-04	3.9763000000e-04	0.0000000000e+00
3.7025000000e-04	3.7025000000e-04	0.0000000000e+00
3.4507000000e-04	3.4507000000e-04	0.0000000000e+00
3.2193000000e-04	3.2193000000e-04	0.0000000000e+00
3.0069000000e-04	3.0069000000e-04	0.0000000000e+00
2.8120000000e-04	2.8120000000e-04	0.0000000000e+00
2.6334000000e-04	2.6334000000e-04	0.0000000000e+00
2.4699000000e-04	2.4699000000e-04	0.0000000000e+00
2.3203000000e-04	2.3203000000e-04	0.0000000000e+00
2.1835000000e-04	2.1835000000e-04	0.0000000000e+00
2.0585000000e-04	2.0585000000e-04	0.0000000000e+00
1.9446000000e-04	1.9446000000e-04	0.0000000000e+00
1.8408000000e-04	1.8408000000e-04	0.0000000000e+00
1.7464000000e-04	1.7464000000e-04	0.0000000000e+00
1.6606000000e-04	1.6606000000e-04	0.0000000000e+00
1.5829000000e-04	1.5829000000e-04	0.0000000000e+00
1.5127000000e-04	1.5127000000e-04	0.0000000000e+00
3.5180000000e-08	3.5180000000e-08	0.0000000000e+00
4.2805000000e-08	4.2805000000e-08	0.0000000000e+00
5.1050000000e-08	5.1050000000e-08	0.0000000000e+00
6.0105000000e-08	6.0105000000e-08	0.0000000000e+00
6.9838000000e-08	6.9838000000e-08	0.0000000000e+00
7.9960000000e-08	7.9960000000e-08	0.0000000000e+00
9.0038000000e-08	9.0038000000e-08	0.0000000000e+00
9.9192000000e-08	9.9192000000e-08	0.0000000000e+00
1.0829000000e-07	1.0829000000e-07	0.0000000000e+00
1.1966000000e-07	1.1966000000e-07	0.0000000000e+00
1.2848000000e-07	1.2848000000e-07	0.0000000000e+00
1.3311000000e-07	1.3311000000e-07	0.0000000000e+00
1.3557000000e-07	1.3557000000e-07	0.0000000000e+00
1.3688000000e-07	1.3688000000e-07	0.0000000000e+00
1.2589000000e-07	1.2589000000e-07	0.0000000000e+00
1.1224000000e-07	1.1224000000e-07	0.0000000000e+00
8.4081000000e-08	8.4081000000e-08	0.0000000000e+00
5.0420000000e-08	5.0420000000e-08	0.0000000000e+00
3.3550000000e-08	3.3550000000e-08	0.0000000000e+00
4.4473000000e-08	4.4473000000e-08	0.0000000000e+00
8.3981000000e-09	8.3981000000e-09	0.0000000000e+00
1.8591000000e-08	1.8591000000e-08	0.0000000000e+00
8.1557000000e-07	8.1557000000e-07	0.0000000000e+00
8.8191000000e-07	8.8191000000e-07	0.0000000000e+00
1.4853000000e-06	1.4853000000e-06	0.0000000000e+00
2.2616000000e-06	2.2616000000e-06	0.0000000000e+00
8.7471000000e-06	8.7471000000e-06	0.0000000000e+00
9.5447000000e-06	9.5447000000e-06	0.0000000000e+00
1.6644000000e-05	1.6644000000e-05	0.0000000000e+00
2.2100000000e-05	2.2100000000e-05	0.0000000000e+00
3.8806000000e-05	3.8806000000e-05	0.0000000000e+00
5.2048000000e-05	5.2048000000e-05	0.0000000000e+00
6.1150000000e-05	6.1150000000e-05	0.0000000000e+00
9.4821000000e-05	9.4821000000e-05	0.0000000000e+00
1.3804000000e-04	1.3804000000e-04	0.0000000000e+00
1.7451000000e-04	1.7451000000e-04	0.0000000000e+00
2.3049000000e-04	2.3049000000e-04	0.0000000000e+00
2.9926000000e-04	2.9926000000e-04	0.0000000000e+00
3.9670000000e-04	3.9670000000e-04	0.0000000000e+00
4.6692000000e-04	4.6692000000e-04	0.0000000000e+00
5.6864000000e-04	5.6864000000e-04	0.0000000000e+00
6.7045000000e-04	6.7045000000e-04	0.0000000000e+00
8.0781000000e-04	8.0781000000e-04	0.0000000000e+00
9.2369000000e-04	9.2369000000e-04	0.0000000000e+00
1.0578000000e-03	1.0578000000e-03	0.0000000000e+00
1.2004000000e-03	1.2004000000e-03	0.0000000000e+00
1.3383000000e-03	1.3383000000e-03	0.0000000000e+00
1.4802000000e-03	1.4802000000e-03	0.0000000000e+00
1.6085000000e-03	1.6085000000e-03	0.0000000000e+00
1.7079000000e-03	1.7079000000e-03	0.0000000000e+00
1.8529000000e-03	1.8529000000e-03	0.0000000000e+00
1.9531000000e-03	1.9531000000e-03	0.0000000000e+00
2.0192000000e-03	2.0192000000e-03	0.0000000000e+00
2.0811000000e-03	2.0811000000e-03	0.0000000000e+00
2.1539000000e-03	2.1539000000e-03	0.0000000000e+00
2.1601000000e-03	2.1601000000e-03	0.0000000000e+00
2.2899000000e-03	2.2899000000e-03	0.0000000000e+00
2.1327000000e-03	2.1327000000e-03	0.0000000000e+00
2.1398000000e-03	2.1398000000e-03	0.0000000000e+00
2.1308000000e-03	2.1308000000e-03	0.0000000000e+00
1.9659000000e-03	1.9659000000e-03	0.0000000000e+00
1.8843000000e-03	1.8843000000e-03	0.0000000000e+00
1.8211000000e-03	1.8211000000e-03	0.0000000000e+00
1.8161000000e-03	1.8161000000e-03	0.0000000000e+00
1.7114000000e-03	1.7114000000e-03	0.0000000000e+00
1.6165000000e-03	1.6165000000e-03	0.0000000000e+00
1.5145000000e-03	1.5145000000e-03	0.0000000000e+00
1.4503000000e-03	1.4503000000e-03	0.0000000000e+00
1.3472000000e-03	1.3472000000e-03	0.0000000000e+00
1.2498000000e-03	1.2498000000e-03	0.0000000000e+00
1.1742000000e-03	1.1742000000e-03	0.0000000000e+00
1.1005000000e-03	1.1005000000e-03	0.0000000000e+00
1.0299000000e-03	1.0299000000e-03	0.0000000000e+00
9.6109000000e-04	9.6109000000e-04	0.0000000000e+00
8.7841000000e-04	8.7841000000e-04	0.0000000000e+00
8.4018000000e-04	8.4018000000e-04	0.0000000000e+00
7.8072000000e-04	7.8072000000e-04	0.0000000000e+00
7.3160000000e-04	7.3160000000e-04	0.0000000000e+00
6.8178000000e-04	6.8178000000e-04	0.0000000000e+00
5.9862000000e-04	5.9862000000e-04	0.0000000000e+00
5.9166000000e-04	5.9166000000e-04	0.0000000000e+00
5.5119000000e-04	5.5119000000e-04	0.0000000000e+00
5.1360000000e-04	5.1360000000e-04	0.0000000000e+00
4.7876000000e-04	4.7876000000e-04	0.0000000000e+00
4.4651000000e-04	4.4651000000e-04	0.0000000000e+00
4.1670000000e-04	4.1670000000e-04	0.0000000000e+00
3.8918000000e-04	3.8918000000e-04	0.0000000000e+00
3.6382000000e-04	3.6382000000e-04	0.0000000000e+00
3.4046000000e-04	3.4046000000e-04	0.0000000000e+00
3.1896000000e-04	3.1896000000e-04	0.0000000000e+00
2.9921000000e-04	2.9921000000e-04	0.0000000000e+00
2.8108000000e-04	2.8108000000e-04	0.0000000000e+00
2.6444000000e-04	2.6444000000e-04	0.0000000000e+00
2.4921000000e-04	2.4921000000e-04	0.0000000000e+00
2.3526000000e-04	2.3526000000e-04	0.0000000000e+00
2.2252000000e-04	2.2252000000e-04	0.0000000000e+00
2.1089000000e-04	2.1089000000e-04	0.0000000000e+00
2.0029000000e-04	2.0029000000e-04	0.0000000000e+00
1.9065000000e-04	1.9065000000e-04	0.0000000000e+00
1.8191000000e-04	1.8191000000e-04	0.0000000000e+00
1.7400000000e-04	1.7400000000e-04	0.0000000000e+00
3.7627000000e-08	3.7627000000e-08	0.0000000000e+00
4.5663000000e-08	4.5663000000e-08	0.0000000000e+00
5.4329000000e-08	5.4329000000e-08	0.0000000000e+00
6.3655000000e-08	6.3655000000e-08	0.0000000000e+00
7.3545000000e-08	7.3545000000e-08	0.0000000000e+00
8.3506000000e-08	8.3506000000e-08	0.0000000000e+00
9.2815000000e-08	9.2815000000e-08	0.0000000000e+00
1.0030000000e-07	1.0030000000e-07	0.0000000000e+00
1.0887000000e-07	1.0887000000e-07	0.0000000000e+00
1.1626000000e-07	1.1626000000e-07	0.0000000000e+00
1.1773000000e-07	1.1773000000e-07	0.0000000000e+00
1.1292000000e-07	1.1292000000e-07	0.0000000000e+00
1.0580000000e-07	1.0580000000e-07	0.0000000000e+00
8.8247000000e-08	8.8247000000e-08	0.0000000000e+00
6.1310000000e-08	6.1310000000e-08	0.0000000000e+00
3.1562000000e-08	3.1562000000e-08	0.0000000000e+00
8.6739000000e-09	8.6739000000e-09	0.0000000000e+00
2.3764000000e-08	2.3764000000e-08	0.0000000000e+00
6.0928000000e-08	6.0928000000e-08	0.0000000000e+00
3.6738000000e-07	3.6738000000e-07	0.0000000000e+00
2.4196000000e-07	2.4196000000e-07	0.0000000000e+00
8.8619000000e-07	8.8619000000e-07	0.0000000000e+00
1.6853000000e-06	1.6853000000e-06	0.0000000000e+00
1.9766000000e-06	1.9766000000e-06	0.0000000000e+00
1.9668000000e-06	1.9668000000e-06	0.0000000000e+00
4.4389000000e-06	4.4389000000e-06	0.0000000000e+00
5.3323000000e-06	5.3323000000e-06	0.0000000000e+00
1.0536000000e-05	1.0536000000e-05	0.0000000000e+00
1.9518000000e-05	1.9518000000e-05	0.0000000000e+00
2.1679000000e-05	2.1679000000e-05	0.0000000000e+00
3.2683000000e-05	3.2683000000e-05	0.0000000000e+00
5.1003000000e-05	5.1003000000e-05	0.0000000000e+00
7.3866000000e-05	7.3866000000e-05	0.0000000000e+00
8.3587000000e-05	8.3587000000e-05	0.0000000000e+00
1.2595000000e-04	1.2595000000e-04	0.0000000000e+00
1.5788000000e-04	1.5788000000e-04	0.0000000000e+00
2.2391000000e-04	2.2391000000e-04	0.0000000000e+00
2.6521000000e-04	2.6521000000e-04	0.0000000000e+00
3.4697000000e-04	3.4697000000e-04	0.0000000000e+00
4.2177000000e-04	4.2177000000e-04	0.0000000000e+00
5.4004000000e-04	5.4004000000e-04	0.0000000000e+00
6.4190000000e-04	6.4190000000e-04	0.0000000000e+00
7.2058000000e-04	7.2058000000e-04	0.0000000000e+00
8.5332000000e-04	8.5332000000e-04	0.0000000000e+00
9.8273000000e-04	9.8273000000e-04	0.0000000000e+00
1.1155000000e-03	1.1155000000e-03	0.0000000000e+00
1.2515000000e-03	1.2515000000e-03	0.0000000000e+00
1.3817000000e-03	1.3817000000e-03	0.0000000000e+00
1.5171000000e-03	1.5171000000e-03	0.0000000000e+00
1.6388000000e-03	1.6388000000e-03	0.0000000000e+00
1.7565000000e-03	1.7565000000e-03	0.0000000000e+00
1.8639000000e-03	1.8639000000e-03	0.0000000000e+00
1.9068000000e-03	1.9068000000e-03	0.0000000000e+00
2.0386000000e-03	2.0386000000e-03	0.0000000000e+00
2.0395000000e-03	2.0395000000e-03	0.0000000000e+00
2.0770000000e-03	2.0770000000e-03	0.0000000000e+00
2.1123000000e-03	2.1123000000e-03	0.0000000000e+00
2.0896000000e-03	2.0896000000e-03	0.0000000000e+00
2.1024000000e-03	2.1024000000e-03	0.0000000000e+00
2.1377000000e-03	2.1377000000e-03	0.0000000000e+00
2.0104000000e-03	2.0104000000e-03	0.0000000000e+00
1.8900000000e-03	1.8900000000e-03	0.0000000000e+00
1.8882000000e-03	1.8882000000e-03	0.0000000000e+00
1.8062000000e-03	1.8062000000e-03	0.0000000000e+00
1.7310000000e-03	1.7310000000e-03	0.0000000000e+00
1.7335000000e-03	1.7335000000e-03	0.0000000000e+00
1.5832000000e-03	1.5832000000e-03	0.0000000000e+00
1.5815000000e-03	1.5815000000e-03	0.0000000000e+00
1.4693000000e-03	1.4693000000e-03	0.0000000000e+00
1.3369000000e-03	1.3369000000e-03	0.0000000000e+00
1.2892000000e-03	1.2892000000e-03	0.0000000000e+00
1.1840000000e-03	1.1840000000e-03	0.0000000000e+00
1.1095000000e-03	1.1095000000e-03	0.0000000000e+00
1.0363000000e-03	1.0363000000e-03	0.0000000000e+00
9.7607000000e-04	9.7607000000e-04	0.0000000000e+00
9.1423000000e-04	9.1423000000e-04	0.0000000000e+00
8.5094000000e-04	8.5094000000e-04	0.0000000000e+00
8.0118000000e-04	8.0118000000e-04	0.0000000000e+00
7.4901000000e-04	7.4901000000e-04	0.0000000000e+00
6.8001000000e-04	6.8001000000e-04	0.0000000000e+00
6.5397000000e-04	6.5397000000e-04	0.0000000000e+00
6.1097000000e-04	6.1097000000e-04	0.0000000000e+00
5.7084000000e-04	5.7084000000e-04	0.0000000000e+00
5.3348000000e-04	5.3348000000e-04	0.0000000000e+00
4.9876000000e-04	4.9876000000e-04	0.0000000000e+00
4.6655000000e-04	4.6655000000e-04	0.0000000000e+00
4.3670000000e-04	4.3670000000e-04	0.0000000000e+00
4.0909000000e-04	4.0909000000e-04	0.0000000000e+00
3.8358000000e-04	3.8358000000e-04	0.0000000000e+00
3.6004000000e-04	3.6004000000e-04	0.0000000000e+00
3.3834000000e-04	3.3834000000e-04	0.0000000000e+00
3.1837000000e-04	3.1837000000e-04	0.0000000000e+00
3.0001000000e-04	3.0001000000e-04	0.0000000000e+00
2.8314000000e-04	2.8314000000e-04	0.0000000000e+00
2.6768000000e-04	2.6768000000e-04	0.0000000000e+00
2.5351000000e-04	2.5351000000e-04	0.0000000000e+00
2.4056000000e-04	2.4056000000e-04	0.0000000000e+00
2.2874000000e-04	2.2874000000e-04	0.0000000000e+00
2.1798000000e-04	2.1798000000e-04	0.0000000000e+00
2.0820000000e-04	2.0820000000e-04	0.0000000000e+00
1.9934000000e-04	1.9934000000e-04	0.0000000000e+00
4.0426000000e-08	4.0426000000e-08	0.0000000000e+00
4.8969000000e-08	4.8969000000e-08	0.0000000000e+00
5.8168000000e-08	5.8168000000e-08	0.0000000000e+00
6.7997000000e-08	6.7997000000e-08	0.0000000000e+00
7.8323000000e-08	7.8323000000e-08	0.0000000000e+00
8.8520000000e-08	8.8520000000e-08	0.0000000000e+00
9.7763000000e-08	9.7763000000e-08	0.0000000000e+00
1.0458000000e-07	1.0458000000e-07	0.0000000000e+00
1.1258000000e-07	1.1258000000e-07	0.0000000000e+00
1.1756000000e-07	1.1756000000e-07	0.0000000000e+00
1.1448000000e-07	1.1448000000e-07	0.0000000000e+00
1.0635000000e-07	1.0635000000e-07	0.0000000000e+00
9.0321000000e-08	9.0321000000e-08	0.0000000000e+00
6.7469000000e-08	6.7469000000e-08	0.0000000000e+00
3.9048000000e-08	3.9048000000e-08	0.0000000000e+00
1.5913000000e-08	1.5913000000e-08	0.0000000000e+00
4.7307000000e-09	4.7307000000e-09	0.0000000000e+00
2.5790000000e-08	2.5790000000e-08	0.0000000000e+00
7.3123000000e-08	7.3123000000e-08	0.0000000000e+00
1.3589000000e-07	1.3589000000e-07	0.0000000000e+00
1.1328000000e-07	1.1328000000e-07	0.0000000000e+00
3.4793000000e-07	3.4793000000e-07	0.0000000000e+00
6.3746000000e-07	6.3746000000e-07	0.0000000000e+00
1.9697000000e-06	1.9697000000e-06	0.0000000000e+00
5.1087000000e-06	5.1087000000e-06	0.0000000000e+00
8.1904000000e-06	8.1904000000e-06	0.0000000000e+00
8.8474000000e-06	8.8474000000e-06	0.0000000000e+00
1.1264000000e-05	1.1264000000e-05	0.0000000000e+00
1.5157000000e-05	1.5157000000e-05	0.0000000000e+00
2.6896000000e-05	2.6896000000e-05	0.0000000000e+00
3.8147000000e-05	3.8147000000e-05	0.0000000000e+00
5.2170000000e-05	5.2170000000e-05	0.0000000000e+00
6.4640000000e-05	6.4640000000e-05	0.0000000000e+00
8.4815000000e-05	8.4815000000e-05	0.0000000000e+00
1.2342000000e-04	1.2342000000e-04	0.0000000000e+00
1.4474000000e-04	1.4474000000e-04	0.0000000000e+00
1.8594000000e-04	1.8594000000e-04	0.0000000000e+00
2.4972000000e-04	2.4972000000e-04	0.0000000000e+00
3.1153000000e-04	3.1153000000e-04	0.0000000000e+00
3.8428000000e-04	3.8428000000e-04	0.0000000000e+00
4.8007000000e-04	4.8007000000e-04	0.0000000000e+00
5.9597000000e-04	5.9597000000e-04	0.0000000000e+00
6.8835000000e-04	6.8835000000e-04	0.0000000000e+00
7.8702000000e-04	7.8702000000e-04	0.0000000000e+00
9.1315000000e-04	9.1315000000e-04	0.0000000000e+00
1.0359000000e-03	1.0359000000e-03	0.0000000000e+00
1.1660000000e-03	1.1660000000e-03	0.0000000000e+00
1.2946000000e-03	1.2946000000e-03	0.0000000000e+00
1.4157000000e-03	1.4157000000e-03	0.0000000000e+00
1.5376000000e-03	1.5376000000e-03	0.0000000000e+00
1.6280000000e-03	1.6280000000e-03	0.0000000000e+00
1.7712000000e-03	1.7712000000e-03	0.0000000000e+00
1.8548000000e-03	1.8548000000e-03	0.0000000000e+00
1.8852000000e-03	1.8852000000e-03	0.0000000000e+00
1.9676000000e-03	1.9676000000e-03	0.0000000000e+00
2.0541000000e-03	2.0541000000e-03	0.0000000000e+00
2.0655000000e-03	2.0655000000e-03	0.0000000000e+00
2.1850000000e-03	2.1850000000e-03	0.0000000000e+00
2.2067000000e-03	2.2067000000e-03	0.0000000000e+00
2.1758000000e-03	2.1758000000e-03	0.0000000000e+00
2.1195000000e-03	2.1195000000e-03	0.0000000000e+00
1.9261000000e-03	1.9261000000e-03	0.0000000000e+00
1.9082000000e-03	1.9082000000e-03	0.0000000000e+00
1.8384000000e-03	1.8384000000e-03	0.0000000000e+00
1.7661000000e-03	1.7661000000e-03	0.0000000000e+00
1.7581000000e-03	1.7581000000e-03	0.0000000000e+00
1.6612000000e-03	1.6612000000e-03	0.0000000000e+00
1.5968000000e-03	1.5968000000e-03	0.0000000000e+00
1.5213000000e-03	1.5213000000e-03	0.0000000000e+00
1.4276000000e-03	1.4276000000e-03	0.0000000000e+00
1.3445000000e-03	1.3445000000e-03	0.0000000000e+00
1.2644000000e-03	1.2644000000e-03	0.0000000000e+00
1.1900000000e-03	1.1900000000e-03	0.0000000000e+00
1.1198000000e-03	1.1198000000e-03	0.0000000000e+00
1.0518000000e-03	1.0518000000e-03	0.0000000000e+00
9.8438000000e-04	9.8438000000e-04	0.0000000000e+00
9.2940000000e-04	9.2940000000e-04	0.0000000000e+00
8.7227000000e-04	8.7227000000e-04	0.0000000000e+00
8.1827000000e-04	8.1827000000e-04	0.0000000000e+00
7.6711000000e-04	7.6711000000e-04	0.0000000000e+00
7.1852000000e-04	7.1852000000e-04	0.0000000000e+00
6.7355000000e-04	6.7355000000e-04	0.0000000000e+00
6.3105000000e-04	6.3105000000e-04	0.0000000000e+00
5.9131000000e-04	5.9131000000e-04	0.0000000000e+00
5.5422000000e-04	5.5422000000e-04	0.0000000000e+00
5.1966000000e-04	5.1966000000e-04	0.0000000000e+00
4.8753000000e-04	4.8753000000e-04	0.0000000000e+00
4.5769000000e-04	4.5769000000e-04	0.0000000000e+00
4.3003000000e-04	4.3003000000e-04	0.0000000000e+00
4.0443000000e-04	4.0443000000e-04	0.0000000000e+00
3.8077000000e-04	3.8077000000e-04	0.0000000000e+00
3.5892000000e-04	3.5892000000e-04	0.0000000000e+00
3.3878000000e-04	3.3878000000e-04	0.0000000000e+00
3.2024000000e-04	3.2024000000e-04	0.0000000000e+00
3.0319000000e-04	3.0319000000e-04	0.0000000000e+00
2.8756000000e-04	2.8756000000e-04	0.0000000000e+00
2.7323000000e-04	2.7323000000e-04	0.0000000000e+00
2.6013000000e-04	2.6013000000e-04	0.0000000000e+00
2.4819000000e-04	2.4819000000e-04	0.0000000000e+00
2.3732000000e-04	2.3732000000e-04	0.0000000000e+00
2.2746000000e-04	2.2746000000e-04	0.0000000000e+00
4.3620000000e-08	4.3620000000e-08	0.0000000000e+00
5.2776000000e-08	5.2776000000e-08	0.0000000000e+00
6.2689000000e-08	6.2689000000e-08	0.0000000000e+00
7.3293000000e-08	7.3293000000e-08	0.0000000000e+00
8.4456000000e-08	8.4457000000e-08	-5.1422268494e-06
9.5519000000e-08	9.5519000000e-08	0.0000000000e+00
1.0552000000e-07	1.0552000000e-07	0.0000000000e+00
1.1277000000e-07	1.1277000000e-07	0.0000000000e+00
1.2032000000e-07	1.2032000000e-07	0.0000000000e+00
1.2532000000e-07	1.2532000000e-07	0.0000000000e+00
1.2151000000e-07	1.2151000000e-07	0.0000000000e+00
1.1181000000e-07	1.1181000000e-07	0.0000000000e+00
9.3711000000e-08	9.3711000000e-08	0.0000000000e+00
6.8806000000e-08	6.8806000000e-08	0.0000000000e+00
3.8929000000e-08	3.8929000000e-08	0.0000000000e+00
1.5977000000e-08	1.5977000000e-08	0.0000000000e+00
1.2555000000e-08	1.2555000000e-08	0.0000000000e+00
3.7268000000e-08	3.7268000000e-08	0.0000000000e+00
7.5465000000e-08	7.5465000000e-08	0.0000000000e+00
1.0588000000e-07	1.0588000000e-07	0.0000000000e+00
3.8137000000e-08	3.8137000000e-08	0.0000000000e+00
1.0352000000e-07	1.0352000000e-07	0.0000000000e+00
6.6222000000e-07	6.6222000000e-07	0.0000000000e+00
2.1899000000e-07	2.1899000000e-07	0.0000000000e+00
1.8258000000e-06	1.8258000000e-06	0.0000000000e+00
3.4230000000e-06	3.4230000000e-06	0.0000000000e+00
8.6386000000e-06	8.6386000000e-06	0.0000000000e+00
1.4436000000e-05	1.4436000000e-05	0.0000000000e+00
1.3692000000e-05	1.3692000000e-05	0.0000000000e+00
2.1199000000e-05	2.1199000000e-05	0.0000000000e+00
3.0556000000e-05	3.0556000000e-05	0.0000000000e+00
3.8351000000e-05	3.8351000000e-05	0.0000000000e+00
5.3466000000e-05	5.3466000000e-05	0.0000000000e+00
7.8166000000e-05	7.8166000000e-05	0.0000000000e+00
1.0201000000e-04	1.0201000000e-04	0.0000000000e+00
1.3018000000e-04	1.3018000000e-04	0.0000000000e+00
1.7542000000e-04	1.7542000000e-04	0.0000000000e+00
2.0113000000e-04	2.0113000000e-04	0.0000000000e+00
2.7614000000e-04	2.7614000000e-04	0.0000000000e+00
3.5103000000e-04	3.5103000000e-04	0.0000000000e+00
4.3101000000e-04	4.3101000000e-04	0.0000000000e+00
5.2549000000e-04	5.2549000000e-04	0.0000000000e+00
6.5728000000e-04	6.5728000000e-04	0.0000000000e+00
7.2401000000e-04	7.2401000000e-04	0.0000000000e+00
8.3120000000e-04	8.3120000000e-04	0.0000000000e+00
9.5983000000e-04	9.5983000000e-04	0.0000000000e+00
1.0873000000e-03	1.0873000000e-03	0.0000000000e+00
1.2098000000e-03	1.2098000000e-03	0.0000000000e+00
1.3258000000e-03	1.3258000000e-03	0.0000000000e+00
1.4506000000e-03	1.4506000000e-03	0.0000000000e+00
1.5721000000e-03	1.5721000000e-03	0.0000000000e+00
1.6491000000e-03	1.6491000000e-03	0.0000000000e+00
1.7515000000e-03	1.7515000000e-03	0.0000000000e+00
1.8142000000e-03	1.8142000000e-03	0.0000000000e+00
1.9128000000e-03	1.9128000000e-03	0.0000000000e+00
2.0519000000e-03	2.0519000000e-03	0.0000000000e+00
2.1745000000e-03	2.1745000000e-03	0.0000000000e+00
2.3260000000e-03	2.3260000000e-03	0.0000000000e+00
2.4007000000e-03	2.4007000000e-03	0.0000000000e+00
2.5075000000e-03	2.5075000000e-03	0.0000000000e+00
2.5052000000e-03	2.5052000000e-03	0.0000000000e+00
2.0722000000e-03	2.0722000000e-03	0.0000000000e+00
1.8920000000e-03	1.8920000000e-03	0.0000000000e+00
1.8780000000e-03	1.8780000000e-03	0.0000000000e+00
1.7919000000e-03	1.7919000000e-03	0.0000000000e+00
1.7683000000e-03	1.7683000000e-03	0.0000000000e+00
1.7050000000e-03	1.7050000000e-03	0.0000000000e+00
1.6412000000e-03	1.6412000000e-03	0.0000000000e+00
1.6542000000e-03	1.6542000000e-03	0.0000000000e+00
1.5516000000e-03	1.5516000000e-03	0.0000000000e+00
1.4266000000e-03	1.4266000000e-03	0.0000000000e+00
1.3510000000e-03	1.3510000000e-03	0.0000000000e+00
1.2627000000e-03	1.2627000000e-03	0.0000000000e+00
1.1947000000e-03	1.1947000000e-03	0.0000000000e+00
1.1317000000e-03	1.1317000000e-03	0.0000000000e+00
1.0637000000e-03	1.0637000000e-03	0.0000000000e+00
1.0029000000e-03	1.0029000000e-03	0.0000000000e+00
9.4463000000e-04	9.4463000000e-04	0.0000000000e+00
8.8896000000e-04	8.8896000000e-04	0.0000000000e+00
8.3609000000e-04	8.3609000000e-04	0.0000000000e+00
7.8592000000e-04	7.8592000000e-04	0.0000000000e+00
7.3855000000e-04	7.3855000000e-04	0.0000000000e+00
6.9391000000e-04	6.9391000000e-04	0.0000000000e+00
6.5196000000e-04	6.5196000000e-04	0.0000000000e+00
6.1264000000e-04	6.1264000000e-04	0.0000000000e+00
5.7585000000e-04	5.7585000000e-04	0.0000000000e+00
5.4151000000e-04	5.4151000000e-04	0.0000000000e+00
5.0951000000e-04	5.0951000000e-04	0.0000000000e+00
4.7974000000e-04	4.7974000000e-04	0.0000000000e+00
4.5209000000e-04	4.5209000000e-04	0.0000000000e+00
4.2646000000e-04	4.2646000000e-04	0.0000000000e+00
4.0272000000e-04	4.0272000000e-04	0.0000000000e+00
3.8078000000e-04	3.8078000000e-04	0.0000000000e+00
3.6054000000e-04	3.6054000000e-04	0.0000000000e+00
3.4188000000e-04	3.4188000000e-04	0.0000000000e+00
3.2473000000e-04	3.2473000000e-04	0.0000000000e+00
3.0899000000e-04	3.0899000000e-04	0.0000000000e+00
2.9457000000e-04	2.9457000000e-04	0.0000000000e+00
2.8139000000e-04	2.8139000000e-04	0.0000000000e+00
2.6939000000e-04	2.6939000000e-04	0.0000000000e+00
2.5849000000e-04	2.5849000000e-04	0.0000000000e+00
4.7216000000e-08	4.7216000000e-08	0.0000000000e+00
5.7146000000e-08	5.7147000000e-08	-7.5996689546e-06
6.7921000000e-08	6.7921000000e-08	0.0000000000e+00
7.9611000000e-08	7.9611000000e-08	0.0000000000e+00
9.1990000000e-08	9.1990000000e-08	0.0000000000e+00
1.0455000000e-07	1.0455000000e-07	0.0000000000e+00
1.1624000000e-07	1.1624000000e-07	0.0000000000e+00
1.2564000000e-07	1.2564000000e-07	0.0000000000e+00
1.3274000000e-07	1.3274000000e-07	0.0000000000e+00
1.4075000000e-07	1.4075000000e-07	0.0000000000e+00
1.4079000000e-07	1.4079000000e-07	0.0000000000e+00
1.3164000000e-07	1.3164000000e-07	0.0000000000e+00
1.1959000000e-07	1.1959000000e-07	0.0000000000e+00
9.7213000000e-08	9.7213000000e-08	0.0000000000e+00
6.6646000000e-08	6.6646000000e-08	0.0000000000e+00
3.5509000000e-08	3.5509000000e-08	0.0000000000e+00
1.9060000000e-08	1.9060000000e-08	0.0000000000e+00
2.5000000000e-07	2.5000000000e-07	0.0000000000e+00
8.1922000000e-08	8.1922000000e-08	0.0000000000e+00
8.8094000000e-08	8.8094000000e-08	0.0000000000e+00
6.3211000000e-08	6.3211000000e-08	0.0000000000e+00
5.3294000000e-09	5.3294000000e-09	0.0000000000e+00
1.1904000000e-07	1.1904000000e-07	0.0000000000e+00
2.9687000000e-08	2.9687000000e-08	0.0000000000e+00
3.8138000000e-07	3.8138000000e-07	0.0000000000e+00
3.3839000000e-06	3.3839000000e-06	0.0000000000e+00
1.1242000000e-05	1.1242000000e-05	0.0000000000e+00
1.4194000000e-05	1.4194000000e-05	0.0000000000e+00
1.6173000000e-05	1.6173000000e-05	0.0000000000e+00
2.3779000000e-05	2.3779000000e-05	0.0000000000e+00
3.4255000000e-05	3.4255000000e-05	0.0000000000e+00
3.7010000000e-05	3.7010000000e-05	0.0000000000e+00
5.0941000000e-05	5.0941000000e-05	0.0000000000e+00
6.6523000000e-05	6.6523000000e-05	0.0000000000e+00
8.9006000000e-05	8.9006000000e-05	0.0000000000e+00
1.2004000000e-04	1.2004000000e-04	0.0000000000e+00
1.6010000000e-04	1.6010000000e-04	0.0000000000e+00
2.0431000000e-04	2.0431000000e-04	0.0000000000e+00
2.6944000000e-04	2.6944000000e-04	0.0000000000e+00
3.2579000000e-04	3.2579000000e-04	0.0000000000e+00
3.9345000000e-04	3.9345000000e-04	0.0000000000e+00
5.0725000000e-04	5.0725000000e-04	0.0000000000e+00
5.8732000000e-04	5.8732000000e-04	0.0000000000e+00
6.8500000000e-04	6.8500000000e-04	0.0000000000e+00
7.7521000000e-04	7.7521000000e-04	0.0000000000e+00
8.6923000000e-04	8.6923000000e-04	0.0000000000e+00
1.0096000000e-03	1.0096000000e-03	0.0000000000e+00
1.1287000000e-03	1.1287000000e-03	0.0000000000e+00
1.2423000000e-03	1.2423000000e-03	0.0000000000e+00
1.3644000000e-03	1.3644000000e-03	0.0000000000e+00
1.4682000000e-03	1.4682000000e-03	0.0000000000e+00
1.5777000000e-03	1.5777000000e-03	0.0000000000e+00
1.6497000000e-03	1.6497000000e-03	0.0000000000e+00
1.7969000000e-03	1.7969000000e-03	0.0000000000e+00
1.9789000000e-03	1.9789000000e-03	0.0000000000e+00
1.9271000000e-03	1.9271000000e-03	0.0000000000e+00
2.2648000000e-03	2.2648000000e-03	0.0000000000e+00
2.1815000000e-03	2.1815000000e-03	0.0000000000e+00
2.0971000000e-03	2.0971000000e-03	0.0000000000e+00
2.1318000000e-03	2.1318000000e-03	0.0000000000e+00
2.2303000000e-03	2.2303000000e-03	0.0000000000e+00
2.0558000000e-03	2.0558000000e-03	0.0000000000e+00
1.9430000000e-03	1.9430000000e-03	0.0000000000e+00
1.8955000000e-03	1.8955000000e-03	0.0000000000e+00
1.8393000000e-03	1.8393000000e-03	0.0000000000e+00
1.7797000000e-03	1.7797000000e-03	0.0000000000e+00
1.7924000000e-03	1.7924000000e-03	0.0000000000e+00
1.7435000000e-03	1.7435000000e-03	0.0000000000e+00
1.6779000000e-03	1.6779000000e-03	0.0000000000e+00
1.6488000000e-03	1.6488000000e-03	0.0000000000e+00
1.5000000000e-03	1.5000000000e-03	0.0000000000e+00
1.4384000000e-03	1.4384000000e-03	0.0000000000e+00
1.3646000000e-03	1.3646000000e-03	0.0000000000e+00
1.3299000000e-03	1.3299000000e-03	0.0000000000e+00
1.2134000000e-03	1.2134000000e-03	0.0000000000e+00
1.1525000000e-03	1.1525000000e-03	0.0000000000e+00
1.0773000000e-03	1.0773000000e-03	0.0000000000e+00
1.0173000000e-03	1.0173000000e-03	0.0000000000e+00
9.6061000000e-04	9.6061000000e-04	0.0000000000e+00
9.0637000000e-04	9.0637000000e-04	0.0000000000e+00
8.5447000000e-04	8.5447000000e-04	0.0000000000e+00
8.0545000000e-04	8.0545000000e-04	0.0000000000e+00
7.5901000000e-04	7.5901000000e-04	0.0000000000e+00
7.1509000000e-04	7.1509000000e-04	0.0000000000e+00
6.7372000000e-04	6.7372000000e-04	0.0000000000e+00
6.3487000000e-04	6.3487000000e-04	0.0000000000e+00
5.9844000000e-04	5.9844000000e-04	0.0000000000e+00
5.6437000000e-04	5.6437000000e-04	0.0000000000e+00
5.3256000000e-04	5.3256000000e-04	0.0000000000e+00
5.0292000000e-04	5.0292000000e-04	0.0000000000e+00
4.7535000000e-04	4.7535000000e-04	0.0000000000e+00
4.4974000000e-04	4.4974000000e-04	0.0000000000e+00
4.2601000000e-04	4.2601000000e-04	0.0000000000e+00
4.0406000000e-04	4.0405000000e-04	1.0748400142e-05
3.8378000000e-04	3.8378000000e-04	0.0000000000e+00
3.6509000000e-04	3.6509000000e-04	0.0000000000e+00
3.4790000000e-04	3.4790000000e-04	0.0000000000e+00
3.3213000000e-04	3.3213000000e-04	0.0000000000e+00
3.1770000000e-04	3.1770000000e-04	0.0000000000e+00
3.0453000000e-04	3.0453000000e-04	0.0000000000e+00
2.9255000000e-04	2.9255000000e-04	0.0000000000e+00
5.1212000000e-08	5.1212000000e-08	0.0000000000e+00
6.2044000000e-08	6.2044000000e-08	0.0000000000e+00
7.3894000000e-08	7.3894000000e-08	0.0000000000e+00
8.6946000000e-08	8.6946000000e-08	0.0000000000e+00
1.0096000000e-07	1.0096000000e-07	0.0000000000e+00
1.1574000000e-07	1.1574000000e-07	0.0000000000e+00
1.3023000000e-07	1.3023000000e-07	0.0000000000e+00
1.4327000000e-07	1.4327000000e-07	0.0000000000e+00
1.5279000000e-07	1.5279000000e-07	0.0000000000e+00
1.6369000000e-07	1.6369000000e-07	0.0000000000e+00
1.7246000000e-07	1.7246000000e-07	0.0000000000e+00
1.7310000000e-07	1.7310000000e-07	0.0000000000e+00
1.6950000000e-07	1.6950000000e-07	0.0000000000e+00
1.6641000000e-07	1.6641000000e-07	0.0000000000e+00
1.6072000000e-07	1.6072000000e-07	0.0000000000e+00
1.7913000000e-07	1.7913000000e-07	0.0000000000e+00
2.6591000000e-07	2.6591000000e-07	0.0000000000e+00
6.2818000000e-08	6.2818000000e-08	0.0000000000e+00
6.9441000000e-08	6.9441000000e-08	0.0000000000e+00
1.1722000000e-07	1.1722000000e-07	0.0000000000e+00
1.2321000000e-07	1.2321000000e-07	0.0000000000e+00
5.1809000000e-08	5.1809000000e-08	0.0000000000e+00
2.5346000000e-09	2.5346000000e-09	0.0000000000e+00
1.0465000000e-10	1.0465000000e-10	0.0000000000e+00
5.6918000000e-07	5.6918000000e-07	0.0000000000e+00
2.7562000000e-06	2.7562000000e-06	0.0000000000e+00
5.0446000000e-06	5.0446000000e-06	0.0000000000e+00
1.6275000000e-05	1.6275000000e-05	0.0000000000e+00
1.6889000000e-05	1.6889000000e-05	0.0000000000e+00
2.4679000000e-05	2.4679000000e-05	0.0000000000e+00
2.8346000000e-05	2.8346000000e-05	0.0000000000e+00
3.4319000000e-05	3.4319000000e-05	0.0000000000e+00
4.8312000000e-05	4.8312000000e-05	0.0000000000e+00
6.1502000000e-05	6.1502000000e-05	0.0000000000e+00
8.4298000000e-05	8.4298000000e-05	0.0000000000e+00
1.0904000000e-04	1.0904000000e-04	0.0000000000e+00
1.3889000000e-04	1.3889000000e-04	0.0000000000e+00
1.9667000000e-04	1.9667000000e-04	0.0000000000e+00
2.4505000000e-04	2.4505000000e-04	0.0000000000e+00
3.0659000000e-04	3.0659000000e-04	0.0000000000e+00
3.7626000000e-04	3.7626000000e-04	0.0000000000e+00
4.3476000000e-04	4.3476000000e-04	0.0000000000e+00
5.3229000000e-04	5.3229000000e-04	0.0000000000e+00
6.4352000000e-04	6.4352000000e-04	0.0000000000e+00
7.2938000000e-04	7.2938000000e-04	0.0000000000e+00
8.3309000000e-04	8.3309000000e-04	0.0000000000e+00
9.4030000000e-04	9.4030000000e-04	0.0000000000e+00
1.0568000000e-03	1.0568000000e-03	0.0000000000e+00
1.1680000000e-03	1.1680000000e-03	0.0000000000e+00
1.2781000000e-03	1.2781000000e-03	0.0000000000e+00
1.3900000000e-03	1.3900000000e-03	0.0000000000e+00
1.4914000000e-03	1.4914000000e-03	0.0000000000e+00
1.5826000000e-03	1.5826000000e-03	0.0000000000e+00
1.6854000000e-03	1.6854000000e-03	0.0000000000e+00
1.8618000000e-03	1.8618000000e-03	0.0000000000e+00
1.8724000000e-03	1.8724000000e-03	0.0000000000e+00
1.9745000000e-03	1.9745000000e-03	0.0000000000e+00
2.0913000000e-03	2.0913000000e-03	0.0000000000e+00
2.1489000000e-03	2.1489000000e-03	0.0000000000e+00
2.1268000000e-03	2.1268000000e-03	0.0000000000e+00
2.3124000000e-03	2.3124000000e-03	0.0000000000e+00
1.9809000000e-03	1.9809000000e-03	0.0000000000e+00
1.9387000000e-03	1.9387000000e-03	0.0000000000e+00
1.9052000000e-03	1.9052000000e-03	0.0000000000e+00
1.8796000000e-03	1.8796000000e-03	0.0000000000e+00
1.8449000000e-03	1.8449000000e-03	0.0000000000e+00
1.9152000000e-03	1.9152000000e-03	0.0000000000e+00
1.7843000000e-03	1.7843000000e-03	0.0000000000e+00
1.7712000000e-03	1.7712000000e-03	0.0000000000e+00
1.7279000000e-03	1.7279000000e-03	0.0000000000e+00
1.5818000000e-03	1.5818000000e-03	0.0000000000e+00
1.4884000000e-03	1.4884000000e-03	0.0000000000e+00
1.4964000000e-03	1.4964000000e-03	0.0000000000e+00
1.3818000000e-03	1.3818000000e-03	0.0000000000e+00
1.2973000000e-03	1.2973000000e-03	0.0000000000e+00
1.2343000000e-03	1.2343000000e-03	0.0000000000e+00
1.1676000000e-03	1.1676000000e-03	0.0000000000e+00
1.0897000000e-03	1.0897000000e-03	0.0000000000e+00
1.0325000000e-03	1.0325000000e-03	0.0000000000e+00
9.7734000000e-04	9.7734000000e-04	0.0000000000e+00
9.2448000000e-04	9.2448000000e-04	0.0000000000e+00
8.7398000000e-04	8.7398000000e-04	0.0000000000e+00
8.2590000000e-04	8.2590000000e-04	0.0000000000e+00
7.8028000000e-04	7.8028000000e-04	0.0000000000e+00
7.3712000000e-04	7.3712000000e-04	0.0000000000e+00
6.9639000000e-04	6.9639000000e-04	0.0000000000e+00
6.5805000000e-04	6.5805000000e-04	0.0000000000e+00
6.2205000000e-04	6.2205000000e-04	0.0000000000e+00
5.8831000000e-04	5.8831000000e-04	0.0000000000e+00
5.5676000000e-04	5.5676000000e-04	0.0000000000e+00
5.2732000000e-04	5.2732000000e-04	0.0000000000e+00
4.9990000000e-04	4.9990000000e-04	0.0000000000e+00
4.7441000000e-04	4.7441000000e-04	0.0000000000e+00
4.5076000000e-04	4.5076000000e-04	0.0000000000e+00
4.2886000000e-04	4.2886000000e-04	0.0000000000e+00
4.0864000000e-04	4.0864000000e-04	0.0000000000e+00
3.9000000000e-04	3.9000000000e-04	0.0000000000e+00
3.7287000000e-04	3.7287000000e-04	0.0000000000e+00
3.5716000000e-04	3.5716000000e-04	0.0000000000e+00
3.4281000000e-04	3.4281000000e-04	0.0000000000e+00
3.2974000000e-04	3.2974000000e-04	0.0000000000e+00
5.5602000000e-08	5.5602000000e-08	0.0000000000e+00
6.7414000000e-08	6.7414000000e-08	0.0000000000e+00
8.0562000000e-08	8.0562000000e-08	0.0000000000e+00
9.5202000000e-08	9.5202000000e-08	0.0000000000e+00
1.1140000000e-07	1.1140000000e-07	0.0000000000e+00
1.2883000000e-07	1.2883000000e-07	0.0000000000e+00
1.4716000000e-07	1.4716000000e-07	0.0000000000e+00
1.6523000000e-07	1.6523000000e-07	0.0000000000e+00
1.8209000000e-07	1.8209000000e-07	0.0000000000e+00
1.9584000000e-07	1.9584000000e-07	0.0000000000e+00
2.1398000000e-07	2.1398000000e-07	0.0000000000e+00
2.3378000000e-07	2.3378000000e-07	0.0000000000e+00
2.5288000000e-07	2.5288000000e-07	0.0000000000e+00
2.7735000000e-07	2.7735000000e-07	0.0000000000e+00
3.2775000000e-07	3.2775000000e-07	0.0000000000e+00
4.6516000000e-07	4.6516000000e-07	0.0000000000e+00
6.8273000000e-07	6.8273000000e-07	0.0000000000e+00
2.1584000000e-07	2.1584000000e-07	0.0000000000e+00
7.4149000000e-07	7.4149000000e-07	0.0000000000e+00
3.0373000000e-07	3.0373000000e-07	0.0000000000e+00
2.0687000000e-07	2.0687000000e-07	0.0000000000e+00
7.5954000000e-08	7.5954000000e-08	0.0000000000e+00
4.1742000000e-09	4.1742000000e-09	0.0000000000e+00
1.2956000000e-11	1.2956000000e-11	0.0000000000e+00
1.9337000000e-09	1.9337000000e-09	0.0000000000e+00
1.7746000000e-06	1.7746000000e-06	0.0000000000e+00
3.6339000000e-06	3.6339000000e-06	0.0000000000e+00
1.1483000000e-05	1.1483000000e-05	0.0000000000e+00
2.2532000000e-05	2.2532000000e-05	0.0000000000e+00
2.6654000000e-05	2.6654000000e-05	0.0000000000e+00
3.2194000000e-05	3.2194000000e-05	0.0000000000e+00
3.4372000000e-05	3.4372000000e-05	0.0000000000e+00
4.4869000000e-05	4.4869000000e-05	0.0000000000e+00
6.0127000000e-05	6.0127000000e-05	0.0000000000e+00
8.1147000000e-05	8.1147000000e-05	0.0000000000e+00
1.0266000000e-04	1.0266000000e-04	0.0000000000e+00
1.2486000000e-04	1.2486000000e-04	0.0000000000e+00
1.6031000000e-04	1.6031000000e-04	0.0000000000e+00
2.3447000000e-04	2.3447000000e-04	0.0000000000e+00
2.8934000000e-04	2.8934000000e-04	0.0000000000e+00
3.5220000000e-04	3.5220000000e-04	0.0000000000e+00
4.2304000000e-04	4.2304000000e-04	0.0000000000e+00
4.9696000000e-04	4.9696000000e-04	0.0000000000e+00
6.0303000000e-04	6.0303000000e-04	0.0000000000e+00
6.8230000000e-04	6.8230000000e-04	0.0000000000e+00
7.7387000000e-04	7.7387000000e-04	0.0000000000e+00
8.7464000000e-04	8.7464000000e-04	0.0000000000e+00
9.8774000000e-04	9.8774000000e-04	0.0000000000e+00
1.0921000000e-03	1.0921000000e-03	0.0000000000e+00
1.2011000000e-03	1.2011000000e-03	0.0000000000e+00
1.3000000000e-03	1.3000000000e-03	0.0000000000e+00
1.4047000000e-03	1.4047000000e-03	0.0000000000e+00
1.5050000000e-03	1.5050000000e-03	0.0000000000e+00
1.6606000000e-03	1.6606000000e-03	0.0000000000e+00
1.8136000000e-03	1.8136000000e-03	0.0000000000e+00
1.8515000000e-03	1.8515000000e-03	0.0000000000e+00
1.8860000000e-03	1.8860000000e-03	0.0000000000e+00
1.9286000000e-03	1.9286000000e-03	0.0000000000e+00
1.9914000000e-03	1.9914000000e-03	0.0000000000e+00
2.1024000000e-03	2.1024000000e-03	0.0000000000e+00
1.9767000000e-03	1.9767000000e-03	0.0000000000e+00
1.9773000000e-03	1.9773000000e-03	0.0000000000e+00
1.9073000000e-03	1.9073000000e-03	0.0000000000e+00
1.8828000000e-03	1.8828000000e-03	0.0000000000e+00
1.8661000000e-03	1.8661000000e-03	0.0000000000e+00
1.8517000000e-03	1.8517000000e-03	0.0000000000e+00
1.9232000000e-03	1.9232000000e-03	0.0000000000e+00
1.9205000000e-03	1.9205000000e-03	0.0000000000e+00
1.7918000000e-03	1.7918000000e-03	0.0000000000e+00
1.7202000000e-03	1.7202000000e-03	0.0000000000e+00
1.6109000000e-03	1.6109000000e-03	0.0000000000e+00
1.5595000000e-03	1.5595000000e-03	0.0000000000e+00
1.4686000000e-03	1.4686000000e-03	0.0000000000e+00
1.4293000000e-03	1.4293000000e-03	0.0000000000e+00
1.3666000000e-03	1.3666000000e-03	0.0000000000e+00
1.3333000000e-03	1.3333000000e-03	0.0000000000e+00
1.2198000000e-03	1.2198000000e-03	0.0000000000e+00
1.1678000000e-03	1.1678000000e-03	0.0000000000e+00
1.1039000000e-03	1.1039000000e-03	0.0000000000e+00
1.0484000000e-03	1.0484000000e-03	0.0000000000e+00
9.9482000000e-04	9.9482000000e-04	0.0000000000e+00
9.4336000000e-04	9.4336000000e-04	0.0000000000e+00
8.9409000000e-04	8.9409000000e-04	0.0000000000e+00
8.4710000000e-04	8.4710000000e-04	0.0000000000e+00
8.0242000000e-04	8.0242000000e-04	0.0000000000e+00
7.6006000000e-04	7.6006000000e-04	0.0000000000e+00
7.2002000000e-04	7.2002000000e-04	0.0000000000e+00
6.8226000000e-04	6.8226000000e-04	0.0000000000e+00
6.4675000000e-04	6.4675000000e-04	0.0000000000e+00
6.1342000000e-04	6.1342000000e-04	0.0000000000e+00
5.8221000000e-04	5.8221000000e-04	0.0000000000e+00
5.5304000000e-04	5.5304000000e-04	0.0000000000e+00
5.2586000000e-04	5.2586000000e-04	0.0000000000e+00
5.0057000000e-04	5.0057000000e-04	0.0000000000e+00
4.7709000000e-04	4.7709000000e-04	0.0000000000e+00
4.5536000000e-04	4.5536000000e-04	0.0000000000e+00
4.3529000000e-04	4.3529000000e-04	0.0000000000e+00
4.1681000000e-04	4.1681000000e-04	0.0000000000e+00
3.9983000000e-04	3.9983000000e-04	0.0000000000e+00
3.8430000000e-04	3.8430000000e-04	0.0000000000e+00
3.7014000000e-04	3.7014000000e-04	0.0000000000e+00
6.0322000000e-08	6.0322000000e-08	0.0000000000e+00
7.3295000000e-08	7.3295000000e-08	0.0000000000e+00
8.7792000000e-08	8.7792000000e-08	0.0000000000e+00
1.0431000000e-07	1.0431000000e-07	0.0000000000e+00
1.2293000000e-07	1.2293000000e-07	0.0000000000e+00
1.4364000000e-07	1.4364000000e-07	0.0000000000e+00
1.6636000000e-07	1.6636000000e-07	0.0000000000e+00
1.9084000000e-07	1.9084000000e-07	0.0000000000e+00
2.1654000000e-07	2.1654000000e-07	0.0000000000e+00
2.4333000000e-07	2.4333000000e-07	0.0000000000e+00
2.7153000000e-07	2.7153000000e-07	0.0000000000e+00
3.0295000000e-07	3.0295000000e-07	0.0000000000e+00
3.5253000000e-07	3.5253000000e-07	0.0000000000e+00
4.2049000000e-07	4.2049000000e-07	0.0000000000e+00
5.2728000000e-07	5.2728000000e-07	0.0000000000e+00
7.1172000000e-07	7.1172000000e-07	0.0000000000e+00
1.2943000000e-06	1.2943000000e-06	0.0000000000e+00
1.3839000000e-06	1.3839000000e-06	0.0000000000e+00
6.0910000000e-07	6.0910000000e-07	0.0000000000e+00
6.0569000000e-08	6.0569000000e-08	0.0000000000e+00
8.7921000000e-08	8.7921000000e-08	0.0000000000e+00
6.9975000000e-08	6.9975000000e-08	0.0000000000e+00
1.4739000000e-08	1.4739000000e-08	0.0000000000e+00
5.9008000000e-11	5.9008000000e-11	0.0000000000e+00
2.3230000000e-07	2.3230000000e-07	0.0000000000e+00
5.7466000000e-07	5.7466000000e-07	0.0000000000e+00
3.8277000000e-06	3.8277000000e-06	0.0000000000e+00
1.2293000000e-05	1.2293000000e-05	0.0000000000e+00
1.7050000000e-05	1.7050000000e-05	0.0000000000e+00
3.0244000000e-05	3.0244000000e-05	0.0000000000e+00
2.7928000000e-05	2.7928000000e-05	0.0000000000e+00
3.9051000000e-05	3.9051000000e-05	0.0000000000e+00
4.8138000000e-05	4.8138000000e-05	0.0000000000e+00
6.3107000000e-05	6.3107000000e-05	0.0000000000e+00
7.4318000000e-05	7.4318000000e-05	0.0000000000e+00
9.6963000000e-05	9.6963000000e-05	0.0000000000e+00
1.2727000000e-04	1.2727000000e-04	0.0000000000e+00
1.6972000000e-04	1.6972000000e-04	0.0000000000e+00
2.2125000000e-04	2.2125000000e-04	0.0000000000e+00
2.7029000000e-04	2.7029000000e-04	0.0000000000e+00
3.2925000000e-04	3.2925000000e-04	0.0000000000e+00
3.9098000000e-04	3.9098000000e-04	0.0000000000e+00
4.6274000000e-04	4.6274000000e-04	0.0000000000e+00
5.4108000000e-04	5.4108000000e-04	0.0000000000e+00
6.4412000000e-04	6.4412000000e-04	0.0000000000e+00
7.1948000000e-04	7.1948000000e-04	0.0000000000e+00
8.1873000000e-04	8.1873000000e-04	0.0000000000e+00
9.2408000000e-04	9.2408000000e-04	0.0000000000e+00
1.0210000000e-03	1.0210000000e-03	0.0000000000e+00
1.1239000000e-03	1.1239000000e-03	0.0000000000e+00
1.2223000000e-03	1.2223000000e-03	0.0000000000e+00
1.3184000000e-03	1.3184000000e-03	0.0000000000e+00
1.4246000000e-03	1.4246000000e-03	0.0000000000e+00
1.5119000000e-03	1.5119000000e-03	0.0000000000e+00
1.6747000000e-03	1.6747000000e-03	0.0000000000e+00
1.7248000000e-03	1.7248000000e-03	0.0000000000e+00
1.8353000000e-03	1.8353000000e-03	0.0000000000e+00
2.0005000000e-03	2.0005000000e-03	0.0000000000e+00
1.8725000000e-03	1.8725000000e-03	0.0000000000e+00
1.9291000000e-03	1.9291000000e-03	0.0000000000e+00
1.9053000000e-03	1.9053000000e-03	0.0000000000e+00
1.9388000000e-03	1.9388000000e-03	0.0000000000e+00
1.9030000000e-03	1.9030000000e-03	0.0000000000e+00
1.8820000000e-03	1.8820000000e-03	0.0000000000e+00
1.8742000000e-03	1.8742000000e-03	0.0000000000e+00
1.9776000000e-03	1.9776000000e-03	0.0000000000e+00
1.9136000000e-03	1.9136000000e-03	0.0000000000e+00
1.9016000000e-03	1.9016000000e-03	0.0000000000e+00
1.8016000000e-03	1.8016000000e-03	0.0000000000e+00
1.8245000000e-03	1.8245000000e-03	0.0000000000e+00
1.7289000000e-03	1.7289000000e-03	0.0000000000e+00
1.6080000000e-03	1.6080000000e-03	0.0000000000e+00
1.6077000000e-03	1.6077000000e-03	0.0000000000e+00
1.4765000000e-03	1.4765000000e-03	0.0000000000e+00
1.4077000000e-03	1.4077000000e-03	0.0000000000e+00
1.3469000000e-03	1.3469000000e-03	0.0000000000e+00
1.2885000000e-03	1.2885000000e-03	0.0000000000e+00
1.2309000000e-03	1.2309000000e-03	0.0000000000e+00
1.1742000000e-03	1.1742000000e-03	0.0000000000e+00
1.1188000000e-03	1.1188000000e-03	0.0000000000e+00
1.0651000000e-03	1.0651000000e-03	0.0000000000e+00
1.0131000000e-03	1.0131000000e-03	0.0000000000e+00
9.6302000000e-04	9.6302000000e-04	0.0000000000e+00
9.1502000000e-04	9.1502000000e-04	0.0000000000e+00
8.6915000000e-04	8.6915000000e-04	0.0000000000e+00
8.2545000000e-04	8.2545000000e-04	0.0000000000e+00
7.8396000000e-04	7.8396000000e-04	0.0000000000e+00
7.4467000000e-04	7.4467000000e-04	0.0000000000e+00
7.0757000000e-04	7.0757000000e-04	0.0000000000e+00
6.7262000000e-04	6.7262000000e-04	0.0000000000e+00
6.3978000000e-04	6.3978000000e-04	0.0000000000e+00
6.0900000000e-04	6.0900000000e-04	0.0000000000e+00
5.8021000000e-04	5.8021000000e-04	0.0000000000e+00
5.5336000000e-04	5.5336000000e-04	0.0000000000e+00
5.2837000000e-04	5.2837000000e-04	0.0000000000e+00
5.0518000000e-04	5.0518000000e-04	0.0000000000e+00
4.8372000000e-04	4.8372000000e-04	0.0000000000e+00
4.6392000000e-04	4.6392000000e-04	0.0000000000e+00
4.4571000000e-04	4.4571000000e-04	0.0000000000e+00
4.2902000000e-04	4.2902000000e-04	0.0000000000e+00
4.1379000000e-04	4.1379000000e-04	0.0000000000e+00
6.5337000000e-08	6.5337000000e-08	0.0000000000e+00
7.9420000000e-08	7.9420000000e-08	0.0000000000e+00
9.5471000000e-08	9.5471000000e-08	0.0000000000e+00
1.1393000000e-07	1.1393000000e-07	0.0000000000e+00
1.3524000000e-07	1.3524000000e-07	0.0000000000e+00
1.5953000000e-07	1.5953000000e-07	0.0000000000e+00
1.8722000000e-07	1.8722000000e-07	0.0000000000e+00
2.1851000000e-07	2.1851000000e-07	0.0000000000e+00
2.5403000000e-07	2.5403000000e-07	0.0000000000e+00
2.9467000000e-07	2.9467000000e-07	0.0000000000e+00
3.4281000000e-07	3.4281000000e-07	0.0000000000e+00
4.0206000000e-07	4.0206000000e-07	0.0000000000e+00
4.7682000000e-07	4.7682000000e-07	0.0000000000e+00
5.7141000000e-07	5.7141000000e-07	0.0000000000e+00
6.9196000000e-07	6.9196000000e-07	0.0000000000e+00
8.0814000000e-07	8.0814000000e-07	0.0000000000e+00
7.0909000000e-07	7.0909000000e-07	0.0000000000e+00
2.6293000000e-07	2.6293000000e-07	0.0000000000e+00
7.3416000000e-08	7.3416000000e-08	0.0000000000e+00
3.8126000000e-08	3.8126000000e-08	0.0000000000e+00
1.9482000000e-08	1.9482000000e-08	0.0000000000e+00
1.1844000000e-08	1.1844000000e-08	0.0000000000e+00
2.8088000000e-10	2.8088000000e-10	0.0000000000e+00
1.4570000000e-08	1.4570000000e-08	0.0000000000e+00
8.7776000000e-08	8.7776000000e-08	0.0000000000e+00
1.0541000000e-06	1.0541000000e-06	0.0000000000e+00
5.5158000000e-06	5.5158000000e-06	0.0000000000e+00
1.2083000000e-05	1.2083000000e-05	0.0000000000e+00
1.5014000000e-05	1.5014000000e-05	0.0000000000e+00
2.3778000000e-05	2.3778000000e-05	0.0000000000e+00
3.6758000000e-05	3.6758000000e-05	0.0000000000e+00
3.7590000000e-05	3.7590000000e-05	0.0000000000e+00
4.8000000000e-05	4.8000000000e-05	0.0000000000e+00
6.6569000000e-05	6.6569000000e-05	0.0000000000e+00
7.5546000000e-05	7.5546000000e-05	0.0000000000e+00
9.5723000000e-05	9.5723000000e-05	0.0000000000e+00
1.2989000000e-04	1.2989000000e-04	0.0000000000e+00
1.5575000000e-04	1.5575000000e-04	0.0000000000e+00
2.0488000000e-04	2.0488000000e-04	0.0000000000e+00
2.6341000000e-04	2.6341000000e-04	0.0000000000e+00
3.0641000000e-04	3.0641000000e-04	0.0000000000e+00
3.6608000000e-04	3.6608000000e-04	0.0000000000e+00
4.2848000000e-04	4.2848000000e-04	0.0000000000e+00
5.0315000000e-04	5.0315000000e-04	0.0000000000e+00
5.9817000000e-04	5.9817000000e-04	0.0000000000e+00
6.7442000000e-04	6.7442000000e-04	0.0000000000e+00
7.6024000000e-04	7.6024000000e-04	0.0000000000e+00
8.5856000000e-04	8.5855000000e-04	5.0584351836e-06
9.5832000000e-04	9.5832000000e-04	0.0000000000e+00
1.0551000000e-03	1.0551000000e-03	0.0000000000e+00
1.1517000000e-03	1.1517000000e-03	0.0000000000e+00
1.2468000000e-03	1.2468000000e-03	0.0000000000e+00
1.3392000000e-03	1.3392000000e-03	0.0000000000e+00
1.4273000000e-03	1.4273000000e-03	0.0000000000e+00
1.5100000000e-03	1.5100000000e-03	0.0000000000e+00
1.5952000000e-03	1.5952000000e-03	0.0000000000e+00
1.6747000000e-03	1.6747000000e-03	0.0000000000e+00
1.7344000000e-03	1.7344000000e-03	0.0000000000e+00
1.7797000000e-03	1.7797000000e-03	0.0000000000e+00
1.8102000000e-03	1.8102000000e-03	0.0000000000e+00
1.8379000000e-03	1.8379000000e-03	0.0000000000e+00
1.8739000000e-03	1.8739000000e-03	0.0000000000e+00
1.8727000000e-03	1.8727000000e-03	0.0000000000e+00
1.8743000000e-03	1.8743000000e-03	0.0000000000e+00
2.0299000000e-03	2.0299000000e-03	0.0000000000e+00
1.9689000000e-03	1.9689000000e-03	0.0000000000e+00
1.8997000000e-03	1.8997000000e-03	0.0000000000e+00
1.8751000000e-03	1.8751000000e-03	0.0000000000e+00
1.9035000000e-03	1.9035000000e-03	0.0000000000e+00
1.8700000000e-03	1.8700000000e-03	0.0000000000e+00
1.8963000000e-03	1.8963000000e-03	0.0000000000e+00
1.6752000000e-03	1.6752000000e-03	0.0000000000e+00
1.5993000000e-03	1.5993000000e-03	0.0000000000e+00
1.5259000000e-03	1.5259000000e-03	0.0000000000e+00
1.4690000000e-03	1.4690000000e-03	0.0000000000e+00
1.4106000000e-03	1.4106000000e-03	0.0000000000e+00
1.3543000000e-03	1.3543000000e-03	0.0000000000e+00
1.2983000000e-03	1.2983000000e-03	0.0000000000e+00
1.2427000000e-03	1.2427000000e-03	0.0000000000e+00
1.1880000000e-03	1.1880000000e-03	0.0000000000e+00
1.1346000000e-03	1.1346000000e-03	0.0000000000e+00
1.0825000000e-03	1.0825000000e-03	0.0000000000e+00
1.0321000000e-03	1.0321000000e-03	0.0000000000e+00
9.8351000000e-04	9.8351000000e-04	0.0000000000e+00
9.3681000000e-04	9.3681000000e-04	0.0000000000e+00
8.9210000000e-04	8.9210000000e-04	0.0000000000e+00
8.4946000000e-04	8.4946000000e-04	0.0000000000e+00
8.0890000000e-04	8.0890000000e-04	0.0000000000e+00
7.7044000000e-04	7.7044000000e-04	0.0000000000e+00
7.3407000000e-04	7.3407000000e-04	0.0000000000e+00
6.9977000000e-04	6.9977000000e-04	0.0000000000e+00
6.6752000000e-04	6.6752000000e-04	0.0000000000e+00
6.3727000000e-04	6.3727000000e-04	0.0000000000e+00
6.0897000000e-04	6.0897000000e-04	0.0000000000e+00
5.8256000000e-04	5.8256000000e-04	0.0000000000e+00
5.5800000000e-04	5.5800000000e-04	0.0000000000e+00
5.3522000000e-04	5.3522000000e-04	0.0000000000e+00
5.1416000000e-04	5.1416000000e-04	0.0000000000e+00
4.9476000000e-04	4.9476000000e-04	0.0000000000e+00
4.7695000000e-04	4.7695000000e-04	0.0000000000e+00
4.6069000000e-04	4.6069000000e-04	0.0000000000e+00
7.0546000000e-08	7.0546000000e-08	0.0000000000e+00
8.5841000000e-08	8.5841000000e-08	0.0000000000e+00
1.0346000000e-07	1.0346000000e-07	0.0000000000e+00
1.2395000000e-07	1.2395000000e-07	0.0000000000e+00
1.4782000000e-07	1.4782000000e-07	0.0000000000e+00
1.7578000000e-07	1.7578000000e-07	0.0000000000e+00
2.0851000000e-07	2.0851000000e-07	0.0000000000e+00
2.4681000000e-07	2.4681000000e-07	0.0000000000e+00
2.9179000000e-07	2.9179000000e-07	0.0000000000e+00
3.4557000000e-07	3.4557000000e-07	0.0000000000e+00
4.1167000000e-07	4.1167000000e-07	0.0000000000e+00
4.9459000000e-07	4.9459000000e-07	0.0000000000e+00
5.9731000000e-07	5.9731000000e-07	0.0000000000e+00
7.1600000000e-07	7.1600000000e-07	0.0000000000e+00
8.2673000000e-07	8.2673000000e-07	0.0000000000e+00
8.3201000000e-07	8.3201000000e-07	0.0000000000e+00
5.3994000000e-07	5.3994000000e-07	0.0000000000e+00
1.9999000000e-07	1.9999000000e-07	0.0000000000e+00
2.7063000000e-08	2.7063000000e-08	0.0000000000e+00
7.1267000000e-10	7.1267000000e-10	0.0000000000e+00
1.7578000000e-10	1.7578000000e-10	0.0000000000e+00
1.7541000000e-09	1.7541000000e-09	0.0000000000e+00
3.1885000000e-08	3.1885000000e-08	0.0000000000e+00
1.8247000000e-11	1.8247000000e-11	0.0000000000e+00
1.2082000000e-07	1.2082000000e-07	0.0000000000e+00
2.6726000000e-06	2.6726000000e-06	0.0000000000e+00
8.7952000000e-06	8.7952000000e-06	0.0000000000e+00
1.4391000000e-05	1.4391000000e-05	0.0000000000e+00
1.4936000000e-05	1.4936000000e-05	0.0000000000e+00
1.9504000000e-05	1.9504000000e-05	0.0000000000e+00
2.5400000000e-05	2.5400000000e-05	0.0000000000e+00
4.4734000000e-05	4.4734000000e-05	0.0000000000e+00
4.9633000000e-05	4.9633000000e-05	0.0000000000e+00
6.7529000000e-05	6.7529000000e-05	0.0000000000e+00
7.5924000000e-05	7.5924000000e-05	0.0000000000e+00
8.9763000000e-05	8.9763000000e-05	0.0000000000e+00
1.2051000000e-04	1.2051000000e-04	0.0000000000e+00
1.5265000000e-04	1.5265000000e-04	0.0000000000e+00
1.9052000000e-04	1.9052000000e-04	0.0000000000e+00
2.3435000000e-04	2.3435000000e-04	0.0000000000e+00
2.9288000000e-04	2.9288000000e-04	0.0000000000e+00
3.3778000000e-04	3.3778000000e-04	0.0000000000e+00
3.9694000000e-04	3.9694000000e-04	0.0000000000e+00
4.6709000000e-04	4.6709000000e-04	0.0000000000e+00
5.4790000000e-04	5.4790000000e-04	0.0000000000e+00
6.3199000000e-04	6.3199000000e-04	0.0000000000e+00
7.1619000000e-04	7.1619000000e-04	0.0000000000e+00
8.0464000000e-04	8.0464000000e-04	0.0000000000e+00
8.9647000000e-04	8.9647000000e-04	0.0000000000e+00
9.8943000000e-04	9.8943000000e-04	0.0000000000e+00
1.0834000000e-03	1.0834000000e-03	0.0000000000e+00
1.1767000000e-03	1.1767000000e-03	0.0000000000e+00
1.2684000000e-03	1.2684000000e-03	0.0000000000e+00
1.3570000000e-03	1.3570000000e-03	0.0000000000e+00
1.4411000000e-03	1.4411000000e-03	0.0000000000e+00
1.5197000000e-03	1.5197000000e-03	0.0000000000e+00
1.5917000000e-03	1.5917000000e-03	0.0000000000e+00
1.6559000000e-03	1.6559000000e-03	0.0000000000e+00
1.7119000000e-03	1.7119000000e-03	0.0000000000e+00
1.7590000000e-03	1.7590000000e-03	0.0000000000e+00
1.7997000000e-03	1.7997000000e-03	0.0000000000e+00
1.8313000000e-03	1.8313000000e-03	0.0000000000e+00
1.8537000000e-03	1.8537000000e-03	0.0000000000e+00
1.8617000000e-03	1.8617000000e-03	0.0000000000e+00
1.9533000000e-03	1.9533000000e-03	0.0000000000e+00
1.9725000000e-03	1.9725000000e-03	0.0000000000e+00
1.9158000000e-03	1.9158000000e-03	0.0000000000e+00
1.8405000000e-03	1.8405000000e-03	0.0000000000e+00
1.8216000000e-03	1.8216000000e-03	0.0000000000e+00
1.8101000000e-03	1.8101000000e-03	0.0000000000e+00
1.9659000000e-03	1.9659000000e-03	0.0000000000e+00
1.9316000000e-03	1.9316000000e-03	0.0000000000e+00
1.7504000000e-03	1.7504000000e-03	0.0000000000e+00
1.6652000000e-03	1.6652000000e-03	0.0000000000e+00
1.5580000000e-03	1.5580000000e-03	0.0000000000e+00
1.4725000000e-03	1.4725000000e-03	0.0000000000e+00
1.4180000000e-03	1.4180000000e-03	0.0000000000e+00
1.3626000000e-03	1.3626000000e-03	0.0000000000e+00
1.3088000000e-03	1.3088000000e-03	0.0000000000e+00
1.2554000000e-03	1.2554000000e-03	0.0000000000e+00
1.2027000000e-03	1.2027000000e-03	0.0000000000e+00
1.1511000000e-03	1.1511000000e-03	0.0000000000e+00
1.1008000000e-03	1.1008000000e-03	0.0000000000e+00
1.0520000000e-03	1.0520000000e-03	0.0000000000e+00
1.0049000000e-03	1.0049000000e-03	0.0000000000e+00
9.5951000000e-04	9.5951000000e-04	0.0000000000e+00
9.1603000000e-04	9.1603000000e-04	0.0000000000e+00
8.7450000000e-04	8.7450000000e-04	0.0000000000e+00
8.3494000000e-04	8.3494000000e-04	0.0000000000e+00
7.9740000000e-04	7.9740000000e-04	0.0000000000e+00
7.6186000000e-04	7.6186000000e-04	0.0000000000e+00
7.2833000000e-04	7.2833000000e-04	0.0000000000e+00
6.9677000000e-04	6.9677000000e-04	0.0000000000e+00
6.6717000000e-04	6.6717000000e-04	0.0000000000e+00
6.3947000000e-04	6.3947000000e-04	0.0000000000e+00
6.1365000000e-04	6.1365000000e-04	0.0000000000e+00
5.8964000000e-04	5.8964000000e-04	0.0000000000e+00
5.6741000000e-04	5.6741000000e-04	0.0000000000e+00
5.4689000000e-04	5.4689000000e-04	0.0000000000e+00
5.2805000000e-04	5.2805000000e-04	0.0000000000e+00
5.1081000000e-04	5.1081000000e-04	0.0000000000e+00
7.5766000000e-08	7.5766000000e-08	0.0000000000e+00
9.2214000000e-08	9.2214000000e-08	0.0000000000e+00
1.1133000000e-07	1.1133000000e-07	0.0000000000e+00
1.3379000000e-07	1.3379000000e-07	0.0000000000e+00
1.6024000000e-07	1.6024000000e-07	0.0000000000e+00
1.9172000000e-07	1.9172000000e-07	0.0000000000e+00
2.2908000000e-07	2.2908000000e-07	0.0000000000e+00
2.7378000000e-07	2.7378000000e-07	0.0000000000e+00
3.2734000000e-07	3.2734000000e-07	0.0000000000e+00
3.9285000000e-07	3.9285000000e-07	0.0000000000e+00
4.7387000000e-07	4.7387000000e-07	0.0000000000e+00
5.7552000000e-07	5.7552000000e-07	0.0000000000e+00
7.0071000000e-07	7.0071000000e-07	0.0000000000e+00
8.4444000000e-07	8.4444000000e-07	0.0000000000e+00
9.8078000000e-07	9.8078000000e-07	0.0000000000e+00
1.0404000000e-06	1.0404000000e-06	0.0000000000e+00
9.6890000000e-07	9.6890000000e-07	0.0000000000e+00
6.5700000000e-07	6.5700000000e-07	0.0000000000e+00
5.1900000000e-07	5.1900000000e-07	0.0000000000e+00
1.2762000000e-07	1.2762000000e-07	0.0000000000e+00
1.7372000000e-07	1.7372000000e-07	0.0000000000e+00
7.6982000000e-08	7.6982000000e-08	0.0000000000e+00
2.2113000000e-07	2.2113000000e-07	0.0000000000e+00
1.6353000000e-08	1.6353000000e-08	0.0000000000e+00
8.8835000000e-07	8.8835000000e-07	0.0000000000e+00
3.5043000000e-06	3.5043000000e-06	0.0000000000e+00
9.6517000000e-06	9.6517000000e-06	0.0000000000e+00
1.2650000000e-05	1.2650000000e-05	0.0000000000e+00
1.4952000000e-05	1.4952000000e-05	0.0000000000e+00
1.9413000000e-05	1.9413000000e-05	0.0000000000e+00
2.4910000000e-05	2.4910000000e-05	0.0000000000e+00
3.2394000000e-05	3.2394000000e-05	0.0000000000e+00
4.8761000000e-05	4.8761000000e-05	0.0000000000e+00
6.9077000000e-05	6.9077000000e-05	0.0000000000e+00
8.2276000000e-05	8.2276000000e-05	0.0000000000e+00
1.0018000000e-04	1.0018000000e-04	0.0000000000e+00
1.1244000000e-04	1.1244000000e-04	0.0000000000e+00
1.4131000000e-04	1.4131000000e-04	0.0000000000e+00
1.8801000000e-04	1.8801000000e-04	0.0000000000e+00
2.1768000000e-04	2.1768000000e-04	0.0000000000e+00
2.6386000000e-04	2.6386000000e-04	0.0000000000e+00
3.2376000000e-04	3.2376000000e-04	0.0000000000e+00
3.7095000000e-04	3.7095000000e-04	0.0000000000e+00
4.3409000000e-04	4.3408000000e-04	1.0004825827e-05
5.0952000000e-04	5.0952000000e-04	0.0000000000e+00
5.8818000000e-04	5.8818000000e-04	0.0000000000e+00
6.6750000000e-04	6.6750000000e-04	0.0000000000e+00
7.5070000000e-04	7.5070000000e-04	0.0000000000e+00
8.3731000000e-04	8.3731000000e-04	0.0000000000e+00
9.2648000000e-04	9.2648000000e-04	0.0000000000e+00
1.0174000000e-03	1.0174000000e-03	0.0000000000e+00
1.1087000000e-03	1.1087000000e-03	0.0000000000e+00
1.1990000000e-03	1.1990000000e-03	0.0000000000e+00
1.2872000000e-03	1.2872000000e-03	0.0000000000e+00
1.3721000000e-03	1.3721000000e-03	0.0000000000e+00
1.4524000000e-03	1.4524000000e-03	0.0000000000e+00
1.5272000000e-03	1.5272000000e-03	0.0000000000e+00
1.5953000000e-03	1.5953000000e-03	0.0000000000e+00
1.6561000000e-03	1.6561000000e-03	0.0000000000e+00
1.7088000000e-03	1.7088000000e-03	0.0000000000e+00
1.7571000000e-03	1.7571000000e-03	0.0000000000e+00
1.7945000000e-03	1.7945000000e-03	0.0000000000e+00
1.8550000000e-03	1.8550000000e-03	0.0000000000e+00
1.8423000000e-03	1.8423000000e-03	0.0000000000e+00
1.9187000000e-03	1.9187000000e-03	0.0000000000e+00
1.8799000000e-03	1.8799000000e-03	0.0000000000e+00
1.8536000000e-03	1.8536000000e-03	0.0000000000e+00
1.8513000000e-03	1.8513000000e-03	0.0000000000e+00
1.8841000000e-03	1.8841000000e-03	0.0000000000e+00
1.8913000000e-03	1.8913000000e-03	0.0000000000e+00
1.8328000000e-03	1.8328000000e-03	0.0000000000e+00
2.1210000000e-03	2.1210000000e-03	0.0000000000e+00
2.1053000000e-03	2.1053000000e-03	0.0000000000e+00
1.9789000000e-03	1.9789000000e-03	0.0000000000e+00
1.7639000000e-03	1.7639000000e-03	0.0000000000e+00
1.5964000000e-03	1.5964000000e-03	0.0000000000e+00
1.4746000000e-03	1.4746000000e-03	0.0000000000e+00
1.4234000000e-03	1.4234000000e-03	0.0000000000e+00
1.3718000000e-03	1.3718000000e-03	0.0000000000e+00
1.3201000000e-03	1.3201000000e-03	0.0000000000e+00
1.2688000000e-03	1.2688000000e-03	0.0000000000e+00
1.2181000000e-03	1.2181000000e-03	0.0000000000e+00
1.1684000000e-03	1.1684000000e-03	0.0000000000e+00
1.1199000000e-03	1.1199000000e-03	0.0000000000e+00
1.0727000000e-03	1.0727000000e-03	0.0000000000e+00
1.0271000000e-03	1.0271000000e-03	0.0000000000e+00
9.8318000000e-04	9.8318000000e-04	0.0000000000e+00
9.4100000000e-04	9.4100000000e-04	0.0000000000e+00
9.0066000000e-04	9.0066000000e-04	0.0000000000e+00
8.6221000000e-04	8.6221000000e-04	0.0000000000e+00
8.2568000000e-04	8.2568000000e-04	0.0000000000e+00
7.9108000000e-04	7.9108000000e-04	0.0000000000e+00
7.5842000000e-04	7.5842000000e-04	0.0000000000e+00
7.2769000000e-04	7.2769000000e-04	0.0000000000e+00
6.9887000000e-04	6.9887000000e-04	0.0000000000e+00
6.7192000000e-04	6.7192000000e-04	0.0000000000e+00
6.4682000000e-04	6.4682000000e-04	0.0000000000e+00
6.2353000000e-04	6.2353000000e-04	0.0000000000e+00
6.0201000000e-04	6.0201000000e-04	0.0000000000e+00
5.8221000000e-04	5.8221000000e-04	0.0000000000e+00
5.6409000000e-04	5.6409000000e-04	0.0000000000e+00
8.0839000000e-08	8.0839000000e-08	0.0000000000e+00
9.8272000000e-08	9.8272000000e-08	0.0000000000e+00
1.1867000000e-07	1.1867000000e-07	0.0000000000e+00
1.4284000000e-07	1.4284000000e-07	0.0000000000e+00
1.7156000000e-07	1.7156000000e-07	0.0000000000e+00
2.0580000000e-07	2.0580000000e-07	0.0000000000e+00
2.4697000000e-07	2.4697000000e-07	0.0000000000e+00
2.9671000000e-07	2.9671000000e-07	0.0000000000e+00
3.5715000000e-07	3.5715000000e-07	0.0000000000e+00
4.3130000000e-07	4.3130000000e-07	0.0000000000e+00
5.2314000000e-07	5.2314000000e-07	0.0000000000e+00
6.3804000000e-07	6.3804000000e-07	0.0000000000e+00
7.8143000000e-07	7.8143000000e-07	0.0000000000e+00
9.5462000000e-07	9.5462000000e-07	0.0000000000e+00
1.1606000000e-06	1.1606000000e-06	0.0000000000e+00
1.4079000000e-06	1.4079000000e-06	0.0000000000e+00
1.6837000000e-06	1.6837000000e-06	0.0000000000e+00
1.3461000000e-06	1.3461000000e-06	0.0000000000e+00
9.7894000000e-07	9.7894000000e-07	0.0000000000e+00
5.1871000000e-07	5.1871000000e-07	0.0000000000e+00
6.3485000000e-07	6.3485000000e-07	0.0000000000e+00
1.2075000000e-06	1.2075000000e-06	0.0000000000e+00
7.0659000000e-07	7.0659000000e-07	0.0000000000e+00
1.7749000000e-07	1.7749000000e-07	0.0000000000e+00
1.4597000000e-06	1.4597000000e-06	0.0000000000e+00
7.3673000000e-06	7.3673000000e-06	0.0000000000e+00
1.0469000000e-05	1.0469000000e-05	0.0000000000e+00
1.1838000000e-05	1.1838000000e-05	0.0000000000e+00
1.5051000000e-05	1.5051000000e-05	0.0000000000e+00
1.9380000000e-05	1.9380000000e-05	0.0000000000e+00
2.4648000000e-05	2.4648000000e-05	0.0000000000e+00
3.1524000000e-05	3.1524000000e-05	0.0000000000e+00
4.0377000000e-05	4.0377000000e-05	0.0000000000e+00
5.2510000000e-05	5.2510000000e-05	0.0000000000e+00
6.8791000000e-05	6.8791000000e-05	0.0000000000e+00
9.4330000000e-05	9.4330000000e-05	0.0000000000e+00
1.0629000000e-04	1.0629000000e-04	0.0000000000e+00
1.3410000000e-04	1.3410000000e-04	0.0000000000e+00
1.6883000000e-04	1.6883000000e-04	0.0000000000e+00
2.1408000000e-04	2.1408000000e-04	0.0000000000e+00
2.4552000000e-04	2.4552000000e-04	0.0000000000e+00
2.9295000000e-04	2.9295000000e-04	0.0000000000e+00
3.4578000000e-04	3.4578000000e-04	0.0000000000e+00
4.0385000000e-04	4.0385000000e-04	0.0000000000e+00
4.7287000000e-04	4.7287000000e-04	0.0000000000e+00
5.4581000000e-04	5.4581000000e-04	0.0000000000e+00
6.2050000000e-04	6.2050000000e-04	0.0000000000e+00
6.9892000000e-04	6.9892000000e-04	0.0000000000e+00
7.8125000000e-04	7.8125000000e-04	0.0000000000e+00
8.6667000000e-04	8.6667000000e-04	0.0000000000e+00
9.5421000000e-04	9.5421000000e-04	0.0000000000e+00
1.0428000000e-03	1.0428000000e-03	0.0000000000e+00
1.1313000000e-03	1.1313000000e-03	0.0000000000e+00
1.2186000000e-03	1.2186000000e-03	0.0000000000e+00
1.3035000000e-03	1.3035000000e-03	0.0000000000e+00
1.3848000000e-03	1.3848000000e-03	0.0000000000e+00
1.4616000000e-03	1.4616000000e-03	0.0000000000e+00
1.5327000000e-03	1.5327000000e-03	0.0000000000e+00
1.5974000000e-03	1.5974000000e-03	0.0000000000e+00
1.6549000000e-03	1.6549000000e-03	0.0000000000e+00
1.7047000000e-03	1.7047000000e-03	0.0000000000e+00
1.7465000000e-03	1.7465000000e-03	0.0000000000e+00
1.7994000000e-03	1.7994000000e-03	0.0000000000e+00
1.8071000000e-03	1.8071000000e-03	0.0000000000e+00
1.8282000000e-03	1.8282000000e-03	0.0000000000e+00
1.8602000000e-03	1.8602000000e-03	0.0000000000e+00
1.8414000000e-03	1.8414000000e-03	0.0000000000e+00
1.8421000000e-03	1.8421000000e-03	0.0000000000e+00
1.8902000000e-03	1.8902000000e-03	0.0000000000e+00
1.8795000000e-03	1.8795000000e-03	0.0000000000e+00
2.0289000000e-03	2.0289000000e-03	0.0000000000e+00
1.9842000000e-03	1.9842000000e-03	0.0000000000e+00
1.8126000000e-03	1.8126000000e-03	0.0000000000e+00
1.7692000000e-03	1.7692000000e-03	0.0000000000e+00
1.7475000000e-03	1.7475000000e-03	0.0000000000e+00
1.7319000000e-03	1.7319000000e-03	0.0000000000e+00
1.5278000000e-03	1.5278000000e-03	0.0000000000e+00
1.4799000000e-03	1.4799000000e-03	0.0000000000e+00
1.4311000000e-03	1.4311000000e-03	0.0000000000e+00
1.3817000000e-03	1.3817000000e-03	0.0000000000e+00
1.3322000000e-03	1.3322000000e-03	0.0000000000e+00
1.2830000000e-03	1.2830000000e-03	0.0000000000e+00
1.2344000000e-03	1.2344000000e-03	0.0000000000e+00
1.1866000000e-03	1.1866000000e-03	0.0000000000e+00
1.1399000000e-03	1.1399000000e-03	0.0000000000e+00
1.0944000000e-03	1.0944000000e-03	0.0000000000e+00
1.0504000000e-03	1.0504000000e-03	0.0000000000e+00
1.0079000000e-03	1.0079000000e-03	0.0000000000e+00
9.6712000000e-04	9.6712000000e-04	0.0000000000e+00
9.2806000000e-04	9.2806000000e-04	0.0000000000e+00
8.9082000000e-04	8.9082000000e-04	0.0000000000e+00
8.5541000000e-04	8.5541000000e-04	0.0000000000e+00
8.2188000000e-04	8.2188000000e-04	0.0000000000e+00
7.9024000000e-04	7.9024000000e-04	0.0000000000e+00
7.6047000000e-04	7.6047000000e-04	0.0000000000e+00
7.3258000000e-04	7.3258000000e-04	0.0000000000e+00
7.0654000000e-04	7.0654000000e-04	0.0000000000e+00
6.8234000000e-04	6.8234000000e-04	0.0000000000e+00
6.5994000000e-04	6.5994000000e-04	0.0000000000e+00
6.3931000000e-04	6.3931000000e-04	0.0000000000e+00
6.2041000000e-04	6.2041000000e-04	0.0000000000e+00
