CPU	GPU	log10(CPU/GPU)
3.1762000000e-154	0.0000000000e+00	NA
4.8062000000e-148	0.0000000000e+00	NA
4.7477000000e-142	0.0000000000e+00	NA
3.0693000000e-136	0.0000000000e+00	NA
1.2989000000e-130	0.0000000000e+00	NA
3.6015000000e-125	0.0000000000e+00	NA
6.5361000000e-120	0.0000000000e+00	NA
7.7686000000e-115	0.0000000000e+00	NA
6.0441000000e-110	0.0000000000e+00	NA
3.0779000000e-105	0.0000000000e+00	NA
1.0253000000e-100	0.0000000000e+00	NA
2.2335000000e-96	0.0000000000e+00	NA
3.1831000000e-92	0.0000000000e+00	NA
2.9672000000e-88	0.0000000000e+00	NA
1.8097000000e-84	0.0000000000e+00	NA
7.2217000000e-81	0.0000000000e+00	NA
1.8852000000e-77	0.0000000000e+00	NA
3.2203000000e-74	0.0000000000e+00	NA
3.6124000000e-71	0.0000000000e+00	NA
2.6587000000e-68	0.0000000000e+00	NA
1.2748000000e-65	0.0000000000e+00	NA
3.9777000000e-63	0.0000000000e+00	NA
8.0724000000e-61	0.0000000000e+00	NA
1.0651000000e-58	0.0000000000e+00	NA
9.1436000000e-57	0.0000000000e+00	NA
5.1101000000e-55	0.0000000000e+00	NA
1.8623000000e-53	0.0000000000e+00	NA
4.4343000000e-52	0.0000000000e+00	NA
6.9152000000e-51	0.0000000000e+00	NA
7.0819000000e-50	0.0000000000e+00	NA
4.7908000000e-49	0.0000000000e+00	NA
2.1455000000e-48	0.0000000000e+00	NA
6.3744000000e-48	0.0000000000e+00	NA
1.2607000000e-47	0.0000000000e+00	NA
1.6654000000e-47	0.0000000000e+00	NA
1.4744000000e-47	0.0000000000e+00	NA
8.7756000000e-48	0.0000000000e+00	NA
3.5212000000e-48	0.0000000000e+00	NA
9.5504000000e-49	0.0000000000e+00	NA
1.7555000000e-49	0.0000000000e+00	NA
2.1940000000e-50	0.0000000000e+00	NA
1.8714000000e-51	0.0000000000e+00	NA
1.0957000000e-52	0.0000000000e+00	NA
4.4356000000e-54	0.0000000000e+00	NA
1.2554000000e-55	0.0000000000e+00	NA
2.5236000000e-57	0.0000000000e+00	NA
3.6859000000e-59	0.0000000000e+00	NA
4.0368000000e-61	0.0000000000e+00	NA
3.4604000000e-63	0.0000000000e+00	NA
2.4474000000e-65	0.0000000000e+00	NA
1.5100000000e-67	0.0000000000e+00	NA
8.5088000000e-70	0.0000000000e+00	NA
4.5014000000e-72	0.0000000000e+00	NA
2.2606000000e-74	0.0000000000e+00	NA
1.0799000000e-76	0.0000000000e+00	NA
4.8990000000e-79	0.0000000000e+00	NA
2.1101000000e-81	0.0000000000e+00	NA
8.6033000000e-84	0.0000000000e+00	NA
3.3102000000e-86	0.0000000000e+00	NA
1.2061000000e-88	0.0000000000e+00	NA
4.1309000000e-91	0.0000000000e+00	NA
1.3216000000e-93	0.0000000000e+00	NA
3.9417000000e-96	0.0000000000e+00	NA
1.1089000000e-98	0.0000000000e+00	NA
2.8874000000e-101	0.0000000000e+00	NA
6.9598000000e-104	0.0000000000e+00	NA
1.5526000000e-106	0.0000000000e+00	NA
3.2093000000e-109	0.0000000000e+00	NA
6.1466000000e-112	0.0000000000e+00	NA
1.0924000000e-114	0.0000000000e+00	NA
1.8022000000e-117	0.0000000000e+00	NA
2.7650000000e-120	0.0000000000e+00	NA
3.9479000000e-123	0.0000000000e+00	NA
5.2609000000e-126	0.0000000000e+00	NA
6.5598000000e-129	0.0000000000e+00	NA
7.6917000000e-132	0.0000000000e+00	NA
8.4830000000e-135	0.0000000000e+00	NA
8.8290000000e-138	0.0000000000e+00	NA
8.6484000000e-141	0.0000000000e+00	NA
7.9621000000e-144	0.0000000000e+00	NA
6.8791000000e-147	0.0000000000e+00	NA
5.5593000000e-150	0.0000000000e+00	NA
4.1980000000e-153	0.0000000000e+00	NA
2.9665000000e-156	0.0000000000e+00	NA
1.9580000000e-159	0.0000000000e+00	NA
1.2090000000e-162	0.0000000000e+00	NA
6.9504000000e-166	0.0000000000e+00	NA
3.7435000000e-169	0.0000000000e+00	NA
1.8889000000e-172	0.0000000000e+00	NA
8.9295000000e-176	0.0000000000e+00	NA
3.9546000000e-179	0.0000000000e+00	NA
1.6407000000e-182	0.0000000000e+00	NA
6.3769000000e-186	0.0000000000e+00	NA
2.3219000000e-189	0.0000000000e+00	NA
7.9196000000e-193	0.0000000000e+00	NA
2.5305000000e-196	0.0000000000e+00	NA
7.5742000000e-200	0.0000000000e+00	NA
2.1237000000e-203	0.0000000000e+00	NA
5.5780000000e-207	0.0000000000e+00	NA
1.3724000000e-210	0.0000000000e+00	NA
3.1630000000e-214	0.0000000000e+00	NA
3.0790000000e-150	0.0000000000e+00	NA
4.6776000000e-144	0.0000000000e+00	NA
4.6394000000e-138	0.0000000000e+00	NA
3.0132000000e-132	0.0000000000e+00	NA
1.2813000000e-126	0.0000000000e+00	NA
3.5702000000e-121	0.0000000000e+00	NA
6.5190000000e-116	0.0000000000e+00	NA
7.7938000000e-111	0.0000000000e+00	NA
6.1038000000e-106	0.0000000000e+00	NA
3.1271000000e-101	0.0000000000e+00	NA
1.0488000000e-96	0.0000000000e+00	NA
2.3009000000e-92	0.0000000000e+00	NA
3.3023000000e-88	0.0000000000e+00	NA
3.0995000000e-84	0.0000000000e+00	NA
1.9030000000e-80	0.0000000000e+00	NA
7.6416000000e-77	0.0000000000e+00	NA
2.0092000000e-73	0.0000000000e+00	NA
3.4860000000e-70	0.0000000000e+00	NA
3.9655000000e-67	0.0000000000e+00	NA
2.9405000000e-64	0.0000000000e+00	NA
1.4191000000e-61	0.0000000000e+00	NA
4.4501000000e-59	0.0000000000e+00	NA
9.0595000000e-57	0.0000000000e+00	NA
1.1967000000e-54	0.0000000000e+00	NA
1.0260000000e-52	0.0000000000e+00	NA
5.7152000000e-51	0.0000000000e+00	NA
2.0716000000e-49	0.0000000000e+00	NA
4.8970000000e-48	0.0000000000e+00	NA
7.5686000000e-47	0.0000000000e+00	NA
7.6804000000e-46	0.0000000000e+00	NA
5.1418000000e-45	0.0000000000e+00	NA
2.2745000000e-44	0.0000000000e+00	NA
6.6753000000e-44	4.0638000000e-44	2.1553846246e-01
1.3050000000e-43	1.0790000000e-43	8.2589066991e-02
1.7065000000e-43	1.5554000000e-43	4.0264197996e-02
1.4981000000e-43	1.2752000000e-43	6.9962499965e-02
8.8609000000e-44	7.7071000000e-44	6.0586841324e-02
3.5423000000e-44	0.0000000000e+00	NA
9.5979000000e-45	0.0000000000e+00	NA
1.7673000000e-45	0.0000000000e+00	NA
2.2185000000e-46	0.0000000000e+00	NA
1.9059000000e-47	0.0000000000e+00	NA
1.1267000000e-48	0.0000000000e+00	NA
4.6235000000e-50	0.0000000000e+00	NA
1.3330000000e-51	0.0000000000e+00	NA
2.7498000000e-53	0.0000000000e+00	NA
4.1685000000e-55	0.0000000000e+00	NA
4.8182000000e-57	0.0000000000e+00	NA
4.4574000000e-59	0.0000000000e+00	NA
3.4884000000e-61	0.0000000000e+00	NA
2.4344000000e-63	0.0000000000e+00	NA
1.5733000000e-65	0.0000000000e+00	NA
9.5965000000e-68	0.0000000000e+00	NA
5.5578000000e-70	0.0000000000e+00	NA
3.0582000000e-72	0.0000000000e+00	NA
1.5978000000e-74	0.0000000000e+00	NA
7.9242000000e-77	0.0000000000e+00	NA
3.7220000000e-79	0.0000000000e+00	NA
1.6511000000e-81	0.0000000000e+00	NA
6.9399000000e-84	0.0000000000e+00	NA
2.7427000000e-86	0.0000000000e+00	NA
1.0131000000e-88	0.0000000000e+00	NA
3.4903000000e-91	0.0000000000e+00	NA
1.1333000000e-93	0.0000000000e+00	NA
3.4090000000e-96	0.0000000000e+00	NA
9.4854000000e-99	0.0000000000e+00	NA
2.4446000000e-101	0.0000000000e+00	NA
5.8446000000e-104	0.0000000000e+00	NA
1.2964000000e-106	0.0000000000e+00	NA
2.6714000000e-109	0.0000000000e+00	NA
5.1098000000e-112	0.0000000000e+00	NA
9.0817000000e-115	0.0000000000e+00	NA
1.5006000000e-117	0.0000000000e+00	NA
2.3113000000e-120	0.0000000000e+00	NA
3.3349000000e-123	0.0000000000e+00	NA
4.5234000000e-126	0.0000000000e+00	NA
5.7978000000e-129	0.0000000000e+00	NA
7.0261000000e-132	0.0000000000e+00	NA
8.0311000000e-135	0.0000000000e+00	NA
8.6358000000e-138	0.0000000000e+00	NA
8.7099000000e-141	0.0000000000e+00	NA
8.2069000000e-144	0.0000000000e+00	NA
7.2164000000e-147	0.0000000000e+00	NA
5.9246000000e-150	0.0000000000e+00	NA
4.5440000000e-153	0.0000000000e+00	NA
3.2381000000e-156	0.0000000000e+00	NA
2.1619000000e-159	0.0000000000e+00	NA
1.3523000000e-162	0.0000000000e+00	NA
7.9244000000e-166	0.0000000000e+00	NA
4.3505000000e-169	0.0000000000e+00	NA
2.2376000000e-172	0.0000000000e+00	NA
1.0781000000e-175	0.0000000000e+00	NA
4.8665000000e-179	0.0000000000e+00	NA
2.0578000000e-182	0.0000000000e+00	NA
8.1517000000e-186	0.0000000000e+00	NA
3.0250000000e-189	0.0000000000e+00	NA
1.0515000000e-192	0.0000000000e+00	NA
3.4242000000e-196	0.0000000000e+00	NA
1.0445000000e-199	0.0000000000e+00	NA
2.9846000000e-203	0.0000000000e+00	NA
7.9888000000e-207	0.0000000000e+00	NA
1.9542000000e-146	0.0000000000e+00	NA
2.9798000000e-140	0.0000000000e+00	NA
2.9667000000e-134	0.0000000000e+00	NA
1.9346000000e-128	0.0000000000e+00	NA
8.2660000000e-123	0.0000000000e+00	NA
2.3149000000e-117	0.0000000000e+00	NA
4.2501000000e-112	0.0000000000e+00	NA
5.1112000000e-107	0.0000000000e+00	NA
4.0250000000e-102	0.0000000000e+00	NA
2.0764000000e-97	0.0000000000e+00	NA
7.0106000000e-93	0.0000000000e+00	NA
1.5488000000e-88	0.0000000000e+00	NA
2.2381000000e-84	0.0000000000e+00	NA
2.1150000000e-80	0.0000000000e+00	NA
1.3072000000e-76	0.0000000000e+00	NA
5.2869000000e-73	0.0000000000e+00	NA
1.4230000000e-69	0.0000000000e+00	NA
2.5035000000e-66	0.0000000000e+00	NA
2.8764000000e-63	0.0000000000e+00	NA
2.1541000000e-60	0.0000000000e+00	NA
1.0488000000e-57	0.0000000000e+00	NA
3.3132000000e-55	0.0000000000e+00	NA
6.7794000000e-53	0.0000000000e+00	NA
8.9788000000e-51	0.0000000000e+00	NA
7.6989000000e-49	0.0000000000e+00	NA
4.2774000000e-47	0.0000000000e+00	NA
1.5425000000e-45	0.0000000000e+00	NA
3.6200000000e-44	1.4013000000e-44	4.1217744853e-01
5.5551000000e-43	5.4370000000e-43	9.3325482873e-03
5.5810000000e-42	5.5618000000e-42	1.4966547555e-03
3.6857000000e-41	3.6840000000e-41	2.0036110895e-04
1.6072000000e-40	1.6071000000e-40	2.7022647671e-05
4.6494000000e-40	4.6492000000e-40	1.8682144924e-05
8.9667000000e-40	8.9666000000e-40	4.8434418864e-06
1.1583000000e-39	1.1583000000e-39	0.0000000000e+00
1.0068000000e-39	1.0068000000e-39	0.0000000000e+00
5.9119000000e-40	5.9117000000e-40	1.4692461922e-05
2.3534000000e-40	2.3532000000e-40	3.6909402300e-05
6.3709000000e-41	6.3696000000e-41	8.8628048889e-05
1.1759000000e-41	1.1748000000e-41	4.0645251624e-04
1.4841000000e-42	1.4658000000e-42	5.3884477268e-03
1.2856000000e-43	9.6690000000e-44	1.2372430352e-01
7.6899000000e-45	0.0000000000e+00	NA
3.2044000000e-46	0.0000000000e+00	NA
9.4363000000e-48	0.0000000000e+00	NA
2.0059000000e-49	0.0000000000e+00	NA
3.1748000000e-51	0.0000000000e+00	NA
3.9072000000e-53	0.0000000000e+00	NA
3.9451000000e-55	0.0000000000e+00	NA
3.4567000000e-57	0.0000000000e+00	NA
2.7529000000e-59	0.0000000000e+00	NA
2.0500000000e-61	0.0000000000e+00	NA
1.4438000000e-63	0.0000000000e+00	NA
9.6449000000e-66	0.0000000000e+00	NA
6.1097000000e-68	0.0000000000e+00	NA
3.6722000000e-70	0.0000000000e+00	NA
2.0955000000e-72	0.0000000000e+00	NA
1.1342000000e-74	0.0000000000e+00	NA
5.8075000000e-77	0.0000000000e+00	NA
2.8159000000e-79	0.0000000000e+00	NA
1.2861000000e-81	0.0000000000e+00	NA
5.4889000000e-84	0.0000000000e+00	NA
2.1831000000e-86	0.0000000000e+00	NA
8.1827000000e-89	0.0000000000e+00	NA
2.8395000000e-91	0.0000000000e+00	NA
9.1176000000e-94	0.0000000000e+00	NA
2.7122000000e-96	0.0000000000e+00	NA
7.4927000000e-99	0.0000000000e+00	NA
1.9246000000e-101	0.0000000000e+00	NA
4.5976000000e-104	0.0000000000e+00	NA
1.0201000000e-106	0.0000000000e+00	NA
2.0990000000e-109	0.0000000000e+00	NA
4.0069000000e-112	0.0000000000e+00	NA
7.1167000000e-115	0.0000000000e+00	NA
1.1837000000e-117	0.0000000000e+00	NA
1.8560000000e-120	0.0000000000e+00	NA
2.7611000000e-123	0.0000000000e+00	NA
3.9008000000e-126	0.0000000000e+00	NA
5.2162000000e-129	0.0000000000e+00	NA
6.5728000000e-132	0.0000000000e+00	NA
7.7548000000e-135	0.0000000000e+00	NA
8.5331000000e-138	0.0000000000e+00	NA
8.7465000000e-141	0.0000000000e+00	NA
8.3541000000e-144	0.0000000000e+00	NA
7.4441000000e-147	0.0000000000e+00	NA
6.1607000000e-150	0.0000000000e+00	NA
4.7768000000e-153	0.0000000000e+00	NA
3.4700000000e-156	0.0000000000e+00	NA
2.3616000000e-159	0.0000000000e+00	NA
1.5057000000e-162	0.0000000000e+00	NA
8.9938000000e-166	0.0000000000e+00	NA
5.0328000000e-169	0.0000000000e+00	NA
2.6383000000e-172	0.0000000000e+00	NA
1.2956000000e-175	0.0000000000e+00	NA
5.9606000000e-179	0.0000000000e+00	NA
2.5688000000e-182	0.0000000000e+00	NA
1.0371000000e-185	0.0000000000e+00	NA
3.9221000000e-189	0.0000000000e+00	NA
1.3895000000e-192	0.0000000000e+00	NA
4.6111000000e-196	0.0000000000e+00	NA
1.4334000000e-199	0.0000000000e+00	NA
8.1186000000e-143	0.0000000000e+00	NA
1.2428000000e-136	0.0000000000e+00	NA
1.2425000000e-130	0.0000000000e+00	NA
8.1382000000e-125	0.0000000000e+00	NA
3.4937000000e-119	0.0000000000e+00	NA
9.8349000000e-114	0.0000000000e+00	NA
1.8142000000e-108	0.0000000000e+00	NA
2.1946000000e-103	0.0000000000e+00	NA
1.7403000000e-98	0.0000000000e+00	NA
9.0395000000e-94	0.0000000000e+00	NA
3.0744000000e-89	0.0000000000e+00	NA
6.8453000000e-85	0.0000000000e+00	NA
9.9681000000e-81	0.0000000000e+00	NA
9.4917000000e-77	0.0000000000e+00	NA
5.9221000000e-73	0.0000000000e+00	NA
2.4616000000e-69	0.0000000000e+00	NA
6.6953000000e-66	0.0000000000e+00	NA
1.1912000000e-62	0.0000000000e+00	NA
1.3852000000e-59	0.0000000000e+00	NA
1.0502000000e-56	0.0000000000e+00	NA
5.1736000000e-54	0.0000000000e+00	NA
1.6505000000e-51	0.0000000000e+00	NA
3.4018000000e-49	0.0000000000e+00	NA
4.5252000000e-47	0.0000000000e+00	NA
3.8908000000e-45	0.0000000000e+00	NA
2.1625000000e-43	1.9338000000e-43	4.8544560241e-02
7.7757000000e-42	7.7646000000e-42	6.2040881694e-04
1.8131000000e-40	1.8130000000e-40	2.3953806129e-05
2.7501000000e-39	2.7501000000e-39	0.0000000000e+00
2.7243000000e-38	2.7243000000e-38	0.0000000000e+00
1.7708000000e-37	1.7708000000e-37	0.0000000000e+00
7.5923000000e-37	7.5923000000e-37	0.0000000000e+00
2.1591000000e-36	2.1591000000e-36	0.0000000000e+00
4.0964000000e-36	4.0964000000e-36	0.0000000000e+00
5.2143000000e-36	5.2143000000e-36	0.0000000000e+00
4.4770000000e-36	4.4771000000e-36	-9.7004608374e-06
2.6054000000e-36	2.6054000000e-36	0.0000000000e+00
1.0317000000e-36	1.0317000000e-36	0.0000000000e+00
2.7888000000e-37	2.7888000000e-37	0.0000000000e+00
5.1596000000e-38	5.1596000000e-38	0.0000000000e+00
6.5516000000e-39	6.5516000000e-39	0.0000000000e+00
5.7314000000e-40	5.7314000000e-40	0.0000000000e+00
3.4748000000e-41	3.4721000000e-41	3.3758803500e-04
1.4745000000e-42	1.4433000000e-42	9.2881652656e-03
4.4499000000e-44	1.4013000000e-45	1.5018191294e+00
9.7891000000e-46	0.0000000000e+00	NA
1.6292000000e-47	0.0000000000e+00	NA
2.1562000000e-49	0.0000000000e+00	NA
2.4053000000e-51	0.0000000000e+00	NA
2.3867000000e-53	0.0000000000e+00	NA
2.1863000000e-55	0.0000000000e+00	NA
1.8828000000e-57	0.0000000000e+00	NA
1.5345000000e-59	0.0000000000e+00	NA
1.1836000000e-61	0.0000000000e+00	NA
8.6292000000e-64	0.0000000000e+00	NA
5.9644000000e-66	0.0000000000e+00	NA
3.9212000000e-68	0.0000000000e+00	NA
2.4498000000e-70	0.0000000000e+00	NA
1.4494000000e-72	0.0000000000e+00	NA
8.1174000000e-75	0.0000000000e+00	NA
4.2846000000e-77	0.0000000000e+00	NA
2.1132000000e-79	0.0000000000e+00	NA
9.7035000000e-82	0.0000000000e+00	NA
4.1978000000e-84	0.0000000000e+00	NA
1.6804000000e-86	0.0000000000e+00	NA
6.2180000000e-89	0.0000000000e+00	NA
2.1307000000e-91	0.0000000000e+00	NA
6.7930000000e-94	0.0000000000e+00	NA
2.0196000000e-96	0.0000000000e+00	NA
5.6046000000e-99	0.0000000000e+00	NA
1.4447000000e-101	0.0000000000e+00	NA
3.4465000000e-104	0.0000000000e+00	NA
7.5919000000e-107	0.0000000000e+00	NA
1.5505000000e-109	0.0000000000e+00	NA
2.9605000000e-112	0.0000000000e+00	NA
5.3466000000e-115	0.0000000000e+00	NA
9.2223000000e-118	0.0000000000e+00	NA
1.5205000000e-120	0.0000000000e+00	NA
2.3804000000e-123	0.0000000000e+00	NA
3.5174000000e-126	0.0000000000e+00	NA
4.8731000000e-129	0.0000000000e+00	NA
6.2794000000e-132	0.0000000000e+00	NA
7.5046000000e-135	0.0000000000e+00	NA
8.3302000000e-138	0.0000000000e+00	NA
8.6291000000e-141	0.0000000000e+00	NA
8.3259000000e-144	0.0000000000e+00	NA
7.4973000000e-147	0.0000000000e+00	NA
6.3251000000e-150	0.0000000000e+00	NA
4.9993000000e-153	0.0000000000e+00	NA
3.7018000000e-156	0.0000000000e+00	NA
2.5680000000e-159	0.0000000000e+00	NA
1.6689000000e-162	0.0000000000e+00	NA
1.0161000000e-165	0.0000000000e+00	NA
5.7950000000e-169	0.0000000000e+00	NA
3.0962000000e-172	0.0000000000e+00	NA
1.5497000000e-175	0.0000000000e+00	NA
7.2661000000e-179	0.0000000000e+00	NA
3.1914000000e-182	0.0000000000e+00	NA
1.3131000000e-185	0.0000000000e+00	NA
5.0608000000e-189	0.0000000000e+00	NA
1.8271000000e-192	0.0000000000e+00	NA
2.2098000000e-139	0.0000000000e+00	NA
3.3968000000e-133	0.0000000000e+00	NA
3.4107000000e-127	0.0000000000e+00	NA
2.2432000000e-121	0.0000000000e+00	NA
9.6744000000e-116	0.0000000000e+00	NA
2.7362000000e-110	0.0000000000e+00	NA
5.0791000000e-105	0.0000000000e+00	NA
6.1817000000e-100	0.0000000000e+00	NA
4.9344000000e-95	0.0000000000e+00	NA
2.5825000000e-90	0.0000000000e+00	NA
8.8554000000e-86	0.0000000000e+00	NA
1.9893000000e-81	0.0000000000e+00	NA
2.9233000000e-77	0.0000000000e+00	NA
2.8087000000e-73	0.0000000000e+00	NA
1.8042000000e-69	0.0000000000e+00	NA
7.5843000000e-66	0.0000000000e+00	NA
2.0870000000e-62	0.0000000000e+00	NA
3.7604000000e-59	0.0000000000e+00	NA
4.4377000000e-56	0.0000000000e+00	NA
3.4296000000e-53	0.0000000000e+00	NA
1.7183000000e-50	0.0000000000e+00	NA
5.5587000000e-48	0.0000000000e+00	NA
1.1583000000e-45	0.0000000000e+00	NA
1.5530000000e-43	1.3312000000e-43	6.6928146782e-02
1.3394000000e-41	1.3374000000e-41	6.4897573628e-04
7.4343000000e-40	7.4342000000e-40	5.8418062603e-06
2.6591000000e-38	2.6591000000e-38	0.0000000000e+00
6.1434000000e-37	6.1434000000e-37	0.0000000000e+00
9.1986000000e-36	9.1986000000e-36	0.0000000000e+00
8.9667000000e-35	8.9667000000e-35	0.0000000000e+00
5.7215000000e-34	5.7215000000e-34	0.0000000000e+00
2.4046000000e-33	2.4046000000e-33	0.0000000000e+00
6.7004000000e-33	6.7004000000e-33	0.0000000000e+00
1.2464000000e-32	1.2464000000e-32	0.0000000000e+00
1.5584000000e-32	1.5584000000e-32	0.0000000000e+00
1.3180000000e-32	1.3180000000e-32	0.0000000000e+00
7.5842000000e-33	7.5842000000e-33	0.0000000000e+00
2.9829000000e-33	2.9829000000e-33	0.0000000000e+00
8.0461000000e-34	8.0461000000e-34	0.0000000000e+00
1.4920000000e-34	1.4920000000e-34	0.0000000000e+00
1.9069000000e-35	1.9069000000e-35	0.0000000000e+00
1.6869000000e-36	1.6869000000e-36	0.0000000000e+00
1.0391000000e-37	1.0391000000e-37	0.0000000000e+00
4.5038000000e-39	4.5038000000e-39	0.0000000000e+00
1.3976000000e-40	1.3975000000e-40	3.1075416414e-05
3.1988000000e-42	3.1739000000e-42	3.3938480179e-03
5.6363000000e-44	0.0000000000e+00	NA
8.0965000000e-46	0.0000000000e+00	NA
1.0104000000e-47	0.0000000000e+00	NA
1.1493000000e-49	0.0000000000e+00	NA
1.2189000000e-51	0.0000000000e+00	NA
1.2173000000e-53	0.0000000000e+00	NA
1.1522000000e-55	0.0000000000e+00	NA
1.0297000000e-57	0.0000000000e+00	NA
8.6416000000e-60	0.0000000000e+00	NA
6.8642000000e-62	0.0000000000e+00	NA
5.2098000000e-64	0.0000000000e+00	NA
3.7734000000e-66	0.0000000000e+00	NA
2.5870000000e-68	0.0000000000e+00	NA
1.6758000000e-70	0.0000000000e+00	NA
1.0226000000e-72	0.0000000000e+00	NA
5.8173000000e-75	0.0000000000e+00	NA
3.0792000000e-77	0.0000000000e+00	NA
1.5382000000e-79	0.0000000000e+00	NA
7.1048000000e-82	0.0000000000e+00	NA
3.0226000000e-84	0.0000000000e+00	NA
1.1897000000e-86	0.0000000000e+00	NA
4.3656000000e-89	0.0000000000e+00	NA
1.5032000000e-91	0.0000000000e+00	NA
4.8569000000e-94	0.0000000000e+00	NA
1.4604000000e-96	0.0000000000e+00	NA
4.0508000000e-99	0.0000000000e+00	NA
1.0295000000e-101	0.0000000000e+00	NA
2.4076000000e-104	0.0000000000e+00	NA
5.2416000000e-107	0.0000000000e+00	NA
1.0834000000e-109	0.0000000000e+00	NA
2.1635000000e-112	0.0000000000e+00	NA
4.1660000000e-115	0.0000000000e+00	NA
7.6247000000e-118	0.0000000000e+00	NA
1.3225000000e-120	0.0000000000e+00	NA
2.1652000000e-123	0.0000000000e+00	NA
3.2815000000e-126	0.0000000000e+00	NA
4.5638000000e-129	0.0000000000e+00	NA
5.8864000000e-132	0.0000000000e+00	NA
7.0872000000e-135	0.0000000000e+00	NA
7.9926000000e-138	0.0000000000e+00	NA
8.3587000000e-141	0.0000000000e+00	NA
8.1898000000e-144	0.0000000000e+00	NA
7.5178000000e-147	0.0000000000e+00	NA
6.4651000000e-150	0.0000000000e+00	NA
5.2086000000e-153	0.0000000000e+00	NA
3.9313000000e-156	0.0000000000e+00	NA
2.7797000000e-159	0.0000000000e+00	NA
1.8412000000e-162	0.0000000000e+00	NA
1.1425000000e-165	0.0000000000e+00	NA
6.6414000000e-169	0.0000000000e+00	NA
3.6165000000e-172	0.0000000000e+00	NA
1.8448000000e-175	0.0000000000e+00	NA
8.8152000000e-179	0.0000000000e+00	NA
3.9459000000e-182	0.0000000000e+00	NA
1.6545000000e-185	0.0000000000e+00	NA
3.9439000000e-136	0.0000000000e+00	NA
6.0838000000e-130	0.0000000000e+00	NA
6.1328000000e-124	0.0000000000e+00	NA
4.0510000000e-118	0.0000000000e+00	NA
1.7548000000e-112	0.0000000000e+00	NA
4.9929000000e-107	0.0000000000e+00	NA
9.3184000000e-102	0.0000000000e+00	NA
1.1418000000e-96	0.0000000000e+00	NA
9.1811000000e-92	0.0000000000e+00	NA
4.8457000000e-87	0.0000000000e+00	NA
1.6770000000e-82	0.0000000000e+00	NA
3.8058000000e-78	0.0000000000e+00	NA
5.6537000000e-74	0.0000000000e+00	NA
5.5877000000e-70	0.0000000000e+00	NA
3.6370000000e-66	0.0000000000e+00	NA
1.5488000000e-62	0.0000000000e+00	NA
4.3156000000e-59	0.0000000000e+00	NA
7.9528000000e-56	0.0000000000e+00	NA
9.6047000000e-53	0.0000000000e+00	NA
7.5610000000e-50	0.0000000000e+00	NA
3.8554000000e-47	0.0000000000e+00	NA
1.2661000000e-44	0.0000000000e+00	NA
2.6694000000e-42	2.6555000000e-42	2.2673503765e-03
3.6091000000e-40	3.6089000000e-40	2.4067302966e-05
3.1270000000e-38	3.1270000000e-38	0.0000000000e+00
1.7361000000e-36	1.7361000000e-36	0.0000000000e+00
6.1822000000e-35	6.1822000000e-35	0.0000000000e+00
1.4148000000e-33	1.4148000000e-33	0.0000000000e+00
2.0881000000e-32	2.0881000000e-32	0.0000000000e+00
1.9978000000e-31	1.9978000000e-31	0.0000000000e+00
1.2474000000e-30	1.2474000000e-30	0.0000000000e+00
5.1203000000e-30	5.1203000000e-30	0.0000000000e+00
1.3927000000e-29	1.3927000000e-29	0.0000000000e+00
2.5306000000e-29	2.5306000000e-29	0.0000000000e+00
3.0961000000e-29	3.0961000000e-29	0.0000000000e+00
2.5705000000e-29	2.5705000000e-29	0.0000000000e+00
1.4585000000e-29	1.4585000000e-29	0.0000000000e+00
5.6877000000e-30	5.6877000000e-30	0.0000000000e+00
1.5294000000e-30	1.5294000000e-30	0.0000000000e+00
2.8417000000e-31	2.8417000000e-31	0.0000000000e+00
3.6576000000e-32	3.6576000000e-32	0.0000000000e+00
3.2756000000e-33	3.2756000000e-33	0.0000000000e+00
2.0564000000e-34	2.0563000000e-34	2.1119677195e-05
9.1368000000e-36	9.1368000000e-36	0.0000000000e+00
2.9263000000e-37	2.9263000000e-37	0.0000000000e+00
7.0102000000e-39	7.0102000000e-39	0.0000000000e+00
1.3166000000e-40	1.3164000000e-40	6.5977133724e-05
2.0668000000e-42	2.0039000000e-42	1.3422407600e-02
2.9213000000e-44	0.0000000000e+00	NA
3.8645000000e-46	0.0000000000e+00	NA
4.7751000000e-48	0.0000000000e+00	NA
5.5204000000e-50	0.0000000000e+00	NA
6.1124000000e-52	0.0000000000e+00	NA
6.3911000000e-54	0.0000000000e+00	NA
6.1469000000e-56	0.0000000000e+00	NA
5.5952000000e-58	0.0000000000e+00	NA
4.9305000000e-60	0.0000000000e+00	NA
4.1800000000e-62	0.0000000000e+00	NA
3.3292000000e-64	0.0000000000e+00	NA
2.4916000000e-66	0.0000000000e+00	NA
1.7626000000e-68	0.0000000000e+00	NA
1.1521000000e-70	0.0000000000e+00	NA
7.0033000000e-73	0.0000000000e+00	NA
4.0471000000e-75	0.0000000000e+00	NA
2.1606000000e-77	0.0000000000e+00	NA
1.0536000000e-79	0.0000000000e+00	NA
4.7361000000e-82	0.0000000000e+00	NA
1.9898000000e-84	0.0000000000e+00	NA
7.9290000000e-87	0.0000000000e+00	NA
2.9979000000e-89	0.0000000000e+00	NA
1.0595000000e-91	0.0000000000e+00	NA
3.4364000000e-94	0.0000000000e+00	NA
1.0085000000e-96	0.0000000000e+00	NA
2.6850000000e-99	0.0000000000e+00	NA
6.6062000000e-102	0.0000000000e+00	NA
1.5419000000e-104	0.0000000000e+00	NA
3.5720000000e-107	0.0000000000e+00	NA
8.0941000000e-110	0.0000000000e+00	NA
1.7133000000e-112	0.0000000000e+00	NA
3.4754000000e-115	0.0000000000e+00	NA
6.8303000000e-118	0.0000000000e+00	NA
1.2227000000e-120	0.0000000000e+00	NA
1.9732000000e-123	0.0000000000e+00	NA
2.9469000000e-126	0.0000000000e+00	NA
4.1201000000e-129	0.0000000000e+00	NA
5.4076000000e-132	0.0000000000e+00	NA
6.6196000000e-135	0.0000000000e+00	NA
7.5326000000e-138	0.0000000000e+00	NA
8.0304000000e-141	0.0000000000e+00	NA
8.0204000000e-144	0.0000000000e+00	NA
7.5045000000e-147	0.0000000000e+00	NA
6.5783000000e-150	0.0000000000e+00	NA
5.4020000000e-153	0.0000000000e+00	NA
4.1557000000e-156	0.0000000000e+00	NA
2.9949000000e-159	0.0000000000e+00	NA
2.0219000000e-162	0.0000000000e+00	NA
1.2787000000e-165	0.0000000000e+00	NA
7.5754000000e-169	0.0000000000e+00	NA
4.2041000000e-172	0.0000000000e+00	NA
2.1856000000e-175	0.0000000000e+00	NA
1.0643000000e-178	0.0000000000e+00	NA
4.6102000000e-133	0.0000000000e+00	NA
7.1408000000e-127	0.0000000000e+00	NA
7.2228000000e-121	0.0000000000e+00	NA
4.7922000000e-115	0.0000000000e+00	NA
2.0864000000e-109	0.0000000000e+00	NA
5.9678000000e-104	0.0000000000e+00	NA
1.1207000000e-98	0.0000000000e+00	NA
1.3831000000e-93	0.0000000000e+00	NA
1.1209000000e-88	0.0000000000e+00	NA
5.9680000000e-84	0.0000000000e+00	NA
2.0865000000e-79	0.0000000000e+00	NA
4.7884000000e-75	0.0000000000e+00	NA
7.2674000000e-71	0.0000000000e+00	NA
7.3379000000e-67	0.0000000000e+00	NA
4.8546000000e-63	0.0000000000e+00	NA
2.0991000000e-59	0.0000000000e+00	NA
5.9884000000e-56	0.0000000000e+00	NA
1.1238000000e-52	0.0000000000e+00	NA
1.3833000000e-49	0.0000000000e+00	NA
1.1137000000e-46	0.0000000000e+00	NA
5.8063000000e-44	3.6434000000e-44	2.0239261722e-01
1.9429000000e-41	1.9428000000e-41	2.2353474638e-05
4.1590000000e-39	4.1590000000e-39	0.0000000000e+00
5.6900000000e-37	5.6900000000e-37	0.0000000000e+00
4.9681000000e-35	4.9681000000e-35	0.0000000000e+00
2.7658000000e-33	2.7658000000e-33	0.0000000000e+00
9.8207000000e-32	9.8207000000e-32	0.0000000000e+00
2.2271000000e-30	2.2271000000e-30	0.0000000000e+00
3.2338000000e-29	3.2338000000e-29	0.0000000000e+00
3.0262000000e-28	3.0262000000e-28	0.0000000000e+00
1.8415000000e-27	1.8415000000e-27	0.0000000000e+00
7.3530000000e-27	7.3530000000e-27	0.0000000000e+00
1.9442000000e-26	1.9442000000e-26	0.0000000000e+00
3.4350000000e-26	3.4350000000e-26	0.0000000000e+00
4.0947000000e-26	4.0947000000e-26	0.0000000000e+00
3.3238000000e-26	3.3238000000e-26	0.0000000000e+00
1.8535000000e-26	1.8535000000e-26	0.0000000000e+00
7.1507000000e-27	7.1507000000e-27	0.0000000000e+00
1.9147000000e-27	1.9147000000e-27	0.0000000000e+00
3.5619000000e-28	3.5619000000e-28	0.0000000000e+00
4.6191000000e-29	4.6191000000e-29	0.0000000000e+00
4.1938000000e-30	4.1938000000e-30	0.0000000000e+00
2.6927000000e-31	2.6927000000e-31	0.0000000000e+00
1.2318000000e-32	1.2318000000e-32	0.0000000000e+00
4.0887000000e-34	4.0888000000e-34	-1.0621693230e-05
1.0377000000e-35	1.0377000000e-35	0.0000000000e+00
2.1023000000e-37	2.1022000000e-37	2.0658555452e-05
3.6071000000e-39	3.6071000000e-39	0.0000000000e+00
5.8375000000e-41	5.8333000000e-41	3.1258129738e-04
9.1788000000e-43	8.3798000000e-43	3.9552253487e-02
1.3337000000e-44	0.0000000000e+00	NA
1.7489000000e-46	0.0000000000e+00	NA
2.3011000000e-48	0.0000000000e+00	NA
2.8876000000e-50	0.0000000000e+00	NA
3.0989000000e-52	0.0000000000e+00	NA
3.2104000000e-54	0.0000000000e+00	NA
3.3322000000e-56	0.0000000000e+00	NA
3.3331000000e-58	0.0000000000e+00	NA
3.0851000000e-60	0.0000000000e+00	NA
2.6322000000e-62	0.0000000000e+00	NA
2.2149000000e-64	0.0000000000e+00	NA
1.6510000000e-66	0.0000000000e+00	NA
1.1406000000e-68	0.0000000000e+00	NA
7.7296000000e-71	0.0000000000e+00	NA
4.7860000000e-73	0.0000000000e+00	NA
2.6464000000e-75	0.0000000000e+00	NA
1.3551000000e-77	0.0000000000e+00	NA
6.4630000000e-80	0.0000000000e+00	NA
2.9446000000e-82	0.0000000000e+00	NA
1.3136000000e-84	0.0000000000e+00	NA
5.5244000000e-87	0.0000000000e+00	NA
2.1167000000e-89	0.0000000000e+00	NA
7.2009000000e-92	0.0000000000e+00	NA
2.1200000000e-94	0.0000000000e+00	NA
5.9624000000e-97	0.0000000000e+00	NA
1.5638000000e-99	0.0000000000e+00	NA
4.3259000000e-102	0.0000000000e+00	NA
1.1650000000e-104	0.0000000000e+00	NA
2.7379000000e-107	0.0000000000e+00	NA
6.4341000000e-110	0.0000000000e+00	NA
1.5786000000e-112	0.0000000000e+00	NA
3.2807000000e-115	0.0000000000e+00	NA
6.0497000000e-118	0.0000000000e+00	NA
1.0437000000e-120	0.0000000000e+00	NA
1.6976000000e-123	0.0000000000e+00	NA
2.5869000000e-126	0.0000000000e+00	NA
3.7237000000e-129	0.0000000000e+00	NA
4.9212000000e-132	0.0000000000e+00	NA
6.0931000000e-135	0.0000000000e+00	NA
7.0678000000e-138	0.0000000000e+00	NA
7.6806000000e-141	0.0000000000e+00	NA
7.8192000000e-144	0.0000000000e+00	NA
7.4574000000e-147	0.0000000000e+00	NA
6.6628000000e-150	0.0000000000e+00	NA
5.5767000000e-153	0.0000000000e+00	NA
4.3725000000e-156	0.0000000000e+00	NA
3.2116000000e-159	0.0000000000e+00	NA
2.2098000000e-162	0.0000000000e+00	NA
1.4243000000e-165	0.0000000000e+00	NA
8.5996000000e-169	0.0000000000e+00	NA
4.8637000000e-172	0.0000000000e+00	NA
3.5299000000e-130	0.0000000000e+00	NA
5.4864000000e-124	0.0000000000e+00	NA
5.5739000000e-118	0.0000000000e+00	NA
3.7126000000e-112	0.0000000000e+00	NA
1.6245000000e-106	0.0000000000e+00	NA
4.6718000000e-101	0.0000000000e+00	NA
8.8324000000e-96	0.0000000000e+00	NA
1.0973000000e-90	0.0000000000e+00	NA
8.9668000000e-86	0.0000000000e+00	NA
4.8188000000e-81	0.0000000000e+00	NA
1.7030000000e-76	0.0000000000e+00	NA
3.9571000000e-72	0.0000000000e+00	NA
6.1763000000e-68	0.0000000000e+00	NA
6.3480000000e-64	0.0000000000e+00	NA
4.2860000000e-60	0.0000000000e+00	NA
1.8934000000e-56	0.0000000000e+00	NA
5.5215000000e-53	0.0000000000e+00	NA
1.0528000000e-49	0.0000000000e+00	NA
1.3221000000e-46	0.0000000000e+00	NA
1.0943000000e-43	9.1084000000e-44	7.9694304598e-02
5.8680000000e-41	5.8667000000e-41	9.6224501484e-05
2.0099000000e-38	2.0099000000e-38	0.0000000000e+00
4.3868000000e-36	4.3868000000e-36	0.0000000000e+00
6.1008000000e-34	6.1008000000e-34	0.0000000000e+00
5.3884000000e-32	5.3884000000e-32	0.0000000000e+00
3.0207000000e-30	3.0207000000e-30	0.0000000000e+00
1.0726000000e-28	1.0726000000e-28	0.0000000000e+00
2.4175000000e-27	2.4175000000e-27	0.0000000000e+00
3.4429000000e-26	3.4429000000e-26	0.0000000000e+00
3.1318000000e-25	3.1318000000e-25	0.0000000000e+00
1.8479000000e-24	1.8479000000e-24	0.0000000000e+00
7.1426000000e-24	7.1426000000e-24	0.0000000000e+00
1.8291000000e-23	1.8291000000e-23	0.0000000000e+00
3.1244000000e-23	3.1244000000e-23	0.0000000000e+00
3.6121000000e-23	3.6121000000e-23	0.0000000000e+00
2.8529000000e-23	2.8529000000e-23	0.0000000000e+00
1.5567000000e-23	1.5567000000e-23	0.0000000000e+00
5.9246000000e-24	5.9246000000e-24	0.0000000000e+00
1.5808000000e-24	1.5808000000e-24	0.0000000000e+00
2.9355000000e-25	2.9355000000e-25	0.0000000000e+00
3.8401000000e-26	3.8401000000e-26	0.0000000000e+00
3.5261000000e-27	3.5261000000e-27	0.0000000000e+00
2.3264000000e-28	2.3264000000e-28	0.0000000000e+00
1.0948000000e-29	1.0948000000e-29	0.0000000000e+00
3.8375000000e-31	3.8375000000e-31	0.0000000000e+00
1.0584000000e-32	1.0584000000e-32	0.0000000000e+00
2.4158000000e-34	2.4158000000e-34	0.0000000000e+00
4.4384000000e-36	4.4384000000e-36	0.0000000000e+00
8.2384000000e-38	8.2384000000e-38	0.0000000000e+00
1.5739000000e-39	1.5739000000e-39	0.0000000000e+00
2.8339000000e-41	2.8278000000e-41	9.3583106300e-04
3.8659000000e-43	3.2090000000e-43	8.0880898761e-02
6.2865000000e-45	0.0000000000e+00	NA
1.0096000000e-46	0.0000000000e+00	NA
1.0787000000e-48	0.0000000000e+00	NA
1.2821000000e-50	0.0000000000e+00	NA
1.6187000000e-52	0.0000000000e+00	NA
1.8584000000e-54	0.0000000000e+00	NA
1.9940000000e-56	0.0000000000e+00	NA
1.8010000000e-58	0.0000000000e+00	NA
2.1469000000e-60	0.0000000000e+00	NA
1.7617000000e-62	0.0000000000e+00	NA
1.3282000000e-64	0.0000000000e+00	NA
1.1028000000e-66	0.0000000000e+00	NA
7.7835000000e-69	0.0000000000e+00	NA
4.8508000000e-71	0.0000000000e+00	NA
2.8581000000e-73	0.0000000000e+00	NA
1.5697000000e-75	0.0000000000e+00	NA
7.3904000000e-78	0.0000000000e+00	NA
4.0551000000e-80	0.0000000000e+00	NA
2.0979000000e-82	0.0000000000e+00	NA
9.2901000000e-85	0.0000000000e+00	NA
3.7970000000e-87	0.0000000000e+00	NA
1.2201000000e-89	0.0000000000e+00	NA
4.4459000000e-92	0.0000000000e+00	NA
1.1421000000e-94	0.0000000000e+00	NA
4.0895000000e-97	0.0000000000e+00	NA
1.1957000000e-99	0.0000000000e+00	NA
3.6412000000e-102	0.0000000000e+00	NA
7.7161000000e-105	0.0000000000e+00	NA
2.6493000000e-107	0.0000000000e+00	NA
6.2196000000e-110	0.0000000000e+00	NA
1.3205000000e-112	0.0000000000e+00	NA
2.6218000000e-115	0.0000000000e+00	NA
4.9782000000e-118	0.0000000000e+00	NA
8.8301000000e-121	0.0000000000e+00	NA
1.4879000000e-123	0.0000000000e+00	NA
2.2837000000e-126	0.0000000000e+00	NA
3.2840000000e-129	0.0000000000e+00	NA
4.4242000000e-132	0.0000000000e+00	NA
5.5838000000e-135	0.0000000000e+00	NA
6.6021000000e-138	0.0000000000e+00	NA
7.3129000000e-141	0.0000000000e+00	NA
7.5884000000e-144	0.0000000000e+00	NA
7.3765000000e-147	0.0000000000e+00	NA
6.7173000000e-150	0.0000000000e+00	NA
5.7303000000e-153	0.0000000000e+00	NA
4.5791000000e-156	0.0000000000e+00	NA
3.4278000000e-159	0.0000000000e+00	NA
2.4037000000e-162	0.0000000000e+00	NA
1.5789000000e-165	0.0000000000e+00	NA
1.7696000000e-127	0.0000000000e+00	NA
2.7607000000e-121	0.0000000000e+00	NA
2.8150000000e-115	0.0000000000e+00	NA
1.8839000000e-109	0.0000000000e+00	NA
8.2837000000e-104	0.0000000000e+00	NA
2.3948000000e-98	0.0000000000e+00	NA
4.5561000000e-93	0.0000000000e+00	NA
5.7025000000e-88	0.0000000000e+00	NA
4.6977000000e-83	0.0000000000e+00	NA
2.5489000000e-78	0.0000000000e+00	NA
9.1070000000e-74	0.0000000000e+00	NA
2.1664000000e-69	0.0000000000e+00	NA
3.4377000000e-65	0.0000000000e+00	NA
3.5982000000e-61	0.0000000000e+00	NA
2.4875000000e-57	0.0000000000e+00	NA
1.1371000000e-53	0.0000000000e+00	NA
3.3681000000e-50	0.0000000000e+00	NA
6.5699000000e-47	0.0000000000e+00	NA
8.3781000000e-44	6.1657000000e-44	1.3316314999e-01
7.1533000000e-41	7.1514000000e-41	1.1536900745e-04
3.9657000000e-38	3.9657000000e-38	0.0000000000e+00
1.3998000000e-35	1.3998000000e-35	0.0000000000e+00
3.1368000000e-33	3.1368000000e-33	0.0000000000e+00
4.4481000000e-31	4.4481000000e-31	0.0000000000e+00
3.9893000000e-29	3.9893000000e-29	0.0000000000e+00
2.2835000000e-27	2.2835000000e-27	0.0000000000e+00
8.1236000000e-26	8.1236000000e-26	0.0000000000e+00
1.8434000000e-24	1.8434000000e-24	0.0000000000e+00
2.5464000000e-23	2.5464000000e-23	0.0000000000e+00
2.2251000000e-22	2.2251000000e-22	0.0000000000e+00
1.2698000000e-21	1.2698000000e-21	0.0000000000e+00
4.7218000000e-21	4.7218000000e-21	0.0000000000e+00
1.1706000000e-20	1.1706000000e-20	0.0000000000e+00
1.9051000000e-20	1.9051000000e-20	0.0000000000e+00
2.1267000000e-20	2.1267000000e-20	0.0000000000e+00
1.6243000000e-20	1.6243000000e-20	0.0000000000e+00
8.6495000000e-21	8.6495000000e-21	0.0000000000e+00
3.2280000000e-21	3.2280000000e-21	0.0000000000e+00
8.4408000000e-22	8.4408000000e-22	0.0000000000e+00
1.5770000000e-22	1.5770000000e-22	0.0000000000e+00
2.1192000000e-23	2.1192000000e-23	0.0000000000e+00
1.9899000000e-24	1.9899000000e-24	0.0000000000e+00
1.3224000000e-25	1.3224000000e-25	0.0000000000e+00
5.8863000000e-27	5.8863000000e-27	0.0000000000e+00
2.3087000000e-28	2.3087000000e-28	0.0000000000e+00
7.3528000000e-30	7.3528000000e-30	0.0000000000e+00
2.1941000000e-31	2.1941000000e-31	0.0000000000e+00
4.4248000000e-33	4.4248000000e-33	0.0000000000e+00
9.0864000000e-35	9.0863000000e-35	4.7796362886e-06
2.1087000000e-36	2.1087000000e-36	0.0000000000e+00
4.1463000000e-38	4.1463000000e-38	0.0000000000e+00
7.2721000000e-40	7.2717000000e-40	2.3888913875e-05
1.1162000000e-41	1.1114000000e-41	1.8716257313e-03
1.9589000000e-43	1.2612000000e-43	1.9122830416e-01
3.3044000000e-45	0.0000000000e+00	NA
4.3289000000e-47	0.0000000000e+00	NA
5.3856000000e-49	0.0000000000e+00	NA
7.3200000000e-51	0.0000000000e+00	NA
1.1485000000e-52	0.0000000000e+00	NA
9.9029000000e-55	0.0000000000e+00	NA
1.1385000000e-56	0.0000000000e+00	NA
1.3499000000e-58	0.0000000000e+00	NA
1.2358000000e-60	0.0000000000e+00	NA
1.0562000000e-62	0.0000000000e+00	NA
8.4474000000e-65	0.0000000000e+00	NA
6.2899000000e-67	0.0000000000e+00	NA
4.4235000000e-69	0.0000000000e+00	NA
2.8964000000e-71	0.0000000000e+00	NA
1.6934000000e-73	0.0000000000e+00	NA
8.8362000000e-76	0.0000000000e+00	NA
5.5087000000e-78	0.0000000000e+00	NA
2.4477000000e-80	0.0000000000e+00	NA
1.3044000000e-82	0.0000000000e+00	NA
5.6318000000e-85	0.0000000000e+00	NA
2.0413000000e-87	0.0000000000e+00	NA
7.9168000000e-90	0.0000000000e+00	NA
2.8288000000e-92	0.0000000000e+00	NA
9.9020000000e-95	0.0000000000e+00	NA
2.8384000000e-97	0.0000000000e+00	NA
8.6165000000e-100	0.0000000000e+00	NA
2.5087000000e-102	0.0000000000e+00	NA
8.4476000000e-105	0.0000000000e+00	NA
2.0697000000e-107	0.0000000000e+00	NA
4.7438000000e-110	0.0000000000e+00	NA
1.0394000000e-112	0.0000000000e+00	NA
2.2192000000e-115	0.0000000000e+00	NA
4.2227000000e-118	0.0000000000e+00	NA
7.5277000000e-121	0.0000000000e+00	NA
1.2572000000e-123	0.0000000000e+00	NA
1.9671000000e-126	0.0000000000e+00	NA
2.8835000000e-129	0.0000000000e+00	NA
3.9597000000e-132	0.0000000000e+00	NA
5.0940000000e-135	0.0000000000e+00	NA
6.1392000000e-138	0.0000000000e+00	NA
6.9311000000e-141	0.0000000000e+00	NA
7.3305000000e-144	0.0000000000e+00	NA
7.2627000000e-147	0.0000000000e+00	NA
6.7406000000e-150	0.0000000000e+00	NA
5.8603000000e-153	0.0000000000e+00	NA
4.7728000000e-156	0.0000000000e+00	NA
3.6412000000e-159	0.0000000000e+00	NA
5.8051000000e-125	0.0000000000e+00	NA
9.0881000000e-119	0.0000000000e+00	NA
9.3030000000e-113	0.0000000000e+00	NA
6.2502000000e-107	0.0000000000e+00	NA
2.7623000000e-101	0.0000000000e+00	NA
8.0327000000e-96	0.0000000000e+00	NA
1.5375000000e-90	0.0000000000e+00	NA
1.9391000000e-85	0.0000000000e+00	NA
1.6108000000e-80	0.0000000000e+00	NA
8.8210000000e-76	0.0000000000e+00	NA
3.1841000000e-71	0.0000000000e+00	NA
7.7571000000e-67	0.0000000000e+00	NA
1.2484000000e-62	0.0000000000e+00	NA
1.3274000000e-58	0.0000000000e+00	NA
9.3812000000e-55	0.0000000000e+00	NA
4.4495000000e-51	0.0000000000e+00	NA
1.3952000000e-47	0.0000000000e+00	NA
2.6782000000e-44	8.4078000000e-45	5.0316063331e-01
3.5633000000e-41	3.5620000000e-41	1.5847271911e-04
3.1471000000e-38	3.1471000000e-38	0.0000000000e+00
1.7984000000e-35	1.7984000000e-35	0.0000000000e+00
6.5687000000e-33	6.5687000000e-33	0.0000000000e+00
1.5208000000e-30	1.5208000000e-30	0.0000000000e+00
2.2391000000e-28	2.2391000000e-28	0.0000000000e+00
2.0578000000e-26	2.0578000000e-26	0.0000000000e+00
1.1993000000e-24	1.1993000000e-24	0.0000000000e+00
4.3852000000e-23	4.3852000000e-23	0.0000000000e+00
9.5867000000e-22	9.5867000000e-22	0.0000000000e+00
1.3219000000e-20	1.3219000000e-20	0.0000000000e+00
1.1174000000e-19	1.1174000000e-19	0.0000000000e+00
6.1293000000e-19	6.1293000000e-19	0.0000000000e+00
2.1513000000e-18	2.1513000000e-18	0.0000000000e+00
5.0178000000e-18	5.0178000000e-18	0.0000000000e+00
7.9203000000e-18	7.9203000000e-18	0.0000000000e+00
8.3469000000e-18	8.3469000000e-18	0.0000000000e+00
6.1253000000e-18	6.1253000000e-18	0.0000000000e+00
3.1779000000e-18	3.1779000000e-18	0.0000000000e+00
1.1634000000e-18	1.1634000000e-18	0.0000000000e+00
3.0170000000e-19	3.0170000000e-19	0.0000000000e+00
5.6758000000e-20	5.6758000000e-20	0.0000000000e+00
7.5764000000e-21	7.5764000000e-21	0.0000000000e+00
7.1258000000e-22	7.1258000000e-22	0.0000000000e+00
5.0487000000e-23	5.0487000000e-23	0.0000000000e+00
2.8016000000e-24	2.8016000000e-24	0.0000000000e+00
1.1569000000e-25	1.1569000000e-25	0.0000000000e+00
4.1063000000e-27	4.1063000000e-27	0.0000000000e+00
1.2664000000e-28	1.2664000000e-28	0.0000000000e+00
3.3618000000e-30	3.3618000000e-30	0.0000000000e+00
6.9898000000e-32	6.9898000000e-32	0.0000000000e+00
1.7011000000e-33	1.7011000000e-33	0.0000000000e+00
3.1924000000e-35	3.1924000000e-35	0.0000000000e+00
8.0179000000e-37	8.0179000000e-37	0.0000000000e+00
1.6572000000e-38	1.6572000000e-38	0.0000000000e+00
2.5234000000e-40	2.5231000000e-40	5.1635131170e-05
5.0994000000e-42	5.0152000000e-42	7.2308227928e-03
8.2885000000e-44	3.5032000000e-44	3.7401100962e-01
1.4040000000e-45	0.0000000000e+00	NA
2.1131000000e-47	0.0000000000e+00	NA
2.9419000000e-49	0.0000000000e+00	NA
4.3796000000e-51	0.0000000000e+00	NA
3.9173000000e-53	0.0000000000e+00	NA
4.4623000000e-55	0.0000000000e+00	NA
6.0087000000e-57	0.0000000000e+00	NA
5.6627000000e-59	0.0000000000e+00	NA
5.6163000000e-61	0.0000000000e+00	NA
4.0976000000e-63	0.0000000000e+00	NA
3.5686000000e-65	0.0000000000e+00	NA
2.9976000000e-67	0.0000000000e+00	NA
2.4138000000e-69	0.0000000000e+00	NA
1.6217000000e-71	0.0000000000e+00	NA
9.9326000000e-74	0.0000000000e+00	NA
5.8586000000e-76	0.0000000000e+00	NA
3.3160000000e-78	0.0000000000e+00	NA
1.6562000000e-80	0.0000000000e+00	NA
7.8607000000e-83	0.0000000000e+00	NA
3.5399000000e-85	0.0000000000e+00	NA
1.4125000000e-87	0.0000000000e+00	NA
5.0349000000e-90	0.0000000000e+00	NA
1.5807000000e-92	0.0000000000e+00	NA
7.2759000000e-95	0.0000000000e+00	NA
2.1090000000e-97	0.0000000000e+00	NA
8.0002000000e-100	0.0000000000e+00	NA
2.2949000000e-102	0.0000000000e+00	NA
6.1451000000e-105	0.0000000000e+00	NA
1.4551000000e-107	0.0000000000e+00	NA
3.8518000000e-110	0.0000000000e+00	NA
8.5124000000e-113	0.0000000000e+00	NA
1.7625000000e-115	0.0000000000e+00	NA
3.4188000000e-118	0.0000000000e+00	NA
6.2128000000e-121	0.0000000000e+00	NA
1.0577000000e-123	0.0000000000e+00	NA
1.6870000000e-126	0.0000000000e+00	NA
2.5205000000e-129	0.0000000000e+00	NA
3.5280000000e-132	0.0000000000e+00	NA
4.6261000000e-135	0.0000000000e+00	NA
5.6825000000e-138	0.0000000000e+00	NA
6.5388000000e-141	0.0000000000e+00	NA
7.0484000000e-144	0.0000000000e+00	NA
7.1172000000e-147	0.0000000000e+00	NA
6.7321000000e-150	0.0000000000e+00	NA
5.9650000000e-153	0.0000000000e+00	NA
1.2471000000e-122	0.0000000000e+00	NA
1.9572000000e-116	0.0000000000e+00	NA
2.0105000000e-110	0.0000000000e+00	NA
1.3567000000e-104	0.0000000000e+00	NA
6.0235000000e-99	0.0000000000e+00	NA
1.7611000000e-93	0.0000000000e+00	NA
3.3924000000e-88	0.0000000000e+00	NA
4.3095000000e-83	0.0000000000e+00	NA
3.6095000000e-78	0.0000000000e+00	NA
1.9951000000e-73	0.0000000000e+00	NA
7.3385000000e-69	0.0000000000e+00	NA
1.8115000000e-64	0.0000000000e+00	NA
2.9532000000e-60	0.0000000000e+00	NA
3.1797000000e-56	0.0000000000e+00	NA
2.2995000000e-52	0.0000000000e+00	NA
1.1138000000e-48	0.0000000000e+00	NA
3.4871000000e-45	0.0000000000e+00	NA
7.3982000000e-42	7.3876000000e-42	6.2269505834e-04
1.0047000000e-38	1.0047000000e-38	0.0000000000e+00
9.1696000000e-36	9.1695000000e-36	4.7362682128e-06
5.4589000000e-33	5.4589000000e-33	0.0000000000e+00
2.0724000000e-30	2.0724000000e-30	0.0000000000e+00
5.0206000000e-28	5.0206000000e-28	0.0000000000e+00
7.7394000000e-26	7.7394000000e-26	0.0000000000e+00
7.4379000000e-24	7.4379000000e-24	0.0000000000e+00
4.4641000000e-22	4.4641000000e-22	0.0000000000e+00
1.6266000000e-20	1.6266000000e-20	0.0000000000e+00
3.5408000000e-19	3.5408000000e-19	0.0000000000e+00
4.6891000000e-18	4.6891000000e-18	0.0000000000e+00
3.9391000000e-17	3.9391000000e-17	0.0000000000e+00
2.0479000000e-16	2.0479000000e-16	0.0000000000e+00
6.7321000000e-16	6.7321000000e-16	0.0000000000e+00
1.4834000000e-15	1.4834000000e-15	0.0000000000e+00
2.1735000000e-15	2.1735000000e-15	0.0000000000e+00
2.1942000000e-15	2.1942000000e-15	0.0000000000e+00
1.5433000000e-15	1.5433000000e-15	0.0000000000e+00
7.7363000000e-16	7.7363000000e-16	0.0000000000e+00
2.7737000000e-16	2.7737000000e-16	0.0000000000e+00
7.1126000000e-17	7.1126000000e-17	0.0000000000e+00
1.3187000000e-17	1.3187000000e-17	0.0000000000e+00
1.7898000000e-18	1.7898000000e-18	0.0000000000e+00
1.7123000000e-19	1.7123000000e-19	0.0000000000e+00
1.3256000000e-20	1.3256000000e-20	0.0000000000e+00
7.7016000000e-22	7.7016000000e-22	0.0000000000e+00
3.6144000000e-23	3.6144000000e-23	0.0000000000e+00
1.3694000000e-24	1.3694000000e-24	0.0000000000e+00
4.8012000000e-26	4.8012000000e-26	0.0000000000e+00
1.4869000000e-27	1.4869000000e-27	0.0000000000e+00
4.2587000000e-29	4.2587000000e-29	0.0000000000e+00
1.1130000000e-30	1.1130000000e-30	0.0000000000e+00
2.9971000000e-32	2.9971000000e-32	0.0000000000e+00
6.7027000000e-34	6.7027000000e-34	0.0000000000e+00
1.4496000000e-35	1.4496000000e-35	0.0000000000e+00
3.3203000000e-37	3.3203000000e-37	0.0000000000e+00
6.9563000000e-39	6.9562000000e-39	6.2432270535e-06
1.4037000000e-40	1.4037000000e-40	0.0000000000e+00
2.5596000000e-42	2.4929000000e-42	1.1467243900e-02
4.2212000000e-44	0.0000000000e+00	NA
6.1696000000e-46	0.0000000000e+00	NA
1.1837000000e-47	0.0000000000e+00	NA
1.2000000000e-49	0.0000000000e+00	NA
1.5417000000e-51	0.0000000000e+00	NA
2.2181000000e-53	0.0000000000e+00	NA
2.7231000000e-55	0.0000000000e+00	NA
2.8769000000e-57	0.0000000000e+00	NA
3.0085000000e-59	0.0000000000e+00	NA
2.5629000000e-61	0.0000000000e+00	NA
2.5553000000e-63	0.0000000000e+00	NA
2.1719000000e-65	0.0000000000e+00	NA
1.8224000000e-67	0.0000000000e+00	NA
1.1421000000e-69	0.0000000000e+00	NA
8.2650000000e-72	0.0000000000e+00	NA
5.6317000000e-74	0.0000000000e+00	NA
3.4949000000e-76	0.0000000000e+00	NA
1.8956000000e-78	0.0000000000e+00	NA
1.0231000000e-80	0.0000000000e+00	NA
4.8145000000e-83	0.0000000000e+00	NA
2.0670000000e-85	0.0000000000e+00	NA
9.2748000000e-88	0.0000000000e+00	NA
2.9244000000e-90	0.0000000000e+00	NA
1.1147000000e-92	0.0000000000e+00	NA
4.9177000000e-95	0.0000000000e+00	NA
1.7802000000e-97	0.0000000000e+00	NA
5.6539000000e-100	0.0000000000e+00	NA
1.6581000000e-102	0.0000000000e+00	NA
4.7484000000e-105	0.0000000000e+00	NA
1.2188000000e-107	0.0000000000e+00	NA
2.9310000000e-110	0.0000000000e+00	NA
6.6033000000e-113	0.0000000000e+00	NA
1.3937000000e-115	0.0000000000e+00	NA
2.7559000000e-118	0.0000000000e+00	NA
5.1050000000e-121	0.0000000000e+00	NA
8.8590000000e-124	0.0000000000e+00	NA
1.4402000000e-126	0.0000000000e+00	NA
2.1933000000e-129	0.0000000000e+00	NA
3.1291000000e-132	0.0000000000e+00	NA
4.1819000000e-135	0.0000000000e+00	NA
5.2355000000e-138	0.0000000000e+00	NA
6.1400000000e-141	0.0000000000e+00	NA
6.7453000000e-144	0.0000000000e+00	NA
6.9416000000e-147	0.0000000000e+00	NA
1.7509000000e-120	0.0000000000e+00	NA
2.7564000000e-114	0.0000000000e+00	NA
2.8409000000e-108	0.0000000000e+00	NA
1.9236000000e-102	0.0000000000e+00	NA
8.5782000000e-97	0.0000000000e+00	NA
2.5221000000e-91	0.0000000000e+00	NA
4.8880000000e-86	0.0000000000e+00	NA
6.2541000000e-81	0.0000000000e+00	NA
5.2815000000e-76	0.0000000000e+00	NA
2.9464000000e-71	0.0000000000e+00	NA
1.1035000000e-66	0.0000000000e+00	NA
2.7585000000e-62	0.0000000000e+00	NA
4.5575000000e-58	0.0000000000e+00	NA
5.0056000000e-54	0.0000000000e+00	NA
3.6618000000e-50	0.0000000000e+00	NA
1.7417000000e-46	0.0000000000e+00	NA
5.7680000000e-43	5.5351000000e-43	1.7899780235e-02
1.3021000000e-39	1.3021000000e-39	0.0000000000e+00
1.8381000000e-36	1.8381000000e-36	0.0000000000e+00
1.7554000000e-33	1.7554000000e-33	0.0000000000e+00
1.0895000000e-30	1.0895000000e-30	0.0000000000e+00
4.3580000000e-28	4.3580000000e-28	0.0000000000e+00
1.1756000000e-25	1.1756000000e-25	0.0000000000e+00
1.8593000000e-23	1.8593000000e-23	0.0000000000e+00
1.8270000000e-21	1.8270000000e-21	0.0000000000e+00
1.1830000000e-19	1.1830000000e-19	0.0000000000e+00
4.6765000000e-18	4.6765000000e-18	0.0000000000e+00
9.5799000000e-17	9.5799000000e-17	0.0000000000e+00
1.2484000000e-15	1.2484000000e-15	0.0000000000e+00
9.7365000000e-15	9.7365000000e-15	0.0000000000e+00
4.7813000000e-14	4.7813000000e-14	0.0000000000e+00
1.4897000000e-13	1.4897000000e-13	0.0000000000e+00
3.0280000000e-13	3.0280000000e-13	0.0000000000e+00
4.1247000000e-13	4.1247000000e-13	0.0000000000e+00
3.8678000000e-13	3.8678000000e-13	0.0000000000e+00
2.5911000000e-13	2.5911000000e-13	0.0000000000e+00
1.2481000000e-13	1.2481000000e-13	0.0000000000e+00
4.3617000000e-14	4.3617000000e-14	0.0000000000e+00
1.1083000000e-14	1.1083000000e-14	0.0000000000e+00
2.0588000000e-15	2.0588000000e-15	0.0000000000e+00
2.8347000000e-16	2.8347000000e-16	0.0000000000e+00
2.9249000000e-17	2.9249000000e-17	0.0000000000e+00
2.2656000000e-18	2.2656000000e-18	0.0000000000e+00
1.3582000000e-19	1.3582000000e-19	0.0000000000e+00
7.1063000000e-21	7.1063000000e-21	0.0000000000e+00
3.1501000000e-22	3.1501000000e-22	0.0000000000e+00
1.2415000000e-23	1.2415000000e-23	0.0000000000e+00
4.6088000000e-25	4.6088000000e-25	0.0000000000e+00
1.5496000000e-26	1.5496000000e-26	0.0000000000e+00
4.8362000000e-28	4.8362000000e-28	0.0000000000e+00
1.5082000000e-29	1.5082000000e-29	0.0000000000e+00
4.3512000000e-31	4.3512000000e-31	0.0000000000e+00
1.1646000000e-32	1.1646000000e-32	0.0000000000e+00
2.7324000000e-34	2.7323000000e-34	1.5894540668e-05
6.5306000000e-36	6.5306000000e-36	0.0000000000e+00
1.4014000000e-37	1.4014000000e-37	0.0000000000e+00
3.0146000000e-39	3.0145000000e-39	1.4406610670e-05
5.7080000000e-41	5.7031000000e-41	3.7297773083e-04
1.0186000000e-42	9.5569000000e-43	2.7686630111e-02
1.7405000000e-44	0.0000000000e+00	NA
3.1749000000e-46	0.0000000000e+00	NA
3.7982000000e-48	0.0000000000e+00	NA
6.0769000000e-50	0.0000000000e+00	NA
7.6423000000e-52	0.0000000000e+00	NA
1.1346000000e-53	0.0000000000e+00	NA
1.4686000000e-55	0.0000000000e+00	NA
1.4426000000e-57	0.0000000000e+00	NA
1.6694000000e-59	0.0000000000e+00	NA
1.5976000000e-61	0.0000000000e+00	NA
1.2024000000e-63	0.0000000000e+00	NA
1.0343000000e-65	0.0000000000e+00	NA
9.5390000000e-68	0.0000000000e+00	NA
6.0907000000e-70	0.0000000000e+00	NA
4.3020000000e-72	0.0000000000e+00	NA
3.2764000000e-74	0.0000000000e+00	NA
2.0211000000e-76	0.0000000000e+00	NA
1.1121000000e-78	0.0000000000e+00	NA
6.1372000000e-81	0.0000000000e+00	NA
2.9066000000e-83	0.0000000000e+00	NA
1.3887000000e-85	0.0000000000e+00	NA
6.3692000000e-88	0.0000000000e+00	NA
2.5674000000e-90	0.0000000000e+00	NA
1.0114000000e-92	0.0000000000e+00	NA
3.6369000000e-95	0.0000000000e+00	NA
1.2825000000e-97	0.0000000000e+00	NA
4.1577000000e-100	0.0000000000e+00	NA
1.2395000000e-102	0.0000000000e+00	NA
3.4621000000e-105	0.0000000000e+00	NA
9.0592000000e-108	0.0000000000e+00	NA
2.2208000000e-110	0.0000000000e+00	NA
5.1003000000e-113	0.0000000000e+00	NA
1.0973000000e-115	0.0000000000e+00	NA
2.2117000000e-118	0.0000000000e+00	NA
4.1760000000e-121	0.0000000000e+00	NA
7.3865000000e-124	0.0000000000e+00	NA
1.2239000000e-126	0.0000000000e+00	NA
1.8998000000e-129	0.0000000000e+00	NA
2.7624000000e-132	0.0000000000e+00	NA
3.7627000000e-135	0.0000000000e+00	NA
4.8010000000e-138	0.0000000000e+00	NA
5.7383000000e-141	0.0000000000e+00	NA
1.6079000000e-118	0.0000000000e+00	NA
2.5374000000e-112	0.0000000000e+00	NA
2.6224000000e-106	0.0000000000e+00	NA
1.7820000000e-100	0.0000000000e+00	NA
7.9790000000e-95	0.0000000000e+00	NA
2.3570000000e-89	0.0000000000e+00	NA
4.5953000000e-84	0.0000000000e+00	NA
5.9205000000e-79	0.0000000000e+00	NA
5.0408000000e-74	0.0000000000e+00	NA
2.8393000000e-69	0.0000000000e+00	NA
1.0804000000e-64	0.0000000000e+00	NA
2.7366000000e-60	0.0000000000e+00	NA
4.5923000000e-56	0.0000000000e+00	NA
5.1549000000e-52	0.0000000000e+00	NA
3.8738000000e-48	0.0000000000e+00	NA
1.9775000000e-44	0.0000000000e+00	NA
6.4310000000e-41	6.4307000000e-41	2.0259894819e-05
1.4615000000e-37	1.4615000000e-37	0.0000000000e+00
2.1843000000e-34	2.1843000000e-34	0.0000000000e+00
2.3775000000e-31	2.3775000000e-31	0.0000000000e+00
1.4352000000e-28	1.4352000000e-28	0.0000000000e+00
6.2266000000e-26	6.2266000000e-26	0.0000000000e+00
2.2200000000e-23	2.2200000000e-23	0.0000000000e+00
5.2879000000e-21	5.2879000000e-21	0.0000000000e+00
4.6891000000e-19	4.6891000000e-19	0.0000000000e+00
3.0407000000e-17	3.0407000000e-17	0.0000000000e+00
1.6787000000e-15	1.6787000000e-15	0.0000000000e+00
1.8305000000e-14	1.8305000000e-14	0.0000000000e+00
2.3503000000e-13	2.3503000000e-13	0.0000000000e+00
1.7795000000e-12	1.7795000000e-12	0.0000000000e+00
8.4965000000e-12	8.4965000000e-12	0.0000000000e+00
2.4039000000e-11	2.4039000000e-11	0.0000000000e+00
4.3577000000e-11	4.3577000000e-11	0.0000000000e+00
5.3060000000e-11	5.3060000000e-11	0.0000000000e+00
4.6207000000e-11	4.6207000000e-11	0.0000000000e+00
2.9036000000e-11	2.9036000000e-11	0.0000000000e+00
1.3324000000e-11	1.3324000000e-11	0.0000000000e+00
4.5283000000e-12	4.5283000000e-12	0.0000000000e+00
1.1397000000e-12	1.1397000000e-12	0.0000000000e+00
2.1386000000e-13	2.1386000000e-13	0.0000000000e+00
2.9807000000e-14	2.9807000000e-14	0.0000000000e+00
3.1870000000e-15	3.1870000000e-15	0.0000000000e+00
2.6433000000e-16	2.6433000000e-16	0.0000000000e+00
1.7543000000e-17	1.7543000000e-17	0.0000000000e+00
1.0095000000e-18	1.0095000000e-18	0.0000000000e+00
4.9728000000e-20	4.9727000000e-20	8.7334871432e-06
2.3154000000e-21	2.3154000000e-21	0.0000000000e+00
9.6823000000e-23	9.6823000000e-23	0.0000000000e+00
3.8552000000e-24	3.8552000000e-24	0.0000000000e+00
1.4740000000e-25	1.4740000000e-25	0.0000000000e+00
5.1999000000e-27	5.1999000000e-27	0.0000000000e+00
1.5957000000e-28	1.5957000000e-28	0.0000000000e+00
5.2667000000e-30	5.2667000000e-30	0.0000000000e+00
1.3972000000e-31	1.3972000000e-31	0.0000000000e+00
4.0809000000e-33	4.0809000000e-33	0.0000000000e+00
1.0179000000e-34	1.0179000000e-34	0.0000000000e+00
2.5308000000e-36	2.5308000000e-36	0.0000000000e+00
5.6699000000e-38	5.6699000000e-38	0.0000000000e+00
1.1329000000e-39	1.1328000000e-39	3.8336450738e-05
2.4642000000e-41	2.4583000000e-41	1.0410720854e-03
4.5033000000e-43	3.8956000000e-43	6.2956522514e-02
9.1457000000e-45	0.0000000000e+00	NA
1.3283000000e-46	0.0000000000e+00	NA
2.0937000000e-48	0.0000000000e+00	NA
3.2910000000e-50	0.0000000000e+00	NA
4.4213000000e-52	0.0000000000e+00	NA
5.0830000000e-54	0.0000000000e+00	NA
7.0111000000e-56	0.0000000000e+00	NA
7.8928000000e-58	0.0000000000e+00	NA
7.5529000000e-60	0.0000000000e+00	NA
7.3113000000e-62	0.0000000000e+00	NA
6.4622000000e-64	0.0000000000e+00	NA
6.3720000000e-66	0.0000000000e+00	NA
5.1905000000e-68	0.0000000000e+00	NA
3.9970000000e-70	0.0000000000e+00	NA
2.8228000000e-72	0.0000000000e+00	NA
1.8825000000e-74	0.0000000000e+00	NA
1.1667000000e-76	0.0000000000e+00	NA
6.0865000000e-79	0.0000000000e+00	NA
3.6485000000e-81	0.0000000000e+00	NA
1.8857000000e-83	0.0000000000e+00	NA
9.0466000000e-86	0.0000000000e+00	NA
3.9968000000e-88	0.0000000000e+00	NA
1.7304000000e-90	0.0000000000e+00	NA
6.9958000000e-93	0.0000000000e+00	NA
2.5857000000e-95	0.0000000000e+00	NA
8.9534000000e-98	0.0000000000e+00	NA
2.9046000000e-100	0.0000000000e+00	NA
8.8277000000e-103	0.0000000000e+00	NA
2.5135000000e-105	0.0000000000e+00	NA
6.7045000000e-108	0.0000000000e+00	NA
1.6754000000e-110	0.0000000000e+00	NA
3.9220000000e-113	0.0000000000e+00	NA
8.6011000000e-116	0.0000000000e+00	NA
1.7670000000e-118	0.0000000000e+00	NA
3.4006000000e-121	0.0000000000e+00	NA
6.1307000000e-124	0.0000000000e+00	NA
1.0354000000e-126	0.0000000000e+00	NA
1.6380000000e-129	0.0000000000e+00	NA
2.4274000000e-132	0.0000000000e+00	NA
3.3697000000e-135	0.0000000000e+00	NA
9.6558000000e-117	0.0000000000e+00	NA
1.5257000000e-110	0.0000000000e+00	NA
1.5807000000e-104	0.0000000000e+00	NA
1.0771000000e-98	0.0000000000e+00	NA
4.8402000000e-93	0.0000000000e+00	NA
1.4363000000e-87	0.0000000000e+00	NA
2.8159000000e-82	0.0000000000e+00	NA
3.6513000000e-77	0.0000000000e+00	NA
3.1340000000e-72	0.0000000000e+00	NA
1.7823000000e-67	0.0000000000e+00	NA
6.8747000000e-63	0.0000000000e+00	NA
1.7644000000e-58	0.0000000000e+00	NA
3.0106000000e-54	0.0000000000e+00	NA
3.4481000000e-50	0.0000000000e+00	NA
2.6488000000e-46	0.0000000000e+00	NA
1.3579000000e-42	1.3424000000e-42	4.9858448345e-03
4.7567000000e-39	4.7567000000e-39	0.0000000000e+00
1.0785000000e-35	1.0785000000e-35	0.0000000000e+00
1.6658000000e-32	1.6658000000e-32	0.0000000000e+00
2.0809000000e-29	2.0809000000e-29	0.0000000000e+00
1.4081000000e-26	1.4081000000e-26	0.0000000000e+00
5.8292000000e-24	5.8292000000e-24	0.0000000000e+00
1.9329000000e-21	1.9329000000e-21	0.0000000000e+00
6.8535000000e-19	6.8535000000e-19	0.0000000000e+00
1.0474000000e-16	1.0474000000e-16	0.0000000000e+00
5.9604000000e-15	5.9604000000e-15	0.0000000000e+00
2.0356000000e-13	2.0356000000e-13	0.0000000000e+00
2.9673000000e-12	2.9673000000e-12	0.0000000000e+00
3.4493000000e-11	3.4493000000e-11	0.0000000000e+00
2.5006000000e-10	2.5006000000e-10	0.0000000000e+00
1.4947000000e-09	1.4947000000e-09	0.0000000000e+00
3.4571000000e-09	3.4571000000e-09	0.0000000000e+00
4.3687000000e-09	4.3687000000e-09	0.0000000000e+00
4.7774000000e-09	4.7774000000e-09	0.0000000000e+00
3.7651000000e-09	3.7651000000e-09	0.0000000000e+00
2.1589000000e-09	2.1589000000e-09	0.0000000000e+00
9.4279000000e-10	9.4279000000e-10	0.0000000000e+00
3.0986000000e-10	3.0986000000e-10	0.0000000000e+00
7.7336000000e-11	7.7336000000e-11	0.0000000000e+00
1.4656000000e-11	1.4656000000e-11	0.0000000000e+00
2.1032000000e-12	2.1032000000e-12	0.0000000000e+00
2.3513000000e-13	2.3513000000e-13	0.0000000000e+00
2.0762000000e-14	2.0762000000e-14	0.0000000000e+00
1.5441000000e-15	1.5441000000e-15	0.0000000000e+00
9.4797000000e-17	9.4797000000e-17	0.0000000000e+00
5.6566000000e-18	5.6566000000e-18	0.0000000000e+00
2.9193000000e-19	2.9193000000e-19	0.0000000000e+00
1.4533000000e-20	1.4533000000e-20	0.0000000000e+00
6.7332000000e-22	6.7332000000e-22	0.0000000000e+00
2.9247000000e-23	2.9247000000e-23	0.0000000000e+00
1.1966000000e-24	1.1966000000e-24	0.0000000000e+00
4.6939000000e-26	4.6939000000e-26	0.0000000000e+00
1.6393000000e-27	1.6393000000e-27	0.0000000000e+00
5.7891000000e-29	5.7891000000e-29	0.0000000000e+00
1.7532000000e-30	1.7532000000e-30	0.0000000000e+00
5.2646000000e-32	5.2646000000e-32	0.0000000000e+00
1.4352000000e-33	1.4352000000e-33	0.0000000000e+00
4.0863000000e-35	4.0863000000e-35	0.0000000000e+00
9.4261000000e-37	9.4261000000e-37	0.0000000000e+00
2.0683000000e-38	2.0683000000e-38	0.0000000000e+00
4.4423000000e-40	4.4420000000e-40	2.9330019162e-05
9.3402000000e-42	9.2710000000e-42	3.2295947218e-03
1.8815000000e-43	1.4854000000e-43	1.0266080308e-01
3.6401000000e-45	0.0000000000e+00	NA
6.3375000000e-47	0.0000000000e+00	NA
9.1711000000e-49	0.0000000000e+00	NA
1.3750000000e-50	0.0000000000e+00	NA
1.8725000000e-52	0.0000000000e+00	NA
2.7387000000e-54	0.0000000000e+00	NA
3.3827000000e-56	0.0000000000e+00	NA
3.4155000000e-58	0.0000000000e+00	NA
4.0042000000e-60	0.0000000000e+00	NA
4.1198000000e-62	0.0000000000e+00	NA
3.8144000000e-64	0.0000000000e+00	NA
3.3426000000e-66	0.0000000000e+00	NA
2.7764000000e-68	0.0000000000e+00	NA
2.1417000000e-70	0.0000000000e+00	NA
1.5685000000e-72	0.0000000000e+00	NA
9.8332000000e-75	0.0000000000e+00	NA
6.6142000000e-77	0.0000000000e+00	NA
3.9687000000e-79	0.0000000000e+00	NA
2.2135000000e-81	0.0000000000e+00	NA
1.1638000000e-83	0.0000000000e+00	NA
5.6556000000e-86	0.0000000000e+00	NA
2.6603000000e-88	0.0000000000e+00	NA
1.1421000000e-90	0.0000000000e+00	NA
4.5934000000e-93	0.0000000000e+00	NA
1.7308000000e-95	0.0000000000e+00	NA
6.1098000000e-98	0.0000000000e+00	NA
2.0206000000e-100	0.0000000000e+00	NA
6.2601000000e-103	0.0000000000e+00	NA
1.8169000000e-105	0.0000000000e+00	NA
4.9402000000e-108	0.0000000000e+00	NA
1.2583000000e-110	0.0000000000e+00	NA
3.0025000000e-113	0.0000000000e+00	NA
6.7114000000e-116	0.0000000000e+00	NA
1.4053000000e-118	0.0000000000e+00	NA
2.7565000000e-121	0.0000000000e+00	NA
5.0649000000e-124	0.0000000000e+00	NA
8.7178000000e-127	0.0000000000e+00	NA
1.4056000000e-129	0.0000000000e+00	NA
3.7879000000e-115	0.0000000000e+00	NA
5.9946000000e-109	0.0000000000e+00	NA
6.2178000000e-103	0.0000000000e+00	NA
4.2483000000e-97	0.0000000000e+00	NA
1.9148000000e-91	0.0000000000e+00	NA
5.7033000000e-86	0.0000000000e+00	NA
1.1234000000e-80	0.0000000000e+00	NA
1.4654000000e-75	0.0000000000e+00	NA
1.2668000000e-70	0.0000000000e+00	NA
7.2769000000e-66	0.0000000000e+00	NA
2.8359000000e-61	0.0000000000e+00	NA
7.3695000000e-57	0.0000000000e+00	NA
1.2775000000e-52	0.0000000000e+00	NA
1.4890000000e-48	0.0000000000e+00	NA
1.1682000000e-44	0.0000000000e+00	NA
6.1557000000e-41	6.1555000000e-41	1.4110549157e-05
2.1540000000e-37	2.1540000000e-37	0.0000000000e+00
5.0841000000e-34	5.0841000000e-34	0.0000000000e+00
8.1932000000e-31	8.1932000000e-31	0.0000000000e+00
9.3672000000e-28	9.3672000000e-28	0.0000000000e+00
8.3464000000e-25	8.3464000000e-25	0.0000000000e+00
3.7428000000e-22	3.7428000000e-22	0.0000000000e+00
1.2901000000e-19	1.2901000000e-19	0.0000000000e+00
4.5124000000e-17	4.5124000000e-17	0.0000000000e+00
5.6416000000e-15	5.6416000000e-15	0.0000000000e+00
6.0628000000e-13	6.0628000000e-13	0.0000000000e+00
3.8984000000e-11	3.8984000000e-11	0.0000000000e+00
5.5310000000e-10	5.5310000000e-10	0.0000000000e+00
5.3345000000e-09	5.3345000000e-09	0.0000000000e+00
3.2852000000e-08	3.2852000000e-08	0.0000000000e+00
1.6664000000e-07	1.6664000000e-07	0.0000000000e+00
2.5563000000e-07	2.5563000000e-07	0.0000000000e+00
3.1356000000e-07	3.1356000000e-07	0.0000000000e+00
2.9142000000e-07	2.9142000000e-07	0.0000000000e+00
2.0286000000e-07	2.0286000000e-07	0.0000000000e+00
1.0740000000e-07	1.0740000000e-07	0.0000000000e+00
4.4260000000e-08	4.4260000000e-08	0.0000000000e+00
1.3983000000e-08	1.3983000000e-08	0.0000000000e+00
3.4629000000e-09	3.4629000000e-09	0.0000000000e+00
6.6441000000e-10	6.6441000000e-10	0.0000000000e+00
9.9512000000e-11	9.9512000000e-11	0.0000000000e+00
1.1663000000e-11	1.1663000000e-11	0.0000000000e+00
1.1196000000e-12	1.1196000000e-12	0.0000000000e+00
9.1383000000e-14	9.1383000000e-14	0.0000000000e+00
6.5968000000e-15	6.5968000000e-15	0.0000000000e+00
4.2634000000e-16	4.2634000000e-16	0.0000000000e+00
2.6936000000e-17	2.6936000000e-17	0.0000000000e+00
1.5646000000e-18	1.5646000000e-18	0.0000000000e+00
8.2463000000e-20	8.2463000000e-20	0.0000000000e+00
4.2039000000e-21	4.2039000000e-21	0.0000000000e+00
2.0510000000e-22	2.0510000000e-22	0.0000000000e+00
9.1931000000e-24	9.1931000000e-24	0.0000000000e+00
3.8296000000e-25	3.8296000000e-25	0.0000000000e+00
1.5155000000e-26	1.5155000000e-26	0.0000000000e+00
5.6818000000e-28	5.6818000000e-28	0.0000000000e+00
1.8998000000e-29	1.8998000000e-29	0.0000000000e+00
6.2461000000e-31	6.2461000000e-31	0.0000000000e+00
1.9969000000e-32	1.9969000000e-32	0.0000000000e+00
5.3717000000e-34	5.3717000000e-34	0.0000000000e+00
1.3660000000e-35	1.3660000000e-35	0.0000000000e+00
3.4704000000e-37	3.4704000000e-37	0.0000000000e+00
8.5017000000e-39	8.5016000000e-39	5.1083552241e-06
1.9515000000e-40	1.9508000000e-40	1.5580869774e-04
4.5644000000e-42	4.5038000000e-42	5.8046001170e-03
8.1610000000e-44	4.6243000000e-44	2.4669737681e-01
1.4658000000e-45	0.0000000000e+00	NA
2.7869000000e-47	0.0000000000e+00	NA
3.6581000000e-49	0.0000000000e+00	NA
6.1381000000e-51	0.0000000000e+00	NA
9.5432000000e-53	0.0000000000e+00	NA
1.2766000000e-54	0.0000000000e+00	NA
1.5811000000e-56	0.0000000000e+00	NA
1.7953000000e-58	0.0000000000e+00	NA
1.9269000000e-60	0.0000000000e+00	NA
2.0418000000e-62	0.0000000000e+00	NA
1.9710000000e-64	0.0000000000e+00	NA
1.7678000000e-66	0.0000000000e+00	NA
1.4741000000e-68	0.0000000000e+00	NA
1.1603000000e-70	0.0000000000e+00	NA
8.5377000000e-73	0.0000000000e+00	NA
5.9398000000e-75	0.0000000000e+00	NA
3.8095000000e-77	0.0000000000e+00	NA
2.3383000000e-79	0.0000000000e+00	NA
1.3246000000e-81	0.0000000000e+00	NA
7.1851000000e-84	0.0000000000e+00	NA
3.5828000000e-86	0.0000000000e+00	NA
1.6737000000e-88	0.0000000000e+00	NA
7.3253000000e-91	0.0000000000e+00	NA
3.0035000000e-93	0.0000000000e+00	NA
1.1537000000e-95	0.0000000000e+00	NA
4.1516000000e-98	0.0000000000e+00	NA
1.3996000000e-100	0.0000000000e+00	NA
4.4199000000e-103	0.0000000000e+00	NA
1.3076000000e-105	0.0000000000e+00	NA
3.6239000000e-108	0.0000000000e+00	NA
9.4084000000e-111	0.0000000000e+00	NA
2.2882000000e-113	0.0000000000e+00	NA
5.2129000000e-116	0.0000000000e+00	NA
1.1125000000e-118	0.0000000000e+00	NA
2.2241000000e-121	0.0000000000e+00	NA
4.1649000000e-124	0.0000000000e+00	NA
9.7078000000e-114	0.0000000000e+00	NA
1.5375000000e-107	0.0000000000e+00	NA
1.5967000000e-101	0.0000000000e+00	NA
1.0923000000e-95	0.0000000000e+00	NA
4.9345000000e-90	0.0000000000e+00	NA
1.4740000000e-84	0.0000000000e+00	NA
2.9149000000e-79	0.0000000000e+00	NA
3.8206000000e-74	0.0000000000e+00	NA
3.3235000000e-69	0.0000000000e+00	NA
1.9250000000e-64	0.0000000000e+00	NA
7.5654000000e-60	0.0000000000e+00	NA
1.9868000000e-55	0.0000000000e+00	NA
3.4925000000e-51	0.0000000000e+00	NA
4.1300000000e-47	0.0000000000e+00	NA
3.3037000000e-43	3.1809000000e-43	1.6450587213e-02
1.7775000000e-39	1.7775000000e-39	0.0000000000e+00
6.4071000000e-36	6.4071000000e-36	0.0000000000e+00
1.5044000000e-32	1.5044000000e-32	0.0000000000e+00
2.5169000000e-29	2.5169000000e-29	0.0000000000e+00
2.8907000000e-26	2.8907000000e-26	0.0000000000e+00
2.2829000000e-23	2.2829000000e-23	0.0000000000e+00
1.2198000000e-20	1.2198000000e-20	0.0000000000e+00
5.4122000000e-18	5.4122000000e-18	0.0000000000e+00
2.2383000000e-15	2.2383000000e-15	0.0000000000e+00
2.8891000000e-13	2.8891000000e-13	0.0000000000e+00
4.1117000000e-11	4.1117000000e-11	0.0000000000e+00
3.4884000000e-09	3.4884000000e-09	0.0000000000e+00
9.6482000000e-08	9.6482000000e-08	0.0000000000e+00
7.0388000000e-07	7.0388000000e-07	0.0000000000e+00
4.0278000000e-06	4.0278000000e-06	0.0000000000e+00
1.7047000000e-05	1.7047000000e-05	0.0000000000e+00
1.6812000000e-05	1.6812000000e-05	0.0000000000e+00
1.5369000000e-05	1.5369000000e-05	0.0000000000e+00
1.1936000000e-05	1.1936000000e-05	0.0000000000e+00
7.1546000000e-06	7.1546000000e-06	0.0000000000e+00
3.4894000000e-06	3.4894000000e-06	0.0000000000e+00
1.3571000000e-06	1.3571000000e-06	0.0000000000e+00
4.1587000000e-07	4.1587000000e-07	0.0000000000e+00
1.0235000000e-07	1.0235000000e-07	0.0000000000e+00
2.0062000000e-08	2.0062000000e-08	0.0000000000e+00
3.1318000000e-09	3.1318000000e-09	0.0000000000e+00
3.9496000000e-10	3.9496000000e-10	0.0000000000e+00
4.1692000000e-11	4.1692000000e-11	0.0000000000e+00
3.8264000000e-12	3.8264000000e-12	0.0000000000e+00
3.1863000000e-13	3.1863000000e-13	0.0000000000e+00
2.4073000000e-14	2.4073000000e-14	0.0000000000e+00
1.7387000000e-15	1.7387000000e-15	0.0000000000e+00
1.1467000000e-16	1.1467000000e-16	0.0000000000e+00
7.3597000000e-18	7.3597000000e-18	0.0000000000e+00
4.3734000000e-19	4.3734000000e-19	0.0000000000e+00
2.4211000000e-20	2.4211000000e-20	0.0000000000e+00
1.2077000000e-21	1.2077000000e-21	0.0000000000e+00
5.9844000000e-23	5.9844000000e-23	0.0000000000e+00
2.7835000000e-24	2.7835000000e-24	0.0000000000e+00
1.1645000000e-25	1.1645000000e-25	0.0000000000e+00
4.5843000000e-27	4.5843000000e-27	0.0000000000e+00
1.7350000000e-28	1.7350000000e-28	0.0000000000e+00
6.0097000000e-30	6.0097000000e-30	0.0000000000e+00
1.9660000000e-31	1.9660000000e-31	0.0000000000e+00
7.1038000000e-33	7.1038000000e-33	0.0000000000e+00
1.8279000000e-34	1.8279000000e-34	0.0000000000e+00
5.1294000000e-36	5.1294000000e-36	0.0000000000e+00
1.5605000000e-37	1.5605000000e-37	0.0000000000e+00
3.1806000000e-39	3.1806000000e-39	0.0000000000e+00
7.0806000000e-41	7.0750000000e-41	3.4361655112e-04
1.5813000000e-42	1.5260000000e-42	1.5459737316e-02
3.0121000000e-44	0.0000000000e+00	NA
5.5893000000e-46	0.0000000000e+00	NA
1.1260000000e-47	0.0000000000e+00	NA
1.7432000000e-49	0.0000000000e+00	NA
2.7465000000e-51	0.0000000000e+00	NA
4.3081000000e-53	0.0000000000e+00	NA
5.7658000000e-55	0.0000000000e+00	NA
7.2357000000e-57	0.0000000000e+00	NA
8.6189000000e-59	0.0000000000e+00	NA
9.7885000000e-61	0.0000000000e+00	NA
9.5426000000e-63	0.0000000000e+00	NA
9.9929000000e-65	0.0000000000e+00	NA
9.1442000000e-67	0.0000000000e+00	NA
7.7869000000e-69	0.0000000000e+00	NA
6.2798000000e-71	0.0000000000e+00	NA
4.7007000000e-73	0.0000000000e+00	NA
3.3375000000e-75	0.0000000000e+00	NA
2.1903000000e-77	0.0000000000e+00	NA
1.3782000000e-79	0.0000000000e+00	NA
7.9827000000e-82	0.0000000000e+00	NA
4.3316000000e-84	0.0000000000e+00	NA
2.2020000000e-86	0.0000000000e+00	NA
1.0487000000e-88	0.0000000000e+00	NA
4.6788000000e-91	0.0000000000e+00	NA
1.9556000000e-93	0.0000000000e+00	NA
7.6574000000e-96	0.0000000000e+00	NA
2.8088000000e-98	0.0000000000e+00	NA
9.6516000000e-101	0.0000000000e+00	NA
3.1068000000e-103	0.0000000000e+00	NA
9.3685000000e-106	0.0000000000e+00	NA
2.6464000000e-108	0.0000000000e+00	NA
7.0026000000e-111	0.0000000000e+00	NA
1.7358000000e-113	0.0000000000e+00	NA
4.0304000000e-116	0.0000000000e+00	NA
8.7662000000e-119	0.0000000000e+00	NA
1.6258000000e-112	0.0000000000e+00	NA
2.5747000000e-106	0.0000000000e+00	NA
2.6746000000e-100	0.0000000000e+00	NA
1.8310000000e-94	0.0000000000e+00	NA
8.2837000000e-89	0.0000000000e+00	NA
2.4784000000e-83	0.0000000000e+00	NA
4.9150000000e-78	0.0000000000e+00	NA
6.4640000000e-73	0.0000000000e+00	NA
5.6511000000e-68	0.0000000000e+00	NA
3.2925000000e-63	0.0000000000e+00	NA
1.3020000000e-58	0.0000000000e+00	NA
3.4461000000e-54	0.0000000000e+00	NA
6.1205000000e-50	0.0000000000e+00	NA
7.3170000000e-46	0.0000000000e+00	NA
5.9406000000e-42	5.9289000000e-42	8.5618553165e-04
3.2456000000e-38	3.2456000000e-38	0.0000000000e+00
1.1983000000e-34	1.1983000000e-34	0.0000000000e+00
2.8875000000e-31	2.8875000000e-31	0.0000000000e+00
4.8674000000e-28	4.8674000000e-28	0.0000000000e+00
5.7902000000e-25	5.7902000000e-25	0.0000000000e+00
4.7442000000e-22	4.7442000000e-22	0.0000000000e+00
2.8555000000e-19	2.8555000000e-19	0.0000000000e+00
1.2075000000e-16	1.2075000000e-16	0.0000000000e+00
3.9636000000e-14	3.9636000000e-14	0.0000000000e+00
9.3786000000e-12	9.3786000000e-12	0.0000000000e+00
1.7518000000e-09	1.7518000000e-09	0.0000000000e+00
1.6578000000e-07	1.6578000000e-07	0.0000000000e+00
6.9692000000e-06	6.9692000000e-06	0.0000000000e+00
8.5877000000e-05	8.5877000000e-05	0.0000000000e+00
5.4855000000e-04	5.4855000000e-04	0.0000000000e+00
9.2813000000e-04	9.2813000000e-04	0.0000000000e+00
6.0709000000e-04	6.0709000000e-04	0.0000000000e+00
4.9092000000e-04	4.9092000000e-04	0.0000000000e+00
3.1828000000e-04	3.1828000000e-04	0.0000000000e+00
1.6739000000e-04	1.6739000000e-04	0.0000000000e+00
7.0831000000e-05	7.0831000000e-05	0.0000000000e+00
2.6147000000e-05	2.6147000000e-05	0.0000000000e+00
7.9913000000e-06	7.9913000000e-06	0.0000000000e+00
1.9953000000e-06	1.9953000000e-06	0.0000000000e+00
4.0495000000e-07	4.0495000000e-07	0.0000000000e+00
6.6878000000e-08	6.6878000000e-08	0.0000000000e+00
9.1714000000e-09	9.1714000000e-09	0.0000000000e+00
1.0818000000e-09	1.0818000000e-09	0.0000000000e+00
1.1220000000e-10	1.1220000000e-10	0.0000000000e+00
1.0627000000e-11	1.0627000000e-11	0.0000000000e+00
9.4662000000e-13	9.4662000000e-13	0.0000000000e+00
7.9161000000e-14	7.9161000000e-14	0.0000000000e+00
6.1239000000e-15	6.1239000000e-15	0.0000000000e+00
4.4248000000e-16	4.4248000000e-16	0.0000000000e+00
3.0750000000e-17	3.0750000000e-17	0.0000000000e+00
1.9631000000e-18	1.9631000000e-18	0.0000000000e+00
1.2057000000e-19	1.2057000000e-19	0.0000000000e+00
7.0992000000e-21	7.0991000000e-21	6.1175560723e-06
3.6230000000e-22	3.6230000000e-22	0.0000000000e+00
1.7782000000e-23	1.7782000000e-23	0.0000000000e+00
8.3855000000e-25	8.3855000000e-25	0.0000000000e+00
3.7063000000e-26	3.7063000000e-26	0.0000000000e+00
1.5076000000e-27	1.5076000000e-27	0.0000000000e+00
5.8659000000e-29	5.8659000000e-29	0.0000000000e+00
2.1718000000e-30	2.1718000000e-30	0.0000000000e+00
7.2717000000e-32	7.2717000000e-32	0.0000000000e+00
2.3004000000e-33	2.3004000000e-33	0.0000000000e+00
7.1773000000e-35	7.1773000000e-35	0.0000000000e+00
2.1608000000e-36	2.1608000000e-36	0.0000000000e+00
4.6211000000e-38	4.6211000000e-38	0.0000000000e+00
1.0649000000e-39	1.0649000000e-39	0.0000000000e+00
2.4969000000e-41	2.4921000000e-41	8.3568416771e-04
5.7642000000e-43	5.2969000000e-43	3.6717267103e-02
1.3303000000e-44	0.0000000000e+00	NA
2.4000000000e-46	0.0000000000e+00	NA
4.9097000000e-48	0.0000000000e+00	NA
8.2390000000e-50	0.0000000000e+00	NA
1.1655000000e-51	0.0000000000e+00	NA
1.9135000000e-53	0.0000000000e+00	NA
2.4909000000e-55	0.0000000000e+00	NA
3.3962000000e-57	0.0000000000e+00	NA
4.1756000000e-59	0.0000000000e+00	NA
4.7821000000e-61	0.0000000000e+00	NA
5.0715000000e-63	0.0000000000e+00	NA
5.0405000000e-65	0.0000000000e+00	NA
4.6964000000e-67	0.0000000000e+00	NA
4.1114000000e-69	0.0000000000e+00	NA
3.3750000000e-71	0.0000000000e+00	NA
2.6120000000e-73	0.0000000000e+00	NA
1.8750000000e-75	0.0000000000e+00	NA
1.2632000000e-77	0.0000000000e+00	NA
7.9618000000e-80	0.0000000000e+00	NA
4.7012000000e-82	0.0000000000e+00	NA
2.6006000000e-84	0.0000000000e+00	NA
1.3477000000e-86	0.0000000000e+00	NA
6.5429000000e-89	0.0000000000e+00	NA
2.9757000000e-91	0.0000000000e+00	NA
1.2678000000e-93	0.0000000000e+00	NA
5.0601000000e-96	0.0000000000e+00	NA
1.8919000000e-98	0.0000000000e+00	NA
6.6263000000e-101	0.0000000000e+00	NA
2.1740000000e-103	0.0000000000e+00	NA
6.6818000000e-106	0.0000000000e+00	NA
1.9237000000e-108	0.0000000000e+00	NA
5.1880000000e-111	0.0000000000e+00	NA
1.3106000000e-113	0.0000000000e+00	NA
1.7808000000e-111	0.0000000000e+00	NA
2.8175000000e-105	0.0000000000e+00	NA
2.9247000000e-99	0.0000000000e+00	NA
2.0013000000e-93	0.0000000000e+00	NA
9.0534000000e-88	0.0000000000e+00	NA
2.7113000000e-82	0.0000000000e+00	NA
5.3836000000e-77	0.0000000000e+00	NA
7.0942000000e-72	0.0000000000e+00	NA
6.2187000000e-67	0.0000000000e+00	NA
3.6365000000e-62	0.0000000000e+00	NA
1.4432000000e-57	0.0000000000e+00	NA
3.8368000000e-53	0.0000000000e+00	NA
6.8512000000e-49	0.0000000000e+00	NA
8.2394000000e-45	0.0000000000e+00	NA
6.7290000000e-41	6.7282000000e-41	5.1635642768e-05
3.7176000000e-37	3.7176000000e-37	0.0000000000e+00
1.3304000000e-33	1.3304000000e-33	0.0000000000e+00
3.3798000000e-30	3.3798000000e-30	0.0000000000e+00
5.9632000000e-27	5.9632000000e-27	0.0000000000e+00
7.1244000000e-24	7.1244000000e-24	0.0000000000e+00
5.9958000000e-21	5.9958000000e-21	0.0000000000e+00
3.7671000000e-18	3.7671000000e-18	0.0000000000e+00
1.6039000000e-15	1.6039000000e-15	0.0000000000e+00
5.4726000000e-13	5.4726000000e-13	0.0000000000e+00
1.5075000000e-10	1.5075000000e-10	0.0000000000e+00
3.3476000000e-08	3.3476000000e-08	0.0000000000e+00
3.3191000000e-06	3.3191000000e-06	0.0000000000e+00
3.3669000000e-04	3.3669000000e-04	0.0000000000e+00
3.3426000000e-02	3.3426000000e-02	0.0000000000e+00
7.7738000000e-02	7.7738000000e-02	0.0000000000e+00
3.8192000000e-02	3.8192000000e-02	0.0000000000e+00
1.9059000000e-02	1.9059000000e-02	0.0000000000e+00
1.0462000000e-02	1.0462000000e-02	0.0000000000e+00
5.1951000000e-03	5.1951000000e-03	0.0000000000e+00
2.3397000000e-03	2.3397000000e-03	0.0000000000e+00
9.3470000000e-04	9.3470000000e-04	0.0000000000e+00
3.3046000000e-04	3.3046000000e-04	0.0000000000e+00
1.0032000000e-04	1.0032000000e-04	0.0000000000e+00
2.5705000000e-05	2.5705000000e-05	0.0000000000e+00
5.4759000000e-06	5.4759000000e-06	0.0000000000e+00
9.7430000000e-07	9.7430000000e-07	0.0000000000e+00
1.4746000000e-07	1.4746000000e-07	0.0000000000e+00
1.9440000000e-08	1.9440000000e-08	0.0000000000e+00
2.3175000000e-09	2.3175000000e-09	0.0000000000e+00
2.5367000000e-10	2.5367000000e-10	0.0000000000e+00
2.5709000000e-11	2.5709000000e-11	0.0000000000e+00
2.5446000000e-12	2.5446000000e-12	0.0000000000e+00
2.3278000000e-13	2.3278000000e-13	0.0000000000e+00
1.9828000000e-14	1.9828000000e-14	0.0000000000e+00
1.5713000000e-15	1.5713000000e-15	0.0000000000e+00
1.1263000000e-16	1.1263000000e-16	0.0000000000e+00
8.1972000000e-18	8.1972000000e-18	0.0000000000e+00
5.5320000000e-19	5.5320000000e-19	0.0000000000e+00
3.2576000000e-20	3.2576000000e-20	0.0000000000e+00
1.8692000000e-21	1.8692000000e-21	0.0000000000e+00
1.0369000000e-22	1.0369000000e-22	0.0000000000e+00
5.4977000000e-24	5.4977000000e-24	0.0000000000e+00
2.5013000000e-25	2.5013000000e-25	0.0000000000e+00
1.1335000000e-26	1.1335000000e-26	0.0000000000e+00
4.6791000000e-28	4.6791000000e-28	0.0000000000e+00
1.8844000000e-29	1.8844000000e-29	0.0000000000e+00
7.4250000000e-31	7.4250000000e-31	0.0000000000e+00
2.7648000000e-32	2.7648000000e-32	0.0000000000e+00
7.8708000000e-34	7.8708000000e-34	0.0000000000e+00
2.4949000000e-35	2.4949000000e-35	0.0000000000e+00
6.3532000000e-37	6.3532000000e-37	0.0000000000e+00
1.5495000000e-38	1.5495000000e-38	0.0000000000e+00
4.0018000000e-40	4.0016000000e-40	2.1705499262e-05
1.0214000000e-41	1.0169000000e-41	1.9176061853e-03
2.3955000000e-43	2.0459000000e-43	6.8511772851e-02
5.6072000000e-45	0.0000000000e+00	NA
1.0624000000e-46	0.0000000000e+00	NA
1.9556000000e-48	0.0000000000e+00	NA
3.4876000000e-50	0.0000000000e+00	NA
5.6968000000e-52	0.0000000000e+00	NA
8.4978000000e-54	0.0000000000e+00	NA
1.2238000000e-55	0.0000000000e+00	NA
1.6087000000e-57	0.0000000000e+00	NA
2.0023000000e-59	0.0000000000e+00	NA
2.3101000000e-61	0.0000000000e+00	NA
2.5060000000e-63	0.0000000000e+00	NA
2.5444000000e-65	0.0000000000e+00	NA
2.4250000000e-67	0.0000000000e+00	NA
2.1678000000e-69	0.0000000000e+00	NA
1.8166000000e-71	0.0000000000e+00	NA
1.4197000000e-73	0.0000000000e+00	NA
1.0394000000e-75	0.0000000000e+00	NA
7.1287000000e-78	0.0000000000e+00	NA
4.5805000000e-80	0.0000000000e+00	NA
2.7572000000e-82	0.0000000000e+00	NA
1.5548000000e-84	0.0000000000e+00	NA
8.2135000000e-87	0.0000000000e+00	NA
4.0646000000e-89	0.0000000000e+00	NA
1.8843000000e-91	0.0000000000e+00	NA
8.1830000000e-94	0.0000000000e+00	NA
3.3290000000e-96	0.0000000000e+00	NA
1.2686000000e-98	0.0000000000e+00	NA
4.5287000000e-101	0.0000000000e+00	NA
1.5144000000e-103	0.0000000000e+00	NA
4.7437000000e-106	0.0000000000e+00	NA
1.3919000000e-108	0.0000000000e+00	NA
1.2752000000e-110	0.0000000000e+00	NA
2.0139000000e-104	0.0000000000e+00	NA
2.0880000000e-98	0.0000000000e+00	NA
1.4272000000e-92	0.0000000000e+00	NA
6.4498000000e-87	0.0000000000e+00	NA
1.9299000000e-81	0.0000000000e+00	NA
3.8296000000e-76	0.0000000000e+00	NA
5.0474000000e-71	0.0000000000e+00	NA
4.4275000000e-66	0.0000000000e+00	NA
2.5930000000e-61	0.0000000000e+00	NA
1.0296000000e-56	0.0000000000e+00	NA
2.7404000000e-52	0.0000000000e+00	NA
4.8972000000e-48	0.0000000000e+00	NA
5.8862000000e-44	3.7835000000e-44	1.9194127607e-01
4.7963000000e-40	4.7963000000e-40	0.0000000000e+00
2.6364000000e-36	2.6364000000e-36	0.0000000000e+00
1.0015000000e-32	1.0015000000e-32	0.0000000000e+00
2.5696000000e-29	2.5696000000e-29	0.0000000000e+00
4.4545000000e-26	4.4545000000e-26	0.0000000000e+00
5.3022000000e-23	5.3022000000e-23	0.0000000000e+00
4.5913000000e-20	4.5913000000e-20	0.0000000000e+00
2.8002000000e-17	2.8002000000e-17	0.0000000000e+00
1.2254000000e-14	1.2254000000e-14	0.0000000000e+00
4.0701000000e-12	4.0701000000e-12	0.0000000000e+00
1.1854000000e-09	1.1854000000e-09	0.0000000000e+00
2.8150000000e-07	2.8150000000e-07	0.0000000000e+00
5.1161000000e-05	5.1161000000e-05	0.0000000000e+00
3.1677000000e-02	3.1677000000e-02	0.0000000000e+00
3.4262000000e+02	3.4262000000e+02	0.0000000000e+00
1.0200000000e+01	1.0200000000e+01	0.0000000000e+00
1.2611000000e+00	1.2611000000e+00	0.0000000000e+00
4.0141000000e-01	4.0141000000e-01	0.0000000000e+00
1.3078000000e-01	1.3078000000e-01	0.0000000000e+00
5.1385000000e-02	5.1385000000e-02	0.0000000000e+00
2.0442000000e-02	2.0442000000e-02	0.0000000000e+00
7.6703000000e-03	7.6703000000e-03	0.0000000000e+00
2.6669000000e-03	2.6669000000e-03	0.0000000000e+00
8.2370000000e-04	8.2370000000e-04	0.0000000000e+00
2.1971000000e-04	2.1971000000e-04	0.0000000000e+00
4.9932000000e-05	4.9932000000e-05	0.0000000000e+00
9.6691000000e-06	9.6691000000e-06	0.0000000000e+00
1.6288000000e-06	1.6288000000e-06	0.0000000000e+00
2.4515000000e-07	2.4515000000e-07	0.0000000000e+00
3.3980000000e-08	3.3980000000e-08	0.0000000000e+00
4.3467000000e-09	4.3467000000e-09	0.0000000000e+00
5.2216000000e-10	5.2216000000e-10	0.0000000000e+00
5.8904000000e-11	5.8904000000e-11	0.0000000000e+00
6.1320000000e-12	6.1320000000e-12	0.0000000000e+00
6.1501000000e-13	6.1501000000e-13	0.0000000000e+00
5.7275000000e-14	5.7275000000e-14	0.0000000000e+00
4.8952000000e-15	4.8952000000e-15	0.0000000000e+00
4.0850000000e-16	4.0850000000e-16	0.0000000000e+00
3.1460000000e-17	3.1460000000e-17	0.0000000000e+00
2.1549000000e-18	2.1549000000e-18	0.0000000000e+00
1.4481000000e-19	1.4481000000e-19	0.0000000000e+00
9.2107000000e-21	9.2107000000e-21	0.0000000000e+00
5.6763000000e-22	5.6763000000e-22	0.0000000000e+00
3.0375000000e-23	3.0375000000e-23	0.0000000000e+00
1.5792000000e-24	1.5792000000e-24	0.0000000000e+00
7.9377000000e-26	7.9377000000e-26	0.0000000000e+00
3.5308000000e-27	3.5308000000e-27	0.0000000000e+00
1.5190000000e-28	1.5190000000e-28	0.0000000000e+00
6.4088000000e-30	6.4087000000e-30	6.7765864156e-06
2.3276000000e-31	2.3276000000e-31	0.0000000000e+00
7.9837000000e-33	7.9836000000e-33	5.4397986123e-06
2.3876000000e-34	2.3876000000e-34	0.0000000000e+00
7.1866000000e-36	7.1866000000e-36	0.0000000000e+00
2.0933000000e-37	2.0933000000e-37	0.0000000000e+00
6.4271000000e-39	6.4270000000e-39	6.7572911664e-06
1.7394000000e-40	1.7390000000e-40	9.9883735929e-05
4.5704000000e-42	4.5262000000e-42	4.2204707627e-03
1.0708000000e-43	6.0256000000e-44	2.4970806418e-01
2.3862000000e-45	0.0000000000e+00	NA
4.2109000000e-47	0.0000000000e+00	NA
7.9298000000e-49	0.0000000000e+00	NA
1.4498000000e-50	0.0000000000e+00	NA
2.3138000000e-52	0.0000000000e+00	NA
3.8004000000e-54	0.0000000000e+00	NA
5.3481000000e-56	0.0000000000e+00	NA
7.5141000000e-58	0.0000000000e+00	NA
9.4646000000e-60	0.0000000000e+00	NA
1.1165000000e-61	0.0000000000e+00	NA
1.2297000000e-63	0.0000000000e+00	NA
1.2843000000e-65	0.0000000000e+00	NA
1.2483000000e-67	0.0000000000e+00	NA
1.1332000000e-69	0.0000000000e+00	NA
9.6366000000e-72	0.0000000000e+00	NA
7.6774000000e-74	0.0000000000e+00	NA
5.7301000000e-76	0.0000000000e+00	NA
4.0064000000e-78	0.0000000000e+00	NA
2.6242000000e-80	0.0000000000e+00	NA
1.6102000000e-82	0.0000000000e+00	NA
9.2558000000e-85	0.0000000000e+00	NA
4.9840000000e-87	0.0000000000e+00	NA
2.5140000000e-89	0.0000000000e+00	NA
1.1879000000e-91	0.0000000000e+00	NA
5.2581000000e-94	0.0000000000e+00	NA
2.1802000000e-96	0.0000000000e+00	NA
8.4680000000e-99	0.0000000000e+00	NA
3.0809000000e-101	0.0000000000e+00	NA
1.0500000000e-103	0.0000000000e+00	NA
5.9802000000e-110	0.0000000000e+00	NA
9.4237000000e-104	0.0000000000e+00	NA
9.7441000000e-98	0.0000000000e+00	NA
6.6425000000e-92	0.0000000000e+00	NA
2.9951000000e-86	0.0000000000e+00	NA
8.9454000000e-81	0.0000000000e+00	NA
1.7716000000e-75	0.0000000000e+00	NA
2.3304000000e-70	0.0000000000e+00	NA
2.0402000000e-65	0.0000000000e+00	NA
1.1938000000e-60	0.0000000000e+00	NA
4.7297000000e-56	0.0000000000e+00	NA
1.2561000000e-51	0.0000000000e+00	NA
2.2400000000e-47	0.0000000000e+00	NA
2.6865000000e-43	2.5504000000e-43	2.2578545189e-02
2.1883000000e-39	2.1883000000e-39	0.0000000000e+00
1.2326000000e-35	1.2326000000e-35	0.0000000000e+00
4.7378000000e-32	4.7378000000e-32	0.0000000000e+00
1.1749000000e-28	1.1749000000e-28	0.0000000000e+00
2.0286000000e-25	2.0286000000e-25	0.0000000000e+00
2.4673000000e-22	2.4673000000e-22	0.0000000000e+00
2.1047000000e-19	2.1047000000e-19	0.0000000000e+00
1.2810000000e-16	1.2810000000e-16	0.0000000000e+00
5.7176000000e-14	5.7176000000e-14	0.0000000000e+00
1.9232000000e-11	1.9232000000e-11	0.0000000000e+00
5.0334000000e-09	5.0334000000e-09	0.0000000000e+00
1.2389000000e-06	1.2389000000e-06	0.0000000000e+00
2.7742000000e-04	2.7742000000e-04	0.0000000000e+00
1.1523000000e-01	1.1523000000e-01	0.0000000000e+00
1.8856000000e+01	1.8856000000e+01	0.0000000000e+00
2.8833000000e+01	2.8833000000e+01	0.0000000000e+00
8.6386000000e+00	8.6386000000e+00	0.0000000000e+00
2.3128000000e+00	2.3128000000e+00	0.0000000000e+00
7.4991000000e-01	7.4991000000e-01	0.0000000000e+00
2.7421000000e-01	2.7421000000e-01	0.0000000000e+00
1.0394000000e-01	1.0394000000e-01	0.0000000000e+00
3.8982000000e-02	3.8982000000e-02	0.0000000000e+00
1.3751000000e-02	1.3751000000e-02	0.0000000000e+00
4.4162000000e-03	4.4162000000e-03	0.0000000000e+00
1.2536000000e-03	1.2536000000e-03	0.0000000000e+00
3.0902000000e-04	3.0902000000e-04	0.0000000000e+00
6.6229000000e-05	6.6229000000e-05	0.0000000000e+00
1.2634000000e-05	1.2634000000e-05	0.0000000000e+00
2.1861000000e-06	2.1861000000e-06	0.0000000000e+00
3.4925000000e-07	3.4925000000e-07	0.0000000000e+00
5.2086000000e-08	5.2086000000e-08	0.0000000000e+00
7.1681000000e-09	7.1681000000e-09	0.0000000000e+00
9.4930000000e-10	9.4930000000e-10	0.0000000000e+00
1.1790000000e-10	1.1790000000e-10	0.0000000000e+00
1.3581000000e-11	1.3581000000e-11	0.0000000000e+00
1.4685000000e-12	1.4685000000e-12	0.0000000000e+00
1.4918000000e-13	1.4918000000e-13	0.0000000000e+00
1.4188000000e-14	1.4188000000e-14	0.0000000000e+00
1.2683000000e-15	1.2683000000e-15	0.0000000000e+00
1.0400000000e-16	1.0400000000e-16	0.0000000000e+00
8.1019000000e-18	8.1019000000e-18	0.0000000000e+00
5.9296000000e-19	5.9296000000e-19	0.0000000000e+00
4.1893000000e-20	4.1893000000e-20	0.0000000000e+00
2.5632000000e-21	2.5632000000e-21	0.0000000000e+00
1.5953000000e-22	1.5953000000e-22	0.0000000000e+00
8.9187000000e-24	8.9187000000e-24	0.0000000000e+00
4.8830000000e-25	4.8830000000e-25	0.0000000000e+00
2.4275000000e-26	2.4275000000e-26	0.0000000000e+00
1.1928000000e-27	1.1928000000e-27	0.0000000000e+00
4.8686000000e-29	4.8686000000e-29	0.0000000000e+00
1.9362000000e-30	1.9362000000e-30	0.0000000000e+00
6.9873000000e-32	6.9873000000e-32	0.0000000000e+00
2.4733000000e-33	2.4734000000e-33	-1.7558957768e-05
8.3186000000e-35	8.3186000000e-35	0.0000000000e+00
3.0234000000e-36	3.0234000000e-36	0.0000000000e+00
9.5130000000e-38	9.5130000000e-38	0.0000000000e+00
2.6488000000e-39	2.6487000000e-39	1.6396205076e-05
7.2860000000e-41	7.2820000000e-41	2.3849230797e-04
1.6774000000e-42	1.6479000000e-42	7.7057849404e-03
3.8639000000e-44	0.0000000000e+00	NA
8.3361000000e-46	0.0000000000e+00	NA
1.9457000000e-47	0.0000000000e+00	NA
3.7378000000e-49	0.0000000000e+00	NA
6.3621000000e-51	0.0000000000e+00	NA
1.1123000000e-52	0.0000000000e+00	NA
1.7356000000e-54	0.0000000000e+00	NA
2.5415000000e-56	0.0000000000e+00	NA
3.4799000000e-58	0.0000000000e+00	NA
4.4666000000e-60	0.0000000000e+00	NA
5.4124000000e-62	0.0000000000e+00	NA
6.0919000000e-64	0.0000000000e+00	NA
6.4236000000e-66	0.0000000000e+00	NA
6.3455000000e-68	0.0000000000e+00	NA
5.8724000000e-70	0.0000000000e+00	NA
5.0911000000e-72	0.0000000000e+00	NA
4.1348000000e-74	0.0000000000e+00	NA
3.1459000000e-76	0.0000000000e+00	NA
2.2422000000e-78	0.0000000000e+00	NA
1.4970000000e-80	0.0000000000e+00	NA
9.3632000000e-83	0.0000000000e+00	NA
5.4859000000e-85	0.0000000000e+00	NA
3.0109000000e-87	0.0000000000e+00	NA
1.5480000000e-89	0.0000000000e+00	NA
7.4553000000e-92	0.0000000000e+00	NA
3.3633000000e-94	0.0000000000e+00	NA
1.4213000000e-96	0.0000000000e+00	NA
5.6264000000e-99	0.0000000000e+00	NA
1.8384000000e-109	0.0000000000e+00	NA
2.8866000000e-103	0.0000000000e+00	NA
2.9738000000e-97	0.0000000000e+00	NA
2.0213000000e-91	0.0000000000e+00	NA
9.0826000000e-86	0.0000000000e+00	NA
2.7017000000e-80	0.0000000000e+00	NA
5.3323000000e-75	0.0000000000e+00	NA
6.9883000000e-70	0.0000000000e+00	NA
6.0939000000e-65	0.0000000000e+00	NA
3.5528000000e-60	0.0000000000e+00	NA
1.4006000000e-55	0.0000000000e+00	NA
3.7000000000e-51	0.0000000000e+00	NA
6.5631000000e-47	0.0000000000e+00	NA
7.8339000000e-43	7.7772000000e-43	3.1547559626e-03
6.3412000000e-39	6.3412000000e-39	0.0000000000e+00
3.5435000000e-35	3.5435000000e-35	0.0000000000e+00
1.3087000000e-31	1.3087000000e-31	0.0000000000e+00
3.2809000000e-28	3.2809000000e-28	0.0000000000e+00
5.6876000000e-25	5.6876000000e-25	0.0000000000e+00
6.8905000000e-22	6.8905000000e-22	0.0000000000e+00
5.7471000000e-19	5.7471000000e-19	0.0000000000e+00
3.4145000000e-16	3.4145000000e-16	0.0000000000e+00
1.4809000000e-13	1.4809000000e-13	0.0000000000e+00
4.7753000000e-11	4.7753000000e-11	0.0000000000e+00
1.2039000000e-08	1.2039000000e-08	0.0000000000e+00
2.4976000000e-06	2.4976000000e-06	0.0000000000e+00
4.3849000000e-04	4.3849000000e-04	0.0000000000e+00
6.1296000000e-02	6.1296000000e-02	0.0000000000e+00
2.7374000000e+00	2.7374000000e+00	0.0000000000e+00
1.1718000000e+01	1.1718000000e+01	0.0000000000e+00
1.0072000000e+01	1.0072000000e+01	0.0000000000e+00
4.4745000000e+00	4.4745000000e+00	0.0000000000e+00
1.8412000000e+00	1.8412000000e+00	0.0000000000e+00
7.5169000000e-01	7.5169000000e-01	0.0000000000e+00
3.0438000000e-01	3.0438000000e-01	0.0000000000e+00
1.2051000000e-01	1.2051000000e-01	0.0000000000e+00
4.5239000000e-02	4.5239000000e-02	0.0000000000e+00
1.5606000000e-02	1.5606000000e-02	0.0000000000e+00
4.8109000000e-03	4.8109000000e-03	0.0000000000e+00
1.3058000000e-03	1.3058000000e-03	0.0000000000e+00
3.1559000000e-04	3.1559000000e-04	0.0000000000e+00
6.8475000000e-05	6.8475000000e-05	0.0000000000e+00
1.3660000000e-05	1.3660000000e-05	0.0000000000e+00
2.5376000000e-06	2.5376000000e-06	0.0000000000e+00
4.4157000000e-07	4.4157000000e-07	0.0000000000e+00
7.1503000000e-08	7.1503000000e-08	0.0000000000e+00
1.0841000000e-08	1.0841000000e-08	0.0000000000e+00
1.5667000000e-09	1.5667000000e-09	0.0000000000e+00
2.1248000000e-10	2.1248000000e-10	0.0000000000e+00
2.6731000000e-11	2.6731000000e-11	0.0000000000e+00
3.1441000000e-12	3.1441000000e-12	0.0000000000e+00
3.5093000000e-13	3.5093000000e-13	0.0000000000e+00
3.5804000000e-14	3.5804000000e-14	0.0000000000e+00
3.5411000000e-15	3.5411000000e-15	0.0000000000e+00
3.1813000000e-16	3.1813000000e-16	0.0000000000e+00
2.7175000000e-17	2.7175000000e-17	0.0000000000e+00
2.1744000000e-18	2.1744000000e-18	0.0000000000e+00
1.6017000000e-19	1.6017000000e-19	0.0000000000e+00
1.1372000000e-20	1.1372000000e-20	0.0000000000e+00
7.5864000000e-22	7.5864000000e-22	0.0000000000e+00
4.5965000000e-23	4.5965000000e-23	0.0000000000e+00
2.7181000000e-24	2.7181000000e-24	0.0000000000e+00
1.5574000000e-25	1.5574000000e-25	0.0000000000e+00
7.8562000000e-27	7.8562000000e-27	0.0000000000e+00
3.6155000000e-28	3.6155000000e-28	0.0000000000e+00
1.5546000000e-29	1.5546000000e-29	0.0000000000e+00
6.3698000000e-31	6.3698000000e-31	0.0000000000e+00
2.4652000000e-32	2.4652000000e-32	0.0000000000e+00
9.8449000000e-34	9.8449000000e-34	0.0000000000e+00
3.3635000000e-35	3.3635000000e-35	0.0000000000e+00
1.1159000000e-36	1.1158000000e-36	3.8920507433e-05
3.4027000000e-38	3.4027000000e-38	0.0000000000e+00
9.9124000000e-40	9.9118000000e-40	2.6288747008e-05
2.7040000000e-41	2.7004000000e-41	5.7858795282e-04
6.7679000000e-43	6.4740000000e-43	1.9281238036e-02
1.6513000000e-44	0.0000000000e+00	NA
3.7178000000e-46	0.0000000000e+00	NA
7.6655000000e-48	0.0000000000e+00	NA
1.5593000000e-49	0.0000000000e+00	NA
2.7685000000e-51	0.0000000000e+00	NA
4.8404000000e-53	0.0000000000e+00	NA
7.6937000000e-55	0.0000000000e+00	NA
1.1444000000e-56	0.0000000000e+00	NA
1.6148000000e-58	0.0000000000e+00	NA
2.1114000000e-60	0.0000000000e+00	NA
2.5862000000e-62	0.0000000000e+00	NA
2.9676000000e-64	0.0000000000e+00	NA
3.1901000000e-66	0.0000000000e+00	NA
3.2126000000e-68	0.0000000000e+00	NA
3.0308000000e-70	0.0000000000e+00	NA
2.6785000000e-72	0.0000000000e+00	NA
2.2175000000e-74	0.0000000000e+00	NA
1.7197000000e-76	0.0000000000e+00	NA
1.2494000000e-78	0.0000000000e+00	NA
8.5027000000e-81	0.0000000000e+00	NA
5.4205000000e-83	0.0000000000e+00	NA
3.2370000000e-85	0.0000000000e+00	NA
1.8108000000e-87	0.0000000000e+00	NA
9.4887000000e-90	0.0000000000e+00	NA
4.6576000000e-92	0.0000000000e+00	NA
2.1415000000e-94	0.0000000000e+00	NA
3.7085000000e-109	0.0000000000e+00	NA
5.7973000000e-103	0.0000000000e+00	NA
5.9477000000e-97	0.0000000000e+00	NA
4.0251000000e-91	0.0000000000e+00	NA
1.8002000000e-85	0.0000000000e+00	NA
5.3303000000e-80	0.0000000000e+00	NA
1.0460000000e-74	0.0000000000e+00	NA
1.3636000000e-69	0.0000000000e+00	NA
1.1818000000e-64	0.0000000000e+00	NA
6.8503000000e-60	0.0000000000e+00	NA
2.6788000000e-55	0.0000000000e+00	NA
7.0169000000e-51	0.0000000000e+00	NA
1.2338000000e-46	0.0000000000e+00	NA
1.4593000000e-42	1.4517000000e-42	2.2677056419e-03
1.1688000000e-38	1.1688000000e-38	0.0000000000e+00
6.4349000000e-35	6.4349000000e-35	0.0000000000e+00
2.3572000000e-31	2.3572000000e-31	0.0000000000e+00
5.7161000000e-28	5.7161000000e-28	0.0000000000e+00
1.0055000000e-24	1.0055000000e-24	0.0000000000e+00
1.1751000000e-21	1.1751000000e-21	0.0000000000e+00
9.3015000000e-19	9.3015000000e-19	0.0000000000e+00
5.3354000000e-16	5.3354000000e-16	0.0000000000e+00
2.1755000000e-13	2.1755000000e-13	0.0000000000e+00
6.4831000000e-11	6.4831000000e-11	0.0000000000e+00
1.4086000000e-08	1.4086000000e-08	0.0000000000e+00
2.3759000000e-06	2.3759000000e-06	0.0000000000e+00
2.6766000000e-04	2.6766000000e-04	0.0000000000e+00
1.8465000000e-02	1.8465000000e-02	0.0000000000e+00
4.5905000000e-01	4.5905000000e-01	0.0000000000e+00
2.7203000000e+00	2.7203000000e+00	0.0000000000e+00
4.4292000000e+00	4.4292000000e+00	0.0000000000e+00
3.2367000000e+00	3.2367000000e+00	0.0000000000e+00
1.8439000000e+00	1.8439000000e+00	0.0000000000e+00
1.0586000000e+00	1.0586000000e+00	0.0000000000e+00
5.1408000000e-01	5.1408000000e-01	0.0000000000e+00
2.3067000000e-01	2.3067000000e-01	0.0000000000e+00
9.6431000000e-02	9.6431000000e-02	0.0000000000e+00
3.6531000000e-02	3.6531000000e-02	0.0000000000e+00
1.2447000000e-02	1.2447000000e-02	0.0000000000e+00
3.8096000000e-03	3.8096000000e-03	0.0000000000e+00
1.0358000000e-03	1.0358000000e-03	0.0000000000e+00
2.6153000000e-04	2.6153000000e-04	0.0000000000e+00
6.0611000000e-05	6.0611000000e-05	0.0000000000e+00
1.3100000000e-05	1.3100000000e-05	0.0000000000e+00
2.6560000000e-06	2.6560000000e-06	0.0000000000e+00
5.0474000000e-07	5.0474000000e-07	0.0000000000e+00
8.9200000000e-08	8.9200000000e-08	0.0000000000e+00
1.4966000000e-08	1.4966000000e-08	0.0000000000e+00
2.3477000000e-09	2.3477000000e-09	0.0000000000e+00
3.4500000000e-10	3.4500000000e-10	0.0000000000e+00
4.7334000000e-11	4.7334000000e-11	0.0000000000e+00
6.1136000000e-12	6.1135000000e-12	7.1038019140e-06
7.3178000000e-13	7.3178000000e-13	0.0000000000e+00
8.3513000000e-14	8.3513000000e-14	0.0000000000e+00
8.7606000000e-15	8.7606000000e-15	0.0000000000e+00
8.7032000000e-16	8.7032000000e-16	0.0000000000e+00
8.0841000000e-17	8.0841000000e-17	0.0000000000e+00
6.8265000000e-18	6.8265000000e-18	0.0000000000e+00
5.7280000000e-19	5.7280000000e-19	0.0000000000e+00
4.3231000000e-20	4.3231000000e-20	0.0000000000e+00
3.1546000000e-21	3.1546000000e-21	0.0000000000e+00
2.1293000000e-22	2.1293000000e-22	0.0000000000e+00
1.3901000000e-23	1.3901000000e-23	0.0000000000e+00
8.3100000000e-25	8.3100000000e-25	0.0000000000e+00
4.5732000000e-26	4.5732000000e-26	0.0000000000e+00
2.3277000000e-27	2.3277000000e-27	0.0000000000e+00
1.0537000000e-28	1.0537000000e-28	0.0000000000e+00
4.9596000000e-30	4.9596000000e-30	0.0000000000e+00
2.2507000000e-31	2.2507000000e-31	0.0000000000e+00
9.4863000000e-33	9.4863000000e-33	0.0000000000e+00
3.5143000000e-34	3.5143000000e-34	0.0000000000e+00
1.2748000000e-35	1.2748000000e-35	0.0000000000e+00
4.0759000000e-37	4.0759000000e-37	0.0000000000e+00
1.3054000000e-38	1.3054000000e-38	0.0000000000e+00
3.7834000000e-40	3.7828000000e-40	6.8879144006e-05
1.0503000000e-41	1.0462000000e-41	1.6986497933e-03
2.8737000000e-43	2.5784000000e-43	4.7091135474e-02
6.8498000000e-45	0.0000000000e+00	NA
1.5324000000e-46	0.0000000000e+00	NA
3.3009000000e-48	0.0000000000e+00	NA
6.5254000000e-50	0.0000000000e+00	NA
1.2086000000e-51	0.0000000000e+00	NA
2.0859000000e-53	0.0000000000e+00	NA
3.4217000000e-55	0.0000000000e+00	NA
5.1970000000e-57	0.0000000000e+00	NA
7.3946000000e-59	0.0000000000e+00	NA
9.8568000000e-61	0.0000000000e+00	NA
1.2308000000e-62	0.0000000000e+00	NA
1.4398000000e-64	0.0000000000e+00	NA
1.5778000000e-66	0.0000000000e+00	NA
1.6197000000e-68	0.0000000000e+00	NA
1.5576000000e-70	0.0000000000e+00	NA
1.4032000000e-72	0.0000000000e+00	NA
1.1841000000e-74	0.0000000000e+00	NA
9.3604000000e-77	0.0000000000e+00	NA
6.9313000000e-79	0.0000000000e+00	NA
4.8079000000e-81	0.0000000000e+00	NA
3.1240000000e-83	0.0000000000e+00	NA
1.9015000000e-85	0.0000000000e+00	NA
1.0841000000e-87	0.0000000000e+00	NA
5.7897000000e-90	0.0000000000e+00	NA
4.9206000000e-109	0.0000000000e+00	NA
7.6518000000e-103	0.0000000000e+00	NA
7.8104000000e-97	0.0000000000e+00	NA
5.2571000000e-91	0.0000000000e+00	NA
2.3366000000e-85	0.0000000000e+00	NA
6.8785000000e-80	0.0000000000e+00	NA
1.3413000000e-74	0.0000000000e+00	NA
1.7352000000e-69	0.0000000000e+00	NA
1.4915000000e-64	0.0000000000e+00	NA
8.5773000000e-60	0.0000000000e+00	NA
3.3190000000e-55	0.0000000000e+00	NA
8.5925000000e-51	0.0000000000e+00	NA
1.4920000000e-46	0.0000000000e+00	NA
1.7409000000e-42	1.7278000000e-42	3.2803556155e-03
1.3722000000e-38	1.3722000000e-38	0.0000000000e+00
7.2990000000e-35	7.2990000000e-35	0.0000000000e+00
2.5926000000e-31	2.5926000000e-31	0.0000000000e+00
6.4865000000e-28	6.4865000000e-28	0.0000000000e+00
1.1049000000e-24	1.1049000000e-24	0.0000000000e+00
1.2251000000e-21	1.2251000000e-21	0.0000000000e+00
9.0982000000e-19	9.0982000000e-19	0.0000000000e+00
4.9236000000e-16	4.9236000000e-16	0.0000000000e+00
1.8659000000e-13	1.8659000000e-13	0.0000000000e+00
4.9163000000e-11	4.9163000000e-11	0.0000000000e+00
8.9332000000e-09	8.9332000000e-09	0.0000000000e+00
1.1074000000e-06	1.1074000000e-06	0.0000000000e+00
9.2290000000e-05	9.2290000000e-05	0.0000000000e+00
4.0640000000e-03	4.0640000000e-03	0.0000000000e+00
7.6074000000e-02	7.6074000000e-02	0.0000000000e+00
5.0787000000e-01	5.0787000000e-01	0.0000000000e+00
1.2959000000e+00	1.2959000000e+00	0.0000000000e+00
1.6714000000e+00	1.6714000000e+00	0.0000000000e+00
1.3996000000e+00	1.3996000000e+00	0.0000000000e+00
9.3312000000e-01	9.3312000000e-01	0.0000000000e+00
5.4076000000e-01	5.4076000000e-01	0.0000000000e+00
2.8514000000e-01	2.8514000000e-01	0.0000000000e+00
1.3540000000e-01	1.3540000000e-01	0.0000000000e+00
5.7987000000e-02	5.7987000000e-02	0.0000000000e+00
2.2345000000e-02	2.2345000000e-02	0.0000000000e+00
7.7761000000e-03	7.7761000000e-03	0.0000000000e+00
2.4342000000e-03	2.4342000000e-03	0.0000000000e+00
6.9569000000e-04	6.9569000000e-04	0.0000000000e+00
1.8773000000e-04	1.8773000000e-04	0.0000000000e+00
4.7824000000e-05	4.7824000000e-05	0.0000000000e+00
1.1295000000e-05	1.1295000000e-05	0.0000000000e+00
2.5072000000e-06	2.5072000000e-06	0.0000000000e+00
5.1887000000e-07	5.1887000000e-07	0.0000000000e+00
1.0087000000e-07	1.0087000000e-07	0.0000000000e+00
1.8381000000e-08	1.8381000000e-08	0.0000000000e+00
3.1462000000e-09	3.1462000000e-09	0.0000000000e+00
5.0402000000e-10	5.0402000000e-10	0.0000000000e+00
7.5484000000e-11	7.5484000000e-11	0.0000000000e+00
1.0596000000e-11	1.0596000000e-11	0.0000000000e+00
1.3965000000e-12	1.3965000000e-12	0.0000000000e+00
1.7123000000e-13	1.7123000000e-13	0.0000000000e+00
1.9852000000e-14	1.9852000000e-14	0.0000000000e+00
2.1340000000e-15	2.1340000000e-15	0.0000000000e+00
2.1674000000e-16	2.1674000000e-16	0.0000000000e+00
2.0145000000e-17	2.0145000000e-17	0.0000000000e+00
1.8337000000e-18	1.8337000000e-18	0.0000000000e+00
1.5139000000e-19	1.5139000000e-19	0.0000000000e+00
1.1795000000e-20	1.1795000000e-20	0.0000000000e+00
8.6136000000e-22	8.6136000000e-22	0.0000000000e+00
6.1904000000e-23	6.1904000000e-23	0.0000000000e+00
3.9464000000e-24	3.9464000000e-24	0.0000000000e+00
2.3689000000e-25	2.3689000000e-25	0.0000000000e+00
1.3142000000e-26	1.3142000000e-26	0.0000000000e+00
7.1003000000e-28	7.1003000000e-28	0.0000000000e+00
3.5709000000e-29	3.5709000000e-29	0.0000000000e+00
1.7118000000e-30	1.7118000000e-30	0.0000000000e+00
7.4237000000e-32	7.4237000000e-32	0.0000000000e+00
3.0911000000e-33	3.0911000000e-33	0.0000000000e+00
1.1929000000e-34	1.1929000000e-34	0.0000000000e+00
4.4705000000e-36	4.4705000000e-36	0.0000000000e+00
1.5941000000e-37	1.5941000000e-37	0.0000000000e+00
5.0560000000e-39	5.0559000000e-39	8.5897701108e-06
1.4898000000e-40	1.4893000000e-40	1.4578043234e-04
4.0347000000e-42	4.0007000000e-42	3.6752620922e-03
1.0932000000e-43	6.4460000000e-44	2.2940932184e-01
2.7164000000e-45	0.0000000000e+00	NA
6.2016000000e-47	0.0000000000e+00	NA
1.3484000000e-48	0.0000000000e+00	NA
2.7221000000e-50	0.0000000000e+00	NA
5.1491000000e-52	0.0000000000e+00	NA
9.0849000000e-54	0.0000000000e+00	NA
1.5016000000e-55	0.0000000000e+00	NA
2.3251000000e-57	0.0000000000e+00	NA
3.3727000000e-59	0.0000000000e+00	NA
4.5831000000e-61	0.0000000000e+00	NA
5.8340000000e-63	0.0000000000e+00	NA
6.9568000000e-65	0.0000000000e+00	NA
7.7711000000e-67	0.0000000000e+00	NA
8.1317000000e-69	0.0000000000e+00	NA
7.9709000000e-71	0.0000000000e+00	NA
7.3191000000e-73	0.0000000000e+00	NA
6.2954000000e-75	0.0000000000e+00	NA
5.0723000000e-77	0.0000000000e+00	NA
3.8282000000e-79	0.0000000000e+00	NA
2.7065000000e-81	0.0000000000e+00	NA
1.7923000000e-83	0.0000000000e+00	NA
1.1118000000e-85	0.0000000000e+00	NA
4.2984000000e-109	0.0000000000e+00	NA
6.6476000000e-103	0.0000000000e+00	NA
6.7453000000e-97	0.0000000000e+00	NA
4.5114000000e-91	0.0000000000e+00	NA
1.9923000000e-85	0.0000000000e+00	NA
5.8218000000e-80	0.0000000000e+00	NA
1.1262000000e-74	0.0000000000e+00	NA
1.4448000000e-69	0.0000000000e+00	NA
1.2301000000e-64	0.0000000000e+00	NA
7.0010000000e-60	0.0000000000e+00	NA
2.6740000000e-55	0.0000000000e+00	NA
6.8264000000e-51	0.0000000000e+00	NA
1.1670000000e-46	0.0000000000e+00	NA
1.3380000000e-42	1.3312000000e-42	2.2128044852e-03
1.0359000000e-38	1.0359000000e-38	0.0000000000e+00
5.4365000000e-35	5.4365000000e-35	0.0000000000e+00
1.9667000000e-31	1.9667000000e-31	0.0000000000e+00
4.7291000000e-28	4.7291000000e-28	0.0000000000e+00
7.4786000000e-25	7.4786000000e-25	0.0000000000e+00
7.7670000000e-22	7.7670000000e-22	0.0000000000e+00
5.5531000000e-19	5.5531000000e-19	0.0000000000e+00
2.8401000000e-16	2.8401000000e-16	0.0000000000e+00
9.9671000000e-14	9.9672000000e-14	-4.3572584129e-06
2.2745000000e-11	2.2745000000e-11	0.0000000000e+00
3.4942000000e-09	3.4942000000e-09	0.0000000000e+00
3.5063000000e-07	3.5063000000e-07	0.0000000000e+00
2.1935000000e-05	2.1935000000e-05	0.0000000000e+00
7.3290000000e-04	7.3290000000e-04	0.0000000000e+00
1.1687000000e-02	1.1687000000e-02	0.0000000000e+00
8.3784000000e-02	8.3784000000e-02	0.0000000000e+00
2.8458000000e-01	2.8458000000e-01	0.0000000000e+00
5.1683000000e-01	5.1683000000e-01	0.0000000000e+00
6.0033000000e-01	6.0033000000e-01	0.0000000000e+00
5.1913000000e-01	5.1913000000e-01	0.0000000000e+00
3.7150000000e-01	3.7150000000e-01	0.0000000000e+00
2.3001000000e-01	2.3001000000e-01	0.0000000000e+00
1.2758000000e-01	1.2758000000e-01	0.0000000000e+00
6.3034000000e-02	6.3034000000e-02	0.0000000000e+00
2.7806000000e-02	2.7806000000e-02	0.0000000000e+00
1.0986000000e-02	1.0986000000e-02	0.0000000000e+00
4.0117000000e-03	4.0117000000e-03	0.0000000000e+00
1.3478000000e-03	1.3478000000e-03	0.0000000000e+00
4.1459000000e-04	4.1459000000e-04	0.0000000000e+00
1.2197000000e-04	1.2197000000e-04	0.0000000000e+00
3.4212000000e-05	3.4212000000e-05	0.0000000000e+00
8.8153000000e-06	8.8153000000e-06	0.0000000000e+00
2.1318000000e-06	2.1318000000e-06	0.0000000000e+00
4.8182000000e-07	4.8182000000e-07	0.0000000000e+00
1.0218000000e-07	1.0218000000e-07	0.0000000000e+00
2.0364000000e-08	2.0364000000e-08	0.0000000000e+00
3.8004000000e-09	3.8004000000e-09	0.0000000000e+00
6.6379000000e-10	6.6379000000e-10	0.0000000000e+00
1.0840000000e-10	1.0840000000e-10	0.0000000000e+00
1.6614000000e-11	1.6614000000e-11	0.0000000000e+00
2.3923000000e-12	2.3923000000e-12	0.0000000000e+00
3.1933000000e-13	3.1933000000e-13	0.0000000000e+00
4.0531000000e-14	4.0531000000e-14	0.0000000000e+00
4.7376000000e-15	4.7376000000e-15	0.0000000000e+00
5.2327000000e-16	5.2327000000e-16	0.0000000000e+00
5.3496000000e-17	5.3496000000e-17	0.0000000000e+00
5.1889000000e-18	5.1889000000e-18	0.0000000000e+00
4.7580000000e-19	4.7580000000e-19	0.0000000000e+00
4.1957000000e-20	4.1957000000e-20	0.0000000000e+00
3.3796000000e-21	3.3795000000e-21	1.2850660056e-05
2.4680000000e-22	2.4680000000e-22	0.0000000000e+00
1.7512000000e-23	1.7512000000e-23	0.0000000000e+00
1.1681000000e-24	1.1681000000e-24	0.0000000000e+00
7.1603000000e-26	7.1603000000e-26	0.0000000000e+00
4.2692000000e-27	4.2692000000e-27	0.0000000000e+00
2.3084000000e-28	2.3084000000e-28	0.0000000000e+00
1.1704000000e-29	1.1704000000e-29	0.0000000000e+00
5.5737000000e-31	5.5737000000e-31	0.0000000000e+00
2.4647000000e-32	2.4647000000e-32	0.0000000000e+00
1.0842000000e-33	1.0842000000e-33	0.0000000000e+00
4.3934000000e-35	4.3934000000e-35	0.0000000000e+00
1.6281000000e-36	1.6281000000e-36	0.0000000000e+00
5.6873000000e-38	5.6873000000e-38	0.0000000000e+00
1.7522000000e-39	1.7521000000e-39	2.4786375711e-05
5.5686000000e-41	5.5655000000e-41	2.4183596855e-04
1.5684000000e-42	1.5246000000e-42	1.2300918194e-02
4.2705000000e-44	2.3822000000e-44	2.5350050589e-01
1.0720000000e-45	0.0000000000e+00	NA
2.4912000000e-47	0.0000000000e+00	NA
5.5029000000e-49	0.0000000000e+00	NA
1.1279000000e-50	0.0000000000e+00	NA
2.1657000000e-52	0.0000000000e+00	NA
3.8954000000e-54	0.0000000000e+00	NA
6.5639000000e-56	0.0000000000e+00	NA
1.0361000000e-57	0.0000000000e+00	NA
1.5321000000e-59	0.0000000000e+00	NA
2.1222000000e-61	0.0000000000e+00	NA
2.7537000000e-63	0.0000000000e+00	NA
3.3471000000e-65	0.0000000000e+00	NA
3.8110000000e-67	0.0000000000e+00	NA
4.0648000000e-69	0.0000000000e+00	NA
4.0612000000e-71	0.0000000000e+00	NA
3.8008000000e-73	0.0000000000e+00	NA
3.3321000000e-75	0.0000000000e+00	NA
2.7363000000e-77	0.0000000000e+00	NA
2.1048000000e-79	0.0000000000e+00	NA
1.5166000000e-81	0.0000000000e+00	NA
2.4787000000e-109	0.0000000000e+00	NA
3.8096000000e-103	0.0000000000e+00	NA
3.8417000000e-97	0.0000000000e+00	NA
2.5509000000e-91	0.0000000000e+00	NA
1.1183000000e-85	0.0000000000e+00	NA
3.2403000000e-80	0.0000000000e+00	NA
6.2160000000e-75	0.0000000000e+00	NA
7.8951000000e-70	0.0000000000e+00	NA
6.6490000000e-65	0.0000000000e+00	NA
3.7397000000e-60	0.0000000000e+00	NA
1.4080000000e-55	0.0000000000e+00	NA
3.5380000000e-51	0.0000000000e+00	NA
5.9454000000e-47	0.0000000000e+00	NA
6.6899000000e-43	6.5861000000e-43	6.7913054901e-03
5.0705000000e-39	5.0705000000e-39	0.0000000000e+00
2.6112000000e-35	2.6112000000e-35	0.0000000000e+00
9.6488000000e-32	9.6488000000e-32	0.0000000000e+00
2.0979000000e-28	2.0979000000e-28	0.0000000000e+00
3.2754000000e-25	3.2754000000e-25	0.0000000000e+00
3.3265000000e-22	3.3265000000e-22	0.0000000000e+00
2.2640000000e-19	2.2640000000e-19	0.0000000000e+00
1.0707000000e-16	1.0707000000e-16	0.0000000000e+00
3.3113000000e-14	3.3113000000e-14	0.0000000000e+00
6.6793000000e-12	6.6793000000e-12	0.0000000000e+00
8.9327000000e-10	8.9327000000e-10	0.0000000000e+00
7.5300000000e-08	7.5300000000e-08	0.0000000000e+00
3.8400000000e-06	3.8400000000e-06	0.0000000000e+00
1.0988000000e-04	1.0988000000e-04	0.0000000000e+00
1.6449000000e-03	1.6449000000e-03	0.0000000000e+00
1.2197000000e-02	1.2197000000e-02	0.0000000000e+00
4.8800000000e-02	4.8800000000e-02	0.0000000000e+00
1.1628000000e-01	1.1628000000e-01	0.0000000000e+00
1.7704000000e-01	1.7704000000e-01	0.0000000000e+00
2.0007000000e-01	2.0007000000e-01	0.0000000000e+00
1.7434000000e-01	1.7434000000e-01	0.0000000000e+00
1.3128000000e-01	1.3128000000e-01	0.0000000000e+00
8.5591000000e-02	8.5591000000e-02	0.0000000000e+00
4.8558000000e-02	4.8558000000e-02	0.0000000000e+00
2.4095000000e-02	2.4095000000e-02	0.0000000000e+00
1.1131000000e-02	1.1131000000e-02	0.0000000000e+00
4.6745000000e-03	4.6745000000e-03	0.0000000000e+00
1.8133000000e-03	1.8133000000e-03	0.0000000000e+00
6.7022000000e-04	6.7022000000e-04	0.0000000000e+00
2.2369000000e-04	2.2369000000e-04	0.0000000000e+00
7.2408000000e-05	7.2408000000e-05	0.0000000000e+00
2.1984000000e-05	2.1984000000e-05	0.0000000000e+00
6.1834000000e-06	6.1834000000e-06	0.0000000000e+00
1.6329000000e-06	1.6329000000e-06	0.0000000000e+00
4.0248000000e-07	4.0248000000e-07	0.0000000000e+00
9.3383000000e-08	9.3383000000e-08	0.0000000000e+00
2.0290000000e-08	2.0290000000e-08	0.0000000000e+00
4.1264000000e-09	4.1264000000e-09	0.0000000000e+00
7.8623000000e-10	7.8623000000e-10	0.0000000000e+00
1.4043000000e-10	1.4043000000e-10	0.0000000000e+00
2.3469000000e-11	2.3469000000e-11	0.0000000000e+00
3.6782000000e-12	3.6782000000e-12	0.0000000000e+00
5.3267000000e-13	5.3267000000e-13	0.0000000000e+00
7.3324000000e-14	7.3324000000e-14	0.0000000000e+00
9.3517000000e-15	9.3517000000e-15	0.0000000000e+00
1.0989000000e-15	1.0989000000e-15	0.0000000000e+00
1.2826000000e-16	1.2826000000e-16	0.0000000000e+00
1.3624000000e-17	1.3624000000e-17	0.0000000000e+00
1.3628000000e-18	1.3628000000e-18	0.0000000000e+00
1.2630000000e-19	1.2630000000e-19	0.0000000000e+00
1.1232000000e-20	1.1232000000e-20	0.0000000000e+00
9.1888000000e-22	9.1888000000e-22	0.0000000000e+00
7.0680000000e-23	7.0680000000e-23	0.0000000000e+00
5.1322000000e-24	5.1322000000e-24	0.0000000000e+00
3.4698000000e-25	3.4698000000e-25	0.0000000000e+00
2.1563000000e-26	2.1563000000e-26	0.0000000000e+00
1.2769000000e-27	1.2769000000e-27	0.0000000000e+00
7.0931000000e-29	7.0931000000e-29	0.0000000000e+00
3.7289000000e-30	3.7289000000e-30	0.0000000000e+00
1.8349000000e-31	1.8349000000e-31	0.0000000000e+00
8.4854000000e-33	8.4854000000e-33	0.0000000000e+00
3.6512000000e-34	3.6512000000e-34	0.0000000000e+00
1.5091000000e-35	1.5091000000e-35	0.0000000000e+00
5.7088000000e-37	5.7088000000e-37	0.0000000000e+00
2.0245000000e-38	2.0245000000e-38	0.0000000000e+00
6.7149000000e-40	6.7143000000e-40	3.8807477633e-05
2.0679000000e-41	2.0648000000e-41	6.5154167804e-04
6.0301000000e-43	5.5632000000e-43	3.4999840971e-02
1.6304000000e-44	0.0000000000e+00	NA
4.1766000000e-46	0.0000000000e+00	NA
9.9447000000e-48	0.0000000000e+00	NA
2.2182000000e-49	0.0000000000e+00	NA
4.6350000000e-51	0.0000000000e+00	NA
9.0726000000e-53	0.0000000000e+00	NA
1.6636000000e-54	0.0000000000e+00	NA
2.8575000000e-56	0.0000000000e+00	NA
4.5979000000e-58	0.0000000000e+00	NA
6.9303000000e-60	0.0000000000e+00	NA
9.7851000000e-62	0.0000000000e+00	NA
1.2942000000e-63	0.0000000000e+00	NA
1.6034000000e-65	0.0000000000e+00	NA
1.8608000000e-67	0.0000000000e+00	NA
2.0229000000e-69	0.0000000000e+00	NA
2.0600000000e-71	0.0000000000e+00	NA
1.9649000000e-73	0.0000000000e+00	NA
1.7557000000e-75	0.0000000000e+00	NA
1.4694000000e-77	0.0000000000e+00	NA
9.4578000000e-110	0.0000000000e+00	NA
1.4437000000e-103	0.0000000000e+00	NA
1.4451000000e-97	0.0000000000e+00	NA
9.5239000000e-92	0.0000000000e+00	NA
4.1431000000e-86	0.0000000000e+00	NA
1.1904000000e-80	0.0000000000e+00	NA
2.2614000000e-75	0.0000000000e+00	NA
2.8418000000e-70	0.0000000000e+00	NA
2.3653000000e-65	0.0000000000e+00	NA
1.3125000000e-60	0.0000000000e+00	NA
4.8674000000e-56	0.0000000000e+00	NA
1.2031000000e-51	0.0000000000e+00	NA
1.9873000000e-47	0.0000000000e+00	NA
2.1984000000e-43	2.0319000000e-43	3.4204385053e-02
1.6337000000e-39	1.6337000000e-39	0.0000000000e+00
8.1877000000e-36	8.1877000000e-36	0.0000000000e+00
2.8604000000e-32	2.8604000000e-32	0.0000000000e+00
6.2363000000e-29	6.2363000000e-29	0.0000000000e+00
8.9233000000e-26	8.9233000000e-26	0.0000000000e+00
9.4086000000e-23	9.4086000000e-23	0.0000000000e+00
6.1255000000e-20	6.1255000000e-20	0.0000000000e+00
2.5683000000e-17	2.5683000000e-17	0.0000000000e+00
7.1427000000e-15	7.1427000000e-15	0.0000000000e+00
1.3096000000e-12	1.3096000000e-12	0.0000000000e+00
1.5721000000e-10	1.5721000000e-10	0.0000000000e+00
1.1636000000e-08	1.1636000000e-08	0.0000000000e+00
5.2585000000e-07	5.2585000000e-07	0.0000000000e+00
1.3231000000e-05	1.3231000000e-05	0.0000000000e+00
1.9096000000e-04	1.9096000000e-04	0.0000000000e+00
1.5588000000e-03	1.5588000000e-03	0.0000000000e+00
7.4154000000e-03	7.4154000000e-03	0.0000000000e+00
2.1024000000e-02	2.1024000000e-02	0.0000000000e+00
3.8613000000e-02	3.8613000000e-02	0.0000000000e+00
5.4276000000e-02	5.4276000000e-02	0.0000000000e+00
5.8312000000e-02	5.8312000000e-02	0.0000000000e+00
5.1707000000e-02	5.1707000000e-02	0.0000000000e+00
3.9516000000e-02	3.9516000000e-02	0.0000000000e+00
2.6098000000e-02	2.6098000000e-02	0.0000000000e+00
1.4916000000e-02	1.4916000000e-02	0.0000000000e+00
7.9330000000e-03	7.9330000000e-03	0.0000000000e+00
3.8775000000e-03	3.8775000000e-03	0.0000000000e+00
1.7501000000e-03	1.7501000000e-03	0.0000000000e+00
7.4573000000e-04	7.4573000000e-04	0.0000000000e+00
2.9693000000e-04	2.9693000000e-04	0.0000000000e+00
1.1083000000e-04	1.1083000000e-04	0.0000000000e+00
3.8854000000e-05	3.8854000000e-05	0.0000000000e+00
1.2737000000e-05	1.2737000000e-05	0.0000000000e+00
3.9217000000e-06	3.9217000000e-06	0.0000000000e+00
1.1279000000e-06	1.1279000000e-06	0.0000000000e+00
3.0397000000e-07	3.0397000000e-07	0.0000000000e+00
7.6856000000e-08	7.6856000000e-08	0.0000000000e+00
1.8173000000e-08	1.8173000000e-08	0.0000000000e+00
4.0301000000e-09	4.0301000000e-09	0.0000000000e+00
8.2705000000e-10	8.2705000000e-10	0.0000000000e+00
1.6308000000e-10	1.6308000000e-10	0.0000000000e+00
2.9597000000e-11	2.9597000000e-11	0.0000000000e+00
5.0360000000e-12	5.0360000000e-12	0.0000000000e+00
8.0575000000e-13	8.0575000000e-13	0.0000000000e+00
1.1989000000e-13	1.1989000000e-13	0.0000000000e+00
1.6810000000e-14	1.6810000000e-14	0.0000000000e+00
2.2113000000e-15	2.2113000000e-15	0.0000000000e+00
2.7510000000e-16	2.7510000000e-16	0.0000000000e+00
3.1715000000e-17	3.1715000000e-17	0.0000000000e+00
3.4204000000e-18	3.4204000000e-18	0.0000000000e+00
3.5066000000e-19	3.5067000000e-19	-1.2384882493e-05
3.3455000000e-20	3.3455000000e-20	0.0000000000e+00
3.0354000000e-21	3.0354000000e-21	0.0000000000e+00
2.5324000000e-22	2.5324000000e-22	0.0000000000e+00
1.9715000000e-23	1.9715000000e-23	0.0000000000e+00
1.4538000000e-24	1.4538000000e-24	0.0000000000e+00
9.8784000000e-26	9.8784000000e-26	0.0000000000e+00
6.3904000000e-27	6.3904000000e-27	0.0000000000e+00
3.8484000000e-28	3.8484000000e-28	0.0000000000e+00
2.1997000000e-29	2.1997000000e-29	0.0000000000e+00
1.1928000000e-30	1.1928000000e-30	0.0000000000e+00
5.9716000000e-32	5.9716000000e-32	0.0000000000e+00
2.8139000000e-33	2.8139000000e-33	0.0000000000e+00
1.2327000000e-34	1.2327000000e-34	0.0000000000e+00
5.0493000000e-36	5.0493000000e-36	0.0000000000e+00
1.9849000000e-37	1.9849000000e-37	0.0000000000e+00
7.1410000000e-39	7.1410000000e-39	0.0000000000e+00
2.3999000000e-40	2.3995000000e-40	7.2391462751e-05
7.6078000000e-42	7.5712000000e-42	2.0943683830e-03
2.2513000000e-43	2.0879000000e-43	3.2723677062e-02
6.2272000000e-45	0.0000000000e+00	NA
1.6136000000e-46	0.0000000000e+00	NA
3.9168000000e-48	0.0000000000e+00	NA
8.9062000000e-50	0.0000000000e+00	NA
1.8971000000e-51	0.0000000000e+00	NA
3.7853000000e-53	0.0000000000e+00	NA
7.0752000000e-55	0.0000000000e+00	NA
1.2388000000e-56	0.0000000000e+00	NA
2.0318000000e-58	0.0000000000e+00	NA
3.1215000000e-60	0.0000000000e+00	NA
4.4923000000e-62	0.0000000000e+00	NA
6.0560000000e-64	0.0000000000e+00	NA
7.6474000000e-66	0.0000000000e+00	NA
9.0457000000e-68	0.0000000000e+00	NA
1.0022000000e-69	0.0000000000e+00	NA
1.0402000000e-71	0.0000000000e+00	NA
1.0112000000e-73	0.0000000000e+00	NA
2.3909000000e-110	0.0000000000e+00	NA
3.6268000000e-104	0.0000000000e+00	NA
3.6033000000e-98	0.0000000000e+00	NA
2.3567000000e-92	0.0000000000e+00	NA
1.0162000000e-86	0.0000000000e+00	NA
2.8930000000e-81	0.0000000000e+00	NA
5.4408000000e-76	0.0000000000e+00	NA
6.7639000000e-71	0.0000000000e+00	NA
5.5611000000e-66	0.0000000000e+00	NA
3.0406000000e-61	0.0000000000e+00	NA
1.1094000000e-56	0.0000000000e+00	NA
2.6954000000e-52	0.0000000000e+00	NA
4.3777000000e-48	0.0000000000e+00	NA
4.7744000000e-44	0.0000000000e+00	NA
3.5060000000e-40	3.5059000000e-40	1.2387355265e-05
1.7455000000e-36	1.7455000000e-36	0.0000000000e+00
5.6945000000e-33	5.6945000000e-33	0.0000000000e+00
1.1483000000e-29	1.1483000000e-29	0.0000000000e+00
1.6917000000e-26	1.6917000000e-26	0.0000000000e+00
1.7122000000e-23	1.7122000000e-23	0.0000000000e+00
9.6218000000e-21	9.6218000000e-21	0.0000000000e+00
4.0605000000e-18	4.0605000000e-18	0.0000000000e+00
1.0848000000e-15	1.0848000000e-15	0.0000000000e+00
1.7693000000e-13	1.7693000000e-13	0.0000000000e+00
1.9959000000e-11	1.9959000000e-11	0.0000000000e+00
1.3230000000e-09	1.3230000000e-09	0.0000000000e+00
5.3382000000e-08	5.3382000000e-08	0.0000000000e+00
1.2916000000e-06	1.2916000000e-06	0.0000000000e+00
1.8842000000e-05	1.8842000000e-05	0.0000000000e+00
1.6678000000e-04	1.6678000000e-04	0.0000000000e+00
8.7608000000e-04	8.7608000000e-04	0.0000000000e+00
2.9883000000e-03	2.9883000000e-03	0.0000000000e+00
6.7424000000e-03	6.7424000000e-03	0.0000000000e+00
1.1296000000e-02	1.1296000000e-02	0.0000000000e+00
1.3753000000e-02	1.3753000000e-02	0.0000000000e+00
1.4941000000e-02	1.4941000000e-02	0.0000000000e+00
1.3009000000e-02	1.3009000000e-02	0.0000000000e+00
9.6939000000e-03	9.6939000000e-03	0.0000000000e+00
6.4936000000e-03	6.4936000000e-03	0.0000000000e+00
3.9597000000e-03	3.9597000000e-03	0.0000000000e+00
2.2747000000e-03	2.2747000000e-03	0.0000000000e+00
1.2044000000e-03	1.2044000000e-03	0.0000000000e+00
5.9032000000e-04	5.9032000000e-04	0.0000000000e+00
2.7356000000e-04	2.7356000000e-04	0.0000000000e+00
1.1989000000e-04	1.1989000000e-04	0.0000000000e+00
4.8810000000e-05	4.8810000000e-05	0.0000000000e+00
1.8642000000e-05	1.8642000000e-05	0.0000000000e+00
6.6706000000e-06	6.6706000000e-06	0.0000000000e+00
2.2377000000e-06	2.2377000000e-06	0.0000000000e+00
7.0116000000e-07	7.0116000000e-07	0.0000000000e+00
2.0645000000e-07	2.0645000000e-07	0.0000000000e+00
5.6862000000e-08	5.6862000000e-08	0.0000000000e+00
1.4674000000e-08	1.4674000000e-08	0.0000000000e+00
3.5168000000e-09	3.5168000000e-09	0.0000000000e+00
7.9938000000e-10	7.9938000000e-10	0.0000000000e+00
1.7000000000e-10	1.7000000000e-10	0.0000000000e+00
3.3717000000e-11	3.3717000000e-11	0.0000000000e+00
6.2394000000e-12	6.2394000000e-12	0.0000000000e+00
1.0833000000e-12	1.0833000000e-12	0.0000000000e+00
1.7748000000e-13	1.7748000000e-13	0.0000000000e+00
2.7056000000e-14	2.7056000000e-14	0.0000000000e+00
3.9077000000e-15	3.9077000000e-15	0.0000000000e+00
5.2444000000e-16	5.2444000000e-16	0.0000000000e+00
6.6237000000e-17	6.6237000000e-17	0.0000000000e+00
7.8252000000e-18	7.8252000000e-18	0.0000000000e+00
8.6706000000e-19	8.6706000000e-19	0.0000000000e+00
9.0685000000e-20	9.0685000000e-20	0.0000000000e+00
8.7956000000e-21	8.7956000000e-21	0.0000000000e+00
8.0413000000e-22	8.0413000000e-22	0.0000000000e+00
6.8644000000e-23	6.8644000000e-23	0.0000000000e+00
5.4164000000e-24	5.4164000000e-24	0.0000000000e+00
4.0374000000e-25	4.0374000000e-25	0.0000000000e+00
2.6827000000e-26	2.6827000000e-26	0.0000000000e+00
1.8047000000e-27	1.8046000000e-27	2.4065302525e-05
1.1631000000e-28	1.1631000000e-28	0.0000000000e+00
6.7308000000e-30	6.7308000000e-30	0.0000000000e+00
3.7325000000e-31	3.7325000000e-31	0.0000000000e+00
1.9252000000e-32	1.9252000000e-32	0.0000000000e+00
9.1431000000e-34	9.1430000000e-34	4.7499957006e-06
4.1429000000e-35	4.1429000000e-35	0.0000000000e+00
1.7125000000e-36	1.7125000000e-36	0.0000000000e+00
6.8252000000e-38	6.8252000000e-38	0.0000000000e+00
2.5033000000e-39	2.5033000000e-39	0.0000000000e+00
8.6182000000e-41	8.6131000000e-41	2.5707891133e-04
2.7694000000e-42	2.7297000000e-42	6.2707681179e-03
8.3363000000e-44	5.7453000000e-44	1.6166062428e-01
2.3507000000e-45	0.0000000000e+00	NA
6.2094000000e-47	0.0000000000e+00	NA
1.5365000000e-48	0.0000000000e+00	NA
3.5614000000e-50	0.0000000000e+00	NA
7.7327000000e-52	0.0000000000e+00	NA
1.5727000000e-53	0.0000000000e+00	NA
2.9964000000e-55	0.0000000000e+00	NA
5.3476000000e-57	0.0000000000e+00	NA
8.9397000000e-59	0.0000000000e+00	NA
1.3999000000e-60	0.0000000000e+00	NA
2.0534000000e-62	0.0000000000e+00	NA
2.8213000000e-64	0.0000000000e+00	NA
3.6311000000e-66	0.0000000000e+00	NA
4.3774000000e-68	0.0000000000e+00	NA
4.9430000000e-70	0.0000000000e+00	NA
4.0193000000e-111	0.0000000000e+00	NA
6.0495000000e-105	0.0000000000e+00	NA
5.9631000000e-99	0.0000000000e+00	NA
3.8706000000e-93	0.0000000000e+00	NA
1.6551000000e-87	0.0000000000e+00	NA
4.6703000000e-82	0.0000000000e+00	NA
8.6935000000e-77	0.0000000000e+00	NA
1.0682000000e-71	0.0000000000e+00	NA
8.6729000000e-67	0.0000000000e+00	NA
4.6679000000e-62	0.0000000000e+00	NA
1.6749000000e-57	0.0000000000e+00	NA
3.9947000000e-53	0.0000000000e+00	NA
6.3682000000e-49	0.0000000000e+00	NA
6.8321000000e-45	0.0000000000e+00	NA
4.9539000000e-41	4.9529000000e-41	8.7676037344e-05
2.4093000000e-37	2.4093000000e-37	0.0000000000e+00
7.8360000000e-34	7.8360000000e-34	0.0000000000e+00
1.5515000000e-30	1.5515000000e-30	0.0000000000e+00
2.2910000000e-27	2.2910000000e-27	0.0000000000e+00
2.0168000000e-24	2.0168000000e-24	0.0000000000e+00
1.1608000000e-21	1.1608000000e-21	0.0000000000e+00
4.6001000000e-19	4.6001000000e-19	0.0000000000e+00
1.1051000000e-16	1.1051000000e-16	0.0000000000e+00
1.7114000000e-14	1.7114000000e-14	0.0000000000e+00
1.8098000000e-12	1.8098000000e-12	0.0000000000e+00
1.1125000000e-10	1.1125000000e-10	0.0000000000e+00
4.3449000000e-09	4.3449000000e-09	0.0000000000e+00
1.0379000000e-07	1.0379000000e-07	0.0000000000e+00
1.4824000000e-06	1.4824000000e-06	0.0000000000e+00
1.3948000000e-05	1.3948000000e-05	0.0000000000e+00
8.1415000000e-05	8.1415000000e-05	0.0000000000e+00
3.3451000000e-04	3.3451000000e-04	0.0000000000e+00
8.7021000000e-04	8.7021000000e-04	0.0000000000e+00
1.7000000000e-03	1.7000000000e-03	0.0000000000e+00
2.5102000000e-03	2.5102000000e-03	0.0000000000e+00
2.9807000000e-03	2.9807000000e-03	0.0000000000e+00
2.8727000000e-03	2.8727000000e-03	0.0000000000e+00
2.6220000000e-03	2.6220000000e-03	0.0000000000e+00
2.0232000000e-03	2.0232000000e-03	0.0000000000e+00
1.4088000000e-03	1.4088000000e-03	0.0000000000e+00
9.2769000000e-04	9.2769000000e-04	0.0000000000e+00
5.7359000000e-04	5.7359000000e-04	0.0000000000e+00
3.3668000000e-04	3.3668000000e-04	0.0000000000e+00
1.7999000000e-04	1.7999000000e-04	0.0000000000e+00
9.1704000000e-05	9.1704000000e-05	0.0000000000e+00
4.3590000000e-05	4.3590000000e-05	0.0000000000e+00
1.9361000000e-05	1.9361000000e-05	0.0000000000e+00
8.0543000000e-06	8.0543000000e-06	0.0000000000e+00
3.1491000000e-06	3.1491000000e-06	0.0000000000e+00
1.1475000000e-06	1.1475000000e-06	0.0000000000e+00
3.9318000000e-07	3.9318000000e-07	0.0000000000e+00
1.2616000000e-07	1.2616000000e-07	0.0000000000e+00
3.7847000000e-08	3.7847000000e-08	0.0000000000e+00
1.0585000000e-08	1.0585000000e-08	0.0000000000e+00
2.7876000000e-09	2.7876000000e-09	0.0000000000e+00
6.8942000000e-10	6.8942000000e-10	0.0000000000e+00
1.5939000000e-10	1.5939000000e-10	0.0000000000e+00
3.4370000000e-11	3.4370000000e-11	0.0000000000e+00
6.9993000000e-12	6.9993000000e-12	0.0000000000e+00
1.3233000000e-12	1.3233000000e-12	0.0000000000e+00
2.3675000000e-13	2.3675000000e-13	0.0000000000e+00
3.9535000000e-14	3.9535000000e-14	0.0000000000e+00
6.0990000000e-15	6.0990000000e-15	0.0000000000e+00
9.0432000000e-16	9.0432000000e-16	0.0000000000e+00
1.2409000000e-16	1.2409000000e-16	0.0000000000e+00
1.6122000000e-17	1.6122000000e-17	0.0000000000e+00
1.9319000000e-18	1.9319000000e-18	0.0000000000e+00
2.1861000000e-19	2.1861000000e-19	0.0000000000e+00
2.3123000000e-20	2.3123000000e-20	0.0000000000e+00
2.2668000000e-21	2.2668000000e-21	0.0000000000e+00
2.0024000000e-22	2.0024000000e-22	0.0000000000e+00
1.7255000000e-23	1.7255000000e-23	0.0000000000e+00
1.4194000000e-24	1.4194000000e-24	0.0000000000e+00
1.1408000000e-25	1.1408000000e-25	0.0000000000e+00
8.1730000000e-27	8.1730000000e-27	0.0000000000e+00
5.4295000000e-28	5.4295000000e-28	0.0000000000e+00
3.6171000000e-29	3.6171000000e-29	0.0000000000e+00
2.1647000000e-30	2.1646000000e-30	2.0063034762e-05
1.1245000000e-31	1.1245000000e-31	0.0000000000e+00
6.2273000000e-33	6.2273000000e-33	0.0000000000e+00
3.0295000000e-34	3.0295000000e-34	0.0000000000e+00
1.3760000000e-35	1.3760000000e-35	0.0000000000e+00
5.8702000000e-37	5.8702000000e-37	0.0000000000e+00
2.3431000000e-38	2.3431000000e-38	0.0000000000e+00
8.7468000000e-40	8.7466000000e-40	9.9304762236e-06
3.0587000000e-41	3.0569000000e-41	2.5565115115e-04
1.0020000000e-42	9.7250000000e-43	1.2978111533e-02
3.0747000000e-44	0.0000000000e+00	NA
8.8381000000e-46	0.0000000000e+00	NA
2.3798000000e-47	0.0000000000e+00	NA
6.0024000000e-49	0.0000000000e+00	NA
1.4182000000e-50	0.0000000000e+00	NA
3.1386000000e-52	0.0000000000e+00	NA
6.5067000000e-54	0.0000000000e+00	NA
1.2635000000e-55	0.0000000000e+00	NA
2.2984000000e-57	0.0000000000e+00	NA
3.9161000000e-59	0.0000000000e+00	NA
6.2502000000e-61	0.0000000000e+00	NA
9.3438000000e-63	0.0000000000e+00	NA
1.3084000000e-64	0.0000000000e+00	NA
1.7163000000e-66	0.0000000000e+00	NA
4.4970000000e-112	0.0000000000e+00	NA
6.7178000000e-106	0.0000000000e+00	NA
6.5748000000e-100	0.0000000000e+00	NA
4.2320000000e-94	0.0000000000e+00	NA
1.7948000000e-88	0.0000000000e+00	NA
5.0185000000e-83	0.0000000000e+00	NA
9.2512000000e-78	0.0000000000e+00	NA
1.1244000000e-72	0.0000000000e+00	NA
9.0124000000e-68	0.0000000000e+00	NA
4.7738000000e-63	0.0000000000e+00	NA
1.6840000000e-58	0.0000000000e+00	NA
3.9387000000e-54	0.0000000000e+00	NA
6.1421000000e-50	0.0000000000e+00	NA
6.4298000000e-46	0.0000000000e+00	NA
4.5509000000e-42	4.5304000000e-42	1.9607439467e-03
2.1895000000e-38	2.1895000000e-38	0.0000000000e+00
6.5279000000e-35	6.5279000000e-35	0.0000000000e+00
1.5326000000e-31	1.5326000000e-31	0.0000000000e+00
1.8766000000e-28	1.8766000000e-28	0.0000000000e+00
1.4921000000e-25	1.4921000000e-25	0.0000000000e+00
9.0337000000e-23	9.0337000000e-23	0.0000000000e+00
3.3525000000e-20	3.3525000000e-20	0.0000000000e+00
7.8402000000e-18	7.8402000000e-18	0.0000000000e+00
1.1801000000e-15	1.1801000000e-15	0.0000000000e+00
1.1608000000e-13	1.1608000000e-13	0.0000000000e+00
7.4020000000e-12	7.4020000000e-12	0.0000000000e+00
2.7082000000e-10	2.7082000000e-10	0.0000000000e+00
6.5512000000e-09	6.5512000000e-09	0.0000000000e+00
9.4187000000e-08	9.4187000000e-08	0.0000000000e+00
9.3833000000e-07	9.3833000000e-07	0.0000000000e+00
6.4564000000e-06	6.4564000000e-06	0.0000000000e+00
2.7501000000e-05	2.7501000000e-05	0.0000000000e+00
8.6194000000e-05	8.6194000000e-05	0.0000000000e+00
1.8945000000e-04	1.8945000000e-04	0.0000000000e+00
3.2247000000e-04	3.2247000000e-04	0.0000000000e+00
4.2530000000e-04	4.2530000000e-04	0.0000000000e+00
4.8685000000e-04	4.8685000000e-04	0.0000000000e+00
4.9148000000e-04	4.9148000000e-04	0.0000000000e+00
4.3044000000e-04	4.3044000000e-04	0.0000000000e+00
3.5959000000e-04	3.5959000000e-04	0.0000000000e+00
2.7997000000e-04	2.7997000000e-04	0.0000000000e+00
1.9843000000e-04	1.9843000000e-04	0.0000000000e+00
1.3302000000e-04	1.3302000000e-04	0.0000000000e+00
8.4920000000e-05	8.4920000000e-05	0.0000000000e+00
4.9716000000e-05	4.9716000000e-05	0.0000000000e+00
2.7545000000e-05	2.7545000000e-05	0.0000000000e+00
1.4221000000e-05	1.4221000000e-05	0.0000000000e+00
6.8971000000e-06	6.8971000000e-06	0.0000000000e+00
3.1368000000e-06	3.1368000000e-06	0.0000000000e+00
1.3333000000e-06	1.3333000000e-06	0.0000000000e+00
5.3182000000e-07	5.3182000000e-07	0.0000000000e+00
1.9843000000e-07	1.9843000000e-07	0.0000000000e+00
6.9285000000e-08	6.9285000000e-08	0.0000000000e+00
2.2609000000e-08	2.2609000000e-08	0.0000000000e+00
6.8416000000e-09	6.8416000000e-09	0.0000000000e+00
1.9904000000e-09	1.9904000000e-09	0.0000000000e+00
5.3376000000e-10	5.3376000000e-10	0.0000000000e+00
1.3435000000e-10	1.3435000000e-10	0.0000000000e+00
3.1717000000e-11	3.1717000000e-11	0.0000000000e+00
7.0228000000e-12	7.0228000000e-12	0.0000000000e+00
1.4538000000e-12	1.4538000000e-12	0.0000000000e+00
2.8227000000e-13	2.8227000000e-13	0.0000000000e+00
5.1163000000e-14	5.1163000000e-14	0.0000000000e+00
8.6935000000e-15	8.6935000000e-15	0.0000000000e+00
1.4008000000e-15	1.4008000000e-15	0.0000000000e+00
2.0873000000e-16	2.0873000000e-16	0.0000000000e+00
2.9330000000e-17	2.9330000000e-17	0.0000000000e+00
3.7988000000e-18	3.7988000000e-18	0.0000000000e+00
4.7130000000e-19	4.7130000000e-19	0.0000000000e+00
5.2156000000e-20	5.2156000000e-20	0.0000000000e+00
5.7278000000e-21	5.7278000000e-21	0.0000000000e+00
5.5310000000e-22	5.5310000000e-22	0.0000000000e+00
5.4054000000e-23	5.4054000000e-23	0.0000000000e+00
4.8318000000e-24	4.8318000000e-24	0.0000000000e+00
4.1532000000e-25	4.1532000000e-25	0.0000000000e+00
3.2957000000e-26	3.2957000000e-26	0.0000000000e+00
2.3573000000e-27	2.3573000000e-27	0.0000000000e+00
1.5861000000e-28	1.5861000000e-28	0.0000000000e+00
9.9522000000e-30	9.9522000000e-30	0.0000000000e+00
6.0239000000e-31	6.0238000000e-31	7.2095832717e-06
3.6600000000e-32	3.6600000000e-32	0.0000000000e+00
1.8769000000e-33	1.8769000000e-33	0.0000000000e+00
9.5985000000e-35	9.5985000000e-35	0.0000000000e+00
4.5241000000e-36	4.5241000000e-36	0.0000000000e+00
1.9620000000e-37	1.9620000000e-37	0.0000000000e+00
7.9708000000e-39	7.9708000000e-39	0.0000000000e+00
3.0333000000e-40	3.0332000000e-40	1.4317793850e-05
1.0813000000e-41	1.0775000000e-41	1.5289241576e-03
3.6107000000e-43	3.3491000000e-43	3.2663290737e-02
1.1294000000e-44	0.0000000000e+00	NA
3.3092000000e-46	0.0000000000e+00	NA
9.0825000000e-48	0.0000000000e+00	NA
2.3350000000e-49	0.0000000000e+00	NA
5.6232000000e-51	0.0000000000e+00	NA
1.2685000000e-52	0.0000000000e+00	NA
2.6802000000e-54	0.0000000000e+00	NA
5.3048000000e-56	0.0000000000e+00	NA
9.8347000000e-58	0.0000000000e+00	NA
1.7079000000e-59	0.0000000000e+00	NA
2.7780000000e-61	0.0000000000e+00	NA
4.2326000000e-63	0.0000000000e+00	NA
3.3554000000e-113	0.0000000000e+00	NA
4.9771000000e-107	0.0000000000e+00	NA
4.8359000000e-101	0.0000000000e+00	NA
3.0895000000e-95	0.0000000000e+00	NA
1.2994000000e-89	0.0000000000e+00	NA
3.6032000000e-84	0.0000000000e+00	NA
6.5799000000e-79	0.0000000000e+00	NA
7.9162000000e-74	0.0000000000e+00	NA
6.2727000000e-69	0.0000000000e+00	NA
3.2746000000e-64	0.0000000000e+00	NA
1.1352000000e-59	0.0000000000e+00	NA
2.6049000000e-55	0.0000000000e+00	NA
3.9653000000e-51	0.0000000000e+00	NA
4.0156000000e-47	0.0000000000e+00	NA
2.7193000000e-43	2.5644000000e-43	2.5471354476e-02
1.2549000000e-39	1.2549000000e-39	0.0000000000e+00
3.8179000000e-36	3.8179000000e-36	0.0000000000e+00
8.0966000000e-33	8.0966000000e-33	0.0000000000e+00
1.0342000000e-29	1.0342000000e-29	0.0000000000e+00
8.5077000000e-27	8.5077000000e-27	0.0000000000e+00
4.7399000000e-24	4.7399000000e-24	0.0000000000e+00
1.6775000000e-21	1.6775000000e-21	0.0000000000e+00
4.1013000000e-19	4.1013000000e-19	0.0000000000e+00
5.6226000000e-17	5.6226000000e-17	0.0000000000e+00
5.5017000000e-15	5.5017000000e-15	0.0000000000e+00
3.3732000000e-13	3.3732000000e-13	0.0000000000e+00
1.2531000000e-11	1.2531000000e-11	0.0000000000e+00
2.9523000000e-10	2.9523000000e-10	0.0000000000e+00
4.5894000000e-09	4.5894000000e-09	0.0000000000e+00
5.2797000000e-08	5.2797000000e-08	0.0000000000e+00
3.6125000000e-07	3.6125000000e-07	0.0000000000e+00
1.7919000000e-06	1.7919000000e-06	0.0000000000e+00
5.9437000000e-06	5.9437000000e-06	0.0000000000e+00
1.4931000000e-05	1.4931000000e-05	0.0000000000e+00
2.8978000000e-05	2.8978000000e-05	0.0000000000e+00
4.4753000000e-05	4.4753000000e-05	0.0000000000e+00
5.6386000000e-05	5.6386000000e-05	0.0000000000e+00
6.3937000000e-05	6.3937000000e-05	0.0000000000e+00
6.5699000000e-05	6.5699000000e-05	0.0000000000e+00
6.5134000000e-05	6.5134000000e-05	0.0000000000e+00
5.6903000000e-05	5.6903000000e-05	0.0000000000e+00
4.7761000000e-05	4.7761000000e-05	0.0000000000e+00
3.8343000000e-05	3.8343000000e-05	0.0000000000e+00
2.7682000000e-05	2.7682000000e-05	0.0000000000e+00
1.9207000000e-05	1.9207000000e-05	0.0000000000e+00
1.2362000000e-05	1.2362000000e-05	0.0000000000e+00
7.4648000000e-06	7.4648000000e-06	0.0000000000e+00
4.2043000000e-06	4.2043000000e-06	0.0000000000e+00
2.2177000000e-06	2.2177000000e-06	0.0000000000e+00
1.0988000000e-06	1.0988000000e-06	0.0000000000e+00
5.0926000000e-07	5.0926000000e-07	0.0000000000e+00
2.2125000000e-07	2.2125000000e-07	0.0000000000e+00
8.9704000000e-08	8.9704000000e-08	0.0000000000e+00
3.4125000000e-08	3.4125000000e-08	0.0000000000e+00
1.2149000000e-08	1.2149000000e-08	0.0000000000e+00
4.0763000000e-09	4.0763000000e-09	0.0000000000e+00
1.2656000000e-09	1.2656000000e-09	0.0000000000e+00
3.7379000000e-10	3.7379000000e-10	0.0000000000e+00
1.0252000000e-10	1.0252000000e-10	0.0000000000e+00
2.6225000000e-11	2.6225000000e-11	0.0000000000e+00
6.2930000000e-12	6.2930000000e-12	0.0000000000e+00
1.4240000000e-12	1.4240000000e-12	0.0000000000e+00
3.0220000000e-13	3.0220000000e-13	0.0000000000e+00
5.9498000000e-14	5.9498000000e-14	0.0000000000e+00
1.1081000000e-14	1.1081000000e-14	0.0000000000e+00
1.9129000000e-15	1.9129000000e-15	0.0000000000e+00
3.1381000000e-16	3.1381000000e-16	0.0000000000e+00
4.7676000000e-17	4.7676000000e-17	0.0000000000e+00
6.8095000000e-18	6.8095000000e-18	0.0000000000e+00
8.8273000000e-19	8.8273000000e-19	0.0000000000e+00
1.1027000000e-19	1.1027000000e-19	0.0000000000e+00
1.3190000000e-20	1.3190000000e-20	0.0000000000e+00
1.4495000000e-21	1.4495000000e-21	0.0000000000e+00
1.4970000000e-22	1.4970000000e-22	0.0000000000e+00
1.4726000000e-23	1.4726000000e-23	0.0000000000e+00
1.2877000000e-24	1.2877000000e-24	0.0000000000e+00
1.0804000000e-25	1.0804000000e-25	0.0000000000e+00
8.9609000000e-27	8.9609000000e-27	0.0000000000e+00
6.4670000000e-28	6.4670000000e-28	0.0000000000e+00
4.3601000000e-29	4.3601000000e-29	0.0000000000e+00
3.1271000000e-30	3.1271000000e-30	0.0000000000e+00
1.8378000000e-31	1.8378000000e-31	0.0000000000e+00
1.0483000000e-32	1.0483000000e-32	0.0000000000e+00
5.9565000000e-34	5.9565000000e-34	0.0000000000e+00
3.1257000000e-35	3.1257000000e-35	0.0000000000e+00
1.4752000000e-36	1.4752000000e-36	0.0000000000e+00
6.5218000000e-38	6.5218000000e-38	0.0000000000e+00
2.7008000000e-39	2.7008000000e-39	0.0000000000e+00
1.0477000000e-40	1.0473000000e-40	1.6584037697e-04
3.8070000000e-42	3.7807000000e-42	3.0106595189e-03
1.2958000000e-43	1.0229000000e-43	1.0270479700e-01
4.1314000000e-45	0.0000000000e+00	NA
1.2338000000e-46	0.0000000000e+00	NA
3.4516000000e-48	0.0000000000e+00	NA
9.0445000000e-50	0.0000000000e+00	NA
2.2200000000e-51	0.0000000000e+00	NA
5.1039000000e-53	0.0000000000e+00	NA
1.0992000000e-54	0.0000000000e+00	NA
2.2172000000e-56	0.0000000000e+00	NA
4.1894000000e-58	0.0000000000e+00	NA
7.4144000000e-60	0.0000000000e+00	NA
1.6738000000e-114	0.0000000000e+00	NA
2.4653000000e-108	0.0000000000e+00	NA
2.3781000000e-102	0.0000000000e+00	NA
1.5080000000e-96	0.0000000000e+00	NA
6.2966000000e-91	0.0000000000e+00	NA
1.7318000000e-85	0.0000000000e+00	NA
3.1363000000e-80	0.0000000000e+00	NA
3.7390000000e-75	0.0000000000e+00	NA
2.9341000000e-70	0.0000000000e+00	NA
1.5146000000e-65	0.0000000000e+00	NA
5.1673000000e-61	0.0000000000e+00	NA
1.1675000000e-56	0.0000000000e+00	NA
1.7415000000e-52	0.0000000000e+00	NA
1.7123000000e-48	0.0000000000e+00	NA
1.1086000000e-44	0.0000000000e+00	NA
4.7879000000e-41	4.7866000000e-41	1.1793468692e-04
1.5992000000e-37	1.5992000000e-37	0.0000000000e+00
3.0981000000e-34	3.0981000000e-34	0.0000000000e+00
4.5275000000e-31	4.5275000000e-31	0.0000000000e+00
3.6221000000e-28	3.6221000000e-28	0.0000000000e+00
1.8014000000e-25	1.8014000000e-25	0.0000000000e+00
6.0504000000e-23	6.0504000000e-23	0.0000000000e+00
1.3497000000e-20	1.3497000000e-20	0.0000000000e+00
2.0420000000e-18	2.0420000000e-18	0.0000000000e+00
1.8362000000e-16	1.8362000000e-16	0.0000000000e+00
1.1695000000e-14	1.1695000000e-14	0.0000000000e+00
4.3187000000e-13	4.3187000000e-13	0.0000000000e+00
1.1312000000e-11	1.1312000000e-11	0.0000000000e+00
1.6937000000e-10	1.6937000000e-10	0.0000000000e+00
1.9265000000e-09	1.9265000000e-09	0.0000000000e+00
1.3087000000e-08	1.3087000000e-08	0.0000000000e+00
7.5054000000e-08	7.5055000000e-08	-5.7863883166e-06
3.0311000000e-07	3.0311000000e-07	0.0000000000e+00
7.8979000000e-07	7.8979000000e-07	0.0000000000e+00
1.7316000000e-06	1.7316000000e-06	0.0000000000e+00
3.1282000000e-06	3.1282000000e-06	0.0000000000e+00
4.5406000000e-06	4.5406000000e-06	0.0000000000e+00
6.1899000000e-06	6.1899000000e-06	0.0000000000e+00
7.2482000000e-06	7.2482000000e-06	0.0000000000e+00
8.0037000000e-06	8.0037000000e-06	0.0000000000e+00
8.5838000000e-06	8.5838000000e-06	0.0000000000e+00
8.4274000000e-06	8.4274000000e-06	0.0000000000e+00
7.7430000000e-06	7.7430000000e-06	0.0000000000e+00
6.5908000000e-06	6.5908000000e-06	0.0000000000e+00
5.2528000000e-06	5.2528000000e-06	0.0000000000e+00
3.9165000000e-06	3.9165000000e-06	0.0000000000e+00
2.7512000000e-06	2.7512000000e-06	0.0000000000e+00
1.8053000000e-06	1.8053000000e-06	0.0000000000e+00
1.1170000000e-06	1.1170000000e-06	0.0000000000e+00
6.4322000000e-07	6.4322000000e-07	0.0000000000e+00
3.4697000000e-07	3.4697000000e-07	0.0000000000e+00
1.7508000000e-07	1.7508000000e-07	0.0000000000e+00
8.2734000000e-08	8.2734000000e-08	0.0000000000e+00
3.6622000000e-08	3.6622000000e-08	0.0000000000e+00
1.5190000000e-08	1.5190000000e-08	0.0000000000e+00
5.8892000000e-09	5.8892000000e-09	0.0000000000e+00
2.1478000000e-09	2.1478000000e-09	0.0000000000e+00
7.2434000000e-10	7.2434000000e-10	0.0000000000e+00
2.3055000000e-10	2.3055000000e-10	0.0000000000e+00
6.9298000000e-11	6.9298000000e-11	0.0000000000e+00
1.9409000000e-11	1.9409000000e-11	0.0000000000e+00
5.0149000000e-12	5.0149000000e-12	0.0000000000e+00
1.2542000000e-12	1.2542000000e-12	0.0000000000e+00
2.8887000000e-13	2.8887000000e-13	0.0000000000e+00
6.2423000000e-14	6.2423000000e-14	0.0000000000e+00
1.2485000000e-14	1.2485000000e-14	0.0000000000e+00
2.3874000000e-15	2.3874000000e-15	0.0000000000e+00
4.2237000000e-16	4.2237000000e-16	0.0000000000e+00
7.0520000000e-17	7.0520000000e-17	0.0000000000e+00
1.0903000000e-17	1.0903000000e-17	0.0000000000e+00
1.5729000000e-18	1.5729000000e-18	0.0000000000e+00
2.1298000000e-19	2.1298000000e-19	0.0000000000e+00
2.7443000000e-20	2.7443000000e-20	0.0000000000e+00
3.3269000000e-21	3.3269000000e-21	0.0000000000e+00
3.6828000000e-22	3.6828000000e-22	0.0000000000e+00
3.8116000000e-23	3.8116000000e-23	0.0000000000e+00
3.8957000000e-24	3.8957000000e-24	0.0000000000e+00
3.6665000000e-25	3.6666000000e-25	-1.1844771841e-05
2.9177000000e-26	2.9177000000e-26	0.0000000000e+00
2.4155000000e-27	2.4155000000e-27	0.0000000000e+00
1.8286000000e-28	1.8286000000e-28	0.0000000000e+00
1.3002000000e-29	1.3002000000e-29	0.0000000000e+00
8.7351000000e-31	8.7352000000e-31	-4.9718033680e-06
5.7436000000e-32	5.7436000000e-32	0.0000000000e+00
3.5150000000e-33	3.5150000000e-33	0.0000000000e+00
1.9391000000e-34	1.9391000000e-34	0.0000000000e+00
9.9590000000e-36	9.9590000000e-36	0.0000000000e+00
4.7912000000e-37	4.7912000000e-37	0.0000000000e+00
2.1591000000e-38	2.1591000000e-38	0.0000000000e+00
9.1141000000e-40	9.1137000000e-40	1.9060752564e-05
3.6038000000e-41	3.5992000000e-41	5.5470078810e-04
1.3347000000e-42	1.3172000000e-42	5.7319384278e-03
4.6306000000e-44	3.6434000000e-44	1.0413041344e-01
1.5048000000e-45	0.0000000000e+00	NA
4.5805000000e-47	0.0000000000e+00	NA
1.3060000000e-48	0.0000000000e+00	NA
3.4880000000e-50	0.0000000000e+00	NA
8.7255000000e-52	0.0000000000e+00	NA
2.0446000000e-53	0.0000000000e+00	NA
4.4874000000e-55	0.0000000000e+00	NA
9.2253000000e-57	0.0000000000e+00	NA
5.5923000000e-116	0.0000000000e+00	NA
8.1745000000e-110	0.0000000000e+00	NA
7.8301000000e-104	0.0000000000e+00	NA
4.9352000000e-98	0.0000000000e+00	NA
2.0464000000e-92	0.0000000000e+00	NA
5.5872000000e-87	0.0000000000e+00	NA
1.0048000000e-81	0.0000000000e+00	NA
1.1885000000e-76	0.0000000000e+00	NA
9.2530000000e-72	0.0000000000e+00	NA
4.7386000000e-67	0.0000000000e+00	NA
1.5984000000e-62	0.0000000000e+00	NA
3.5727000000e-58	0.0000000000e+00	NA
5.2737000000e-54	0.0000000000e+00	NA
5.1317000000e-50	0.0000000000e+00	NA
3.3172000000e-46	0.0000000000e+00	NA
1.4993000000e-42	1.4868000000e-42	3.6359885692e-03
5.3474000000e-39	5.3474000000e-39	0.0000000000e+00
8.3414000000e-36	8.3414000000e-36	0.0000000000e+00
1.2343000000e-32	1.2343000000e-32	0.0000000000e+00
8.2168000000e-30	8.2168000000e-30	0.0000000000e+00
4.2982000000e-27	4.2982000000e-27	0.0000000000e+00
1.5438000000e-24	1.5438000000e-24	0.0000000000e+00
3.5811000000e-22	3.5811000000e-22	0.0000000000e+00
4.7775000000e-20	4.7775000000e-20	0.0000000000e+00
4.6463000000e-18	4.6463000000e-18	0.0000000000e+00
2.9090000000e-16	2.9090000000e-16	0.0000000000e+00
1.0679000000e-14	1.0679000000e-14	0.0000000000e+00
2.9590000000e-13	2.9590000000e-13	0.0000000000e+00
4.5092000000e-12	4.5092000000e-12	0.0000000000e+00
5.1250000000e-11	5.1250000000e-11	0.0000000000e+00
4.4830000000e-10	4.4830000000e-10	0.0000000000e+00
2.6337000000e-09	2.6337000000e-09	0.0000000000e+00
1.0491000000e-08	1.0491000000e-08	0.0000000000e+00
3.2337000000e-08	3.2337000000e-08	0.0000000000e+00
7.8208000000e-08	7.8208000000e-08	0.0000000000e+00
1.5572000000e-07	1.5572000000e-07	0.0000000000e+00
2.5654000000e-07	2.5654000000e-07	0.0000000000e+00
4.0546000000e-07	4.0546000000e-07	0.0000000000e+00
5.5066000000e-07	5.5066000000e-07	0.0000000000e+00
7.1884000000e-07	7.1884000000e-07	0.0000000000e+00
8.7544000000e-07	8.7544000000e-07	0.0000000000e+00
1.0072000000e-06	1.0072000000e-06	0.0000000000e+00
1.0895000000e-06	1.0895000000e-06	0.0000000000e+00
1.0880000000e-06	1.0880000000e-06	0.0000000000e+00
1.0132000000e-06	1.0132000000e-06	0.0000000000e+00
8.8454000000e-07	8.8454000000e-07	0.0000000000e+00
7.2562000000e-07	7.2562000000e-07	0.0000000000e+00
5.5747000000e-07	5.5747000000e-07	0.0000000000e+00
3.9833000000e-07	3.9833000000e-07	0.0000000000e+00
2.6653000000e-07	2.6653000000e-07	0.0000000000e+00
1.6727000000e-07	1.6727000000e-07	0.0000000000e+00
9.8136000000e-08	9.8136000000e-08	0.0000000000e+00
5.3943000000e-08	5.3943000000e-08	0.0000000000e+00
2.7788000000e-08	2.7788000000e-08	0.0000000000e+00
1.3403000000e-08	1.3403000000e-08	0.0000000000e+00
6.0433000000e-09	6.0433000000e-09	0.0000000000e+00
2.5377000000e-09	2.5377000000e-09	0.0000000000e+00
1.0037000000e-09	1.0037000000e-09	0.0000000000e+00
3.7723000000e-10	3.7723000000e-10	0.0000000000e+00
1.2862000000e-10	1.2862000000e-10	0.0000000000e+00
4.1046000000e-11	4.1046000000e-11	0.0000000000e+00
1.2426000000e-11	1.2426000000e-11	0.0000000000e+00
3.6793000000e-12	3.6793000000e-12	0.0000000000e+00
9.8807000000e-13	9.8807000000e-13	0.0000000000e+00
2.4470000000e-13	2.4470000000e-13	0.0000000000e+00
5.7894000000e-14	5.7894000000e-14	0.0000000000e+00
1.2952000000e-14	1.2952000000e-14	0.0000000000e+00
2.6834000000e-15	2.6834000000e-15	0.0000000000e+00
5.0848000000e-16	5.0848000000e-16	0.0000000000e+00
9.1862000000e-17	9.1862000000e-17	0.0000000000e+00
1.5667000000e-17	1.5667000000e-17	0.0000000000e+00
2.4494000000e-18	2.4494000000e-18	0.0000000000e+00
3.7214000000e-19	3.7214000000e-19	0.0000000000e+00
5.1989000000e-20	5.1989000000e-20	0.0000000000e+00
6.7350000000e-21	6.7350000000e-21	0.0000000000e+00
8.2525000000e-22	8.2525000000e-22	0.0000000000e+00
9.3959000000e-23	9.3959000000e-23	0.0000000000e+00
9.8991000000e-24	9.8991000000e-24	0.0000000000e+00
9.4885000000e-25	9.4885000000e-25	0.0000000000e+00
9.2168000000e-26	9.2168000000e-26	0.0000000000e+00
8.1437000000e-27	8.1437000000e-27	0.0000000000e+00
6.6211000000e-28	6.6211000000e-28	0.0000000000e+00
5.3163000000e-29	5.3162000000e-29	8.1691884677e-06
4.0525000000e-30	4.0525000000e-30	0.0000000000e+00
2.8207000000e-31	2.8207000000e-31	0.0000000000e+00
1.7320000000e-32	1.7320000000e-32	0.0000000000e+00
1.0801000000e-33	1.0801000000e-33	0.0000000000e+00
6.0366000000e-35	6.0366000000e-35	0.0000000000e+00
3.1603000000e-36	3.1603000000e-36	0.0000000000e+00
1.5497000000e-37	1.5497000000e-37	0.0000000000e+00
7.1185000000e-39	7.1184000000e-39	6.1009697604e-06
3.0628000000e-40	3.0623000000e-40	7.0904064075e-05
1.2344000000e-41	1.2319000000e-41	8.8045783289e-04
4.6597000000e-43	4.4001000000e-43	2.4895410215e-02
1.6477000000e-44	0.0000000000e+00	NA
5.4572000000e-46	0.0000000000e+00	NA
1.6930000000e-47	0.0000000000e+00	NA
4.9198000000e-49	0.0000000000e+00	NA
1.3391000000e-50	0.0000000000e+00	NA
3.4141000000e-52	0.0000000000e+00	NA
8.1531000000e-54	0.0000000000e+00	NA
1.2519000000e-117	0.0000000000e+00	NA
1.8177000000e-111	0.0000000000e+00	NA
1.7305000000e-105	0.0000000000e+00	NA
1.0833000000e-99	0.0000000000e+00	NA
4.4655000000e-94	0.0000000000e+00	NA
1.2122000000e-88	0.0000000000e+00	NA
2.1652000000e-83	0.0000000000e+00	NA
2.5467000000e-78	0.0000000000e+00	NA
1.9705000000e-73	0.0000000000e+00	NA
1.0042000000e-68	0.0000000000e+00	NA
3.3721000000e-64	0.0000000000e+00	NA
7.4800000000e-60	0.0000000000e+00	NA
1.1012000000e-55	0.0000000000e+00	NA
1.0754000000e-51	0.0000000000e+00	NA
7.0301000000e-48	0.0000000000e+00	NA
3.1895000000e-44	0.0000000000e+00	NA
1.1781000000e-40	1.1779000000e-40	7.3734207631e-05
2.1043000000e-37	2.1043000000e-37	0.0000000000e+00
2.4141000000e-34	2.4141000000e-34	0.0000000000e+00
1.4435000000e-31	1.4435000000e-31	0.0000000000e+00
7.8473000000e-29	7.8473000000e-29	0.0000000000e+00
2.7040000000e-26	2.7040000000e-26	0.0000000000e+00
5.7474000000e-24	5.7474000000e-24	0.0000000000e+00
8.3064000000e-22	8.3064000000e-22	0.0000000000e+00
8.0027000000e-20	8.0027000000e-20	0.0000000000e+00
4.8508000000e-18	4.8508000000e-18	0.0000000000e+00
2.0424000000e-16	2.0424000000e-16	0.0000000000e+00
5.4973000000e-15	5.4973000000e-15	0.0000000000e+00
9.3472000000e-14	9.3472000000e-14	0.0000000000e+00
1.0953000000e-12	1.0953000000e-12	0.0000000000e+00
9.6382000000e-12	9.6382000000e-12	0.0000000000e+00
5.6779000000e-11	5.6779000000e-11	0.0000000000e+00
2.7629000000e-10	2.7629000000e-10	0.0000000000e+00
9.0612000000e-10	9.0612000000e-10	0.0000000000e+00
2.4210000000e-09	2.4210000000e-09	0.0000000000e+00
5.3978000000e-09	5.3978000000e-09	0.0000000000e+00
1.0315000000e-08	1.0315000000e-08	0.0000000000e+00
1.8730000000e-08	1.8730000000e-08	0.0000000000e+00
3.1894000000e-08	3.1894000000e-08	0.0000000000e+00
4.6489000000e-08	4.6489000000e-08	0.0000000000e+00
6.7638000000e-08	6.7638000000e-08	0.0000000000e+00
8.8083000000e-08	8.8083000000e-08	0.0000000000e+00
1.1114000000e-07	1.1114000000e-07	0.0000000000e+00
1.2984000000e-07	1.2984000000e-07	0.0000000000e+00
1.3996000000e-07	1.3996000000e-07	0.0000000000e+00
1.4159000000e-07	1.4159000000e-07	0.0000000000e+00
1.3503000000e-07	1.3503000000e-07	0.0000000000e+00
1.2087000000e-07	1.2087000000e-07	0.0000000000e+00
1.0051000000e-07	1.0051000000e-07	0.0000000000e+00
7.8328000000e-08	7.8328000000e-08	0.0000000000e+00
5.7162000000e-08	5.7162000000e-08	0.0000000000e+00
3.9116000000e-08	3.9116000000e-08	0.0000000000e+00
2.5009000000e-08	2.5009000000e-08	0.0000000000e+00
1.4962000000e-08	1.4962000000e-08	0.0000000000e+00
8.4169000000e-09	8.4169000000e-09	0.0000000000e+00
4.4255000000e-09	4.4255000000e-09	0.0000000000e+00
2.1270000000e-09	2.1270000000e-09	0.0000000000e+00
9.8525000000e-10	9.8525000000e-10	0.0000000000e+00
4.1958000000e-10	4.1958000000e-10	0.0000000000e+00
1.6743000000e-10	1.6743000000e-10	0.0000000000e+00
6.1316000000e-11	6.1316000000e-11	0.0000000000e+00
2.1983000000e-11	2.1983000000e-11	0.0000000000e+00
7.6394000000e-12	7.6394000000e-12	0.0000000000e+00
2.3347000000e-12	2.3347000000e-12	0.0000000000e+00
6.7984000000e-13	6.7984000000e-13	0.0000000000e+00
1.8830000000e-13	1.8830000000e-13	0.0000000000e+00
4.9129000000e-14	4.9129000000e-14	0.0000000000e+00
1.1947000000e-14	1.1947000000e-14	0.0000000000e+00
2.6512000000e-15	2.6512000000e-15	0.0000000000e+00
5.5676000000e-16	5.5676000000e-16	0.0000000000e+00
1.1065000000e-16	1.1065000000e-16	0.0000000000e+00
2.0385000000e-17	2.0385000000e-17	0.0000000000e+00
3.5153000000e-18	3.5153000000e-18	0.0000000000e+00
5.6500000000e-19	5.6499000000e-19	7.6866960223e-06
8.6049000000e-20	8.6049000000e-20	0.0000000000e+00
1.2304000000e-20	1.2304000000e-20	0.0000000000e+00
1.6161000000e-21	1.6161000000e-21	0.0000000000e+00
1.9327000000e-22	1.9327000000e-22	0.0000000000e+00
2.3099000000e-23	2.3099000000e-23	0.0000000000e+00
2.4702000000e-24	2.4702000000e-24	0.0000000000e+00
2.5208000000e-25	2.5208000000e-25	0.0000000000e+00
2.4735000000e-26	2.4735000000e-26	0.0000000000e+00
2.3560000000e-27	2.3560000000e-27	0.0000000000e+00
1.9218000000e-28	1.9218000000e-28	0.0000000000e+00
1.5179000000e-29	1.5179000000e-29	0.0000000000e+00
1.1812000000e-30	1.1812000000e-30	0.0000000000e+00
8.3200000000e-32	8.3200000000e-32	0.0000000000e+00
5.4020000000e-33	5.4020000000e-33	0.0000000000e+00
3.2854000000e-34	3.2854000000e-34	0.0000000000e+00
1.8716000000e-35	1.8716000000e-35	0.0000000000e+00
9.9870000000e-37	9.9870000000e-37	0.0000000000e+00
4.9917000000e-38	4.9917000000e-38	0.0000000000e+00
2.3370000000e-39	2.3369000000e-39	1.8583815741e-05
1.0248000000e-40	1.0245000000e-40	1.2715399942e-04
4.2097000000e-42	4.1801000000e-42	3.0644759118e-03
1.6197000000e-43	1.2191000000e-43	1.2339525092e-01
5.8370000000e-45	0.0000000000e+00	NA
1.9703000000e-46	0.0000000000e+00	NA
6.2299000000e-48	0.0000000000e+00	NA
1.8450000000e-49	0.0000000000e+00	NA
5.1181000000e-51	0.0000000000e+00	NA
1.8803000000e-119	0.0000000000e+00	NA
2.7130000000e-113	0.0000000000e+00	NA
2.5682000000e-107	0.0000000000e+00	NA
1.5986000000e-101	0.0000000000e+00	NA
6.5516000000e-96	0.0000000000e+00	NA
1.7687000000e-90	0.0000000000e+00	NA
3.1452000000e-85	0.0000000000e+00	NA
3.6808000000e-80	0.0000000000e+00	NA
2.8366000000e-75	0.0000000000e+00	NA
1.4407000000e-70	0.0000000000e+00	NA
4.8291000000e-66	0.0000000000e+00	NA
1.0713000000e-61	0.0000000000e+00	NA
1.5784000000e-57	0.0000000000e+00	NA
1.5508000000e-53	0.0000000000e+00	NA
1.0236000000e-49	0.0000000000e+00	NA
4.7513000000e-46	0.0000000000e+00	NA
1.5412000000e-42	1.5260000000e-42	4.3044667221e-03
2.8123000000e-39	2.8122000000e-39	1.5442954287e-05
2.9850000000e-36	2.9850000000e-36	0.0000000000e+00
2.6195000000e-33	2.6195000000e-33	0.0000000000e+00
1.1715000000e-30	1.1715000000e-30	0.0000000000e+00
3.1996000000e-28	3.1996000000e-28	0.0000000000e+00
9.7713000000e-26	9.7713000000e-26	0.0000000000e+00
1.0822000000e-23	1.0822000000e-23	0.0000000000e+00
1.0157000000e-21	1.0157000000e-21	0.0000000000e+00
6.1507000000e-20	6.1507000000e-20	0.0000000000e+00
2.4522000000e-18	2.4522000000e-18	0.0000000000e+00
6.8959000000e-17	6.8959000000e-17	0.0000000000e+00
1.1435000000e-15	1.1435000000e-15	0.0000000000e+00
1.6671000000e-14	1.6671000000e-14	0.0000000000e+00
1.5356000000e-13	1.5356000000e-13	0.0000000000e+00
1.0089000000e-12	1.0089000000e-12	0.0000000000e+00
4.9984000000e-12	4.9984000000e-12	0.0000000000e+00
1.7839000000e-11	1.7839000000e-11	0.0000000000e+00
5.5341000000e-11	5.5341000000e-11	0.0000000000e+00
1.4252000000e-10	1.4252000000e-10	0.0000000000e+00
3.3173000000e-10	3.3173000000e-10	0.0000000000e+00
6.7183000000e-10	6.7183000000e-10	0.0000000000e+00
1.2611000000e-09	1.2611000000e-09	0.0000000000e+00
2.0475000000e-09	2.0475000000e-09	0.0000000000e+00
3.5442000000e-09	3.5442000000e-09	0.0000000000e+00
5.6276000000e-09	5.6276000000e-09	0.0000000000e+00
8.1582000000e-09	8.1582000000e-09	0.0000000000e+00
1.1036000000e-08	1.1035000000e-08	3.9354309474e-05
1.3918000000e-08	1.3918000000e-08	0.0000000000e+00
1.6383000000e-08	1.6383000000e-08	0.0000000000e+00
1.8064000000e-08	1.8064000000e-08	0.0000000000e+00
1.8619000000e-08	1.8619000000e-08	0.0000000000e+00
1.8001000000e-08	1.8001000000e-08	0.0000000000e+00
1.6312000000e-08	1.6312000000e-08	0.0000000000e+00
1.3828000000e-08	1.3828000000e-08	0.0000000000e+00
1.1046000000e-08	1.1046000000e-08	0.0000000000e+00
8.2290000000e-09	8.2290000000e-09	0.0000000000e+00
5.7050000000e-09	5.7050000000e-09	0.0000000000e+00
3.7261000000e-09	3.7261000000e-09	0.0000000000e+00
2.2712000000e-09	2.2712000000e-09	0.0000000000e+00
1.2980000000e-09	1.2980000000e-09	0.0000000000e+00
6.6428000000e-10	6.6428000000e-10	0.0000000000e+00
3.3787000000e-10	3.3787000000e-10	0.0000000000e+00
1.4674000000e-10	1.4674000000e-10	0.0000000000e+00
6.6852000000e-11	6.6852000000e-11	0.0000000000e+00
2.8636000000e-11	2.8636000000e-11	0.0000000000e+00
1.0906000000e-11	1.0906000000e-11	0.0000000000e+00
3.9133000000e-12	3.9133000000e-12	0.0000000000e+00
1.3467000000e-12	1.3467000000e-12	0.0000000000e+00
4.2070000000e-13	4.2070000000e-13	0.0000000000e+00
1.2950000000e-13	1.2950000000e-13	0.0000000000e+00
3.7151000000e-14	3.7151000000e-14	0.0000000000e+00
9.6997000000e-15	9.6997000000e-15	0.0000000000e+00
2.3861000000e-15	2.3861000000e-15	0.0000000000e+00
5.5540000000e-16	5.5540000000e-16	0.0000000000e+00
1.1834000000e-16	1.1834000000e-16	0.0000000000e+00
2.3709000000e-17	2.3709000000e-17	0.0000000000e+00
4.4626000000e-18	4.4626000000e-18	0.0000000000e+00
7.8370000000e-19	7.8370000000e-19	0.0000000000e+00
1.3047000000e-19	1.3047000000e-19	0.0000000000e+00
1.9844000000e-20	1.9844000000e-20	0.0000000000e+00
2.7857000000e-21	2.7857000000e-21	0.0000000000e+00
3.8273000000e-22	3.8273000000e-22	0.0000000000e+00
4.9041000000e-23	4.9041000000e-23	0.0000000000e+00
5.9409000000e-24	5.9409000000e-24	0.0000000000e+00
6.6891000000e-25	6.6891000000e-25	0.0000000000e+00
6.8085000000e-26	6.8085000000e-26	0.0000000000e+00
6.7119000000e-27	6.7120000000e-27	-6.4704665843e-06
6.5444000000e-28	6.5443000000e-28	6.6361744392e-06
5.6526000000e-29	5.6526000000e-29	0.0000000000e+00
4.5519000000e-30	4.5519000000e-30	0.0000000000e+00
3.4334000000e-31	3.4334000000e-31	0.0000000000e+00
2.4258000000e-32	2.4258000000e-32	0.0000000000e+00
1.6054000000e-33	1.6054000000e-33	0.0000000000e+00
9.9518000000e-35	9.9517000000e-35	4.3640011245e-06
5.7784000000e-36	5.7784000000e-36	0.0000000000e+00
3.1427000000e-37	3.1427000000e-37	0.0000000000e+00
1.6010000000e-38	1.6010000000e-38	0.0000000000e+00
7.6393000000e-40	7.6390000000e-40	1.7055345763e-05
3.4143000000e-41	3.4119000000e-41	3.0538419604e-04
1.4294000000e-42	1.3887000000e-42	1.2545342263e-02
5.6049000000e-44	4.6243000000e-44	8.3521867478e-02
2.0586000000e-45	0.0000000000e+00	NA
7.0821000000e-47	0.0000000000e+00	NA
2.2821000000e-48	0.0000000000e+00	NA
1.8956000000e-121	0.0000000000e+00	NA
2.7193000000e-115	0.0000000000e+00	NA
2.5597000000e-109	0.0000000000e+00	NA
1.5864000000e-103	0.0000000000e+00	NA
6.4688000000e-98	0.0000000000e+00	NA
1.7383000000e-92	0.0000000000e+00	NA
3.0780000000e-87	0.0000000000e+00	NA
3.5904000000e-82	0.0000000000e+00	NA
2.7587000000e-77	0.0000000000e+00	NA
1.3984000000e-72	0.0000000000e+00	NA
4.6822000000e-68	0.0000000000e+00	NA
1.0390000000e-63	0.0000000000e+00	NA
1.5351000000e-59	0.0000000000e+00	NA
1.5179000000e-55	0.0000000000e+00	NA
1.0134000000e-51	0.0000000000e+00	NA
4.5834000000e-48	0.0000000000e+00	NA
1.3707000000e-44	0.0000000000e+00	NA
2.2691000000e-41	2.2674000000e-41	3.2549350988e-04
2.9502000000e-38	2.9502000000e-38	0.0000000000e+00
2.3321000000e-35	2.3321000000e-35	0.0000000000e+00
1.1093000000e-32	1.1093000000e-32	0.0000000000e+00
4.0704000000e-30	4.0704000000e-30	0.0000000000e+00
8.5032000000e-28	8.5033000000e-28	-5.1073940188e-06
8.7697000000e-26	8.7697000000e-26	0.0000000000e+00
8.5804000000e-24	8.5804000000e-24	0.0000000000e+00
5.4484000000e-22	5.4484000000e-22	0.0000000000e+00
2.3555000000e-20	2.3555000000e-20	0.0000000000e+00
5.5251000000e-19	5.5251000000e-19	0.0000000000e+00
1.0028000000e-17	1.0028000000e-17	0.0000000000e+00
1.6462000000e-16	1.6462000000e-16	0.0000000000e+00
1.7664000000e-15	1.7664000000e-15	0.0000000000e+00
1.1865000000e-14	1.1865000000e-14	0.0000000000e+00
6.5506000000e-14	6.5506000000e-14	0.0000000000e+00
2.4758000000e-13	2.4758000000e-13	0.0000000000e+00
8.2897000000e-13	8.2897000000e-13	0.0000000000e+00
2.4731000000e-12	2.4731000000e-12	0.0000000000e+00
6.5502000000e-12	6.5502000000e-12	0.0000000000e+00
1.5059000000e-11	1.5059000000e-11	0.0000000000e+00
3.4040000000e-11	3.4040000000e-11	0.0000000000e+00
7.3704000000e-11	7.3704000000e-11	0.0000000000e+00
1.4060000000e-10	1.4060000000e-10	0.0000000000e+00
2.5114000000e-10	2.5114000000e-10	0.0000000000e+00
4.1432000000e-10	4.1432000000e-10	0.0000000000e+00
6.3925000000e-10	6.3925000000e-10	0.0000000000e+00
9.4213000000e-10	9.4213000000e-10	0.0000000000e+00
1.3011000000e-09	1.3011000000e-09	0.0000000000e+00
1.6965000000e-09	1.6965000000e-09	0.0000000000e+00
2.0375000000e-09	2.0375000000e-09	0.0000000000e+00
2.2879000000e-09	2.2879000000e-09	0.0000000000e+00
2.4059000000e-09	2.4059000000e-09	0.0000000000e+00
2.3747000000e-09	2.3747000000e-09	0.0000000000e+00
2.2102000000e-09	2.2102000000e-09	0.0000000000e+00
1.9122000000e-09	1.9122000000e-09	0.0000000000e+00
1.5533000000e-09	1.5533000000e-09	0.0000000000e+00
1.1774000000e-09	1.1774000000e-09	0.0000000000e+00
8.3216000000e-10	8.3216000000e-10	0.0000000000e+00
5.3052000000e-10	5.3052000000e-10	0.0000000000e+00
3.2292000000e-10	3.2292000000e-10	0.0000000000e+00
1.8797000000e-10	1.8797000000e-10	0.0000000000e+00
9.9809000000e-11	9.9809000000e-11	0.0000000000e+00
5.3472000000e-11	5.3472000000e-11	0.0000000000e+00
2.5088000000e-11	2.5088000000e-11	0.0000000000e+00
1.1115000000e-11	1.1115000000e-11	0.0000000000e+00
4.7783000000e-12	4.7783000000e-12	0.0000000000e+00
1.9080000000e-12	1.9080000000e-12	0.0000000000e+00
7.0482000000e-13	7.0482000000e-13	0.0000000000e+00
2.4972000000e-13	2.4972000000e-13	0.0000000000e+00
8.2121000000e-14	8.2121000000e-14	0.0000000000e+00
2.5251000000e-14	2.5251000000e-14	0.0000000000e+00
7.2579000000e-15	7.2580000000e-15	-5.9837072714e-06
1.9507000000e-15	1.9507000000e-15	0.0000000000e+00
4.8965000000e-16	4.8965000000e-16	0.0000000000e+00
1.1370000000e-16	1.1370000000e-16	0.0000000000e+00
2.4847000000e-17	2.4847000000e-17	0.0000000000e+00
5.0969000000e-18	5.0969000000e-18	0.0000000000e+00
9.6818000000e-19	9.6818000000e-19	0.0000000000e+00
1.7464000000e-19	1.7464000000e-19	0.0000000000e+00
2.8800000000e-20	2.8800000000e-20	0.0000000000e+00
4.6150000000e-21	4.6150000000e-21	0.0000000000e+00
6.8182000000e-22	6.8183000000e-22	-6.3695887055e-06
9.4189000000e-23	9.4189000000e-23	0.0000000000e+00
1.2060000000e-23	1.2060000000e-23	0.0000000000e+00
1.4975000000e-24	1.4975000000e-24	0.0000000000e+00
1.7519000000e-25	1.7519000000e-25	0.0000000000e+00
1.8930000000e-26	1.8930000000e-26	0.0000000000e+00
1.8907000000e-27	1.8907000000e-27	0.0000000000e+00
1.7688000000e-28	1.7688000000e-28	0.0000000000e+00
1.5499000000e-29	1.5499000000e-29	0.0000000000e+00
1.2722000000e-30	1.2722000000e-30	0.0000000000e+00
9.7808000000e-32	9.7808000000e-32	0.0000000000e+00
7.0434000000e-33	7.0434000000e-33	0.0000000000e+00
4.7510000000e-34	4.7510000000e-34	0.0000000000e+00
3.0017000000e-35	3.0017000000e-35	0.0000000000e+00
1.7764000000e-36	1.7764000000e-36	0.0000000000e+00
9.8466000000e-38	9.8465000000e-38	4.4106258731e-06
5.1123000000e-39	5.1123000000e-39	0.0000000000e+00
2.4862000000e-40	2.4857000000e-40	8.7349802564e-05
1.1325000000e-41	1.1289000000e-41	1.3827376453e-03
4.8317000000e-43	4.5542000000e-43	2.5687862168e-02
1.9309000000e-44	0.0000000000e+00	NA
7.2275000000e-46	0.0000000000e+00	NA
1.2839000000e-123	0.0000000000e+00	NA
1.8323000000e-117	0.0000000000e+00	NA
1.7173000000e-111	0.0000000000e+00	NA
1.0585000000e-105	0.0000000000e+00	NA
4.2984000000e-100	0.0000000000e+00	NA
1.1510000000e-94	0.0000000000e+00	NA
2.0306000000e-89	0.0000000000e+00	NA
2.3620000000e-84	0.0000000000e+00	NA
1.8117000000e-79	0.0000000000e+00	NA
9.1685000000e-75	0.0000000000e+00	NA
3.0661000000e-70	0.0000000000e+00	NA
6.8022000000e-66	0.0000000000e+00	NA
1.0044000000e-61	0.0000000000e+00	NA
9.9174000000e-58	0.0000000000e+00	NA
6.5799000000e-54	0.0000000000e+00	NA
2.8295000000e-50	0.0000000000e+00	NA
8.4136000000e-47	0.0000000000e+00	NA
1.4090000000e-43	1.1771000000e-43	7.8097633407e-02
1.8197000000e-40	1.8195000000e-40	4.7735159633e-05
1.3966000000e-37	1.3966000000e-37	0.0000000000e+00
6.6210000000e-35	6.6210000000e-35	0.0000000000e+00
1.7112000000e-32	1.7112000000e-32	0.0000000000e+00
3.9763000000e-30	3.9763000000e-30	0.0000000000e+00
6.6269000000e-28	6.6269000000e-28	0.0000000000e+00
6.1059000000e-26	6.1058000000e-26	7.1127604169e-06
3.2898000000e-24	3.2898000000e-24	0.0000000000e+00
1.3037000000e-22	1.3037000000e-22	0.0000000000e+00
3.7240000000e-21	3.7240000000e-21	0.0000000000e+00
7.9675000000e-20	7.9675000000e-20	0.0000000000e+00
1.2490000000e-18	1.2490000000e-18	0.0000000000e+00
1.2660000000e-17	1.2660000000e-17	0.0000000000e+00
8.9252000000e-17	8.9252000000e-17	0.0000000000e+00
4.9269000000e-16	4.9269000000e-16	0.0000000000e+00
2.3561000000e-15	2.3561000000e-15	0.0000000000e+00
8.9631000000e-15	8.9631000000e-15	0.0000000000e+00
3.1678000000e-14	3.1678000000e-14	0.0000000000e+00
8.6069000000e-14	8.6069000000e-14	0.0000000000e+00
2.5029000000e-13	2.5029000000e-13	0.0000000000e+00
6.2409000000e-13	6.2409000000e-13	0.0000000000e+00
1.4155000000e-12	1.4155000000e-12	0.0000000000e+00
3.2884000000e-12	3.2884000000e-12	0.0000000000e+00
7.5084000000e-12	7.5084000000e-12	0.0000000000e+00
1.4731000000e-11	1.4731000000e-11	0.0000000000e+00
2.7408000000e-11	2.7408000000e-11	0.0000000000e+00
4.6735000000e-11	4.6735000000e-11	0.0000000000e+00
7.5206000000e-11	7.5206000000e-11	0.0000000000e+00
1.1306000000e-10	1.1306000000e-10	0.0000000000e+00
1.5746000000e-10	1.5746000000e-10	0.0000000000e+00
2.0581000000e-10	2.0581000000e-10	0.0000000000e+00
2.5186000000e-10	2.5186000000e-10	0.0000000000e+00
2.8425000000e-10	2.8425000000e-10	0.0000000000e+00
3.1214000000e-10	3.1214000000e-10	0.0000000000e+00
3.1515000000e-10	3.1515000000e-10	0.0000000000e+00
2.9746000000e-10	2.9746000000e-10	0.0000000000e+00
2.5170000000e-10	2.5170000000e-10	0.0000000000e+00
2.0310000000e-10	2.0310000000e-10	0.0000000000e+00
1.5284000000e-10	1.5284000000e-10	0.0000000000e+00
1.0980000000e-10	1.0980000000e-10	0.0000000000e+00
7.8709000000e-11	7.8709000000e-11	0.0000000000e+00
5.0802000000e-11	5.0802000000e-11	0.0000000000e+00
2.9645000000e-11	2.9645000000e-11	0.0000000000e+00
1.6437000000e-11	1.6437000000e-11	0.0000000000e+00
8.3421000000e-12	8.3421000000e-12	0.0000000000e+00
4.2819000000e-12	4.2819000000e-12	0.0000000000e+00
1.8654000000e-12	1.8654000000e-12	0.0000000000e+00
8.0197000000e-13	8.0197000000e-13	0.0000000000e+00
3.4593000000e-13	3.4593000000e-13	0.0000000000e+00
1.3211000000e-13	1.3211000000e-13	0.0000000000e+00
4.6459000000e-14	4.6459000000e-14	0.0000000000e+00
1.5439000000e-14	1.5439000000e-14	0.0000000000e+00
4.8865000000e-15	4.8865000000e-15	0.0000000000e+00
1.4301000000e-15	1.4301000000e-15	0.0000000000e+00
3.8693000000e-16	3.8693000000e-16	0.0000000000e+00
9.8079000000e-17	9.8079000000e-17	0.0000000000e+00
2.3133000000e-17	2.3133000000e-17	0.0000000000e+00
5.2022000000e-18	5.2022000000e-18	0.0000000000e+00
1.0833000000e-18	1.0833000000e-18	0.0000000000e+00
2.0832000000e-19	2.0832000000e-19	0.0000000000e+00
3.8061000000e-20	3.8061000000e-20	0.0000000000e+00
6.5954000000e-21	6.5954000000e-21	0.0000000000e+00
1.0601000000e-21	1.0601000000e-21	0.0000000000e+00
1.6229000000e-22	1.6229000000e-22	0.0000000000e+00
2.2744000000e-23	2.2744000000e-23	0.0000000000e+00
3.0775000000e-24	3.0775000000e-24	0.0000000000e+00
3.8709000000e-25	3.8709000000e-25	0.0000000000e+00
4.4916000000e-26	4.4916000000e-26	0.0000000000e+00
4.8816000000e-27	4.8816000000e-27	0.0000000000e+00
4.9696000000e-28	4.9696000000e-28	0.0000000000e+00
4.7387000000e-29	4.7387000000e-29	0.0000000000e+00
4.2324000000e-30	4.2324000000e-30	0.0000000000e+00
3.5408000000e-31	3.5408000000e-31	0.0000000000e+00
2.7745000000e-32	2.7745000000e-32	0.0000000000e+00
2.0364000000e-33	2.0364000000e-33	0.0000000000e+00
1.4000000000e-34	1.4000000000e-34	0.0000000000e+00
9.0146000000e-36	9.0146000000e-36	0.0000000000e+00
5.4370000000e-37	5.4370000000e-37	0.0000000000e+00
3.0715000000e-38	3.0715000000e-38	0.0000000000e+00
1.6253000000e-39	1.6252000000e-39	2.6721703248e-05
8.0551000000e-41	8.0517000000e-41	1.8335128771e-04
3.7393000000e-42	3.7162000000e-42	2.6912305372e-03
1.6259000000e-43	1.3593000000e-43	7.7778514160e-02
5.8461000000e-126	0.0000000000e+00	NA
8.2990000000e-120	0.0000000000e+00	NA
7.7399000000e-114	0.0000000000e+00	NA
4.7519000000e-108	0.0000000000e+00	NA
1.9237000000e-102	0.0000000000e+00	NA
5.1298000000e-97	0.0000000000e+00	NA
9.0287000000e-92	0.0000000000e+00	NA
1.0477000000e-86	0.0000000000e+00	NA
8.0210000000e-82	0.0000000000e+00	NA
4.0549000000e-77	0.0000000000e+00	NA
1.3551000000e-72	0.0000000000e+00	NA
3.0000000000e-68	0.0000000000e+00	NA
4.4166000000e-64	0.0000000000e+00	NA
4.3360000000e-60	0.0000000000e+00	NA
2.8434000000e-56	0.0000000000e+00	NA
1.2406000000e-52	0.0000000000e+00	NA
3.5107000000e-49	0.0000000000e+00	NA
6.3258000000e-46	0.0000000000e+00	NA
7.4664000000e-43	7.3428000000e-43	7.2495535760e-03
5.5807000000e-40	5.5805000000e-40	1.5564436869e-05
2.1081000000e-37	2.1081000000e-37	0.0000000000e+00
8.7123000000e-35	8.7123000000e-35	0.0000000000e+00
1.9901000000e-32	1.9901000000e-32	0.0000000000e+00
2.9677000000e-30	2.9677000000e-30	0.0000000000e+00
2.6793000000e-28	2.6793000000e-28	0.0000000000e+00
1.5371000000e-26	1.5371000000e-26	0.0000000000e+00
6.3751000000e-25	6.3751000000e-25	0.0000000000e+00
1.6632000000e-23	1.6632000000e-23	0.0000000000e+00
3.6713000000e-22	3.6713000000e-22	0.0000000000e+00
5.3149000000e-21	5.3149000000e-21	0.0000000000e+00
6.1772000000e-20	6.1772000000e-20	0.0000000000e+00
4.6739000000e-19	4.6739000000e-19	0.0000000000e+00
2.8344000000e-18	2.8344000000e-18	0.0000000000e+00
1.3370000000e-17	1.3370000000e-17	0.0000000000e+00
6.7104000000e-17	6.7104000000e-17	0.0000000000e+00
2.6542000000e-16	2.6542000000e-16	0.0000000000e+00
9.0491000000e-16	9.0491000000e-16	0.0000000000e+00
2.9675000000e-15	2.9675000000e-15	0.0000000000e+00
8.8637000000e-15	8.8637000000e-15	0.0000000000e+00
2.5473000000e-14	2.5473000000e-14	0.0000000000e+00
6.7564000000e-14	6.7564000000e-14	0.0000000000e+00
1.7065000000e-13	1.7065000000e-13	0.0000000000e+00
3.9214000000e-13	3.9214000000e-13	0.0000000000e+00
8.1890000000e-13	8.1890000000e-13	0.0000000000e+00
1.6255000000e-12	1.6255000000e-12	0.0000000000e+00
3.0512000000e-12	3.0512000000e-12	0.0000000000e+00
5.3431000000e-12	5.3431000000e-12	0.0000000000e+00
8.6254000000e-12	8.6254000000e-12	0.0000000000e+00
1.3129000000e-11	1.3129000000e-11	0.0000000000e+00
1.8665000000e-11	1.8665000000e-11	0.0000000000e+00
2.5012000000e-11	2.5012000000e-11	0.0000000000e+00
3.0429000000e-11	3.0429000000e-11	0.0000000000e+00
3.5667000000e-11	3.5667000000e-11	0.0000000000e+00
3.9596000000e-11	3.9596000000e-11	0.0000000000e+00
4.1045000000e-11	4.1045000000e-11	0.0000000000e+00
3.8456000000e-11	3.8456000000e-11	0.0000000000e+00
3.1194000000e-11	3.1194000000e-11	0.0000000000e+00
2.8076000000e-11	2.8076000000e-11	0.0000000000e+00
2.2892000000e-11	2.2892000000e-11	0.0000000000e+00
1.6788000000e-11	1.6788000000e-11	0.0000000000e+00
1.1703000000e-11	1.1703000000e-11	0.0000000000e+00
7.6280000000e-12	7.6280000000e-12	0.0000000000e+00
4.6577000000e-12	4.6577000000e-12	0.0000000000e+00
2.6459000000e-12	2.6459000000e-12	0.0000000000e+00
1.3442000000e-12	1.3442000000e-12	0.0000000000e+00
7.0788000000e-13	7.0788000000e-13	0.0000000000e+00
3.3649000000e-13	3.3649000000e-13	0.0000000000e+00
1.4485000000e-13	1.4485000000e-13	0.0000000000e+00
5.8842000000e-14	5.8842000000e-14	0.0000000000e+00
2.2664000000e-14	2.2664000000e-14	0.0000000000e+00
8.6463000000e-15	8.6463000000e-15	0.0000000000e+00
2.9478000000e-15	2.9478000000e-15	0.0000000000e+00
9.3093000000e-16	9.3093000000e-16	0.0000000000e+00
2.7228000000e-16	2.7228000000e-16	0.0000000000e+00
7.5589000000e-17	7.5589000000e-17	0.0000000000e+00
1.9791000000e-17	1.9791000000e-17	0.0000000000e+00
4.7455000000e-18	4.7455000000e-18	0.0000000000e+00
1.0735000000e-18	1.0735000000e-18	0.0000000000e+00
2.3177000000e-19	2.3177000000e-19	0.0000000000e+00
4.5487000000e-20	4.5487000000e-20	0.0000000000e+00
8.6285000000e-21	8.6285000000e-21	0.0000000000e+00
1.5224000000e-21	1.5224000000e-21	0.0000000000e+00
2.4528000000e-22	2.4528000000e-22	0.0000000000e+00
3.8546000000e-23	3.8546000000e-23	0.0000000000e+00
5.6222000000e-24	5.6222000000e-24	0.0000000000e+00
7.5789000000e-25	7.5789000000e-25	0.0000000000e+00
9.5695000000e-26	9.5695000000e-26	0.0000000000e+00
1.1318000000e-26	1.1318000000e-26	0.0000000000e+00
1.2537000000e-27	1.2537000000e-27	0.0000000000e+00
1.3008000000e-28	1.3008000000e-28	0.0000000000e+00
1.2643000000e-29	1.2643000000e-29	0.0000000000e+00
1.1509000000e-30	1.1509000000e-30	0.0000000000e+00
9.8126000000e-32	9.8126000000e-32	0.0000000000e+00
7.8366000000e-33	7.8366000000e-33	0.0000000000e+00
5.8620000000e-34	5.8620000000e-34	0.0000000000e+00
4.1072000000e-35	4.1072000000e-35	0.0000000000e+00
2.6953000000e-36	2.6953000000e-36	0.0000000000e+00
1.6568000000e-37	1.6568000000e-37	0.0000000000e+00
9.5385000000e-39	9.5384000000e-39	4.5530928180e-06
5.1437000000e-40	5.1434000000e-40	2.5330432213e-05
2.5980000000e-41	2.5962000000e-41	3.0100115464e-04
1.7876000000e-128	0.0000000000e+00	NA
2.5279000000e-122	0.0000000000e+00	NA
2.3478000000e-116	0.0000000000e+00	NA
1.4360000000e-110	0.0000000000e+00	NA
5.7900000000e-105	0.0000000000e+00	NA
1.5402000000e-99	0.0000000000e+00	NA
2.7034000000e-94	0.0000000000e+00	NA
3.1310000000e-89	0.0000000000e+00	NA
2.3927000000e-84	0.0000000000e+00	NA
1.2084000000e-79	0.0000000000e+00	NA
4.0335000000e-75	0.0000000000e+00	NA
8.9156000000e-71	0.0000000000e+00	NA
1.3074000000e-66	0.0000000000e+00	NA
1.2741000000e-62	0.0000000000e+00	NA
8.2468000000e-59	0.0000000000e+00	NA
3.5412000000e-55	0.0000000000e+00	NA
9.9782000000e-52	0.0000000000e+00	NA
1.8047000000e-48	0.0000000000e+00	NA
2.1547000000e-45	0.0000000000e+00	NA
1.1183000000e-42	1.1084000000e-42	3.8618077883e-03
7.9506000000e-40	7.9505000000e-40	5.4624457667e-06
2.7813000000e-37	2.7813000000e-37	0.0000000000e+00
6.1442000000e-35	6.1442000000e-35	0.0000000000e+00
8.0977000000e-33	8.0977000000e-33	0.0000000000e+00
7.3822000000e-31	7.3822000000e-31	0.0000000000e+00
4.6332000000e-29	4.6332000000e-29	0.0000000000e+00
1.8136000000e-27	1.8136000000e-27	0.0000000000e+00
4.8151000000e-26	4.8151000000e-26	0.0000000000e+00
8.6983000000e-25	8.6983000000e-25	0.0000000000e+00
1.4790000000e-23	1.4790000000e-23	0.0000000000e+00
1.7307000000e-22	1.7307000000e-22	0.0000000000e+00
1.6936000000e-21	1.6936000000e-21	0.0000000000e+00
1.1331000000e-20	1.1331000000e-20	0.0000000000e+00
7.4424000000e-20	7.4424000000e-20	0.0000000000e+00
3.0007000000e-19	3.0007000000e-19	0.0000000000e+00
1.6413000000e-18	1.6413000000e-18	0.0000000000e+00
6.6171000000e-18	6.6171000000e-18	0.0000000000e+00
2.7853000000e-17	2.7853000000e-17	0.0000000000e+00
9.0114000000e-17	9.0114000000e-17	0.0000000000e+00
2.9024000000e-16	2.9024000000e-16	0.0000000000e+00
9.5298000000e-16	9.5298000000e-16	0.0000000000e+00
2.6344000000e-15	2.6344000000e-15	0.0000000000e+00
6.9310000000e-15	6.9310000000e-15	0.0000000000e+00
1.7282000000e-14	1.7282000000e-14	0.0000000000e+00
4.0336000000e-14	4.0336000000e-14	0.0000000000e+00
8.9452000000e-14	8.9452000000e-14	0.0000000000e+00
1.7916000000e-13	1.7916000000e-13	0.0000000000e+00
3.3653000000e-13	3.3653000000e-13	0.0000000000e+00
5.9433000000e-13	5.9433000000e-13	0.0000000000e+00
9.8434000000e-13	9.8434000000e-13	0.0000000000e+00
1.5202000000e-12	1.5202000000e-12	0.0000000000e+00
2.2079000000e-12	2.2079000000e-12	0.0000000000e+00
3.0108000000e-12	3.0108000000e-12	0.0000000000e+00
3.8520000000e-12	3.8520000000e-12	0.0000000000e+00
4.5498000000e-12	4.5498000000e-12	0.0000000000e+00
4.9044000000e-12	4.9044000000e-12	0.0000000000e+00
5.1147000000e-12	5.1147000000e-12	0.0000000000e+00
5.1691000000e-12	5.1691000000e-12	0.0000000000e+00
4.4855000000e-12	4.4855000000e-12	0.0000000000e+00
3.8154000000e-12	3.8154000000e-12	0.0000000000e+00
3.1954000000e-12	3.1954000000e-12	0.0000000000e+00
2.3213000000e-12	2.3213000000e-12	0.0000000000e+00
1.5254000000e-12	1.5254000000e-12	0.0000000000e+00
1.0472000000e-12	1.0472000000e-12	0.0000000000e+00
6.6454000000e-13	6.6454000000e-13	0.0000000000e+00
4.3176000000e-13	4.3176000000e-13	0.0000000000e+00
2.2331000000e-13	2.2331000000e-13	0.0000000000e+00
1.1699000000e-13	1.1699000000e-13	0.0000000000e+00
5.6812000000e-14	5.6812000000e-14	0.0000000000e+00
2.4401000000e-14	2.4401000000e-14	0.0000000000e+00
1.0735000000e-14	1.0735000000e-14	0.0000000000e+00
4.3588000000e-15	4.3588000000e-15	0.0000000000e+00
1.5651000000e-15	1.5651000000e-15	0.0000000000e+00
5.3458000000e-16	5.3458000000e-16	0.0000000000e+00
1.7493000000e-16	1.7493000000e-16	0.0000000000e+00
5.3142000000e-17	5.3142000000e-17	0.0000000000e+00
1.4790000000e-17	1.4790000000e-17	0.0000000000e+00
3.8574000000e-18	3.8574000000e-18	0.0000000000e+00
9.7322000000e-19	9.7322000000e-19	0.0000000000e+00
2.2723000000e-19	2.2723000000e-19	0.0000000000e+00
4.8802000000e-20	4.8802000000e-20	0.0000000000e+00
9.9096000000e-21	9.9097000000e-21	-4.3825410777e-06
1.9031000000e-21	1.9031000000e-21	0.0000000000e+00
3.3958000000e-22	3.3958000000e-22	0.0000000000e+00
5.7999000000e-23	5.7999000000e-23	0.0000000000e+00
9.0832000000e-24	9.0832000000e-24	0.0000000000e+00
1.3324000000e-24	1.3324000000e-24	0.0000000000e+00
1.8307000000e-25	1.8307000000e-25	0.0000000000e+00
2.3560000000e-26	2.3560000000e-26	0.0000000000e+00
2.8399000000e-27	2.8399000000e-27	0.0000000000e+00
3.2063000000e-28	3.2063000000e-28	0.0000000000e+00
3.3907000000e-29	3.3907000000e-29	0.0000000000e+00
3.3585000000e-30	3.3585000000e-30	0.0000000000e+00
3.1158000000e-31	3.1158000000e-31	0.0000000000e+00
2.7076000000e-32	2.7076000000e-32	0.0000000000e+00
2.2037000000e-33	2.2037000000e-33	0.0000000000e+00
1.6800000000e-34	1.6800000000e-34	0.0000000000e+00
1.1996000000e-35	1.1996000000e-35	0.0000000000e+00
8.0229000000e-37	8.0229000000e-37	0.0000000000e+00
5.0257000000e-38	5.0257000000e-38	0.0000000000e+00
2.9487000000e-39	2.9487000000e-39	0.0000000000e+00
3.6740000000e-131	0.0000000000e+00	NA
5.1717000000e-125	0.0000000000e+00	NA
4.7872000000e-119	0.0000000000e+00	NA
2.9177000000e-113	0.0000000000e+00	NA
1.1736000000e-107	0.0000000000e+00	NA
3.1139000000e-102	0.0000000000e+00	NA
5.4506000000e-97	0.0000000000e+00	NA
6.3020000000e-92	0.0000000000e+00	NA
4.8099000000e-87	0.0000000000e+00	NA
2.4259000000e-82	0.0000000000e+00	NA
8.0916000000e-78	0.0000000000e+00	NA
1.7852000000e-73	0.0000000000e+00	NA
2.6090000000e-69	0.0000000000e+00	NA
2.5265000000e-65	0.0000000000e+00	NA
1.6190000000e-61	0.0000000000e+00	NA
6.8459000000e-58	0.0000000000e+00	NA
1.9074000000e-54	0.0000000000e+00	NA
3.5596000000e-51	0.0000000000e+00	NA
4.3005000000e-48	0.0000000000e+00	NA
2.8557000000e-45	0.0000000000e+00	NA
1.7833000000e-42	1.7740000000e-42	2.2707940761e-03
5.0717000000e-40	5.0716000000e-40	8.5631792792e-06
9.2789000000e-38	9.2789000000e-38	0.0000000000e+00
1.5623000000e-35	1.5623000000e-35	0.0000000000e+00
1.2947000000e-33	1.2947000000e-33	0.0000000000e+00
8.3352000000e-32	8.3352000000e-32	0.0000000000e+00
3.4900000000e-30	3.4900000000e-30	0.0000000000e+00
9.6566000000e-29	9.6566000000e-29	0.0000000000e+00
2.3089000000e-27	2.3089000000e-27	0.0000000000e+00
3.8032000000e-26	3.8032000000e-26	0.0000000000e+00
3.0001000000e-25	3.0001000000e-25	0.0000000000e+00
4.9808000000e-24	4.9808000000e-24	0.0000000000e+00
3.6865000000e-23	3.6865000000e-23	0.0000000000e+00
2.1657000000e-22	2.1657000000e-22	0.0000000000e+00
1.3614000000e-21	1.3614000000e-21	0.0000000000e+00
8.0342000000e-21	8.0342000000e-21	0.0000000000e+00
3.6303000000e-20	3.6303000000e-20	0.0000000000e+00
1.6558000000e-19	1.6558000000e-19	0.0000000000e+00
6.6944000000e-19	6.6944000000e-19	0.0000000000e+00
2.6075000000e-18	2.6075000000e-18	0.0000000000e+00
8.9254000000e-18	8.9254000000e-18	0.0000000000e+00
2.8930000000e-17	2.8930000000e-17	0.0000000000e+00
8.9589000000e-17	8.9589000000e-17	0.0000000000e+00
2.6215000000e-16	2.6215000000e-16	0.0000000000e+00
7.0609000000e-16	7.0608000000e-16	6.1507393856e-06
1.8226000000e-15	1.8226000000e-15	0.0000000000e+00
4.2789000000e-15	4.2789000000e-15	0.0000000000e+00
9.3347000000e-15	9.3347000000e-15	0.0000000000e+00
1.9185000000e-14	1.9185000000e-14	0.0000000000e+00
3.6841000000e-14	3.6841000000e-14	0.0000000000e+00
6.6178000000e-14	6.6178000000e-14	0.0000000000e+00
1.1190000000e-13	1.1190000000e-13	0.0000000000e+00
1.7598000000e-13	1.7598000000e-13	0.0000000000e+00
2.4110000000e-13	2.4110000000e-13	0.0000000000e+00
3.2918000000e-13	3.2918000000e-13	0.0000000000e+00
4.4306000000e-13	4.4306000000e-13	0.0000000000e+00
5.5348000000e-13	5.5348000000e-13	0.0000000000e+00
6.4056000000e-13	6.4056000000e-13	0.0000000000e+00
6.2533000000e-13	6.2533000000e-13	0.0000000000e+00
6.0518000000e-13	6.0518000000e-13	0.0000000000e+00
5.4767000000e-13	5.4767000000e-13	0.0000000000e+00
5.0386000000e-13	5.0386000000e-13	0.0000000000e+00
4.0800000000e-13	4.0800000000e-13	0.0000000000e+00
3.0259000000e-13	3.0259000000e-13	0.0000000000e+00
2.5381000000e-13	2.5381000000e-13	0.0000000000e+00
1.7202000000e-13	1.7202000000e-13	0.0000000000e+00
9.9277000000e-14	9.9277000000e-14	0.0000000000e+00
6.4815000000e-14	6.4815000000e-14	0.0000000000e+00
3.8579000000e-14	3.8579000000e-14	0.0000000000e+00
1.9038000000e-14	1.9038000000e-14	0.0000000000e+00
9.7942000000e-15	9.7942000000e-15	0.0000000000e+00
4.5411000000e-15	4.5411000000e-15	0.0000000000e+00
1.8619000000e-15	1.8619000000e-15	0.0000000000e+00
7.5986000000e-16	7.5986000000e-16	0.0000000000e+00
2.8593000000e-16	2.8593000000e-16	0.0000000000e+00
1.0159000000e-16	1.0159000000e-16	0.0000000000e+00
3.2535000000e-17	3.2535000000e-17	0.0000000000e+00
9.8286000000e-18	9.8286000000e-18	0.0000000000e+00
2.8550000000e-18	2.8550000000e-18	0.0000000000e+00
7.8089000000e-19	7.8089000000e-19	0.0000000000e+00
1.9997000000e-19	1.9997000000e-19	0.0000000000e+00
4.6519000000e-20	4.6519000000e-20	0.0000000000e+00
1.0375000000e-20	1.0375000000e-20	0.0000000000e+00
2.1813000000e-21	2.1813000000e-21	0.0000000000e+00
4.2498000000e-22	4.2498000000e-22	0.0000000000e+00
7.7323000000e-23	7.7323000000e-23	0.0000000000e+00
1.3177000000e-23	1.3177000000e-23	0.0000000000e+00
2.1033000000e-24	2.1033000000e-24	0.0000000000e+00
3.1446000000e-25	3.1446000000e-25	0.0000000000e+00
4.4036000000e-26	4.4036000000e-26	0.0000000000e+00
5.7758000000e-27	5.7758000000e-27	0.0000000000e+00
7.0956000000e-28	7.0956000000e-28	0.0000000000e+00
8.1647000000e-29	8.1647000000e-29	0.0000000000e+00
8.7996000000e-30	8.7996000000e-30	0.0000000000e+00
8.8829000000e-31	8.8829000000e-31	0.0000000000e+00
8.3988000000e-32	8.3988000000e-32	0.0000000000e+00
7.4379000000e-33	7.4379000000e-33	0.0000000000e+00
6.1696000000e-34	6.1696000000e-34	0.0000000000e+00
4.7932000000e-35	4.7932000000e-35	0.0000000000e+00
3.4879000000e-36	3.4879000000e-36	0.0000000000e+00
2.3772000000e-37	2.3772000000e-37	0.0000000000e+00
5.0719000000e-134	0.0000000000e+00	NA
7.1114000000e-128	0.0000000000e+00	NA
6.5611000000e-122	0.0000000000e+00	NA
3.9881000000e-116	0.0000000000e+00	NA
1.5998000000e-110	0.0000000000e+00	NA
4.2355000000e-105	0.0000000000e+00	NA
7.4020000000e-100	0.0000000000e+00	NA
8.5446000000e-95	0.0000000000e+00	NA
6.5151000000e-90	0.0000000000e+00	NA
3.2812000000e-85	0.0000000000e+00	NA
1.0932000000e-80	0.0000000000e+00	NA
2.4092000000e-76	0.0000000000e+00	NA
3.5144000000e-72	0.0000000000e+00	NA
3.3928000000e-68	0.0000000000e+00	NA
2.1657000000e-64	0.0000000000e+00	NA
9.1354000000e-61	0.0000000000e+00	NA
2.5417000000e-57	0.0000000000e+00	NA
4.7429000000e-54	0.0000000000e+00	NA
5.7622000000e-51	0.0000000000e+00	NA
4.5767000000e-48	0.0000000000e+00	NA
2.4578000000e-45	0.0000000000e+00	NA
7.2119000000e-43	7.0625000000e-43	9.0912353497e-03
1.7841000000e-40	1.7840000000e-40	2.4343178836e-05
1.9813000000e-38	1.9813000000e-38	0.0000000000e+00
2.1177000000e-36	2.1177000000e-36	0.0000000000e+00
1.6047000000e-34	1.6047000000e-34	0.0000000000e+00
4.7001000000e-33	4.7001000000e-33	0.0000000000e+00
1.5817000000e-31	1.5817000000e-31	0.0000000000e+00
3.5013000000e-30	3.5013000000e-30	0.0000000000e+00
6.7229000000e-29	6.7229000000e-29	0.0000000000e+00
8.1085000000e-28	8.1085000000e-28	0.0000000000e+00
5.7965000000e-27	5.7965000000e-27	0.0000000000e+00
6.0397000000e-26	6.0397000000e-26	0.0000000000e+00
5.9590000000e-25	5.9590000000e-25	0.0000000000e+00
3.8946000000e-24	3.8947000000e-24	-1.1151052904e-05
2.2223000000e-23	2.2223000000e-23	0.0000000000e+00
1.3502000000e-22	1.3502000000e-22	0.0000000000e+00
6.8803000000e-22	6.8803000000e-22	0.0000000000e+00
3.4621000000e-21	3.4621000000e-21	0.0000000000e+00
1.4627000000e-20	1.4626000000e-20	2.9692303837e-05
5.8908000000e-20	5.8908000000e-20	0.0000000000e+00
2.2847000000e-19	2.2847000000e-19	0.0000000000e+00
8.3305000000e-19	8.3305000000e-19	0.0000000000e+00
2.7954000000e-18	2.7954000000e-18	0.0000000000e+00
8.8041000000e-18	8.8041000000e-18	0.0000000000e+00
2.6612000000e-17	2.6612000000e-17	0.0000000000e+00
7.2227000000e-17	7.2227000000e-17	0.0000000000e+00
1.8438000000e-16	1.8438000000e-16	0.0000000000e+00
4.3883000000e-16	4.3883000000e-16	0.0000000000e+00
9.7409000000e-16	9.7409000000e-16	0.0000000000e+00
2.0313000000e-15	2.0313000000e-15	0.0000000000e+00
3.9663000000e-15	3.9663000000e-15	0.0000000000e+00
6.9150000000e-15	6.9150000000e-15	0.0000000000e+00
1.0356000000e-14	1.0356000000e-14	0.0000000000e+00
1.8120000000e-14	1.8120000000e-14	0.0000000000e+00
2.6124000000e-14	2.6124000000e-14	0.0000000000e+00
3.8947000000e-14	3.8947000000e-14	0.0000000000e+00
4.7002000000e-14	4.7002000000e-14	0.0000000000e+00
5.8283000000e-14	5.8283000000e-14	0.0000000000e+00
5.4931000000e-14	5.4931000000e-14	0.0000000000e+00
6.6284000000e-14	6.6284000000e-14	0.0000000000e+00
7.1277000000e-14	7.1277000000e-14	0.0000000000e+00
7.1542000000e-14	7.1542000000e-14	0.0000000000e+00
7.8272000000e-14	7.8272000000e-14	0.0000000000e+00
6.2504000000e-14	6.2504000000e-14	0.0000000000e+00
5.3746000000e-14	5.3746000000e-14	0.0000000000e+00
3.6293000000e-14	3.6293000000e-14	0.0000000000e+00
2.4421000000e-14	2.4421000000e-14	0.0000000000e+00
1.7435000000e-14	1.7435000000e-14	0.0000000000e+00
1.0817000000e-14	1.0817000000e-14	0.0000000000e+00
6.2007000000e-15	6.2007000000e-15	0.0000000000e+00
3.2686000000e-15	3.2686000000e-15	0.0000000000e+00
1.6418000000e-15	1.6418000000e-15	0.0000000000e+00
7.5475000000e-16	7.5475000000e-16	0.0000000000e+00
3.2300000000e-16	3.2300000000e-16	0.0000000000e+00
1.3749000000e-16	1.3749000000e-16	0.0000000000e+00
5.0844000000e-17	5.0844000000e-17	0.0000000000e+00
1.7852000000e-17	1.7852000000e-17	0.0000000000e+00
6.0819000000e-18	6.0819000000e-18	0.0000000000e+00
1.9102000000e-18	1.9102000000e-18	0.0000000000e+00
5.6572000000e-19	5.6572000000e-19	0.0000000000e+00
1.5608000000e-19	1.5608000000e-19	0.0000000000e+00
4.0629000000e-20	4.0629000000e-20	0.0000000000e+00
9.7966000000e-21	9.7966000000e-21	0.0000000000e+00
2.2119000000e-21	2.2119000000e-21	0.0000000000e+00
4.6754000000e-22	4.6754000000e-22	0.0000000000e+00
9.2565000000e-23	9.2565000000e-23	0.0000000000e+00
1.7165000000e-23	1.7165000000e-23	0.0000000000e+00
2.9814000000e-24	2.9814000000e-24	0.0000000000e+00
4.8501000000e-25	4.8501000000e-25	0.0000000000e+00
7.3902000000e-26	7.3902000000e-26	0.0000000000e+00
1.0547000000e-26	1.0547000000e-26	0.0000000000e+00
1.4099000000e-27	1.4099000000e-27	0.0000000000e+00
1.7652000000e-28	1.7652000000e-28	0.0000000000e+00
2.0700000000e-29	2.0700000000e-29	0.0000000000e+00
2.2736000000e-30	2.2736000000e-30	0.0000000000e+00
2.3390000000e-31	2.3390000000e-31	0.0000000000e+00
2.2538000000e-32	2.2538000000e-32	0.0000000000e+00
2.0341000000e-33	2.0341000000e-33	0.0000000000e+00
1.7194000000e-34	1.7194000000e-34	0.0000000000e+00
1.3613000000e-35	1.3613000000e-35	0.0000000000e+00
4.7021000000e-137	0.0000000000e+00	NA
6.5716000000e-131	0.0000000000e+00	NA
6.0430000000e-125	0.0000000000e+00	NA
3.6665000000e-119	0.0000000000e+00	NA
1.4669000000e-113	0.0000000000e+00	NA
3.8767000000e-108	0.0000000000e+00	NA
6.7629000000e-103	0.0000000000e+00	NA
7.7987000000e-98	0.0000000000e+00	NA
5.9376000000e-93	0.0000000000e+00	NA
2.9902000000e-88	0.0000000000e+00	NA
9.9545000000e-84	0.0000000000e+00	NA
2.1930000000e-79	0.0000000000e+00	NA
3.1972000000e-75	0.0000000000e+00	NA
3.0846000000e-71	0.0000000000e+00	NA
1.9715000000e-67	0.0000000000e+00	NA
8.3597000000e-64	0.0000000000e+00	NA
2.3444000000e-60	0.0000000000e+00	NA
4.3012000000e-57	0.0000000000e+00	NA
5.2521000000e-54	0.0000000000e+00	NA
4.2661000000e-51	0.0000000000e+00	NA
1.0010000000e-48	0.0000000000e+00	NA
3.7463000000e-46	0.0000000000e+00	NA
1.3208000000e-43	1.0650000000e-43	9.3487452480e-02
1.5711000000e-41	1.5693000000e-41	4.9785387405e-04
1.7225000000e-39	1.7225000000e-39	0.0000000000e+00
1.2024000000e-37	1.2024000000e-37	0.0000000000e+00
4.2293000000e-36	4.2293000000e-36	0.0000000000e+00
1.4984000000e-34	1.4984000000e-34	0.0000000000e+00
3.8370000000e-33	3.8370000000e-33	0.0000000000e+00
8.0934000000e-32	8.0934000000e-32	0.0000000000e+00
1.0320000000e-30	1.0320000000e-30	0.0000000000e+00
1.1546000000e-29	1.1546000000e-29	0.0000000000e+00
1.0276000000e-28	1.0276000000e-28	0.0000000000e+00
9.3242000000e-28	9.3242000000e-28	0.0000000000e+00
8.0359000000e-27	8.0359000000e-27	0.0000000000e+00
5.8014000000e-26	5.8014000000e-26	0.0000000000e+00
3.5396000000e-25	3.5396000000e-25	0.0000000000e+00
2.2272000000e-24	2.2272000000e-24	0.0000000000e+00
1.1558000000e-23	1.1557000000e-23	3.7576853314e-05
5.5236000000e-23	5.5236000000e-23	0.0000000000e+00
2.8150000000e-22	2.8150000000e-22	0.0000000000e+00
1.3012000000e-21	1.3012000000e-21	0.0000000000e+00
5.5056000000e-21	5.5056000000e-21	0.0000000000e+00
2.1267000000e-20	2.1267000000e-20	0.0000000000e+00
7.9124000000e-20	7.9124000000e-20	0.0000000000e+00
2.7402000000e-19	2.7402000000e-19	0.0000000000e+00
8.6898000000e-19	8.6898000000e-19	0.0000000000e+00
2.5658000000e-18	2.5658000000e-18	0.0000000000e+00
7.0921000000e-18	7.0921000000e-18	0.0000000000e+00
1.8333000000e-17	1.8333000000e-17	0.0000000000e+00
4.4532000000e-17	4.4532000000e-17	0.0000000000e+00
9.9969000000e-17	9.9969000000e-17	0.0000000000e+00
1.9948000000e-16	1.9948000000e-16	0.0000000000e+00
3.9669000000e-16	3.9669000000e-16	0.0000000000e+00
5.4234000000e-16	5.4234000000e-16	0.0000000000e+00
1.2017000000e-15	1.2017000000e-15	0.0000000000e+00
1.7105000000e-15	1.7105000000e-15	0.0000000000e+00
3.0629000000e-15	3.0629000000e-15	0.0000000000e+00
3.6528000000e-15	3.6528000000e-15	0.0000000000e+00
4.4680000000e-15	4.4680000000e-15	0.0000000000e+00
6.1022000000e-15	6.1022000000e-15	0.0000000000e+00
7.0106000000e-15	7.0106000000e-15	0.0000000000e+00
9.6049000000e-15	9.6049000000e-15	0.0000000000e+00
1.1799000000e-14	1.1799000000e-14	0.0000000000e+00
9.2902000000e-15	9.2902000000e-15	0.0000000000e+00
9.7123000000e-15	9.7123000000e-15	0.0000000000e+00
9.8343000000e-15	9.8343000000e-15	0.0000000000e+00
7.3535000000e-15	7.3535000000e-15	0.0000000000e+00
5.5561000000e-15	5.5561000000e-15	0.0000000000e+00
4.2651000000e-15	4.2651000000e-15	0.0000000000e+00
2.8145000000e-15	2.8145000000e-15	0.0000000000e+00
1.7405000000e-15	1.7405000000e-15	0.0000000000e+00
1.0186000000e-15	1.0186000000e-15	0.0000000000e+00
5.2899000000e-16	5.2899000000e-16	0.0000000000e+00
2.6626000000e-16	2.6626000000e-16	0.0000000000e+00
1.3161000000e-16	1.3161000000e-16	0.0000000000e+00
5.6763000000e-17	5.6763000000e-17	0.0000000000e+00
2.3079000000e-17	2.3079000000e-17	0.0000000000e+00
9.1258000000e-18	9.1258000000e-18	0.0000000000e+00
3.3298000000e-18	3.3298000000e-18	0.0000000000e+00
1.1610000000e-18	1.1610000000e-18	0.0000000000e+00
3.7071000000e-19	3.7071000000e-19	0.0000000000e+00
1.1078000000e-19	1.1078000000e-19	0.0000000000e+00
3.1114000000e-20	3.1114000000e-20	0.0000000000e+00
8.1771000000e-21	8.1771000000e-21	0.0000000000e+00
2.0081000000e-21	2.0081000000e-21	0.0000000000e+00
4.6187000000e-22	4.6187000000e-22	0.0000000000e+00
9.9501000000e-23	9.9501000000e-23	0.0000000000e+00
2.0077000000e-23	2.0077000000e-23	0.0000000000e+00
3.7944000000e-24	3.7944000000e-24	0.0000000000e+00
6.7166000000e-25	6.7166000000e-25	0.0000000000e+00
1.1136000000e-25	1.1136000000e-25	0.0000000000e+00
1.7293000000e-26	1.7293000000e-26	0.0000000000e+00
2.5152000000e-27	2.5152000000e-27	0.0000000000e+00
3.4264000000e-28	3.4264000000e-28	0.0000000000e+00
4.3719000000e-29	4.3719000000e-29	0.0000000000e+00
5.2248000000e-30	5.2248000000e-30	0.0000000000e+00
5.8484000000e-31	5.8484000000e-31	0.0000000000e+00
6.1314000000e-32	6.1314000000e-32	0.0000000000e+00
6.0208000000e-33	6.0208000000e-33	0.0000000000e+00
5.5374000000e-34	5.5374000000e-34	0.0000000000e+00
2.9244000000e-140	0.0000000000e+00	NA
4.0768000000e-134	0.0000000000e+00	NA
3.7422000000e-128	0.0000000000e+00	NA
2.2629000000e-122	0.0000000000e+00	NA
9.0384000000e-117	0.0000000000e+00	NA
2.3847000000e-111	0.0000000000e+00	NA
4.1569000000e-106	0.0000000000e+00	NA
4.7875000000e-101	0.0000000000e+00	NA
3.6458000000e-96	0.0000000000e+00	NA
1.8348000000e-91	0.0000000000e+00	NA
6.1103000000e-87	0.0000000000e+00	NA
1.3466000000e-82	0.0000000000e+00	NA
1.9632000000e-78	0.0000000000e+00	NA
1.8966000000e-74	0.0000000000e+00	NA
1.2134000000e-70	0.0000000000e+00	NA
5.1448000000e-67	0.0000000000e+00	NA
1.4356000000e-63	0.0000000000e+00	NA
2.6879000000e-60	0.0000000000e+00	NA
3.3127000000e-57	0.0000000000e+00	NA
2.7157000000e-54	0.0000000000e+00	NA
1.4751000000e-51	0.0000000000e+00	NA
3.4751000000e-49	0.0000000000e+00	NA
5.5840000000e-47	0.0000000000e+00	NA
1.1450000000e-44	0.0000000000e+00	NA
8.1410000000e-43	7.9454000000e-43	1.0561988703e-02
6.8639000000e-41	6.8622000000e-41	1.0757616847e-04
3.4442000000e-39	3.4441000000e-39	1.2609627395e-05
1.0475000000e-37	1.0475000000e-37	0.0000000000e+00
2.1640000000e-36	2.1640000000e-36	0.0000000000e+00
4.5605000000e-35	4.5605000000e-35	0.0000000000e+00
8.5313000000e-34	8.5313000000e-34	0.0000000000e+00
1.0370000000e-32	1.0370000000e-32	0.0000000000e+00
1.1278000000e-31	1.1278000000e-31	0.0000000000e+00
1.3653000000e-30	1.3653000000e-30	0.0000000000e+00
1.0608000000e-29	1.0608000000e-29	0.0000000000e+00
7.6174000000e-29	7.6174000000e-29	0.0000000000e+00
6.6304000000e-28	6.6304000000e-28	0.0000000000e+00
4.6991000000e-27	4.6991000000e-27	0.0000000000e+00
2.8843000000e-26	2.8843000000e-26	0.0000000000e+00
1.3488000000e-25	1.3488000000e-25	0.0000000000e+00
9.2352000000e-25	9.2352000000e-25	0.0000000000e+00
4.8721000000e-24	4.8721000000e-24	0.0000000000e+00
2.4880000000e-23	2.4880000000e-23	0.0000000000e+00
1.1783000000e-22	1.1783000000e-22	0.0000000000e+00
4.9060000000e-22	4.9060000000e-22	0.0000000000e+00
1.9435000000e-21	1.9435000000e-21	0.0000000000e+00
7.2687000000e-21	7.2687000000e-21	0.0000000000e+00
2.4995000000e-20	2.4995000000e-20	0.0000000000e+00
8.0403000000e-20	8.0403000000e-20	0.0000000000e+00
2.4106000000e-19	2.4106000000e-19	0.0000000000e+00
6.6963000000e-19	6.6963000000e-19	0.0000000000e+00
1.5681000000e-18	1.5681000000e-18	0.0000000000e+00
4.1277000000e-18	4.1277000000e-18	0.0000000000e+00
9.0361000000e-18	9.0361000000e-18	0.0000000000e+00
1.6461000000e-17	1.6461000000e-17	0.0000000000e+00
3.7271000000e-17	3.7271000000e-17	0.0000000000e+00
6.0028000000e-17	6.0028000000e-17	0.0000000000e+00
8.8357000000e-17	8.8357000000e-17	0.0000000000e+00
1.9004000000e-16	1.9004000000e-16	0.0000000000e+00
3.2394000000e-16	3.2394000000e-16	0.0000000000e+00
4.2116000000e-16	4.2116000000e-16	0.0000000000e+00
5.7715000000e-16	5.7715000000e-16	0.0000000000e+00
9.1812000000e-16	9.1812000000e-16	0.0000000000e+00
1.1786000000e-15	1.1786000000e-15	0.0000000000e+00
1.4077000000e-15	1.4077000000e-15	0.0000000000e+00
1.5071000000e-15	1.5071000000e-15	0.0000000000e+00
1.5110000000e-15	1.5110000000e-15	0.0000000000e+00
1.6219000000e-15	1.6219000000e-15	0.0000000000e+00
1.3665000000e-15	1.3665000000e-15	0.0000000000e+00
1.1366000000e-15	1.1366000000e-15	0.0000000000e+00
8.3638000000e-16	8.3638000000e-16	0.0000000000e+00
6.5571000000e-16	6.5571000000e-16	0.0000000000e+00
4.4199000000e-16	4.4199000000e-16	0.0000000000e+00
2.7676000000e-16	2.7676000000e-16	0.0000000000e+00
1.6293000000e-16	1.6293000000e-16	0.0000000000e+00
8.9622000000e-17	8.9622000000e-17	0.0000000000e+00
4.5923000000e-17	4.5923000000e-17	0.0000000000e+00
2.0701000000e-17	2.0701000000e-17	0.0000000000e+00
9.2822000000e-18	9.2821000000e-18	4.6788134421e-06
4.0991000000e-18	4.0991000000e-18	0.0000000000e+00
1.6293000000e-18	1.6293000000e-18	0.0000000000e+00
6.1944000000e-19	6.1945000000e-19	-7.0110257071e-06
2.1420000000e-19	2.1420000000e-19	0.0000000000e+00
7.0403000000e-20	7.0403000000e-20	0.0000000000e+00
2.1473000000e-20	2.1473000000e-20	0.0000000000e+00
6.1261000000e-21	6.1261000000e-21	0.0000000000e+00
1.6370000000e-21	1.6370000000e-21	0.0000000000e+00
4.0969000000e-22	4.0969000000e-22	0.0000000000e+00
9.6037000000e-23	9.6037000000e-23	0.0000000000e+00
2.1086000000e-23	2.1086000000e-23	0.0000000000e+00
4.3361000000e-24	4.3361000000e-24	0.0000000000e+00
8.3515000000e-25	8.3515000000e-25	0.0000000000e+00
1.5066000000e-25	1.5066000000e-25	0.0000000000e+00
2.5456000000e-26	2.5456000000e-26	0.0000000000e+00
4.0286000000e-27	4.0286000000e-27	0.0000000000e+00
5.9714000000e-28	5.9714000000e-28	0.0000000000e+00
8.2901000000e-29	8.2901000000e-29	0.0000000000e+00
1.0780000000e-29	1.0780000000e-29	0.0000000000e+00
1.3128000000e-30	1.3128000000e-30	0.0000000000e+00
1.4975000000e-31	1.4975000000e-31	0.0000000000e+00
1.5999000000e-32	1.5999000000e-32	0.0000000000e+00
1.2197000000e-143	0.0000000000e+00	NA
1.6971000000e-137	0.0000000000e+00	NA
1.5537000000e-131	0.0000000000e+00	NA
9.3856000000e-126	0.0000000000e+00	NA
3.7453000000e-120	0.0000000000e+00	NA
9.8665000000e-115	0.0000000000e+00	NA
1.7176000000e-109	0.0000000000e+00	NA
1.9775000000e-104	0.0000000000e+00	NA
1.5058000000e-99	0.0000000000e+00	NA
7.5808000000e-95	0.0000000000e+00	NA
2.5266000000e-90	0.0000000000e+00	NA
5.5726000000e-86	0.0000000000e+00	NA
8.1402000000e-82	0.0000000000e+00	NA
7.8780000000e-78	0.0000000000e+00	NA
5.0483000000e-74	0.0000000000e+00	NA
2.1435000000e-70	0.0000000000e+00	NA
6.0330000000e-67	0.0000000000e+00	NA
1.1254000000e-63	0.0000000000e+00	NA
1.3968000000e-60	0.0000000000e+00	NA
1.1554000000e-57	0.0000000000e+00	NA
6.3818000000e-55	0.0000000000e+00	NA
2.2721000000e-52	0.0000000000e+00	NA
3.1409000000e-50	0.0000000000e+00	NA
3.9075000000e-48	0.0000000000e+00	NA
3.0919000000e-46	0.0000000000e+00	NA
2.2197000000e-44	8.4078000000e-45	4.2161190965e-01
8.3701000000e-43	8.0855000000e-43	1.5023765215e-02
3.7843000000e-41	3.7829000000e-41	1.6069676541e-04
1.3445000000e-39	1.3445000000e-39	0.0000000000e+00
2.8074000000e-38	2.8074000000e-38	0.0000000000e+00
4.4361000000e-37	4.4361000000e-37	0.0000000000e+00
7.8225000000e-36	7.8225000000e-36	0.0000000000e+00
8.7200000000e-35	8.7200000000e-35	0.0000000000e+00
9.6424000000e-34	9.6425000000e-34	-4.5039847955e-06
9.2092000000e-33	9.2092000000e-33	0.0000000000e+00
9.5692000000e-32	9.5693000000e-32	-4.5384380375e-06
7.3743000000e-31	7.3744000000e-31	-5.8892577910e-06
6.1640000000e-30	6.1640000000e-30	0.0000000000e+00
4.5971000000e-29	4.5971000000e-29	0.0000000000e+00
3.5088000000e-28	3.5088000000e-28	0.0000000000e+00
2.2133000000e-27	2.2133000000e-27	0.0000000000e+00
1.3800000000e-26	1.3800000000e-26	0.0000000000e+00
8.6510000000e-26	8.6510000000e-26	0.0000000000e+00
4.4076000000e-25	4.4076000000e-25	0.0000000000e+00
2.2161000000e-24	2.2161000000e-24	0.0000000000e+00
1.0002000000e-23	1.0002000000e-23	0.0000000000e+00
4.2679000000e-23	4.2679000000e-23	0.0000000000e+00
1.7281000000e-22	1.7281000000e-22	0.0000000000e+00
6.4639000000e-22	6.4639000000e-22	0.0000000000e+00
2.0476000000e-21	2.0476000000e-21	0.0000000000e+00
6.3763000000e-21	6.3763000000e-21	0.0000000000e+00
1.9394000000e-20	1.9394000000e-20	0.0000000000e+00
4.2436000000e-20	4.2435000000e-20	1.0234225635e-05
1.6071000000e-19	1.6071000000e-19	0.0000000000e+00
3.4479000000e-19	3.4479000000e-19	0.0000000000e+00
5.2430000000e-19	5.2430000000e-19	0.0000000000e+00
1.1655000000e-18	1.1655000000e-18	0.0000000000e+00
3.5970000000e-18	3.5970000000e-18	0.0000000000e+00
7.3488000000e-18	7.3488000000e-18	0.0000000000e+00
1.3693000000e-17	1.3693000000e-17	0.0000000000e+00
2.6466000000e-17	2.6466000000e-17	0.0000000000e+00
3.5561000000e-17	3.5561000000e-17	0.0000000000e+00
5.8737000000e-17	5.8737000000e-17	0.0000000000e+00
6.6801000000e-17	6.6801000000e-17	0.0000000000e+00
1.1071000000e-16	1.1071000000e-16	0.0000000000e+00
1.3172000000e-16	1.3172000000e-16	0.0000000000e+00
1.3724000000e-16	1.3724000000e-16	0.0000000000e+00
2.0995000000e-16	2.0995000000e-16	0.0000000000e+00
2.2773000000e-16	2.2773000000e-16	0.0000000000e+00
2.1934000000e-16	2.1934000000e-16	0.0000000000e+00
2.0332000000e-16	2.0332000000e-16	0.0000000000e+00
1.5724000000e-16	1.5724000000e-16	0.0000000000e+00
1.3241000000e-16	1.3241000000e-16	0.0000000000e+00
9.2841000000e-17	9.2841000000e-17	0.0000000000e+00
6.4528000000e-17	6.4528000000e-17	0.0000000000e+00
4.3111000000e-17	4.3111000000e-17	0.0000000000e+00
2.5906000000e-17	2.5906000000e-17	0.0000000000e+00
1.4405000000e-17	1.4405000000e-17	0.0000000000e+00
7.1191000000e-18	7.1191000000e-18	0.0000000000e+00
3.6037000000e-18	3.6037000000e-18	0.0000000000e+00
1.6337000000e-18	1.6337000000e-18	0.0000000000e+00
7.1732000000e-19	7.1732000000e-19	0.0000000000e+00
2.9789000000e-19	2.9789000000e-19	0.0000000000e+00
1.1284000000e-19	1.1284000000e-19	0.0000000000e+00
4.0053000000e-20	4.0053000000e-20	0.0000000000e+00
1.3275000000e-20	1.3275000000e-20	0.0000000000e+00
4.1211000000e-21	4.1211000000e-21	0.0000000000e+00
1.1982000000e-21	1.1982000000e-21	0.0000000000e+00
3.2631000000e-22	3.2631000000e-22	0.0000000000e+00
8.3231000000e-23	8.3231000000e-23	0.0000000000e+00
1.9884000000e-23	1.9884000000e-23	0.0000000000e+00
4.4490000000e-24	4.4490000000e-24	0.0000000000e+00
9.3238000000e-25	9.3238000000e-25	0.0000000000e+00
1.8301000000e-25	1.8301000000e-25	0.0000000000e+00
3.3646000000e-26	3.3646000000e-26	0.0000000000e+00
5.7934000000e-27	5.7934000000e-27	0.0000000000e+00
9.3433000000e-28	9.3433000000e-28	0.0000000000e+00
1.4113000000e-28	1.4113000000e-28	0.0000000000e+00
1.9967000000e-29	1.9967000000e-29	0.0000000000e+00
2.6458000000e-30	2.6458000000e-30	0.0000000000e+00
3.2836000000e-31	3.2836000000e-31	0.0000000000e+00
3.4097000000e-147	0.0000000000e+00	NA
4.7390000000e-141	0.0000000000e+00	NA
4.3331000000e-135	0.0000000000e+00	NA
2.6125000000e-129	0.0000000000e+00	NA
1.0407000000e-123	0.0000000000e+00	NA
2.7416000000e-118	0.0000000000e+00	NA
4.7701000000e-113	0.0000000000e+00	NA
5.4906000000e-108	0.0000000000e+00	NA
4.1846000000e-103	0.0000000000e+00	NA
2.1078000000e-98	0.0000000000e+00	NA
7.0367000000e-94	0.0000000000e+00	NA
1.5545000000e-89	0.0000000000e+00	NA
2.2760000000e-85	0.0000000000e+00	NA
2.2082000000e-81	0.0000000000e+00	NA
1.4197000000e-77	0.0000000000e+00	NA
6.0266000000e-74	0.0000000000e+00	NA
1.7005000000e-70	0.0000000000e+00	NA
3.1929000000e-67	0.0000000000e+00	NA
3.9943000000e-64	0.0000000000e+00	NA
3.3349000000e-61	0.0000000000e+00	NA
1.8623000000e-58	0.0000000000e+00	NA
6.9746000000e-56	0.0000000000e+00	NA
1.3138000000e-53	0.0000000000e+00	NA
9.5317000000e-52	0.0000000000e+00	NA
8.1937000000e-50	0.0000000000e+00	NA
6.6689000000e-48	0.0000000000e+00	NA
3.3379000000e-46	0.0000000000e+00	NA
1.2624000000e-44	0.0000000000e+00	NA
4.2802000000e-43	3.9376000000e-43	3.6232466315e-02
1.2255000000e-41	1.2212000000e-41	1.5265199615e-03
1.7190000000e-40	1.7189000000e-40	2.5265102651e-05
2.4040000000e-39	2.4039000000e-39	1.8065870004e-05
4.2646000000e-38	4.2646000000e-38	0.0000000000e+00
4.7565000000e-37	4.7565000000e-37	0.0000000000e+00
5.9832000000e-36	5.9832000000e-36	0.0000000000e+00
6.9948000000e-35	6.9948000000e-35	0.0000000000e+00
7.4928000000e-34	7.4927000000e-34	5.7961960817e-06
6.7946000000e-33	6.7946000000e-33	0.0000000000e+00
6.1823000000e-32	6.1823000000e-32	0.0000000000e+00
4.9775000000e-31	4.9775000000e-31	0.0000000000e+00
3.9268000000e-30	3.9268000000e-30	0.0000000000e+00
2.9567000000e-29	2.9567000000e-29	0.0000000000e+00
2.0248000000e-28	2.0248000000e-28	0.0000000000e+00
1.1986000000e-27	1.1986000000e-27	0.0000000000e+00
6.9595000000e-27	6.9595000000e-27	0.0000000000e+00
3.7292000000e-26	3.7292000000e-26	0.0000000000e+00
1.8542000000e-25	1.8542000000e-25	0.0000000000e+00
8.4314000000e-25	8.4314000000e-25	0.0000000000e+00
3.5913000000e-24	3.5913000000e-24	0.0000000000e+00
1.3302000000e-23	1.3302000000e-23	0.0000000000e+00
4.6336000000e-23	4.6337000000e-23	-9.3726216249e-06
1.2100000000e-22	1.2100000000e-22	0.0000000000e+00
3.7330000000e-22	3.7330000000e-22	0.0000000000e+00
1.5613000000e-21	1.5613000000e-21	0.0000000000e+00
4.1113000000e-21	4.1113000000e-21	0.0000000000e+00
1.0219000000e-20	1.0219000000e-20	0.0000000000e+00
3.1215000000e-20	3.1215000000e-20	0.0000000000e+00
8.2462000000e-20	8.2463000000e-20	-5.2665694335e-06
2.0567000000e-19	2.0567000000e-19	0.0000000000e+00
3.5725000000e-19	3.5725000000e-19	0.0000000000e+00
9.2672000000e-19	9.2672000000e-19	0.0000000000e+00
1.3403000000e-18	1.3403000000e-18	0.0000000000e+00
2.5201000000e-18	2.5201000000e-18	0.0000000000e+00
3.8240000000e-18	3.8240000000e-18	0.0000000000e+00
5.4202000000e-18	5.4202000000e-18	0.0000000000e+00
8.3480000000e-18	8.3480000000e-18	0.0000000000e+00
1.0864000000e-17	1.0864000000e-17	0.0000000000e+00
1.8974000000e-17	1.8974000000e-17	0.0000000000e+00
2.2312000000e-17	2.2312000000e-17	0.0000000000e+00
2.6661000000e-17	2.6661000000e-17	0.0000000000e+00
3.1826000000e-17	3.1826000000e-17	0.0000000000e+00
2.7358000000e-17	2.7358000000e-17	0.0000000000e+00
2.6337000000e-17	2.6337000000e-17	0.0000000000e+00
2.3094000000e-17	2.3094000000e-17	0.0000000000e+00
1.9768000000e-17	1.9768000000e-17	0.0000000000e+00
1.4883000000e-17	1.4883000000e-17	0.0000000000e+00
1.0236000000e-17	1.0236000000e-17	0.0000000000e+00
6.6290000000e-18	6.6291000000e-18	-6.5513834095e-06
3.7613000000e-18	3.7613000000e-18	0.0000000000e+00
2.2030000000e-18	2.2030000000e-18	0.0000000000e+00
1.2123000000e-18	1.2123000000e-18	0.0000000000e+00
6.0426000000e-19	6.0426000000e-19	0.0000000000e+00
2.9188000000e-19	2.9188000000e-19	0.0000000000e+00
1.2909000000e-19	1.2909000000e-19	0.0000000000e+00
5.3071000000e-20	5.3071000000e-20	0.0000000000e+00
2.0435000000e-20	2.0435000000e-20	0.0000000000e+00
7.3698000000e-21	7.3698000000e-21	0.0000000000e+00
2.4894000000e-21	2.4894000000e-21	0.0000000000e+00
7.8757000000e-22	7.8757000000e-22	0.0000000000e+00
2.3337000000e-22	2.3337000000e-22	0.0000000000e+00
6.4767000000e-23	6.4767000000e-23	0.0000000000e+00
1.6835000000e-23	1.6835000000e-23	0.0000000000e+00
4.0987000000e-24	4.0987000000e-24	0.0000000000e+00
9.3459000000e-25	9.3459000000e-25	0.0000000000e+00
1.9960000000e-25	1.9960000000e-25	0.0000000000e+00
3.9926000000e-26	3.9926000000e-26	0.0000000000e+00
7.4800000000e-27	7.4800000000e-27	0.0000000000e+00
1.3125000000e-27	1.3125000000e-27	0.0000000000e+00
2.1571000000e-28	2.1571000000e-28	0.0000000000e+00
3.3204000000e-29	3.3204000000e-29	0.0000000000e+00
4.7871000000e-30	4.7871000000e-30	0.0000000000e+00
6.3930000000e-151	0.0000000000e+00	NA
8.8636000000e-145	0.0000000000e+00	NA
8.0928000000e-139	0.0000000000e+00	NA
4.8771000000e-133	0.0000000000e+00	NA
1.9422000000e-127	0.0000000000e+00	NA
5.1082000000e-122	0.0000000000e+00	NA
8.8965000000e-117	0.0000000000e+00	NA
1.0246000000e-111	0.0000000000e+00	NA
7.8102000000e-107	0.0000000000e+00	NA
3.9418000000e-102	0.0000000000e+00	NA
1.3175000000e-97	0.0000000000e+00	NA
2.9193000000e-93	0.0000000000e+00	NA
4.2871000000e-89	0.0000000000e+00	NA
4.1748000000e-85	0.0000000000e+00	NA
2.6799000000e-81	0.0000000000e+00	NA
1.1430000000e-77	0.0000000000e+00	NA
3.2439000000e-74	0.0000000000e+00	NA
6.1329000000e-71	0.0000000000e+00	NA
7.7352000000e-68	0.0000000000e+00	NA
6.5204000000e-65	0.0000000000e+00	NA
3.6820000000e-62	0.0000000000e+00	NA
1.3971000000e-59	0.0000000000e+00	NA
3.5762000000e-57	0.0000000000e+00	NA
3.4838000000e-55	0.0000000000e+00	NA
2.2363000000e-53	0.0000000000e+00	NA
7.5449000000e-52	0.0000000000e+00	NA
6.8906000000e-50	0.0000000000e+00	NA
3.5204000000e-48	0.0000000000e+00	NA
1.1738000000e-46	0.0000000000e+00	NA
2.5944000000e-45	0.0000000000e+00	NA
4.7833000000e-44	2.2421000000e-44	3.2907264122e-01
8.6958000000e-43	8.2396000000e-43	2.3403413661e-02
1.4335000000e-41	1.4268000000e-41	2.0345966162e-03
2.0735000000e-40	2.0729000000e-40	1.2568815887e-04
3.2422000000e-39	3.2422000000e-39	0.0000000000e+00
3.7809000000e-38	3.7809000000e-38	0.0000000000e+00
4.4233000000e-37	4.4233000000e-37	0.0000000000e+00
5.2778000000e-36	5.2778000000e-36	0.0000000000e+00
5.7689000000e-35	5.7689000000e-35	0.0000000000e+00
5.8905000000e-34	5.8905000000e-34	0.0000000000e+00
4.8242000000e-33	4.8241000000e-33	9.0025078391e-06
4.1337000000e-32	4.1337000000e-32	0.0000000000e+00
3.3189000000e-31	3.3189000000e-31	0.0000000000e+00
2.2998000000e-30	2.2998000000e-30	0.0000000000e+00
1.5555000000e-29	1.5555000000e-29	0.0000000000e+00
9.7307000000e-29	9.7307000000e-29	0.0000000000e+00
5.4943000000e-28	5.4942000000e-28	7.9045271314e-06
2.4003000000e-27	2.4003000000e-27	0.0000000000e+00
1.4135000000e-26	1.4135000000e-26	0.0000000000e+00
6.2857000000e-26	6.2857000000e-26	0.0000000000e+00
1.7488000000e-25	1.7488000000e-25	0.0000000000e+00
6.9125000000e-25	6.9125000000e-25	0.0000000000e+00
3.0649000000e-24	3.0649000000e-24	0.0000000000e+00
6.7971000000e-24	6.7971000000e-24	0.0000000000e+00
2.5913000000e-23	2.5913000000e-23	0.0000000000e+00
7.4128000000e-23	7.4129000000e-23	-5.8586708474e-06
3.2944000000e-22	3.2944000000e-22	0.0000000000e+00
1.3072000000e-21	1.3072000000e-21	0.0000000000e+00
3.9253000000e-21	3.9253000000e-21	0.0000000000e+00
7.2366000000e-21	7.2366000000e-21	0.0000000000e+00
1.5685000000e-20	1.5685000000e-20	0.0000000000e+00
4.8395000000e-20	4.8395000000e-20	0.0000000000e+00
8.5100000000e-20	8.5100000000e-20	0.0000000000e+00
1.9626000000e-19	1.9627000000e-19	-2.2127963824e-05
2.6489000000e-19	2.6489000000e-19	0.0000000000e+00
5.0847000000e-19	5.0847000000e-19	0.0000000000e+00
8.7329000000e-19	8.7329000000e-19	0.0000000000e+00
1.2836000000e-18	1.2836000000e-18	0.0000000000e+00
1.8400000000e-18	1.8400000000e-18	0.0000000000e+00
2.6343000000e-18	2.6343000000e-18	0.0000000000e+00
3.3051000000e-18	3.3051000000e-18	0.0000000000e+00
3.6702000000e-18	3.6702000000e-18	0.0000000000e+00
3.5794000000e-18	3.5794000000e-18	0.0000000000e+00
4.0731000000e-18	4.0731000000e-18	0.0000000000e+00
4.1636000000e-18	4.1636000000e-18	0.0000000000e+00
3.6263000000e-18	3.6262000000e-18	1.1976407637e-05
2.9060000000e-18	2.9060000000e-18	0.0000000000e+00
2.0796000000e-18	2.0796000000e-18	0.0000000000e+00
1.3755000000e-18	1.3755000000e-18	0.0000000000e+00
9.8603000000e-19	9.8603000000e-19	0.0000000000e+00
6.3909000000e-19	6.3909000000e-19	0.0000000000e+00
3.7046000000e-19	3.7046000000e-19	0.0000000000e+00
2.0490000000e-19	2.0490000000e-19	0.0000000000e+00
1.0356000000e-19	1.0356000000e-19	0.0000000000e+00
4.9951000000e-20	4.9951000000e-20	0.0000000000e+00
2.2345000000e-20	2.2345000000e-20	0.0000000000e+00
9.3620000000e-21	9.3620000000e-21	0.0000000000e+00
3.6738000000e-21	3.6738000000e-21	0.0000000000e+00
1.3502000000e-21	1.3502000000e-21	0.0000000000e+00
4.6480000000e-22	4.6480000000e-22	0.0000000000e+00
1.4986000000e-22	1.4986000000e-22	0.0000000000e+00
4.5252000000e-23	4.5252000000e-23	0.0000000000e+00
1.2798000000e-23	1.2798000000e-23	0.0000000000e+00
3.3902000000e-24	3.3902000000e-24	0.0000000000e+00
8.4111000000e-25	8.4111000000e-25	0.0000000000e+00
1.9545000000e-25	1.9545000000e-25	0.0000000000e+00
4.2537000000e-26	4.2537000000e-26	0.0000000000e+00
8.6708000000e-27	8.6708000000e-27	0.0000000000e+00
1.6554000000e-27	1.6554000000e-27	0.0000000000e+00
2.9600000000e-28	2.9600000000e-28	0.0000000000e+00
4.9573000000e-29	4.9573000000e-29	0.0000000000e+00
8.0193000000e-155	0.0000000000e+00	NA
1.1108000000e-148	0.0000000000e+00	NA
1.0133000000e-142	0.0000000000e+00	NA
6.1022000000e-137	0.0000000000e+00	NA
2.4289000000e-131	0.0000000000e+00	NA
6.3867000000e-126	0.0000000000e+00	NA
1.1124000000e-120	0.0000000000e+00	NA
1.2817000000e-115	0.0000000000e+00	NA
9.7862000000e-111	0.0000000000e+00	NA
4.9491000000e-106	0.0000000000e+00	NA
1.6584000000e-101	0.0000000000e+00	NA
3.6834000000e-97	0.0000000000e+00	NA
5.4327000000e-93	0.0000000000e+00	NA
5.3038000000e-89	0.0000000000e+00	NA
3.4169000000e-85	0.0000000000e+00	NA
1.4648000000e-81	0.0000000000e+00	NA
4.1826000000e-78	0.0000000000e+00	NA
7.9648000000e-75	0.0000000000e+00	NA
1.0131000000e-71	0.0000000000e+00	NA
8.6240000000e-69	0.0000000000e+00	NA
4.9260000000e-66	0.0000000000e+00	NA
1.8942000000e-63	0.0000000000e+00	NA
4.9253000000e-61	0.0000000000e+00	NA
4.8438000000e-59	0.0000000000e+00	NA
1.9820000000e-57	0.0000000000e+00	NA
1.4958000000e-55	0.0000000000e+00	NA
9.2374000000e-54	0.0000000000e+00	NA
4.2098000000e-52	0.0000000000e+00	NA
1.5009000000e-50	0.0000000000e+00	NA
5.1923000000e-49	0.0000000000e+00	NA
1.0161000000e-47	0.0000000000e+00	NA
1.9948000000e-46	0.0000000000e+00	NA
4.0748000000e-45	0.0000000000e+00	NA
7.2290000000e-44	4.4842000000e-44	2.0739325040e-01
1.1036000000e-42	1.0706000000e-42	1.3184452760e-02
1.4323000000e-41	1.4283000000e-41	1.2145557294e-03
1.9313000000e-40	1.9306000000e-40	1.5743863935e-04
2.7923000000e-39	2.7923000000e-39	0.0000000000e+00
3.4698000000e-38	3.4698000000e-38	0.0000000000e+00
4.1399000000e-37	4.1399000000e-37	0.0000000000e+00
4.6241000000e-36	4.6241000000e-36	0.0000000000e+00
4.2723000000e-35	4.2723000000e-35	0.0000000000e+00
3.7273000000e-34	3.7273000000e-34	0.0000000000e+00
3.0768000000e-33	3.0768000000e-33	0.0000000000e+00
2.4803000000e-32	2.4803000000e-32	0.0000000000e+00
1.6839000000e-31	1.6839000000e-31	0.0000000000e+00
1.0913000000e-30	1.0913000000e-30	0.0000000000e+00
4.2296000000e-30	4.2296000000e-30	0.0000000000e+00
3.0351000000e-29	3.0351000000e-29	0.0000000000e+00
1.5412000000e-28	1.5412000000e-28	0.0000000000e+00
5.6354000000e-28	5.6354000000e-28	0.0000000000e+00
3.7471000000e-27	3.7471000000e-27	0.0000000000e+00
1.4239000000e-26	1.4239000000e-26	0.0000000000e+00
4.3178000000e-26	4.3178000000e-26	0.0000000000e+00
2.2088000000e-25	2.2088000000e-25	0.0000000000e+00
7.3416000000e-25	7.3416000000e-25	0.0000000000e+00
2.7305000000e-24	2.7305000000e-24	0.0000000000e+00
1.3802000000e-23	1.3802000000e-23	0.0000000000e+00
3.3972000000e-23	3.3972000000e-23	0.0000000000e+00
1.7992000000e-22	1.7992000000e-22	0.0000000000e+00
3.4843000000e-22	3.4843000000e-22	0.0000000000e+00
1.2797000000e-21	1.2797000000e-21	0.0000000000e+00
2.4427000000e-21	2.4427000000e-21	0.0000000000e+00
6.2814000000e-21	6.2814000000e-21	0.0000000000e+00
1.1558000000e-20	1.1558000000e-20	0.0000000000e+00
2.3975000000e-20	2.3975000000e-20	0.0000000000e+00
3.6244000000e-20	3.6244000000e-20	0.0000000000e+00
8.1005000000e-20	8.1005000000e-20	0.0000000000e+00
1.2607000000e-19	1.2607000000e-19	0.0000000000e+00
2.1601000000e-19	2.1601000000e-19	0.0000000000e+00
2.9639000000e-19	2.9639000000e-19	0.0000000000e+00
3.4634000000e-19	3.4634000000e-19	0.0000000000e+00
4.5189000000e-19	4.5189000000e-19	0.0000000000e+00
5.3238000000e-19	5.3238000000e-19	0.0000000000e+00
5.7527000000e-19	5.7527000000e-19	0.0000000000e+00
6.2926000000e-19	6.2926000000e-19	0.0000000000e+00
5.8869000000e-19	5.8869000000e-19	0.0000000000e+00
5.1247000000e-19	5.1247000000e-19	0.0000000000e+00
3.7749000000e-19	3.7749000000e-19	0.0000000000e+00
2.9186000000e-19	2.9186000000e-19	0.0000000000e+00
2.1319000000e-19	2.1319000000e-19	0.0000000000e+00
1.5339000000e-19	1.5339000000e-19	0.0000000000e+00
9.9118000000e-20	9.9118000000e-20	0.0000000000e+00
5.9957000000e-20	5.9957000000e-20	0.0000000000e+00
3.3397000000e-20	3.3397000000e-20	0.0000000000e+00
1.7356000000e-20	1.7356000000e-20	0.0000000000e+00
8.4480000000e-21	8.4480000000e-21	0.0000000000e+00
3.8513000000e-21	3.8513000000e-21	0.0000000000e+00
1.6444000000e-21	1.6444000000e-21	0.0000000000e+00
6.5760000000e-22	6.5760000000e-22	0.0000000000e+00
2.4630000000e-22	2.4630000000e-22	0.0000000000e+00
8.6403000000e-23	8.6403000000e-23	0.0000000000e+00
2.8388000000e-23	2.8388000000e-23	0.0000000000e+00
8.7358000000e-24	8.7358000000e-24	0.0000000000e+00
2.5178000000e-24	2.5178000000e-24	0.0000000000e+00
6.7964000000e-25	6.7964000000e-25	0.0000000000e+00
1.7183000000e-25	1.7183000000e-25	0.0000000000e+00
4.0688000000e-26	4.0688000000e-26	0.0000000000e+00
9.0239000000e-27	9.0239000000e-27	0.0000000000e+00
1.8744000000e-27	1.8744000000e-27	0.0000000000e+00
3.6467000000e-28	3.6467000000e-28	0.0000000000e+00
6.7261000000e-159	0.0000000000e+00	NA
9.3130000000e-153	0.0000000000e+00	NA
8.4929000000e-147	0.0000000000e+00	NA
5.1090000000e-141	0.0000000000e+00	NA
2.0319000000e-135	0.0000000000e+00	NA
5.3494000000e-130	0.0000000000e+00	NA
9.3161000000e-125	0.0000000000e+00	NA
1.0745000000e-119	0.0000000000e+00	NA
8.2165000000e-115	0.0000000000e+00	NA
4.1635000000e-110	0.0000000000e+00	NA
1.4005000000e-105	0.0000000000e+00	NA
3.1244000000e-101	0.0000000000e+00	NA
4.6248000000e-97	0.0000000000e+00	NA
4.5427000000e-93	0.0000000000e+00	NA
2.9399000000e-89	0.0000000000e+00	NA
1.2671000000e-85	0.0000000000e+00	NA
3.6412000000e-82	0.0000000000e+00	NA
6.9856000000e-79	0.0000000000e+00	NA
8.9626000000e-76	0.0000000000e+00	NA
7.7069000000e-73	0.0000000000e+00	NA
4.4540000000e-70	0.0000000000e+00	NA
1.7363000000e-67	0.0000000000e+00	NA
4.5886000000e-65	0.0000000000e+00	NA
7.6657000000e-63	0.0000000000e+00	NA
1.8608000000e-61	0.0000000000e+00	NA
1.3052000000e-59	0.0000000000e+00	NA
9.4646000000e-58	0.0000000000e+00	NA
4.3808000000e-56	0.0000000000e+00	NA
1.5427000000e-54	0.0000000000e+00	NA
4.7714000000e-53	0.0000000000e+00	NA
1.3844000000e-51	0.0000000000e+00	NA
3.3528000000e-50	0.0000000000e+00	NA
8.0782000000e-49	0.0000000000e+00	NA
1.3315000000e-47	0.0000000000e+00	NA
3.2272000000e-46	0.0000000000e+00	NA
5.6650000000e-45	0.0000000000e+00	NA
8.4930000000e-44	5.3249000000e-44	2.0274966782e-01
1.0137000000e-42	9.5569000000e-43	2.5592404765e-02
1.5647000000e-41	1.5608000000e-41	1.0838261772e-03
2.1252000000e-40	2.1247000000e-40	1.0218934184e-04
2.7196000000e-39	2.7195000000e-39	1.5969350883e-05
2.9938000000e-38	2.9937000000e-38	1.4506705034e-05
3.2030000000e-37	3.2030000000e-37	0.0000000000e+00
2.9592000000e-36	2.9592000000e-36	0.0000000000e+00
2.6014000000e-35	2.6014000000e-35	0.0000000000e+00
2.0613000000e-34	2.0613000000e-34	0.0000000000e+00
1.0848000000e-33	1.0848000000e-33	0.0000000000e+00
9.4066000000e-33	9.4066000000e-33	0.0000000000e+00
5.0952000000e-32	5.0952000000e-32	0.0000000000e+00
3.0447000000e-31	3.0447000000e-31	0.0000000000e+00
1.6481000000e-30	1.6481000000e-30	0.0000000000e+00
1.1271000000e-29	1.1271000000e-29	0.0000000000e+00
5.1550000000e-29	5.1550000000e-29	0.0000000000e+00
2.1641000000e-28	2.1641000000e-28	0.0000000000e+00
1.0911000000e-27	1.0911000000e-27	0.0000000000e+00
6.4933000000e-27	6.4933000000e-27	0.0000000000e+00
2.6918000000e-26	2.6918000000e-26	0.0000000000e+00
8.2035000000e-26	8.2035000000e-26	0.0000000000e+00
3.8772000000e-25	3.8772000000e-25	0.0000000000e+00
1.3454000000e-24	1.3454000000e-24	0.0000000000e+00
6.4607000000e-24	6.4607000000e-24	0.0000000000e+00
1.7726000000e-23	1.7726000000e-23	0.0000000000e+00
4.3803000000e-23	4.3803000000e-23	0.0000000000e+00
1.3622000000e-22	1.3622000000e-22	0.0000000000e+00
3.0835000000e-22	3.0835000000e-22	0.0000000000e+00
7.5548000000e-22	7.5548000000e-22	0.0000000000e+00
1.3835000000e-21	1.3835000000e-21	0.0000000000e+00
2.3235000000e-21	2.3235000000e-21	0.0000000000e+00
5.9758000000e-21	5.9758000000e-21	0.0000000000e+00
1.1251000000e-20	1.1251000000e-20	0.0000000000e+00
1.7493000000e-20	1.7493000000e-20	0.0000000000e+00
2.7322000000e-20	2.7322000000e-20	0.0000000000e+00
3.9520000000e-20	3.9520000000e-20	0.0000000000e+00
5.2556000000e-20	5.2556000000e-20	0.0000000000e+00
6.2239000000e-20	6.2239000000e-20	0.0000000000e+00
7.6891000000e-20	7.6891000000e-20	0.0000000000e+00
8.4365000000e-20	8.4365000000e-20	0.0000000000e+00
8.5328000000e-20	8.5328000000e-20	0.0000000000e+00
7.4611000000e-20	7.4611000000e-20	0.0000000000e+00
6.6537000000e-20	6.6537000000e-20	0.0000000000e+00
5.6243000000e-20	5.6243000000e-20	0.0000000000e+00
4.5261000000e-20	4.5261000000e-20	0.0000000000e+00
3.4401000000e-20	3.4401000000e-20	0.0000000000e+00
2.4322000000e-20	2.4322000000e-20	0.0000000000e+00
1.5789000000e-20	1.5789000000e-20	0.0000000000e+00
9.5767000000e-21	9.5767000000e-21	0.0000000000e+00
5.4153000000e-21	5.4153000000e-21	0.0000000000e+00
2.8680000000e-21	2.8680000000e-21	0.0000000000e+00
1.4226000000e-21	1.4226000000e-21	0.0000000000e+00
6.6090000000e-22	6.6090000000e-22	0.0000000000e+00
2.8757000000e-22	2.8757000000e-22	0.0000000000e+00
1.1719000000e-22	1.1719000000e-22	0.0000000000e+00
4.4730000000e-23	4.4730000000e-23	0.0000000000e+00
1.5990000000e-23	1.5990000000e-23	0.0000000000e+00
5.3536000000e-24	5.3536000000e-24	0.0000000000e+00
1.6788000000e-24	1.6788000000e-24	0.0000000000e+00
4.9306000000e-25	4.9306000000e-25	0.0000000000e+00
1.3563000000e-25	1.3563000000e-25	0.0000000000e+00
3.4943000000e-26	3.4943000000e-26	0.0000000000e+00
8.4316000000e-27	8.4316000000e-27	0.0000000000e+00
1.9055000000e-27	1.9055000000e-27	0.0000000000e+00
3.7737000000e-163	0.0000000000e+00	NA
5.2257000000e-157	0.0000000000e+00	NA
4.7616000000e-151	0.0000000000e+00	NA
2.8625000000e-145	0.0000000000e+00	NA
1.1381000000e-139	0.0000000000e+00	NA
2.9935000000e-134	0.0000000000e+00	NA
5.2153000000e-129	0.0000000000e+00	NA
6.0252000000e-124	0.0000000000e+00	NA
4.6169000000e-119	0.0000000000e+00	NA
2.3472000000e-114	0.0000000000e+00	NA
7.9197000000e-110	0.0000000000e+00	NA
1.7744000000e-105	0.0000000000e+00	NA
2.6429000000e-101	0.0000000000e+00	NA
2.6153000000e-97	0.0000000000e+00	NA
1.7052000000e-93	0.0000000000e+00	NA
7.3912000000e-90	0.0000000000e+00	NA
2.1380000000e-86	0.0000000000e+00	NA
4.1334000000e-83	0.0000000000e+00	NA
5.3506000000e-80	0.0000000000e+00	NA
4.6486000000e-77	0.0000000000e+00	NA
2.7191000000e-74	0.0000000000e+00	NA
1.0751000000e-71	0.0000000000e+00	NA
2.8897000000e-69	0.0000000000e+00	NA
3.7357000000e-67	0.0000000000e+00	NA
9.4064000000e-66	0.0000000000e+00	NA
6.2730000000e-64	0.0000000000e+00	NA
5.1384000000e-62	0.0000000000e+00	NA
3.8705000000e-60	0.0000000000e+00	NA
1.4424000000e-58	0.0000000000e+00	NA
4.5456000000e-57	0.0000000000e+00	NA
1.1503000000e-55	0.0000000000e+00	NA
3.3494000000e-54	0.0000000000e+00	NA
9.2663000000e-53	0.0000000000e+00	NA
2.2283000000e-51	0.0000000000e+00	NA
4.3173000000e-50	0.0000000000e+00	NA
9.0446000000e-49	0.0000000000e+00	NA
2.0179000000e-47	0.0000000000e+00	NA
2.8281000000e-46	0.0000000000e+00	NA
5.3516000000e-45	0.0000000000e+00	NA
7.6990000000e-44	5.0447000000e-44	1.8359897507e-01
1.1675000000e-42	1.1084000000e-42	2.2560372128e-02
1.4737000000e-41	1.4676000000e-41	1.8013804357e-03
1.7885000000e-40	1.7879000000e-40	1.4572010490e-04
2.1546000000e-39	2.1546000000e-39	0.0000000000e+00
2.1219000000e-38	2.1219000000e-38	0.0000000000e+00
1.7063000000e-37	1.7063000000e-37	0.0000000000e+00
1.7271000000e-36	1.7271000000e-36	0.0000000000e+00
9.5282000000e-36	9.5282000000e-36	0.0000000000e+00
7.1588000000e-35	7.1588000000e-35	0.0000000000e+00
6.8840000000e-34	6.8840000000e-34	0.0000000000e+00
5.0739000000e-33	5.0739000000e-33	0.0000000000e+00
2.2738000000e-32	2.2738000000e-32	0.0000000000e+00
1.5059000000e-31	1.5059000000e-31	0.0000000000e+00
1.1833000000e-30	1.1833000000e-30	0.0000000000e+00
6.4265000000e-30	6.4265000000e-30	0.0000000000e+00
2.4040000000e-29	2.4040000000e-29	0.0000000000e+00
1.1503000000e-28	1.1503000000e-28	0.0000000000e+00
3.9485000000e-28	3.9485000000e-28	0.0000000000e+00
1.5402000000e-27	1.5402000000e-27	0.0000000000e+00
8.1259000000e-27	8.1260000000e-27	-5.3445379544e-06
4.6387000000e-26	4.6387000000e-26	0.0000000000e+00
1.8199000000e-25	1.8199000000e-25	0.0000000000e+00
6.8173000000e-25	6.8173000000e-25	0.0000000000e+00
1.9684000000e-24	1.9684000000e-24	0.0000000000e+00
5.2469000000e-24	5.2469000000e-24	0.0000000000e+00
1.4829000000e-23	1.4829000000e-23	0.0000000000e+00
3.9808000000e-23	3.9808000000e-23	0.0000000000e+00
8.1460000000e-23	8.1460000000e-23	0.0000000000e+00
1.5764000000e-22	1.5764000000e-22	0.0000000000e+00
3.5279000000e-22	3.5279000000e-22	0.0000000000e+00
6.7956000000e-22	6.7956000000e-22	0.0000000000e+00
1.3061000000e-21	1.3061000000e-21	0.0000000000e+00
2.0452000000e-21	2.0452000000e-21	0.0000000000e+00
3.4243000000e-21	3.4243000000e-21	0.0000000000e+00
4.9828000000e-21	4.9828000000e-21	0.0000000000e+00
6.7873000000e-21	6.7873000000e-21	0.0000000000e+00
8.4650000000e-21	8.4650000000e-21	0.0000000000e+00
1.0117000000e-20	1.0117000000e-20	0.0000000000e+00
1.0192000000e-20	1.0192000000e-20	0.0000000000e+00
1.0543000000e-20	1.0543000000e-20	0.0000000000e+00
1.0299000000e-20	1.0299000000e-20	0.0000000000e+00
9.6893000000e-21	9.6893000000e-21	0.0000000000e+00
8.8381000000e-21	8.8381000000e-21	0.0000000000e+00
7.1462000000e-21	7.1462000000e-21	0.0000000000e+00
5.3518000000e-21	5.3518000000e-21	0.0000000000e+00
3.7537000000e-21	3.7537000000e-21	0.0000000000e+00
2.4659000000e-21	2.4659000000e-21	0.0000000000e+00
1.5172000000e-21	1.5172000000e-21	0.0000000000e+00
8.7425000000e-22	8.7425000000e-22	0.0000000000e+00
4.7183000000e-22	4.7183000000e-22	0.0000000000e+00
2.3850000000e-22	2.3850000000e-22	0.0000000000e+00
1.1291000000e-22	1.1291000000e-22	0.0000000000e+00
5.0064000000e-23	5.0064000000e-23	0.0000000000e+00
2.0791000000e-23	2.0791000000e-23	0.0000000000e+00
8.0865000000e-24	8.0865000000e-24	0.0000000000e+00
2.9458000000e-24	2.9458000000e-24	0.0000000000e+00
1.0050000000e-24	1.0050000000e-24	0.0000000000e+00
3.2115000000e-25	3.2115000000e-25	0.0000000000e+00
9.6116000000e-26	9.6116000000e-26	0.0000000000e+00
2.6942000000e-26	2.6942000000e-26	0.0000000000e+00
7.0729000000e-27	7.0729000000e-27	0.0000000000e+00
1.4156000000e-167	0.0000000000e+00	NA
1.9592000000e-161	0.0000000000e+00	NA
1.7826000000e-155	0.0000000000e+00	NA
1.0715000000e-149	0.0000000000e+00	NA
4.2563000000e-144	0.0000000000e+00	NA
1.1190000000e-138	0.0000000000e+00	NA
1.9512000000e-133	0.0000000000e+00	NA
2.2571000000e-128	0.0000000000e+00	NA
1.7326000000e-123	0.0000000000e+00	NA
8.8354000000e-119	0.0000000000e+00	NA
2.9943000000e-114	0.0000000000e+00	NA
6.7464000000e-110	0.0000000000e+00	NA
1.0118000000e-105	0.0000000000e+00	NA
1.0086000000e-101	0.0000000000e+00	NA
6.6621000000e-98	0.0000000000e+00	NA
2.9047000000e-94	0.0000000000e+00	NA
8.4598000000e-91	0.0000000000e+00	NA
1.6485000000e-87	0.0000000000e+00	NA
2.1535000000e-84	0.0000000000e+00	NA
1.8909000000e-81	0.0000000000e+00	NA
1.1199000000e-78	0.0000000000e+00	NA
4.4938000000e-76	0.0000000000e+00	NA
6.1366000000e-74	0.0000000000e+00	NA
4.6374000000e-72	0.0000000000e+00	NA
2.7579000000e-70	0.0000000000e+00	NA
2.7218000000e-68	0.0000000000e+00	NA
1.7813000000e-66	0.0000000000e+00	NA
1.0269000000e-64	0.0000000000e+00	NA
6.2076000000e-63	0.0000000000e+00	NA
2.3340000000e-61	0.0000000000e+00	NA
8.9016000000e-60	0.0000000000e+00	NA
2.4488000000e-58	0.0000000000e+00	NA
8.2147000000e-57	0.0000000000e+00	NA
2.2111000000e-55	0.0000000000e+00	NA
5.5961000000e-54	0.0000000000e+00	NA
1.5606000000e-52	0.0000000000e+00	NA
3.5727000000e-51	0.0000000000e+00	NA
6.3054000000e-50	0.0000000000e+00	NA
1.4262000000e-48	0.0000000000e+00	NA
2.1402000000e-47	0.0000000000e+00	NA
3.5155000000e-46	0.0000000000e+00	NA
5.4039000000e-45	0.0000000000e+00	NA
7.2882000000e-44	4.9045000000e-44	1.7202554300e-01
9.0185000000e-43	8.7021000000e-43	1.5510239944e-02
1.2452000000e-41	1.2410000000e-41	1.4673305117e-03
1.3755000000e-40	1.3751000000e-40	1.2631265468e-04
1.2054000000e-39	1.2054000000e-39	0.0000000000e+00
9.8418000000e-39	9.8417000000e-39	4.4127770154e-06
6.3299000000e-38	6.3300000000e-38	-6.8609464832e-06
6.3748000000e-37	6.3748000000e-37	0.0000000000e+00
6.8511000000e-36	6.8511000000e-36	0.0000000000e+00
5.1048000000e-35	5.1047000000e-35	8.5076542812e-06
4.8840000000e-34	4.8840000000e-34	0.0000000000e+00
1.8433000000e-33	1.8433000000e-33	0.0000000000e+00
8.6793000000e-33	8.6793000000e-33	0.0000000000e+00
5.2995000000e-32	5.2995000000e-32	0.0000000000e+00
2.7862000000e-31	2.7862000000e-31	0.0000000000e+00
1.6012000000e-30	1.6012000000e-30	0.0000000000e+00
9.0018000000e-30	9.0018000000e-30	0.0000000000e+00
3.9279000000e-29	3.9279000000e-29	0.0000000000e+00
1.5095000000e-28	1.5095000000e-28	0.0000000000e+00
9.6907000000e-28	9.6907000000e-28	0.0000000000e+00
5.3917000000e-27	5.3917000000e-27	0.0000000000e+00
1.9707000000e-26	1.9707000000e-26	0.0000000000e+00
5.7370000000e-26	5.7370000000e-26	0.0000000000e+00
1.9149000000e-25	1.9149000000e-25	0.0000000000e+00
5.1715000000e-25	5.1715000000e-25	0.0000000000e+00
1.7172000000e-24	1.7172000000e-24	0.0000000000e+00
4.0154000000e-24	4.0154000000e-24	0.0000000000e+00
9.6106000000e-24	9.6106000000e-24	0.0000000000e+00
2.2278000000e-23	2.2278000000e-23	0.0000000000e+00
4.4817000000e-23	4.4817000000e-23	0.0000000000e+00
8.8403000000e-23	8.8403000000e-23	0.0000000000e+00
1.5846000000e-22	1.5846000000e-22	0.0000000000e+00
2.6839000000e-22	2.6839000000e-22	0.0000000000e+00
4.1995000000e-22	4.1995000000e-22	0.0000000000e+00
6.2022000000e-22	6.2022000000e-22	0.0000000000e+00
8.4194000000e-22	8.4194000000e-22	0.0000000000e+00
1.0921000000e-21	1.0921000000e-21	0.0000000000e+00
1.2928000000e-21	1.2928000000e-21	0.0000000000e+00
1.4749000000e-21	1.4749000000e-21	0.0000000000e+00
1.4972000000e-21	1.4972000000e-21	0.0000000000e+00
1.5773000000e-21	1.5773000000e-21	0.0000000000e+00
1.4503000000e-21	1.4503000000e-21	0.0000000000e+00
1.2827000000e-21	1.2827000000e-21	0.0000000000e+00
1.0452000000e-21	1.0452000000e-21	0.0000000000e+00
7.9766000000e-22	7.9766000000e-22	0.0000000000e+00
5.7014000000e-22	5.7014000000e-22	0.0000000000e+00
3.8167000000e-22	3.8167000000e-22	0.0000000000e+00
2.3929000000e-22	2.3929000000e-22	0.0000000000e+00
1.4052000000e-22	1.4052000000e-22	0.0000000000e+00
7.7279000000e-23	7.7279000000e-23	0.0000000000e+00
3.9806000000e-23	3.9806000000e-23	0.0000000000e+00
1.9203000000e-23	1.9203000000e-23	0.0000000000e+00
8.6766000000e-24	8.6766000000e-24	0.0000000000e+00
3.6717000000e-24	3.6717000000e-24	0.0000000000e+00
1.4553000000e-24	1.4553000000e-24	0.0000000000e+00
5.4020000000e-25	5.4020000000e-25	0.0000000000e+00
1.8781000000e-25	1.8781000000e-25	0.0000000000e+00
6.1153000000e-26	6.1153000000e-26	0.0000000000e+00
1.8649000000e-26	1.8649000000e-26	0.0000000000e+00
3.5441000000e-172	0.0000000000e+00	NA
4.8993000000e-166	0.0000000000e+00	NA
4.4576000000e-160	0.0000000000e+00	NA
2.6742000000e-154	0.0000000000e+00	NA
1.0607000000e-148	0.0000000000e+00	NA
2.7883000000e-143	0.0000000000e+00	NA
4.8639000000e-138	0.0000000000e+00	NA
5.6262000000e-133	0.0000000000e+00	NA
4.3286000000e-128	0.0000000000e+00	NA
2.2155000000e-123	0.0000000000e+00	NA
7.5519000000e-119	0.0000000000e+00	NA
1.7122000000e-114	0.0000000000e+00	NA
2.5874000000e-110	0.0000000000e+00	NA
2.6040000000e-106	0.0000000000e+00	NA
1.7455000000e-102	0.0000000000e+00	NA
7.6846000000e-99	0.0000000000e+00	NA
2.2539000000e-95	0.0000000000e+00	NA
4.4276000000e-92	0.0000000000e+00	NA
5.8386000000e-89	0.0000000000e+00	NA
5.1832000000e-86	0.0000000000e+00	NA
3.1096000000e-83	0.0000000000e+00	NA
7.0537000000e-81	0.0000000000e+00	NA
3.1100000000e-79	0.0000000000e+00	NA
8.5339000000e-77	0.0000000000e+00	NA
7.2089000000e-75	0.0000000000e+00	NA
8.8457000000e-73	0.0000000000e+00	NA
7.7715000000e-71	0.0000000000e+00	NA
5.2283000000e-69	0.0000000000e+00	NA
2.4240000000e-67	0.0000000000e+00	NA
1.5258000000e-65	0.0000000000e+00	NA
4.6112000000e-64	0.0000000000e+00	NA
1.6237000000e-62	0.0000000000e+00	NA
5.5044000000e-61	0.0000000000e+00	NA
1.6816000000e-59	0.0000000000e+00	NA
6.3787000000e-58	0.0000000000e+00	NA
1.5659000000e-56	0.0000000000e+00	NA
3.6211000000e-55	0.0000000000e+00	NA
8.4933000000e-54	0.0000000000e+00	NA
1.9221000000e-52	0.0000000000e+00	NA
4.0767000000e-51	0.0000000000e+00	NA
9.2007000000e-50	0.0000000000e+00	NA
1.4877000000e-48	0.0000000000e+00	NA
2.2715000000e-47	0.0000000000e+00	NA
3.0214000000e-46	0.0000000000e+00	NA
4.2778000000e-45	0.0000000000e+00	NA
6.1332000000e-44	4.4842000000e-44	1.3600215266e-01
6.9370000000e-43	6.5721000000e-43	2.3467531532e-02
8.0887000000e-42	8.0378000000e-42	2.7415325751e-03
7.1853000000e-41	7.1819000000e-41	2.0555171029e-04
7.3804000000e-40	7.3799000000e-40	2.9423147366e-05
7.7383000000e-39	7.7382000000e-39	5.6123087508e-06
7.2036000000e-38	7.2035000000e-38	6.0288952240e-06
5.9351000000e-37	5.9351000000e-37	0.0000000000e+00
3.5391000000e-36	3.5391000000e-36	0.0000000000e+00
1.6753000000e-35	1.6752000000e-35	2.5924159501e-05
1.0814000000e-34	1.0814000000e-34	0.0000000000e+00
7.1496000000e-34	7.1496000000e-34	0.0000000000e+00
4.4483000000e-33	4.4483000000e-33	0.0000000000e+00
4.2521000000e-32	4.2521000000e-32	0.0000000000e+00
2.0282000000e-31	2.0282000000e-31	0.0000000000e+00
5.4637000000e-31	5.4638000000e-31	-7.9486521513e-06
4.0115000000e-30	4.0115000000e-30	0.0000000000e+00
2.2697000000e-29	2.2697000000e-29	0.0000000000e+00
9.2623000000e-29	9.2623000000e-29	0.0000000000e+00
2.9001000000e-28	2.9001000000e-28	0.0000000000e+00
1.5563000000e-27	1.5563000000e-27	0.0000000000e+00
5.5252000000e-27	5.5252000000e-27	0.0000000000e+00
2.0885000000e-26	2.0885000000e-26	0.0000000000e+00
6.4341000000e-26	6.4341000000e-26	0.0000000000e+00
1.6867000000e-25	1.6867000000e-25	0.0000000000e+00
4.6579000000e-25	4.6579000000e-25	0.0000000000e+00
1.0797000000e-24	1.0797000000e-24	0.0000000000e+00
2.4921000000e-24	2.4921000000e-24	0.0000000000e+00
5.2120000000e-24	5.2120000000e-24	0.0000000000e+00
9.8446000000e-24	9.8446000000e-24	0.0000000000e+00
1.8642000000e-23	1.8642000000e-23	0.0000000000e+00
3.1832000000e-23	3.1832000000e-23	0.0000000000e+00
5.0924000000e-23	5.0925000000e-23	-8.5282031619e-06
7.6360000000e-23	7.6360000000e-23	0.0000000000e+00
1.0225000000e-22	1.0225000000e-22	0.0000000000e+00
1.3998000000e-22	1.3998000000e-22	0.0000000000e+00
1.6877000000e-22	1.6877000000e-22	0.0000000000e+00
1.8677000000e-22	1.8677000000e-22	0.0000000000e+00
2.1609000000e-22	2.1609000000e-22	0.0000000000e+00
2.1841000000e-22	2.1841000000e-22	0.0000000000e+00
2.0675000000e-22	2.0675000000e-22	0.0000000000e+00
1.8330000000e-22	1.8330000000e-22	0.0000000000e+00
1.5220000000e-22	1.5220000000e-22	0.0000000000e+00
1.1836000000e-22	1.1836000000e-22	0.0000000000e+00
8.6212000000e-23	8.6212000000e-23	0.0000000000e+00
5.8810000000e-23	5.8810000000e-23	0.0000000000e+00
3.7573000000e-23	3.7573000000e-23	0.0000000000e+00
2.2483000000e-23	2.2483000000e-23	0.0000000000e+00
1.2600000000e-23	1.2600000000e-23	0.0000000000e+00
6.6135000000e-24	6.6135000000e-24	0.0000000000e+00
3.2511000000e-24	3.2511000000e-24	0.0000000000e+00
1.4969000000e-24	1.4969000000e-24	0.0000000000e+00
6.4546000000e-25	6.4546000000e-25	0.0000000000e+00
2.6068000000e-25	2.6068000000e-25	0.0000000000e+00
9.8602000000e-26	9.8602000000e-26	0.0000000000e+00
3.4931000000e-26	3.4931000000e-26	0.0000000000e+00
5.9255000000e-177	0.0000000000e+00	NA
8.1834000000e-171	0.0000000000e+00	NA
7.4312000000e-165	0.0000000000e+00	NA
4.4508000000e-159	0.0000000000e+00	NA
1.7631000000e-153	0.0000000000e+00	NA
4.6264000000e-148	0.0000000000e+00	NA
8.0602000000e-143	0.0000000000e+00	NA
9.3347000000e-138	0.0000000000e+00	NA
7.1947000000e-133	0.0000000000e+00	NA
3.6945000000e-128	0.0000000000e+00	NA
1.2653000000e-123	0.0000000000e+00	NA
2.8935000000e-119	0.0000000000e+00	NA
4.4125000000e-115	0.0000000000e+00	NA
4.4901000000e-111	0.0000000000e+00	NA
3.0470000000e-107	0.0000000000e+00	NA
1.3676000000e-103	0.0000000000e+00	NA
4.0401000000e-100	0.0000000000e+00	NA
8.0032000000e-97	0.0000000000e+00	NA
1.0656000000e-93	0.0000000000e+00	NA
9.5686000000e-91	0.0000000000e+00	NA
5.8186000000e-88	0.0000000000e+00	NA
6.0108000000e-86	0.0000000000e+00	NA
3.1574000000e-84	0.0000000000e+00	NA
7.1821000000e-82	0.0000000000e+00	NA
1.5560000000e-79	0.0000000000e+00	NA
1.9457000000e-77	0.0000000000e+00	NA
1.4059000000e-75	0.0000000000e+00	NA
1.3071000000e-73	0.0000000000e+00	NA
6.4548000000e-72	0.0000000000e+00	NA
3.0265000000e-70	0.0000000000e+00	NA
1.3134000000e-68	0.0000000000e+00	NA
7.9164000000e-67	0.0000000000e+00	NA
2.8178000000e-65	0.0000000000e+00	NA
1.0903000000e-63	0.0000000000e+00	NA
3.5030000000e-62	0.0000000000e+00	NA
1.1361000000e-60	0.0000000000e+00	NA
4.4234000000e-59	0.0000000000e+00	NA
8.7461000000e-58	0.0000000000e+00	NA
2.3484000000e-56	0.0000000000e+00	NA
5.5706000000e-55	0.0000000000e+00	NA
1.6297000000e-53	0.0000000000e+00	NA
2.7159000000e-52	0.0000000000e+00	NA
4.6349000000e-51	0.0000000000e+00	NA
8.4329000000e-50	0.0000000000e+00	NA
1.2442000000e-48	0.0000000000e+00	NA
1.8928000000e-47	0.0000000000e+00	NA
2.6560000000e-46	0.0000000000e+00	NA
4.0075000000e-45	0.0000000000e+00	NA
4.1785000000e-44	2.3822000000e-44	2.4404218620e-01
4.9773000000e-43	4.6103000000e-43	3.3264631459e-02
5.7730000000e-42	5.7327000000e-42	3.0423423511e-03
5.3859000000e-41	5.3799000000e-41	4.8408240190e-04
6.2387000000e-40	6.2384000000e-40	2.0884395348e-05
3.4053000000e-39	3.4053000000e-39	0.0000000000e+00
1.9444000000e-38	1.9443000000e-38	2.2336229691e-05
1.8682000000e-37	1.8682000000e-37	0.0000000000e+00
2.0678000000e-36	2.0678000000e-36	0.0000000000e+00
1.4091000000e-35	1.4091000000e-35	0.0000000000e+00
1.0265000000e-34	1.0265000000e-34	0.0000000000e+00
4.1804000000e-34	4.1804000000e-34	0.0000000000e+00
2.1135000000e-33	2.1135000000e-33	0.0000000000e+00
1.7741000000e-32	1.7741000000e-32	0.0000000000e+00
1.0737000000e-31	1.0737000000e-31	0.0000000000e+00
4.6059000000e-31	4.6059000000e-31	0.0000000000e+00
1.1233000000e-30	1.1233000000e-30	0.0000000000e+00
8.4632000000e-30	8.4632000000e-30	0.0000000000e+00
4.3032000000e-29	4.3032000000e-29	0.0000000000e+00
1.8575000000e-28	1.8575000000e-28	0.0000000000e+00
7.2372000000e-28	7.2372000000e-28	0.0000000000e+00
2.3049000000e-27	2.3049000000e-27	0.0000000000e+00
6.5638000000e-27	6.5638000000e-27	0.0000000000e+00
1.8727000000e-26	1.8727000000e-26	0.0000000000e+00
4.8132000000e-26	4.8132000000e-26	0.0000000000e+00
1.1472000000e-25	1.1472000000e-25	0.0000000000e+00
2.6826000000e-25	2.6826000000e-25	0.0000000000e+00
5.8379000000e-25	5.8379000000e-25	0.0000000000e+00
1.1600000000e-24	1.1600000000e-24	0.0000000000e+00
2.1606000000e-24	2.1606000000e-24	0.0000000000e+00
3.7422000000e-24	3.7422000000e-24	0.0000000000e+00
5.9711000000e-24	5.9711000000e-24	0.0000000000e+00
9.3485000000e-24	9.3485000000e-24	0.0000000000e+00
1.3407000000e-23	1.3407000000e-23	0.0000000000e+00
1.7927000000e-23	1.7927000000e-23	0.0000000000e+00
2.2500000000e-23	2.2500000000e-23	0.0000000000e+00
2.6419000000e-23	2.6419000000e-23	0.0000000000e+00
2.9053000000e-23	2.9053000000e-23	0.0000000000e+00
2.9923000000e-23	2.9923000000e-23	0.0000000000e+00
2.8865000000e-23	2.8865000000e-23	0.0000000000e+00
2.6077000000e-23	2.6077000000e-23	0.0000000000e+00
2.2065000000e-23	2.2065000000e-23	0.0000000000e+00
1.7485000000e-23	1.7485000000e-23	0.0000000000e+00
1.2977000000e-23	1.2977000000e-23	0.0000000000e+00
9.0209000000e-24	9.0209000000e-24	0.0000000000e+00
5.8729000000e-24	5.8729000000e-24	0.0000000000e+00
3.5809000000e-24	3.5809000000e-24	0.0000000000e+00
2.0449000000e-24	2.0449000000e-24	0.0000000000e+00
1.0937000000e-24	1.0937000000e-24	0.0000000000e+00
5.4787000000e-25	5.4787000000e-25	0.0000000000e+00
2.5703000000e-25	2.5703000000e-25	0.0000000000e+00
1.1294000000e-25	1.1294000000e-25	0.0000000000e+00
4.6478000000e-26	4.6478000000e-26	0.0000000000e+00
6.6039000000e-182	0.0000000000e+00	NA
9.1138000000e-176	0.0000000000e+00	NA
8.2616000000e-170	0.0000000000e+00	NA
4.9354000000e-164	0.0000000000e+00	NA
1.9487000000e-158	0.0000000000e+00	NA
5.1050000000e-153	0.0000000000e+00	NA
8.8752000000e-148	0.0000000000e+00	NA
1.0264000000e-142	0.0000000000e+00	NA
7.9133000000e-138	0.0000000000e+00	NA
4.0752000000e-133	0.0000000000e+00	NA
1.4044000000e-128	0.0000000000e+00	NA
3.2393000000e-124	0.0000000000e+00	NA
4.9974000000e-120	0.0000000000e+00	NA
5.1595000000e-116	0.0000000000e+00	NA
3.5534000000e-112	0.0000000000e+00	NA
1.6298000000e-108	0.0000000000e+00	NA
4.8695000000e-105	0.0000000000e+00	NA
9.7296000000e-102	0.0000000000e+00	NA
1.3086000000e-98	0.0000000000e+00	NA
1.1891000000e-95	0.0000000000e+00	NA
7.3346000000e-93	0.0000000000e+00	NA
5.3063000000e-91	0.0000000000e+00	NA
5.5834000000e-89	0.0000000000e+00	NA
6.7540000000e-87	0.0000000000e+00	NA
1.5181000000e-84	0.0000000000e+00	NA
2.5786000000e-82	0.0000000000e+00	NA
2.0436000000e-80	0.0000000000e+00	NA
1.6991000000e-78	0.0000000000e+00	NA
1.8842000000e-76	0.0000000000e+00	NA
6.2145000000e-75	0.0000000000e+00	NA
3.2771000000e-73	0.0000000000e+00	NA
1.4520000000e-71	0.0000000000e+00	NA
8.6620000000e-70	0.0000000000e+00	NA
5.1040000000e-68	0.0000000000e+00	NA
1.4404000000e-66	0.0000000000e+00	NA
6.5189000000e-65	0.0000000000e+00	NA
2.0725000000e-63	0.0000000000e+00	NA
6.5080000000e-62	0.0000000000e+00	NA
1.8800000000e-60	0.0000000000e+00	NA
5.5641000000e-59	0.0000000000e+00	NA
1.3440000000e-57	0.0000000000e+00	NA
4.0186000000e-56	0.0000000000e+00	NA
7.6932000000e-55	0.0000000000e+00	NA
1.4031000000e-53	0.0000000000e+00	NA
2.6642000000e-52	0.0000000000e+00	NA
4.5892000000e-51	0.0000000000e+00	NA
8.0270000000e-50	0.0000000000e+00	NA
1.0903000000e-48	0.0000000000e+00	NA
1.6388000000e-47	0.0000000000e+00	NA
2.0607000000e-46	0.0000000000e+00	NA
2.6211000000e-45	0.0000000000e+00	NA
3.5070000000e-44	0.0000000000e+00	NA
3.6445000000e-43	3.3211000000e-43	4.0356001943e-02
4.2110000000e-42	4.1941000000e-42	1.7464602765e-03
2.5241000000e-41	2.5214000000e-41	4.6480832943e-04
3.2429000000e-40	3.2426000000e-40	4.0178350062e-05
2.1597000000e-39	2.1596000000e-39	2.0109484499e-05
2.2794000000e-38	2.2794000000e-38	0.0000000000e+00
2.0190000000e-37	2.0190000000e-37	0.0000000000e+00
1.1029000000e-36	1.1029000000e-36	0.0000000000e+00
4.3910000000e-36	4.3910000000e-36	0.0000000000e+00
5.6232000000e-35	5.6232000000e-35	0.0000000000e+00
2.5088000000e-34	2.5088000000e-34	0.0000000000e+00
1.5224000000e-33	1.5224000000e-33	0.0000000000e+00
5.3160000000e-33	5.3160000000e-33	0.0000000000e+00
3.2967000000e-32	3.2967000000e-32	0.0000000000e+00
2.4996000000e-31	2.4996000000e-31	0.0000000000e+00
1.3071000000e-30	1.3071000000e-30	0.0000000000e+00
4.1657000000e-30	4.1657000000e-30	0.0000000000e+00
1.6321000000e-29	1.6321000000e-29	0.0000000000e+00
7.0475000000e-29	7.0475000000e-29	0.0000000000e+00
2.0844000000e-28	2.0844000000e-28	0.0000000000e+00
6.3872000000e-28	6.3872000000e-28	0.0000000000e+00
1.6312000000e-27	1.6312000000e-27	0.0000000000e+00
4.7367000000e-27	4.7367000000e-27	0.0000000000e+00
1.2496000000e-26	1.2496000000e-26	0.0000000000e+00
3.0070000000e-26	3.0070000000e-26	0.0000000000e+00
6.2563000000e-26	6.2563000000e-26	0.0000000000e+00
1.2224000000e-25	1.2224000000e-25	0.0000000000e+00
2.4817000000e-25	2.4817000000e-25	0.0000000000e+00
4.4256000000e-25	4.4256000000e-25	0.0000000000e+00
7.3484000000e-25	7.3484000000e-25	0.0000000000e+00
1.1428000000e-24	1.1428000000e-24	0.0000000000e+00
1.6644000000e-24	1.6644000000e-24	0.0000000000e+00
2.2703000000e-24	2.2703000000e-24	0.0000000000e+00
2.9004000000e-24	2.9004000000e-24	0.0000000000e+00
3.4703000000e-24	3.4703000000e-24	0.0000000000e+00
3.8888000000e-24	3.8888000000e-24	0.0000000000e+00
4.0813000000e-24	4.0813000000e-24	0.0000000000e+00
4.0117000000e-24	4.0117000000e-24	0.0000000000e+00
3.6931000000e-24	3.6931000000e-24	0.0000000000e+00
3.1842000000e-24	3.1842000000e-24	0.0000000000e+00
2.5713000000e-24	2.5713000000e-24	0.0000000000e+00
1.9446000000e-24	1.9446000000e-24	0.0000000000e+00
1.3774000000e-24	1.3774000000e-24	0.0000000000e+00
9.1374000000e-25	9.1374000000e-25	0.0000000000e+00
5.6771000000e-25	5.6771000000e-25	0.0000000000e+00
3.3035000000e-25	3.3035000000e-25	0.0000000000e+00
1.8004000000e-25	1.8004000000e-25	0.0000000000e+00
9.1895000000e-26	9.1895000000e-26	0.0000000000e+00
4.3930000000e-26	4.3930000000e-26	0.0000000000e+00
4.9151000000e-187	0.0000000000e+00	NA
6.7794000000e-181	0.0000000000e+00	NA
6.1205000000e-175	0.0000000000e+00	NA
3.6428000000e-169	0.0000000000e+00	NA
1.4321000000e-163	0.0000000000e+00	NA
3.7335000000e-158	0.0000000000e+00	NA
6.4710000000e-153	0.0000000000e+00	NA
7.4588000000e-148	0.0000000000e+00	NA
5.7478000000e-143	0.0000000000e+00	NA
2.9640000000e-138	0.0000000000e+00	NA
1.0266000000e-133	0.0000000000e+00	NA
2.3905000000e-129	0.0000000000e+00	NA
3.7415000000e-125	0.0000000000e+00	NA
3.9308000000e-121	0.0000000000e+00	NA
2.7623000000e-117	0.0000000000e+00	NA
1.2918000000e-113	0.0000000000e+00	NA
3.9442000000e-110	0.0000000000e+00	NA
7.9515000000e-107	0.0000000000e+00	NA
1.0807000000e-103	0.0000000000e+00	NA
9.9435000000e-101	0.0000000000e+00	NA
3.0748000000e-98	0.0000000000e+00	NA
7.9022000000e-96	0.0000000000e+00	NA
4.9113000000e-94	0.0000000000e+00	NA
3.3530000000e-92	0.0000000000e+00	NA
6.5621000000e-90	0.0000000000e+00	NA
2.3258000000e-87	0.0000000000e+00	NA
2.0347000000e-85	0.0000000000e+00	NA
1.6450000000e-83	0.0000000000e+00	NA
1.4074000000e-81	0.0000000000e+00	NA
9.1182000000e-80	0.0000000000e+00	NA
6.5216000000e-78	0.0000000000e+00	NA
3.5177000000e-76	0.0000000000e+00	NA
2.2341000000e-74	0.0000000000e+00	NA
1.3485000000e-72	0.0000000000e+00	NA
4.9418000000e-71	0.0000000000e+00	NA
2.3287000000e-69	0.0000000000e+00	NA
9.7046000000e-68	0.0000000000e+00	NA
3.1066000000e-66	0.0000000000e+00	NA
1.6725000000e-64	0.0000000000e+00	NA
5.0180000000e-63	0.0000000000e+00	NA
1.0988000000e-61	0.0000000000e+00	NA
2.7278000000e-60	0.0000000000e+00	NA
7.3076000000e-59	0.0000000000e+00	NA
1.7934000000e-57	0.0000000000e+00	NA
4.0520000000e-56	0.0000000000e+00	NA
8.2899000000e-55	0.0000000000e+00	NA
1.7401000000e-53	0.0000000000e+00	NA
2.3955000000e-52	0.0000000000e+00	NA
3.8572000000e-51	0.0000000000e+00	NA
5.3728000000e-50	0.0000000000e+00	NA
7.5524000000e-49	0.0000000000e+00	NA
1.2977000000e-47	0.0000000000e+00	NA
1.7766000000e-46	0.0000000000e+00	NA
2.4118000000e-45	0.0000000000e+00	NA
2.6340000000e-44	0.0000000000e+00	NA
3.0547000000e-43	2.8306000000e-43	3.3090062575e-02
2.5185000000e-42	2.4761000000e-42	7.3737750350e-03
2.1724000000e-41	2.1674000000e-41	1.0007250889e-03
1.5938000000e-40	1.5935000000e-40	8.1754679482e-05
2.3443000000e-39	2.3443000000e-39	0.0000000000e+00
1.1419000000e-38	1.1419000000e-38	0.0000000000e+00
8.1038000000e-38	8.1038000000e-38	0.0000000000e+00
8.8617000000e-37	8.8616000000e-37	4.9008309052e-06
2.8278000000e-36	2.8278000000e-36	0.0000000000e+00
1.4239000000e-35	1.4239000000e-35	0.0000000000e+00
1.7134000000e-34	1.7134000000e-34	0.0000000000e+00
1.0774000000e-33	1.0774000000e-33	0.0000000000e+00
5.6845000000e-33	5.6845000000e-33	0.0000000000e+00
2.9301000000e-32	2.9301000000e-32	0.0000000000e+00
1.2979000000e-31	1.2979000000e-31	0.0000000000e+00
4.9471000000e-31	4.9471000000e-31	0.0000000000e+00
1.8833000000e-30	1.8833000000e-30	0.0000000000e+00
6.1935000000e-30	6.1936000000e-30	-7.0120444965e-06
2.1544000000e-29	2.1544000000e-29	0.0000000000e+00
6.7929000000e-29	6.7930000000e-29	-6.3933119176e-06
2.0639000000e-28	2.0639000000e-28	0.0000000000e+00
5.5163000000e-28	5.5162000000e-28	7.8730021649e-06
1.3832000000e-27	1.3832000000e-27	0.0000000000e+00
3.2522000000e-27	3.2521000000e-27	1.3354072904e-05
7.2022000000e-27	7.2022000000e-27	0.0000000000e+00
1.4834000000e-26	1.4834000000e-26	0.0000000000e+00
2.8614000000e-26	2.8614000000e-26	0.0000000000e+00
5.1694000000e-26	5.1694000000e-26	0.0000000000e+00
8.7465000000e-26	8.7465000000e-26	0.0000000000e+00
1.3860000000e-25	1.3860000000e-25	0.0000000000e+00
2.0570000000e-25	2.0570000000e-25	0.0000000000e+00
2.8592000000e-25	2.8591000000e-25	1.5189636149e-05
3.7220000000e-25	3.7220000000e-25	0.0000000000e+00
4.5379000000e-25	4.5379000000e-25	0.0000000000e+00
5.1817000000e-25	5.1817000000e-25	0.0000000000e+00
5.5414000000e-25	5.5414000000e-25	0.0000000000e+00
5.5502000000e-25	5.5502000000e-25	0.0000000000e+00
5.2064000000e-25	5.2064000000e-25	0.0000000000e+00
4.5741000000e-25	4.5741000000e-25	0.0000000000e+00
3.7637000000e-25	3.7637000000e-25	0.0000000000e+00
2.9004000000e-25	2.9004000000e-25	0.0000000000e+00
2.0933000000e-25	2.0933000000e-25	0.0000000000e+00
1.4150000000e-25	1.4150000000e-25	0.0000000000e+00
8.9583000000e-26	8.9583000000e-26	0.0000000000e+00
5.3117000000e-26	5.3117000000e-26	0.0000000000e+00
2.9497000000e-26	2.9497000000e-26	0.0000000000e+00
2.4450000000e-192	0.0000000000e+00	NA
3.3623000000e-186	0.0000000000e+00	NA
3.0229000000e-180	0.0000000000e+00	NA
1.7901000000e-174	0.0000000000e+00	NA
6.9975000000e-169	0.0000000000e+00	NA
1.8131000000e-163	0.0000000000e+00	NA
3.1189000000e-158	0.0000000000e+00	NA
3.5788000000e-153	0.0000000000e+00	NA
2.7455000000e-148	0.0000000000e+00	NA
1.4138000000e-143	0.0000000000e+00	NA
4.9057000000e-139	0.0000000000e+00	NA
1.1532000000e-134	0.0000000000e+00	NA
1.8338000000e-130	0.0000000000e+00	NA
1.9690000000e-126	0.0000000000e+00	NA
1.4206000000e-122	0.0000000000e+00	NA
6.8254000000e-119	0.0000000000e+00	NA
2.1459000000e-115	0.0000000000e+00	NA
4.3665000000e-112	0.0000000000e+00	NA
6.0005000000e-109	0.0000000000e+00	NA
5.5945000000e-106	0.0000000000e+00	NA
1.2220000000e-103	0.0000000000e+00	NA
3.0340000000e-101	0.0000000000e+00	NA
7.2136000000e-99	0.0000000000e+00	NA
2.8977000000e-97	0.0000000000e+00	NA
3.1955000000e-95	0.0000000000e+00	NA
5.3467000000e-93	0.0000000000e+00	NA
1.4737000000e-90	0.0000000000e+00	NA
1.8004000000e-88	0.0000000000e+00	NA
1.2111000000e-86	0.0000000000e+00	NA
1.1498000000e-84	0.0000000000e+00	NA
8.4556000000e-83	0.0000000000e+00	NA
4.7462000000e-81	0.0000000000e+00	NA
2.8560000000e-79	0.0000000000e+00	NA
2.1347000000e-77	0.0000000000e+00	NA
1.7383000000e-75	0.0000000000e+00	NA
5.3470000000e-74	0.0000000000e+00	NA
3.3016000000e-72	0.0000000000e+00	NA
1.3634000000e-70	0.0000000000e+00	NA
5.2033000000e-69	0.0000000000e+00	NA
2.0638000000e-67	0.0000000000e+00	NA
8.8081000000e-66	0.0000000000e+00	NA
2.4480000000e-64	0.0000000000e+00	NA
7.7368000000e-63	0.0000000000e+00	NA
2.0178000000e-61	0.0000000000e+00	NA
4.1425000000e-60	0.0000000000e+00	NA
1.1367000000e-58	0.0000000000e+00	NA
2.2362000000e-57	0.0000000000e+00	NA
2.2544000000e-56	0.0000000000e+00	NA
4.7218000000e-55	0.0000000000e+00	NA
1.5124000000e-53	0.0000000000e+00	NA
1.7343000000e-52	0.0000000000e+00	NA
2.7951000000e-51	0.0000000000e+00	NA
5.5083000000e-50	0.0000000000e+00	NA
1.0651000000e-48	0.0000000000e+00	NA
9.1474000000e-48	0.0000000000e+00	NA
7.1771000000e-47	0.0000000000e+00	NA
1.9923000000e-45	0.0000000000e+00	NA
2.2592000000e-44	0.0000000000e+00	NA
1.4207000000e-43	1.1070000000e-43	1.0835475958e-01
1.3962000000e-42	1.3733000000e-42	7.1822136130e-03
2.1446000000e-41	2.1409000000e-41	7.4991948772e-04
1.2498000000e-40	1.2494000000e-40	1.3901872139e-04
1.7250000000e-39	1.7250000000e-39	0.0000000000e+00
6.0269000000e-39	6.0268000000e-39	7.2059945397e-06
4.4804000000e-38	4.4803000000e-38	9.6933159669e-06
2.9931000000e-37	2.9931000000e-37	0.0000000000e+00
3.3987000000e-36	3.3987000000e-36	0.0000000000e+00
1.8713000000e-35	1.8713000000e-35	0.0000000000e+00
9.7677000000e-35	9.7677000000e-35	0.0000000000e+00
5.7466000000e-34	5.7466000000e-34	0.0000000000e+00
2.8254000000e-33	2.8254000000e-33	0.0000000000e+00
1.1194000000e-32	1.1194000000e-32	0.0000000000e+00
4.3346000000e-32	4.3346000000e-32	0.0000000000e+00
1.8505000000e-31	1.8505000000e-31	0.0000000000e+00
5.9574000000e-31	5.9574000000e-31	0.0000000000e+00
2.2675000000e-30	2.2675000000e-30	0.0000000000e+00
5.5722000000e-30	5.5722000000e-30	0.0000000000e+00
2.0958000000e-29	2.0958000000e-29	0.0000000000e+00
5.7277000000e-29	5.7277000000e-29	0.0000000000e+00
1.4763000000e-28	1.4763000000e-28	0.0000000000e+00
3.5324000000e-28	3.5324000000e-28	0.0000000000e+00
7.9159000000e-28	7.9159000000e-28	0.0000000000e+00
1.6613000000e-27	1.6613000000e-27	0.0000000000e+00
3.2655000000e-27	3.2655000000e-27	0.0000000000e+00
6.0113000000e-27	6.0113000000e-27	0.0000000000e+00
1.0364000000e-26	1.0364000000e-26	0.0000000000e+00
1.6735000000e-26	1.6735000000e-26	0.0000000000e+00
2.5308000000e-26	2.5308000000e-26	0.0000000000e+00
3.5844000000e-26	3.5844000000e-26	0.0000000000e+00
4.7547000000e-26	4.7547000000e-26	0.0000000000e+00
5.9069000000e-26	5.9069000000e-26	0.0000000000e+00
6.8728000000e-26	6.8728000000e-26	0.0000000000e+00
7.4893000000e-26	7.4893000000e-26	0.0000000000e+00
7.6435000000e-26	7.6434000000e-26	5.6819169604e-06
7.3059000000e-26	7.3059000000e-26	0.0000000000e+00
6.5403000000e-26	6.5403000000e-26	0.0000000000e+00
5.4835000000e-26	5.4835000000e-26	0.0000000000e+00
4.3058000000e-26	4.3058000000e-26	0.0000000000e+00
3.1666000000e-26	3.1666000000e-26	0.0000000000e+00
2.1810000000e-26	2.1810000000e-26	0.0000000000e+00
1.4069000000e-26	1.4069000000e-26	0.0000000000e+00
8.1157000000e-198	0.0000000000e+00	NA
1.1141000000e-191	0.0000000000e+00	NA
9.9721000000e-186	0.0000000000e+00	NA
5.8596000000e-180	0.0000000000e+00	NA
2.2740000000e-174	0.0000000000e+00	NA
5.8397000000e-169	0.0000000000e+00	NA
9.9537000000e-164	0.0000000000e+00	NA
1.1304000000e-158	0.0000000000e+00	NA
8.5847000000e-154	0.0000000000e+00	NA
4.3919000000e-149	0.0000000000e+00	NA
1.5209000000e-144	0.0000000000e+00	NA
3.5883000000e-140	0.0000000000e+00	NA
5.7851000000e-136	0.0000000000e+00	NA
6.3692000000e-132	0.0000000000e+00	NA
4.7654000000e-128	0.0000000000e+00	NA
2.3879000000e-124	0.0000000000e+00	NA
7.8391000000e-121	0.0000000000e+00	NA
1.6107000000e-117	0.0000000000e+00	NA
2.2394000000e-114	0.0000000000e+00	NA
2.1176000000e-111	0.0000000000e+00	NA
3.8815000000e-109	0.0000000000e+00	NA
4.0223000000e-107	0.0000000000e+00	NA
2.8540000000e-105	0.0000000000e+00	NA
6.0565000000e-103	0.0000000000e+00	NA
2.0747000000e-100	0.0000000000e+00	NA
6.2576000000e-98	0.0000000000e+00	NA
7.0163000000e-96	0.0000000000e+00	NA
6.9074000000e-94	0.0000000000e+00	NA
8.9345000000e-92	0.0000000000e+00	NA
8.0064000000e-90	0.0000000000e+00	NA
6.8628000000e-88	0.0000000000e+00	NA
6.9770000000e-86	0.0000000000e+00	NA
5.6344000000e-84	0.0000000000e+00	NA
2.3815000000e-82	0.0000000000e+00	NA
1.9795000000e-80	0.0000000000e+00	NA
1.3451000000e-78	0.0000000000e+00	NA
5.6429000000e-77	0.0000000000e+00	NA
3.4327000000e-75	0.0000000000e+00	NA
1.5179000000e-73	0.0000000000e+00	NA
5.9306000000e-72	0.0000000000e+00	NA
2.3659000000e-70	0.0000000000e+00	NA
9.1873000000e-69	0.0000000000e+00	NA
3.5079000000e-67	0.0000000000e+00	NA
1.2989000000e-65	0.0000000000e+00	NA
3.3634000000e-64	0.0000000000e+00	NA
1.0181000000e-62	0.0000000000e+00	NA
2.1789000000e-61	0.0000000000e+00	NA
3.9194000000e-60	0.0000000000e+00	NA
1.1755000000e-58	0.0000000000e+00	NA
2.8842000000e-57	0.0000000000e+00	NA
3.4454000000e-56	0.0000000000e+00	NA
7.7750000000e-55	0.0000000000e+00	NA
1.7419000000e-53	0.0000000000e+00	NA
3.9405000000e-52	0.0000000000e+00	NA
2.6278000000e-51	0.0000000000e+00	NA
5.2364000000e-50	0.0000000000e+00	NA
8.6913000000e-49	0.0000000000e+00	NA
1.1730000000e-47	0.0000000000e+00	NA
1.5591000000e-46	0.0000000000e+00	NA
1.1955000000e-45	0.0000000000e+00	NA
1.8354000000e-44	0.0000000000e+00	NA
1.0163000000e-43	7.4269000000e-44	1.3621434921e-01
1.5201000000e-42	1.4980000000e-42	6.3603456469e-03
8.1199000000e-42	8.0911000000e-42	1.5431119903e-03
1.1983000000e-40	1.1978000000e-40	1.8125056893e-04
7.6135000000e-40	7.6131000000e-40	2.2817673388e-05
6.9412000000e-39	6.9412000000e-39	0.0000000000e+00
4.1964000000e-38	4.1964000000e-38	0.0000000000e+00
2.8060000000e-37	2.8060000000e-37	0.0000000000e+00
1.7344000000e-36	1.7344000000e-36	0.0000000000e+00
1.0538000000e-35	1.0538000000e-35	0.0000000000e+00
5.1547000000e-35	5.1547000000e-35	0.0000000000e+00
2.6009000000e-34	2.6009000000e-34	0.0000000000e+00
9.5601000000e-34	9.5601000000e-34	0.0000000000e+00
4.5640000000e-33	4.5640000000e-33	0.0000000000e+00
1.7633000000e-32	1.7633000000e-32	0.0000000000e+00
6.3842000000e-32	6.3842000000e-32	0.0000000000e+00
1.8654000000e-31	1.8654000000e-31	0.0000000000e+00
7.2443000000e-31	7.2443000000e-31	0.0000000000e+00
2.1437000000e-30	2.1437000000e-30	0.0000000000e+00
5.9764000000e-30	5.9764000000e-30	0.0000000000e+00
1.5558000000e-29	1.5558000000e-29	0.0000000000e+00
3.7932000000e-29	3.7932000000e-29	0.0000000000e+00
8.6614000000e-29	8.6614000000e-29	0.0000000000e+00
1.8523000000e-28	1.8523000000e-28	0.0000000000e+00
3.7098000000e-28	3.7098000000e-28	0.0000000000e+00
6.9588000000e-28	6.9588000000e-28	0.0000000000e+00
1.2225000000e-27	1.2225000000e-27	0.0000000000e+00
2.0114000000e-27	2.0114000000e-27	0.0000000000e+00
3.0995000000e-27	3.0995000000e-27	0.0000000000e+00
4.4731000000e-27	4.4731000000e-27	0.0000000000e+00
6.0459000000e-27	6.0459000000e-27	0.0000000000e+00
7.6534000000e-27	7.6534000000e-27	0.0000000000e+00
9.0736000000e-27	9.0736000000e-27	0.0000000000e+00
1.0075000000e-26	1.0075000000e-26	0.0000000000e+00
1.0477000000e-26	1.0477000000e-26	0.0000000000e+00
1.0204000000e-26	1.0204000000e-26	0.0000000000e+00
9.3077000000e-27	9.3077000000e-27	0.0000000000e+00
7.9516000000e-27	7.9516000000e-27	0.0000000000e+00
6.3621000000e-27	6.3621000000e-27	0.0000000000e+00
4.7674000000e-27	4.7674000000e-27	0.0000000000e+00
1.8041000000e-203	0.0000000000e+00	NA
2.4652000000e-197	0.0000000000e+00	NA
2.1935000000e-191	0.0000000000e+00	NA
1.2799000000e-185	0.0000000000e+00	NA
4.9163000000e-180	0.0000000000e+00	NA
1.2475000000e-174	0.0000000000e+00	NA
2.0981000000e-169	0.0000000000e+00	NA
2.3458000000e-164	0.0000000000e+00	NA
1.7543000000e-159	0.0000000000e+00	NA
8.8256000000e-155	0.0000000000e+00	NA
3.0184000000e-150	0.0000000000e+00	NA
7.0711000000e-146	0.0000000000e+00	NA
1.1451000000e-141	0.0000000000e+00	NA
1.2876000000e-137	0.0000000000e+00	NA
1.0080000000e-133	0.0000000000e+00	NA
5.4279000000e-130	0.0000000000e+00	NA
1.9134000000e-126	0.0000000000e+00	NA
3.9903000000e-123	0.0000000000e+00	NA
5.6167000000e-120	0.0000000000e+00	NA
5.1485000000e-117	0.0000000000e+00	NA
1.9028000000e-114	0.0000000000e+00	NA
3.6428000000e-112	0.0000000000e+00	NA
1.3403000000e-110	0.0000000000e+00	NA
1.4094000000e-108	0.0000000000e+00	NA
7.9993000000e-106	0.0000000000e+00	NA
1.2550000000e-103	0.0000000000e+00	NA
2.6217000000e-101	0.0000000000e+00	NA
5.3780000000e-99	0.0000000000e+00	NA
6.2995000000e-97	0.0000000000e+00	NA
3.8515000000e-95	0.0000000000e+00	NA
3.5748000000e-93	0.0000000000e+00	NA
4.3015000000e-91	0.0000000000e+00	NA
3.9281000000e-89	0.0000000000e+00	NA
2.5387000000e-87	0.0000000000e+00	NA
2.8214000000e-85	0.0000000000e+00	NA
1.8687000000e-83	0.0000000000e+00	NA
1.3759000000e-81	0.0000000000e+00	NA
9.4537000000e-80	0.0000000000e+00	NA
4.6760000000e-78	0.0000000000e+00	NA
2.0335000000e-76	0.0000000000e+00	NA
9.8374000000e-75	0.0000000000e+00	NA
2.9655000000e-73	0.0000000000e+00	NA
1.2369000000e-71	0.0000000000e+00	NA
6.0103000000e-70	0.0000000000e+00	NA
2.1743000000e-68	0.0000000000e+00	NA
5.6387000000e-67	0.0000000000e+00	NA
1.8224000000e-65	0.0000000000e+00	NA
4.4621000000e-64	0.0000000000e+00	NA
1.2499000000e-62	0.0000000000e+00	NA
3.7561000000e-61	0.0000000000e+00	NA
7.4635000000e-60	0.0000000000e+00	NA
1.2523000000e-58	0.0000000000e+00	NA
2.9610000000e-57	0.0000000000e+00	NA
8.2559000000e-56	0.0000000000e+00	NA
8.7273000000e-55	0.0000000000e+00	NA
1.6988000000e-53	0.0000000000e+00	NA
3.0934000000e-52	0.0000000000e+00	NA
3.3564000000e-51	0.0000000000e+00	NA
6.3875000000e-50	0.0000000000e+00	NA
9.6499000000e-49	0.0000000000e+00	NA
1.2000000000e-47	0.0000000000e+00	NA
8.5356000000e-47	0.0000000000e+00	NA
9.1328000000e-46	0.0000000000e+00	NA
1.4147000000e-44	0.0000000000e+00	NA
1.2171000000e-43	9.9492000000e-44	8.7538101231e-02
1.1291000000e-42	1.0916000000e-42	1.4668880405e-02
4.5328000000e-42	4.4968000000e-42	3.4629848915e-03
4.2445000000e-41	4.2398000000e-41	4.8116739713e-04
5.1479000000e-40	5.1474000000e-40	4.2183761740e-05
4.2842000000e-39	4.2841000000e-39	1.0137238003e-05
2.6393000000e-38	2.6393000000e-38	0.0000000000e+00
1.7004000000e-37	1.7004000000e-37	0.0000000000e+00
9.2524000000e-37	9.2524000000e-37	0.0000000000e+00
4.8012000000e-36	4.8012000000e-36	0.0000000000e+00
2.3344000000e-35	2.3344000000e-35	0.0000000000e+00
1.0506000000e-34	1.0506000000e-34	0.0000000000e+00
4.1072000000e-34	4.1072000000e-34	0.0000000000e+00
1.4755000000e-33	1.4755000000e-33	0.0000000000e+00
6.4524000000e-33	6.4524000000e-33	0.0000000000e+00
2.2247000000e-32	2.2247000000e-32	0.0000000000e+00
7.1837000000e-32	7.1837000000e-32	0.0000000000e+00
2.1725000000e-31	2.1725000000e-31	0.0000000000e+00
6.1532000000e-31	6.1532000000e-31	0.0000000000e+00
1.6322000000e-30	1.6322000000e-30	0.0000000000e+00
4.0548000000e-30	4.0548000000e-30	0.0000000000e+00
9.4343000000e-30	9.4343000000e-30	0.0000000000e+00
2.0558000000e-29	2.0558000000e-29	0.0000000000e+00
4.1954000000e-29	4.1954000000e-29	0.0000000000e+00
8.0188000000e-29	8.0188000000e-29	0.0000000000e+00
1.4354000000e-28	1.4354000000e-28	0.0000000000e+00
2.4065000000e-28	2.4065000000e-28	0.0000000000e+00
3.7784000000e-28	3.7784000000e-28	0.0000000000e+00
5.5562000000e-28	5.5562000000e-28	0.0000000000e+00
7.6521000000e-28	7.6521000000e-28	0.0000000000e+00
9.8700000000e-28	9.8700000000e-28	0.0000000000e+00
1.1923000000e-27	1.1923000000e-27	0.0000000000e+00
1.3490000000e-27	1.3490000000e-27	0.0000000000e+00
1.4294000000e-27	1.4294000000e-27	0.0000000000e+00
1.4185000000e-27	1.4185000000e-27	0.0000000000e+00
1.3184000000e-27	1.3184000000e-27	0.0000000000e+00
1.1476000000e-27	1.1476000000e-27	0.0000000000e+00
2.6859000000e-209	0.0000000000e+00	NA
3.6621000000e-203	0.0000000000e+00	NA
3.2375000000e-197	0.0000000000e+00	NA
1.8698000000e-191	0.0000000000e+00	NA
7.1029000000e-186	0.0000000000e+00	NA
1.7747000000e-180	0.0000000000e+00	NA
2.9309000000e-175	0.0000000000e+00	NA
3.2063000000e-170	0.0000000000e+00	NA
2.3365000000e-165	0.0000000000e+00	NA
1.1427000000e-160	0.0000000000e+00	NA
3.7926000000e-156	0.0000000000e+00	NA
8.6326000000e-152	0.0000000000e+00	NA
1.3678000000e-147	0.0000000000e+00	NA
1.5311000000e-143	0.0000000000e+00	NA
1.2466000000e-139	0.0000000000e+00	NA
7.5684000000e-136	0.0000000000e+00	NA
3.1328000000e-132	0.0000000000e+00	NA
6.6379000000e-129	0.0000000000e+00	NA
9.4682000000e-126	0.0000000000e+00	NA
3.7502000000e-123	0.0000000000e+00	NA
1.1452000000e-121	0.0000000000e+00	NA
3.1975000000e-118	0.0000000000e+00	NA
4.6655000000e-116	0.0000000000e+00	NA
6.2816000000e-114	0.0000000000e+00	NA
1.3943000000e-111	0.0000000000e+00	NA
3.3039000000e-109	0.0000000000e+00	NA
6.1391000000e-107	0.0000000000e+00	NA
7.2402000000e-105	0.0000000000e+00	NA
1.5502000000e-102	0.0000000000e+00	NA
2.1906000000e-100	0.0000000000e+00	NA
2.8889000000e-98	0.0000000000e+00	NA
2.3254000000e-96	0.0000000000e+00	NA
1.6851000000e-94	0.0000000000e+00	NA
1.8949000000e-92	0.0000000000e+00	NA
2.4555000000e-90	0.0000000000e+00	NA
2.2411000000e-88	0.0000000000e+00	NA
1.0291000000e-86	0.0000000000e+00	NA
8.9355000000e-85	0.0000000000e+00	NA
5.7637000000e-83	0.0000000000e+00	NA
4.1646000000e-81	0.0000000000e+00	NA
2.4060000000e-79	0.0000000000e+00	NA
8.6403000000e-78	0.0000000000e+00	NA
4.9403000000e-76	0.0000000000e+00	NA
1.9644000000e-74	0.0000000000e+00	NA
5.6271000000e-73	0.0000000000e+00	NA
1.5938000000e-71	0.0000000000e+00	NA
6.5144000000e-70	0.0000000000e+00	NA
2.7299000000e-68	0.0000000000e+00	NA
8.8640000000e-67	0.0000000000e+00	NA
3.0367000000e-65	0.0000000000e+00	NA
6.7389000000e-64	0.0000000000e+00	NA
1.8529000000e-62	0.0000000000e+00	NA
5.3770000000e-61	0.0000000000e+00	NA
1.0468000000e-59	0.0000000000e+00	NA
1.9279000000e-58	0.0000000000e+00	NA
1.9865000000e-57	0.0000000000e+00	NA
4.1946000000e-56	0.0000000000e+00	NA
5.0595000000e-55	0.0000000000e+00	NA
2.2185000000e-53	0.0000000000e+00	NA
3.7298000000e-52	0.0000000000e+00	NA
3.3841000000e-51	0.0000000000e+00	NA
3.9038000000e-50	0.0000000000e+00	NA
6.2568000000e-49	0.0000000000e+00	NA
1.1484000000e-47	0.0000000000e+00	NA
1.0032000000e-46	0.0000000000e+00	NA
4.7676000000e-46	0.0000000000e+00	NA
8.1922000000e-45	0.0000000000e+00	NA
5.5810000000e-44	4.4842000000e-44	9.5027048175e-02
8.0015000000e-43	7.7071000000e-43	1.6280415559e-02
7.1825000000e-42	7.1396000000e-42	2.6017537924e-03
4.6912000000e-41	4.6878000000e-41	3.1487393180e-04
3.8326000000e-40	3.8322000000e-40	4.5328721668e-05
2.4563000000e-39	2.4563000000e-39	0.0000000000e+00
1.3230000000e-38	1.3230000000e-38	0.0000000000e+00
6.6677000000e-38	6.6676000000e-38	6.5134564938e-06
3.9938000000e-37	3.9938000000e-37	0.0000000000e+00
2.0603000000e-36	2.0603000000e-36	0.0000000000e+00
8.9963000000e-36	8.9963000000e-36	0.0000000000e+00
4.0832000000e-35	4.0832000000e-35	0.0000000000e+00
1.6311000000e-34	1.6311000000e-34	0.0000000000e+00
6.1349000000e-34	6.1349000000e-34	0.0000000000e+00
2.1553000000e-33	2.1553000000e-33	0.0000000000e+00
7.0914000000e-33	7.0914000000e-33	0.0000000000e+00
2.1852000000e-32	2.1852000000e-32	0.0000000000e+00
6.3064000000e-32	6.3064000000e-32	0.0000000000e+00
1.7045000000e-31	1.7045000000e-31	0.0000000000e+00
4.3147000000e-31	4.3147000000e-31	0.0000000000e+00
1.0229000000e-30	1.0229000000e-30	0.0000000000e+00
2.2711000000e-30	2.2711000000e-30	0.0000000000e+00
4.7227000000e-30	4.7227000000e-30	0.0000000000e+00
9.1975000000e-30	9.1975000000e-30	0.0000000000e+00
1.6776000000e-29	1.6776000000e-29	0.0000000000e+00
2.8656000000e-29	2.8656000000e-29	0.0000000000e+00
4.5846000000e-29	4.5846000000e-29	0.0000000000e+00
6.8693000000e-29	6.8693000000e-29	0.0000000000e+00
9.6395000000e-29	9.6395000000e-29	0.0000000000e+00
1.2669000000e-28	1.2669000000e-28	0.0000000000e+00
1.5594000000e-28	1.5594000000e-28	0.0000000000e+00
1.7976000000e-28	1.7976000000e-28	0.0000000000e+00
1.9408000000e-28	1.9408000000e-28	0.0000000000e+00
1.9624000000e-28	1.9624000000e-28	0.0000000000e+00
2.6897000000e-215	0.0000000000e+00	NA
3.6476000000e-209	0.0000000000e+00	NA
3.2023000000e-203	0.0000000000e+00	NA
1.8341000000e-197	0.0000000000e+00	NA
6.8653000000e-192	0.0000000000e+00	NA
1.6890000000e-186	0.0000000000e+00	NA
2.7277000000e-181	0.0000000000e+00	NA
2.9035000000e-176	0.0000000000e+00	NA
2.0397000000e-171	0.0000000000e+00	NA
9.5372000000e-167	0.0000000000e+00	NA
2.9954000000e-162	0.0000000000e+00	NA
6.3715000000e-158	0.0000000000e+00	NA
9.3606000000e-154	0.0000000000e+00	NA
9.7578000000e-150	0.0000000000e+00	NA
7.6323000000e-146	0.0000000000e+00	NA
5.0644000000e-142	0.0000000000e+00	NA
3.4923000000e-138	0.0000000000e+00	NA
6.7865000000e-135	0.0000000000e+00	NA
2.6175000000e-132	0.0000000000e+00	NA
4.6300000000e-130	0.0000000000e+00	NA
1.7771000000e-128	0.0000000000e+00	NA
4.2292000000e-125	0.0000000000e+00	NA
3.6716000000e-123	0.0000000000e+00	NA
2.8456000000e-120	0.0000000000e+00	NA
3.6304000000e-117	0.0000000000e+00	NA
2.3934000000e-115	0.0000000000e+00	NA
9.0905000000e-113	0.0000000000e+00	NA
1.6608000000e-110	0.0000000000e+00	NA
3.7937000000e-108	0.0000000000e+00	NA
8.6947000000e-106	0.0000000000e+00	NA
1.0440000000e-103	0.0000000000e+00	NA
6.7023000000e-102	0.0000000000e+00	NA
8.8608000000e-100	0.0000000000e+00	NA
9.2434000000e-98	0.0000000000e+00	NA
9.1177000000e-96	0.0000000000e+00	NA
1.0341000000e-93	0.0000000000e+00	NA
9.3224000000e-92	0.0000000000e+00	NA
6.9189000000e-90	0.0000000000e+00	NA
5.2307000000e-88	0.0000000000e+00	NA
4.3912000000e-86	0.0000000000e+00	NA
3.7470000000e-84	0.0000000000e+00	NA
1.9202000000e-82	0.0000000000e+00	NA
1.1462000000e-80	0.0000000000e+00	NA
4.4774000000e-79	0.0000000000e+00	NA
1.8556000000e-77	0.0000000000e+00	NA
5.6501000000e-76	0.0000000000e+00	NA
1.4886000000e-74	0.0000000000e+00	NA
7.8012000000e-73	0.0000000000e+00	NA
4.1611000000e-71	0.0000000000e+00	NA
1.9179000000e-69	0.0000000000e+00	NA
5.0780000000e-68	0.0000000000e+00	NA
1.4550000000e-66	0.0000000000e+00	NA
3.9211000000e-65	0.0000000000e+00	NA
1.1274000000e-63	0.0000000000e+00	NA
2.3840000000e-62	0.0000000000e+00	NA
3.7014000000e-61	0.0000000000e+00	NA
6.9577000000e-60	0.0000000000e+00	NA
2.2314000000e-58	0.0000000000e+00	NA
3.0384000000e-57	0.0000000000e+00	NA
1.0380000000e-55	0.0000000000e+00	NA
1.8115000000e-54	0.0000000000e+00	NA
2.2159000000e-53	0.0000000000e+00	NA
2.5779000000e-52	0.0000000000e+00	NA
4.9440000000e-51	0.0000000000e+00	NA
5.6602000000e-50	0.0000000000e+00	NA
3.0230000000e-49	0.0000000000e+00	NA
3.1603000000e-48	0.0000000000e+00	NA
6.8913000000e-47	0.0000000000e+00	NA
8.0116000000e-46	0.0000000000e+00	NA
8.7492000000e-45	0.0000000000e+00	NA
6.4351000000e-44	5.1848000000e-44	9.3823291686e-02
4.6059000000e-43	4.4281000000e-43	1.7097084629e-02
2.7645000000e-42	2.7493000000e-42	2.3944622029e-03
2.0449000000e-41	2.0430000000e-41	4.0370829768e-04
2.0125000000e-40	2.0121000000e-40	8.6327979592e-05
1.0949000000e-39	1.0948000000e-39	3.9667030388e-05
6.9532000000e-39	6.9532000000e-39	0.0000000000e+00
3.6953000000e-38	3.6953000000e-38	0.0000000000e+00
1.8359000000e-37	1.8359000000e-37	0.0000000000e+00
8.5139000000e-37	8.5139000000e-37	0.0000000000e+00
3.7224000000e-36	3.7224000000e-36	0.0000000000e+00
1.5192000000e-35	1.5192000000e-35	0.0000000000e+00
5.8065000000e-35	5.8065000000e-35	0.0000000000e+00
2.0785000000e-34	2.0785000000e-34	0.0000000000e+00
6.9683000000e-34	6.9683000000e-34	0.0000000000e+00
2.1879000000e-33	2.1879000000e-33	0.0000000000e+00
6.4336000000e-33	6.4336000000e-33	0.0000000000e+00
1.7718000000e-32	1.7718000000e-32	0.0000000000e+00
4.5699000000e-32	4.5699000000e-32	0.0000000000e+00
1.1039000000e-31	1.1039000000e-31	0.0000000000e+00
2.4974000000e-31	2.4974000000e-31	0.0000000000e+00
5.2914000000e-31	5.2914000000e-31	0.0000000000e+00
1.0500000000e-30	1.0500000000e-30	0.0000000000e+00
1.9514000000e-30	1.9514000000e-30	0.0000000000e+00
3.3964000000e-30	3.3964000000e-30	0.0000000000e+00
5.5365000000e-30	5.5365000000e-30	0.0000000000e+00
8.4524000000e-30	8.4524000000e-30	0.0000000000e+00
1.2085000000e-29	1.2085000000e-29	0.0000000000e+00
1.6184000000e-29	1.6184000000e-29	0.0000000000e+00
2.0297000000e-29	2.0297000000e-29	0.0000000000e+00
2.3840000000e-29	2.3840000000e-29	0.0000000000e+00
1.8125000000e-221	0.0000000000e+00	NA
2.4510000000e-215	0.0000000000e+00	NA
2.1352000000e-209	0.0000000000e+00	NA
1.2101000000e-203	0.0000000000e+00	NA
4.4762000000e-198	0.0000000000e+00	NA
1.0798000000e-192	0.0000000000e+00	NA
1.7020000000e-187	0.0000000000e+00	NA
1.7540000000e-182	0.0000000000e+00	NA
1.1796000000e-177	0.0000000000e+00	NA
5.1656000000e-173	0.0000000000e+00	NA
1.4820000000e-168	0.0000000000e+00	NA
2.8198000000e-164	0.0000000000e+00	NA
3.5979000000e-160	0.0000000000e+00	NA
3.1230000000e-156	0.0000000000e+00	NA
1.8945000000e-152	0.0000000000e+00	NA
8.6415000000e-149	0.0000000000e+00	NA
2.7918000000e-145	0.0000000000e+00	NA
3.8156000000e-142	0.0000000000e+00	NA
3.1415000000e-139	0.0000000000e+00	NA
1.1210000000e-137	0.0000000000e+00	NA
2.6703000000e-135	0.0000000000e+00	NA
7.3207000000e-132	0.0000000000e+00	NA
6.9176000000e-129	0.0000000000e+00	NA
1.4465000000e-126	0.0000000000e+00	NA
1.2536000000e-123	0.0000000000e+00	NA
8.5963000000e-121	0.0000000000e+00	NA
1.5123000000e-118	0.0000000000e+00	NA
3.0120000000e-116	0.0000000000e+00	NA
5.0473000000e-114	0.0000000000e+00	NA
5.9413000000e-112	0.0000000000e+00	NA
1.1334000000e-109	0.0000000000e+00	NA
1.9327000000e-107	0.0000000000e+00	NA
2.5281000000e-105	0.0000000000e+00	NA
6.3237000000e-103	0.0000000000e+00	NA
5.9148000000e-101	0.0000000000e+00	NA
4.6048000000e-99	0.0000000000e+00	NA
5.6820000000e-97	0.0000000000e+00	NA
6.0208000000e-95	0.0000000000e+00	NA
6.0016000000e-93	0.0000000000e+00	NA
5.2930000000e-91	0.0000000000e+00	NA
3.9890000000e-89	0.0000000000e+00	NA
1.6105000000e-87	0.0000000000e+00	NA
1.3757000000e-85	0.0000000000e+00	NA
5.6844000000e-84	0.0000000000e+00	NA
3.0627000000e-82	0.0000000000e+00	NA
1.5715000000e-80	0.0000000000e+00	NA
1.1221000000e-78	0.0000000000e+00	NA
4.1271000000e-77	0.0000000000e+00	NA
1.8590000000e-75	0.0000000000e+00	NA
6.6556000000e-74	0.0000000000e+00	NA
2.5044000000e-72	0.0000000000e+00	NA
8.6736000000e-71	0.0000000000e+00	NA
3.4604000000e-69	0.0000000000e+00	NA
6.8259000000e-68	0.0000000000e+00	NA
2.0960000000e-66	0.0000000000e+00	NA
4.6058000000e-65	0.0000000000e+00	NA
6.7614000000e-64	0.0000000000e+00	NA
2.3661000000e-62	0.0000000000e+00	NA
6.1252000000e-61	0.0000000000e+00	NA
1.1997000000e-59	0.0000000000e+00	NA
3.7168000000e-58	0.0000000000e+00	NA
4.1143000000e-57	0.0000000000e+00	NA
1.0563000000e-55	0.0000000000e+00	NA
1.7615000000e-54	0.0000000000e+00	NA
1.6278000000e-53	0.0000000000e+00	NA
1.7873000000e-52	0.0000000000e+00	NA
3.1591000000e-51	0.0000000000e+00	NA
4.8961000000e-50	0.0000000000e+00	NA
6.1186000000e-49	0.0000000000e+00	NA
7.1990000000e-48	0.0000000000e+00	NA
6.7540000000e-47	0.0000000000e+00	NA
4.3915000000e-46	0.0000000000e+00	NA
5.1890000000e-45	0.0000000000e+00	NA
4.5708000000e-44	3.7835000000e-44	8.2098480405e-02
3.4950000000e-43	3.3911000000e-43	1.3106583224e-02
2.2649000000e-42	2.2337000000e-42	6.0241875685e-03
1.6181000000e-41	1.6140000000e-41	1.1018274997e-03
1.0162000000e-40	1.0157000000e-40	2.1373812228e-04
5.8648000000e-40	5.8644000000e-40	2.9621422233e-05
2.7254000000e-39	2.7253000000e-39	1.5935365437e-05
1.6047000000e-38	1.6047000000e-38	0.0000000000e+00
7.6078000000e-38	7.6078000000e-38	0.0000000000e+00
3.3779000000e-37	3.3779000000e-37	0.0000000000e+00
1.4047000000e-36	1.4047000000e-36	0.0000000000e+00
5.4704000000e-36	5.4704000000e-36	0.0000000000e+00
1.9952000000e-35	1.9952000000e-35	0.0000000000e+00
6.8156000000e-35	6.8156000000e-35	0.0000000000e+00
2.1804000000e-34	2.1804000000e-34	0.0000000000e+00
6.5329000000e-34	6.5329000000e-34	0.0000000000e+00
1.8332000000e-33	1.8332000000e-33	0.0000000000e+00
4.8176000000e-33	4.8176000000e-33	0.0000000000e+00
1.1857000000e-32	1.1857000000e-32	0.0000000000e+00
2.7332000000e-32	2.7332000000e-32	0.0000000000e+00
5.9006000000e-32	5.9006000000e-32	0.0000000000e+00
1.1930000000e-31	1.1930000000e-31	0.0000000000e+00
2.2591000000e-31	2.2591000000e-31	0.0000000000e+00
4.0064000000e-31	4.0064000000e-31	0.0000000000e+00
6.6542000000e-31	6.6542000000e-31	0.0000000000e+00
1.0351000000e-30	1.0351000000e-30	0.0000000000e+00
1.5080000000e-30	1.5080000000e-30	0.0000000000e+00
2.0575000000e-30	2.0575000000e-30	0.0000000000e+00
8.2362000000e-228	0.0000000000e+00	NA
1.1117000000e-221	0.0000000000e+00	NA
9.6182000000e-216	0.0000000000e+00	NA
5.4041000000e-210	0.0000000000e+00	NA
1.9732000000e-204	0.0000000000e+00	NA
4.6790000000e-199	0.0000000000e+00	NA
7.2019000000e-194	0.0000000000e+00	NA
7.1641000000e-189	0.0000000000e+00	NA
4.5787000000e-184	0.0000000000e+00	NA
1.8574000000e-179	0.0000000000e+00	NA
4.8009000000e-175	0.0000000000e+00	NA
7.9213000000e-171	0.0000000000e+00	NA
8.3008000000e-167	0.0000000000e+00	NA
5.4568000000e-163	0.0000000000e+00	NA
2.1794000000e-159	0.0000000000e+00	NA
5.4660000000e-156	0.0000000000e+00	NA
7.9008000000e-153	0.0000000000e+00	NA
6.6833000000e-150	0.0000000000e+00	NA
4.8469000000e-147	0.0000000000e+00	NA
4.8711000000e-144	0.0000000000e+00	NA
7.8892000000e-142	0.0000000000e+00	NA
5.5777000000e-139	0.0000000000e+00	NA
7.4963000000e-135	0.0000000000e+00	NA
1.5289000000e-132	0.0000000000e+00	NA
5.3136000000e-130	0.0000000000e+00	NA
1.3902000000e-127	0.0000000000e+00	NA
2.3996000000e-124	0.0000000000e+00	NA
2.5535000000e-122	0.0000000000e+00	NA
8.2612000000e-120	0.0000000000e+00	NA
1.2445000000e-117	0.0000000000e+00	NA
4.1901000000e-115	0.0000000000e+00	NA
6.0441000000e-113	0.0000000000e+00	NA
5.1983000000e-111	0.0000000000e+00	NA
1.1448000000e-108	0.0000000000e+00	NA
2.0944000000e-106	0.0000000000e+00	NA
2.1036000000e-104	0.0000000000e+00	NA
2.6083000000e-102	0.0000000000e+00	NA
3.0720000000e-100	0.0000000000e+00	NA
4.2713000000e-98	0.0000000000e+00	NA
2.9417000000e-96	0.0000000000e+00	NA
2.5764000000e-94	0.0000000000e+00	NA
1.6828000000e-92	0.0000000000e+00	NA
1.7136000000e-90	0.0000000000e+00	NA
8.7951000000e-89	0.0000000000e+00	NA
4.5446000000e-87	0.0000000000e+00	NA
3.0017000000e-85	0.0000000000e+00	NA
1.9624000000e-83	0.0000000000e+00	NA
9.1545000000e-82	0.0000000000e+00	NA
4.7089000000e-80	0.0000000000e+00	NA
2.5614000000e-78	0.0000000000e+00	NA
8.3693000000e-77	0.0000000000e+00	NA
3.2899000000e-75	0.0000000000e+00	NA
1.3276000000e-73	0.0000000000e+00	NA
4.6300000000e-72	0.0000000000e+00	NA
1.3361000000e-70	0.0000000000e+00	NA
4.4189000000e-69	0.0000000000e+00	NA
7.9996000000e-68	0.0000000000e+00	NA
3.7079000000e-66	0.0000000000e+00	NA
8.1620000000e-65	0.0000000000e+00	NA
1.6948000000e-63	0.0000000000e+00	NA
5.7060000000e-62	0.0000000000e+00	NA
1.2680000000e-60	0.0000000000e+00	NA
2.4011000000e-59	0.0000000000e+00	NA
3.0973000000e-58	0.0000000000e+00	NA
5.8146000000e-57	0.0000000000e+00	NA
9.6774000000e-56	0.0000000000e+00	NA
1.5950000000e-54	0.0000000000e+00	NA
1.8117000000e-53	0.0000000000e+00	NA
2.7503000000e-52	0.0000000000e+00	NA
4.2636000000e-51	0.0000000000e+00	NA
4.7968000000e-50	0.0000000000e+00	NA
4.9309000000e-49	0.0000000000e+00	NA
5.2171000000e-48	0.0000000000e+00	NA
4.6896000000e-47	0.0000000000e+00	NA
2.8897000000e-46	0.0000000000e+00	NA
3.5728000000e-45	0.0000000000e+00	NA
2.6569000000e-44	0.0000000000e+00	NA
1.9846000000e-43	1.6816000000e-43	7.1950288335e-02
1.3312000000e-42	1.2962000000e-42	1.1571291830e-02
6.4820000000e-42	6.4600000000e-42	1.4765087011e-03
4.9151000000e-41	4.9135000000e-41	1.4139779362e-04
2.7069000000e-40	2.7064000000e-40	8.0227307398e-05
1.3962000000e-39	1.3961000000e-39	3.1106577523e-05
6.7443000000e-39	6.7442000000e-39	6.4394778057e-06
3.0511000000e-38	3.0511000000e-38	0.0000000000e+00
1.2927000000e-37	1.2927000000e-37	0.0000000000e+00
5.1297000000e-37	5.1297000000e-37	0.0000000000e+00
1.9064000000e-36	1.9064000000e-36	0.0000000000e+00
6.6350000000e-36	6.6350000000e-36	0.0000000000e+00
2.1628000000e-35	2.1628000000e-35	0.0000000000e+00
6.6025000000e-35	6.6025000000e-35	0.0000000000e+00
1.8877000000e-34	1.8877000000e-34	0.0000000000e+00
5.0547000000e-34	5.0547000000e-34	0.0000000000e+00
1.2676000000e-33	1.2676000000e-33	0.0000000000e+00
2.9772000000e-33	2.9772000000e-33	0.0000000000e+00
6.5487000000e-33	6.5487000000e-33	0.0000000000e+00
1.3491000000e-32	1.3491000000e-32	0.0000000000e+00
2.6029000000e-32	2.6029000000e-32	0.0000000000e+00
4.7032000000e-32	4.7032000000e-32	0.0000000000e+00
7.9593000000e-32	7.9593000000e-32	0.0000000000e+00
1.2615000000e-31	1.2615000000e-31	0.0000000000e+00
2.5334000000e-234	0.0000000000e+00	NA
3.4123000000e-228	0.0000000000e+00	NA
2.9433000000e-222	0.0000000000e+00	NA
1.6405000000e-216	0.0000000000e+00	NA
5.9314000000e-211	0.0000000000e+00	NA
1.3863000000e-205	0.0000000000e+00	NA
2.0877000000e-200	0.0000000000e+00	NA
2.0148000000e-195	0.0000000000e+00	NA
1.2243000000e-190	0.0000000000e+00	NA
4.6356000000e-186	0.0000000000e+00	NA
1.0809000000e-181	0.0000000000e+00	NA
1.5348000000e-177	0.0000000000e+00	NA
1.3018000000e-173	0.0000000000e+00	NA
6.4783000000e-170	0.0000000000e+00	NA
1.7813000000e-166	0.0000000000e+00	NA
2.5783000000e-163	0.0000000000e+00	NA
1.8085000000e-160	0.0000000000e+00	NA
7.3985000000e-157	0.0000000000e+00	NA
2.1205000000e-153	0.0000000000e+00	NA
1.7270000000e-149	0.0000000000e+00	NA
4.2953000000e-147	0.0000000000e+00	NA
1.1569000000e-143	0.0000000000e+00	NA
9.8287000000e-141	0.0000000000e+00	NA
2.3797000000e-138	0.0000000000e+00	NA
3.6326000000e-136	0.0000000000e+00	NA
2.6565000000e-133	0.0000000000e+00	NA
4.5650000000e-131	0.0000000000e+00	NA
2.4296000000e-128	0.0000000000e+00	NA
1.2263000000e-125	0.0000000000e+00	NA
1.2863000000e-123	0.0000000000e+00	NA
3.3078000000e-121	0.0000000000e+00	NA
9.1324000000e-119	0.0000000000e+00	NA
1.9986000000e-116	0.0000000000e+00	NA
1.6865000000e-114	0.0000000000e+00	NA
4.1200000000e-112	0.0000000000e+00	NA
4.6725000000e-110	0.0000000000e+00	NA
1.0226000000e-107	0.0000000000e+00	NA
8.0152000000e-106	0.0000000000e+00	NA
1.2266000000e-103	0.0000000000e+00	NA
1.1396000000e-101	0.0000000000e+00	NA
1.7524000000e-99	0.0000000000e+00	NA
1.6037000000e-97	0.0000000000e+00	NA
6.8060000000e-96	0.0000000000e+00	NA
7.2116000000e-94	0.0000000000e+00	NA
5.5189000000e-92	0.0000000000e+00	NA
3.3587000000e-90	0.0000000000e+00	NA
2.3445000000e-88	0.0000000000e+00	NA
1.6048000000e-86	0.0000000000e+00	NA
8.1007000000e-85	0.0000000000e+00	NA
4.3940000000e-83	0.0000000000e+00	NA
2.0955000000e-81	0.0000000000e+00	NA
9.3580000000e-80	0.0000000000e+00	NA
5.2172000000e-78	0.0000000000e+00	NA
1.5338000000e-76	0.0000000000e+00	NA
7.5611000000e-75	0.0000000000e+00	NA
2.6631000000e-73	0.0000000000e+00	NA
8.2837000000e-72	0.0000000000e+00	NA
2.8327000000e-70	0.0000000000e+00	NA
7.4807000000e-69	0.0000000000e+00	NA
1.5797000000e-67	0.0000000000e+00	NA
5.7318000000e-66	0.0000000000e+00	NA
1.7863000000e-64	0.0000000000e+00	NA
3.2066000000e-63	0.0000000000e+00	NA
7.1728000000e-62	0.0000000000e+00	NA
1.4344000000e-60	0.0000000000e+00	NA
1.6793000000e-59	0.0000000000e+00	NA
4.3889000000e-58	0.0000000000e+00	NA
3.8086000000e-57	0.0000000000e+00	NA
6.7923000000e-56	0.0000000000e+00	NA
1.5946000000e-54	0.0000000000e+00	NA
1.2816000000e-53	0.0000000000e+00	NA
2.5316000000e-52	0.0000000000e+00	NA
3.0795000000e-51	0.0000000000e+00	NA
2.9887000000e-50	0.0000000000e+00	NA
3.8909000000e-49	0.0000000000e+00	NA
3.6767000000e-48	0.0000000000e+00	NA
3.0534000000e-47	0.0000000000e+00	NA
2.7564000000e-46	0.0000000000e+00	NA
2.1467000000e-45	0.0000000000e+00	NA
1.3350000000e-44	0.0000000000e+00	NA
1.0696000000e-43	9.2486000000e-44	6.3145397546e-02
6.8430000000e-43	6.6422000000e-43	1.2934591711e-02
4.1000000000e-42	4.0848000000e-42	1.6130592596e-03
2.3007000000e-41	2.2974000000e-41	6.2337575796e-04
1.2091000000e-40	1.2089000000e-40	7.1843586914e-05
5.9508000000e-40	5.9506000000e-40	1.4596416621e-05
2.7430000000e-39	2.7430000000e-39	0.0000000000e+00
1.1842000000e-38	1.1842000000e-38	0.0000000000e+00
4.7876000000e-38	4.7876000000e-38	0.0000000000e+00
1.8128000000e-37	1.8128000000e-37	0.0000000000e+00
6.4287000000e-37	6.4287000000e-37	0.0000000000e+00
2.1351000000e-36	2.1351000000e-36	0.0000000000e+00
6.6412000000e-36	6.6412000000e-36	0.0000000000e+00
1.9346000000e-35	1.9346000000e-35	0.0000000000e+00
5.2782000000e-35	5.2782000000e-35	0.0000000000e+00
1.3487000000e-34	1.3487000000e-34	0.0000000000e+00
3.2274000000e-34	3.2274000000e-34	0.0000000000e+00
7.2331000000e-34	7.2331000000e-34	0.0000000000e+00
1.5182000000e-33	1.5182000000e-33	0.0000000000e+00
2.9845000000e-33	2.9845000000e-33	0.0000000000e+00
5.4947000000e-33	5.4947000000e-33	0.0000000000e+00
5.2804000000e-241	0.0000000000e+00	NA
7.1057000000e-235	0.0000000000e+00	NA
6.1175000000e-229	0.0000000000e+00	NA
3.3956000000e-223	0.0000000000e+00	NA
1.2200000000e-217	0.0000000000e+00	NA
2.8232000000e-212	0.0000000000e+00	NA
4.1940000000e-207	0.0000000000e+00	NA
3.9663000000e-202	0.0000000000e+00	NA
2.3301000000e-197	0.0000000000e+00	NA
8.3737000000e-193	0.0000000000e+00	NA
1.8081000000e-188	0.0000000000e+00	NA
2.2846000000e-184	0.0000000000e+00	NA
1.6598000000e-180	0.0000000000e+00	NA
6.7886000000e-177	0.0000000000e+00	NA
1.4915000000e-173	0.0000000000e+00	NA
1.8631000000e-170	0.0000000000e+00	NA
1.6620000000e-167	0.0000000000e+00	NA
1.2545000000e-163	0.0000000000e+00	NA
4.3554000000e-160	0.0000000000e+00	NA
7.2231000000e-157	0.0000000000e+00	NA
2.9414000000e-154	0.0000000000e+00	NA
5.0075000000e-151	0.0000000000e+00	NA
3.5442000000e-148	0.0000000000e+00	NA
6.3317000000e-145	0.0000000000e+00	NA
1.0764000000e-141	0.0000000000e+00	NA
4.9677000000e-139	0.0000000000e+00	NA
7.5741000000e-137	0.0000000000e+00	NA
1.6066000000e-134	0.0000000000e+00	NA
3.7772000000e-132	0.0000000000e+00	NA
2.0238000000e-129	0.0000000000e+00	NA
5.2434000000e-127	0.0000000000e+00	NA
1.1669000000e-124	0.0000000000e+00	NA
1.7160000000e-122	0.0000000000e+00	NA
2.9762000000e-120	0.0000000000e+00	NA
8.0922000000e-118	0.0000000000e+00	NA
7.8437000000e-116	0.0000000000e+00	NA
1.1438000000e-113	0.0000000000e+00	NA
2.2156000000e-111	0.0000000000e+00	NA
2.8301000000e-109	0.0000000000e+00	NA
3.4051000000e-107	0.0000000000e+00	NA
5.0224000000e-105	0.0000000000e+00	NA
7.5082000000e-103	0.0000000000e+00	NA
6.0994000000e-101	0.0000000000e+00	NA
4.1540000000e-99	0.0000000000e+00	NA
4.1992000000e-97	0.0000000000e+00	NA
2.9366000000e-95	0.0000000000e+00	NA
2.1948000000e-93	0.0000000000e+00	NA
1.6939000000e-91	0.0000000000e+00	NA
1.2370000000e-89	0.0000000000e+00	NA
7.2977000000e-88	0.0000000000e+00	NA
5.0959000000e-86	0.0000000000e+00	NA
1.9385000000e-84	0.0000000000e+00	NA
1.0519000000e-82	0.0000000000e+00	NA
6.3235000000e-81	0.0000000000e+00	NA
2.4862000000e-79	0.0000000000e+00	NA
8.5252000000e-78	0.0000000000e+00	NA
3.6179000000e-76	0.0000000000e+00	NA
8.2660000000e-75	0.0000000000e+00	NA
2.5933000000e-73	0.0000000000e+00	NA
8.7971000000e-72	0.0000000000e+00	NA
2.9197000000e-70	0.0000000000e+00	NA
1.5280000000e-68	0.0000000000e+00	NA
3.5273000000e-67	0.0000000000e+00	NA
9.1053000000e-66	0.0000000000e+00	NA
2.1803000000e-64	0.0000000000e+00	NA
3.4238000000e-63	0.0000000000e+00	NA
7.7560000000e-62	0.0000000000e+00	NA
1.3317000000e-60	0.0000000000e+00	NA
2.2427000000e-59	0.0000000000e+00	NA
4.1407000000e-58	0.0000000000e+00	NA
6.7027000000e-57	0.0000000000e+00	NA
1.0283000000e-55	0.0000000000e+00	NA
1.4266000000e-54	0.0000000000e+00	NA
1.7007000000e-53	0.0000000000e+00	NA
2.4201000000e-52	0.0000000000e+00	NA
2.2585000000e-51	0.0000000000e+00	NA
2.8145000000e-50	0.0000000000e+00	NA
2.7133000000e-49	0.0000000000e+00	NA
2.4598000000e-48	0.0000000000e+00	NA
2.0842000000e-47	0.0000000000e+00	NA
1.6479000000e-46	0.0000000000e+00	NA
1.2291000000e-45	0.0000000000e+00	NA
8.5545000000e-45	0.0000000000e+00	NA
5.5762000000e-44	4.7644000000e-44	6.8330126116e-02
3.4041000000e-43	3.1950000000e-43	2.7531447088e-02
1.9462000000e-42	1.9184000000e-42	6.2483024660e-03
1.0421000000e-41	1.0389000000e-41	1.3356496276e-03
5.2260000000e-41	5.2231000000e-41	2.4106459501e-04
2.4544000000e-40	2.4543000000e-40	1.7694887932e-05
1.0796000000e-39	1.0795000000e-39	4.0229214229e-05
4.4471000000e-39	4.4471000000e-39	0.0000000000e+00
1.7157000000e-38	1.7157000000e-38	0.0000000000e+00
6.1992000000e-38	6.1991000000e-38	7.0057101685e-06
2.0977000000e-37	2.0977000000e-37	0.0000000000e+00
6.6482000000e-37	6.6481000000e-37	6.5325614181e-06
1.9732000000e-36	1.9732000000e-36	0.0000000000e+00
5.4851000000e-36	5.4851000000e-36	0.0000000000e+00
1.4280000000e-35	1.4280000000e-35	0.0000000000e+00
3.4817000000e-35	3.4817000000e-35	0.0000000000e+00
7.9505000000e-35	7.9505000000e-35	0.0000000000e+00
1.7003000000e-34	1.7003000000e-34	0.0000000000e+00
7.4657000000e-248	0.0000000000e+00	NA
1.0051000000e-241	0.0000000000e+00	NA
8.6621000000e-236	0.0000000000e+00	NA
4.8085000000e-230	0.0000000000e+00	NA
1.7265000000e-224	0.0000000000e+00	NA
3.9878000000e-219	0.0000000000e+00	NA
5.8973000000e-214	0.0000000000e+00	NA
5.5267000000e-209	0.0000000000e+00	NA
3.2148000000e-204	0.0000000000e+00	NA
1.1330000000e-199	0.0000000000e+00	NA
2.3796000000e-195	0.0000000000e+00	NA
2.8890000000e-191	0.0000000000e+00	NA
1.9930000000e-187	0.0000000000e+00	NA
7.6594000000e-184	0.0000000000e+00	NA
1.5709000000e-180	0.0000000000e+00	NA
1.9080000000e-177	0.0000000000e+00	NA
3.8906000000e-174	0.0000000000e+00	NA
1.9347000000e-170	0.0000000000e+00	NA
5.0388000000e-167	0.0000000000e+00	NA
5.9136000000e-164	0.0000000000e+00	NA
1.1039000000e-161	0.0000000000e+00	NA
1.4191000000e-158	0.0000000000e+00	NA
5.8140000000e-155	0.0000000000e+00	NA
3.2835000000e-153	0.0000000000e+00	NA
1.9911000000e-149	0.0000000000e+00	NA
1.3461000000e-146	0.0000000000e+00	NA
2.3580000000e-143	0.0000000000e+00	NA
1.3536000000e-140	0.0000000000e+00	NA
1.2844000000e-138	0.0000000000e+00	NA
5.4026000000e-136	0.0000000000e+00	NA
1.7612000000e-133	0.0000000000e+00	NA
3.1966000000e-131	0.0000000000e+00	NA
8.4523000000e-129	0.0000000000e+00	NA
2.5972000000e-126	0.0000000000e+00	NA
5.0231000000e-124	0.0000000000e+00	NA
8.5167000000e-122	0.0000000000e+00	NA
1.8712000000e-119	0.0000000000e+00	NA
1.6728000000e-117	0.0000000000e+00	NA
4.2657000000e-115	0.0000000000e+00	NA
7.4212000000e-113	0.0000000000e+00	NA
1.0475000000e-110	0.0000000000e+00	NA
1.5309000000e-108	0.0000000000e+00	NA
3.4341000000e-106	0.0000000000e+00	NA
1.6449000000e-104	0.0000000000e+00	NA
1.2548000000e-102	0.0000000000e+00	NA
1.5844000000e-100	0.0000000000e+00	NA
1.9320000000e-98	0.0000000000e+00	NA
1.3326000000e-96	0.0000000000e+00	NA
1.2541000000e-94	0.0000000000e+00	NA
7.5557000000e-93	0.0000000000e+00	NA
4.5778000000e-91	0.0000000000e+00	NA
3.7489000000e-89	0.0000000000e+00	NA
2.0071000000e-87	0.0000000000e+00	NA
1.2288000000e-85	0.0000000000e+00	NA
5.2600000000e-84	0.0000000000e+00	NA
1.5938000000e-82	0.0000000000e+00	NA
4.8901000000e-81	0.0000000000e+00	NA
1.1774000000e-79	0.0000000000e+00	NA
3.6517000000e-78	0.0000000000e+00	NA
8.7794000000e-77	0.0000000000e+00	NA
2.9500000000e-75	0.0000000000e+00	NA
5.5247000000e-73	0.0000000000e+00	NA
3.1017000000e-71	0.0000000000e+00	NA
7.6389000000e-70	0.0000000000e+00	NA
2.3624000000e-68	0.0000000000e+00	NA
4.9216000000e-67	0.0000000000e+00	NA
1.1322000000e-65	0.0000000000e+00	NA
2.3857000000e-64	0.0000000000e+00	NA
2.6254000000e-63	0.0000000000e+00	NA
5.7912000000e-62	0.0000000000e+00	NA
1.5584000000e-60	0.0000000000e+00	NA
2.6044000000e-59	0.0000000000e+00	NA
5.1673000000e-58	0.0000000000e+00	NA
7.5317000000e-57	0.0000000000e+00	NA
8.1680000000e-56	0.0000000000e+00	NA
1.3941000000e-54	0.0000000000e+00	NA
1.6981000000e-53	0.0000000000e+00	NA
1.9055000000e-52	0.0000000000e+00	NA
2.0004000000e-51	0.0000000000e+00	NA
1.9711000000e-50	0.0000000000e+00	NA
1.8164000000e-49	0.0000000000e+00	NA
1.5685000000e-48	0.0000000000e+00	NA
1.2681000000e-47	0.0000000000e+00	NA
9.6023000000e-47	0.0000000000e+00	NA
6.8094000000e-46	0.0000000000e+00	NA
4.5224000000e-45	0.0000000000e+00	NA
2.8129000000e-44	0.0000000000e+00	NA
1.6386000000e-43	1.4574000000e-43	5.0894185335e-02
8.9395000000e-43	8.7021000000e-43	1.1689159045e-02
4.5675000000e-42	4.5542000000e-42	1.2664570645e-03
2.1856000000e-41	2.1831000000e-41	4.9705236032e-04
9.7950000000e-41	9.7931000000e-41	8.4251103293e-05
4.1111000000e-40	4.1109000000e-40	2.1128410702e-05
1.6160000000e-39	1.6160000000e-39	0.0000000000e+00
5.9491000000e-39	5.9490000000e-39	7.3002325063e-06
2.0511000000e-38	2.0511000000e-38	0.0000000000e+00
6.6230000000e-38	6.6230000000e-38	0.0000000000e+00
2.0029000000e-37	2.0029000000e-37	0.0000000000e+00
5.6726000000e-37	5.6726000000e-37	0.0000000000e+00
1.5047000000e-36	1.5047000000e-36	0.0000000000e+00
3.7379000000e-36	3.7379000000e-36	0.0000000000e+00
7.1554000000e-255	0.0000000000e+00	NA
9.6689000000e-249	0.0000000000e+00	NA
8.3544000000e-243	0.0000000000e+00	NA
4.6604000000e-237	0.0000000000e+00	NA
1.6797000000e-231	0.0000000000e+00	NA
3.9022000000e-226	0.0000000000e+00	NA
5.8037000000e-221	0.0000000000e+00	NA
5.4925000000e-216	0.0000000000e+00	NA
3.2500000000e-211	0.0000000000e+00	NA
1.1692000000e-206	0.0000000000e+00	NA
2.5325000000e-202	0.0000000000e+00	NA
3.2426000000e-198	0.0000000000e+00	NA
2.4165000000e-194	0.0000000000e+00	NA
1.0515000000e-190	0.0000000000e+00	NA
2.5811000000e-187	0.0000000000e+00	NA
3.4762000000e-184	0.0000000000e+00	NA
3.9412000000e-181	0.0000000000e+00	NA
2.4644000000e-176	0.0000000000e+00	NA
4.2256000000e-174	0.0000000000e+00	NA
3.6148000000e-171	0.0000000000e+00	NA
1.4998000000e-168	0.0000000000e+00	NA
9.9625000000e-167	0.0000000000e+00	NA
5.3912000000e-163	0.0000000000e+00	NA
5.3066000000e-161	0.0000000000e+00	NA
2.1328000000e-157	0.0000000000e+00	NA
2.3883000000e-153	0.0000000000e+00	NA
1.2458000000e-149	0.0000000000e+00	NA
3.7483000000e-147	0.0000000000e+00	NA
7.7245000000e-145	0.0000000000e+00	NA
3.2512000000e-142	0.0000000000e+00	NA
1.2730000000e-139	0.0000000000e+00	NA
1.6568000000e-137	0.0000000000e+00	NA
5.0155000000e-135	0.0000000000e+00	NA
1.1595000000e-132	0.0000000000e+00	NA
2.8979000000e-130	0.0000000000e+00	NA
7.3467000000e-128	0.0000000000e+00	NA
1.8084000000e-125	0.0000000000e+00	NA
3.5656000000e-123	0.0000000000e+00	NA
9.3128000000e-121	0.0000000000e+00	NA
1.3192000000e-118	0.0000000000e+00	NA
1.8594000000e-116	0.0000000000e+00	NA
5.2093000000e-114	0.0000000000e+00	NA
5.8196000000e-112	0.0000000000e+00	NA
7.2609000000e-110	0.0000000000e+00	NA
5.8874000000e-108	0.0000000000e+00	NA
2.9774000000e-106	0.0000000000e+00	NA
7.5199000000e-104	0.0000000000e+00	NA
1.1392000000e-101	0.0000000000e+00	NA
9.0862000000e-100	0.0000000000e+00	NA
5.7076000000e-98	0.0000000000e+00	NA
5.0615000000e-96	0.0000000000e+00	NA
3.4025000000e-94	0.0000000000e+00	NA
2.8786000000e-92	0.0000000000e+00	NA
1.1080000000e-90	0.0000000000e+00	NA
3.1185000000e-89	0.0000000000e+00	NA
4.1411000000e-87	0.0000000000e+00	NA
3.8911000000e-86	0.0000000000e+00	NA
4.2929000000e-84	0.0000000000e+00	NA
3.5629000000e-82	0.0000000000e+00	NA
1.3647000000e-80	0.0000000000e+00	NA
3.3839000000e-79	0.0000000000e+00	NA
2.7021000000e-77	0.0000000000e+00	NA
1.3939000000e-75	0.0000000000e+00	NA
4.8174000000e-74	0.0000000000e+00	NA
1.5704000000e-72	0.0000000000e+00	NA
4.7396000000e-71	0.0000000000e+00	NA
8.9033000000e-70	0.0000000000e+00	NA
2.0194000000e-68	0.0000000000e+00	NA
4.6069000000e-67	0.0000000000e+00	NA
7.3014000000e-66	0.0000000000e+00	NA
2.6944000000e-64	0.0000000000e+00	NA
4.6846000000e-63	0.0000000000e+00	NA
8.4623000000e-62	0.0000000000e+00	NA
8.3513000000e-61	0.0000000000e+00	NA
2.5328000000e-59	0.0000000000e+00	NA
3.1120000000e-58	0.0000000000e+00	NA
5.3244000000e-57	0.0000000000e+00	NA
9.4890000000e-56	0.0000000000e+00	NA
1.1584000000e-54	0.0000000000e+00	NA
1.3245000000e-53	0.0000000000e+00	NA
1.4128000000e-52	0.0000000000e+00	NA
1.4203000000e-51	0.0000000000e+00	NA
1.3357000000e-50	0.0000000000e+00	NA
1.1748000000e-49	0.0000000000e+00	NA
9.6777000000e-49	0.0000000000e+00	NA
7.4662000000e-48	0.0000000000e+00	NA
5.3945000000e-47	0.0000000000e+00	NA
3.6503000000e-46	0.0000000000e+00	NA
2.3133000000e-45	0.0000000000e+00	NA
1.3730000000e-44	0.0000000000e+00	NA
7.6317000000e-44	5.8855000000e-44	1.1283792600e-01
3.9729000000e-43	3.7975000000e-43	1.9609851236e-02
1.9370000000e-42	1.9128000000e-42	5.4600576114e-03
8.8442000000e-42	8.8254000000e-42	9.2415666916e-04
3.7821000000e-41	3.7801000000e-41	2.2971859619e-04
1.5147000000e-40	1.5145000000e-40	5.7347746274e-05
5.6814000000e-40	5.6811000000e-40	2.2933041954e-05
1.9958000000e-39	1.9958000000e-39	0.0000000000e+00
6.5660000000e-39	6.5659000000e-39	6.6143434219e-06
2.0231000000e-38	2.0231000000e-38	0.0000000000e+00
5.8379000000e-38	5.8379000000e-38	0.0000000000e+00
4.6452000000e-262	0.0000000000e+00	NA
6.3120000000e-256	0.0000000000e+00	NA
5.4873000000e-250	0.0000000000e+00	NA
3.0870000000e-244	0.0000000000e+00	NA
1.1226000000e-238	0.0000000000e+00	NA
2.6452000000e-233	0.0000000000e+00	NA
4.0023000000e-228	0.0000000000e+00	NA
3.8751000000e-223	0.0000000000e+00	NA
2.3788000000e-218	0.0000000000e+00	NA
9.0816000000e-214	0.0000000000e+00	NA
2.1354000000e-209	0.0000000000e+00	NA
3.0989000000e-205	0.0000000000e+00	NA
2.8019000000e-201	0.0000000000e+00	NA
1.6299000000e-197	0.0000000000e+00	NA
6.6738000000e-194	0.0000000000e+00	NA
2.3947000000e-190	0.0000000000e+00	NA
1.1247000000e-186	0.0000000000e+00	NA
1.3240000000e-184	0.0000000000e+00	NA
1.6883000000e-181	0.0000000000e+00	NA
2.8522000000e-178	0.0000000000e+00	NA
1.8331000000e-175	0.0000000000e+00	NA
3.3464000000e-173	0.0000000000e+00	NA
1.4973000000e-171	0.0000000000e+00	NA
4.1846000000e-170	0.0000000000e+00	NA
3.4319000000e-164	0.0000000000e+00	NA
1.8776000000e-160	0.0000000000e+00	NA
1.8052000000e-157	0.0000000000e+00	NA
1.2996000000e-153	0.0000000000e+00	NA
2.1369000000e-151	0.0000000000e+00	NA
1.1019000000e-148	0.0000000000e+00	NA
2.2869000000e-146	0.0000000000e+00	NA
5.1567000000e-144	0.0000000000e+00	NA
2.0428000000e-141	0.0000000000e+00	NA
5.0572000000e-139	0.0000000000e+00	NA
1.6696000000e-136	0.0000000000e+00	NA
4.1707000000e-134	0.0000000000e+00	NA
9.4249000000e-132	0.0000000000e+00	NA
4.0668000000e-129	0.0000000000e+00	NA
8.4491000000e-127	0.0000000000e+00	NA
1.8787000000e-124	0.0000000000e+00	NA
3.5920000000e-122	0.0000000000e+00	NA
4.0742000000e-120	0.0000000000e+00	NA
8.9187000000e-118	0.0000000000e+00	NA
1.9485000000e-115	0.0000000000e+00	NA
2.0160000000e-113	0.0000000000e+00	NA
2.5051000000e-111	0.0000000000e+00	NA
2.7396000000e-109	0.0000000000e+00	NA
4.7133000000e-107	0.0000000000e+00	NA
3.1349000000e-105	0.0000000000e+00	NA
3.4884000000e-103	0.0000000000e+00	NA
2.9050000000e-101	0.0000000000e+00	NA
2.5839000000e-99	0.0000000000e+00	NA
2.1798000000e-97	0.0000000000e+00	NA
1.3993000000e-95	0.0000000000e+00	NA
4.3097000000e-94	0.0000000000e+00	NA
4.8785000000e-92	0.0000000000e+00	NA
2.2320000000e-90	0.0000000000e+00	NA
8.6129000000e-89	0.0000000000e+00	NA
4.1861000000e-87	0.0000000000e+00	NA
2.7421000000e-85	0.0000000000e+00	NA
5.2119000000e-84	0.0000000000e+00	NA
1.1871000000e-81	0.0000000000e+00	NA
5.4449000000e-80	0.0000000000e+00	NA
2.1506000000e-78	0.0000000000e+00	NA
7.3489000000e-77	0.0000000000e+00	NA
2.3629000000e-75	0.0000000000e+00	NA
3.8324000000e-74	0.0000000000e+00	NA
1.6986000000e-72	0.0000000000e+00	NA
3.3690000000e-71	0.0000000000e+00	NA
7.1767000000e-70	0.0000000000e+00	NA
2.9704000000e-68	0.0000000000e+00	NA
8.1844000000e-67	0.0000000000e+00	NA
8.1016000000e-66	0.0000000000e+00	NA
2.4068000000e-64	0.0000000000e+00	NA
5.2574000000e-63	0.0000000000e+00	NA
8.2084000000e-62	0.0000000000e+00	NA
1.2699000000e-60	0.0000000000e+00	NA
3.3575000000e-59	0.0000000000e+00	NA
4.7613000000e-58	0.0000000000e+00	NA
6.3235000000e-57	0.0000000000e+00	NA
7.8653000000e-56	0.0000000000e+00	NA
9.1622000000e-55	0.0000000000e+00	NA
9.9955000000e-54	0.0000000000e+00	NA
1.0213000000e-52	0.0000000000e+00	NA
9.7724000000e-52	0.0000000000e+00	NA
8.7576000000e-51	0.0000000000e+00	NA
7.3502000000e-50	0.0000000000e+00	NA
5.7774000000e-49	0.0000000000e+00	NA
4.2530000000e-48	0.0000000000e+00	NA
2.9322000000e-47	0.0000000000e+00	NA
1.8932000000e-46	0.0000000000e+00	NA
1.1449000000e-45	0.0000000000e+00	NA
6.4837000000e-45	0.0000000000e+00	NA
3.4389000000e-44	2.3822000000e-44	1.5944132682e-01
1.7083000000e-43	1.5554000000e-43	4.0722046268e-02
7.9471000000e-43	7.8473000000e-43	5.4884219899e-03
3.4625000000e-42	3.4276000000e-42	4.3996479138e-03
1.4129000000e-41	1.4105000000e-41	7.3833463740e-04
5.3994000000e-41	5.3961000000e-41	2.6551282199e-04
1.9325000000e-40	1.9324000000e-40	2.2473775880e-05
6.4776000000e-40	6.4774000000e-40	1.3409324027e-05
2.0407000000e-269	0.0000000000e+00	NA
2.7890000000e-263	0.0000000000e+00	NA
2.4490000000e-257	0.0000000000e+00	NA
1.3925000000e-251	0.0000000000e+00	NA
5.1478000000e-246	0.0000000000e+00	NA
1.2334000000e-240	0.0000000000e+00	NA
1.9164000000e-235	0.0000000000e+00	NA
1.9168000000e-230	0.0000000000e+00	NA
1.2358000000e-225	0.0000000000e+00	NA
5.1104000000e-221	0.0000000000e+00	NA
1.3453000000e-216	0.0000000000e+00	NA
2.2825000000e-212	0.0000000000e+00	NA
2.5745000000e-208	0.0000000000e+00	NA
2.0543000000e-204	0.0000000000e+00	NA
1.3223000000e-200	0.0000000000e+00	NA
8.7655000000e-197	0.0000000000e+00	NA
4.4303000000e-193	0.0000000000e+00	NA
3.5562000000e-191	0.0000000000e+00	NA
6.1777000000e-187	0.0000000000e+00	NA
5.3034000000e-185	0.0000000000e+00	NA
1.6186000000e-182	0.0000000000e+00	NA
2.0903000000e-180	0.0000000000e+00	NA
8.9130000000e-179	0.0000000000e+00	NA
2.6028000000e-178	0.0000000000e+00	NA
1.0765000000e-173	0.0000000000e+00	NA
5.9668000000e-168	0.0000000000e+00	NA
8.2396000000e-165	0.0000000000e+00	NA
5.7950000000e-161	0.0000000000e+00	NA
1.0447000000e-157	0.0000000000e+00	NA
3.3222000000e-155	0.0000000000e+00	NA
9.4757000000e-153	0.0000000000e+00	NA
1.5830000000e-150	0.0000000000e+00	NA
5.4486000000e-148	0.0000000000e+00	NA
1.9928000000e-145	0.0000000000e+00	NA
7.3965000000e-143	0.0000000000e+00	NA
1.9864000000e-140	0.0000000000e+00	NA
4.2048000000e-138	0.0000000000e+00	NA
1.1360000000e-135	0.0000000000e+00	NA
7.7363000000e-133	0.0000000000e+00	NA
1.7980000000e-130	0.0000000000e+00	NA
3.8798000000e-128	0.0000000000e+00	NA
7.7691000000e-126	0.0000000000e+00	NA
1.3144000000e-123	0.0000000000e+00	NA
3.5684000000e-121	0.0000000000e+00	NA
4.2486000000e-119	0.0000000000e+00	NA
5.3518000000e-117	0.0000000000e+00	NA
6.7909000000e-115	0.0000000000e+00	NA
1.2728000000e-112	0.0000000000e+00	NA
1.1415000000e-110	0.0000000000e+00	NA
1.2471000000e-108	0.0000000000e+00	NA
1.7197000000e-106	0.0000000000e+00	NA
1.5034000000e-104	0.0000000000e+00	NA
1.2892000000e-102	0.0000000000e+00	NA
4.9580000000e-101	0.0000000000e+00	NA
2.1364000000e-99	0.0000000000e+00	NA
2.7996000000e-97	0.0000000000e+00	NA
2.7382000000e-95	0.0000000000e+00	NA
2.0283000000e-93	0.0000000000e+00	NA
1.1042000000e-91	0.0000000000e+00	NA
4.0379000000e-90	0.0000000000e+00	NA
4.9730000000e-88	0.0000000000e+00	NA
2.5700000000e-86	0.0000000000e+00	NA
1.6713000000e-84	0.0000000000e+00	NA
7.7242000000e-83	0.0000000000e+00	NA
3.0638000000e-81	0.0000000000e+00	NA
1.0782000000e-79	0.0000000000e+00	NA
2.1217000000e-78	0.0000000000e+00	NA
5.4481000000e-77	0.0000000000e+00	NA
2.6468000000e-75	0.0000000000e+00	NA
8.4860000000e-74	0.0000000000e+00	NA
3.2725000000e-72	0.0000000000e+00	NA
7.8827000000e-71	0.0000000000e+00	NA
2.4460000000e-69	0.0000000000e+00	NA
4.4199000000e-68	0.0000000000e+00	NA
9.1136000000e-67	0.0000000000e+00	NA
1.1572000000e-65	0.0000000000e+00	NA
4.7989000000e-64	0.0000000000e+00	NA
6.8634000000e-63	0.0000000000e+00	NA
1.3905000000e-61	0.0000000000e+00	NA
2.1451000000e-60	0.0000000000e+00	NA
3.0993000000e-59	0.0000000000e+00	NA
4.1938000000e-58	0.0000000000e+00	NA
5.3147000000e-57	0.0000000000e+00	NA
6.3077000000e-56	0.0000000000e+00	NA
7.0112000000e-55	0.0000000000e+00	NA
7.2985000000e-54	0.0000000000e+00	NA
7.1155000000e-53	0.0000000000e+00	NA
6.4968000000e-52	0.0000000000e+00	NA
5.5555000000e-51	0.0000000000e+00	NA
4.4491000000e-50	0.0000000000e+00	NA
3.3369000000e-49	0.0000000000e+00	NA
2.3439000000e-48	0.0000000000e+00	NA
1.5420000000e-47	0.0000000000e+00	NA
9.5002000000e-47	0.0000000000e+00	NA
5.4817000000e-46	0.0000000000e+00	NA
2.9623000000e-45	0.0000000000e+00	NA
1.4992000000e-44	0.0000000000e+00	NA
7.1061000000e-44	5.8855000000e-44	8.1847950730e-02
3.1545000000e-43	2.8586000000e-43	4.2777142367e-02
1.3114000000e-42	1.2962000000e-42	5.0631622134e-03
5.1062000000e-42	5.0741000000e-42	2.7387992635e-03
6.0480000000e-277	0.0000000000e+00	NA
8.3479000000e-271	0.0000000000e+00	NA
7.3940000000e-265	0.0000000000e+00	NA
4.2679000000e-259	0.0000000000e+00	NA
1.6055000000e-253	0.0000000000e+00	NA
3.9364000000e-248	0.0000000000e+00	NA
6.2928000000e-243	0.0000000000e+00	NA
6.5618000000e-238	0.0000000000e+00	NA
4.4586000000e-233	0.0000000000e+00	NA
1.9859000000e-228	0.0000000000e+00	NA
5.8515000000e-224	0.0000000000e+00	NA
1.1602000000e-219	0.0000000000e+00	NA
1.5632000000e-215	0.0000000000e+00	NA
1.5116000000e-211	0.0000000000e+00	NA
1.1440000000e-207	0.0000000000e+00	NA
7.3941000000e-204	0.0000000000e+00	NA
6.4062000000e-200	0.0000000000e+00	NA
1.1139000000e-196	0.0000000000e+00	NA
9.8897000000e-195	0.0000000000e+00	NA
1.0257000000e-193	0.0000000000e+00	NA
1.2208000000e-190	0.0000000000e+00	NA
5.4522000000e-188	0.0000000000e+00	NA
7.0875000000e-186	0.0000000000e+00	NA
2.1281000000e-185	0.0000000000e+00	NA
2.9498000000e-179	0.0000000000e+00	NA
4.4670000000e-176	0.0000000000e+00	NA
7.1737000000e-172	0.0000000000e+00	NA
7.5886000000e-168	0.0000000000e+00	NA
4.9643000000e-165	0.0000000000e+00	NA
7.4885000000e-162	0.0000000000e+00	NA
9.7238000000e-160	0.0000000000e+00	NA
5.8030000000e-157	0.0000000000e+00	NA
1.8945000000e-154	0.0000000000e+00	NA
7.8614000000e-152	0.0000000000e+00	NA
1.8449000000e-149	0.0000000000e+00	NA
6.8463000000e-147	0.0000000000e+00	NA
2.6272000000e-144	0.0000000000e+00	NA
1.1797000000e-141	0.0000000000e+00	NA
4.4363000000e-139	0.0000000000e+00	NA
1.1515000000e-136	0.0000000000e+00	NA
2.9525000000e-134	0.0000000000e+00	NA
6.3315000000e-132	0.0000000000e+00	NA
1.3389000000e-129	0.0000000000e+00	NA
2.5981000000e-127	0.0000000000e+00	NA
7.3905000000e-125	0.0000000000e+00	NA
8.2997000000e-123	0.0000000000e+00	NA
1.4308000000e-120	0.0000000000e+00	NA
2.8357000000e-118	0.0000000000e+00	NA
2.7626000000e-116	0.0000000000e+00	NA
4.9388000000e-114	0.0000000000e+00	NA
6.3266000000e-112	0.0000000000e+00	NA
7.1659000000e-110	0.0000000000e+00	NA
5.7823000000e-108	0.0000000000e+00	NA
6.0510000000e-106	0.0000000000e+00	NA
2.1276000000e-104	0.0000000000e+00	NA
2.9492000000e-102	0.0000000000e+00	NA
1.7018000000e-100	0.0000000000e+00	NA
5.8489000000e-99	0.0000000000e+00	NA
1.7240000000e-96	0.0000000000e+00	NA
1.0318000000e-94	0.0000000000e+00	NA
8.5931000000e-93	0.0000000000e+00	NA
4.5145000000e-91	0.0000000000e+00	NA
3.0665000000e-89	0.0000000000e+00	NA
1.7026000000e-87	0.0000000000e+00	NA
7.8240000000e-86	0.0000000000e+00	NA
1.7592000000e-84	0.0000000000e+00	NA
8.8706000000e-83	0.0000000000e+00	NA
2.9165000000e-81	0.0000000000e+00	NA
1.4861000000e-79	0.0000000000e+00	NA
3.1493000000e-78	0.0000000000e+00	NA
1.3005000000e-76	0.0000000000e+00	NA
6.1304000000e-75	0.0000000000e+00	NA
1.0728000000e-73	0.0000000000e+00	NA
5.1713000000e-72	0.0000000000e+00	NA
1.4162000000e-70	0.0000000000e+00	NA
3.3827000000e-69	0.0000000000e+00	NA
7.3798000000e-68	0.0000000000e+00	NA
1.5078000000e-66	0.0000000000e+00	NA
2.8852000000e-65	0.0000000000e+00	NA
5.1704000000e-64	0.0000000000e+00	NA
8.6776000000e-63	0.0000000000e+00	NA
1.3639000000e-61	0.0000000000e+00	NA
2.0078000000e-60	0.0000000000e+00	NA
2.7680000000e-59	0.0000000000e+00	NA
3.5739000000e-58	0.0000000000e+00	NA
4.3216000000e-57	0.0000000000e+00	NA
4.8941000000e-56	0.0000000000e+00	NA
5.1907000000e-55	0.0000000000e+00	NA
5.1559000000e-54	0.0000000000e+00	NA
4.7963000000e-53	0.0000000000e+00	NA
4.1786000000e-52	0.0000000000e+00	NA
3.4095000000e-51	0.0000000000e+00	NA
2.6054000000e-50	0.0000000000e+00	NA
1.8646000000e-49	0.0000000000e+00	NA
1.2497000000e-48	0.0000000000e+00	NA
7.8448000000e-48	0.0000000000e+00	NA
4.6119000000e-47	0.0000000000e+00	NA
2.5392000000e-46	0.0000000000e+00	NA
1.3093000000e-45	0.0000000000e+00	NA
6.3229000000e-45	0.0000000000e+00	NA
2.8597000000e-44	0.0000000000e+00	NA
1.2074000000e-284	0.0000000000e+00	NA
1.6775000000e-278	0.0000000000e+00	NA
1.5055000000e-272	0.0000000000e+00	NA
8.8135000000e-267	0.0000000000e+00	NA
3.3842000000e-261	0.0000000000e+00	NA
8.5056000000e-256	0.0000000000e+00	NA
1.4044000000e-250	0.0000000000e+00	NA
1.5234000000e-245	0.0000000000e+00	NA
1.0916000000e-240	0.0000000000e+00	NA
5.1963000000e-236	0.0000000000e+00	NA
1.6661000000e-231	0.0000000000e+00	NA
3.6484000000e-227	0.0000000000e+00	NA
5.5055000000e-223	0.0000000000e+00	NA
5.7362000000e-219	0.0000000000e+00	NA
4.1490000000e-215	0.0000000000e+00	NA
1.8937000000e-211	0.0000000000e+00	NA
2.3629000000e-208	0.0000000000e+00	NA
2.1178000000e-206	0.0000000000e+00	NA
2.2348000000e-204	0.0000000000e+00	NA
9.1498000000e-202	0.0000000000e+00	NA
3.8866000000e-199	0.0000000000e+00	NA
1.7970000000e-196	0.0000000000e+00	NA
5.1198000000e-195	0.0000000000e+00	NA
1.0308000000e-190	0.0000000000e+00	NA
3.0131000000e-187	0.0000000000e+00	NA
5.1583000000e-183	0.0000000000e+00	NA
1.2663000000e-178	0.0000000000e+00	NA
5.3976000000e-175	0.0000000000e+00	NA
2.7726000000e-172	0.0000000000e+00	NA
3.6757000000e-169	0.0000000000e+00	NA
3.7440000000e-166	0.0000000000e+00	NA
7.8754000000e-164	0.0000000000e+00	NA
3.6229000000e-161	0.0000000000e+00	NA
2.3884000000e-158	0.0000000000e+00	NA
5.5528000000e-156	0.0000000000e+00	NA
2.1640000000e-153	0.0000000000e+00	NA
1.2624000000e-150	0.0000000000e+00	NA
3.4546000000e-148	0.0000000000e+00	NA
1.6237000000e-145	0.0000000000e+00	NA
7.0347000000e-143	0.0000000000e+00	NA
1.5431000000e-140	0.0000000000e+00	NA
4.0932000000e-138	0.0000000000e+00	NA
9.1525000000e-136	0.0000000000e+00	NA
2.1607000000e-133	0.0000000000e+00	NA
6.8419000000e-131	0.0000000000e+00	NA
1.0668000000e-128	0.0000000000e+00	NA
1.7085000000e-126	0.0000000000e+00	NA
3.3549000000e-124	0.0000000000e+00	NA
6.6106000000e-122	0.0000000000e+00	NA
1.0121000000e-119	0.0000000000e+00	NA
1.4030000000e-117	0.0000000000e+00	NA
1.8512000000e-115	0.0000000000e+00	NA
2.2634000000e-113	0.0000000000e+00	NA
2.5917000000e-111	0.0000000000e+00	NA
2.7793000000e-109	0.0000000000e+00	NA
2.4981000000e-107	0.0000000000e+00	NA
2.1345000000e-105	0.0000000000e+00	NA
1.9265000000e-103	0.0000000000e+00	NA
1.6855000000e-101	0.0000000000e+00	NA
1.4163000000e-99	0.0000000000e+00	NA
1.0500000000e-97	0.0000000000e+00	NA
6.4689000000e-96	0.0000000000e+00	NA
4.4496000000e-94	0.0000000000e+00	NA
2.6530000000e-92	0.0000000000e+00	NA
5.7814000000e-91	0.0000000000e+00	NA
3.9958000000e-89	0.0000000000e+00	NA
2.5274000000e-87	0.0000000000e+00	NA
1.1155000000e-85	0.0000000000e+00	NA
3.1428000000e-84	0.0000000000e+00	NA
1.1587000000e-82	0.0000000000e+00	NA
2.5569000000e-81	0.0000000000e+00	NA
2.8193000000e-79	0.0000000000e+00	NA
1.0880000000e-77	0.0000000000e+00	NA
3.9123000000e-76	0.0000000000e+00	NA
1.1469000000e-74	0.0000000000e+00	NA
3.1820000000e-73	0.0000000000e+00	NA
8.0636000000e-72	0.0000000000e+00	NA
1.9138000000e-70	0.0000000000e+00	NA
4.2537000000e-69	0.0000000000e+00	NA
8.8547000000e-68	0.0000000000e+00	NA
1.7263000000e-66	0.0000000000e+00	NA
3.1518000000e-65	0.0000000000e+00	NA
5.3894000000e-64	0.0000000000e+00	NA
8.6306000000e-63	0.0000000000e+00	NA
1.2944000000e-61	0.0000000000e+00	NA
1.8181000000e-60	0.0000000000e+00	NA
2.3917000000e-59	0.0000000000e+00	NA
2.9465000000e-58	0.0000000000e+00	NA
3.3997000000e-57	0.0000000000e+00	NA
3.6736000000e-56	0.0000000000e+00	NA
3.7177000000e-55	0.0000000000e+00	NA
3.5236000000e-54	0.0000000000e+00	NA
3.1277000000e-53	0.0000000000e+00	NA
2.6000000000e-52	0.0000000000e+00	NA
2.0243000000e-51	0.0000000000e+00	NA
1.4760000000e-50	0.0000000000e+00	NA
1.0079000000e-49	0.0000000000e+00	NA
6.4461000000e-49	0.0000000000e+00	NA
3.8610000000e-48	0.0000000000e+00	NA
2.1658000000e-47	0.0000000000e+00	NA
1.1378000000e-46	0.0000000000e+00	NA
1.6177000000e-292	0.0000000000e+00	NA
2.2678000000e-286	0.0000000000e+00	NA
2.0599000000e-280	0.0000000000e+00	NA
1.2242000000e-274	0.0000000000e+00	NA
4.7779000000e-269	0.0000000000e+00	NA
1.2310000000e-263	0.0000000000e+00	NA
2.0967000000e-258	0.0000000000e+00	NA
2.3648000000e-253	0.0000000000e+00	NA
1.7725000000e-248	0.0000000000e+00	NA
8.9089000000e-244	0.0000000000e+00	NA
3.0403000000e-239	0.0000000000e+00	NA
7.1089000000e-235	0.0000000000e+00	NA
1.1328000000e-230	0.0000000000e+00	NA
1.1960000000e-226	0.0000000000e+00	NA
7.8044000000e-223	0.0000000000e+00	NA
2.5225000000e-219	0.0000000000e+00	NA
1.3051000000e-216	0.0000000000e+00	NA
1.3146000000e-214	0.0000000000e+00	NA
6.0286000000e-213	0.0000000000e+00	NA
2.6519000000e-211	0.0000000000e+00	NA
8.7289000000e-209	0.0000000000e+00	NA
4.7899000000e-205	0.0000000000e+00	NA
4.8031000000e-201	0.0000000000e+00	NA
1.8718000000e-201	0.0000000000e+00	NA
9.6364000000e-195	0.0000000000e+00	NA
1.5096000000e-189	0.0000000000e+00	NA
3.0677000000e-185	0.0000000000e+00	NA
6.0833000000e-182	0.0000000000e+00	NA
1.7471000000e-179	0.0000000000e+00	NA
1.2157000000e-176	0.0000000000e+00	NA
7.9193000000e-174	0.0000000000e+00	NA
1.7772000000e-170	0.0000000000e+00	NA
5.7876000000e-168	0.0000000000e+00	NA
3.9822000000e-165	0.0000000000e+00	NA
1.1908000000e-162	0.0000000000e+00	NA
3.6621000000e-160	0.0000000000e+00	NA
2.3803000000e-157	0.0000000000e+00	NA
1.0558000000e-154	0.0000000000e+00	NA
4.3151000000e-152	0.0000000000e+00	NA
1.6209000000e-149	0.0000000000e+00	NA
7.0881000000e-147	0.0000000000e+00	NA
1.6529000000e-144	0.0000000000e+00	NA
4.4581000000e-142	0.0000000000e+00	NA
1.2495000000e-139	0.0000000000e+00	NA
3.6662000000e-137	0.0000000000e+00	NA
9.6032000000e-135	0.0000000000e+00	NA
2.0590000000e-132	0.0000000000e+00	NA
4.1505000000e-130	0.0000000000e+00	NA
8.0055000000e-128	0.0000000000e+00	NA
1.3841000000e-125	0.0000000000e+00	NA
2.1843000000e-123	0.0000000000e+00	NA
3.3987000000e-121	0.0000000000e+00	NA
4.8268000000e-119	0.0000000000e+00	NA
6.4199000000e-117	0.0000000000e+00	NA
7.9968000000e-115	0.0000000000e+00	NA
9.3289000000e-113	0.0000000000e+00	NA
1.0177000000e-110	0.0000000000e+00	NA
1.0429000000e-108	0.0000000000e+00	NA
9.9931000000e-107	0.0000000000e+00	NA
8.9681000000e-105	0.0000000000e+00	NA
7.3790000000e-103	0.0000000000e+00	NA
5.6918000000e-101	0.0000000000e+00	NA
4.1184000000e-99	0.0000000000e+00	NA
2.8895000000e-97	0.0000000000e+00	NA
1.0967000000e-95	0.0000000000e+00	NA
5.6590000000e-94	0.0000000000e+00	NA
4.1432000000e-92	0.0000000000e+00	NA
2.9964000000e-90	0.0000000000e+00	NA
1.4024000000e-88	0.0000000000e+00	NA
5.6489000000e-87	0.0000000000e+00	NA
6.5818000000e-86	0.0000000000e+00	NA
2.3529000000e-84	0.0000000000e+00	NA
2.1600000000e-82	0.0000000000e+00	NA
9.6213000000e-81	0.0000000000e+00	NA
4.9411000000e-79	0.0000000000e+00	NA
2.0752000000e-77	0.0000000000e+00	NA
6.1598000000e-76	0.0000000000e+00	NA
1.7259000000e-74	0.0000000000e+00	NA
4.4560000000e-73	0.0000000000e+00	NA
1.0775000000e-71	0.0000000000e+00	NA
2.4400000000e-70	0.0000000000e+00	NA
5.1748000000e-69	0.0000000000e+00	NA
1.0278000000e-67	0.0000000000e+00	NA
1.9120000000e-66	0.0000000000e+00	NA
3.3309000000e-65	0.0000000000e+00	NA
5.4345000000e-64	0.0000000000e+00	NA
8.3041000000e-63	0.0000000000e+00	NA
1.1884000000e-61	0.0000000000e+00	NA
1.5927000000e-60	0.0000000000e+00	NA
1.9991000000e-59	0.0000000000e+00	NA
2.3500000000e-58	0.0000000000e+00	NA
2.5872000000e-57	0.0000000000e+00	NA
2.6676000000e-56	0.0000000000e+00	NA
2.5759000000e-55	0.0000000000e+00	NA
2.3295000000e-54	0.0000000000e+00	NA
1.9730000000e-53	0.0000000000e+00	NA
1.5650000000e-52	0.0000000000e+00	NA
1.1626000000e-51	0.0000000000e+00	NA
8.0889000000e-51	0.0000000000e+00	NA
5.2706000000e-50	0.0000000000e+00	NA
3.2164000000e-49	0.0000000000e+00	NA
1.4454000000e-300	0.0000000000e+00	NA
2.0417000000e-294	0.0000000000e+00	NA
1.8748000000e-288	0.0000000000e+00	NA
1.1303000000e-282	0.0000000000e+00	NA
4.4898000000e-277	0.0000000000e+00	NA
1.1835000000e-271	0.0000000000e+00	NA
2.0689000000e-266	0.0000000000e+00	NA
2.4114000000e-261	0.0000000000e+00	NA
1.8769000000e-256	0.0000000000e+00	NA
9.8644000000e-252	0.0000000000e+00	NA
3.5205000000e-247	0.0000000000e+00	NA
8.6006000000e-243	0.0000000000e+00	NA
1.4262000000e-238	0.0000000000e+00	NA
1.5554000000e-234	0.0000000000e+00	NA
1.0412000000e-230	0.0000000000e+00	NA
3.7590000000e-227	0.0000000000e+00	NA
6.9343000000e-224	0.0000000000e+00	NA
2.5620000000e-221	0.0000000000e+00	NA
1.2730000000e-218	0.0000000000e+00	NA
4.9148000000e-217	0.0000000000e+00	NA
7.6519000000e-214	0.0000000000e+00	NA
1.7812000000e-211	0.0000000000e+00	NA
6.9751000000e-208	0.0000000000e+00	NA
2.4555000000e-206	0.0000000000e+00	NA
4.1819000000e-201	0.0000000000e+00	NA
8.6952000000e-197	0.0000000000e+00	NA
1.4668000000e-192	0.0000000000e+00	NA
1.4250000000e-189	0.0000000000e+00	NA
8.1692000000e-187	0.0000000000e+00	NA
6.6652000000e-184	0.0000000000e+00	NA
4.8747000000e-181	0.0000000000e+00	NA
3.6162000000e-178	0.0000000000e+00	NA
5.0435000000e-175	0.0000000000e+00	NA
5.1530000000e-172	0.0000000000e+00	NA
2.3114000000e-169	0.0000000000e+00	NA
1.0970000000e-166	0.0000000000e+00	NA
3.2636000000e-164	0.0000000000e+00	NA
1.6424000000e-161	0.0000000000e+00	NA
1.1927000000e-158	0.0000000000e+00	NA
3.5708000000e-156	0.0000000000e+00	NA
1.4382000000e-153	0.0000000000e+00	NA
6.6744000000e-151	0.0000000000e+00	NA
1.6785000000e-148	0.0000000000e+00	NA
5.1901000000e-146	0.0000000000e+00	NA
1.7751000000e-143	0.0000000000e+00	NA
5.3778000000e-141	0.0000000000e+00	NA
1.3468000000e-138	0.0000000000e+00	NA
3.1079000000e-136	0.0000000000e+00	NA
6.6647000000e-134	0.0000000000e+00	NA
1.3262000000e-131	0.0000000000e+00	NA
2.5174000000e-129	0.0000000000e+00	NA
4.4342000000e-127	0.0000000000e+00	NA
7.3149000000e-125	0.0000000000e+00	NA
1.1301000000e-122	0.0000000000e+00	NA
1.6351000000e-120	0.0000000000e+00	NA
2.2157000000e-118	0.0000000000e+00	NA
2.8118000000e-116	0.0000000000e+00	NA
3.3419000000e-114	0.0000000000e+00	NA
3.7197000000e-112	0.0000000000e+00	NA
3.8775000000e-110	0.0000000000e+00	NA
3.6564000000e-108	0.0000000000e+00	NA
3.3011000000e-106	0.0000000000e+00	NA
2.2159000000e-104	0.0000000000e+00	NA
2.2262000000e-102	0.0000000000e+00	NA
1.0845000000e-100	0.0000000000e+00	NA
9.8663000000e-99	0.0000000000e+00	NA
7.3832000000e-97	0.0000000000e+00	NA
4.2210000000e-95	0.0000000000e+00	NA
1.7513000000e-93	0.0000000000e+00	NA
7.4336000000e-92	0.0000000000e+00	NA
4.4426000000e-90	0.0000000000e+00	NA
2.3120000000e-89	0.0000000000e+00	NA
8.0000000000e-88	0.0000000000e+00	NA
4.9454000000e-86	0.0000000000e+00	NA
5.7794000000e-84	0.0000000000e+00	NA
5.2722000000e-82	0.0000000000e+00	NA
3.4536000000e-80	0.0000000000e+00	NA
1.1059000000e-78	0.0000000000e+00	NA
3.3167000000e-77	0.0000000000e+00	NA
9.3158000000e-76	0.0000000000e+00	NA
2.4505000000e-74	0.0000000000e+00	NA
6.0368000000e-73	0.0000000000e+00	NA
1.3928000000e-71	0.0000000000e+00	NA
3.0094000000e-70	0.0000000000e+00	NA
6.0900000000e-69	0.0000000000e+00	NA
1.1542000000e-67	0.0000000000e+00	NA
2.0486000000e-66	0.0000000000e+00	NA
3.4053000000e-65	0.0000000000e+00	NA
5.3013000000e-64	0.0000000000e+00	NA
7.7293000000e-63	0.0000000000e+00	NA
1.0554000000e-61	0.0000000000e+00	NA
1.3497000000e-60	0.0000000000e+00	NA
1.6165000000e-59	0.0000000000e+00	NA
1.8131000000e-58	0.0000000000e+00	NA
1.9046000000e-57	0.0000000000e+00	NA
1.8738000000e-56	0.0000000000e+00	NA
1.7265000000e-55	0.0000000000e+00	NA
1.4898000000e-54	0.0000000000e+00	NA
1.2040000000e-53	0.0000000000e+00	NA
9.1126000000e-53	0.0000000000e+00	NA
6.4594000000e-52	0.0000000000e+00	NA
8.5708000000e-309	0.0000000000e+00	NA
1.2155000000e-302	0.0000000000e+00	NA
1.1247000000e-296	0.0000000000e+00	NA
6.8592000000e-291	0.0000000000e+00	NA
2.7660000000e-285	0.0000000000e+00	NA
7.4004000000e-280	0.0000000000e+00	NA
1.3206000000e-274	0.0000000000e+00	NA
1.5771000000e-269	0.0000000000e+00	NA
1.2648000000e-264	0.0000000000e+00	NA
6.8514000000e-260	0.0000000000e+00	NA
2.5223000000e-255	0.0000000000e+00	NA
6.3538000000e-251	0.0000000000e+00	NA
1.0962000000e-246	0.0000000000e+00	NA
1.2764000000e-242	0.0000000000e+00	NA
1.0052000000e-238	0.0000000000e+00	NA
5.4743000000e-235	0.0000000000e+00	NA
2.0246000000e-231	0.0000000000e+00	NA
1.6823000000e-228	0.0000000000e+00	NA
6.2095000000e-226	0.0000000000e+00	NA
6.7705000000e-224	0.0000000000e+00	NA
9.8278000000e-221	0.0000000000e+00	NA
5.0495000000e-217	0.0000000000e+00	NA
6.9340000000e-215	0.0000000000e+00	NA
3.4281000000e-213	0.0000000000e+00	NA
1.8864000000e-208	0.0000000000e+00	NA
2.8543000000e-203	0.0000000000e+00	NA
4.9820000000e-200	0.0000000000e+00	NA
3.0137000000e-197	0.0000000000e+00	NA
2.8456000000e-194	0.0000000000e+00	NA
2.6898000000e-191	0.0000000000e+00	NA
2.2621000000e-188	0.0000000000e+00	NA
1.8582000000e-185	0.0000000000e+00	NA
1.4708000000e-182	0.0000000000e+00	NA
1.2332000000e-179	0.0000000000e+00	NA
9.7149000000e-177	0.0000000000e+00	NA
9.6257000000e-174	0.0000000000e+00	NA
3.3902000000e-171	0.0000000000e+00	NA
2.0795000000e-168	0.0000000000e+00	NA
1.2691000000e-165	0.0000000000e+00	NA
8.5160000000e-163	0.0000000000e+00	NA
2.6758000000e-160	0.0000000000e+00	NA
1.1290000000e-157	0.0000000000e+00	NA
4.3731000000e-155	0.0000000000e+00	NA
1.5482000000e-152	0.0000000000e+00	NA
5.9328000000e-150	0.0000000000e+00	NA
2.0400000000e-147	0.0000000000e+00	NA
5.9521000000e-145	0.0000000000e+00	NA
1.5830000000e-142	0.0000000000e+00	NA
3.9430000000e-140	0.0000000000e+00	NA
9.1980000000e-138	0.0000000000e+00	NA
2.0095000000e-135	0.0000000000e+00	NA
4.1114000000e-133	0.0000000000e+00	NA
7.8780000000e-131	0.0000000000e+00	NA
1.4137000000e-128	0.0000000000e+00	NA
2.3760000000e-126	0.0000000000e+00	NA
3.7397000000e-124	0.0000000000e+00	NA
5.5126000000e-122	0.0000000000e+00	NA
7.6103000000e-120	0.0000000000e+00	NA
9.8393000000e-118	0.0000000000e+00	NA
1.1914000000e-115	0.0000000000e+00	NA
1.3510000000e-113	0.0000000000e+00	NA
1.4348000000e-111	0.0000000000e+00	NA
1.2132000000e-109	0.0000000000e+00	NA
1.3059000000e-107	0.0000000000e+00	NA
1.1031000000e-105	0.0000000000e+00	NA
7.6397000000e-104	0.0000000000e+00	NA
6.7263000000e-102	0.0000000000e+00	NA
4.5851000000e-100	0.0000000000e+00	NA
2.0615000000e-98	0.0000000000e+00	NA
1.2201000000e-96	0.0000000000e+00	NA
2.0617000000e-95	0.0000000000e+00	NA
1.2052000000e-93	0.0000000000e+00	NA
1.5985000000e-91	0.0000000000e+00	NA
7.7039000000e-90	0.0000000000e+00	NA
2.8339000000e-88	0.0000000000e+00	NA
8.8425000000e-87	0.0000000000e+00	NA
1.3537000000e-84	0.0000000000e+00	NA
5.0354000000e-83	0.0000000000e+00	NA
1.7541000000e-81	0.0000000000e+00	NA
5.7228000000e-80	0.0000000000e+00	NA
1.7486000000e-78	0.0000000000e+00	NA
5.0037000000e-77	0.0000000000e+00	NA
1.3410000000e-75	0.0000000000e+00	NA
3.3656000000e-74	0.0000000000e+00	NA
7.9112000000e-73	0.0000000000e+00	NA
1.7416000000e-71	0.0000000000e+00	NA
3.5906000000e-70	0.0000000000e+00	NA
6.9330000000e-69	0.0000000000e+00	NA
1.2537000000e-67	0.0000000000e+00	NA
2.1232000000e-66	0.0000000000e+00	NA
3.3677000000e-65	0.0000000000e+00	NA
5.0025000000e-64	0.0000000000e+00	NA
6.9593000000e-63	0.0000000000e+00	NA
9.0671000000e-62	0.0000000000e+00	NA
1.1064000000e-60	0.0000000000e+00	NA
1.2643000000e-59	0.0000000000e+00	NA
1.3532000000e-58	0.0000000000e+00	NA
1.3563000000e-57	0.0000000000e+00	NA
1.2732000000e-56	0.0000000000e+00	NA
1.1193000000e-55	0.0000000000e+00	NA
9.2163000000e-55	0.0000000000e+00	NA
