CPU	GPU	log10(CPU/GPU)
4.9888000000e+00	4.9888000000e+00	0.0000000000e+00
4.9873000000e+00	4.9873000000e+00	0.0000000000e+00
4.9859000000e+00	4.9859000000e+00	0.0000000000e+00
4.9844000000e+00	4.9844000000e+00	0.0000000000e+00
4.9829000000e+00	4.9829000000e+00	0.0000000000e+00
4.9814000000e+00	4.9814000000e+00	0.0000000000e+00
4.9800000000e+00	4.9800000000e+00	0.0000000000e+00
4.9786000000e+00	4.9786000000e+00	0.0000000000e+00
4.9774000000e+00	4.9774000000e+00	0.0000000000e+00
4.9763000000e+00	4.9763000000e+00	0.0000000000e+00
4.9753000000e+00	4.9753000000e+00	0.0000000000e+00
4.9746000000e+00	4.9746000000e+00	0.0000000000e+00
4.9741000000e+00	4.9741000000e+00	0.0000000000e+00
4.9738000000e+00	4.9738000000e+00	0.0000000000e+00
4.9736000000e+00	4.9736000000e+00	0.0000000000e+00
4.9735000000e+00	4.9735000000e+00	0.0000000000e+00
4.9735000000e+00	4.9735000000e+00	0.0000000000e+00
4.9733000000e+00	4.9733000000e+00	0.0000000000e+00
4.9728000000e+00	4.9728000000e+00	0.0000000000e+00
4.9718000000e+00	4.9718000000e+00	0.0000000000e+00
4.9707000000e+00	4.9707000000e+00	0.0000000000e+00
4.9695000000e+00	4.9695000000e+00	0.0000000000e+00
4.9682000000e+00	4.9682000000e+00	0.0000000000e+00
4.9670000000e+00	4.9670000000e+00	0.0000000000e+00
4.9659000000e+00	4.9659000000e+00	0.0000000000e+00
4.9650000000e+00	4.9650000000e+00	0.0000000000e+00
4.9643000000e+00	4.9643000000e+00	0.0000000000e+00
4.9639000000e+00	4.9639000000e+00	0.0000000000e+00
4.9638000000e+00	4.9638000000e+00	0.0000000000e+00
4.9641000000e+00	4.9641000000e+00	0.0000000000e+00
4.9642000000e+00	4.9642000000e+00	0.0000000000e+00
4.9645000000e+00	4.9645000000e+00	0.0000000000e+00
4.9651000000e+00	4.9651000000e+00	0.0000000000e+00
4.9662000000e+00	4.9662000000e+00	0.0000000000e+00
4.9677000000e+00	4.9677000000e+00	0.0000000000e+00
4.9696000000e+00	4.9696000000e+00	0.0000000000e+00
4.9719000000e+00	4.9719000000e+00	0.0000000000e+00
4.9738000000e+00	4.9738000000e+00	0.0000000000e+00
4.9761000000e+00	4.9761000000e+00	0.0000000000e+00
4.9787000000e+00	4.9787000000e+00	0.0000000000e+00
4.9814000000e+00	4.9814000000e+00	0.0000000000e+00
4.9841000000e+00	4.9841000000e+00	0.0000000000e+00
4.9860000000e+00	4.9860000000e+00	0.0000000000e+00
4.9877000000e+00	4.9877000000e+00	0.0000000000e+00
4.9891000000e+00	4.9891000000e+00	0.0000000000e+00
4.9899000000e+00	4.9899000000e+00	0.0000000000e+00
4.9901000000e+00	4.9901000000e+00	0.0000000000e+00
4.9896000000e+00	4.9896000000e+00	0.0000000000e+00
4.9883000000e+00	4.9883000000e+00	0.0000000000e+00
4.9860000000e+00	4.9860000000e+00	0.0000000000e+00
4.9824000000e+00	4.9824000000e+00	0.0000000000e+00
4.9775000000e+00	4.9775000000e+00	0.0000000000e+00
4.9706000000e+00	4.9706000000e+00	0.0000000000e+00
4.9608000000e+00	4.9608000000e+00	0.0000000000e+00
4.9489000000e+00	4.9489000000e+00	0.0000000000e+00
4.9352000000e+00	4.9352000000e+00	0.0000000000e+00
4.9178000000e+00	4.9178000000e+00	0.0000000000e+00
4.8988000000e+00	4.8988000000e+00	0.0000000000e+00
4.8794000000e+00	4.8794000000e+00	0.0000000000e+00
4.8574000000e+00	4.8574000000e+00	0.0000000000e+00
4.8356000000e+00	4.8356000000e+00	0.0000000000e+00
4.8159000000e+00	4.8159000000e+00	0.0000000000e+00
4.7985000000e+00	4.7985000000e+00	0.0000000000e+00
4.7799000000e+00	4.7799000000e+00	0.0000000000e+00
4.7650000000e+00	4.7650000000e+00	0.0000000000e+00
4.7535000000e+00	4.7535000000e+00	0.0000000000e+00
4.7451000000e+00	4.7451000000e+00	0.0000000000e+00
4.7394000000e+00	4.7394000000e+00	0.0000000000e+00
4.7362000000e+00	4.7362000000e+00	0.0000000000e+00
4.7349000000e+00	4.7349000000e+00	0.0000000000e+00
4.7353000000e+00	4.7353000000e+00	0.0000000000e+00
4.7372000000e+00	4.7372000000e+00	0.0000000000e+00
4.7402000000e+00	4.7402000000e+00	0.0000000000e+00
4.7439000000e+00	4.7439000000e+00	0.0000000000e+00
4.7479000000e+00	4.7479000000e+00	0.0000000000e+00
4.7517000000e+00	4.7517000000e+00	0.0000000000e+00
4.7552000000e+00	4.7552000000e+00	0.0000000000e+00
4.7582000000e+00	4.7582000000e+00	0.0000000000e+00
4.7609000000e+00	4.7609000000e+00	0.0000000000e+00
4.7635000000e+00	4.7635000000e+00	0.0000000000e+00
4.7661000000e+00	4.7661000000e+00	0.0000000000e+00
4.7691000000e+00	4.7691000000e+00	0.0000000000e+00
4.7725000000e+00	4.7725000000e+00	0.0000000000e+00
4.7761000000e+00	4.7761000000e+00	0.0000000000e+00
4.7801000000e+00	4.7801000000e+00	0.0000000000e+00
4.7843000000e+00	4.7843000000e+00	0.0000000000e+00
4.7890000000e+00	4.7890000000e+00	0.0000000000e+00
4.7938000000e+00	4.7938000000e+00	0.0000000000e+00
4.7985000000e+00	4.7985000000e+00	0.0000000000e+00
4.8033000000e+00	4.8033000000e+00	0.0000000000e+00
4.8080000000e+00	4.8080000000e+00	0.0000000000e+00
4.8127000000e+00	4.8127000000e+00	0.0000000000e+00
4.8174000000e+00	4.8174000000e+00	0.0000000000e+00
4.8220000000e+00	4.8220000000e+00	0.0000000000e+00
4.8266000000e+00	4.8266000000e+00	0.0000000000e+00
4.8311000000e+00	4.8311000000e+00	0.0000000000e+00
4.8356000000e+00	4.8356000000e+00	0.0000000000e+00
4.8399000000e+00	4.8399000000e+00	0.0000000000e+00
4.8442000000e+00	4.8442000000e+00	0.0000000000e+00
4.8485000000e+00	4.8485000000e+00	0.0000000000e+00
4.8526000000e+00	4.8526000000e+00	0.0000000000e+00
4.9872000000e+00	4.9872000000e+00	0.0000000000e+00
4.9856000000e+00	4.9856000000e+00	0.0000000000e+00
4.9840000000e+00	4.9840000000e+00	0.0000000000e+00
4.9823000000e+00	4.9823000000e+00	0.0000000000e+00
4.9807000000e+00	4.9807000000e+00	0.0000000000e+00
4.9791000000e+00	4.9791000000e+00	0.0000000000e+00
4.9775000000e+00	4.9775000000e+00	0.0000000000e+00
4.9761000000e+00	4.9761000000e+00	0.0000000000e+00
4.9747000000e+00	4.9747000000e+00	0.0000000000e+00
4.9736000000e+00	4.9736000000e+00	0.0000000000e+00
4.9727000000e+00	4.9727000000e+00	0.0000000000e+00
4.9721000000e+00	4.9721000000e+00	0.0000000000e+00
4.9717000000e+00	4.9717000000e+00	0.0000000000e+00
4.9716000000e+00	4.9716000000e+00	0.0000000000e+00
4.9718000000e+00	4.9718000000e+00	0.0000000000e+00
4.9721000000e+00	4.9721000000e+00	0.0000000000e+00
4.9724000000e+00	4.9724000000e+00	0.0000000000e+00
4.9721000000e+00	4.9721000000e+00	0.0000000000e+00
4.9713000000e+00	4.9713000000e+00	0.0000000000e+00
4.9703000000e+00	4.9703000000e+00	0.0000000000e+00
4.9691000000e+00	4.9691000000e+00	0.0000000000e+00
4.9676000000e+00	4.9676000000e+00	0.0000000000e+00
4.9662000000e+00	4.9662000000e+00	0.0000000000e+00
4.9648000000e+00	4.9648000000e+00	0.0000000000e+00
4.9635000000e+00	4.9635000000e+00	0.0000000000e+00
4.9623000000e+00	4.9623000000e+00	0.0000000000e+00
4.9613000000e+00	4.9613000000e+00	0.0000000000e+00
4.9606000000e+00	4.9606000000e+00	0.0000000000e+00
4.9600000000e+00	4.9600000000e+00	0.0000000000e+00
4.9596000000e+00	4.9596000000e+00	0.0000000000e+00
4.9590000000e+00	4.9590000000e+00	0.0000000000e+00
4.9587000000e+00	4.9587000000e+00	0.0000000000e+00
4.9588000000e+00	4.9588000000e+00	0.0000000000e+00
4.9594000000e+00	4.9594000000e+00	0.0000000000e+00
4.9604000000e+00	4.9604000000e+00	0.0000000000e+00
4.9618000000e+00	4.9618000000e+00	0.0000000000e+00
4.9637000000e+00	4.9637000000e+00	0.0000000000e+00
4.9656000000e+00	4.9656000000e+00	0.0000000000e+00
4.9676000000e+00	4.9676000000e+00	0.0000000000e+00
4.9703000000e+00	4.9703000000e+00	0.0000000000e+00
4.9734000000e+00	4.9734000000e+00	0.0000000000e+00
4.9768000000e+00	4.9768000000e+00	0.0000000000e+00
4.9799000000e+00	4.9799000000e+00	0.0000000000e+00
4.9822000000e+00	4.9822000000e+00	0.0000000000e+00
4.9842000000e+00	4.9842000000e+00	0.0000000000e+00
4.9856000000e+00	4.9856000000e+00	0.0000000000e+00
4.9861000000e+00	4.9861000000e+00	0.0000000000e+00
4.9857000000e+00	4.9857000000e+00	0.0000000000e+00
4.9841000000e+00	4.9841000000e+00	0.0000000000e+00
4.9811000000e+00	4.9811000000e+00	0.0000000000e+00
4.9767000000e+00	4.9767000000e+00	0.0000000000e+00
4.9705000000e+00	4.9705000000e+00	0.0000000000e+00
4.9623000000e+00	4.9623000000e+00	0.0000000000e+00
4.9508000000e+00	4.9508000000e+00	0.0000000000e+00
4.9372000000e+00	4.9372000000e+00	0.0000000000e+00
4.9218000000e+00	4.9218000000e+00	0.0000000000e+00
4.9026000000e+00	4.9026000000e+00	0.0000000000e+00
4.8815000000e+00	4.8815000000e+00	0.0000000000e+00
4.8602000000e+00	4.8602000000e+00	0.0000000000e+00
4.8363000000e+00	4.8363000000e+00	0.0000000000e+00
4.8127000000e+00	4.8127000000e+00	0.0000000000e+00
4.7916000000e+00	4.7916000000e+00	0.0000000000e+00
4.7732000000e+00	4.7732000000e+00	0.0000000000e+00
4.7539000000e+00	4.7539000000e+00	0.0000000000e+00
4.7386000000e+00	4.7386000000e+00	0.0000000000e+00
4.7272000000e+00	4.7272000000e+00	0.0000000000e+00
4.7191000000e+00	4.7191000000e+00	0.0000000000e+00
4.7137000000e+00	4.7137000000e+00	0.0000000000e+00
4.7107000000e+00	4.7107000000e+00	0.0000000000e+00
4.7097000000e+00	4.7097000000e+00	0.0000000000e+00
4.7107000000e+00	4.7107000000e+00	0.0000000000e+00
4.7131000000e+00	4.7131000000e+00	0.0000000000e+00
4.7170000000e+00	4.7170000000e+00	0.0000000000e+00
4.7218000000e+00	4.7218000000e+00	0.0000000000e+00
4.7267000000e+00	4.7267000000e+00	0.0000000000e+00
4.7313000000e+00	4.7313000000e+00	0.0000000000e+00
4.7351000000e+00	4.7351000000e+00	0.0000000000e+00
4.7381000000e+00	4.7381000000e+00	0.0000000000e+00
4.7405000000e+00	4.7405000000e+00	0.0000000000e+00
4.7427000000e+00	4.7427000000e+00	0.0000000000e+00
4.7451000000e+00	4.7451000000e+00	0.0000000000e+00
4.7480000000e+00	4.7480000000e+00	0.0000000000e+00
4.7515000000e+00	4.7515000000e+00	0.0000000000e+00
4.7555000000e+00	4.7555000000e+00	0.0000000000e+00
4.7599000000e+00	4.7599000000e+00	0.0000000000e+00
4.7650000000e+00	4.7650000000e+00	0.0000000000e+00
4.7702000000e+00	4.7702000000e+00	0.0000000000e+00
4.7754000000e+00	4.7754000000e+00	0.0000000000e+00
4.7807000000e+00	4.7807000000e+00	0.0000000000e+00
4.7858000000e+00	4.7858000000e+00	0.0000000000e+00
4.7910000000e+00	4.7910000000e+00	0.0000000000e+00
4.7962000000e+00	4.7962000000e+00	0.0000000000e+00
4.8012000000e+00	4.8012000000e+00	0.0000000000e+00
4.8063000000e+00	4.8063000000e+00	0.0000000000e+00
4.8113000000e+00	4.8113000000e+00	0.0000000000e+00
4.8162000000e+00	4.8162000000e+00	0.0000000000e+00
4.8210000000e+00	4.8210000000e+00	0.0000000000e+00
4.8258000000e+00	4.8258000000e+00	0.0000000000e+00
4.8305000000e+00	4.8305000000e+00	0.0000000000e+00
4.8351000000e+00	4.8351000000e+00	0.0000000000e+00
4.8396000000e+00	4.8396000000e+00	0.0000000000e+00
4.9856000000e+00	4.9856000000e+00	0.0000000000e+00
4.9838000000e+00	4.9838000000e+00	0.0000000000e+00
4.9820000000e+00	4.9820000000e+00	0.0000000000e+00
4.9802000000e+00	4.9802000000e+00	0.0000000000e+00
4.9784000000e+00	4.9784000000e+00	0.0000000000e+00
4.9767000000e+00	4.9767000000e+00	0.0000000000e+00
4.9751000000e+00	4.9751000000e+00	0.0000000000e+00
4.9736000000e+00	4.9736000000e+00	0.0000000000e+00
4.9723000000e+00	4.9723000000e+00	0.0000000000e+00
4.9712000000e+00	4.9712000000e+00	0.0000000000e+00
4.9705000000e+00	4.9705000000e+00	0.0000000000e+00
4.9701000000e+00	4.9701000000e+00	0.0000000000e+00
4.9701000000e+00	4.9701000000e+00	0.0000000000e+00
4.9705000000e+00	4.9705000000e+00	0.0000000000e+00
4.9712000000e+00	4.9712000000e+00	0.0000000000e+00
4.9722000000e+00	4.9722000000e+00	0.0000000000e+00
4.9722000000e+00	4.9722000000e+00	0.0000000000e+00
4.9720000000e+00	4.9720000000e+00	0.0000000000e+00
4.9716000000e+00	4.9716000000e+00	0.0000000000e+00
4.9706000000e+00	4.9706000000e+00	0.0000000000e+00
4.9693000000e+00	4.9693000000e+00	0.0000000000e+00
4.9677000000e+00	4.9677000000e+00	0.0000000000e+00
4.9661000000e+00	4.9661000000e+00	0.0000000000e+00
4.9645000000e+00	4.9645000000e+00	0.0000000000e+00
4.9630000000e+00	4.9630000000e+00	0.0000000000e+00
4.9616000000e+00	4.9616000000e+00	0.0000000000e+00
4.9603000000e+00	4.9603000000e+00	0.0000000000e+00
4.9590000000e+00	4.9590000000e+00	0.0000000000e+00
4.9573000000e+00	4.9573000000e+00	0.0000000000e+00
4.9556000000e+00	4.9556000000e+00	0.0000000000e+00
4.9542000000e+00	4.9542000000e+00	0.0000000000e+00
4.9531000000e+00	4.9531000000e+00	0.0000000000e+00
4.9523000000e+00	4.9523000000e+00	0.0000000000e+00
4.9519000000e+00	4.9519000000e+00	0.0000000000e+00
4.9519000000e+00	4.9519000000e+00	0.0000000000e+00
4.9521000000e+00	4.9521000000e+00	0.0000000000e+00
4.9528000000e+00	4.9528000000e+00	0.0000000000e+00
4.9541000000e+00	4.9541000000e+00	0.0000000000e+00
4.9554000000e+00	4.9554000000e+00	0.0000000000e+00
4.9577000000e+00	4.9577000000e+00	0.0000000000e+00
4.9610000000e+00	4.9610000000e+00	0.0000000000e+00
4.9652000000e+00	4.9652000000e+00	0.0000000000e+00
4.9698000000e+00	4.9698000000e+00	0.0000000000e+00
4.9738000000e+00	4.9738000000e+00	0.0000000000e+00
4.9769000000e+00	4.9769000000e+00	0.0000000000e+00
4.9793000000e+00	4.9793000000e+00	0.0000000000e+00
4.9806000000e+00	4.9806000000e+00	0.0000000000e+00
4.9804000000e+00	4.9804000000e+00	0.0000000000e+00
4.9785000000e+00	4.9785000000e+00	0.0000000000e+00
4.9748000000e+00	4.9748000000e+00	0.0000000000e+00
4.9692000000e+00	4.9692000000e+00	0.0000000000e+00
4.9617000000e+00	4.9617000000e+00	0.0000000000e+00
4.9518000000e+00	4.9518000000e+00	0.0000000000e+00
4.9387000000e+00	4.9387000000e+00	0.0000000000e+00
4.9236000000e+00	4.9236000000e+00	0.0000000000e+00
4.9068000000e+00	4.9068000000e+00	0.0000000000e+00
4.8861000000e+00	4.8861000000e+00	0.0000000000e+00
4.8630000000e+00	4.8630000000e+00	0.0000000000e+00
4.8395000000e+00	4.8395000000e+00	0.0000000000e+00
4.8139000000e+00	4.8139000000e+00	0.0000000000e+00
4.7882000000e+00	4.7882000000e+00	0.0000000000e+00
4.7657000000e+00	4.7657000000e+00	0.0000000000e+00
4.7466000000e+00	4.7466000000e+00	0.0000000000e+00
4.7267000000e+00	4.7267000000e+00	0.0000000000e+00
4.7114000000e+00	4.7114000000e+00	0.0000000000e+00
4.7003000000e+00	4.7003000000e+00	0.0000000000e+00
4.6928000000e+00	4.6928000000e+00	0.0000000000e+00
4.6879000000e+00	4.6879000000e+00	0.0000000000e+00
4.6853000000e+00	4.6853000000e+00	0.0000000000e+00
4.6846000000e+00	4.6846000000e+00	0.0000000000e+00
4.6859000000e+00	4.6859000000e+00	0.0000000000e+00
4.6892000000e+00	4.6892000000e+00	0.0000000000e+00
4.6943000000e+00	4.6943000000e+00	0.0000000000e+00
4.7005000000e+00	4.7005000000e+00	0.0000000000e+00
4.7069000000e+00	4.7069000000e+00	0.0000000000e+00
4.7125000000e+00	4.7125000000e+00	0.0000000000e+00
4.7166000000e+00	4.7166000000e+00	0.0000000000e+00
4.7193000000e+00	4.7193000000e+00	0.0000000000e+00
4.7209000000e+00	4.7209000000e+00	0.0000000000e+00
4.7223000000e+00	4.7223000000e+00	0.0000000000e+00
4.7241000000e+00	4.7241000000e+00	0.0000000000e+00
4.7266000000e+00	4.7266000000e+00	0.0000000000e+00
4.7301000000e+00	4.7301000000e+00	0.0000000000e+00
4.7343000000e+00	4.7343000000e+00	0.0000000000e+00
4.7390000000e+00	4.7390000000e+00	0.0000000000e+00
4.7447000000e+00	4.7447000000e+00	0.0000000000e+00
4.7504000000e+00	4.7504000000e+00	0.0000000000e+00
4.7560000000e+00	4.7560000000e+00	0.0000000000e+00
4.7617000000e+00	4.7617000000e+00	0.0000000000e+00
4.7674000000e+00	4.7674000000e+00	0.0000000000e+00
4.7730000000e+00	4.7730000000e+00	0.0000000000e+00
4.7786000000e+00	4.7786000000e+00	0.0000000000e+00
4.7841000000e+00	4.7841000000e+00	0.0000000000e+00
4.7896000000e+00	4.7896000000e+00	0.0000000000e+00
4.7950000000e+00	4.7950000000e+00	0.0000000000e+00
4.8003000000e+00	4.8003000000e+00	0.0000000000e+00
4.8056000000e+00	4.8056000000e+00	0.0000000000e+00
4.8107000000e+00	4.8107000000e+00	0.0000000000e+00
4.8158000000e+00	4.8158000000e+00	0.0000000000e+00
4.8208000000e+00	4.8208000000e+00	0.0000000000e+00
4.8257000000e+00	4.8257000000e+00	0.0000000000e+00
4.9838000000e+00	4.9838000000e+00	0.0000000000e+00
4.9818000000e+00	4.9818000000e+00	0.0000000000e+00
4.9799000000e+00	4.9799000000e+00	0.0000000000e+00
4.9779000000e+00	4.9779000000e+00	0.0000000000e+00
4.9760000000e+00	4.9760000000e+00	0.0000000000e+00
4.9742000000e+00	4.9742000000e+00	0.0000000000e+00
4.9725000000e+00	4.9725000000e+00	0.0000000000e+00
4.9711000000e+00	4.9711000000e+00	0.0000000000e+00
4.9698000000e+00	4.9698000000e+00	0.0000000000e+00
4.9689000000e+00	4.9689000000e+00	0.0000000000e+00
4.9684000000e+00	4.9684000000e+00	0.0000000000e+00
4.9684000000e+00	4.9684000000e+00	0.0000000000e+00
4.9689000000e+00	4.9689000000e+00	0.0000000000e+00
4.9699000000e+00	4.9699000000e+00	0.0000000000e+00
4.9714000000e+00	4.9714000000e+00	0.0000000000e+00
4.9721000000e+00	4.9721000000e+00	0.0000000000e+00
4.9728000000e+00	4.9728000000e+00	0.0000000000e+00
4.9734000000e+00	4.9734000000e+00	0.0000000000e+00
4.9734000000e+00	4.9734000000e+00	0.0000000000e+00
4.9727000000e+00	4.9727000000e+00	0.0000000000e+00
4.9713000000e+00	4.9713000000e+00	0.0000000000e+00
4.9696000000e+00	4.9696000000e+00	0.0000000000e+00
4.9677000000e+00	4.9677000000e+00	0.0000000000e+00
4.9659000000e+00	4.9659000000e+00	0.0000000000e+00
4.9641000000e+00	4.9641000000e+00	0.0000000000e+00
4.9621000000e+00	4.9621000000e+00	0.0000000000e+00
4.9600000000e+00	4.9600000000e+00	0.0000000000e+00
4.9577000000e+00	4.9577000000e+00	0.0000000000e+00
4.9552000000e+00	4.9552000000e+00	0.0000000000e+00
4.9525000000e+00	4.9525000000e+00	0.0000000000e+00
4.9499000000e+00	4.9499000000e+00	0.0000000000e+00
4.9476000000e+00	4.9476000000e+00	0.0000000000e+00
4.9455000000e+00	4.9455000000e+00	0.0000000000e+00
4.9437000000e+00	4.9437000000e+00	0.0000000000e+00
4.9419000000e+00	4.9419000000e+00	0.0000000000e+00
4.9402000000e+00	4.9402000000e+00	0.0000000000e+00
4.9386000000e+00	4.9386000000e+00	0.0000000000e+00
4.9377000000e+00	4.9377000000e+00	0.0000000000e+00
4.9381000000e+00	4.9381000000e+00	0.0000000000e+00
4.9396000000e+00	4.9396000000e+00	0.0000000000e+00
4.9427000000e+00	4.9427000000e+00	0.0000000000e+00
4.9477000000e+00	4.9477000000e+00	0.0000000000e+00
4.9541000000e+00	4.9541000000e+00	0.0000000000e+00
4.9611000000e+00	4.9611000000e+00	0.0000000000e+00
4.9664000000e+00	4.9664000000e+00	0.0000000000e+00
4.9707000000e+00	4.9707000000e+00	0.0000000000e+00
4.9734000000e+00	4.9734000000e+00	0.0000000000e+00
4.9738000000e+00	4.9738000000e+00	0.0000000000e+00
4.9717000000e+00	4.9717000000e+00	0.0000000000e+00
4.9669000000e+00	4.9669000000e+00	0.0000000000e+00
4.9597000000e+00	4.9597000000e+00	0.0000000000e+00
4.9505000000e+00	4.9505000000e+00	0.0000000000e+00
4.9386000000e+00	4.9386000000e+00	0.0000000000e+00
4.9238000000e+00	4.9238000000e+00	0.0000000000e+00
4.9075000000e+00	4.9075000000e+00	0.0000000000e+00
4.8896000000e+00	4.8896000000e+00	0.0000000000e+00
4.8675000000e+00	4.8675000000e+00	0.0000000000e+00
4.8420000000e+00	4.8420000000e+00	0.0000000000e+00
4.8162000000e+00	4.8162000000e+00	0.0000000000e+00
4.7886000000e+00	4.7886000000e+00	0.0000000000e+00
4.7609000000e+00	4.7609000000e+00	0.0000000000e+00
4.7370000000e+00	4.7370000000e+00	0.0000000000e+00
4.7173000000e+00	4.7173000000e+00	0.0000000000e+00
4.6971000000e+00	4.6971000000e+00	0.0000000000e+00
4.6821000000e+00	4.6821000000e+00	0.0000000000e+00
4.6719000000e+00	4.6719000000e+00	0.0000000000e+00
4.6656000000e+00	4.6656000000e+00	0.0000000000e+00
4.6617000000e+00	4.6617000000e+00	0.0000000000e+00
4.6596000000e+00	4.6596000000e+00	0.0000000000e+00
4.6589000000e+00	4.6589000000e+00	0.0000000000e+00
4.6603000000e+00	4.6603000000e+00	0.0000000000e+00
4.6642000000e+00	4.6642000000e+00	0.0000000000e+00
4.6708000000e+00	4.6708000000e+00	0.0000000000e+00
4.6791000000e+00	4.6791000000e+00	0.0000000000e+00
4.6877000000e+00	4.6877000000e+00	0.0000000000e+00
4.6950000000e+00	4.6950000000e+00	0.0000000000e+00
4.6995000000e+00	4.6995000000e+00	0.0000000000e+00
4.7016000000e+00	4.7016000000e+00	0.0000000000e+00
4.7022000000e+00	4.7022000000e+00	0.0000000000e+00
4.7023000000e+00	4.7023000000e+00	0.0000000000e+00
4.7028000000e+00	4.7028000000e+00	0.0000000000e+00
4.7047000000e+00	4.7047000000e+00	0.0000000000e+00
4.7079000000e+00	4.7079000000e+00	0.0000000000e+00
4.7124000000e+00	4.7124000000e+00	0.0000000000e+00
4.7175000000e+00	4.7175000000e+00	0.0000000000e+00
4.7232000000e+00	4.7232000000e+00	0.0000000000e+00
4.7294000000e+00	4.7294000000e+00	0.0000000000e+00
4.7355000000e+00	4.7355000000e+00	0.0000000000e+00
4.7417000000e+00	4.7417000000e+00	0.0000000000e+00
4.7478000000e+00	4.7478000000e+00	0.0000000000e+00
4.7539000000e+00	4.7539000000e+00	0.0000000000e+00
4.7599000000e+00	4.7599000000e+00	0.0000000000e+00
4.7659000000e+00	4.7659000000e+00	0.0000000000e+00
4.7718000000e+00	4.7718000000e+00	0.0000000000e+00
4.7777000000e+00	4.7777000000e+00	0.0000000000e+00
4.7835000000e+00	4.7835000000e+00	0.0000000000e+00
4.7891000000e+00	4.7891000000e+00	0.0000000000e+00
4.7947000000e+00	4.7947000000e+00	0.0000000000e+00
4.8002000000e+00	4.8002000000e+00	0.0000000000e+00
4.8056000000e+00	4.8056000000e+00	0.0000000000e+00
4.8108000000e+00	4.8108000000e+00	0.0000000000e+00
4.9819000000e+00	4.9819000000e+00	0.0000000000e+00
4.9797000000e+00	4.9797000000e+00	0.0000000000e+00
4.9776000000e+00	4.9776000000e+00	0.0000000000e+00
4.9755000000e+00	4.9755000000e+00	0.0000000000e+00
4.9735000000e+00	4.9735000000e+00	0.0000000000e+00
4.9716000000e+00	4.9716000000e+00	0.0000000000e+00
4.9699000000e+00	4.9699000000e+00	0.0000000000e+00
4.9685000000e+00	4.9685000000e+00	0.0000000000e+00
4.9674000000e+00	4.9674000000e+00	0.0000000000e+00
4.9667000000e+00	4.9667000000e+00	0.0000000000e+00
4.9666000000e+00	4.9666000000e+00	0.0000000000e+00
4.9670000000e+00	4.9670000000e+00	0.0000000000e+00
4.9681000000e+00	4.9681000000e+00	0.0000000000e+00
4.9699000000e+00	4.9699000000e+00	0.0000000000e+00
4.9710000000e+00	4.9710000000e+00	0.0000000000e+00
4.9727000000e+00	4.9727000000e+00	0.0000000000e+00
4.9746000000e+00	4.9746000000e+00	0.0000000000e+00
4.9762000000e+00	4.9762000000e+00	0.0000000000e+00
4.9768000000e+00	4.9768000000e+00	0.0000000000e+00
4.9760000000e+00	4.9760000000e+00	0.0000000000e+00
4.9742000000e+00	4.9742000000e+00	0.0000000000e+00
4.9720000000e+00	4.9720000000e+00	0.0000000000e+00
4.9697000000e+00	4.9697000000e+00	0.0000000000e+00
4.9675000000e+00	4.9675000000e+00	0.0000000000e+00
4.9654000000e+00	4.9654000000e+00	0.0000000000e+00
4.9634000000e+00	4.9634000000e+00	0.0000000000e+00
4.9611000000e+00	4.9611000000e+00	0.0000000000e+00
4.9583000000e+00	4.9583000000e+00	0.0000000000e+00
4.9547000000e+00	4.9547000000e+00	0.0000000000e+00
4.9504000000e+00	4.9504000000e+00	0.0000000000e+00
4.9461000000e+00	4.9461000000e+00	0.0000000000e+00
4.9421000000e+00	4.9421000000e+00	0.0000000000e+00
4.9384000000e+00	4.9384000000e+00	0.0000000000e+00
4.9346000000e+00	4.9346000000e+00	0.0000000000e+00
4.9305000000e+00	4.9305000000e+00	0.0000000000e+00
4.9257000000e+00	4.9257000000e+00	0.0000000000e+00
4.9205000000e+00	4.9205000000e+00	0.0000000000e+00
4.9157000000e+00	4.9157000000e+00	0.0000000000e+00
4.9126000000e+00	4.9126000000e+00	0.0000000000e+00
4.9129000000e+00	4.9129000000e+00	0.0000000000e+00
4.9169000000e+00	4.9169000000e+00	0.0000000000e+00
4.9226000000e+00	4.9226000000e+00	0.0000000000e+00
4.9312000000e+00	4.9312000000e+00	0.0000000000e+00
4.9417000000e+00	4.9417000000e+00	0.0000000000e+00
4.9522000000e+00	4.9522000000e+00	0.0000000000e+00
4.9599000000e+00	4.9599000000e+00	0.0000000000e+00
4.9653000000e+00	4.9653000000e+00	0.0000000000e+00
4.9672000000e+00	4.9672000000e+00	0.0000000000e+00
4.9647000000e+00	4.9647000000e+00	0.0000000000e+00
4.9578000000e+00	4.9578000000e+00	0.0000000000e+00
4.9483000000e+00	4.9483000000e+00	0.0000000000e+00
4.9369000000e+00	4.9369000000e+00	0.0000000000e+00
4.9221000000e+00	4.9221000000e+00	0.0000000000e+00
4.9047000000e+00	4.9047000000e+00	0.0000000000e+00
4.8877000000e+00	4.8877000000e+00	0.0000000000e+00
4.8694000000e+00	4.8694000000e+00	0.0000000000e+00
4.8456000000e+00	4.8456000000e+00	0.0000000000e+00
4.8165000000e+00	4.8165000000e+00	0.0000000000e+00
4.7875000000e+00	4.7875000000e+00	0.0000000000e+00
4.7575000000e+00	4.7575000000e+00	0.0000000000e+00
4.7280000000e+00	4.7280000000e+00	0.0000000000e+00
4.7036000000e+00	4.7036000000e+00	0.0000000000e+00
4.6841000000e+00	4.6841000000e+00	0.0000000000e+00
4.6639000000e+00	4.6639000000e+00	0.0000000000e+00
4.6495000000e+00	4.6495000000e+00	0.0000000000e+00
4.6411000000e+00	4.6411000000e+00	0.0000000000e+00
4.6369000000e+00	4.6369000000e+00	0.0000000000e+00
4.6347000000e+00	4.6347000000e+00	0.0000000000e+00
4.6331000000e+00	4.6331000000e+00	0.0000000000e+00
4.6319000000e+00	4.6319000000e+00	0.0000000000e+00
4.6328000000e+00	4.6328000000e+00	0.0000000000e+00
4.6369000000e+00	4.6369000000e+00	0.0000000000e+00
4.6453000000e+00	4.6453000000e+00	0.0000000000e+00
4.6567000000e+00	4.6567000000e+00	0.0000000000e+00
4.6690000000e+00	4.6690000000e+00	0.0000000000e+00
4.6791000000e+00	4.6791000000e+00	0.0000000000e+00
4.6843000000e+00	4.6843000000e+00	0.0000000000e+00
4.6853000000e+00	4.6853000000e+00	0.0000000000e+00
4.6848000000e+00	4.6848000000e+00	0.0000000000e+00
4.6833000000e+00	4.6833000000e+00	0.0000000000e+00
4.6814000000e+00	4.6814000000e+00	0.0000000000e+00
4.6817000000e+00	4.6817000000e+00	0.0000000000e+00
4.6850000000e+00	4.6850000000e+00	0.0000000000e+00
4.6898000000e+00	4.6898000000e+00	0.0000000000e+00
4.6951000000e+00	4.6951000000e+00	0.0000000000e+00
4.7006000000e+00	4.7006000000e+00	0.0000000000e+00
4.7073000000e+00	4.7073000000e+00	0.0000000000e+00
4.7139000000e+00	4.7139000000e+00	0.0000000000e+00
4.7205000000e+00	4.7205000000e+00	0.0000000000e+00
4.7272000000e+00	4.7272000000e+00	0.0000000000e+00
4.7337000000e+00	4.7337000000e+00	0.0000000000e+00
4.7402000000e+00	4.7402000000e+00	0.0000000000e+00
4.7467000000e+00	4.7467000000e+00	0.0000000000e+00
4.7531000000e+00	4.7531000000e+00	0.0000000000e+00
4.7594000000e+00	4.7594000000e+00	0.0000000000e+00
4.7656000000e+00	4.7656000000e+00	0.0000000000e+00
4.7717000000e+00	4.7717000000e+00	0.0000000000e+00
4.7777000000e+00	4.7777000000e+00	0.0000000000e+00
4.7835000000e+00	4.7835000000e+00	0.0000000000e+00
4.7893000000e+00	4.7893000000e+00	0.0000000000e+00
4.7950000000e+00	4.7950000000e+00	0.0000000000e+00
4.9798000000e+00	4.9798000000e+00	0.0000000000e+00
4.9774000000e+00	4.9774000000e+00	0.0000000000e+00
4.9751000000e+00	4.9751000000e+00	0.0000000000e+00
4.9729000000e+00	4.9729000000e+00	0.0000000000e+00
4.9708000000e+00	4.9708000000e+00	0.0000000000e+00
4.9689000000e+00	4.9689000000e+00	0.0000000000e+00
4.9672000000e+00	4.9672000000e+00	0.0000000000e+00
4.9659000000e+00	4.9659000000e+00	0.0000000000e+00
4.9650000000e+00	4.9650000000e+00	0.0000000000e+00
4.9645000000e+00	4.9645000000e+00	0.0000000000e+00
4.9648000000e+00	4.9648000000e+00	0.0000000000e+00
4.9656000000e+00	4.9656000000e+00	0.0000000000e+00
4.9673000000e+00	4.9673000000e+00	0.0000000000e+00
4.9689000000e+00	4.9689000000e+00	0.0000000000e+00
4.9709000000e+00	4.9709000000e+00	0.0000000000e+00
4.9737000000e+00	4.9737000000e+00	0.0000000000e+00
4.9771000000e+00	4.9771000000e+00	0.0000000000e+00
4.9793000000e+00	4.9793000000e+00	0.0000000000e+00
4.9803000000e+00	4.9803000000e+00	0.0000000000e+00
4.9797000000e+00	4.9797000000e+00	0.0000000000e+00
4.9777000000e+00	4.9777000000e+00	0.0000000000e+00
4.9751000000e+00	4.9751000000e+00	0.0000000000e+00
4.9727000000e+00	4.9727000000e+00	0.0000000000e+00
4.9706000000e+00	4.9706000000e+00	0.0000000000e+00
4.9687000000e+00	4.9687000000e+00	0.0000000000e+00
4.9668000000e+00	4.9668000000e+00	0.0000000000e+00
4.9646000000e+00	4.9646000000e+00	0.0000000000e+00
4.9613000000e+00	4.9613000000e+00	0.0000000000e+00
4.9561000000e+00	4.9561000000e+00	0.0000000000e+00
4.9494000000e+00	4.9494000000e+00	0.0000000000e+00
4.9426000000e+00	4.9426000000e+00	0.0000000000e+00
4.9365000000e+00	4.9365000000e+00	0.0000000000e+00
4.9309000000e+00	4.9309000000e+00	0.0000000000e+00
4.9248000000e+00	4.9248000000e+00	0.0000000000e+00
4.9176000000e+00	4.9176000000e+00	0.0000000000e+00
4.9086000000e+00	4.9086000000e+00	0.0000000000e+00
4.8975000000e+00	4.8975000000e+00	0.0000000000e+00
4.8861000000e+00	4.8861000000e+00	0.0000000000e+00
4.8777000000e+00	4.8777000000e+00	0.0000000000e+00
4.8749000000e+00	4.8749000000e+00	0.0000000000e+00
4.8784000000e+00	4.8784000000e+00	0.0000000000e+00
4.8879000000e+00	4.8879000000e+00	0.0000000000e+00
4.8995000000e+00	4.8995000000e+00	0.0000000000e+00
4.9151000000e+00	4.9151000000e+00	0.0000000000e+00
4.9340000000e+00	4.9340000000e+00	0.0000000000e+00
4.9475000000e+00	4.9475000000e+00	0.0000000000e+00
4.9582000000e+00	4.9582000000e+00	0.0000000000e+00
4.9637000000e+00	4.9637000000e+00	0.0000000000e+00
4.9601000000e+00	4.9601000000e+00	0.0000000000e+00
4.9485000000e+00	4.9485000000e+00	0.0000000000e+00
4.9350000000e+00	4.9350000000e+00	0.0000000000e+00
4.9218000000e+00	4.9218000000e+00	0.0000000000e+00
4.9016000000e+00	4.9016000000e+00	0.0000000000e+00
4.8780000000e+00	4.8780000000e+00	0.0000000000e+00
4.8628000000e+00	4.8628000000e+00	0.0000000000e+00
4.8459000000e+00	4.8459000000e+00	0.0000000000e+00
4.8185000000e+00	4.8185000000e+00	0.0000000000e+00
4.7821000000e+00	4.7821000000e+00	0.0000000000e+00
4.7494000000e+00	4.7494000000e+00	0.0000000000e+00
4.7173000000e+00	4.7173000000e+00	0.0000000000e+00
4.6859000000e+00	4.6859000000e+00	0.0000000000e+00
4.6631000000e+00	4.6631000000e+00	0.0000000000e+00
4.6453000000e+00	4.6453000000e+00	0.0000000000e+00
4.6251000000e+00	4.6251000000e+00	0.0000000000e+00
4.6115000000e+00	4.6115000000e+00	0.0000000000e+00
4.6063000000e+00	4.6063000000e+00	0.0000000000e+00
4.6060000000e+00	4.6060000000e+00	0.0000000000e+00
4.6071000000e+00	4.6071000000e+00	0.0000000000e+00
4.6062000000e+00	4.6062000000e+00	0.0000000000e+00
4.6035000000e+00	4.6035000000e+00	0.0000000000e+00
4.6022000000e+00	4.6022000000e+00	0.0000000000e+00
4.6055000000e+00	4.6055000000e+00	0.0000000000e+00
4.6157000000e+00	4.6157000000e+00	0.0000000000e+00
4.6318000000e+00	4.6318000000e+00	0.0000000000e+00
4.6500000000e+00	4.6500000000e+00	0.0000000000e+00
4.6657000000e+00	4.6657000000e+00	0.0000000000e+00
4.6711000000e+00	4.6711000000e+00	0.0000000000e+00
4.6697000000e+00	4.6697000000e+00	0.0000000000e+00
4.6694000000e+00	4.6694000000e+00	0.0000000000e+00
4.6664000000e+00	4.6664000000e+00	0.0000000000e+00
4.6594000000e+00	4.6594000000e+00	0.0000000000e+00
4.6573000000e+00	4.6573000000e+00	0.0000000000e+00
4.6610000000e+00	4.6610000000e+00	0.0000000000e+00
4.6665000000e+00	4.6665000000e+00	0.0000000000e+00
4.6722000000e+00	4.6722000000e+00	0.0000000000e+00
4.6778000000e+00	4.6778000000e+00	0.0000000000e+00
4.6840000000e+00	4.6840000000e+00	0.0000000000e+00
4.6911000000e+00	4.6911000000e+00	0.0000000000e+00
4.6983000000e+00	4.6983000000e+00	0.0000000000e+00
4.7054000000e+00	4.7054000000e+00	0.0000000000e+00
4.7124000000e+00	4.7124000000e+00	0.0000000000e+00
4.7194000000e+00	4.7194000000e+00	0.0000000000e+00
4.7263000000e+00	4.7263000000e+00	0.0000000000e+00
4.7331000000e+00	4.7331000000e+00	0.0000000000e+00
4.7399000000e+00	4.7399000000e+00	0.0000000000e+00
4.7465000000e+00	4.7465000000e+00	0.0000000000e+00
4.7531000000e+00	4.7531000000e+00	0.0000000000e+00
4.7595000000e+00	4.7595000000e+00	0.0000000000e+00
4.7658000000e+00	4.7658000000e+00	0.0000000000e+00
4.7720000000e+00	4.7720000000e+00	0.0000000000e+00
4.7780000000e+00	4.7780000000e+00	0.0000000000e+00
4.9775000000e+00	4.9775000000e+00	0.0000000000e+00
4.9749000000e+00	4.9749000000e+00	0.0000000000e+00
4.9724000000e+00	4.9724000000e+00	0.0000000000e+00
4.9701000000e+00	4.9701000000e+00	0.0000000000e+00
4.9679000000e+00	4.9679000000e+00	0.0000000000e+00
4.9659000000e+00	4.9659000000e+00	0.0000000000e+00
4.9643000000e+00	4.9643000000e+00	0.0000000000e+00
4.9631000000e+00	4.9631000000e+00	0.0000000000e+00
4.9624000000e+00	4.9624000000e+00	0.0000000000e+00
4.9623000000e+00	4.9623000000e+00	0.0000000000e+00
4.9629000000e+00	4.9629000000e+00	0.0000000000e+00
4.9643000000e+00	4.9643000000e+00	0.0000000000e+00
4.9661000000e+00	4.9661000000e+00	0.0000000000e+00
4.9677000000e+00	4.9677000000e+00	0.0000000000e+00
4.9704000000e+00	4.9704000000e+00	0.0000000000e+00
4.9745000000e+00	4.9745000000e+00	0.0000000000e+00
4.9787000000e+00	4.9787000000e+00	0.0000000000e+00
4.9829000000e+00	4.9829000000e+00	0.0000000000e+00
4.9856000000e+00	4.9856000000e+00	0.0000000000e+00
4.9852000000e+00	4.9852000000e+00	0.0000000000e+00
4.9826000000e+00	4.9826000000e+00	0.0000000000e+00
4.9795000000e+00	4.9795000000e+00	0.0000000000e+00
4.9772000000e+00	4.9772000000e+00	0.0000000000e+00
4.9753000000e+00	4.9753000000e+00	0.0000000000e+00
4.9734000000e+00	4.9734000000e+00	0.0000000000e+00
4.9717000000e+00	4.9717000000e+00	0.0000000000e+00
4.9698000000e+00	4.9698000000e+00	0.0000000000e+00
4.9667000000e+00	4.9667000000e+00	0.0000000000e+00
4.9596000000e+00	4.9596000000e+00	0.0000000000e+00
4.9496000000e+00	4.9496000000e+00	0.0000000000e+00
4.9390000000e+00	4.9390000000e+00	0.0000000000e+00
4.9303000000e+00	4.9303000000e+00	0.0000000000e+00
4.9232000000e+00	4.9232000000e+00	0.0000000000e+00
4.9145000000e+00	4.9145000000e+00	0.0000000000e+00
4.9037000000e+00	4.9037000000e+00	0.0000000000e+00
4.8889000000e+00	4.8889000000e+00	0.0000000000e+00
4.8692000000e+00	4.8692000000e+00	0.0000000000e+00
4.8474000000e+00	4.8474000000e+00	0.0000000000e+00
4.8313000000e+00	4.8313000000e+00	0.0000000000e+00
4.8256000000e+00	4.8256000000e+00	0.0000000000e+00
4.8288000000e+00	4.8288000000e+00	0.0000000000e+00
4.8407000000e+00	4.8407000000e+00	0.0000000000e+00
4.8582000000e+00	4.8582000000e+00	0.0000000000e+00
4.8810000000e+00	4.8810000000e+00	0.0000000000e+00
4.9125000000e+00	4.9125000000e+00	0.0000000000e+00
4.9337000000e+00	4.9337000000e+00	0.0000000000e+00
4.9520000000e+00	4.9520000000e+00	0.0000000000e+00
4.9648000000e+00	4.9648000000e+00	0.0000000000e+00
4.9600000000e+00	4.9600000000e+00	0.0000000000e+00
4.9368000000e+00	4.9368000000e+00	0.0000000000e+00
4.9149000000e+00	4.9149000000e+00	0.0000000000e+00
4.9079000000e+00	4.9079000000e+00	0.0000000000e+00
4.8742000000e+00	4.8742000000e+00	0.0000000000e+00
4.8316000000e+00	4.8316000000e+00	0.0000000000e+00
4.8320000000e+00	4.8320000000e+00	0.0000000000e+00
4.8211000000e+00	4.8211000000e+00	0.0000000000e+00
4.7835000000e+00	4.7835000000e+00	0.0000000000e+00
4.7357000000e+00	4.7357000000e+00	0.0000000000e+00
4.6992000000e+00	4.6992000000e+00	0.0000000000e+00
4.6712000000e+00	4.6712000000e+00	0.0000000000e+00
4.6295000000e+00	4.6295000000e+00	0.0000000000e+00
4.6124000000e+00	4.6124000000e+00	0.0000000000e+00
4.6005000000e+00	4.6005000000e+00	0.0000000000e+00
4.5770000000e+00	4.5770000000e+00	0.0000000000e+00
4.5641000000e+00	4.5641000000e+00	0.0000000000e+00
4.5657000000e+00	4.5657000000e+00	0.0000000000e+00
4.5709000000e+00	4.5709000000e+00	0.0000000000e+00
4.5780000000e+00	4.5780000000e+00	0.0000000000e+00
4.5808000000e+00	4.5808000000e+00	0.0000000000e+00
4.5743000000e+00	4.5743000000e+00	0.0000000000e+00
4.5678000000e+00	4.5678000000e+00	0.0000000000e+00
4.5683000000e+00	4.5683000000e+00	0.0000000000e+00
4.5799000000e+00	4.5799000000e+00	0.0000000000e+00
4.6068000000e+00	4.6068000000e+00	0.0000000000e+00
4.6296000000e+00	4.6296000000e+00	0.0000000000e+00
4.6528000000e+00	4.6528000000e+00	0.0000000000e+00
4.6531000000e+00	4.6531000000e+00	0.0000000000e+00
4.6472000000e+00	4.6472000000e+00	0.0000000000e+00
4.6544000000e+00	4.6544000000e+00	0.0000000000e+00
4.6511000000e+00	4.6511000000e+00	0.0000000000e+00
4.6319000000e+00	4.6319000000e+00	0.0000000000e+00
4.6298000000e+00	4.6298000000e+00	0.0000000000e+00
4.6361000000e+00	4.6361000000e+00	0.0000000000e+00
4.6427000000e+00	4.6427000000e+00	0.0000000000e+00
4.6485000000e+00	4.6485000000e+00	0.0000000000e+00
4.6545000000e+00	4.6545000000e+00	0.0000000000e+00
4.6595000000e+00	4.6595000000e+00	0.0000000000e+00
4.6671000000e+00	4.6671000000e+00	0.0000000000e+00
4.6747000000e+00	4.6747000000e+00	0.0000000000e+00
4.6823000000e+00	4.6823000000e+00	0.0000000000e+00
4.6898000000e+00	4.6898000000e+00	0.0000000000e+00
4.6973000000e+00	4.6973000000e+00	0.0000000000e+00
4.7047000000e+00	4.7047000000e+00	0.0000000000e+00
4.7119000000e+00	4.7119000000e+00	0.0000000000e+00
4.7191000000e+00	4.7191000000e+00	0.0000000000e+00
4.7262000000e+00	4.7262000000e+00	0.0000000000e+00
4.7332000000e+00	4.7332000000e+00	0.0000000000e+00
4.7401000000e+00	4.7401000000e+00	0.0000000000e+00
4.7468000000e+00	4.7468000000e+00	0.0000000000e+00
4.7533000000e+00	4.7533000000e+00	0.0000000000e+00
4.7598000000e+00	4.7598000000e+00	0.0000000000e+00
4.9751000000e+00	4.9751000000e+00	0.0000000000e+00
4.9722000000e+00	4.9722000000e+00	0.0000000000e+00
4.9695000000e+00	4.9695000000e+00	0.0000000000e+00
4.9670000000e+00	4.9670000000e+00	0.0000000000e+00
4.9648000000e+00	4.9648000000e+00	0.0000000000e+00
4.9628000000e+00	4.9628000000e+00	0.0000000000e+00
4.9612000000e+00	4.9612000000e+00	0.0000000000e+00
4.9602000000e+00	4.9602000000e+00	0.0000000000e+00
4.9597000000e+00	4.9597000000e+00	0.0000000000e+00
4.9600000000e+00	4.9600000000e+00	0.0000000000e+00
4.9611000000e+00	4.9611000000e+00	0.0000000000e+00
4.9631000000e+00	4.9631000000e+00	0.0000000000e+00
4.9643000000e+00	4.9643000000e+00	0.0000000000e+00
4.9663000000e+00	4.9663000000e+00	0.0000000000e+00
4.9693000000e+00	4.9693000000e+00	0.0000000000e+00
4.9740000000e+00	4.9740000000e+00	0.0000000000e+00
4.9799000000e+00	4.9799000000e+00	0.0000000000e+00
4.9871000000e+00	4.9871000000e+00	0.0000000000e+00
4.9915000000e+00	4.9915000000e+00	0.0000000000e+00
4.9914000000e+00	4.9914000000e+00	0.0000000000e+00
4.9875000000e+00	4.9875000000e+00	0.0000000000e+00
4.9829000000e+00	4.9829000000e+00	0.0000000000e+00
4.9817000000e+00	4.9817000000e+00	0.0000000000e+00
4.9801000000e+00	4.9801000000e+00	0.0000000000e+00
4.9781000000e+00	4.9781000000e+00	0.0000000000e+00
4.9781000000e+00	4.9781000000e+00	0.0000000000e+00
4.9775000000e+00	4.9775000000e+00	0.0000000000e+00
4.9774000000e+00	4.9774000000e+00	0.0000000000e+00
4.9670000000e+00	4.9670000000e+00	0.0000000000e+00
4.9489000000e+00	4.9489000000e+00	0.0000000000e+00
4.9337000000e+00	4.9337000000e+00	0.0000000000e+00
4.9218000000e+00	4.9218000000e+00	0.0000000000e+00
4.9175000000e+00	4.9175000000e+00	0.0000000000e+00
4.9029000000e+00	4.9029000000e+00	0.0000000000e+00
4.8912000000e+00	4.8912000000e+00	0.0000000000e+00
4.8657000000e+00	4.8657000000e+00	0.0000000000e+00
4.8363000000e+00	4.8363000000e+00	0.0000000000e+00
4.7989000000e+00	4.7989000000e+00	0.0000000000e+00
4.7720000000e+00	4.7720000000e+00	0.0000000000e+00
4.7683000000e+00	4.7683000000e+00	0.0000000000e+00
4.7695000000e+00	4.7695000000e+00	0.0000000000e+00
4.7916000000e+00	4.7916000000e+00	0.0000000000e+00
4.8096000000e+00	4.8096000000e+00	0.0000000000e+00
4.8501000000e+00	4.8501000000e+00	0.0000000000e+00
4.8883000000e+00	4.8883000000e+00	0.0000000000e+00
4.9104000000e+00	4.9104000000e+00	0.0000000000e+00
4.9247000000e+00	4.9247000000e+00	0.0000000000e+00
4.9652000000e+00	4.9652000000e+00	0.0000000000e+00
4.9600000000e+00	4.9600000000e+00	0.0000000000e+00
4.9117000000e+00	4.9117000000e+00	0.0000000000e+00
4.8477000000e+00	4.8477000000e+00	0.0000000000e+00
4.8988000000e+00	4.8988000000e+00	0.0000000000e+00
4.8247000000e+00	4.8247000000e+00	0.0000000000e+00
4.7176000000e+00	4.7176000000e+00	0.0000000000e+00
4.8079000000e+00	4.8079000000e+00	0.0000000000e+00
4.8019000000e+00	4.8019000000e+00	0.0000000000e+00
4.7349000000e+00	4.7349000000e+00	0.0000000000e+00
4.6878000000e+00	4.6878000000e+00	0.0000000000e+00
4.6480000000e+00	4.6480000000e+00	0.0000000000e+00
4.6594000000e+00	4.6594000000e+00	0.0000000000e+00
4.5363000000e+00	4.5363000000e+00	0.0000000000e+00
4.5395000000e+00	4.5395000000e+00	0.0000000000e+00
4.5499000000e+00	4.5499000000e+00	0.0000000000e+00
4.5106000000e+00	4.5106000000e+00	0.0000000000e+00
4.5045000000e+00	4.5045000000e+00	0.0000000000e+00
4.5156000000e+00	4.5156000000e+00	0.0000000000e+00
4.5244000000e+00	4.5244000000e+00	0.0000000000e+00
4.5348000000e+00	4.5348000000e+00	0.0000000000e+00
4.5680000000e+00	4.5680000000e+00	0.0000000000e+00
4.5462000000e+00	4.5462000000e+00	0.0000000000e+00
4.5265000000e+00	4.5265000000e+00	0.0000000000e+00
4.5286000000e+00	4.5286000000e+00	0.0000000000e+00
4.5343000000e+00	4.5343000000e+00	0.0000000000e+00
4.5759000000e+00	4.5759000000e+00	0.0000000000e+00
4.5779000000e+00	4.5779000000e+00	0.0000000000e+00
4.6383000000e+00	4.6383000000e+00	0.0000000000e+00
4.6163000000e+00	4.6163000000e+00	0.0000000000e+00
4.6232000000e+00	4.6232000000e+00	0.0000000000e+00
4.6110000000e+00	4.6110000000e+00	0.0000000000e+00
4.6529000000e+00	4.6529000000e+00	0.0000000000e+00
4.5995000000e+00	4.5995000000e+00	0.0000000000e+00
4.6017000000e+00	4.6017000000e+00	0.0000000000e+00
4.6097000000e+00	4.6097000000e+00	0.0000000000e+00
4.6180000000e+00	4.6180000000e+00	0.0000000000e+00
4.6234000000e+00	4.6234000000e+00	0.0000000000e+00
4.6294000000e+00	4.6294000000e+00	0.0000000000e+00
4.6336000000e+00	4.6336000000e+00	0.0000000000e+00
4.6417000000e+00	4.6417000000e+00	0.0000000000e+00
4.6498000000e+00	4.6498000000e+00	0.0000000000e+00
4.6578000000e+00	4.6578000000e+00	0.0000000000e+00
4.6658000000e+00	4.6658000000e+00	0.0000000000e+00
4.6737000000e+00	4.6737000000e+00	0.0000000000e+00
4.6816000000e+00	4.6816000000e+00	0.0000000000e+00
4.6893000000e+00	4.6893000000e+00	0.0000000000e+00
4.6970000000e+00	4.6970000000e+00	0.0000000000e+00
4.7045000000e+00	4.7045000000e+00	0.0000000000e+00
4.7119000000e+00	4.7119000000e+00	0.0000000000e+00
4.7192000000e+00	4.7192000000e+00	0.0000000000e+00
4.7263000000e+00	4.7263000000e+00	0.0000000000e+00
4.7333000000e+00	4.7333000000e+00	0.0000000000e+00
4.7401000000e+00	4.7401000000e+00	0.0000000000e+00
4.9724000000e+00	4.9724000000e+00	0.0000000000e+00
4.9693000000e+00	4.9693000000e+00	0.0000000000e+00
4.9664000000e+00	4.9664000000e+00	0.0000000000e+00
4.9637000000e+00	4.9637000000e+00	0.0000000000e+00
4.9613000000e+00	4.9613000000e+00	0.0000000000e+00
4.9593000000e+00	4.9593000000e+00	0.0000000000e+00
4.9578000000e+00	4.9578000000e+00	0.0000000000e+00
4.9569000000e+00	4.9569000000e+00	0.0000000000e+00
4.9568000000e+00	4.9568000000e+00	0.0000000000e+00
4.9575000000e+00	4.9575000000e+00	0.0000000000e+00
4.9592000000e+00	4.9592000000e+00	0.0000000000e+00
4.9610000000e+00	4.9610000000e+00	0.0000000000e+00
4.9627000000e+00	4.9627000000e+00	0.0000000000e+00
4.9652000000e+00	4.9652000000e+00	0.0000000000e+00
4.9680000000e+00	4.9680000000e+00	0.0000000000e+00
4.9706000000e+00	4.9706000000e+00	0.0000000000e+00
4.9804000000e+00	4.9804000000e+00	0.0000000000e+00
4.9892000000e+00	4.9892000000e+00	0.0000000000e+00
4.9967000000e+00	4.9967000000e+00	0.0000000000e+00
4.9974000000e+00	4.9974000000e+00	0.0000000000e+00
4.9950000000e+00	4.9950000000e+00	0.0000000000e+00
4.9878000000e+00	4.9878000000e+00	0.0000000000e+00
4.9884000000e+00	4.9884000000e+00	0.0000000000e+00
4.9832000000e+00	4.9832000000e+00	0.0000000000e+00
4.9803000000e+00	4.9803000000e+00	0.0000000000e+00
4.9883000000e+00	4.9883000000e+00	0.0000000000e+00
4.9867000000e+00	4.9867000000e+00	0.0000000000e+00
4.9929000000e+00	4.9929000000e+00	0.0000000000e+00
4.9788000000e+00	4.9788000000e+00	0.0000000000e+00
4.9470000000e+00	4.9470000000e+00	0.0000000000e+00
4.9301000000e+00	4.9301000000e+00	0.0000000000e+00
4.9145000000e+00	4.9145000000e+00	0.0000000000e+00
4.9248000000e+00	4.9248000000e+00	0.0000000000e+00
4.8817000000e+00	4.8817000000e+00	0.0000000000e+00
4.8695000000e+00	4.8695000000e+00	0.0000000000e+00
4.8196000000e+00	4.8196000000e+00	0.0000000000e+00
4.7907000000e+00	4.7907000000e+00	0.0000000000e+00
4.7629000000e+00	4.7629000000e+00	0.0000000000e+00
4.7678000000e+00	4.7678000000e+00	0.0000000000e+00
4.7316000000e+00	4.7316000000e+00	0.0000000000e+00
4.6890000000e+00	4.6890000000e+00	0.0000000000e+00
4.7085000000e+00	4.7085000000e+00	0.0000000000e+00
4.7702000000e+00	4.7702000000e+00	0.0000000000e+00
4.9285000000e+00	4.9285000000e+00	0.0000000000e+00
4.9098000000e+00	4.9098000000e+00	0.0000000000e+00
4.8848000000e+00	4.8848000000e+00	0.0000000000e+00
4.7673000000e+00	4.7673000000e+00	0.0000000000e+00
4.8906000000e+00	4.8906000000e+00	0.0000000000e+00
4.9141000000e+00	4.9141000000e+00	0.0000000000e+00
4.8017000000e+00	4.8017000000e+00	0.0000000000e+00
4.7639000000e+00	4.7639000000e+00	0.0000000000e+00
4.7668000000e+00	4.7668000000e+00	0.0000000000e+00
4.8194000000e+00	4.8194000000e+00	0.0000000000e+00
4.7357000000e+00	4.7357000000e+00	0.0000000000e+00
4.6419000000e+00	4.6419000000e+00	0.0000000000e+00
4.6740000000e+00	4.6740000000e+00	0.0000000000e+00
4.6979000000e+00	4.6979000000e+00	0.0000000000e+00
4.6350000000e+00	4.6350000000e+00	0.0000000000e+00
4.4873000000e+00	4.4873000000e+00	0.0000000000e+00
4.5892000000e+00	4.5892000000e+00	0.0000000000e+00
4.5358000000e+00	4.5358000000e+00	0.0000000000e+00
4.4591000000e+00	4.4591000000e+00	0.0000000000e+00
4.4575000000e+00	4.4575000000e+00	0.0000000000e+00
4.4581000000e+00	4.4581000000e+00	0.0000000000e+00
4.4599000000e+00	4.4599000000e+00	0.0000000000e+00
4.4643000000e+00	4.4643000000e+00	0.0000000000e+00
4.4671000000e+00	4.4671000000e+00	0.0000000000e+00
4.4721000000e+00	4.4721000000e+00	0.0000000000e+00
4.4896000000e+00	4.4896000000e+00	0.0000000000e+00
4.5192000000e+00	4.5192000000e+00	0.0000000000e+00
4.4895000000e+00	4.4895000000e+00	0.0000000000e+00
4.5252000000e+00	4.5252000000e+00	0.0000000000e+00
4.5047000000e+00	4.5047000000e+00	0.0000000000e+00
4.5172000000e+00	4.5172000000e+00	0.0000000000e+00
4.5530000000e+00	4.5530000000e+00	0.0000000000e+00
4.5601000000e+00	4.5601000000e+00	0.0000000000e+00
4.5709000000e+00	4.5709000000e+00	0.0000000000e+00
4.5728000000e+00	4.5728000000e+00	0.0000000000e+00
4.6013000000e+00	4.6013000000e+00	0.0000000000e+00
4.6054000000e+00	4.6054000000e+00	0.0000000000e+00
4.6057000000e+00	4.6057000000e+00	0.0000000000e+00
4.5706000000e+00	4.5706000000e+00	0.0000000000e+00
4.5802000000e+00	4.5802000000e+00	0.0000000000e+00
4.5899000000e+00	4.5899000000e+00	0.0000000000e+00
4.5965000000e+00	4.5965000000e+00	0.0000000000e+00
4.5974000000e+00	4.5974000000e+00	0.0000000000e+00
4.6060000000e+00	4.6060000000e+00	0.0000000000e+00
4.6146000000e+00	4.6146000000e+00	0.0000000000e+00
4.6231000000e+00	4.6231000000e+00	0.0000000000e+00
4.6316000000e+00	4.6316000000e+00	0.0000000000e+00
4.6401000000e+00	4.6401000000e+00	0.0000000000e+00
4.6485000000e+00	4.6485000000e+00	0.0000000000e+00
4.6568000000e+00	4.6568000000e+00	0.0000000000e+00
4.6650000000e+00	4.6650000000e+00	0.0000000000e+00
4.6730000000e+00	4.6730000000e+00	0.0000000000e+00
4.6810000000e+00	4.6810000000e+00	0.0000000000e+00
4.6889000000e+00	4.6889000000e+00	0.0000000000e+00
4.6966000000e+00	4.6966000000e+00	0.0000000000e+00
4.7041000000e+00	4.7041000000e+00	0.0000000000e+00
4.7115000000e+00	4.7115000000e+00	0.0000000000e+00
4.7187000000e+00	4.7187000000e+00	0.0000000000e+00
4.9695000000e+00	4.9695000000e+00	0.0000000000e+00
4.9661000000e+00	4.9661000000e+00	0.0000000000e+00
4.9630000000e+00	4.9630000000e+00	0.0000000000e+00
4.9601000000e+00	4.9601000000e+00	0.0000000000e+00
4.9576000000e+00	4.9576000000e+00	0.0000000000e+00
4.9556000000e+00	4.9556000000e+00	0.0000000000e+00
4.9541000000e+00	4.9541000000e+00	0.0000000000e+00
4.9534000000e+00	4.9534000000e+00	0.0000000000e+00
4.9536000000e+00	4.9536000000e+00	0.0000000000e+00
4.9548000000e+00	4.9548000000e+00	0.0000000000e+00
4.9572000000e+00	4.9572000000e+00	0.0000000000e+00
4.9587000000e+00	4.9587000000e+00	0.0000000000e+00
4.9614000000e+00	4.9614000000e+00	0.0000000000e+00
4.9653000000e+00	4.9653000000e+00	0.0000000000e+00
4.9689000000e+00	4.9689000000e+00	0.0000000000e+00
4.9686000000e+00	4.9686000000e+00	0.0000000000e+00
4.9648000000e+00	4.9648000000e+00	0.0000000000e+00
4.9938000000e+00	4.9938000000e+00	0.0000000000e+00
4.9981000000e+00	4.9981000000e+00	0.0000000000e+00
4.9987000000e+00	4.9987000000e+00	0.0000000000e+00
4.9992000000e+00	4.9992000000e+00	0.0000000000e+00
4.9951000000e+00	4.9951000000e+00	0.0000000000e+00
4.9935000000e+00	4.9935000000e+00	0.0000000000e+00
4.9949000000e+00	4.9949000000e+00	0.0000000000e+00
4.9928000000e+00	4.9928000000e+00	0.0000000000e+00
4.9955000000e+00	4.9955000000e+00	0.0000000000e+00
4.9983000000e+00	4.9983000000e+00	0.0000000000e+00
4.9938000000e+00	4.9938000000e+00	0.0000000000e+00
4.9905000000e+00	4.9905000000e+00	0.0000000000e+00
4.9686000000e+00	4.9686000000e+00	0.0000000000e+00
4.9551000000e+00	4.9551000000e+00	0.0000000000e+00
4.9204000000e+00	4.9204000000e+00	0.0000000000e+00
4.8964000000e+00	4.8964000000e+00	0.0000000000e+00
4.8984000000e+00	4.8984000000e+00	0.0000000000e+00
4.8315000000e+00	4.8315000000e+00	0.0000000000e+00
4.7599000000e+00	4.7599000000e+00	0.0000000000e+00
4.7392000000e+00	4.7392000000e+00	0.0000000000e+00
4.7198000000e+00	4.7198000000e+00	0.0000000000e+00
4.7151000000e+00	4.7151000000e+00	0.0000000000e+00
4.6497000000e+00	4.6497000000e+00	0.0000000000e+00
4.6447000000e+00	4.6447000000e+00	0.0000000000e+00
4.7127000000e+00	4.7127000000e+00	0.0000000000e+00
4.7161000000e+00	4.7161000000e+00	0.0000000000e+00
4.6590000000e+00	4.6590000000e+00	0.0000000000e+00
4.6917000000e+00	4.6917000000e+00	0.0000000000e+00
4.6579000000e+00	4.6579000000e+00	0.0000000000e+00
4.6243000000e+00	4.6243000000e+00	0.0000000000e+00
4.6440000000e+00	4.6440000000e+00	0.0000000000e+00
4.8354000000e+00	4.8354000000e+00	0.0000000000e+00
4.7894000000e+00	4.7894000000e+00	0.0000000000e+00
4.9088000000e+00	4.9088000000e+00	0.0000000000e+00
4.7376000000e+00	4.7376000000e+00	0.0000000000e+00
4.6794000000e+00	4.6794000000e+00	0.0000000000e+00
4.8166000000e+00	4.8166000000e+00	0.0000000000e+00
4.6831000000e+00	4.6831000000e+00	0.0000000000e+00
4.6712000000e+00	4.6712000000e+00	0.0000000000e+00
4.5902000000e+00	4.5902000000e+00	0.0000000000e+00
4.5554000000e+00	4.5554000000e+00	0.0000000000e+00
4.5332000000e+00	4.5332000000e+00	0.0000000000e+00
4.4555000000e+00	4.4555000000e+00	0.0000000000e+00
4.5901000000e+00	4.5901000000e+00	0.0000000000e+00
4.5746000000e+00	4.5746000000e+00	0.0000000000e+00
4.4654000000e+00	4.4654000000e+00	0.0000000000e+00
4.4828000000e+00	4.4828000000e+00	0.0000000000e+00
4.4597000000e+00	4.4597000000e+00	0.0000000000e+00
4.5208000000e+00	4.5208000000e+00	0.0000000000e+00
4.4981000000e+00	4.4981000000e+00	0.0000000000e+00
4.4708000000e+00	4.4708000000e+00	0.0000000000e+00
4.4428000000e+00	4.4428000000e+00	0.0000000000e+00
4.4475000000e+00	4.4475000000e+00	0.0000000000e+00
4.4593000000e+00	4.4593000000e+00	0.0000000000e+00
4.4647000000e+00	4.4647000000e+00	0.0000000000e+00
4.4650000000e+00	4.4650000000e+00	0.0000000000e+00
4.4792000000e+00	4.4792000000e+00	0.0000000000e+00
4.4902000000e+00	4.4902000000e+00	0.0000000000e+00
4.4987000000e+00	4.4987000000e+00	0.0000000000e+00
4.5188000000e+00	4.5188000000e+00	0.0000000000e+00
4.5489000000e+00	4.5489000000e+00	0.0000000000e+00
4.5920000000e+00	4.5920000000e+00	0.0000000000e+00
4.5418000000e+00	4.5418000000e+00	0.0000000000e+00
4.5725000000e+00	4.5726000000e+00	-9.4978618478e-06
4.5407000000e+00	4.5407000000e+00	0.0000000000e+00
4.5493000000e+00	4.5493000000e+00	0.0000000000e+00
4.5586000000e+00	4.5586000000e+00	0.0000000000e+00
4.5774000000e+00	4.5774000000e+00	0.0000000000e+00
4.5673000000e+00	4.5673000000e+00	0.0000000000e+00
4.5763000000e+00	4.5763000000e+00	0.0000000000e+00
4.5853000000e+00	4.5853000000e+00	0.0000000000e+00
4.5943000000e+00	4.5943000000e+00	0.0000000000e+00
4.6033000000e+00	4.6033000000e+00	0.0000000000e+00
4.6122000000e+00	4.6122000000e+00	0.0000000000e+00
4.6210000000e+00	4.6210000000e+00	0.0000000000e+00
4.6297000000e+00	4.6297000000e+00	0.0000000000e+00
4.6384000000e+00	4.6384000000e+00	0.0000000000e+00
4.6469000000e+00	4.6469000000e+00	0.0000000000e+00
4.6554000000e+00	4.6554000000e+00	0.0000000000e+00
4.6637000000e+00	4.6637000000e+00	0.0000000000e+00
4.6718000000e+00	4.6718000000e+00	0.0000000000e+00
4.6798000000e+00	4.6798000000e+00	0.0000000000e+00
4.6876000000e+00	4.6876000000e+00	0.0000000000e+00
4.6952000000e+00	4.6952000000e+00	0.0000000000e+00
4.9663000000e+00	4.9663000000e+00	0.0000000000e+00
4.9626000000e+00	4.9626000000e+00	0.0000000000e+00
4.9592000000e+00	4.9592000000e+00	0.0000000000e+00
4.9562000000e+00	4.9562000000e+00	0.0000000000e+00
4.9535000000e+00	4.9535000000e+00	0.0000000000e+00
4.9514000000e+00	4.9514000000e+00	0.0000000000e+00
4.9500000000e+00	4.9500000000e+00	0.0000000000e+00
4.9494000000e+00	4.9494000000e+00	0.0000000000e+00
4.9499000000e+00	4.9499000000e+00	0.0000000000e+00
4.9517000000e+00	4.9517000000e+00	0.0000000000e+00
4.9540000000e+00	4.9540000000e+00	0.0000000000e+00
4.9563000000e+00	4.9563000000e+00	0.0000000000e+00
4.9605000000e+00	4.9605000000e+00	0.0000000000e+00
4.9668000000e+00	4.9668000000e+00	0.0000000000e+00
4.9726000000e+00	4.9726000000e+00	0.0000000000e+00
4.9754000000e+00	4.9754000000e+00	0.0000000000e+00
4.9867000000e+00	4.9867000000e+00	0.0000000000e+00
4.9878000000e+00	4.9878000000e+00	0.0000000000e+00
4.9980000000e+00	4.9980000000e+00	0.0000000000e+00
4.9993000000e+00	4.9993000000e+00	0.0000000000e+00
4.9999000000e+00	4.9999000000e+00	0.0000000000e+00
4.9984000000e+00	4.9984000000e+00	0.0000000000e+00
4.9985000000e+00	4.9985000000e+00	0.0000000000e+00
4.9992000000e+00	4.9992000000e+00	0.0000000000e+00
4.9993000000e+00	4.9993000000e+00	0.0000000000e+00
4.9997000000e+00	4.9997000000e+00	0.0000000000e+00
4.9995000000e+00	4.9995000000e+00	0.0000000000e+00
4.9973000000e+00	4.9973000000e+00	0.0000000000e+00
4.9877000000e+00	4.9877000000e+00	0.0000000000e+00
4.9827000000e+00	4.9827000000e+00	0.0000000000e+00
4.9651000000e+00	4.9651000000e+00	0.0000000000e+00
4.9182000000e+00	4.9182000000e+00	0.0000000000e+00
4.8933000000e+00	4.8933000000e+00	0.0000000000e+00
4.8431000000e+00	4.8431000000e+00	0.0000000000e+00
4.7944000000e+00	4.7944000000e+00	0.0000000000e+00
4.7291000000e+00	4.7291000000e+00	0.0000000000e+00
4.6933000000e+00	4.6933000000e+00	0.0000000000e+00
4.6621000000e+00	4.6621000000e+00	0.0000000000e+00
4.6645000000e+00	4.6645000000e+00	0.0000000000e+00
4.6499000000e+00	4.6499000000e+00	0.0000000000e+00
4.6129000000e+00	4.6129000000e+00	0.0000000000e+00
4.7246000000e+00	4.7246000000e+00	0.0000000000e+00
4.5934000000e+00	4.5934000000e+00	0.0000000000e+00
4.5651000000e+00	4.5651000000e+00	0.0000000000e+00
4.5330000000e+00	4.5330000000e+00	0.0000000000e+00
4.5674000000e+00	4.5674000000e+00	0.0000000000e+00
4.5326000000e+00	4.5326000000e+00	0.0000000000e+00
4.5462000000e+00	4.5462000000e+00	0.0000000000e+00
4.5655000000e+00	4.5655000000e+00	0.0000000000e+00
4.6152000000e+00	4.6152000000e+00	0.0000000000e+00
4.5585000000e+00	4.5585000000e+00	0.0000000000e+00
4.6359000000e+00	4.6359000000e+00	0.0000000000e+00
4.6741000000e+00	4.6741000000e+00	0.0000000000e+00
4.5969000000e+00	4.5969000000e+00	0.0000000000e+00
4.5530000000e+00	4.5530000000e+00	0.0000000000e+00
4.4983000000e+00	4.4983000000e+00	0.0000000000e+00
4.4775000000e+00	4.4775000000e+00	0.0000000000e+00
4.4824000000e+00	4.4824000000e+00	0.0000000000e+00
4.5225000000e+00	4.5225000000e+00	0.0000000000e+00
4.3861000000e+00	4.3861000000e+00	0.0000000000e+00
4.5393000000e+00	4.5393000000e+00	0.0000000000e+00
4.5398000000e+00	4.5398000000e+00	0.0000000000e+00
4.4562000000e+00	4.4562000000e+00	0.0000000000e+00
4.4290000000e+00	4.4290000000e+00	0.0000000000e+00
4.4369000000e+00	4.4369000000e+00	0.0000000000e+00
4.4264000000e+00	4.4264000000e+00	0.0000000000e+00
4.4642000000e+00	4.4642000000e+00	0.0000000000e+00
4.4288000000e+00	4.4288000000e+00	0.0000000000e+00
4.4264000000e+00	4.4264000000e+00	0.0000000000e+00
4.4113000000e+00	4.4113000000e+00	0.0000000000e+00
4.4573000000e+00	4.4573000000e+00	0.0000000000e+00
4.4473000000e+00	4.4473000000e+00	0.0000000000e+00
4.4380000000e+00	4.4380000000e+00	0.0000000000e+00
4.4367000000e+00	4.4367000000e+00	0.0000000000e+00
4.4521000000e+00	4.4521000000e+00	0.0000000000e+00
4.4539000000e+00	4.4539000000e+00	0.0000000000e+00
4.4718000000e+00	4.4718000000e+00	0.0000000000e+00
4.4952000000e+00	4.4952000000e+00	0.0000000000e+00
4.4952000000e+00	4.4952000000e+00	0.0000000000e+00
4.5566000000e+00	4.5566000000e+00	0.0000000000e+00
4.5624000000e+00	4.5624000000e+00	0.0000000000e+00
4.5259000000e+00	4.5259000000e+00	0.0000000000e+00
4.5187000000e+00	4.5187000000e+00	0.0000000000e+00
4.5244000000e+00	4.5244000000e+00	0.0000000000e+00
4.5330000000e+00	4.5330000000e+00	0.0000000000e+00
4.5343000000e+00	4.5343000000e+00	0.0000000000e+00
4.5437000000e+00	4.5437000000e+00	0.0000000000e+00
4.5531000000e+00	4.5531000000e+00	0.0000000000e+00
4.5626000000e+00	4.5626000000e+00	0.0000000000e+00
4.5720000000e+00	4.5720000000e+00	0.0000000000e+00
4.5813000000e+00	4.5813000000e+00	0.0000000000e+00
4.5906000000e+00	4.5906000000e+00	0.0000000000e+00
4.5998000000e+00	4.5998000000e+00	0.0000000000e+00
4.6090000000e+00	4.6090000000e+00	0.0000000000e+00
4.6180000000e+00	4.6180000000e+00	0.0000000000e+00
4.6269000000e+00	4.6269000000e+00	0.0000000000e+00
4.6356000000e+00	4.6356000000e+00	0.0000000000e+00
4.6442000000e+00	4.6442000000e+00	0.0000000000e+00
4.6526000000e+00	4.6526000000e+00	0.0000000000e+00
4.6609000000e+00	4.6609000000e+00	0.0000000000e+00
4.6690000000e+00	4.6690000000e+00	0.0000000000e+00
4.9629000000e+00	4.9629000000e+00	0.0000000000e+00
4.9588000000e+00	4.9588000000e+00	0.0000000000e+00
4.9552000000e+00	4.9552000000e+00	0.0000000000e+00
4.9519000000e+00	4.9519000000e+00	0.0000000000e+00
4.9490000000e+00	4.9490000000e+00	0.0000000000e+00
4.9468000000e+00	4.9468000000e+00	0.0000000000e+00
4.9454000000e+00	4.9454000000e+00	0.0000000000e+00
4.9449000000e+00	4.9449000000e+00	0.0000000000e+00
4.9457000000e+00	4.9457000000e+00	0.0000000000e+00
4.9479000000e+00	4.9479000000e+00	0.0000000000e+00
4.9501000000e+00	4.9501000000e+00	0.0000000000e+00
4.9532000000e+00	4.9532000000e+00	0.0000000000e+00
4.9588000000e+00	4.9588000000e+00	0.0000000000e+00
4.9666000000e+00	4.9666000000e+00	0.0000000000e+00
4.9772000000e+00	4.9772000000e+00	0.0000000000e+00
4.9926000000e+00	4.9926000000e+00	0.0000000000e+00
4.9956000000e+00	4.9956000000e+00	0.0000000000e+00
4.9896000000e+00	4.9896000000e+00	0.0000000000e+00
4.9990000000e+00	4.9990000000e+00	0.0000000000e+00
4.9994000000e+00	4.9994000000e+00	0.0000000000e+00
4.9993000000e+00	4.9993000000e+00	0.0000000000e+00
4.9995000000e+00	4.9995000000e+00	0.0000000000e+00
5.0000000000e+00	5.0000000000e+00	0.0000000000e+00
5.0000000000e+00	5.0000000000e+00	0.0000000000e+00
4.9999000000e+00	4.9999000000e+00	0.0000000000e+00
5.0000000000e+00	5.0000000000e+00	0.0000000000e+00
4.9955000000e+00	4.9955000000e+00	0.0000000000e+00
4.9987000000e+00	4.9987000000e+00	0.0000000000e+00
4.9967000000e+00	4.9967000000e+00	0.0000000000e+00
4.9843000000e+00	4.9843000000e+00	0.0000000000e+00
4.9647000000e+00	4.9647000000e+00	0.0000000000e+00
4.9347000000e+00	4.9347000000e+00	0.0000000000e+00
4.8976000000e+00	4.8976000000e+00	0.0000000000e+00
4.8387000000e+00	4.8387000000e+00	0.0000000000e+00
4.7521000000e+00	4.7521000000e+00	0.0000000000e+00
4.6949000000e+00	4.6949000000e+00	0.0000000000e+00
4.6516000000e+00	4.6516000000e+00	0.0000000000e+00
4.6121000000e+00	4.6121000000e+00	0.0000000000e+00
4.5996000000e+00	4.5996000000e+00	0.0000000000e+00
4.5871000000e+00	4.5871000000e+00	0.0000000000e+00
4.5515000000e+00	4.5515000000e+00	0.0000000000e+00
4.5180000000e+00	4.5180000000e+00	0.0000000000e+00
4.5350000000e+00	4.5350000000e+00	0.0000000000e+00
4.5888000000e+00	4.5888000000e+00	0.0000000000e+00
4.5071000000e+00	4.5071000000e+00	0.0000000000e+00
4.4785000000e+00	4.4785000000e+00	0.0000000000e+00
4.4728000000e+00	4.4728000000e+00	0.0000000000e+00
4.4430000000e+00	4.4430000000e+00	0.0000000000e+00
4.4562000000e+00	4.4562000000e+00	0.0000000000e+00
4.4824000000e+00	4.4824000000e+00	0.0000000000e+00
4.4361000000e+00	4.4361000000e+00	0.0000000000e+00
4.4138000000e+00	4.4138000000e+00	0.0000000000e+00
4.4056000000e+00	4.4056000000e+00	0.0000000000e+00
4.4559000000e+00	4.4559000000e+00	0.0000000000e+00
4.4351000000e+00	4.4351000000e+00	0.0000000000e+00
4.4519000000e+00	4.4519000000e+00	0.0000000000e+00
4.4201000000e+00	4.4201000000e+00	0.0000000000e+00
4.4348000000e+00	4.4348000000e+00	0.0000000000e+00
4.4461000000e+00	4.4461000000e+00	0.0000000000e+00
4.4446000000e+00	4.4446000000e+00	0.0000000000e+00
4.3785000000e+00	4.3785000000e+00	0.0000000000e+00
4.5010000000e+00	4.5010000000e+00	0.0000000000e+00
4.4316000000e+00	4.4316000000e+00	0.0000000000e+00
4.4574000000e+00	4.4574000000e+00	0.0000000000e+00
4.3847000000e+00	4.3847000000e+00	0.0000000000e+00
4.3548000000e+00	4.3548000000e+00	0.0000000000e+00
4.3946000000e+00	4.3946000000e+00	0.0000000000e+00
4.3627000000e+00	4.3627000000e+00	0.0000000000e+00
4.3703000000e+00	4.3703000000e+00	0.0000000000e+00
4.4294000000e+00	4.4294000000e+00	0.0000000000e+00
4.4289000000e+00	4.4289000000e+00	0.0000000000e+00
4.3928000000e+00	4.3928000000e+00	0.0000000000e+00
4.4394000000e+00	4.4394000000e+00	0.0000000000e+00
4.4413000000e+00	4.4413000000e+00	0.0000000000e+00
4.4092000000e+00	4.4092000000e+00	0.0000000000e+00
4.4144000000e+00	4.4144000000e+00	0.0000000000e+00
4.4316000000e+00	4.4316000000e+00	0.0000000000e+00
4.4329000000e+00	4.4329000000e+00	0.0000000000e+00
4.4543000000e+00	4.4543000000e+00	0.0000000000e+00
4.4593000000e+00	4.4593000000e+00	0.0000000000e+00
4.4595000000e+00	4.4595000000e+00	0.0000000000e+00
4.4734000000e+00	4.4734000000e+00	0.0000000000e+00
4.4788000000e+00	4.4788000000e+00	0.0000000000e+00
4.4896000000e+00	4.4896000000e+00	0.0000000000e+00
4.4914000000e+00	4.4914000000e+00	0.0000000000e+00
4.4972000000e+00	4.4972000000e+00	0.0000000000e+00
4.5070000000e+00	4.5070000000e+00	0.0000000000e+00
4.5169000000e+00	4.5169000000e+00	0.0000000000e+00
4.5268000000e+00	4.5268000000e+00	0.0000000000e+00
4.5366000000e+00	4.5366000000e+00	0.0000000000e+00
4.5465000000e+00	4.5465000000e+00	0.0000000000e+00
4.5563000000e+00	4.5563000000e+00	0.0000000000e+00
4.5660000000e+00	4.5660000000e+00	0.0000000000e+00
4.5756000000e+00	4.5756000000e+00	0.0000000000e+00
4.5852000000e+00	4.5852000000e+00	0.0000000000e+00
4.5946000000e+00	4.5946000000e+00	0.0000000000e+00
4.6038000000e+00	4.6038000000e+00	0.0000000000e+00
4.6129000000e+00	4.6129000000e+00	0.0000000000e+00
4.6219000000e+00	4.6219000000e+00	0.0000000000e+00
4.6306000000e+00	4.6306000000e+00	0.0000000000e+00
4.6392000000e+00	4.6392000000e+00	0.0000000000e+00
4.9592000000e+00	4.9592000000e+00	0.0000000000e+00
4.9548000000e+00	4.9548000000e+00	0.0000000000e+00
4.9508000000e+00	4.9508000000e+00	0.0000000000e+00
4.9472000000e+00	4.9472000000e+00	0.0000000000e+00
4.9441000000e+00	4.9441000000e+00	0.0000000000e+00
4.9417000000e+00	4.9417000000e+00	0.0000000000e+00
4.9402000000e+00	4.9402000000e+00	0.0000000000e+00
4.9397000000e+00	4.9397000000e+00	0.0000000000e+00
4.9407000000e+00	4.9407000000e+00	0.0000000000e+00
4.9433000000e+00	4.9433000000e+00	0.0000000000e+00
4.9453000000e+00	4.9453000000e+00	0.0000000000e+00
4.9488000000e+00	4.9488000000e+00	0.0000000000e+00
4.9552000000e+00	4.9552000000e+00	0.0000000000e+00
4.9632000000e+00	4.9632000000e+00	0.0000000000e+00
4.9731000000e+00	4.9731000000e+00	0.0000000000e+00
4.9759000000e+00	4.9759000000e+00	0.0000000000e+00
4.9946000000e+00	4.9946000000e+00	0.0000000000e+00
4.9968000000e+00	4.9968000000e+00	0.0000000000e+00
4.9995000000e+00	4.9995000000e+00	0.0000000000e+00
5.0000000000e+00	5.0000000000e+00	0.0000000000e+00
5.0000000000e+00	5.0000000000e+00	0.0000000000e+00
5.0000000000e+00	5.0000000000e+00	0.0000000000e+00
5.0000000000e+00	5.0000000000e+00	0.0000000000e+00
4.9997000000e+00	4.9997000000e+00	0.0000000000e+00
4.9903000000e+00	4.9903000000e+00	0.0000000000e+00
4.5043000000e+00	4.5043000000e+00	0.0000000000e+00
-3.0970000000e+00	-3.0970000000e+00	NA
4.1131000000e+00	4.1131000000e+00	0.0000000000e+00
4.1480000000e+00	4.1480000000e+00	0.0000000000e+00
4.1882000000e+00	4.1882000000e+00	0.0000000000e+00
1.3158000000e+00	1.3158000000e+00	0.0000000000e+00
2.2752000000e+00	2.2752000000e+00	0.0000000000e+00
3.7800000000e+00	3.7800000000e+00	0.0000000000e+00
4.5071000000e+00	4.5071000000e+00	0.0000000000e+00
4.6044000000e+00	4.6044000000e+00	0.0000000000e+00
4.6163000000e+00	4.6163000000e+00	0.0000000000e+00
4.5841000000e+00	4.5841000000e+00	0.0000000000e+00
4.5535000000e+00	4.5535000000e+00	0.0000000000e+00
4.5312000000e+00	4.5312000000e+00	0.0000000000e+00
4.4838000000e+00	4.4838000000e+00	0.0000000000e+00
4.4983000000e+00	4.4983000000e+00	0.0000000000e+00
4.4633000000e+00	4.4633000000e+00	0.0000000000e+00
4.4490000000e+00	4.4490000000e+00	0.0000000000e+00
4.4565000000e+00	4.4565000000e+00	0.0000000000e+00
4.4053000000e+00	4.4053000000e+00	0.0000000000e+00
4.4184000000e+00	4.4184000000e+00	0.0000000000e+00
4.3762000000e+00	4.3762000000e+00	0.0000000000e+00
4.3903000000e+00	4.3903000000e+00	0.0000000000e+00
4.3826000000e+00	4.3826000000e+00	0.0000000000e+00
4.3513000000e+00	4.3513000000e+00	0.0000000000e+00
4.3436000000e+00	4.3436000000e+00	0.0000000000e+00
4.4160000000e+00	4.4160000000e+00	0.0000000000e+00
4.3470000000e+00	4.3470000000e+00	0.0000000000e+00
4.4303000000e+00	4.4303000000e+00	0.0000000000e+00
4.3636000000e+00	4.3636000000e+00	0.0000000000e+00
4.3830000000e+00	4.3830000000e+00	0.0000000000e+00
4.3575000000e+00	4.3575000000e+00	0.0000000000e+00
4.3625000000e+00	4.3625000000e+00	0.0000000000e+00
4.4008000000e+00	4.4008000000e+00	0.0000000000e+00
4.3467000000e+00	4.3467000000e+00	0.0000000000e+00
4.3595000000e+00	4.3595000000e+00	0.0000000000e+00
4.2979000000e+00	4.2979000000e+00	0.0000000000e+00
4.3517000000e+00	4.3517000000e+00	0.0000000000e+00
4.3456000000e+00	4.3456000000e+00	0.0000000000e+00
4.3192000000e+00	4.3192000000e+00	0.0000000000e+00
4.3274000000e+00	4.3274000000e+00	0.0000000000e+00
4.3668000000e+00	4.3668000000e+00	0.0000000000e+00
4.3243000000e+00	4.3243000000e+00	0.0000000000e+00
4.3281000000e+00	4.3281000000e+00	0.0000000000e+00
4.3604000000e+00	4.3604000000e+00	0.0000000000e+00
4.3702000000e+00	4.3702000000e+00	0.0000000000e+00
4.3875000000e+00	4.3875000000e+00	0.0000000000e+00
4.3566000000e+00	4.3566000000e+00	0.0000000000e+00
4.3612000000e+00	4.3612000000e+00	0.0000000000e+00
4.3633000000e+00	4.3633000000e+00	0.0000000000e+00
4.3720000000e+00	4.3720000000e+00	0.0000000000e+00
4.3786000000e+00	4.3786000000e+00	0.0000000000e+00
4.3878000000e+00	4.3878000000e+00	0.0000000000e+00
4.4229000000e+00	4.4229000000e+00	0.0000000000e+00
4.4094000000e+00	4.4094000000e+00	0.0000000000e+00
4.4158000000e+00	4.4158000000e+00	0.0000000000e+00
4.4246000000e+00	4.4246000000e+00	0.0000000000e+00
4.4377000000e+00	4.4377000000e+00	0.0000000000e+00
4.4406000000e+00	4.4406000000e+00	0.0000000000e+00
4.4443000000e+00	4.4443000000e+00	0.0000000000e+00
4.4543000000e+00	4.4543000000e+00	0.0000000000e+00
4.4645000000e+00	4.4645000000e+00	0.0000000000e+00
4.4748000000e+00	4.4748000000e+00	0.0000000000e+00
4.4852000000e+00	4.4852000000e+00	0.0000000000e+00
4.4956000000e+00	4.4956000000e+00	0.0000000000e+00
4.5059000000e+00	4.5059000000e+00	0.0000000000e+00
4.5163000000e+00	4.5163000000e+00	0.0000000000e+00
4.5266000000e+00	4.5266000000e+00	0.0000000000e+00
4.5369000000e+00	4.5369000000e+00	0.0000000000e+00
4.5470000000e+00	4.5470000000e+00	0.0000000000e+00
4.5571000000e+00	4.5571000000e+00	0.0000000000e+00
4.5670000000e+00	4.5670000000e+00	0.0000000000e+00
4.5767000000e+00	4.5767000000e+00	0.0000000000e+00
4.5862000000e+00	4.5862000000e+00	0.0000000000e+00
4.5955000000e+00	4.5955000000e+00	0.0000000000e+00
4.6047000000e+00	4.6047000000e+00	0.0000000000e+00
4.9552000000e+00	4.9552000000e+00	0.0000000000e+00
4.9504000000e+00	4.9504000000e+00	0.0000000000e+00
4.9460000000e+00	4.9460000000e+00	0.0000000000e+00
4.9421000000e+00	4.9421000000e+00	0.0000000000e+00
4.9387000000e+00	4.9387000000e+00	0.0000000000e+00
4.9361000000e+00	4.9361000000e+00	0.0000000000e+00
4.9343000000e+00	4.9343000000e+00	0.0000000000e+00
4.9338000000e+00	4.9338000000e+00	0.0000000000e+00
4.9348000000e+00	4.9348000000e+00	0.0000000000e+00
4.9375000000e+00	4.9375000000e+00	0.0000000000e+00
4.9392000000e+00	4.9392000000e+00	0.0000000000e+00
4.9427000000e+00	4.9427000000e+00	0.0000000000e+00
4.9490000000e+00	4.9490000000e+00	0.0000000000e+00
4.9566000000e+00	4.9566000000e+00	0.0000000000e+00
4.9664000000e+00	4.9664000000e+00	0.0000000000e+00
4.9780000000e+00	4.9780000000e+00	0.0000000000e+00
4.9800000000e+00	4.9800000000e+00	0.0000000000e+00
4.9964000000e+00	4.9964000000e+00	0.0000000000e+00
4.9999000000e+00	4.9999000000e+00	0.0000000000e+00
5.0000000000e+00	5.0000000000e+00	0.0000000000e+00
5.0000000000e+00	5.0000000000e+00	0.0000000000e+00
5.0000000000e+00	5.0000000000e+00	0.0000000000e+00
5.0000000000e+00	5.0000000000e+00	0.0000000000e+00
4.9029000000e+00	4.9029000000e+00	0.0000000000e+00
-2.0250000000e+00	-2.0250000000e+00	NA
-3.6061000000e+00	-3.6061000000e+00	NA
-3.6671000000e+00	-3.6671000000e+00	NA
-3.6515000000e+00	-3.6515000000e+00	NA
-3.5874000000e+00	-3.5874000000e+00	NA
-3.5225000000e+00	-3.5225000000e+00	NA
-3.4054000000e+00	-3.4054000000e+00	NA
-3.2985000000e+00	-3.2985000000e+00	NA
-3.0429000000e+00	-3.0429000000e+00	NA
-2.3379000000e+00	-2.3379000000e+00	NA
-1.0317000000e+00	-1.0317000000e+00	NA
1.9191000000e+00	1.9191000000e+00	0.0000000000e+00
3.4556000000e+00	3.4556000000e+00	0.0000000000e+00
4.2044000000e+00	4.2044000000e+00	0.0000000000e+00
4.3798000000e+00	4.3798000000e+00	0.0000000000e+00
4.3885000000e+00	4.3885000000e+00	0.0000000000e+00
4.4093000000e+00	4.4093000000e+00	0.0000000000e+00
4.3863000000e+00	4.3863000000e+00	0.0000000000e+00
4.3911000000e+00	4.3911000000e+00	0.0000000000e+00
4.3458000000e+00	4.3458000000e+00	0.0000000000e+00
4.4207000000e+00	4.4207000000e+00	0.0000000000e+00
4.3146000000e+00	4.3146000000e+00	0.0000000000e+00
4.3454000000e+00	4.3454000000e+00	0.0000000000e+00
4.3244000000e+00	4.3244000000e+00	0.0000000000e+00
4.3188000000e+00	4.3188000000e+00	0.0000000000e+00
4.3163000000e+00	4.3163000000e+00	0.0000000000e+00
4.3112000000e+00	4.3112000000e+00	0.0000000000e+00
4.2874000000e+00	4.2874000000e+00	0.0000000000e+00
4.3155000000e+00	4.3155000000e+00	0.0000000000e+00
4.2782000000e+00	4.2782000000e+00	0.0000000000e+00
4.3162000000e+00	4.3162000000e+00	0.0000000000e+00
4.3097000000e+00	4.3097000000e+00	0.0000000000e+00
4.3290000000e+00	4.3290000000e+00	0.0000000000e+00
4.2770000000e+00	4.2770000000e+00	0.0000000000e+00
4.3186000000e+00	4.3186000000e+00	0.0000000000e+00
4.3529000000e+00	4.3529000000e+00	0.0000000000e+00
4.3586000000e+00	4.3586000000e+00	0.0000000000e+00
4.3391000000e+00	4.3391000000e+00	0.0000000000e+00
4.3125000000e+00	4.3125000000e+00	0.0000000000e+00
4.2845000000e+00	4.2845000000e+00	0.0000000000e+00
4.2764000000e+00	4.2764000000e+00	0.0000000000e+00
4.3112000000e+00	4.3112000000e+00	0.0000000000e+00
4.3099000000e+00	4.3099000000e+00	0.0000000000e+00
4.3199000000e+00	4.3199000000e+00	0.0000000000e+00
4.2869000000e+00	4.2869000000e+00	0.0000000000e+00
4.2873000000e+00	4.2873000000e+00	0.0000000000e+00
4.3294000000e+00	4.3294000000e+00	0.0000000000e+00
4.3079000000e+00	4.3079000000e+00	0.0000000000e+00
4.3049000000e+00	4.3049000000e+00	0.0000000000e+00
4.3156000000e+00	4.3156000000e+00	0.0000000000e+00
4.3229000000e+00	4.3229000000e+00	0.0000000000e+00
4.3267000000e+00	4.3267000000e+00	0.0000000000e+00
4.3338000000e+00	4.3338000000e+00	0.0000000000e+00
4.3365000000e+00	4.3365000000e+00	0.0000000000e+00
4.3658000000e+00	4.3658000000e+00	0.0000000000e+00
4.3586000000e+00	4.3586000000e+00	0.0000000000e+00
4.3642000000e+00	4.3642000000e+00	0.0000000000e+00
4.3726000000e+00	4.3726000000e+00	0.0000000000e+00
4.3795000000e+00	4.3795000000e+00	0.0000000000e+00
4.3908000000e+00	4.3908000000e+00	0.0000000000e+00
4.3926000000e+00	4.3926000000e+00	0.0000000000e+00
4.4030000000e+00	4.4030000000e+00	0.0000000000e+00
4.4137000000e+00	4.4137000000e+00	0.0000000000e+00
4.4245000000e+00	4.4245000000e+00	0.0000000000e+00
4.4354000000e+00	4.4354000000e+00	0.0000000000e+00
4.4464000000e+00	4.4464000000e+00	0.0000000000e+00
4.4575000000e+00	4.4575000000e+00	0.0000000000e+00
4.4686000000e+00	4.4686000000e+00	0.0000000000e+00
4.4797000000e+00	4.4797000000e+00	0.0000000000e+00
4.4907000000e+00	4.4907000000e+00	0.0000000000e+00
4.5017000000e+00	4.5017000000e+00	0.0000000000e+00
4.5125000000e+00	4.5125000000e+00	0.0000000000e+00
4.5232000000e+00	4.5232000000e+00	0.0000000000e+00
4.5337000000e+00	4.5337000000e+00	0.0000000000e+00
4.5440000000e+00	4.5440000000e+00	0.0000000000e+00
4.5541000000e+00	4.5541000000e+00	0.0000000000e+00
4.5640000000e+00	4.5640000000e+00	0.0000000000e+00
4.9509000000e+00	4.9509000000e+00	0.0000000000e+00
4.9457000000e+00	4.9457000000e+00	0.0000000000e+00
4.9409000000e+00	4.9409000000e+00	0.0000000000e+00
4.9366000000e+00	4.9366000000e+00	0.0000000000e+00
4.9328000000e+00	4.9328000000e+00	0.0000000000e+00
4.9298000000e+00	4.9298000000e+00	0.0000000000e+00
4.9278000000e+00	4.9278000000e+00	0.0000000000e+00
4.9271000000e+00	4.9271000000e+00	0.0000000000e+00
4.9279000000e+00	4.9279000000e+00	0.0000000000e+00
4.9303000000e+00	4.9303000000e+00	0.0000000000e+00
4.9316000000e+00	4.9316000000e+00	0.0000000000e+00
4.9348000000e+00	4.9348000000e+00	0.0000000000e+00
4.9403000000e+00	4.9403000000e+00	0.0000000000e+00
4.9469000000e+00	4.9469000000e+00	0.0000000000e+00
4.9550000000e+00	4.9550000000e+00	0.0000000000e+00
4.9645000000e+00	4.9645000000e+00	0.0000000000e+00
4.9820000000e+00	4.9820000000e+00	0.0000000000e+00
4.9954000000e+00	4.9954000000e+00	0.0000000000e+00
4.9995000000e+00	4.9995000000e+00	0.0000000000e+00
5.0000000000e+00	5.0000000000e+00	0.0000000000e+00
5.0000000000e+00	5.0000000000e+00	0.0000000000e+00
5.0000000000e+00	5.0000000000e+00	0.0000000000e+00
4.9986000000e+00	4.9986000000e+00	0.0000000000e+00
1.6051000000e+00	1.6051000000e+00	0.0000000000e+00
-3.5719000000e+00	-3.5719000000e+00	NA
-3.6685000000e+00	-3.6685000000e+00	NA
-3.6011000000e+00	-3.6011000000e+00	NA
-3.6014000000e+00	-3.6014000000e+00	NA
-3.5659000000e+00	-3.5659000000e+00	NA
-3.4909000000e+00	-3.4909000000e+00	NA
-3.3309000000e+00	-3.3309000000e+00	NA
-3.2483000000e+00	-3.2483000000e+00	NA
-3.1208000000e+00	-3.1208000000e+00	NA
-2.9632000000e+00	-2.9632000000e+00	NA
-2.7743000000e+00	-2.7743000000e+00	NA
-2.4921000000e+00	-2.4921000000e+00	NA
-2.0132000000e+00	-2.0132000000e+00	NA
-2.0770000000e-01	-2.0770000000e-01	NA
2.2682000000e+00	2.2682000000e+00	0.0000000000e+00
3.7415000000e+00	3.7415000000e+00	0.0000000000e+00
4.2075000000e+00	4.2075000000e+00	0.0000000000e+00
4.3093000000e+00	4.3093000000e+00	0.0000000000e+00
4.3224000000e+00	4.3224000000e+00	0.0000000000e+00
4.3102000000e+00	4.3102000000e+00	0.0000000000e+00
4.2971000000e+00	4.2971000000e+00	0.0000000000e+00
4.3394000000e+00	4.3394000000e+00	0.0000000000e+00
4.2617000000e+00	4.2617000000e+00	0.0000000000e+00
4.2421000000e+00	4.2421000000e+00	0.0000000000e+00
4.2704000000e+00	4.2704000000e+00	0.0000000000e+00
4.2581000000e+00	4.2581000000e+00	0.0000000000e+00
4.2293000000e+00	4.2293000000e+00	0.0000000000e+00
4.2266000000e+00	4.2266000000e+00	0.0000000000e+00
4.2334000000e+00	4.2334000000e+00	0.0000000000e+00
4.2305000000e+00	4.2305000000e+00	0.0000000000e+00
4.2216000000e+00	4.2216000000e+00	0.0000000000e+00
4.2501000000e+00	4.2501000000e+00	0.0000000000e+00
4.2448000000e+00	4.2448000000e+00	0.0000000000e+00
4.2211000000e+00	4.2211000000e+00	0.0000000000e+00
4.2601000000e+00	4.2601000000e+00	0.0000000000e+00
4.2971000000e+00	4.2971000000e+00	0.0000000000e+00
4.2926000000e+00	4.2926000000e+00	0.0000000000e+00
4.2740000000e+00	4.2740000000e+00	0.0000000000e+00
4.2589000000e+00	4.2589000000e+00	0.0000000000e+00
4.2187000000e+00	4.2187000000e+00	0.0000000000e+00
4.2541000000e+00	4.2541000000e+00	0.0000000000e+00
4.2646000000e+00	4.2646000000e+00	0.0000000000e+00
4.2336000000e+00	4.2336000000e+00	0.0000000000e+00
4.3122000000e+00	4.3122000000e+00	0.0000000000e+00
4.2728000000e+00	4.2728000000e+00	0.0000000000e+00
4.2466000000e+00	4.2466000000e+00	0.0000000000e+00
4.2468000000e+00	4.2468000000e+00	0.0000000000e+00
4.2518000000e+00	4.2518000000e+00	0.0000000000e+00
4.2649000000e+00	4.2649000000e+00	0.0000000000e+00
4.2740000000e+00	4.2740000000e+00	0.0000000000e+00
4.2663000000e+00	4.2663000000e+00	0.0000000000e+00
4.2672000000e+00	4.2672000000e+00	0.0000000000e+00
4.2725000000e+00	4.2725000000e+00	0.0000000000e+00
4.2819000000e+00	4.2819000000e+00	0.0000000000e+00
4.2883000000e+00	4.2883000000e+00	0.0000000000e+00
4.2962000000e+00	4.2962000000e+00	0.0000000000e+00
4.3008000000e+00	4.3008000000e+00	0.0000000000e+00
4.3125000000e+00	4.3125000000e+00	0.0000000000e+00
4.3165000000e+00	4.3165000000e+00	0.0000000000e+00
4.3270000000e+00	4.3270000000e+00	0.0000000000e+00
4.3292000000e+00	4.3292000000e+00	0.0000000000e+00
4.3400000000e+00	4.3400000000e+00	0.0000000000e+00
4.3511000000e+00	4.3511000000e+00	0.0000000000e+00
4.3626000000e+00	4.3626000000e+00	0.0000000000e+00
4.3743000000e+00	4.3743000000e+00	0.0000000000e+00
4.3862000000e+00	4.3862000000e+00	0.0000000000e+00
4.3982000000e+00	4.3982000000e+00	0.0000000000e+00
4.4103000000e+00	4.4103000000e+00	0.0000000000e+00
4.4224000000e+00	4.4224000000e+00	0.0000000000e+00
4.4345000000e+00	4.4345000000e+00	0.0000000000e+00
4.4465000000e+00	4.4465000000e+00	0.0000000000e+00
4.4584000000e+00	4.4584000000e+00	0.0000000000e+00
4.4702000000e+00	4.4702000000e+00	0.0000000000e+00
4.4818000000e+00	4.4818000000e+00	0.0000000000e+00
4.4931000000e+00	4.4931000000e+00	0.0000000000e+00
4.5042000000e+00	4.5042000000e+00	0.0000000000e+00
4.5151000000e+00	4.5151000000e+00	0.0000000000e+00
4.9464000000e+00	4.9464000000e+00	0.0000000000e+00
4.9407000000e+00	4.9407000000e+00	0.0000000000e+00
4.9354000000e+00	4.9354000000e+00	0.0000000000e+00
4.9307000000e+00	4.9307000000e+00	0.0000000000e+00
4.9265000000e+00	4.9265000000e+00	0.0000000000e+00
4.9231000000e+00	4.9231000000e+00	0.0000000000e+00
4.9207000000e+00	4.9207000000e+00	0.0000000000e+00
4.9196000000e+00	4.9196000000e+00	0.0000000000e+00
4.9200000000e+00	4.9200000000e+00	0.0000000000e+00
4.9220000000e+00	4.9220000000e+00	0.0000000000e+00
4.9227000000e+00	4.9227000000e+00	0.0000000000e+00
4.9251000000e+00	4.9251000000e+00	0.0000000000e+00
4.9293000000e+00	4.9293000000e+00	0.0000000000e+00
4.9344000000e+00	4.9344000000e+00	0.0000000000e+00
4.9389000000e+00	4.9389000000e+00	0.0000000000e+00
4.9453000000e+00	4.9453000000e+00	0.0000000000e+00
4.9577000000e+00	4.9577000000e+00	0.0000000000e+00
4.9965000000e+00	4.9965000000e+00	0.0000000000e+00
4.9997000000e+00	4.9997000000e+00	0.0000000000e+00
5.0000000000e+00	5.0000000000e+00	0.0000000000e+00
5.0000000000e+00	5.0000000000e+00	0.0000000000e+00
5.0000000000e+00	5.0000000000e+00	0.0000000000e+00
4.9301000000e+00	4.9301000000e+00	0.0000000000e+00
-3.5410000000e+00	-3.5410000000e+00	NA
-3.6934000000e+00	-3.6934000000e+00	NA
-3.6369000000e+00	-3.6369000000e+00	NA
-3.5596000000e+00	-3.5596000000e+00	NA
-3.5120000000e+00	-3.5120000000e+00	NA
-3.5106000000e+00	-3.5106000000e+00	NA
-3.4151000000e+00	-3.4151000000e+00	NA
-3.2055000000e+00	-3.2055000000e+00	NA
-3.1442000000e+00	-3.1442000000e+00	NA
-3.0144000000e+00	-3.0144000000e+00	NA
-2.8449000000e+00	-2.8449000000e+00	NA
-2.6723000000e+00	-2.6723000000e+00	NA
-2.4875000000e+00	-2.4875000000e+00	NA
-2.2971000000e+00	-2.2971000000e+00	NA
-2.0622000000e+00	-2.0622000000e+00	NA
-1.5917000000e+00	-1.5917000000e+00	NA
-6.2220000000e-01	-6.2220000000e-01	NA
1.7809000000e+00	1.7809000000e+00	0.0000000000e+00
3.5110000000e+00	3.5110000000e+00	0.0000000000e+00
4.1289000000e+00	4.1289000000e+00	0.0000000000e+00
4.2258000000e+00	4.2258000000e+00	0.0000000000e+00
4.2150000000e+00	4.2150000000e+00	0.0000000000e+00
4.2297000000e+00	4.2297000000e+00	0.0000000000e+00
4.2018000000e+00	4.2018000000e+00	0.0000000000e+00
4.2204000000e+00	4.2204000000e+00	0.0000000000e+00
4.1881000000e+00	4.1881000000e+00	0.0000000000e+00
4.1797000000e+00	4.1797000000e+00	0.0000000000e+00
4.1808000000e+00	4.1808000000e+00	0.0000000000e+00
4.2241000000e+00	4.2241000000e+00	0.0000000000e+00
4.2067000000e+00	4.2067000000e+00	0.0000000000e+00
4.1943000000e+00	4.1943000000e+00	0.0000000000e+00
4.2179000000e+00	4.2179000000e+00	0.0000000000e+00
4.2394000000e+00	4.2394000000e+00	0.0000000000e+00
4.2388000000e+00	4.2388000000e+00	0.0000000000e+00
4.2591000000e+00	4.2591000000e+00	0.0000000000e+00
4.2742000000e+00	4.2742000000e+00	0.0000000000e+00
4.1834000000e+00	4.1834000000e+00	0.0000000000e+00
4.2593000000e+00	4.2593000000e+00	0.0000000000e+00
4.2468000000e+00	4.2468000000e+00	0.0000000000e+00
4.1744000000e+00	4.1744000000e+00	0.0000000000e+00
4.2517000000e+00	4.2517000000e+00	0.0000000000e+00
4.2619000000e+00	4.2619000000e+00	0.0000000000e+00
4.2347000000e+00	4.2347000000e+00	0.0000000000e+00
4.2603000000e+00	4.2603000000e+00	0.0000000000e+00
4.2634000000e+00	4.2634000000e+00	0.0000000000e+00
4.2096000000e+00	4.2096000000e+00	0.0000000000e+00
4.2299000000e+00	4.2299000000e+00	0.0000000000e+00
4.2240000000e+00	4.2240000000e+00	0.0000000000e+00
4.1986000000e+00	4.1986000000e+00	0.0000000000e+00
4.2046000000e+00	4.2046000000e+00	0.0000000000e+00
4.2101000000e+00	4.2101000000e+00	0.0000000000e+00
4.2110000000e+00	4.2110000000e+00	0.0000000000e+00
4.2031000000e+00	4.2031000000e+00	0.0000000000e+00
4.2310000000e+00	4.2310000000e+00	0.0000000000e+00
4.2072000000e+00	4.2072000000e+00	0.0000000000e+00
4.2114000000e+00	4.2114000000e+00	0.0000000000e+00
4.2208000000e+00	4.2208000000e+00	0.0000000000e+00
4.2242000000e+00	4.2242000000e+00	0.0000000000e+00
4.2341000000e+00	4.2341000000e+00	0.0000000000e+00
4.2378000000e+00	4.2378000000e+00	0.0000000000e+00
4.2499000000e+00	4.2499000000e+00	0.0000000000e+00
4.2500000000e+00	4.2500000000e+00	0.0000000000e+00
4.2613000000e+00	4.2613000000e+00	0.0000000000e+00
4.2731000000e+00	4.2731000000e+00	0.0000000000e+00
4.2855000000e+00	4.2855000000e+00	0.0000000000e+00
4.2982000000e+00	4.2982000000e+00	0.0000000000e+00
4.3112000000e+00	4.3112000000e+00	0.0000000000e+00
4.3245000000e+00	4.3245000000e+00	0.0000000000e+00
4.3379000000e+00	4.3379000000e+00	0.0000000000e+00
4.3515000000e+00	4.3515000000e+00	0.0000000000e+00
4.3650000000e+00	4.3650000000e+00	0.0000000000e+00
4.3785000000e+00	4.3785000000e+00	0.0000000000e+00
4.3919000000e+00	4.3919000000e+00	0.0000000000e+00
4.4051000000e+00	4.4051000000e+00	0.0000000000e+00
4.4181000000e+00	4.4181000000e+00	0.0000000000e+00
4.4310000000e+00	4.4310000000e+00	0.0000000000e+00
4.4435000000e+00	4.4435000000e+00	0.0000000000e+00
4.4557000000e+00	4.4557000000e+00	0.0000000000e+00
4.9417000000e+00	4.9417000000e+00	0.0000000000e+00
4.9354000000e+00	4.9354000000e+00	0.0000000000e+00
4.9297000000e+00	4.9297000000e+00	0.0000000000e+00
4.9244000000e+00	4.9244000000e+00	0.0000000000e+00
4.9197000000e+00	4.9197000000e+00	0.0000000000e+00
4.9158000000e+00	4.9158000000e+00	0.0000000000e+00
4.9129000000e+00	4.9129000000e+00	0.0000000000e+00
4.9113000000e+00	4.9113000000e+00	0.0000000000e+00
4.9112000000e+00	4.9112000000e+00	0.0000000000e+00
4.9127000000e+00	4.9127000000e+00	0.0000000000e+00
4.9126000000e+00	4.9126000000e+00	0.0000000000e+00
4.9141000000e+00	4.9141000000e+00	0.0000000000e+00
4.9168000000e+00	4.9168000000e+00	0.0000000000e+00
4.9203000000e+00	4.9203000000e+00	0.0000000000e+00
4.9210000000e+00	4.9210000000e+00	0.0000000000e+00
4.9239000000e+00	4.9239000000e+00	0.0000000000e+00
4.9273000000e+00	4.9273000000e+00	0.0000000000e+00
4.9809000000e+00	4.9809000000e+00	0.0000000000e+00
4.9987000000e+00	4.9987000000e+00	0.0000000000e+00
4.9992000000e+00	4.9992000000e+00	0.0000000000e+00
5.0000000000e+00	5.0000000000e+00	0.0000000000e+00
4.9996000000e+00	4.9996000000e+00	0.0000000000e+00
4.2957000000e+00	4.2957000000e+00	0.0000000000e+00
-3.6338000000e+00	-3.6338000000e+00	NA
-3.6650000000e+00	-3.6650000000e+00	NA
-3.6009000000e+00	-3.6009000000e+00	NA
-3.5475000000e+00	-3.5475000000e+00	NA
-3.5036000000e+00	-3.5036000000e+00	NA
-3.4668000000e+00	-3.4668000000e+00	NA
-3.2908000000e+00	-3.2908000000e+00	NA
-3.1301000000e+00	-3.1301000000e+00	NA
-3.0728000000e+00	-3.0728000000e+00	NA
-2.8833000000e+00	-2.8833000000e+00	NA
-2.6887000000e+00	-2.6887000000e+00	NA
-2.5022000000e+00	-2.5022000000e+00	NA
-2.3396000000e+00	-2.3396000000e+00	NA
-2.1581000000e+00	-2.1581000000e+00	NA
-1.9731000000e+00	-1.9731000000e+00	NA
-1.7760000000e+00	-1.7760000000e+00	NA
-1.5453000000e+00	-1.5453000000e+00	NA
-1.1436000000e+00	-1.1436000000e+00	NA
-3.9700000000e-02	-3.9700000000e-02	NA
2.4932000000e+00	2.4932000000e+00	0.0000000000e+00
3.7590000000e+00	3.7590000000e+00	0.0000000000e+00
4.1252000000e+00	4.1252000000e+00	0.0000000000e+00
4.1634000000e+00	4.1634000000e+00	0.0000000000e+00
4.1542000000e+00	4.1542000000e+00	0.0000000000e+00
4.1626000000e+00	4.1626000000e+00	0.0000000000e+00
4.1868000000e+00	4.1868000000e+00	0.0000000000e+00
4.1595000000e+00	4.1595000000e+00	0.0000000000e+00
4.1701000000e+00	4.1701000000e+00	0.0000000000e+00
4.1540000000e+00	4.1540000000e+00	0.0000000000e+00
4.1247000000e+00	4.1247000000e+00	0.0000000000e+00
4.1625000000e+00	4.1625000000e+00	0.0000000000e+00
4.1797000000e+00	4.1797000000e+00	0.0000000000e+00
4.1762000000e+00	4.1762000000e+00	0.0000000000e+00
4.1745000000e+00	4.1745000000e+00	0.0000000000e+00
4.1867000000e+00	4.1867000000e+00	0.0000000000e+00
4.1847000000e+00	4.1847000000e+00	0.0000000000e+00
4.1743000000e+00	4.1743000000e+00	0.0000000000e+00
4.1865000000e+00	4.1865000000e+00	0.0000000000e+00
4.1932000000e+00	4.1932000000e+00	0.0000000000e+00
4.1691000000e+00	4.1691000000e+00	0.0000000000e+00
4.1451000000e+00	4.1451000000e+00	0.0000000000e+00
4.2480000000e+00	4.2480000000e+00	0.0000000000e+00
4.3044000000e+00	4.3044000000e+00	0.0000000000e+00
4.2892000000e+00	4.2892000000e+00	0.0000000000e+00
4.2342000000e+00	4.2342000000e+00	0.0000000000e+00
4.1710000000e+00	4.1710000000e+00	0.0000000000e+00
4.1871000000e+00	4.1871000000e+00	0.0000000000e+00
4.1439000000e+00	4.1439000000e+00	0.0000000000e+00
4.1418000000e+00	4.1418000000e+00	0.0000000000e+00
4.1709000000e+00	4.1709000000e+00	0.0000000000e+00
4.1364000000e+00	4.1364000000e+00	0.0000000000e+00
4.1540000000e+00	4.1540000000e+00	0.0000000000e+00
4.1363000000e+00	4.1363000000e+00	0.0000000000e+00
4.1266000000e+00	4.1266000000e+00	0.0000000000e+00
4.1184000000e+00	4.1184000000e+00	0.0000000000e+00
4.1223000000e+00	4.1223000000e+00	0.0000000000e+00
4.1269000000e+00	4.1269000000e+00	0.0000000000e+00
4.1322000000e+00	4.1322000000e+00	0.0000000000e+00
4.1364000000e+00	4.1364000000e+00	0.0000000000e+00
4.1412000000e+00	4.1412000000e+00	0.0000000000e+00
4.1416000000e+00	4.1416000000e+00	0.0000000000e+00
4.1528000000e+00	4.1528000000e+00	0.0000000000e+00
4.1634000000e+00	4.1634000000e+00	0.0000000000e+00
4.1761000000e+00	4.1761000000e+00	0.0000000000e+00
4.1895000000e+00	4.1895000000e+00	0.0000000000e+00
4.2036000000e+00	4.2036000000e+00	0.0000000000e+00
4.2181000000e+00	4.2181000000e+00	0.0000000000e+00
4.2330000000e+00	4.2330000000e+00	0.0000000000e+00
4.2482000000e+00	4.2482000000e+00	0.0000000000e+00
4.2636000000e+00	4.2636000000e+00	0.0000000000e+00
4.2790000000e+00	4.2790000000e+00	0.0000000000e+00
4.2944000000e+00	4.2944000000e+00	0.0000000000e+00
4.3098000000e+00	4.3098000000e+00	0.0000000000e+00
4.3250000000e+00	4.3250000000e+00	0.0000000000e+00
4.3400000000e+00	4.3400000000e+00	0.0000000000e+00
4.3548000000e+00	4.3548000000e+00	0.0000000000e+00
4.3692000000e+00	4.3692000000e+00	0.0000000000e+00
4.3833000000e+00	4.3833000000e+00	0.0000000000e+00
4.9367000000e+00	4.9367000000e+00	0.0000000000e+00
4.9298000000e+00	4.9298000000e+00	0.0000000000e+00
4.9235000000e+00	4.9235000000e+00	0.0000000000e+00
4.9177000000e+00	4.9177000000e+00	0.0000000000e+00
4.9125000000e+00	4.9125000000e+00	0.0000000000e+00
4.9080000000e+00	4.9080000000e+00	0.0000000000e+00
4.9045000000e+00	4.9045000000e+00	0.0000000000e+00
4.9023000000e+00	4.9023000000e+00	0.0000000000e+00
4.9017000000e+00	4.9017000000e+00	0.0000000000e+00
4.9025000000e+00	4.9025000000e+00	0.0000000000e+00
4.9016000000e+00	4.9016000000e+00	0.0000000000e+00
4.9020000000e+00	4.9020000000e+00	0.0000000000e+00
4.9039000000e+00	4.9039000000e+00	0.0000000000e+00
4.9067000000e+00	4.9067000000e+00	0.0000000000e+00
4.9071000000e+00	4.9071000000e+00	0.0000000000e+00
4.9074000000e+00	4.9074000000e+00	0.0000000000e+00
4.9591000000e+00	4.9591000000e+00	0.0000000000e+00
4.9753000000e+00	4.9753000000e+00	0.0000000000e+00
4.9757000000e+00	4.9757000000e+00	0.0000000000e+00
4.9969000000e+00	4.9969000000e+00	0.0000000000e+00
4.9993000000e+00	4.9993000000e+00	0.0000000000e+00
4.9963000000e+00	4.9963000000e+00	0.0000000000e+00
3.3205000000e+00	3.3205000000e+00	0.0000000000e+00
-3.6621000000e+00	-3.6621000000e+00	NA
-3.6355000000e+00	-3.6355000000e+00	NA
-3.5780000000e+00	-3.5780000000e+00	NA
-3.5757000000e+00	-3.5757000000e+00	NA
-3.5409000000e+00	-3.5409000000e+00	NA
-3.2839000000e+00	-3.2839000000e+00	NA
-3.0894000000e+00	-3.0894000000e+00	NA
-3.0136000000e+00	-3.0136000000e+00	NA
-2.8768000000e+00	-2.8768000000e+00	NA
-2.6791000000e+00	-2.6791000000e+00	NA
-2.4942000000e+00	-2.4942000000e+00	NA
-2.3167000000e+00	-2.3167000000e+00	NA
-2.1500000000e+00	-2.1500000000e+00	NA
-1.9809000000e+00	-1.9809000000e+00	NA
-1.8120000000e+00	-1.8120000000e+00	NA
-1.6376000000e+00	-1.6376000000e+00	NA
-1.4596000000e+00	-1.4596000000e+00	NA
-1.2697000000e+00	-1.2697000000e+00	NA
-9.9560000000e-01	-9.9560000000e-01	NA
-4.5780000000e-01	-4.5780000000e-01	NA
1.0152000000e+00	1.0152000000e+00	0.0000000000e+00
2.7020000000e+00	2.7020000000e+00	0.0000000000e+00
3.6374000000e+00	3.6374000000e+00	0.0000000000e+00
4.0962000000e+00	4.0962000000e+00	0.0000000000e+00
4.1060000000e+00	4.1060000000e+00	0.0000000000e+00
4.1078000000e+00	4.1078000000e+00	0.0000000000e+00
4.1174000000e+00	4.1174000000e+00	0.0000000000e+00
4.1981000000e+00	4.1981000000e+00	0.0000000000e+00
4.1310000000e+00	4.1310000000e+00	0.0000000000e+00
4.1128000000e+00	4.1128000000e+00	0.0000000000e+00
4.1707000000e+00	4.1707000000e+00	0.0000000000e+00
4.1838000000e+00	4.1838000000e+00	0.0000000000e+00
4.1607000000e+00	4.1607000000e+00	0.0000000000e+00
4.1303000000e+00	4.1303000000e+00	0.0000000000e+00
4.1773000000e+00	4.1773000000e+00	0.0000000000e+00
4.1656000000e+00	4.1656000000e+00	0.0000000000e+00
4.1874000000e+00	4.1874000000e+00	0.0000000000e+00
4.1675000000e+00	4.1675000000e+00	0.0000000000e+00
4.1253000000e+00	4.1253000000e+00	0.0000000000e+00
4.1005000000e+00	4.1005000000e+00	0.0000000000e+00
4.1668000000e+00	4.1668000000e+00	0.0000000000e+00
4.1428000000e+00	4.1428000000e+00	0.0000000000e+00
4.2263000000e+00	4.2263000000e+00	0.0000000000e+00
4.2943000000e+00	4.2943000000e+00	0.0000000000e+00
4.2656000000e+00	4.2656000000e+00	0.0000000000e+00
4.1774000000e+00	4.1774000000e+00	0.0000000000e+00
4.1433000000e+00	4.1433000000e+00	0.0000000000e+00
4.0852000000e+00	4.0852000000e+00	0.0000000000e+00
4.0863000000e+00	4.0863000000e+00	0.0000000000e+00
4.0781000000e+00	4.0781000000e+00	0.0000000000e+00
4.0613000000e+00	4.0613000000e+00	0.0000000000e+00
4.0480000000e+00	4.0480000000e+00	0.0000000000e+00
4.0464000000e+00	4.0464000000e+00	0.0000000000e+00
4.0238000000e+00	4.0238000000e+00	0.0000000000e+00
4.0234000000e+00	4.0234000000e+00	0.0000000000e+00
4.0116000000e+00	4.0116000000e+00	0.0000000000e+00
4.0153000000e+00	4.0153000000e+00	0.0000000000e+00
4.0160000000e+00	4.0160000000e+00	0.0000000000e+00
4.0198000000e+00	4.0198000000e+00	0.0000000000e+00
4.0232000000e+00	4.0232000000e+00	0.0000000000e+00
4.0272000000e+00	4.0272000000e+00	0.0000000000e+00
4.0323000000e+00	4.0323000000e+00	0.0000000000e+00
4.0447000000e+00	4.0447000000e+00	0.0000000000e+00
4.0583000000e+00	4.0583000000e+00	0.0000000000e+00
4.0730000000e+00	4.0730000000e+00	0.0000000000e+00
4.0885000000e+00	4.0885000000e+00	0.0000000000e+00
4.1047000000e+00	4.1047000000e+00	0.0000000000e+00
4.1215000000e+00	4.1215000000e+00	0.0000000000e+00
4.1388000000e+00	4.1388000000e+00	0.0000000000e+00
4.1564000000e+00	4.1564000000e+00	0.0000000000e+00
4.1742000000e+00	4.1742000000e+00	0.0000000000e+00
4.1920000000e+00	4.1920000000e+00	0.0000000000e+00
4.2098000000e+00	4.2098000000e+00	0.0000000000e+00
4.2275000000e+00	4.2275000000e+00	0.0000000000e+00
4.2450000000e+00	4.2450000000e+00	0.0000000000e+00
4.2622000000e+00	4.2622000000e+00	0.0000000000e+00
4.2790000000e+00	4.2790000000e+00	0.0000000000e+00
4.2955000000e+00	4.2955000000e+00	0.0000000000e+00
4.9314000000e+00	4.9314000000e+00	0.0000000000e+00
4.9240000000e+00	4.9240000000e+00	0.0000000000e+00
4.9171000000e+00	4.9171000000e+00	0.0000000000e+00
4.9107000000e+00	4.9107000000e+00	0.0000000000e+00
4.9048000000e+00	4.9048000000e+00	0.0000000000e+00
4.8997000000e+00	4.8997000000e+00	0.0000000000e+00
4.8956000000e+00	4.8956000000e+00	0.0000000000e+00
4.8928000000e+00	4.8928000000e+00	0.0000000000e+00
4.8914000000e+00	4.8914000000e+00	0.0000000000e+00
4.8915000000e+00	4.8915000000e+00	0.0000000000e+00
4.8897000000e+00	4.8897000000e+00	0.0000000000e+00
4.8892000000e+00	4.8892000000e+00	0.0000000000e+00
4.8905000000e+00	4.8905000000e+00	0.0000000000e+00
4.8941000000e+00	4.8941000000e+00	0.0000000000e+00
4.8977000000e+00	4.8977000000e+00	0.0000000000e+00
4.9082000000e+00	4.9082000000e+00	0.0000000000e+00
4.9020000000e+00	4.9020000000e+00	0.0000000000e+00
4.9045000000e+00	4.9045000000e+00	0.0000000000e+00
4.9422000000e+00	4.9422000000e+00	0.0000000000e+00
4.9968000000e+00	4.9968000000e+00	0.0000000000e+00
4.9920000000e+00	4.9920000000e+00	0.0000000000e+00
4.9992000000e+00	4.9992000000e+00	0.0000000000e+00
4.6930000000e+00	4.6930000000e+00	0.0000000000e+00
-3.5368000000e+00	-3.5368000000e+00	NA
-3.5978000000e+00	-3.5978000000e+00	NA
-3.5468000000e+00	-3.5468000000e+00	NA
-3.5160000000e+00	-3.5160000000e+00	NA
-3.2755000000e+00	-3.2755000000e+00	NA
-1.6756000000e+00	-1.6756000000e+00	NA
-2.0804000000e+00	-2.0804000000e+00	NA
-2.5219000000e+00	-2.5219000000e+00	NA
-2.3785000000e+00	-2.3785000000e+00	NA
-2.3496000000e+00	-2.3496000000e+00	NA
-2.2170000000e+00	-2.2170000000e+00	NA
-2.0699000000e+00	-2.0699000000e+00	NA
-1.9309000000e+00	-1.9309000000e+00	NA
-1.7813000000e+00	-1.7813000000e+00	NA
-1.6280000000e+00	-1.6280000000e+00	NA
-1.4728000000e+00	-1.4728000000e+00	NA
-1.3163000000e+00	-1.3163000000e+00	NA
-1.1602000000e+00	-1.1602000000e+00	NA
-1.0103000000e+00	-1.0103000000e+00	NA
-8.4500000000e-01	-8.4500000000e-01	NA
-4.7360000000e-01	-4.7360000000e-01	NA
5.0830000000e-01	5.0830000000e-01	0.0000000000e+00
2.5460000000e+00	2.5460000000e+00	0.0000000000e+00
3.7638000000e+00	3.7638000000e+00	0.0000000000e+00
4.0098000000e+00	4.0098000000e+00	0.0000000000e+00
4.0691000000e+00	4.0691000000e+00	0.0000000000e+00
4.0758000000e+00	4.0758000000e+00	0.0000000000e+00
4.1096000000e+00	4.1096000000e+00	0.0000000000e+00
4.0817000000e+00	4.0817000000e+00	0.0000000000e+00
4.0819000000e+00	4.0819000000e+00	0.0000000000e+00
4.1425000000e+00	4.1425000000e+00	0.0000000000e+00
4.1474000000e+00	4.1474000000e+00	0.0000000000e+00
4.1413000000e+00	4.1413000000e+00	0.0000000000e+00
4.1021000000e+00	4.1021000000e+00	0.0000000000e+00
4.1444000000e+00	4.1444000000e+00	0.0000000000e+00
4.1485000000e+00	4.1485000000e+00	0.0000000000e+00
4.1176000000e+00	4.1176000000e+00	0.0000000000e+00
4.1488000000e+00	4.1488000000e+00	0.0000000000e+00
4.1348000000e+00	4.1348000000e+00	0.0000000000e+00
4.1054000000e+00	4.1054000000e+00	0.0000000000e+00
4.1230000000e+00	4.1230000000e+00	0.0000000000e+00
4.1505000000e+00	4.1505000000e+00	0.0000000000e+00
4.2546000000e+00	4.2546000000e+00	0.0000000000e+00
4.2728000000e+00	4.2728000000e+00	0.0000000000e+00
4.2606000000e+00	4.2606000000e+00	0.0000000000e+00
4.1026000000e+00	4.1026000000e+00	0.0000000000e+00
4.0691000000e+00	4.0691000000e+00	0.0000000000e+00
4.0094000000e+00	4.0094000000e+00	0.0000000000e+00
3.9904000000e+00	3.9904000000e+00	0.0000000000e+00
3.9621000000e+00	3.9621000000e+00	0.0000000000e+00
3.9820000000e+00	3.9820000000e+00	0.0000000000e+00
3.9700000000e+00	3.9700000000e+00	0.0000000000e+00
3.9523000000e+00	3.9523000000e+00	0.0000000000e+00
3.9496000000e+00	3.9496000000e+00	0.0000000000e+00
3.9233000000e+00	3.9233000000e+00	0.0000000000e+00
3.9277000000e+00	3.9277000000e+00	0.0000000000e+00
3.8864000000e+00	3.8864000000e+00	0.0000000000e+00
3.8851000000e+00	3.8851000000e+00	0.0000000000e+00
3.8867000000e+00	3.8867000000e+00	0.0000000000e+00
3.8956000000e+00	3.8956000000e+00	0.0000000000e+00
3.8889000000e+00	3.8889000000e+00	0.0000000000e+00
3.8947000000e+00	3.8947000000e+00	0.0000000000e+00
3.9075000000e+00	3.9075000000e+00	0.0000000000e+00
3.9218000000e+00	3.9218000000e+00	0.0000000000e+00
3.9375000000e+00	3.9375000000e+00	0.0000000000e+00
3.9544000000e+00	3.9544000000e+00	0.0000000000e+00
3.9722000000e+00	3.9722000000e+00	0.0000000000e+00
3.9909000000e+00	3.9909000000e+00	0.0000000000e+00
4.0103000000e+00	4.0103000000e+00	0.0000000000e+00
4.0302000000e+00	4.0302000000e+00	0.0000000000e+00
4.0504000000e+00	4.0504000000e+00	0.0000000000e+00
4.0708000000e+00	4.0708000000e+00	0.0000000000e+00
4.0913000000e+00	4.0913000000e+00	0.0000000000e+00
4.1118000000e+00	4.1118000000e+00	0.0000000000e+00
4.1321000000e+00	4.1321000000e+00	0.0000000000e+00
4.1521000000e+00	4.1521000000e+00	0.0000000000e+00
4.1718000000e+00	4.1718000000e+00	0.0000000000e+00
4.1911000000e+00	4.1911000000e+00	0.0000000000e+00
4.9259000000e+00	4.9259000000e+00	0.0000000000e+00
4.9178000000e+00	4.9178000000e+00	0.0000000000e+00
4.9103000000e+00	4.9103000000e+00	0.0000000000e+00
4.9033000000e+00	4.9033000000e+00	0.0000000000e+00
4.8967000000e+00	4.8967000000e+00	0.0000000000e+00
4.8909000000e+00	4.8909000000e+00	0.0000000000e+00
4.8861000000e+00	4.8861000000e+00	0.0000000000e+00
4.8826000000e+00	4.8826000000e+00	0.0000000000e+00
4.8806000000e+00	4.8806000000e+00	0.0000000000e+00
4.8798000000e+00	4.8798000000e+00	0.0000000000e+00
4.8771000000e+00	4.8771000000e+00	0.0000000000e+00
4.8756000000e+00	4.8756000000e+00	0.0000000000e+00
4.8759000000e+00	4.8759000000e+00	0.0000000000e+00
4.8787000000e+00	4.8787000000e+00	0.0000000000e+00
4.8799000000e+00	4.8799000000e+00	0.0000000000e+00
4.8621000000e+00	4.8621000000e+00	0.0000000000e+00
4.8265000000e+00	4.8265000000e+00	0.0000000000e+00
4.8720000000e+00	4.8720000000e+00	0.0000000000e+00
4.9158000000e+00	4.9158000000e+00	0.0000000000e+00
4.9345000000e+00	4.9345000000e+00	0.0000000000e+00
4.9577000000e+00	4.9577000000e+00	0.0000000000e+00
4.9876000000e+00	4.9876000000e+00	0.0000000000e+00
4.7992000000e+00	4.7992000000e+00	0.0000000000e+00
-3.4028000000e+00	-3.4028000000e+00	NA
-3.5284000000e+00	-3.5284000000e+00	NA
-3.4565000000e+00	-3.4565000000e+00	NA
-3.3539000000e+00	-3.3539000000e+00	NA
-2.8900000000e+00	-2.8900000000e+00	NA
-1.4919000000e+00	-1.4919000000e+00	NA
-1.0633000000e+00	-1.0633000000e+00	NA
-1.6402000000e+00	-1.6402000000e+00	NA
-1.8818000000e+00	-1.8818000000e+00	NA
-1.9195000000e+00	-1.9195000000e+00	NA
-1.8651000000e+00	-1.8651000000e+00	NA
-1.7810000000e+00	-1.7810000000e+00	NA
-1.6706000000e+00	-1.6706000000e+00	NA
-1.5569000000e+00	-1.5569000000e+00	NA
-1.4338000000e+00	-1.4338000000e+00	NA
-1.2993000000e+00	-1.2993000000e+00	NA
-1.1614000000e+00	-1.1614000000e+00	NA
-1.0231000000e+00	-1.0231000000e+00	NA
-9.0010000000e-01	-9.0010000000e-01	NA
-7.8240000000e-01	-7.8240000000e-01	NA
-6.5920000000e-01	-6.5920000000e-01	NA
-4.5820000000e-01	-4.5820000000e-01	NA
-3.1090000000e-01	-3.1090000000e-01	NA
1.4014000000e+00	1.4014000000e+00	0.0000000000e+00
3.4190000000e+00	3.4190000000e+00	0.0000000000e+00
3.9218000000e+00	3.9218000000e+00	0.0000000000e+00
4.0294000000e+00	4.0294000000e+00	0.0000000000e+00
4.0488000000e+00	4.0488000000e+00	0.0000000000e+00
4.0542000000e+00	4.0542000000e+00	0.0000000000e+00
4.0560000000e+00	4.0560000000e+00	0.0000000000e+00
4.0832000000e+00	4.0832000000e+00	0.0000000000e+00
4.0938000000e+00	4.0938000000e+00	0.0000000000e+00
4.1006000000e+00	4.1006000000e+00	0.0000000000e+00
4.0715000000e+00	4.0715000000e+00	0.0000000000e+00
4.1403000000e+00	4.1403000000e+00	0.0000000000e+00
4.1083000000e+00	4.1083000000e+00	0.0000000000e+00
4.1233000000e+00	4.1233000000e+00	0.0000000000e+00
4.0804000000e+00	4.0804000000e+00	0.0000000000e+00
4.0783000000e+00	4.0783000000e+00	0.0000000000e+00
4.0417000000e+00	4.0417000000e+00	0.0000000000e+00
4.1018000000e+00	4.1018000000e+00	0.0000000000e+00
4.1296000000e+00	4.1296000000e+00	0.0000000000e+00
4.1919000000e+00	4.1919000000e+00	0.0000000000e+00
4.1941000000e+00	4.1941000000e+00	0.0000000000e+00
4.1824000000e+00	4.1824000000e+00	0.0000000000e+00
3.9969000000e+00	3.9969000000e+00	0.0000000000e+00
3.9456000000e+00	3.9456000000e+00	0.0000000000e+00
3.9252000000e+00	3.9252000000e+00	0.0000000000e+00
3.8913000000e+00	3.8913000000e+00	0.0000000000e+00
3.8975000000e+00	3.8975000000e+00	0.0000000000e+00
3.8688000000e+00	3.8688000000e+00	0.0000000000e+00
3.8509000000e+00	3.8509000000e+00	0.0000000000e+00
3.8101000000e+00	3.8101000000e+00	0.0000000000e+00
3.7796000000e+00	3.7796000000e+00	0.0000000000e+00
3.8051000000e+00	3.8051000000e+00	0.0000000000e+00
3.7510000000e+00	3.7510000000e+00	0.0000000000e+00
3.7463000000e+00	3.7463000000e+00	0.0000000000e+00
3.7408000000e+00	3.7408000000e+00	0.0000000000e+00
3.7421000000e+00	3.7421000000e+00	0.0000000000e+00
3.7450000000e+00	3.7450000000e+00	0.0000000000e+00
3.7357000000e+00	3.7357000000e+00	0.0000000000e+00
3.7464000000e+00	3.7464000000e+00	0.0000000000e+00
3.7591000000e+00	3.7591000000e+00	0.0000000000e+00
3.7736000000e+00	3.7736000000e+00	0.0000000000e+00
3.7897000000e+00	3.7897000000e+00	0.0000000000e+00
3.8074000000e+00	3.8074000000e+00	0.0000000000e+00
3.8263000000e+00	3.8263000000e+00	0.0000000000e+00
3.8463000000e+00	3.8463000000e+00	0.0000000000e+00
3.8673000000e+00	3.8673000000e+00	0.0000000000e+00
3.8890000000e+00	3.8890000000e+00	0.0000000000e+00
3.9113000000e+00	3.9113000000e+00	0.0000000000e+00
3.9340000000e+00	3.9340000000e+00	0.0000000000e+00
3.9569000000e+00	3.9569000000e+00	0.0000000000e+00
3.9800000000e+00	3.9800000000e+00	0.0000000000e+00
4.0030000000e+00	4.0030000000e+00	0.0000000000e+00
4.0259000000e+00	4.0259000000e+00	0.0000000000e+00
4.0485000000e+00	4.0485000000e+00	0.0000000000e+00
4.0708000000e+00	4.0708000000e+00	0.0000000000e+00
4.9201000000e+00	4.9201000000e+00	0.0000000000e+00
4.9114000000e+00	4.9114000000e+00	0.0000000000e+00
4.9032000000e+00	4.9032000000e+00	0.0000000000e+00
4.8954000000e+00	4.8954000000e+00	0.0000000000e+00
4.8882000000e+00	4.8882000000e+00	0.0000000000e+00
4.8817000000e+00	4.8817000000e+00	0.0000000000e+00
4.8761000000e+00	4.8761000000e+00	0.0000000000e+00
4.8719000000e+00	4.8719000000e+00	0.0000000000e+00
4.8692000000e+00	4.8692000000e+00	0.0000000000e+00
4.8675000000e+00	4.8675000000e+00	0.0000000000e+00
4.8637000000e+00	4.8637000000e+00	0.0000000000e+00
4.8613000000e+00	4.8613000000e+00	0.0000000000e+00
4.8603000000e+00	4.8603000000e+00	0.0000000000e+00
4.8612000000e+00	4.8612000000e+00	0.0000000000e+00
4.8603000000e+00	4.8603000000e+00	0.0000000000e+00
4.8410000000e+00	4.8410000000e+00	0.0000000000e+00
4.8468000000e+00	4.8468000000e+00	0.0000000000e+00
4.8671000000e+00	4.8671000000e+00	0.0000000000e+00
4.8792000000e+00	4.8792000000e+00	0.0000000000e+00
4.8654000000e+00	4.8654000000e+00	0.0000000000e+00
4.9035000000e+00	4.9035000000e+00	0.0000000000e+00
4.9500000000e+00	4.9500000000e+00	0.0000000000e+00
4.9429000000e+00	4.9429000000e+00	0.0000000000e+00
2.0087000000e+00	2.0087000000e+00	0.0000000000e+00
-3.4103000000e+00	-3.4103000000e+00	NA
-3.3059000000e+00	-3.3059000000e+00	NA
-3.1143000000e+00	-3.1143000000e+00	NA
-2.6133000000e+00	-2.6133000000e+00	NA
-1.5072000000e+00	-1.5072000000e+00	NA
-7.6970000000e-01	-7.6970000000e-01	NA
-9.1530000000e-01	-9.1530000000e-01	NA
-1.1931000000e+00	-1.1931000000e+00	NA
-1.3366000000e+00	-1.3366000000e+00	NA
-1.4528000000e+00	-1.4528000000e+00	NA
-1.4365000000e+00	-1.4365000000e+00	NA
-1.3822000000e+00	-1.3822000000e+00	NA
-1.3178000000e+00	-1.3178000000e+00	NA
-1.2239000000e+00	-1.2239000000e+00	NA
-1.1151000000e+00	-1.1151000000e+00	NA
-9.9550000000e-01	-9.9550000000e-01	NA
-8.8800000000e-01	-8.8800000000e-01	NA
-7.7860000000e-01	-7.7860000000e-01	NA
-6.8210000000e-01	-6.8210000000e-01	NA
-5.9670000000e-01	-5.9670000000e-01	NA
-5.1090000000e-01	-5.1090000000e-01	NA
-4.1960000000e-01	-4.1960000000e-01	NA
-2.8620000000e-01	-2.8620000000e-01	NA
7.7640000000e-01	7.7640000000e-01	0.0000000000e+00
2.8783000000e+00	2.8783000000e+00	0.0000000000e+00
3.7378000000e+00	3.7378000000e+00	0.0000000000e+00
3.9690000000e+00	3.9690000000e+00	0.0000000000e+00
4.0212000000e+00	4.0212000000e+00	0.0000000000e+00
4.0512000000e+00	4.0512000000e+00	0.0000000000e+00
4.0338000000e+00	4.0338000000e+00	0.0000000000e+00
4.0520000000e+00	4.0520000000e+00	0.0000000000e+00
4.0551000000e+00	4.0551000000e+00	0.0000000000e+00
4.0594000000e+00	4.0594000000e+00	0.0000000000e+00
4.0832000000e+00	4.0832000000e+00	0.0000000000e+00
4.0753000000e+00	4.0753000000e+00	0.0000000000e+00
4.0419000000e+00	4.0419000000e+00	0.0000000000e+00
4.0803000000e+00	4.0803000000e+00	0.0000000000e+00
4.0273000000e+00	4.0273000000e+00	0.0000000000e+00
3.9670000000e+00	3.9670000000e+00	0.0000000000e+00
3.9804000000e+00	3.9804000000e+00	0.0000000000e+00
3.9828000000e+00	3.9828000000e+00	0.0000000000e+00
4.0456000000e+00	4.0456000000e+00	0.0000000000e+00
4.0437000000e+00	4.0437000000e+00	0.0000000000e+00
4.0321000000e+00	4.0321000000e+00	0.0000000000e+00
3.8934000000e+00	3.8934000000e+00	0.0000000000e+00
3.8691000000e+00	3.8691000000e+00	0.0000000000e+00
3.8397000000e+00	3.8397000000e+00	0.0000000000e+00
3.8120000000e+00	3.8120000000e+00	0.0000000000e+00
3.7536000000e+00	3.7536000000e+00	0.0000000000e+00
3.7347000000e+00	3.7347000000e+00	0.0000000000e+00
3.7168000000e+00	3.7168000000e+00	0.0000000000e+00
3.7004000000e+00	3.7004000000e+00	0.0000000000e+00
3.6850000000e+00	3.6850000000e+00	0.0000000000e+00
3.6733000000e+00	3.6733000000e+00	0.0000000000e+00
3.6276000000e+00	3.6276000000e+00	0.0000000000e+00
3.6459000000e+00	3.6459000000e+00	0.0000000000e+00
3.5984000000e+00	3.5984000000e+00	0.0000000000e+00
3.5999000000e+00	3.5999000000e+00	0.0000000000e+00
3.6060000000e+00	3.6060000000e+00	0.0000000000e+00
3.5890000000e+00	3.5890000000e+00	0.0000000000e+00
3.5988000000e+00	3.5988000000e+00	0.0000000000e+00
3.6107000000e+00	3.6107000000e+00	0.0000000000e+00
3.6246000000e+00	3.6246000000e+00	0.0000000000e+00
3.6403000000e+00	3.6403000000e+00	0.0000000000e+00
3.6577000000e+00	3.6577000000e+00	0.0000000000e+00
3.6766000000e+00	3.6766000000e+00	0.0000000000e+00
3.6969000000e+00	3.6969000000e+00	0.0000000000e+00
3.7184000000e+00	3.7184000000e+00	0.0000000000e+00
3.7409000000e+00	3.7409000000e+00	0.0000000000e+00
3.7642000000e+00	3.7642000000e+00	0.0000000000e+00
3.7883000000e+00	3.7883000000e+00	0.0000000000e+00
3.8128000000e+00	3.8128000000e+00	0.0000000000e+00
3.8377000000e+00	3.8377000000e+00	0.0000000000e+00
3.8628000000e+00	3.8628000000e+00	0.0000000000e+00
3.8880000000e+00	3.8880000000e+00	0.0000000000e+00
3.9131000000e+00	3.9131000000e+00	0.0000000000e+00
3.9379000000e+00	3.9379000000e+00	0.0000000000e+00
4.9141000000e+00	4.9141000000e+00	0.0000000000e+00
4.9046000000e+00	4.9046000000e+00	0.0000000000e+00
4.8957000000e+00	4.8957000000e+00	0.0000000000e+00
4.8872000000e+00	4.8872000000e+00	0.0000000000e+00
4.8792000000e+00	4.8792000000e+00	0.0000000000e+00
4.8719000000e+00	4.8719000000e+00	0.0000000000e+00
4.8656000000e+00	4.8656000000e+00	0.0000000000e+00
4.8605000000e+00	4.8605000000e+00	0.0000000000e+00
4.8571000000e+00	4.8571000000e+00	0.0000000000e+00
4.8543000000e+00	4.8543000000e+00	0.0000000000e+00
4.8497000000e+00	4.8497000000e+00	0.0000000000e+00
4.8463000000e+00	4.8463000000e+00	0.0000000000e+00
4.8441000000e+00	4.8441000000e+00	0.0000000000e+00
4.8432000000e+00	4.8432000000e+00	0.0000000000e+00
4.8399000000e+00	4.8399000000e+00	0.0000000000e+00
4.8207000000e+00	4.8207000000e+00	0.0000000000e+00
4.8156000000e+00	4.8156000000e+00	0.0000000000e+00
4.8545000000e+00	4.8545000000e+00	0.0000000000e+00
4.7937000000e+00	4.7937000000e+00	0.0000000000e+00
4.7894000000e+00	4.7894000000e+00	0.0000000000e+00
4.8790000000e+00	4.8790000000e+00	0.0000000000e+00
4.8765000000e+00	4.8765000000e+00	0.0000000000e+00
4.8856000000e+00	4.8856000000e+00	0.0000000000e+00
4.0183000000e+00	4.0183000000e+00	0.0000000000e+00
-3.2499000000e+00	-3.2499000000e+00	NA
-3.1074000000e+00	-3.1074000000e+00	NA
-2.8709000000e+00	-2.8709000000e+00	NA
-2.3615000000e+00	-2.3615000000e+00	NA
-1.4921000000e+00	-1.4921000000e+00	NA
-6.9150000000e-01	-6.9150000000e-01	NA
-4.7140000000e-01	-4.7140000000e-01	NA
-6.1790000000e-01	-6.1790000000e-01	NA
-7.5340000000e-01	-7.5340000000e-01	NA
-1.0247000000e+00	-1.0247000000e+00	NA
-1.1097000000e+00	-1.1097000000e+00	NA
-1.1146000000e+00	-1.1146000000e+00	NA
-1.0843000000e+00	-1.0843000000e+00	NA
-1.0072000000e+00	-1.0072000000e+00	NA
-9.1940000000e-01	-9.1940000000e-01	NA
-8.3540000000e-01	-8.3540000000e-01	NA
-7.3170000000e-01	-7.3170000000e-01	NA
-6.5650000000e-01	-6.5650000000e-01	NA
-5.7780000000e-01	-5.7780000000e-01	NA
-5.0710000000e-01	-5.0710000000e-01	NA
-4.4390000000e-01	-4.4390000000e-01	NA
-3.7840000000e-01	-3.7840000000e-01	NA
-3.0980000000e-01	-3.0980000000e-01	NA
-7.9500000000e-02	-7.9500000000e-02	NA
6.4710000000e-01	6.4710000000e-01	0.0000000000e+00
2.1994000000e+00	2.1994000000e+00	0.0000000000e+00
3.3806000000e+00	3.3806000000e+00	0.0000000000e+00
3.8794000000e+00	3.8794000000e+00	0.0000000000e+00
3.9821000000e+00	3.9821000000e+00	0.0000000000e+00
4.0097000000e+00	4.0097000000e+00	0.0000000000e+00
4.0340000000e+00	4.0340000000e+00	0.0000000000e+00
4.0375000000e+00	4.0375000000e+00	0.0000000000e+00
4.0418000000e+00	4.0418000000e+00	0.0000000000e+00
4.0910000000e+00	4.0910000000e+00	0.0000000000e+00
4.0469000000e+00	4.0469000000e+00	0.0000000000e+00
4.0692000000e+00	4.0692000000e+00	0.0000000000e+00
4.0388000000e+00	4.0388000000e+00	0.0000000000e+00
4.0297000000e+00	4.0297000000e+00	0.0000000000e+00
3.9511000000e+00	3.9511000000e+00	0.0000000000e+00
3.9280000000e+00	3.9280000000e+00	0.0000000000e+00
3.9063000000e+00	3.9063000000e+00	0.0000000000e+00
3.8801000000e+00	3.8801000000e+00	0.0000000000e+00
3.9964000000e+00	3.9964000000e+00	0.0000000000e+00
3.9349000000e+00	3.9349000000e+00	0.0000000000e+00
3.7869000000e+00	3.7869000000e+00	0.0000000000e+00
3.7112000000e+00	3.7112000000e+00	0.0000000000e+00
3.6886000000e+00	3.6886000000e+00	0.0000000000e+00
3.6569000000e+00	3.6569000000e+00	0.0000000000e+00
3.6363000000e+00	3.6363000000e+00	0.0000000000e+00
3.6083000000e+00	3.6083000000e+00	0.0000000000e+00
3.5874000000e+00	3.5874000000e+00	0.0000000000e+00
3.5712000000e+00	3.5712000000e+00	0.0000000000e+00
3.5399000000e+00	3.5399000000e+00	0.0000000000e+00
3.5325000000e+00	3.5325000000e+00	0.0000000000e+00
3.5245000000e+00	3.5245000000e+00	0.0000000000e+00
3.4841000000e+00	3.4841000000e+00	0.0000000000e+00
3.4745000000e+00	3.4745000000e+00	0.0000000000e+00
3.4677000000e+00	3.4677000000e+00	0.0000000000e+00
3.4750000000e+00	3.4750000000e+00	0.0000000000e+00
3.4551000000e+00	3.4551000000e+00	0.0000000000e+00
3.4635000000e+00	3.4635000000e+00	0.0000000000e+00
3.4739000000e+00	3.4739000000e+00	0.0000000000e+00
3.4864000000e+00	3.4864000000e+00	0.0000000000e+00
3.5007000000e+00	3.5007000000e+00	0.0000000000e+00
3.5168000000e+00	3.5168000000e+00	0.0000000000e+00
3.5345000000e+00	3.5345000000e+00	0.0000000000e+00
3.5537000000e+00	3.5537000000e+00	0.0000000000e+00
3.5744000000e+00	3.5744000000e+00	0.0000000000e+00
3.5963000000e+00	3.5963000000e+00	0.0000000000e+00
3.6193000000e+00	3.6193000000e+00	0.0000000000e+00
3.6433000000e+00	3.6433000000e+00	0.0000000000e+00
3.6681000000e+00	3.6681000000e+00	0.0000000000e+00
3.6935000000e+00	3.6935000000e+00	0.0000000000e+00
3.7195000000e+00	3.7195000000e+00	0.0000000000e+00
3.7457000000e+00	3.7457000000e+00	0.0000000000e+00
3.7722000000e+00	3.7722000000e+00	0.0000000000e+00
3.7987000000e+00	3.7987000000e+00	0.0000000000e+00
4.9076000000e+00	4.9076000000e+00	0.0000000000e+00
4.8975000000e+00	4.8975000000e+00	0.0000000000e+00
4.8878000000e+00	4.8878000000e+00	0.0000000000e+00
4.8784000000e+00	4.8784000000e+00	0.0000000000e+00
4.8697000000e+00	4.8697000000e+00	0.0000000000e+00
4.8615000000e+00	4.8615000000e+00	0.0000000000e+00
4.8543000000e+00	4.8543000000e+00	0.0000000000e+00
4.8485000000e+00	4.8485000000e+00	0.0000000000e+00
4.8443000000e+00	4.8443000000e+00	0.0000000000e+00
4.8404000000e+00	4.8404000000e+00	0.0000000000e+00
4.8349000000e+00	4.8349000000e+00	0.0000000000e+00
4.8307000000e+00	4.8307000000e+00	0.0000000000e+00
4.8275000000e+00	4.8275000000e+00	0.0000000000e+00
4.8254000000e+00	4.8254000000e+00	0.0000000000e+00
4.8208000000e+00	4.8208000000e+00	0.0000000000e+00
4.8157000000e+00	4.8157000000e+00	0.0000000000e+00
4.8256000000e+00	4.8256000000e+00	0.0000000000e+00
4.7836000000e+00	4.7836000000e+00	0.0000000000e+00
4.7162000000e+00	4.7162000000e+00	0.0000000000e+00
4.7350000000e+00	4.7350000000e+00	0.0000000000e+00
4.8522000000e+00	4.8522000000e+00	0.0000000000e+00
4.8366000000e+00	4.8366000000e+00	0.0000000000e+00
4.7827000000e+00	4.7827000000e+00	0.0000000000e+00
4.2571000000e+00	4.2571000000e+00	0.0000000000e+00
-3.0266000000e+00	-3.0266000000e+00	NA
-2.9256000000e+00	-2.9256000000e+00	NA
-2.6410000000e+00	-2.6410000000e+00	NA
-2.1696000000e+00	-2.1696000000e+00	NA
-1.4281000000e+00	-1.4281000000e+00	NA
-6.4580000000e-01	-6.4580000000e-01	NA
-2.4930000000e-01	-2.4930000000e-01	NA
-2.9110000000e-01	-2.9110000000e-01	NA
-5.1560000000e-01	-5.1560000000e-01	NA
-7.0340000000e-01	-7.0340000000e-01	NA
-8.0410000000e-01	-8.0410000000e-01	NA
-8.5000000000e-01	-8.5000000000e-01	NA
-8.4450000000e-01	-8.4450000000e-01	NA
-8.0530000000e-01	-8.0530000000e-01	NA
-7.4790000000e-01	-7.4790000000e-01	NA
-6.8350000000e-01	-6.8350000000e-01	NA
-6.0480000000e-01	-6.0480000000e-01	NA
-5.1970000000e-01	-5.1970000000e-01	NA
-4.5570000000e-01	-4.5570000000e-01	NA
-4.0850000000e-01	-4.0850000000e-01	NA
-3.5590000000e-01	-3.5590000000e-01	NA
-3.0720000000e-01	-3.0720000000e-01	NA
-2.5500000000e-01	-2.5500000000e-01	NA
-1.8830000000e-01	-1.8830000000e-01	NA
-5.3700000000e-02	-5.3700000000e-02	NA
3.8350000000e-01	3.8350000000e-01	0.0000000000e+00
1.4626000000e+00	1.4626000000e+00	0.0000000000e+00
2.8001000000e+00	2.8001000000e+00	0.0000000000e+00
3.6312000000e+00	3.6312000000e+00	0.0000000000e+00
3.9148000000e+00	3.9148000000e+00	0.0000000000e+00
3.9918000000e+00	3.9918000000e+00	0.0000000000e+00
4.0043000000e+00	4.0043000000e+00	0.0000000000e+00
4.0195000000e+00	4.0195000000e+00	0.0000000000e+00
4.0175000000e+00	4.0175000000e+00	0.0000000000e+00
4.0558000000e+00	4.0558000000e+00	0.0000000000e+00
4.0082000000e+00	4.0082000000e+00	0.0000000000e+00
4.0167000000e+00	4.0167000000e+00	0.0000000000e+00
4.0196000000e+00	4.0196000000e+00	0.0000000000e+00
4.0108000000e+00	4.0108000000e+00	0.0000000000e+00
3.8613000000e+00	3.8613000000e+00	0.0000000000e+00
3.8400000000e+00	3.8400000000e+00	0.0000000000e+00
3.8674000000e+00	3.8674000000e+00	0.0000000000e+00
3.8717000000e+00	3.8717000000e+00	0.0000000000e+00
3.7417000000e+00	3.7417000000e+00	0.0000000000e+00
3.6720000000e+00	3.6720000000e+00	0.0000000000e+00
3.6431000000e+00	3.6431000000e+00	0.0000000000e+00
3.6060000000e+00	3.6060000000e+00	0.0000000000e+00
3.5677000000e+00	3.5677000000e+00	0.0000000000e+00
3.5260000000e+00	3.5260000000e+00	0.0000000000e+00
3.4919000000e+00	3.4919000000e+00	0.0000000000e+00
3.4717000000e+00	3.4717000000e+00	0.0000000000e+00
3.4520000000e+00	3.4520000000e+00	0.0000000000e+00
3.4389000000e+00	3.4389000000e+00	0.0000000000e+00
3.4260000000e+00	3.4260000000e+00	0.0000000000e+00
3.4087000000e+00	3.4087000000e+00	0.0000000000e+00
3.3804000000e+00	3.3804000000e+00	0.0000000000e+00
3.3802000000e+00	3.3802000000e+00	0.0000000000e+00
3.3545000000e+00	3.3545000000e+00	0.0000000000e+00
3.3470000000e+00	3.3470000000e+00	0.0000000000e+00
3.3417000000e+00	3.3417000000e+00	0.0000000000e+00
3.3484000000e+00	3.3484000000e+00	0.0000000000e+00
3.3571000000e+00	3.3571000000e+00	0.0000000000e+00
3.3675000000e+00	3.3675000000e+00	0.0000000000e+00
3.3798000000e+00	3.3798000000e+00	0.0000000000e+00
3.3937000000e+00	3.3937000000e+00	0.0000000000e+00
3.4093000000e+00	3.4093000000e+00	0.0000000000e+00
3.4264000000e+00	3.4264000000e+00	0.0000000000e+00
3.4450000000e+00	3.4450000000e+00	0.0000000000e+00
3.4650000000e+00	3.4650000000e+00	0.0000000000e+00
3.4863000000e+00	3.4863000000e+00	0.0000000000e+00
3.5087000000e+00	3.5087000000e+00	0.0000000000e+00
3.5322000000e+00	3.5322000000e+00	0.0000000000e+00
3.5567000000e+00	3.5567000000e+00	0.0000000000e+00
3.5819000000e+00	3.5819000000e+00	0.0000000000e+00
3.6079000000e+00	3.6079000000e+00	0.0000000000e+00
3.6343000000e+00	3.6343000000e+00	0.0000000000e+00
3.6611000000e+00	3.6611000000e+00	0.0000000000e+00
4.9009000000e+00	4.9009000000e+00	0.0000000000e+00
4.8899000000e+00	4.8899000000e+00	0.0000000000e+00
4.8794000000e+00	4.8794000000e+00	0.0000000000e+00
4.8692000000e+00	4.8692000000e+00	0.0000000000e+00
4.8595000000e+00	4.8595000000e+00	0.0000000000e+00
4.8504000000e+00	4.8504000000e+00	0.0000000000e+00
4.8423000000e+00	4.8423000000e+00	0.0000000000e+00
4.8355000000e+00	4.8355000000e+00	0.0000000000e+00
4.8304000000e+00	4.8304000000e+00	0.0000000000e+00
4.8254000000e+00	4.8254000000e+00	0.0000000000e+00
4.8191000000e+00	4.8191000000e+00	0.0000000000e+00
4.8139000000e+00	4.8139000000e+00	0.0000000000e+00
4.8099000000e+00	4.8099000000e+00	0.0000000000e+00
4.8070000000e+00	4.8070000000e+00	0.0000000000e+00
4.7998000000e+00	4.7998000000e+00	0.0000000000e+00
4.7850000000e+00	4.7850000000e+00	0.0000000000e+00
4.7408000000e+00	4.7408000000e+00	0.0000000000e+00
4.6983000000e+00	4.6983000000e+00	0.0000000000e+00
4.6852000000e+00	4.6852000000e+00	0.0000000000e+00
4.7409000000e+00	4.7409000000e+00	0.0000000000e+00
4.7969000000e+00	4.7969000000e+00	0.0000000000e+00
4.7160000000e+00	4.7160000000e+00	0.0000000000e+00
4.5727000000e+00	4.5727000000e+00	0.0000000000e+00
4.5275000000e+00	4.5275000000e+00	0.0000000000e+00
-1.0942000000e+00	-1.0942000000e+00	NA
-2.7114000000e+00	-2.7114000000e+00	NA
-2.4247000000e+00	-2.4247000000e+00	NA
-1.9866000000e+00	-1.9866000000e+00	NA
-1.3434000000e+00	-1.3434000000e+00	NA
-5.7810000000e-01	-5.7810000000e-01	NA
-9.1500000000e-02	-9.1500000000e-02	NA
7.1000000000e-03	7.1000000000e-03	0.0000000000e+00
-1.2200000000e-01	-1.2200000000e-01	NA
-3.2460000000e-01	-3.2460000000e-01	NA
-4.8320000000e-01	-4.8320000000e-01	NA
-5.6690000000e-01	-5.6690000000e-01	NA
-6.0210000000e-01	-6.0210000000e-01	NA
-5.9980000000e-01	-5.9980000000e-01	NA
-5.7020000000e-01	-5.7020000000e-01	NA
-5.1860000000e-01	-5.1860000000e-01	NA
-4.6690000000e-01	-4.6690000000e-01	NA
-4.0950000000e-01	-4.0950000000e-01	NA
-3.3830000000e-01	-3.3830000000e-01	NA
-2.8880000000e-01	-2.8880000000e-01	NA
-2.6020000000e-01	-2.6020000000e-01	NA
-2.1620000000e-01	-2.1620000000e-01	NA
-1.7550000000e-01	-1.7550000000e-01	NA
-1.3440000000e-01	-1.3440000000e-01	NA
-8.7100000000e-02	-8.7100000000e-02	NA
9.3000000000e-03	9.3000000000e-03	0.0000000000e+00
2.8080000000e-01	2.8080000000e-01	0.0000000000e+00
9.5530000000e-01	9.5530000000e-01	0.0000000000e+00
2.0800000000e+00	2.0800000000e+00	0.0000000000e+00
3.2325000000e+00	3.2325000000e+00	0.0000000000e+00
3.7870000000e+00	3.7870000000e+00	0.0000000000e+00
3.9257000000e+00	3.9257000000e+00	0.0000000000e+00
3.9511000000e+00	3.9511000000e+00	0.0000000000e+00
3.9881000000e+00	3.9881000000e+00	0.0000000000e+00
3.9836000000e+00	3.9836000000e+00	0.0000000000e+00
4.0140000000e+00	4.0140000000e+00	0.0000000000e+00
4.0031000000e+00	4.0031000000e+00	0.0000000000e+00
3.9513000000e+00	3.9513000000e+00	0.0000000000e+00
3.8280000000e+00	3.8280000000e+00	0.0000000000e+00
3.7927000000e+00	3.7927000000e+00	0.0000000000e+00
3.8503000000e+00	3.8503000000e+00	0.0000000000e+00
3.6973000000e+00	3.6973000000e+00	0.0000000000e+00
3.6620000000e+00	3.6620000000e+00	0.0000000000e+00
3.6134000000e+00	3.6134000000e+00	0.0000000000e+00
3.5541000000e+00	3.5541000000e+00	0.0000000000e+00
3.5235000000e+00	3.5235000000e+00	0.0000000000e+00
3.4893000000e+00	3.4893000000e+00	0.0000000000e+00
3.4523000000e+00	3.4523000000e+00	0.0000000000e+00
3.4307000000e+00	3.4307000000e+00	0.0000000000e+00
3.3908000000e+00	3.3908000000e+00	0.0000000000e+00
3.3749000000e+00	3.3749000000e+00	0.0000000000e+00
3.3547000000e+00	3.3547000000e+00	0.0000000000e+00
3.3288000000e+00	3.3288000000e+00	0.0000000000e+00
3.3258000000e+00	3.3258000000e+00	0.0000000000e+00
3.3070000000e+00	3.3070000000e+00	0.0000000000e+00
3.3052000000e+00	3.3052000000e+00	0.0000000000e+00
3.2720000000e+00	3.2720000000e+00	0.0000000000e+00
3.2564000000e+00	3.2564000000e+00	0.0000000000e+00
3.2664000000e+00	3.2664000000e+00	0.0000000000e+00
3.2514000000e+00	3.2514000000e+00	0.0000000000e+00
3.2566000000e+00	3.2566000000e+00	0.0000000000e+00
3.2633000000e+00	3.2633000000e+00	0.0000000000e+00
3.2717000000e+00	3.2717000000e+00	0.0000000000e+00
3.2816000000e+00	3.2816000000e+00	0.0000000000e+00
3.2930000000e+00	3.2930000000e+00	0.0000000000e+00
3.3059000000e+00	3.3059000000e+00	0.0000000000e+00
3.3203000000e+00	3.3203000000e+00	0.0000000000e+00
3.3361000000e+00	3.3361000000e+00	0.0000000000e+00
3.3533000000e+00	3.3533000000e+00	0.0000000000e+00
3.3718000000e+00	3.3718000000e+00	0.0000000000e+00
3.3917000000e+00	3.3917000000e+00	0.0000000000e+00
3.4127000000e+00	3.4127000000e+00	0.0000000000e+00
3.4349000000e+00	3.4349000000e+00	0.0000000000e+00
3.4581000000e+00	3.4581000000e+00	0.0000000000e+00
3.4822000000e+00	3.4822000000e+00	0.0000000000e+00
3.5071000000e+00	3.5071000000e+00	0.0000000000e+00
3.5327000000e+00	3.5327000000e+00	0.0000000000e+00
4.8937000000e+00	4.8937000000e+00	0.0000000000e+00
4.8818000000e+00	4.8818000000e+00	0.0000000000e+00
4.8703000000e+00	4.8703000000e+00	0.0000000000e+00
4.8592000000e+00	4.8592000000e+00	0.0000000000e+00
4.8485000000e+00	4.8485000000e+00	0.0000000000e+00
4.8385000000e+00	4.8385000000e+00	0.0000000000e+00
4.8292000000e+00	4.8292000000e+00	0.0000000000e+00
4.8214000000e+00	4.8214000000e+00	0.0000000000e+00
4.8154000000e+00	4.8154000000e+00	0.0000000000e+00
4.8090000000e+00	4.8090000000e+00	0.0000000000e+00
4.8016000000e+00	4.8016000000e+00	0.0000000000e+00
4.7953000000e+00	4.7953000000e+00	0.0000000000e+00
4.7898000000e+00	4.7898000000e+00	0.0000000000e+00
4.7851000000e+00	4.7851000000e+00	0.0000000000e+00
4.7755000000e+00	4.7755000000e+00	0.0000000000e+00
4.7534000000e+00	4.7534000000e+00	0.0000000000e+00
4.6564000000e+00	4.6564000000e+00	0.0000000000e+00
4.6847000000e+00	4.6847000000e+00	0.0000000000e+00
4.6323000000e+00	4.6323000000e+00	0.0000000000e+00
4.6198000000e+00	4.6198000000e+00	0.0000000000e+00
4.6177000000e+00	4.6177000000e+00	0.0000000000e+00
4.5281000000e+00	4.5281000000e+00	0.0000000000e+00
4.4842000000e+00	4.4842000000e+00	0.0000000000e+00
4.4811000000e+00	4.4811000000e+00	0.0000000000e+00
3.0893000000e+00	3.0893000000e+00	0.0000000000e+00
-2.2730000000e+00	-2.2730000000e+00	NA
-2.2207000000e+00	-2.2207000000e+00	NA
-1.8126000000e+00	-1.8126000000e+00	NA
-1.1979000000e+00	-1.1979000000e+00	NA
-4.8500000000e-01	-4.8500000000e-01	NA
7.7900000000e-02	7.7900000000e-02	0.0000000000e+00
2.7840000000e-01	2.7840000000e-01	0.0000000000e+00
2.3680000000e-01	2.3680000000e-01	0.0000000000e+00
5.5700000000e-02	5.5700000000e-02	0.0000000000e+00
-1.3020000000e-01	-1.3020000000e-01	NA
-2.7710000000e-01	-2.7710000000e-01	NA
-3.6210000000e-01	-3.6210000000e-01	NA
-3.9340000000e-01	-3.9340000000e-01	NA
-3.8010000000e-01	-3.8010000000e-01	NA
-3.5970000000e-01	-3.5970000000e-01	NA
-3.2100000000e-01	-3.2100000000e-01	NA
-2.7300000000e-01	-2.7300000000e-01	NA
-2.3710000000e-01	-2.3710000000e-01	NA
-1.7440000000e-01	-1.7440000000e-01	NA
-1.4060000000e-01	-1.4060000000e-01	NA
-1.1170000000e-01	-1.1170000000e-01	NA
-7.6700000000e-02	-7.6700000000e-02	NA
-4.6900000000e-02	-4.6900000000e-02	NA
-1.7500000000e-02	-1.7500000000e-02	NA
1.5000000000e-02	1.5000000000e-02	0.0000000000e+00
7.6600000000e-02	7.6600000000e-02	0.0000000000e+00
2.2230000000e-01	2.2230000000e-01	0.0000000000e+00
6.1090000000e-01	6.1090000000e-01	0.0000000000e+00
1.5240000000e+00	1.5240000000e+00	0.0000000000e+00
2.7030000000e+00	2.7030000000e+00	0.0000000000e+00
3.5264000000e+00	3.5264000000e+00	0.0000000000e+00
3.7110000000e+00	3.7110000000e+00	0.0000000000e+00
3.9109000000e+00	3.9109000000e+00	0.0000000000e+00
3.9714000000e+00	3.9714000000e+00	0.0000000000e+00
4.0396000000e+00	4.0396000000e+00	0.0000000000e+00
3.9127000000e+00	3.9127000000e+00	0.0000000000e+00
3.8887000000e+00	3.8887000000e+00	0.0000000000e+00
3.8566000000e+00	3.8566000000e+00	0.0000000000e+00
3.8253000000e+00	3.8253000000e+00	0.0000000000e+00
3.6713000000e+00	3.6713000000e+00	0.0000000000e+00
3.6226000000e+00	3.6226000000e+00	0.0000000000e+00
3.5769000000e+00	3.5769000000e+00	0.0000000000e+00
3.5111000000e+00	3.5111000000e+00	0.0000000000e+00
3.4391000000e+00	3.4391000000e+00	0.0000000000e+00
3.4422000000e+00	3.4422000000e+00	0.0000000000e+00
3.4014000000e+00	3.4014000000e+00	0.0000000000e+00
3.3595000000e+00	3.3595000000e+00	0.0000000000e+00
3.3187000000e+00	3.3187000000e+00	0.0000000000e+00
3.3018000000e+00	3.3018000000e+00	0.0000000000e+00
3.2874000000e+00	3.2874000000e+00	0.0000000000e+00
3.2727000000e+00	3.2727000000e+00	0.0000000000e+00
3.2542000000e+00	3.2542000000e+00	0.0000000000e+00
3.2348000000e+00	3.2348000000e+00	0.0000000000e+00
3.2143000000e+00	3.2143000000e+00	0.0000000000e+00
3.1983000000e+00	3.1983000000e+00	0.0000000000e+00
3.2017000000e+00	3.2017000000e+00	0.0000000000e+00
3.1879000000e+00	3.1879000000e+00	0.0000000000e+00
3.1937000000e+00	3.1937000000e+00	0.0000000000e+00
3.1829000000e+00	3.1829000000e+00	0.0000000000e+00
3.1867000000e+00	3.1867000000e+00	0.0000000000e+00
3.1917000000e+00	3.1917000000e+00	0.0000000000e+00
3.1981000000e+00	3.1981000000e+00	0.0000000000e+00
3.2057000000e+00	3.2057000000e+00	0.0000000000e+00
3.2147000000e+00	3.2147000000e+00	0.0000000000e+00
3.2249000000e+00	3.2249000000e+00	0.0000000000e+00
3.2364000000e+00	3.2364000000e+00	0.0000000000e+00
3.2493000000e+00	3.2493000000e+00	0.0000000000e+00
3.2634000000e+00	3.2634000000e+00	0.0000000000e+00
3.2788000000e+00	3.2788000000e+00	0.0000000000e+00
3.2954000000e+00	3.2954000000e+00	0.0000000000e+00
3.3133000000e+00	3.3133000000e+00	0.0000000000e+00
3.3324000000e+00	3.3324000000e+00	0.0000000000e+00
3.3527000000e+00	3.3527000000e+00	0.0000000000e+00
3.3740000000e+00	3.3740000000e+00	0.0000000000e+00
3.3963000000e+00	3.3963000000e+00	0.0000000000e+00
3.4196000000e+00	3.4196000000e+00	0.0000000000e+00
4.8860000000e+00	4.8860000000e+00	0.0000000000e+00
4.8732000000e+00	4.8732000000e+00	0.0000000000e+00
4.8608000000e+00	4.8608000000e+00	0.0000000000e+00
4.8486000000e+00	4.8486000000e+00	0.0000000000e+00
4.8368000000e+00	4.8368000000e+00	0.0000000000e+00
4.8255000000e+00	4.8255000000e+00	0.0000000000e+00
4.8151000000e+00	4.8151000000e+00	0.0000000000e+00
4.8061000000e+00	4.8061000000e+00	0.0000000000e+00
4.7988000000e+00	4.7988000000e+00	0.0000000000e+00
4.7912000000e+00	4.7912000000e+00	0.0000000000e+00
4.7823000000e+00	4.7823000000e+00	0.0000000000e+00
4.7743000000e+00	4.7743000000e+00	0.0000000000e+00
4.7664000000e+00	4.7664000000e+00	0.0000000000e+00
4.7573000000e+00	4.7573000000e+00	0.0000000000e+00
4.7428000000e+00	4.7428000000e+00	0.0000000000e+00
4.7178000000e+00	4.7178000000e+00	0.0000000000e+00
4.6468000000e+00	4.6468000000e+00	0.0000000000e+00
4.6304000000e+00	4.6304000000e+00	0.0000000000e+00
4.6335000000e+00	4.6335000000e+00	0.0000000000e+00
4.4916000000e+00	4.4916000000e+00	0.0000000000e+00
4.4406000000e+00	4.4406000000e+00	0.0000000000e+00
4.4450000000e+00	4.4450000000e+00	0.0000000000e+00
4.4348000000e+00	4.4348000000e+00	0.0000000000e+00
4.4089000000e+00	4.4089000000e+00	0.0000000000e+00
4.1916000000e+00	4.1916000000e+00	0.0000000000e+00
3.0300000000e-02	3.0300000000e-02	0.0000000000e+00
-1.9524000000e+00	-1.9524000000e+00	NA
-1.6621000000e+00	-1.6621000000e+00	NA
-1.1141000000e+00	-1.1141000000e+00	NA
-3.2900000000e-01	-3.2900000000e-01	NA
2.8580000000e-01	2.8580000000e-01	0.0000000000e+00
5.2910000000e-01	5.2910000000e-01	0.0000000000e+00
5.7080000000e-01	5.7080000000e-01	0.0000000000e+00
4.3400000000e-01	4.3400000000e-01	0.0000000000e+00
2.4300000000e-01	2.4300000000e-01	0.0000000000e+00
5.8800000000e-02	5.8800000000e-02	0.0000000000e+00
-7.7600000000e-02	-7.7600000000e-02	NA
-1.5520000000e-01	-1.5520000000e-01	NA
-1.7680000000e-01	-1.7680000000e-01	NA
-1.7970000000e-01	-1.7970000000e-01	NA
-1.6260000000e-01	-1.6260000000e-01	NA
-1.3040000000e-01	-1.3040000000e-01	NA
-9.7600000000e-02	-9.7600000000e-02	NA
-6.0900000000e-02	-6.0900000000e-02	NA
-2.4600000000e-02	-2.4600000000e-02	NA
7.1000000000e-03	7.1000000000e-03	0.0000000000e+00
3.5600000000e-02	3.5600000000e-02	0.0000000000e+00
5.7200000000e-02	5.7200000000e-02	0.0000000000e+00
7.6800000000e-02	7.6800000000e-02	0.0000000000e+00
9.4300000000e-02	9.4300000000e-02	0.0000000000e+00
1.1520000000e-01	1.1520000000e-01	0.0000000000e+00
1.4810000000e-01	1.4810000000e-01	0.0000000000e+00
2.2520000000e-01	2.2520000000e-01	0.0000000000e+00
2.2940000000e-01	2.2940000000e-01	0.0000000000e+00
9.7220000000e-01	9.7220000000e-01	0.0000000000e+00
1.6446000000e+00	1.6446000000e+00	0.0000000000e+00
2.5160000000e+00	2.5160000000e+00	0.0000000000e+00
3.4295000000e+00	3.4295000000e+00	0.0000000000e+00
3.7193000000e+00	3.7193000000e+00	0.0000000000e+00
3.8902000000e+00	3.8902000000e+00	0.0000000000e+00
3.9159000000e+00	3.9159000000e+00	0.0000000000e+00
3.8413000000e+00	3.8413000000e+00	0.0000000000e+00
3.8021000000e+00	3.8021000000e+00	0.0000000000e+00
3.7539000000e+00	3.7539000000e+00	0.0000000000e+00
3.5763000000e+00	3.5763000000e+00	0.0000000000e+00
3.5310000000e+00	3.5310000000e+00	0.0000000000e+00
3.4806000000e+00	3.4806000000e+00	0.0000000000e+00
3.4351000000e+00	3.4351000000e+00	0.0000000000e+00
3.4003000000e+00	3.4003000000e+00	0.0000000000e+00
3.3417000000e+00	3.3417000000e+00	0.0000000000e+00
3.3239000000e+00	3.3239000000e+00	0.0000000000e+00
3.2869000000e+00	3.2869000000e+00	0.0000000000e+00
3.2600000000e+00	3.2600000000e+00	0.0000000000e+00
3.2277000000e+00	3.2277000000e+00	0.0000000000e+00
3.2203000000e+00	3.2203000000e+00	0.0000000000e+00
3.2084000000e+00	3.2084000000e+00	0.0000000000e+00
3.1980000000e+00	3.1980000000e+00	0.0000000000e+00
3.1876000000e+00	3.1876000000e+00	0.0000000000e+00
3.1790000000e+00	3.1790000000e+00	0.0000000000e+00
3.1489000000e+00	3.1489000000e+00	0.0000000000e+00
3.1428000000e+00	3.1428000000e+00	0.0000000000e+00
3.1427000000e+00	3.1427000000e+00	0.0000000000e+00
3.1342000000e+00	3.1342000000e+00	0.0000000000e+00
3.1325000000e+00	3.1325000000e+00	0.0000000000e+00
3.1351000000e+00	3.1351000000e+00	0.0000000000e+00
3.1388000000e+00	3.1388000000e+00	0.0000000000e+00
3.1435000000e+00	3.1435000000e+00	0.0000000000e+00
3.1493000000e+00	3.1493000000e+00	0.0000000000e+00
3.1560000000e+00	3.1560000000e+00	0.0000000000e+00
3.1639000000e+00	3.1639000000e+00	0.0000000000e+00
3.1728000000e+00	3.1728000000e+00	0.0000000000e+00
3.1829000000e+00	3.1829000000e+00	0.0000000000e+00
3.1940000000e+00	3.1940000000e+00	0.0000000000e+00
3.2063000000e+00	3.2063000000e+00	0.0000000000e+00
3.2198000000e+00	3.2198000000e+00	0.0000000000e+00
3.2344000000e+00	3.2344000000e+00	0.0000000000e+00
3.2502000000e+00	3.2502000000e+00	0.0000000000e+00
3.2671000000e+00	3.2671000000e+00	0.0000000000e+00
3.2851000000e+00	3.2851000000e+00	0.0000000000e+00
3.3043000000e+00	3.3043000000e+00	0.0000000000e+00
3.3245000000e+00	3.3245000000e+00	0.0000000000e+00
4.8779000000e+00	4.8779000000e+00	0.0000000000e+00
4.8640000000e+00	4.8640000000e+00	0.0000000000e+00
4.8505000000e+00	4.8505000000e+00	0.0000000000e+00
4.8371000000e+00	4.8371000000e+00	0.0000000000e+00
4.8241000000e+00	4.8241000000e+00	0.0000000000e+00
4.8115000000e+00	4.8115000000e+00	0.0000000000e+00
4.7998000000e+00	4.7998000000e+00	0.0000000000e+00
4.7892000000e+00	4.7892000000e+00	0.0000000000e+00
4.7805000000e+00	4.7805000000e+00	0.0000000000e+00
4.7717000000e+00	4.7717000000e+00	0.0000000000e+00
4.7612000000e+00	4.7612000000e+00	0.0000000000e+00
4.7513000000e+00	4.7513000000e+00	0.0000000000e+00
4.7401000000e+00	4.7401000000e+00	0.0000000000e+00
4.7242000000e+00	4.7242000000e+00	0.0000000000e+00
4.6989000000e+00	4.6989000000e+00	0.0000000000e+00
4.6539000000e+00	4.6539000000e+00	0.0000000000e+00
4.6121000000e+00	4.6121000000e+00	0.0000000000e+00
4.6343000000e+00	4.6343000000e+00	0.0000000000e+00
4.5587000000e+00	4.5587000000e+00	0.0000000000e+00
4.4206000000e+00	4.4206000000e+00	0.0000000000e+00
4.4966000000e+00	4.4966000000e+00	0.0000000000e+00
4.3931000000e+00	4.3931000000e+00	0.0000000000e+00
4.3277000000e+00	4.3277000000e+00	0.0000000000e+00
4.3426000000e+00	4.3426000000e+00	0.0000000000e+00
4.2269000000e+00	4.2269000000e+00	0.0000000000e+00
3.3881000000e+00	3.3881000000e+00	0.0000000000e+00
-1.3594000000e+00	-1.3594000000e+00	NA
-1.5056000000e+00	-1.5056000000e+00	NA
-9.8150000000e-01	-9.8150000000e-01	NA
-1.1910000000e-01	-1.1910000000e-01	NA
5.3070000000e-01	5.3070000000e-01	0.0000000000e+00
8.0910000000e-01	8.0910000000e-01	0.0000000000e+00
8.5990000000e-01	8.5990000000e-01	0.0000000000e+00
7.6690000000e-01	7.6690000000e-01	0.0000000000e+00
6.2430000000e-01	6.2430000000e-01	0.0000000000e+00
4.0740000000e-01	4.0740000000e-01	0.0000000000e+00
2.3830000000e-01	2.3830000000e-01	0.0000000000e+00
1.2500000000e-01	1.2500000000e-01	0.0000000000e+00
5.8600000000e-02	5.8600000000e-02	0.0000000000e+00
3.0000000000e-02	3.0000000000e-02	0.0000000000e+00
1.9000000000e-02	1.9000000000e-02	0.0000000000e+00
3.0000000000e-02	3.0000000000e-02	0.0000000000e+00
5.7500000000e-02	5.7500000000e-02	0.0000000000e+00
8.6800000000e-02	8.6800000000e-02	0.0000000000e+00
1.1140000000e-01	1.1140000000e-01	0.0000000000e+00
1.3890000000e-01	1.3890000000e-01	0.0000000000e+00
1.6040000000e-01	1.6040000000e-01	0.0000000000e+00
1.7620000000e-01	1.7620000000e-01	0.0000000000e+00
1.8680000000e-01	1.8680000000e-01	0.0000000000e+00
1.9610000000e-01	1.9610000000e-01	0.0000000000e+00
2.0300000000e-01	2.0300000000e-01	0.0000000000e+00
2.1310000000e-01	2.1310000000e-01	0.0000000000e+00
2.3210000000e-01	2.3210000000e-01	0.0000000000e+00
2.4670000000e-01	2.4670000000e-01	0.0000000000e+00
3.3130000000e-01	3.3130000000e-01	0.0000000000e+00
6.1740000000e-01	6.1740000000e-01	0.0000000000e+00
1.0139000000e+00	1.0139000000e+00	0.0000000000e+00
1.4210000000e+00	1.4210000000e+00	0.0000000000e+00
2.1792000000e+00	2.1792000000e+00	0.0000000000e+00
3.3823000000e+00	3.3823000000e+00	0.0000000000e+00
3.6984000000e+00	3.6984000000e+00	0.0000000000e+00
3.7630000000e+00	3.7630000000e+00	0.0000000000e+00
3.7303000000e+00	3.7303000000e+00	0.0000000000e+00
3.6974000000e+00	3.6974000000e+00	0.0000000000e+00
3.6400000000e+00	3.6400000000e+00	0.0000000000e+00
3.4460000000e+00	3.4460000000e+00	0.0000000000e+00
3.4172000000e+00	3.4172000000e+00	0.0000000000e+00
3.3691000000e+00	3.3691000000e+00	0.0000000000e+00
3.3290000000e+00	3.3290000000e+00	0.0000000000e+00
3.2863000000e+00	3.2863000000e+00	0.0000000000e+00
3.2549000000e+00	3.2549000000e+00	0.0000000000e+00
3.2258000000e+00	3.2258000000e+00	0.0000000000e+00
3.2550000000e+00	3.2550000000e+00	0.0000000000e+00
3.1656000000e+00	3.1656000000e+00	0.0000000000e+00
3.1596000000e+00	3.1596000000e+00	0.0000000000e+00
3.1499000000e+00	3.1499000000e+00	0.0000000000e+00
3.1480000000e+00	3.1480000000e+00	0.0000000000e+00
3.1415000000e+00	3.1415000000e+00	0.0000000000e+00
3.1346000000e+00	3.1346000000e+00	0.0000000000e+00
3.1193000000e+00	3.1193000000e+00	0.0000000000e+00
3.1222000000e+00	3.1222000000e+00	0.0000000000e+00
3.1021000000e+00	3.1021000000e+00	0.0000000000e+00
3.0997000000e+00	3.0997000000e+00	0.0000000000e+00
3.0962000000e+00	3.0962000000e+00	0.0000000000e+00
3.0980000000e+00	3.0980000000e+00	0.0000000000e+00
3.1006000000e+00	3.1006000000e+00	0.0000000000e+00
3.1040000000e+00	3.1040000000e+00	0.0000000000e+00
3.1082000000e+00	3.1082000000e+00	0.0000000000e+00
3.1132000000e+00	3.1132000000e+00	0.0000000000e+00
3.1191000000e+00	3.1191000000e+00	0.0000000000e+00
3.1259000000e+00	3.1259000000e+00	0.0000000000e+00
3.1335000000e+00	3.1335000000e+00	0.0000000000e+00
3.1421000000e+00	3.1421000000e+00	0.0000000000e+00
3.1517000000e+00	3.1517000000e+00	0.0000000000e+00
3.1623000000e+00	3.1623000000e+00	0.0000000000e+00
3.1739000000e+00	3.1739000000e+00	0.0000000000e+00
3.1865000000e+00	3.1865000000e+00	0.0000000000e+00
3.2002000000e+00	3.2002000000e+00	0.0000000000e+00
3.2150000000e+00	3.2150000000e+00	0.0000000000e+00
3.2308000000e+00	3.2308000000e+00	0.0000000000e+00
3.2477000000e+00	3.2477000000e+00	0.0000000000e+00
4.8691000000e+00	4.8691000000e+00	0.0000000000e+00
4.8541000000e+00	4.8541000000e+00	0.0000000000e+00
4.8395000000e+00	4.8395000000e+00	0.0000000000e+00
4.8249000000e+00	4.8249000000e+00	0.0000000000e+00
4.8104000000e+00	4.8104000000e+00	0.0000000000e+00
4.7963000000e+00	4.7963000000e+00	0.0000000000e+00
4.7830000000e+00	4.7830000000e+00	0.0000000000e+00
4.7709000000e+00	4.7709000000e+00	0.0000000000e+00
4.7605000000e+00	4.7605000000e+00	0.0000000000e+00
4.7506000000e+00	4.7506000000e+00	0.0000000000e+00
4.7384000000e+00	4.7384000000e+00	0.0000000000e+00
4.7267000000e+00	4.7267000000e+00	0.0000000000e+00
4.7128000000e+00	4.7128000000e+00	0.0000000000e+00
4.6917000000e+00	4.6917000000e+00	0.0000000000e+00
4.6566000000e+00	4.6566000000e+00	0.0000000000e+00
4.6072000000e+00	4.6072000000e+00	0.0000000000e+00
4.5418000000e+00	4.5418000000e+00	0.0000000000e+00
4.5393000000e+00	4.5393000000e+00	0.0000000000e+00
4.4225000000e+00	4.4225000000e+00	0.0000000000e+00
4.3892000000e+00	4.3892000000e+00	0.0000000000e+00
4.3598000000e+00	4.3598000000e+00	0.0000000000e+00
4.2761000000e+00	4.2761000000e+00	0.0000000000e+00
4.2784000000e+00	4.2784000000e+00	0.0000000000e+00
4.2599000000e+00	4.2599000000e+00	0.0000000000e+00
4.1857000000e+00	4.1857000000e+00	0.0000000000e+00
4.1028000000e+00	4.1028000000e+00	0.0000000000e+00
1.7456000000e+00	1.7456000000e+00	0.0000000000e+00
-1.1432000000e+00	-1.1432000000e+00	NA
-8.4150000000e-01	-8.4150000000e-01	NA
8.3800000000e-02	8.3800000000e-02	0.0000000000e+00
8.2340000000e-01	8.2340000000e-01	0.0000000000e+00
1.1277000000e+00	1.1277000000e+00	0.0000000000e+00
1.1761000000e+00	1.1761000000e+00	0.0000000000e+00
1.0982000000e+00	1.0982000000e+00	0.0000000000e+00
9.5540000000e-01	9.5540000000e-01	0.0000000000e+00
7.6890000000e-01	7.6890000000e-01	0.0000000000e+00
5.8990000000e-01	5.8990000000e-01	0.0000000000e+00
4.2030000000e-01	4.2030000000e-01	0.0000000000e+00
3.1640000000e-01	3.1640000000e-01	0.0000000000e+00
2.6080000000e-01	2.6080000000e-01	0.0000000000e+00
2.3120000000e-01	2.3120000000e-01	0.0000000000e+00
2.2270000000e-01	2.2270000000e-01	0.0000000000e+00
2.2360000000e-01	2.2360000000e-01	0.0000000000e+00
2.4700000000e-01	2.4700000000e-01	0.0000000000e+00
2.6490000000e-01	2.6490000000e-01	0.0000000000e+00
2.8290000000e-01	2.8290000000e-01	0.0000000000e+00
2.9740000000e-01	2.9740000000e-01	0.0000000000e+00
3.0660000000e-01	3.0660000000e-01	0.0000000000e+00
3.0910000000e-01	3.0910000000e-01	0.0000000000e+00
3.1140000000e-01	3.1140000000e-01	0.0000000000e+00
3.0990000000e-01	3.0990000000e-01	0.0000000000e+00
3.0890000000e-01	3.0890000000e-01	0.0000000000e+00
3.1070000000e-01	3.1070000000e-01	0.0000000000e+00
3.1620000000e-01	3.1620000000e-01	0.0000000000e+00
3.2730000000e-01	3.2730000000e-01	0.0000000000e+00
3.6660000000e-01	3.6660000000e-01	0.0000000000e+00
4.5860000000e-01	4.5860000000e-01	0.0000000000e+00
5.6240000000e-01	5.6240000000e-01	0.0000000000e+00
1.2303000000e+00	1.2303000000e+00	0.0000000000e+00
1.6673000000e+00	1.6673000000e+00	0.0000000000e+00
3.0738000000e+00	3.0738000000e+00	0.0000000000e+00
3.5483000000e+00	3.5483000000e+00	0.0000000000e+00
3.6707000000e+00	3.6707000000e+00	0.0000000000e+00
3.6226000000e+00	3.6226000000e+00	0.0000000000e+00
3.5774000000e+00	3.5774000000e+00	0.0000000000e+00
3.4014000000e+00	3.4014000000e+00	0.0000000000e+00
3.3381000000e+00	3.3381000000e+00	0.0000000000e+00
3.3024000000e+00	3.3024000000e+00	0.0000000000e+00
3.2656000000e+00	3.2656000000e+00	0.0000000000e+00
3.2168000000e+00	3.2168000000e+00	0.0000000000e+00
3.2402000000e+00	3.2402000000e+00	0.0000000000e+00
3.2055000000e+00	3.2055000000e+00	0.0000000000e+00
3.2125000000e+00	3.2125000000e+00	0.0000000000e+00
3.1421000000e+00	3.1421000000e+00	0.0000000000e+00
3.1294000000e+00	3.1294000000e+00	0.0000000000e+00
3.1164000000e+00	3.1164000000e+00	0.0000000000e+00
3.1145000000e+00	3.1145000000e+00	0.0000000000e+00
3.0998000000e+00	3.0998000000e+00	0.0000000000e+00
3.0938000000e+00	3.0938000000e+00	0.0000000000e+00
3.0828000000e+00	3.0828000000e+00	0.0000000000e+00
3.0762000000e+00	3.0762000000e+00	0.0000000000e+00
3.0747000000e+00	3.0747000000e+00	0.0000000000e+00
3.0713000000e+00	3.0713000000e+00	0.0000000000e+00
3.0702000000e+00	3.0702000000e+00	0.0000000000e+00
3.0714000000e+00	3.0714000000e+00	0.0000000000e+00
3.0732000000e+00	3.0732000000e+00	0.0000000000e+00
3.0757000000e+00	3.0757000000e+00	0.0000000000e+00
3.0787000000e+00	3.0787000000e+00	0.0000000000e+00
3.0824000000e+00	3.0824000000e+00	0.0000000000e+00
3.0868000000e+00	3.0868000000e+00	0.0000000000e+00
3.0918000000e+00	3.0918000000e+00	0.0000000000e+00
3.0976000000e+00	3.0976000000e+00	0.0000000000e+00
3.1041000000e+00	3.1041000000e+00	0.0000000000e+00
3.1114000000e+00	3.1114000000e+00	0.0000000000e+00
3.1195000000e+00	3.1195000000e+00	0.0000000000e+00
3.1285000000e+00	3.1285000000e+00	0.0000000000e+00
3.1384000000e+00	3.1384000000e+00	0.0000000000e+00
3.1493000000e+00	3.1493000000e+00	0.0000000000e+00
3.1611000000e+00	3.1611000000e+00	0.0000000000e+00
3.1738000000e+00	3.1738000000e+00	0.0000000000e+00
3.1876000000e+00	3.1876000000e+00	0.0000000000e+00
4.8597000000e+00	4.8597000000e+00	0.0000000000e+00
4.8436000000e+00	4.8436000000e+00	0.0000000000e+00
4.8277000000e+00	4.8277000000e+00	0.0000000000e+00
4.8117000000e+00	4.8117000000e+00	0.0000000000e+00
4.7957000000e+00	4.7957000000e+00	0.0000000000e+00
4.7799000000e+00	4.7799000000e+00	0.0000000000e+00
4.7648000000e+00	4.7648000000e+00	0.0000000000e+00
4.7507000000e+00	4.7507000000e+00	0.0000000000e+00
4.7385000000e+00	4.7385000000e+00	0.0000000000e+00
4.7276000000e+00	4.7276000000e+00	0.0000000000e+00
4.7136000000e+00	4.7136000000e+00	0.0000000000e+00
4.7002000000e+00	4.7002000000e+00	0.0000000000e+00
4.6853000000e+00	4.6853000000e+00	0.0000000000e+00
4.6641000000e+00	4.6641000000e+00	0.0000000000e+00
4.6286000000e+00	4.6286000000e+00	0.0000000000e+00
4.5695000000e+00	4.5695000000e+00	0.0000000000e+00
4.5485000000e+00	4.5485000000e+00	0.0000000000e+00
4.3941000000e+00	4.3941000000e+00	0.0000000000e+00
4.3976000000e+00	4.3976000000e+00	0.0000000000e+00
4.4263000000e+00	4.4263000000e+00	0.0000000000e+00
4.3103000000e+00	4.3103000000e+00	0.0000000000e+00
4.2526000000e+00	4.2526000000e+00	0.0000000000e+00
4.2380000000e+00	4.2380000000e+00	0.0000000000e+00
4.2039000000e+00	4.2039000000e+00	0.0000000000e+00
4.1590000000e+00	4.1590000000e+00	0.0000000000e+00
4.1116000000e+00	4.1116000000e+00	0.0000000000e+00
3.8980000000e+00	3.8980000000e+00	0.0000000000e+00
1.0881000000e+00	1.0881000000e+00	0.0000000000e+00
-5.2810000000e-01	-5.2810000000e-01	NA
4.7060000000e-01	4.7060000000e-01	0.0000000000e+00
1.2935000000e+00	1.2935000000e+00	0.0000000000e+00
1.4970000000e+00	1.4970000000e+00	0.0000000000e+00
1.4917000000e+00	1.4917000000e+00	0.0000000000e+00
1.4149000000e+00	1.4149000000e+00	0.0000000000e+00
1.2780000000e+00	1.2780000000e+00	0.0000000000e+00
1.1149000000e+00	1.1149000000e+00	0.0000000000e+00
9.1720000000e-01	9.1720000000e-01	0.0000000000e+00
7.3300000000e-01	7.3300000000e-01	0.0000000000e+00
5.9940000000e-01	5.9940000000e-01	0.0000000000e+00
5.0180000000e-01	5.0180000000e-01	0.0000000000e+00
4.4140000000e-01	4.4140000000e-01	0.0000000000e+00
4.1870000000e-01	4.1870000000e-01	0.0000000000e+00
4.1370000000e-01	4.1370000000e-01	0.0000000000e+00
4.1420000000e-01	4.1420000000e-01	0.0000000000e+00
4.2830000000e-01	4.2830000000e-01	0.0000000000e+00
4.3700000000e-01	4.3700000000e-01	0.0000000000e+00
4.4410000000e-01	4.4410000000e-01	0.0000000000e+00
4.4510000000e-01	4.4510000000e-01	0.0000000000e+00
4.4130000000e-01	4.4130000000e-01	0.0000000000e+00
4.3570000000e-01	4.3570000000e-01	0.0000000000e+00
4.2730000000e-01	4.2730000000e-01	0.0000000000e+00
4.1930000000e-01	4.1930000000e-01	0.0000000000e+00
4.1240000000e-01	4.1240000000e-01	0.0000000000e+00
4.0830000000e-01	4.0830000000e-01	0.0000000000e+00
4.1100000000e-01	4.1100000000e-01	0.0000000000e+00
4.1270000000e-01	4.1270000000e-01	0.0000000000e+00
4.2390000000e-01	4.2390000000e-01	0.0000000000e+00
4.6210000000e-01	4.6210000000e-01	0.0000000000e+00
5.6270000000e-01	5.6270000000e-01	0.0000000000e+00
8.7340000000e-01	8.7340000000e-01	0.0000000000e+00
1.4063000000e+00	1.4063000000e+00	0.0000000000e+00
2.4310000000e+00	2.4310000000e+00	0.0000000000e+00
3.0770000000e+00	3.0770000000e+00	0.0000000000e+00
3.4322000000e+00	3.4322000000e+00	0.0000000000e+00
3.4809000000e+00	3.4809000000e+00	0.0000000000e+00
3.4534000000e+00	3.4534000000e+00	0.0000000000e+00
3.2767000000e+00	3.2767000000e+00	0.0000000000e+00
3.3196000000e+00	3.3196000000e+00	0.0000000000e+00
3.1997000000e+00	3.1997000000e+00	0.0000000000e+00
3.3456000000e+00	3.3456000000e+00	0.0000000000e+00
3.2010000000e+00	3.2010000000e+00	0.0000000000e+00
3.2220000000e+00	3.2220000000e+00	0.0000000000e+00
3.1586000000e+00	3.1586000000e+00	0.0000000000e+00
3.1500000000e+00	3.1500000000e+00	0.0000000000e+00
3.0995000000e+00	3.0995000000e+00	0.0000000000e+00
3.0902000000e+00	3.0902000000e+00	0.0000000000e+00
3.0813000000e+00	3.0813000000e+00	0.0000000000e+00
3.0752000000e+00	3.0752000000e+00	0.0000000000e+00
3.0657000000e+00	3.0657000000e+00	0.0000000000e+00
3.0658000000e+00	3.0658000000e+00	0.0000000000e+00
3.0696000000e+00	3.0696000000e+00	0.0000000000e+00
3.0668000000e+00	3.0668000000e+00	0.0000000000e+00
3.0638000000e+00	3.0638000000e+00	0.0000000000e+00
3.0518000000e+00	3.0518000000e+00	0.0000000000e+00
3.0525000000e+00	3.0525000000e+00	0.0000000000e+00
3.0538000000e+00	3.0538000000e+00	0.0000000000e+00
3.0555000000e+00	3.0555000000e+00	0.0000000000e+00
3.0577000000e+00	3.0577000000e+00	0.0000000000e+00
3.0604000000e+00	3.0604000000e+00	0.0000000000e+00
3.0636000000e+00	3.0636000000e+00	0.0000000000e+00
3.0673000000e+00	3.0673000000e+00	0.0000000000e+00
3.0716000000e+00	3.0716000000e+00	0.0000000000e+00
3.0765000000e+00	3.0765000000e+00	0.0000000000e+00
3.0820000000e+00	3.0820000000e+00	0.0000000000e+00
3.0882000000e+00	3.0882000000e+00	0.0000000000e+00
3.0951000000e+00	3.0951000000e+00	0.0000000000e+00
3.1028000000e+00	3.1028000000e+00	0.0000000000e+00
3.1112000000e+00	3.1112000000e+00	0.0000000000e+00
3.1205000000e+00	3.1205000000e+00	0.0000000000e+00
3.1306000000e+00	3.1306000000e+00	0.0000000000e+00
3.1416000000e+00	3.1416000000e+00	0.0000000000e+00
4.8498000000e+00	4.8498000000e+00	0.0000000000e+00
4.8325000000e+00	4.8325000000e+00	0.0000000000e+00
4.8151000000e+00	4.8151000000e+00	0.0000000000e+00
4.7976000000e+00	4.7976000000e+00	0.0000000000e+00
4.7800000000e+00	4.7800000000e+00	0.0000000000e+00
4.7622000000e+00	4.7622000000e+00	0.0000000000e+00
4.7451000000e+00	4.7451000000e+00	0.0000000000e+00
4.7288000000e+00	4.7288000000e+00	0.0000000000e+00
4.7140000000e+00	4.7140000000e+00	0.0000000000e+00
4.7016000000e+00	4.7016000000e+00	0.0000000000e+00
4.6861000000e+00	4.6861000000e+00	0.0000000000e+00
4.6708000000e+00	4.6708000000e+00	0.0000000000e+00
4.6555000000e+00	4.6555000000e+00	0.0000000000e+00
4.6386000000e+00	4.6386000000e+00	0.0000000000e+00
4.6156000000e+00	4.6156000000e+00	0.0000000000e+00
4.5701000000e+00	4.5701000000e+00	0.0000000000e+00
4.5188000000e+00	4.5188000000e+00	0.0000000000e+00
4.4203000000e+00	4.4203000000e+00	0.0000000000e+00
4.3760000000e+00	4.3760000000e+00	0.0000000000e+00
4.3467000000e+00	4.3467000000e+00	0.0000000000e+00
4.2867000000e+00	4.2867000000e+00	0.0000000000e+00
4.2514000000e+00	4.2514000000e+00	0.0000000000e+00
4.1576000000e+00	4.1576000000e+00	0.0000000000e+00
4.1743000000e+00	4.1743000000e+00	0.0000000000e+00
4.1280000000e+00	4.1280000000e+00	0.0000000000e+00
4.0955000000e+00	4.0955000000e+00	0.0000000000e+00
4.0751000000e+00	4.0751000000e+00	0.0000000000e+00
3.4439000000e+00	3.4439000000e+00	0.0000000000e+00
4.8570000000e-01	4.8570000000e-01	0.0000000000e+00
1.3646000000e+00	1.3646000000e+00	0.0000000000e+00
1.7682000000e+00	1.7682000000e+00	0.0000000000e+00
1.8718000000e+00	1.8718000000e+00	0.0000000000e+00
1.8355000000e+00	1.8355000000e+00	0.0000000000e+00
1.7326000000e+00	1.7326000000e+00	0.0000000000e+00
1.5915000000e+00	1.5915000000e+00	0.0000000000e+00
1.4250000000e+00	1.4250000000e+00	0.0000000000e+00
1.2455000000e+00	1.2455000000e+00	0.0000000000e+00
1.0523000000e+00	1.0523000000e+00	0.0000000000e+00
8.8400000000e-01	8.8400000000e-01	0.0000000000e+00
7.4870000000e-01	7.4870000000e-01	0.0000000000e+00
6.7140000000e-01	6.7140000000e-01	0.0000000000e+00
6.2340000000e-01	6.2340000000e-01	0.0000000000e+00
5.9420000000e-01	5.9420000000e-01	0.0000000000e+00
5.9250000000e-01	5.9250000000e-01	0.0000000000e+00
5.8920000000e-01	5.8920000000e-01	0.0000000000e+00
5.8990000000e-01	5.8990000000e-01	0.0000000000e+00
5.8740000000e-01	5.8740000000e-01	0.0000000000e+00
5.8300000000e-01	5.8300000000e-01	0.0000000000e+00
5.7520000000e-01	5.7520000000e-01	0.0000000000e+00
5.6370000000e-01	5.6370000000e-01	0.0000000000e+00
5.5100000000e-01	5.5100000000e-01	0.0000000000e+00
5.3720000000e-01	5.3720000000e-01	0.0000000000e+00
5.2530000000e-01	5.2530000000e-01	0.0000000000e+00
5.1360000000e-01	5.1360000000e-01	0.0000000000e+00
5.0410000000e-01	5.0410000000e-01	0.0000000000e+00
4.9540000000e-01	4.9540000000e-01	0.0000000000e+00
4.9320000000e-01	4.9320000000e-01	0.0000000000e+00
5.0370000000e-01	5.0370000000e-01	0.0000000000e+00
5.2570000000e-01	5.2570000000e-01	0.0000000000e+00
5.5110000000e-01	5.5110000000e-01	0.0000000000e+00
6.0430000000e-01	6.0430000000e-01	0.0000000000e+00
8.9260000000e-01	8.9260000000e-01	0.0000000000e+00
1.7576000000e+00	1.7576000000e+00	0.0000000000e+00
2.1677000000e+00	2.1677000000e+00	0.0000000000e+00
3.1731000000e+00	3.1731000000e+00	0.0000000000e+00
3.3429000000e+00	3.3429000000e+00	0.0000000000e+00
3.3026000000e+00	3.3026000000e+00	0.0000000000e+00
3.3023000000e+00	3.3023000000e+00	0.0000000000e+00
3.2257000000e+00	3.2257000000e+00	0.0000000000e+00
3.2552000000e+00	3.2552000000e+00	0.0000000000e+00
3.2296000000e+00	3.2296000000e+00	0.0000000000e+00
3.1524000000e+00	3.1524000000e+00	0.0000000000e+00
3.1299000000e+00	3.1299000000e+00	0.0000000000e+00
3.1109000000e+00	3.1109000000e+00	0.0000000000e+00
3.0721000000e+00	3.0721000000e+00	0.0000000000e+00
3.0821000000e+00	3.0821000000e+00	0.0000000000e+00
3.0740000000e+00	3.0740000000e+00	0.0000000000e+00
3.0572000000e+00	3.0572000000e+00	0.0000000000e+00
3.0561000000e+00	3.0561000000e+00	0.0000000000e+00
3.0585000000e+00	3.0585000000e+00	0.0000000000e+00
3.0516000000e+00	3.0516000000e+00	0.0000000000e+00
3.0466000000e+00	3.0466000000e+00	0.0000000000e+00
3.0453000000e+00	3.0453000000e+00	0.0000000000e+00
3.0495000000e+00	3.0495000000e+00	0.0000000000e+00
3.0391000000e+00	3.0391000000e+00	0.0000000000e+00
3.0399000000e+00	3.0399000000e+00	0.0000000000e+00
3.0412000000e+00	3.0412000000e+00	0.0000000000e+00
3.0427000000e+00	3.0427000000e+00	0.0000000000e+00
3.0447000000e+00	3.0447000000e+00	0.0000000000e+00
3.0470000000e+00	3.0470000000e+00	0.0000000000e+00
3.0498000000e+00	3.0498000000e+00	0.0000000000e+00
3.0530000000e+00	3.0530000000e+00	0.0000000000e+00
3.0566000000e+00	3.0566000000e+00	0.0000000000e+00
3.0608000000e+00	3.0608000000e+00	0.0000000000e+00
3.0655000000e+00	3.0655000000e+00	0.0000000000e+00
3.0707000000e+00	3.0707000000e+00	0.0000000000e+00
3.0766000000e+00	3.0766000000e+00	0.0000000000e+00
3.0831000000e+00	3.0831000000e+00	0.0000000000e+00
3.0903000000e+00	3.0903000000e+00	0.0000000000e+00
3.0983000000e+00	3.0983000000e+00	0.0000000000e+00
3.1070000000e+00	3.1070000000e+00	0.0000000000e+00
4.8393000000e+00	4.8393000000e+00	0.0000000000e+00
4.8206000000e+00	4.8206000000e+00	0.0000000000e+00
4.8019000000e+00	4.8019000000e+00	0.0000000000e+00
4.7827000000e+00	4.7827000000e+00	0.0000000000e+00
4.7632000000e+00	4.7632000000e+00	0.0000000000e+00
4.7435000000e+00	4.7435000000e+00	0.0000000000e+00
4.7240000000e+00	4.7240000000e+00	0.0000000000e+00
4.7051000000e+00	4.7051000000e+00	0.0000000000e+00
4.6874000000e+00	4.6874000000e+00	0.0000000000e+00
4.6717000000e+00	4.6717000000e+00	0.0000000000e+00
4.6554000000e+00	4.6554000000e+00	0.0000000000e+00
4.6368000000e+00	4.6368000000e+00	0.0000000000e+00
4.6191000000e+00	4.6191000000e+00	0.0000000000e+00
4.6037000000e+00	4.6037000000e+00	0.0000000000e+00
4.5905000000e+00	4.5905000000e+00	0.0000000000e+00
4.5680000000e+00	4.5680000000e+00	0.0000000000e+00
4.4521000000e+00	4.4521000000e+00	0.0000000000e+00
4.3998000000e+00	4.3998000000e+00	0.0000000000e+00
4.2700000000e+00	4.2700000000e+00	0.0000000000e+00
4.2385000000e+00	4.2385000000e+00	0.0000000000e+00
4.2249000000e+00	4.2249000000e+00	0.0000000000e+00
4.2129000000e+00	4.2129000000e+00	0.0000000000e+00
4.1773000000e+00	4.1773000000e+00	0.0000000000e+00
4.1298000000e+00	4.1298000000e+00	0.0000000000e+00
4.1073000000e+00	4.1073000000e+00	0.0000000000e+00
4.0745000000e+00	4.0745000000e+00	0.0000000000e+00
4.0669000000e+00	4.0669000000e+00	0.0000000000e+00
4.0328000000e+00	4.0328000000e+00	0.0000000000e+00
3.2522000000e+00	3.2522000000e+00	0.0000000000e+00
2.0793000000e+00	2.0793000000e+00	0.0000000000e+00
2.1178000000e+00	2.1178000000e+00	0.0000000000e+00
2.2474000000e+00	2.2474000000e+00	0.0000000000e+00
2.1442000000e+00	2.1442000000e+00	0.0000000000e+00
2.0534000000e+00	2.0534000000e+00	0.0000000000e+00
1.9068000000e+00	1.9068000000e+00	0.0000000000e+00
1.7338000000e+00	1.7338000000e+00	0.0000000000e+00
1.5612000000e+00	1.5612000000e+00	0.0000000000e+00
1.3552000000e+00	1.3552000000e+00	0.0000000000e+00
1.1722000000e+00	1.1722000000e+00	0.0000000000e+00
1.0140000000e+00	1.0140000000e+00	0.0000000000e+00
8.9080000000e-01	8.9080000000e-01	0.0000000000e+00
8.1500000000e-01	8.1500000000e-01	0.0000000000e+00
7.7120000000e-01	7.7120000000e-01	0.0000000000e+00
7.5010000000e-01	7.5010000000e-01	0.0000000000e+00
7.3940000000e-01	7.3940000000e-01	0.0000000000e+00
7.3260000000e-01	7.3260000000e-01	0.0000000000e+00
7.2430000000e-01	7.2430000000e-01	0.0000000000e+00
7.1480000000e-01	7.1480000000e-01	0.0000000000e+00
7.0120000000e-01	7.0120000000e-01	0.0000000000e+00
6.8730000000e-01	6.8730000000e-01	0.0000000000e+00
6.7160000000e-01	6.7160000000e-01	0.0000000000e+00
6.5550000000e-01	6.5550000000e-01	0.0000000000e+00
6.3920000000e-01	6.3920000000e-01	0.0000000000e+00
6.2330000000e-01	6.2330000000e-01	0.0000000000e+00
6.0810000000e-01	6.0810000000e-01	0.0000000000e+00
5.9530000000e-01	5.9530000000e-01	0.0000000000e+00
5.8310000000e-01	5.8310000000e-01	0.0000000000e+00
5.7820000000e-01	5.7820000000e-01	0.0000000000e+00
5.7210000000e-01	5.7210000000e-01	0.0000000000e+00
5.7100000000e-01	5.7100000000e-01	0.0000000000e+00
5.8260000000e-01	5.8260000000e-01	0.0000000000e+00
5.6110000000e-01	5.6110000000e-01	0.0000000000e+00
7.2220000000e-01	7.2220000000e-01	0.0000000000e+00
9.5200000000e-01	9.5200000000e-01	0.0000000000e+00
1.7660000000e+00	1.7660000000e+00	0.0000000000e+00
1.5764000000e+00	1.5764000000e+00	0.0000000000e+00
3.0926000000e+00	3.0926000000e+00	0.0000000000e+00
3.1925000000e+00	3.1925000000e+00	0.0000000000e+00
3.1944000000e+00	3.1944000000e+00	0.0000000000e+00
3.1726000000e+00	3.1726000000e+00	0.0000000000e+00
3.2000000000e+00	3.2000000000e+00	0.0000000000e+00
3.1580000000e+00	3.1580000000e+00	0.0000000000e+00
3.1005000000e+00	3.1005000000e+00	0.0000000000e+00
3.0925000000e+00	3.0925000000e+00	0.0000000000e+00
3.0722000000e+00	3.0722000000e+00	0.0000000000e+00
3.0627000000e+00	3.0627000000e+00	0.0000000000e+00
3.0478000000e+00	3.0478000000e+00	0.0000000000e+00
3.0459000000e+00	3.0459000000e+00	0.0000000000e+00
3.0431000000e+00	3.0431000000e+00	0.0000000000e+00
3.0496000000e+00	3.0496000000e+00	0.0000000000e+00
3.0457000000e+00	3.0457000000e+00	0.0000000000e+00
3.0346000000e+00	3.0346000000e+00	0.0000000000e+00
3.0314000000e+00	3.0314000000e+00	0.0000000000e+00
3.0364000000e+00	3.0364000000e+00	0.0000000000e+00
3.0324000000e+00	3.0324000000e+00	0.0000000000e+00
3.0300000000e+00	3.0300000000e+00	0.0000000000e+00
3.0309000000e+00	3.0309000000e+00	0.0000000000e+00
3.0320000000e+00	3.0320000000e+00	0.0000000000e+00
3.0334000000e+00	3.0334000000e+00	0.0000000000e+00
3.0351000000e+00	3.0351000000e+00	0.0000000000e+00
3.0372000000e+00	3.0372000000e+00	0.0000000000e+00
3.0395000000e+00	3.0395000000e+00	0.0000000000e+00
3.0423000000e+00	3.0423000000e+00	0.0000000000e+00
3.0454000000e+00	3.0454000000e+00	0.0000000000e+00
3.0489000000e+00	3.0489000000e+00	0.0000000000e+00
3.0529000000e+00	3.0529000000e+00	0.0000000000e+00
3.0574000000e+00	3.0574000000e+00	0.0000000000e+00
3.0624000000e+00	3.0624000000e+00	0.0000000000e+00
3.0680000000e+00	3.0680000000e+00	0.0000000000e+00
3.0742000000e+00	3.0742000000e+00	0.0000000000e+00
3.0811000000e+00	3.0811000000e+00	0.0000000000e+00
4.8281000000e+00	4.8281000000e+00	0.0000000000e+00
4.8082000000e+00	4.8082000000e+00	0.0000000000e+00
4.7880000000e+00	4.7880000000e+00	0.0000000000e+00
4.7670000000e+00	4.7670000000e+00	0.0000000000e+00
4.7456000000e+00	4.7456000000e+00	0.0000000000e+00
4.7237000000e+00	4.7237000000e+00	0.0000000000e+00
4.7017000000e+00	4.7017000000e+00	0.0000000000e+00
4.6800000000e+00	4.6800000000e+00	0.0000000000e+00
4.6589000000e+00	4.6589000000e+00	0.0000000000e+00
4.6391000000e+00	4.6391000000e+00	0.0000000000e+00
4.6206000000e+00	4.6206000000e+00	0.0000000000e+00
4.5981000000e+00	4.5981000000e+00	0.0000000000e+00
4.5744000000e+00	4.5744000000e+00	0.0000000000e+00
4.5510000000e+00	4.5510000000e+00	0.0000000000e+00
4.5244000000e+00	4.5244000000e+00	0.0000000000e+00
4.4668000000e+00	4.4668000000e+00	0.0000000000e+00
4.3223000000e+00	4.3223000000e+00	0.0000000000e+00
4.3607000000e+00	4.3607000000e+00	0.0000000000e+00
4.2308000000e+00	4.2308000000e+00	0.0000000000e+00
4.2750000000e+00	4.2750000000e+00	0.0000000000e+00
4.2360000000e+00	4.2360000000e+00	0.0000000000e+00
4.1718000000e+00	4.1718000000e+00	0.0000000000e+00
4.1113000000e+00	4.1113000000e+00	0.0000000000e+00
4.1163000000e+00	4.1163000000e+00	0.0000000000e+00
4.0830000000e+00	4.0830000000e+00	0.0000000000e+00
4.0592000000e+00	4.0592000000e+00	0.0000000000e+00
4.0533000000e+00	4.0533000000e+00	0.0000000000e+00
4.0339000000e+00	4.0339000000e+00	0.0000000000e+00
3.9936000000e+00	3.9936000000e+00	0.0000000000e+00
3.1778000000e+00	3.1778000000e+00	0.0000000000e+00
2.6690000000e+00	2.6690000000e+00	0.0000000000e+00
2.5272000000e+00	2.5272000000e+00	0.0000000000e+00
2.4249000000e+00	2.4249000000e+00	0.0000000000e+00
2.2979000000e+00	2.2979000000e+00	0.0000000000e+00
2.1582000000e+00	2.1582000000e+00	0.0000000000e+00
2.0057000000e+00	2.0057000000e+00	0.0000000000e+00
1.8510000000e+00	1.8510000000e+00	0.0000000000e+00
1.6566000000e+00	1.6566000000e+00	0.0000000000e+00
1.4720000000e+00	1.4720000000e+00	0.0000000000e+00
1.2875000000e+00	1.2875000000e+00	0.0000000000e+00
1.1346000000e+00	1.1346000000e+00	0.0000000000e+00
1.0212000000e+00	1.0212000000e+00	0.0000000000e+00
9.4580000000e-01	9.4580000000e-01	0.0000000000e+00
9.0130000000e-01	9.0130000000e-01	0.0000000000e+00
8.7450000000e-01	8.7450000000e-01	0.0000000000e+00
8.5640000000e-01	8.5640000000e-01	0.0000000000e+00
8.4150000000e-01	8.4150000000e-01	0.0000000000e+00
8.2740000000e-01	8.2740000000e-01	0.0000000000e+00
8.1400000000e-01	8.1400000000e-01	0.0000000000e+00
7.9970000000e-01	7.9970000000e-01	0.0000000000e+00
7.8390000000e-01	7.8390000000e-01	0.0000000000e+00
7.6760000000e-01	7.6760000000e-01	0.0000000000e+00
7.5060000000e-01	7.5060000000e-01	0.0000000000e+00
7.3310000000e-01	7.3310000000e-01	0.0000000000e+00
7.1580000000e-01	7.1580000000e-01	0.0000000000e+00
6.9950000000e-01	6.9950000000e-01	0.0000000000e+00
6.8650000000e-01	6.8650000000e-01	0.0000000000e+00
6.7290000000e-01	6.7290000000e-01	0.0000000000e+00
6.5540000000e-01	6.5540000000e-01	0.0000000000e+00
6.5200000000e-01	6.5200000000e-01	0.0000000000e+00
6.5280000000e-01	6.5280000000e-01	0.0000000000e+00
6.5160000000e-01	6.5160000000e-01	0.0000000000e+00
6.4070000000e-01	6.4070000000e-01	0.0000000000e+00
6.7020000000e-01	6.7020000000e-01	0.0000000000e+00
6.2440000000e-01	6.2440000000e-01	0.0000000000e+00
6.9340000000e-01	6.9340000000e-01	0.0000000000e+00
2.3671000000e+00	2.3671000000e+00	0.0000000000e+00
3.0108000000e+00	3.0108000000e+00	0.0000000000e+00
2.7443000000e+00	2.7443000000e+00	0.0000000000e+00
3.0602000000e+00	3.0602000000e+00	0.0000000000e+00
3.1611000000e+00	3.1611000000e+00	0.0000000000e+00
3.0923000000e+00	3.0923000000e+00	0.0000000000e+00
3.0804000000e+00	3.0804000000e+00	0.0000000000e+00
3.0713000000e+00	3.0713000000e+00	0.0000000000e+00
3.0645000000e+00	3.0645000000e+00	0.0000000000e+00
3.0456000000e+00	3.0456000000e+00	0.0000000000e+00
3.0478000000e+00	3.0478000000e+00	0.0000000000e+00
3.0400000000e+00	3.0400000000e+00	0.0000000000e+00
3.0371000000e+00	3.0371000000e+00	0.0000000000e+00
3.0337000000e+00	3.0337000000e+00	0.0000000000e+00
3.0339000000e+00	3.0339000000e+00	0.0000000000e+00
3.0290000000e+00	3.0290000000e+00	0.0000000000e+00
3.0248000000e+00	3.0248000000e+00	0.0000000000e+00
3.0291000000e+00	3.0291000000e+00	0.0000000000e+00
3.0256000000e+00	3.0256000000e+00	0.0000000000e+00
3.0281000000e+00	3.0281000000e+00	0.0000000000e+00
3.0235000000e+00	3.0235000000e+00	0.0000000000e+00
3.0243000000e+00	3.0243000000e+00	0.0000000000e+00
3.0253000000e+00	3.0253000000e+00	0.0000000000e+00
3.0266000000e+00	3.0266000000e+00	0.0000000000e+00
3.0281000000e+00	3.0281000000e+00	0.0000000000e+00
3.0299000000e+00	3.0299000000e+00	0.0000000000e+00
3.0319000000e+00	3.0319000000e+00	0.0000000000e+00
3.0343000000e+00	3.0343000000e+00	0.0000000000e+00
3.0370000000e+00	3.0370000000e+00	0.0000000000e+00
3.0400000000e+00	3.0400000000e+00	0.0000000000e+00
3.0434000000e+00	3.0434000000e+00	0.0000000000e+00
3.0473000000e+00	3.0473000000e+00	0.0000000000e+00
3.0516000000e+00	3.0516000000e+00	0.0000000000e+00
3.0564000000e+00	3.0564000000e+00	0.0000000000e+00
3.0618000000e+00	3.0618000000e+00	0.0000000000e+00
4.8165000000e+00	4.8165000000e+00	0.0000000000e+00
4.7952000000e+00	4.7952000000e+00	0.0000000000e+00
4.7734000000e+00	4.7734000000e+00	0.0000000000e+00
4.7508000000e+00	4.7508000000e+00	0.0000000000e+00
4.7273000000e+00	4.7273000000e+00	0.0000000000e+00
4.7032000000e+00	4.7032000000e+00	0.0000000000e+00
4.6786000000e+00	4.6786000000e+00	0.0000000000e+00
4.6538000000e+00	4.6538000000e+00	0.0000000000e+00
4.6292000000e+00	4.6292000000e+00	0.0000000000e+00
4.6047000000e+00	4.6047000000e+00	0.0000000000e+00
4.5805000000e+00	4.5805000000e+00	0.0000000000e+00
4.5557000000e+00	4.5557000000e+00	0.0000000000e+00
4.5255000000e+00	4.5255000000e+00	0.0000000000e+00
4.4910000000e+00	4.4910000000e+00	0.0000000000e+00
4.4490000000e+00	4.4490000000e+00	0.0000000000e+00
4.3850000000e+00	4.3850000000e+00	0.0000000000e+00
4.2394000000e+00	4.2394000000e+00	0.0000000000e+00
4.2081000000e+00	4.2081000000e+00	0.0000000000e+00
4.1841000000e+00	4.1841000000e+00	0.0000000000e+00
4.2503000000e+00	4.2503000000e+00	0.0000000000e+00
4.1871000000e+00	4.1871000000e+00	0.0000000000e+00
4.1477000000e+00	4.1477000000e+00	0.0000000000e+00
4.1269000000e+00	4.1269000000e+00	0.0000000000e+00
4.0956000000e+00	4.0956000000e+00	0.0000000000e+00
4.0684000000e+00	4.0684000000e+00	0.0000000000e+00
4.0548000000e+00	4.0548000000e+00	0.0000000000e+00
4.0350000000e+00	4.0350000000e+00	0.0000000000e+00
4.0278000000e+00	4.0278000000e+00	0.0000000000e+00
4.0183000000e+00	4.0183000000e+00	0.0000000000e+00
3.9271000000e+00	3.9271000000e+00	0.0000000000e+00
3.2474000000e+00	3.2474000000e+00	0.0000000000e+00
2.7682000000e+00	2.7682000000e+00	0.0000000000e+00
2.6256000000e+00	2.6256000000e+00	0.0000000000e+00
2.5136000000e+00	2.5136000000e+00	0.0000000000e+00
2.3853000000e+00	2.3853000000e+00	0.0000000000e+00
2.2473000000e+00	2.2473000000e+00	0.0000000000e+00
2.1039000000e+00	2.1039000000e+00	0.0000000000e+00
1.9307000000e+00	1.9307000000e+00	0.0000000000e+00
1.7400000000e+00	1.7400000000e+00	0.0000000000e+00
1.5646000000e+00	1.5646000000e+00	0.0000000000e+00
1.3837000000e+00	1.3837000000e+00	0.0000000000e+00
1.2410000000e+00	1.2410000000e+00	0.0000000000e+00
1.1273000000e+00	1.1273000000e+00	0.0000000000e+00
1.0502000000e+00	1.0502000000e+00	0.0000000000e+00
1.0012000000e+00	1.0012000000e+00	0.0000000000e+00
9.6850000000e-01	9.6850000000e-01	0.0000000000e+00
9.4460000000e-01	9.4460000000e-01	0.0000000000e+00
9.2580000000e-01	9.2580000000e-01	0.0000000000e+00
9.1070000000e-01	9.1070000000e-01	0.0000000000e+00
8.9640000000e-01	8.9640000000e-01	0.0000000000e+00
8.8220000000e-01	8.8220000000e-01	0.0000000000e+00
8.6740000000e-01	8.6740000000e-01	0.0000000000e+00
8.5240000000e-01	8.5240000000e-01	0.0000000000e+00
8.3660000000e-01	8.3660000000e-01	0.0000000000e+00
8.1870000000e-01	8.1870000000e-01	0.0000000000e+00
8.0040000000e-01	8.0040000000e-01	0.0000000000e+00
7.9000000000e-01	7.9000000000e-01	0.0000000000e+00
7.7050000000e-01	7.7050000000e-01	0.0000000000e+00
7.5910000000e-01	7.5910000000e-01	0.0000000000e+00
7.4960000000e-01	7.4960000000e-01	0.0000000000e+00
7.5410000000e-01	7.5410000000e-01	0.0000000000e+00
7.3860000000e-01	7.3860000000e-01	0.0000000000e+00
7.0550000000e-01	7.0550000000e-01	0.0000000000e+00
7.0440000000e-01	7.0440000000e-01	0.0000000000e+00
7.0180000000e-01	7.0180000000e-01	0.0000000000e+00
6.8460000000e-01	6.8460000000e-01	0.0000000000e+00
8.3360000000e-01	8.3360000000e-01	0.0000000000e+00
2.1445000000e+00	2.1445000000e+00	0.0000000000e+00
1.8522000000e+00	1.8522000000e+00	0.0000000000e+00
2.5500000000e+00	2.5500000000e+00	0.0000000000e+00
3.0541000000e+00	3.0541000000e+00	0.0000000000e+00
3.0629000000e+00	3.0629000000e+00	0.0000000000e+00
3.0537000000e+00	3.0537000000e+00	0.0000000000e+00
3.0772000000e+00	3.0772000000e+00	0.0000000000e+00
3.0469000000e+00	3.0469000000e+00	0.0000000000e+00
3.0469000000e+00	3.0469000000e+00	0.0000000000e+00
3.0368000000e+00	3.0368000000e+00	0.0000000000e+00
3.0295000000e+00	3.0295000000e+00	0.0000000000e+00
3.0245000000e+00	3.0245000000e+00	0.0000000000e+00
3.0295000000e+00	3.0295000000e+00	0.0000000000e+00
3.0297000000e+00	3.0297000000e+00	0.0000000000e+00
3.0240000000e+00	3.0240000000e+00	0.0000000000e+00
3.0226000000e+00	3.0226000000e+00	0.0000000000e+00
3.0195000000e+00	3.0195000000e+00	0.0000000000e+00
3.0197000000e+00	3.0197000000e+00	0.0000000000e+00
3.0219000000e+00	3.0219000000e+00	0.0000000000e+00
3.0181000000e+00	3.0181000000e+00	0.0000000000e+00
3.0187000000e+00	3.0187000000e+00	0.0000000000e+00
3.0194000000e+00	3.0194000000e+00	0.0000000000e+00
3.0204000000e+00	3.0204000000e+00	0.0000000000e+00
3.0215000000e+00	3.0215000000e+00	0.0000000000e+00
3.0228000000e+00	3.0228000000e+00	0.0000000000e+00
3.0244000000e+00	3.0244000000e+00	0.0000000000e+00
3.0262000000e+00	3.0262000000e+00	0.0000000000e+00
3.0282000000e+00	3.0282000000e+00	0.0000000000e+00
3.0305000000e+00	3.0305000000e+00	0.0000000000e+00
3.0332000000e+00	3.0332000000e+00	0.0000000000e+00
3.0361000000e+00	3.0361000000e+00	0.0000000000e+00
3.0395000000e+00	3.0395000000e+00	0.0000000000e+00
3.0432000000e+00	3.0432000000e+00	0.0000000000e+00
3.0474000000e+00	3.0474000000e+00	0.0000000000e+00
4.8045000000e+00	4.8045000000e+00	0.0000000000e+00
4.7818000000e+00	4.7818000000e+00	0.0000000000e+00
4.7584000000e+00	4.7584000000e+00	0.0000000000e+00
4.7340000000e+00	4.7340000000e+00	0.0000000000e+00
4.7086000000e+00	4.7086000000e+00	0.0000000000e+00
4.6823000000e+00	4.6823000000e+00	0.0000000000e+00
4.6550000000e+00	4.6550000000e+00	0.0000000000e+00
4.6273000000e+00	4.6273000000e+00	0.0000000000e+00
4.5991000000e+00	4.5991000000e+00	0.0000000000e+00
4.5702000000e+00	4.5702000000e+00	0.0000000000e+00
4.5404000000e+00	4.5404000000e+00	0.0000000000e+00
4.5086000000e+00	4.5086000000e+00	0.0000000000e+00
4.4732000000e+00	4.4732000000e+00	0.0000000000e+00
4.4319000000e+00	4.4319000000e+00	0.0000000000e+00
4.3811000000e+00	4.3811000000e+00	0.0000000000e+00
4.3048000000e+00	4.3048000000e+00	0.0000000000e+00
4.2160000000e+00	4.2160000000e+00	0.0000000000e+00
4.1770000000e+00	4.1770000000e+00	0.0000000000e+00
4.1709000000e+00	4.1709000000e+00	0.0000000000e+00
4.1113000000e+00	4.1113000000e+00	0.0000000000e+00
4.1110000000e+00	4.1110000000e+00	0.0000000000e+00
4.1370000000e+00	4.1370000000e+00	0.0000000000e+00
4.0446000000e+00	4.0446000000e+00	0.0000000000e+00
4.0739000000e+00	4.0739000000e+00	0.0000000000e+00
4.0550000000e+00	4.0550000000e+00	0.0000000000e+00
4.0410000000e+00	4.0410000000e+00	0.0000000000e+00
4.0342000000e+00	4.0342000000e+00	0.0000000000e+00
4.0235000000e+00	4.0235000000e+00	0.0000000000e+00
4.0259000000e+00	4.0259000000e+00	0.0000000000e+00
4.0035000000e+00	4.0035000000e+00	0.0000000000e+00
3.8071000000e+00	3.8071000000e+00	0.0000000000e+00
3.0657000000e+00	3.0657000000e+00	0.0000000000e+00
2.7987000000e+00	2.7987000000e+00	0.0000000000e+00
2.6872000000e+00	2.6872000000e+00	0.0000000000e+00
2.5627000000e+00	2.5627000000e+00	0.0000000000e+00
2.4334000000e+00	2.4334000000e+00	0.0000000000e+00
2.2885000000e+00	2.2885000000e+00	0.0000000000e+00
2.1458000000e+00	2.1458000000e+00	0.0000000000e+00
1.9892000000e+00	1.9892000000e+00	0.0000000000e+00
1.8372000000e+00	1.8372000000e+00	0.0000000000e+00
1.6501000000e+00	1.6501000000e+00	0.0000000000e+00
1.4778000000e+00	1.4778000000e+00	0.0000000000e+00
1.3339000000e+00	1.3339000000e+00	0.0000000000e+00
1.2213000000e+00	1.2213000000e+00	0.0000000000e+00
1.1396000000e+00	1.1396000000e+00	0.0000000000e+00
1.0830000000e+00	1.0830000000e+00	0.0000000000e+00
1.0439000000e+00	1.0439000000e+00	0.0000000000e+00
1.0169000000e+00	1.0169000000e+00	0.0000000000e+00
9.9700000000e-01	9.9700000000e-01	0.0000000000e+00
9.8170000000e-01	9.8170000000e-01	0.0000000000e+00
9.6920000000e-01	9.6920000000e-01	0.0000000000e+00
9.5680000000e-01	9.5680000000e-01	0.0000000000e+00
9.4490000000e-01	9.4490000000e-01	0.0000000000e+00
9.3290000000e-01	9.3290000000e-01	0.0000000000e+00
9.1750000000e-01	9.1750000000e-01	0.0000000000e+00
9.0070000000e-01	9.0070000000e-01	0.0000000000e+00
8.8200000000e-01	8.8200000000e-01	0.0000000000e+00
8.7650000000e-01	8.7650000000e-01	0.0000000000e+00
8.5330000000e-01	8.5330000000e-01	0.0000000000e+00
8.6450000000e-01	8.6450000000e-01	0.0000000000e+00
8.3580000000e-01	8.3580000000e-01	0.0000000000e+00
8.0590000000e-01	8.0590000000e-01	0.0000000000e+00
7.9900000000e-01	7.9900000000e-01	0.0000000000e+00
7.9480000000e-01	7.9480000000e-01	0.0000000000e+00
7.7690000000e-01	7.7690000000e-01	0.0000000000e+00
8.2210000000e-01	8.2210000000e-01	0.0000000000e+00
7.5150000000e-01	7.5150000000e-01	0.0000000000e+00
8.3600000000e-01	8.3600000000e-01	0.0000000000e+00
9.6910000000e-01	9.6910000000e-01	0.0000000000e+00
1.6359000000e+00	1.6359000000e+00	0.0000000000e+00
2.9503000000e+00	2.9503000000e+00	0.0000000000e+00
3.0001000000e+00	3.0001000000e+00	0.0000000000e+00
3.0418000000e+00	3.0418000000e+00	0.0000000000e+00
3.0365000000e+00	3.0365000000e+00	0.0000000000e+00
3.0344000000e+00	3.0344000000e+00	0.0000000000e+00
3.0378000000e+00	3.0378000000e+00	0.0000000000e+00
3.0320000000e+00	3.0320000000e+00	0.0000000000e+00
3.0195000000e+00	3.0195000000e+00	0.0000000000e+00
3.0235000000e+00	3.0235000000e+00	0.0000000000e+00
3.0185000000e+00	3.0185000000e+00	0.0000000000e+00
3.0149000000e+00	3.0149000000e+00	0.0000000000e+00
3.0168000000e+00	3.0168000000e+00	0.0000000000e+00
3.0197000000e+00	3.0197000000e+00	0.0000000000e+00
3.0139000000e+00	3.0139000000e+00	0.0000000000e+00
3.0153000000e+00	3.0153000000e+00	0.0000000000e+00
3.0139000000e+00	3.0139000000e+00	0.0000000000e+00
3.0142000000e+00	3.0142000000e+00	0.0000000000e+00
3.0146000000e+00	3.0146000000e+00	0.0000000000e+00
3.0152000000e+00	3.0152000000e+00	0.0000000000e+00
3.0158000000e+00	3.0158000000e+00	0.0000000000e+00
3.0167000000e+00	3.0167000000e+00	0.0000000000e+00
3.0177000000e+00	3.0177000000e+00	0.0000000000e+00
3.0189000000e+00	3.0189000000e+00	0.0000000000e+00
3.0202000000e+00	3.0202000000e+00	0.0000000000e+00
3.0218000000e+00	3.0218000000e+00	0.0000000000e+00
3.0236000000e+00	3.0236000000e+00	0.0000000000e+00
3.0256000000e+00	3.0256000000e+00	0.0000000000e+00
3.0279000000e+00	3.0279000000e+00	0.0000000000e+00
3.0305000000e+00	3.0305000000e+00	0.0000000000e+00
3.0334000000e+00	3.0334000000e+00	0.0000000000e+00
3.0367000000e+00	3.0367000000e+00	0.0000000000e+00
4.7921000000e+00	4.7921000000e+00	0.0000000000e+00
4.7681000000e+00	4.7681000000e+00	0.0000000000e+00
4.7432000000e+00	4.7432000000e+00	0.0000000000e+00
4.7169000000e+00	4.7169000000e+00	0.0000000000e+00
4.6897000000e+00	4.6897000000e+00	0.0000000000e+00
4.6612000000e+00	4.6612000000e+00	0.0000000000e+00
4.6316000000e+00	4.6316000000e+00	0.0000000000e+00
4.6009000000e+00	4.6009000000e+00	0.0000000000e+00
4.5694000000e+00	4.5694000000e+00	0.0000000000e+00
4.5367000000e+00	4.5367000000e+00	0.0000000000e+00
4.5025000000e+00	4.5025000000e+00	0.0000000000e+00
4.4655000000e+00	4.4655000000e+00	0.0000000000e+00
4.4242000000e+00	4.4242000000e+00	0.0000000000e+00
4.3767000000e+00	4.3767000000e+00	0.0000000000e+00
4.3206000000e+00	4.3206000000e+00	0.0000000000e+00
4.2575000000e+00	4.2575000000e+00	0.0000000000e+00
4.1970000000e+00	4.1970000000e+00	0.0000000000e+00
4.1805000000e+00	4.1805000000e+00	0.0000000000e+00
4.1268000000e+00	4.1268000000e+00	0.0000000000e+00
4.0948000000e+00	4.0948000000e+00	0.0000000000e+00
4.0808000000e+00	4.0808000000e+00	0.0000000000e+00
4.0486000000e+00	4.0486000000e+00	0.0000000000e+00
4.0378000000e+00	4.0378000000e+00	0.0000000000e+00
4.0657000000e+00	4.0657000000e+00	0.0000000000e+00
4.0461000000e+00	4.0461000000e+00	0.0000000000e+00
4.0318000000e+00	4.0318000000e+00	0.0000000000e+00
4.0238000000e+00	4.0238000000e+00	0.0000000000e+00
4.0296000000e+00	4.0296000000e+00	0.0000000000e+00
4.0197000000e+00	4.0197000000e+00	0.0000000000e+00
4.0075000000e+00	4.0075000000e+00	0.0000000000e+00
3.9758000000e+00	3.9758000000e+00	0.0000000000e+00
3.5957000000e+00	3.5957000000e+00	0.0000000000e+00
3.0222000000e+00	3.0222000000e+00	0.0000000000e+00
2.8303000000e+00	2.8303000000e+00	0.0000000000e+00
2.7263000000e+00	2.7263000000e+00	0.0000000000e+00
2.6122000000e+00	2.6122000000e+00	0.0000000000e+00
2.4878000000e+00	2.4878000000e+00	0.0000000000e+00
2.3659000000e+00	2.3659000000e+00	0.0000000000e+00
2.2165000000e+00	2.2165000000e+00	0.0000000000e+00
2.0498000000e+00	2.0498000000e+00	0.0000000000e+00
1.8877000000e+00	1.8877000000e+00	0.0000000000e+00
1.7229000000e+00	1.7229000000e+00	0.0000000000e+00
1.5684000000e+00	1.5684000000e+00	0.0000000000e+00
1.4324000000e+00	1.4324000000e+00	0.0000000000e+00
1.3173000000e+00	1.3173000000e+00	0.0000000000e+00
1.2286000000e+00	1.2286000000e+00	0.0000000000e+00
1.1625000000e+00	1.1625000000e+00	0.0000000000e+00
1.1181000000e+00	1.1181000000e+00	0.0000000000e+00
1.0880000000e+00	1.0880000000e+00	0.0000000000e+00
1.0680000000e+00	1.0680000000e+00	0.0000000000e+00
1.0545000000e+00	1.0545000000e+00	0.0000000000e+00
1.0438000000e+00	1.0438000000e+00	0.0000000000e+00
1.0353000000e+00	1.0353000000e+00	0.0000000000e+00
1.0248000000e+00	1.0248000000e+00	0.0000000000e+00
1.0120000000e+00	1.0120000000e+00	0.0000000000e+00
9.9670000000e-01	9.9670000000e-01	0.0000000000e+00
9.8840000000e-01	9.8840000000e-01	0.0000000000e+00
9.7400000000e-01	9.7400000000e-01	0.0000000000e+00
9.5360000000e-01	9.5360000000e-01	0.0000000000e+00
9.4180000000e-01	9.4180000000e-01	0.0000000000e+00
9.0850000000e-01	9.0850000000e-01	0.0000000000e+00
8.9760000000e-01	8.9760000000e-01	0.0000000000e+00
8.8670000000e-01	8.8670000000e-01	0.0000000000e+00
8.6440000000e-01	8.6440000000e-01	0.0000000000e+00
8.4620000000e-01	8.4620000000e-01	0.0000000000e+00
8.3530000000e-01	8.3530000000e-01	0.0000000000e+00
8.1410000000e-01	8.1410000000e-01	0.0000000000e+00
8.0540000000e-01	8.0540000000e-01	0.0000000000e+00
8.7190000000e-01	8.7190000000e-01	0.0000000000e+00
1.2413000000e+00	1.2413000000e+00	0.0000000000e+00
2.3452000000e+00	2.3452000000e+00	0.0000000000e+00
2.8715000000e+00	2.8715000000e+00	0.0000000000e+00
2.9585000000e+00	2.9585000000e+00	0.0000000000e+00
3.0119000000e+00	3.0119000000e+00	0.0000000000e+00
3.0279000000e+00	3.0279000000e+00	0.0000000000e+00
3.0323000000e+00	3.0323000000e+00	0.0000000000e+00
3.0215000000e+00	3.0215000000e+00	0.0000000000e+00
3.0154000000e+00	3.0154000000e+00	0.0000000000e+00
3.0183000000e+00	3.0183000000e+00	0.0000000000e+00
3.0172000000e+00	3.0172000000e+00	0.0000000000e+00
3.0172000000e+00	3.0172000000e+00	0.0000000000e+00
3.0140000000e+00	3.0140000000e+00	0.0000000000e+00
3.0126000000e+00	3.0126000000e+00	0.0000000000e+00
3.0145000000e+00	3.0145000000e+00	0.0000000000e+00
3.0110000000e+00	3.0110000000e+00	0.0000000000e+00
3.0111000000e+00	3.0111000000e+00	0.0000000000e+00
3.0113000000e+00	3.0113000000e+00	0.0000000000e+00
3.0116000000e+00	3.0116000000e+00	0.0000000000e+00
3.0120000000e+00	3.0120000000e+00	0.0000000000e+00
3.0125000000e+00	3.0125000000e+00	0.0000000000e+00
3.0131000000e+00	3.0131000000e+00	0.0000000000e+00
3.0139000000e+00	3.0139000000e+00	0.0000000000e+00
3.0148000000e+00	3.0148000000e+00	0.0000000000e+00
3.0158000000e+00	3.0158000000e+00	0.0000000000e+00
3.0170000000e+00	3.0170000000e+00	0.0000000000e+00
3.0184000000e+00	3.0184000000e+00	0.0000000000e+00
3.0200000000e+00	3.0200000000e+00	0.0000000000e+00
3.0218000000e+00	3.0218000000e+00	0.0000000000e+00
3.0238000000e+00	3.0238000000e+00	0.0000000000e+00
3.0261000000e+00	3.0261000000e+00	0.0000000000e+00
3.0287000000e+00	3.0287000000e+00	0.0000000000e+00
4.7795000000e+00	4.7795000000e+00	0.0000000000e+00
4.7541000000e+00	4.7541000000e+00	0.0000000000e+00
4.7276000000e+00	4.7276000000e+00	0.0000000000e+00
4.6999000000e+00	4.6999000000e+00	0.0000000000e+00
4.6708000000e+00	4.6708000000e+00	0.0000000000e+00
4.6403000000e+00	4.6403000000e+00	0.0000000000e+00
4.6085000000e+00	4.6085000000e+00	0.0000000000e+00
4.5754000000e+00	4.5754000000e+00	0.0000000000e+00
4.5410000000e+00	4.5410000000e+00	0.0000000000e+00
4.5053000000e+00	4.5053000000e+00	0.0000000000e+00
4.4679000000e+00	4.4679000000e+00	0.0000000000e+00
4.4277000000e+00	4.4277000000e+00	0.0000000000e+00
4.3839000000e+00	4.3839000000e+00	0.0000000000e+00
4.3355000000e+00	4.3355000000e+00	0.0000000000e+00
4.2821000000e+00	4.2821000000e+00	0.0000000000e+00
4.2342000000e+00	4.2342000000e+00	0.0000000000e+00
4.1780000000e+00	4.1780000000e+00	0.0000000000e+00
4.1578000000e+00	4.1578000000e+00	0.0000000000e+00
4.1093000000e+00	4.1093000000e+00	0.0000000000e+00
4.0859000000e+00	4.0859000000e+00	0.0000000000e+00
4.0717000000e+00	4.0717000000e+00	0.0000000000e+00
4.0810000000e+00	4.0810000000e+00	0.0000000000e+00
4.0549000000e+00	4.0549000000e+00	0.0000000000e+00
4.0334000000e+00	4.0334000000e+00	0.0000000000e+00
4.0228000000e+00	4.0228000000e+00	0.0000000000e+00
4.0290000000e+00	4.0290000000e+00	0.0000000000e+00
4.0229000000e+00	4.0229000000e+00	0.0000000000e+00
4.0174000000e+00	4.0174000000e+00	0.0000000000e+00
4.0100000000e+00	4.0100000000e+00	0.0000000000e+00
4.0074000000e+00	4.0074000000e+00	0.0000000000e+00
4.0007000000e+00	4.0007000000e+00	0.0000000000e+00
3.9163000000e+00	3.9163000000e+00	0.0000000000e+00
3.3990000000e+00	3.3990000000e+00	0.0000000000e+00
2.9999000000e+00	2.9999000000e+00	0.0000000000e+00
2.8581000000e+00	2.8581000000e+00	0.0000000000e+00
2.7541000000e+00	2.7541000000e+00	0.0000000000e+00
2.6748000000e+00	2.6748000000e+00	0.0000000000e+00
2.5502000000e+00	2.5502000000e+00	0.0000000000e+00
2.4302000000e+00	2.4302000000e+00	0.0000000000e+00
2.3009000000e+00	2.3009000000e+00	0.0000000000e+00
2.1380000000e+00	2.1380000000e+00	0.0000000000e+00
1.9624000000e+00	1.9624000000e+00	0.0000000000e+00
1.8050000000e+00	1.8050000000e+00	0.0000000000e+00
1.6531000000e+00	1.6531000000e+00	0.0000000000e+00
1.5195000000e+00	1.5195000000e+00	0.0000000000e+00
1.4047000000e+00	1.4047000000e+00	0.0000000000e+00
1.3137000000e+00	1.3137000000e+00	0.0000000000e+00
1.2475000000e+00	1.2475000000e+00	0.0000000000e+00
1.2011000000e+00	1.2011000000e+00	0.0000000000e+00
1.1713000000e+00	1.1713000000e+00	0.0000000000e+00
1.1570000000e+00	1.1570000000e+00	0.0000000000e+00
1.1425000000e+00	1.1425000000e+00	0.0000000000e+00
1.1346000000e+00	1.1346000000e+00	0.0000000000e+00
1.1256000000e+00	1.1256000000e+00	0.0000000000e+00
1.1239000000e+00	1.1239000000e+00	0.0000000000e+00
1.1133000000e+00	1.1133000000e+00	0.0000000000e+00
1.0997000000e+00	1.0997000000e+00	0.0000000000e+00
1.0786000000e+00	1.0786000000e+00	0.0000000000e+00
1.0396000000e+00	1.0396000000e+00	0.0000000000e+00
1.0113000000e+00	1.0113000000e+00	0.0000000000e+00
9.9310000000e-01	9.9310000000e-01	0.0000000000e+00
9.7270000000e-01	9.7270000000e-01	0.0000000000e+00
9.6100000000e-01	9.6100000000e-01	0.0000000000e+00
9.2840000000e-01	9.2840000000e-01	0.0000000000e+00
9.2790000000e-01	9.2790000000e-01	0.0000000000e+00
9.1460000000e-01	9.1460000000e-01	0.0000000000e+00
8.8080000000e-01	8.8080000000e-01	0.0000000000e+00
8.7860000000e-01	8.7860000000e-01	0.0000000000e+00
8.8070000000e-01	8.8070000000e-01	0.0000000000e+00
9.3370000000e-01	9.3370000000e-01	0.0000000000e+00
1.6969000000e+00	1.6969000000e+00	0.0000000000e+00
2.5480000000e+00	2.5480000000e+00	0.0000000000e+00
2.7701000000e+00	2.7701000000e+00	0.0000000000e+00
2.9199000000e+00	2.9199000000e+00	0.0000000000e+00
2.9264000000e+00	2.9263000000e+00	1.4840824985e-05
3.0130000000e+00	3.0130000000e+00	0.0000000000e+00
3.0154000000e+00	3.0154000000e+00	0.0000000000e+00
3.0104000000e+00	3.0104000000e+00	0.0000000000e+00
3.0113000000e+00	3.0113000000e+00	0.0000000000e+00
3.0142000000e+00	3.0142000000e+00	0.0000000000e+00
3.0110000000e+00	3.0110000000e+00	0.0000000000e+00
3.0105000000e+00	3.0105000000e+00	0.0000000000e+00
3.0092000000e+00	3.0092000000e+00	0.0000000000e+00
3.0119000000e+00	3.0119000000e+00	0.0000000000e+00
3.0089000000e+00	3.0089000000e+00	0.0000000000e+00
3.0090000000e+00	3.0090000000e+00	0.0000000000e+00
3.0091000000e+00	3.0091000000e+00	0.0000000000e+00
3.0093000000e+00	3.0093000000e+00	0.0000000000e+00
3.0096000000e+00	3.0096000000e+00	0.0000000000e+00
3.0100000000e+00	3.0100000000e+00	0.0000000000e+00
3.0105000000e+00	3.0105000000e+00	0.0000000000e+00
3.0111000000e+00	3.0111000000e+00	0.0000000000e+00
3.0118000000e+00	3.0118000000e+00	0.0000000000e+00
3.0126000000e+00	3.0126000000e+00	0.0000000000e+00
3.0135000000e+00	3.0135000000e+00	0.0000000000e+00
3.0146000000e+00	3.0146000000e+00	0.0000000000e+00
3.0158000000e+00	3.0158000000e+00	0.0000000000e+00
3.0172000000e+00	3.0172000000e+00	0.0000000000e+00
3.0188000000e+00	3.0188000000e+00	0.0000000000e+00
3.0207000000e+00	3.0207000000e+00	0.0000000000e+00
3.0227000000e+00	3.0227000000e+00	0.0000000000e+00
4.7667000000e+00	4.7667000000e+00	0.0000000000e+00
4.7401000000e+00	4.7401000000e+00	0.0000000000e+00
4.7122000000e+00	4.7122000000e+00	0.0000000000e+00
4.6830000000e+00	4.6830000000e+00	0.0000000000e+00
4.6521000000e+00	4.6521000000e+00	0.0000000000e+00
4.6199000000e+00	4.6199000000e+00	0.0000000000e+00
4.5861000000e+00	4.5861000000e+00	0.0000000000e+00
4.5510000000e+00	4.5510000000e+00	0.0000000000e+00
4.5145000000e+00	4.5145000000e+00	0.0000000000e+00
4.4765000000e+00	4.4765000000e+00	0.0000000000e+00
4.4368000000e+00	4.4368000000e+00	0.0000000000e+00
4.3952000000e+00	4.3952000000e+00	0.0000000000e+00
4.3510000000e+00	4.3510000000e+00	0.0000000000e+00
4.3040000000e+00	4.3040000000e+00	0.0000000000e+00
4.2549000000e+00	4.2549000000e+00	0.0000000000e+00
4.2061000000e+00	4.2061000000e+00	0.0000000000e+00
4.1627000000e+00	4.1627000000e+00	0.0000000000e+00
4.1295000000e+00	4.1295000000e+00	0.0000000000e+00
4.1012000000e+00	4.1012000000e+00	0.0000000000e+00
4.0817000000e+00	4.0817000000e+00	0.0000000000e+00
4.0939000000e+00	4.0939000000e+00	0.0000000000e+00
4.0516000000e+00	4.0516000000e+00	0.0000000000e+00
4.0358000000e+00	4.0358000000e+00	0.0000000000e+00
4.0254000000e+00	4.0254000000e+00	0.0000000000e+00
4.0183000000e+00	4.0183000000e+00	0.0000000000e+00
4.0214000000e+00	4.0214000000e+00	0.0000000000e+00
4.0174000000e+00	4.0174000000e+00	0.0000000000e+00
4.0130000000e+00	4.0130000000e+00	0.0000000000e+00
4.0084000000e+00	4.0084000000e+00	0.0000000000e+00
4.0063000000e+00	4.0063000000e+00	0.0000000000e+00
4.0035000000e+00	4.0035000000e+00	0.0000000000e+00
3.9901000000e+00	3.9901000000e+00	0.0000000000e+00
3.8312000000e+00	3.8312000000e+00	0.0000000000e+00
3.3213000000e+00	3.3213000000e+00	0.0000000000e+00
3.0121000000e+00	3.0121000000e+00	0.0000000000e+00
2.8922000000e+00	2.8922000000e+00	0.0000000000e+00
2.8083000000e+00	2.8083000000e+00	0.0000000000e+00
2.7106000000e+00	2.7106000000e+00	0.0000000000e+00
2.6019000000e+00	2.6019000000e+00	0.0000000000e+00
2.4689000000e+00	2.4689000000e+00	0.0000000000e+00
2.3248000000e+00	2.3248000000e+00	0.0000000000e+00
2.1681000000e+00	2.1681000000e+00	0.0000000000e+00
2.0150000000e+00	2.0150000000e+00	0.0000000000e+00
1.8705000000e+00	1.8705000000e+00	0.0000000000e+00
1.7323000000e+00	1.7323000000e+00	0.0000000000e+00
1.6051000000e+00	1.6051000000e+00	0.0000000000e+00
1.4955000000e+00	1.4955000000e+00	0.0000000000e+00
1.4099000000e+00	1.4099000000e+00	0.0000000000e+00
1.3459000000e+00	1.3459000000e+00	0.0000000000e+00
1.3039000000e+00	1.3039000000e+00	0.0000000000e+00
1.2779000000e+00	1.2779000000e+00	0.0000000000e+00
1.2709000000e+00	1.2709000000e+00	0.0000000000e+00
1.2620000000e+00	1.2620000000e+00	0.0000000000e+00
1.2490000000e+00	1.2490000000e+00	0.0000000000e+00
1.2326000000e+00	1.2326000000e+00	0.0000000000e+00
1.2202000000e+00	1.2202000000e+00	0.0000000000e+00
1.2250000000e+00	1.2250000000e+00	0.0000000000e+00
1.1790000000e+00	1.1790000000e+00	0.0000000000e+00
1.1412000000e+00	1.1412000000e+00	0.0000000000e+00
1.1139000000e+00	1.1139000000e+00	0.0000000000e+00
1.0837000000e+00	1.0837000000e+00	0.0000000000e+00
1.0555000000e+00	1.0555000000e+00	0.0000000000e+00
1.0292000000e+00	1.0292000000e+00	0.0000000000e+00
1.0067000000e+00	1.0067000000e+00	0.0000000000e+00
9.9870000000e-01	9.9870000000e-01	0.0000000000e+00
9.6560000000e-01	9.6560000000e-01	0.0000000000e+00
9.4760000000e-01	9.4760000000e-01	0.0000000000e+00
9.3510000000e-01	9.3510000000e-01	0.0000000000e+00
9.2290000000e-01	9.2290000000e-01	0.0000000000e+00
9.1070000000e-01	9.1070000000e-01	0.0000000000e+00
1.2397000000e+00	1.2397000000e+00	0.0000000000e+00
1.8651000000e+00	1.8651000000e+00	0.0000000000e+00
2.3626000000e+00	2.3626000000e+00	0.0000000000e+00
2.5229000000e+00	2.5229000000e+00	0.0000000000e+00
2.8355000000e+00	2.8355000000e+00	0.0000000000e+00
2.9889000000e+00	2.9889000000e+00	0.0000000000e+00
2.9919000000e+00	2.9919000000e+00	0.0000000000e+00
3.0022000000e+00	3.0022000000e+00	0.0000000000e+00
3.0134000000e+00	3.0134000000e+00	0.0000000000e+00
3.0125000000e+00	3.0125000000e+00	0.0000000000e+00
3.0087000000e+00	3.0087000000e+00	0.0000000000e+00
3.0096000000e+00	3.0096000000e+00	0.0000000000e+00
3.0106000000e+00	3.0106000000e+00	0.0000000000e+00
3.0098000000e+00	3.0098000000e+00	0.0000000000e+00
3.0073000000e+00	3.0073000000e+00	0.0000000000e+00
3.0074000000e+00	3.0074000000e+00	0.0000000000e+00
3.0074000000e+00	3.0074000000e+00	0.0000000000e+00
3.0076000000e+00	3.0076000000e+00	0.0000000000e+00
3.0078000000e+00	3.0078000000e+00	0.0000000000e+00
3.0081000000e+00	3.0081000000e+00	0.0000000000e+00
3.0085000000e+00	3.0085000000e+00	0.0000000000e+00
3.0089000000e+00	3.0089000000e+00	0.0000000000e+00
3.0095000000e+00	3.0095000000e+00	0.0000000000e+00
3.0101000000e+00	3.0101000000e+00	0.0000000000e+00
3.0109000000e+00	3.0109000000e+00	0.0000000000e+00
3.0117000000e+00	3.0117000000e+00	0.0000000000e+00
3.0127000000e+00	3.0127000000e+00	0.0000000000e+00
3.0138000000e+00	3.0138000000e+00	0.0000000000e+00
3.0151000000e+00	3.0151000000e+00	0.0000000000e+00
3.0165000000e+00	3.0165000000e+00	0.0000000000e+00
3.0182000000e+00	3.0182000000e+00	0.0000000000e+00
4.7538000000e+00	4.7538000000e+00	0.0000000000e+00
4.7260000000e+00	4.7260000000e+00	0.0000000000e+00
4.6968000000e+00	4.6968000000e+00	0.0000000000e+00
4.6662000000e+00	4.6662000000e+00	0.0000000000e+00
4.6340000000e+00	4.6340000000e+00	0.0000000000e+00
4.6002000000e+00	4.6002000000e+00	0.0000000000e+00
4.5649000000e+00	4.5649000000e+00	0.0000000000e+00
4.5281000000e+00	4.5281000000e+00	0.0000000000e+00
4.4901000000e+00	4.4901000000e+00	0.0000000000e+00
4.4505000000e+00	4.4505000000e+00	0.0000000000e+00
4.4097000000e+00	4.4097000000e+00	0.0000000000e+00
4.3674000000e+00	4.3674000000e+00	0.0000000000e+00
4.3238000000e+00	4.3238000000e+00	0.0000000000e+00
4.2790000000e+00	4.2790000000e+00	0.0000000000e+00
4.2341000000e+00	4.2341000000e+00	0.0000000000e+00
4.1904000000e+00	4.1904000000e+00	0.0000000000e+00
4.1501000000e+00	4.1501000000e+00	0.0000000000e+00
4.1179000000e+00	4.1179000000e+00	0.0000000000e+00
4.0894000000e+00	4.0894000000e+00	0.0000000000e+00
4.1131000000e+00	4.1131000000e+00	0.0000000000e+00
4.0551000000e+00	4.0551000000e+00	0.0000000000e+00
4.0363000000e+00	4.0363000000e+00	0.0000000000e+00
4.0234000000e+00	4.0234000000e+00	0.0000000000e+00
4.0241000000e+00	4.0241000000e+00	0.0000000000e+00
4.0197000000e+00	4.0197000000e+00	0.0000000000e+00
4.0178000000e+00	4.0178000000e+00	0.0000000000e+00
4.0168000000e+00	4.0168000000e+00	0.0000000000e+00
4.0146000000e+00	4.0146000000e+00	0.0000000000e+00
4.0140000000e+00	4.0140000000e+00	0.0000000000e+00
4.0078000000e+00	4.0078000000e+00	0.0000000000e+00
4.0056000000e+00	4.0056000000e+00	0.0000000000e+00
4.0003000000e+00	4.0003000000e+00	0.0000000000e+00
3.9726000000e+00	3.9726000000e+00	0.0000000000e+00
3.7560000000e+00	3.7560000000e+00	0.0000000000e+00
3.2645000000e+00	3.2645000000e+00	0.0000000000e+00
3.0465000000e+00	3.0465000000e+00	0.0000000000e+00
2.9360000000e+00	2.9360000000e+00	0.0000000000e+00
2.8319000000e+00	2.8319000000e+00	0.0000000000e+00
2.7503000000e+00	2.7503000000e+00	0.0000000000e+00
2.6448000000e+00	2.6448000000e+00	0.0000000000e+00
2.5025000000e+00	2.5025000000e+00	0.0000000000e+00
2.3677000000e+00	2.3677000000e+00	0.0000000000e+00
2.2211000000e+00	2.2211000000e+00	0.0000000000e+00
2.0732000000e+00	2.0732000000e+00	0.0000000000e+00
1.9331000000e+00	1.9331000000e+00	0.0000000000e+00
1.8017000000e+00	1.8017000000e+00	0.0000000000e+00
1.6887000000e+00	1.6887000000e+00	0.0000000000e+00
1.5924000000e+00	1.5924000000e+00	0.0000000000e+00
1.5166000000e+00	1.5166000000e+00	0.0000000000e+00
1.4633000000e+00	1.4633000000e+00	0.0000000000e+00
1.4311000000e+00	1.4311000000e+00	0.0000000000e+00
1.4122000000e+00	1.4122000000e+00	0.0000000000e+00
1.3991000000e+00	1.3991000000e+00	0.0000000000e+00
1.3854000000e+00	1.3854000000e+00	0.0000000000e+00
1.3715000000e+00	1.3715000000e+00	0.0000000000e+00
1.3593000000e+00	1.3593000000e+00	0.0000000000e+00
1.3326000000e+00	1.3326000000e+00	0.0000000000e+00
1.2921000000e+00	1.2921000000e+00	0.0000000000e+00
1.2731000000e+00	1.2731000000e+00	0.0000000000e+00
1.2405000000e+00	1.2405000000e+00	0.0000000000e+00
1.1945000000e+00	1.1945000000e+00	0.0000000000e+00
1.1710000000e+00	1.1710000000e+00	0.0000000000e+00
1.1600000000e+00	1.1600000000e+00	0.0000000000e+00
1.1203000000e+00	1.1203000000e+00	0.0000000000e+00
1.0872000000e+00	1.0872000000e+00	0.0000000000e+00
1.0369000000e+00	1.0369000000e+00	0.0000000000e+00
1.0255000000e+00	1.0255000000e+00	0.0000000000e+00
1.0019000000e+00	1.0019000000e+00	0.0000000000e+00
9.9540000000e-01	9.9540000000e-01	0.0000000000e+00
9.7370000000e-01	9.7370000000e-01	0.0000000000e+00
1.0506000000e+00	1.0506000000e+00	0.0000000000e+00
1.6310000000e+00	1.6310000000e+00	0.0000000000e+00
1.5341000000e+00	1.5341000000e+00	0.0000000000e+00
1.8697000000e+00	1.8697000000e+00	0.0000000000e+00
2.5587000000e+00	2.5587000000e+00	0.0000000000e+00
2.9143000000e+00	2.9143000000e+00	0.0000000000e+00
2.9155000000e+00	2.9155000000e+00	0.0000000000e+00
2.8933000000e+00	2.8933000000e+00	0.0000000000e+00
3.0040000000e+00	3.0040000000e+00	0.0000000000e+00
3.0075000000e+00	3.0075000000e+00	0.0000000000e+00
3.0084000000e+00	3.0084000000e+00	0.0000000000e+00
3.0082000000e+00	3.0082000000e+00	0.0000000000e+00
3.0069000000e+00	3.0069000000e+00	0.0000000000e+00
3.0070000000e+00	3.0070000000e+00	0.0000000000e+00
3.0061000000e+00	3.0061000000e+00	0.0000000000e+00
3.0061000000e+00	3.0061000000e+00	0.0000000000e+00
3.0062000000e+00	3.0062000000e+00	0.0000000000e+00
3.0063000000e+00	3.0063000000e+00	0.0000000000e+00
3.0065000000e+00	3.0065000000e+00	0.0000000000e+00
3.0067000000e+00	3.0067000000e+00	0.0000000000e+00
3.0070000000e+00	3.0070000000e+00	0.0000000000e+00
3.0073000000e+00	3.0073000000e+00	0.0000000000e+00
3.0078000000e+00	3.0078000000e+00	0.0000000000e+00
3.0083000000e+00	3.0083000000e+00	0.0000000000e+00
3.0088000000e+00	3.0088000000e+00	0.0000000000e+00
3.0095000000e+00	3.0095000000e+00	0.0000000000e+00
3.0103000000e+00	3.0103000000e+00	0.0000000000e+00
3.0112000000e+00	3.0112000000e+00	0.0000000000e+00
3.0122000000e+00	3.0122000000e+00	0.0000000000e+00
3.0134000000e+00	3.0134000000e+00	0.0000000000e+00
3.0147000000e+00	3.0147000000e+00	0.0000000000e+00
4.7410000000e+00	4.7410000000e+00	0.0000000000e+00
4.7121000000e+00	4.7121000000e+00	0.0000000000e+00
4.6818000000e+00	4.6818000000e+00	0.0000000000e+00
4.6499000000e+00	4.6499000000e+00	0.0000000000e+00
4.6164000000e+00	4.6164000000e+00	0.0000000000e+00
4.5813000000e+00	4.5813000000e+00	0.0000000000e+00
4.5448000000e+00	4.5448000000e+00	0.0000000000e+00
4.5069000000e+00	4.5069000000e+00	0.0000000000e+00
4.4677000000e+00	4.4677000000e+00	0.0000000000e+00
4.4273000000e+00	4.4273000000e+00	0.0000000000e+00
4.3858000000e+00	4.3858000000e+00	0.0000000000e+00
4.3436000000e+00	4.3436000000e+00	0.0000000000e+00
4.3010000000e+00	4.3010000000e+00	0.0000000000e+00
4.2584000000e+00	4.2584000000e+00	0.0000000000e+00
4.2168000000e+00	4.2168000000e+00	0.0000000000e+00
4.1776000000e+00	4.1776000000e+00	0.0000000000e+00
4.1414000000e+00	4.1414000000e+00	0.0000000000e+00
4.1058000000e+00	4.1058000000e+00	0.0000000000e+00
4.0769000000e+00	4.0769000000e+00	0.0000000000e+00
4.0731000000e+00	4.0731000000e+00	0.0000000000e+00
4.0361000000e+00	4.0361000000e+00	0.0000000000e+00
4.0354000000e+00	4.0354000000e+00	0.0000000000e+00
4.0354000000e+00	4.0354000000e+00	0.0000000000e+00
4.0211000000e+00	4.0211000000e+00	0.0000000000e+00
4.0237000000e+00	4.0237000000e+00	0.0000000000e+00
4.0155000000e+00	4.0155000000e+00	0.0000000000e+00
4.0149000000e+00	4.0149000000e+00	0.0000000000e+00
4.0140000000e+00	4.0140000000e+00	0.0000000000e+00
4.0085000000e+00	4.0085000000e+00	0.0000000000e+00
4.0056000000e+00	4.0056000000e+00	0.0000000000e+00
4.0079000000e+00	4.0079000000e+00	0.0000000000e+00
4.0012000000e+00	4.0012000000e+00	0.0000000000e+00
3.9952000000e+00	3.9952000000e+00	0.0000000000e+00
3.9369000000e+00	3.9369000000e+00	0.0000000000e+00
3.6735000000e+00	3.6735000000e+00	0.0000000000e+00
3.3380000000e+00	3.3380000000e+00	0.0000000000e+00
3.0835000000e+00	3.0835000000e+00	0.0000000000e+00
2.9644000000e+00	2.9644000000e+00	0.0000000000e+00
2.8767000000e+00	2.8767000000e+00	0.0000000000e+00
2.7772000000e+00	2.7772000000e+00	0.0000000000e+00
2.6754000000e+00	2.6754000000e+00	0.0000000000e+00
2.5545000000e+00	2.5545000000e+00	0.0000000000e+00
2.4146000000e+00	2.4146000000e+00	0.0000000000e+00
2.2663000000e+00	2.2663000000e+00	0.0000000000e+00
2.1240000000e+00	2.1240000000e+00	0.0000000000e+00
1.9891000000e+00	1.9891000000e+00	0.0000000000e+00
1.8727000000e+00	1.8727000000e+00	0.0000000000e+00
1.7738000000e+00	1.7738000000e+00	0.0000000000e+00
1.6932000000e+00	1.6932000000e+00	0.0000000000e+00
1.6342000000e+00	1.6342000000e+00	0.0000000000e+00
1.5957000000e+00	1.5957000000e+00	0.0000000000e+00
1.5708000000e+00	1.5708000000e+00	0.0000000000e+00
1.5551000000e+00	1.5551000000e+00	0.0000000000e+00
1.5590000000e+00	1.5590000000e+00	0.0000000000e+00
1.5445000000e+00	1.5445000000e+00	0.0000000000e+00
1.5114000000e+00	1.5114000000e+00	0.0000000000e+00
1.4748000000e+00	1.4748000000e+00	0.0000000000e+00
1.4360000000e+00	1.4360000000e+00	0.0000000000e+00
1.4222000000e+00	1.4222000000e+00	0.0000000000e+00
1.3909000000e+00	1.3909000000e+00	0.0000000000e+00
1.3595000000e+00	1.3595000000e+00	0.0000000000e+00
1.3046000000e+00	1.3046000000e+00	0.0000000000e+00
1.2695000000e+00	1.2695000000e+00	0.0000000000e+00
1.2436000000e+00	1.2436000000e+00	0.0000000000e+00
1.1665000000e+00	1.1665000000e+00	0.0000000000e+00
1.1346000000e+00	1.1346000000e+00	0.0000000000e+00
1.1315000000e+00	1.1315000000e+00	0.0000000000e+00
1.0807000000e+00	1.0807000000e+00	0.0000000000e+00
1.0654000000e+00	1.0654000000e+00	0.0000000000e+00
1.0396000000e+00	1.0396000000e+00	0.0000000000e+00
1.1128000000e+00	1.1128000000e+00	0.0000000000e+00
1.3369000000e+00	1.3369000000e+00	0.0000000000e+00
1.1935000000e+00	1.1935000000e+00	0.0000000000e+00
1.5810000000e+00	1.5810000000e+00	0.0000000000e+00
2.1777000000e+00	2.1777000000e+00	0.0000000000e+00
2.7366000000e+00	2.7366000000e+00	0.0000000000e+00
2.6639000000e+00	2.6639000000e+00	0.0000000000e+00
2.5596000000e+00	2.5596000000e+00	0.0000000000e+00
2.8776000000e+00	2.8776000000e+00	0.0000000000e+00
2.9936000000e+00	2.9936000000e+00	0.0000000000e+00
3.0058000000e+00	3.0058000000e+00	0.0000000000e+00
3.0059000000e+00	3.0059000000e+00	0.0000000000e+00
3.0056000000e+00	3.0056000000e+00	0.0000000000e+00
3.0062000000e+00	3.0062000000e+00	0.0000000000e+00
3.0052000000e+00	3.0052000000e+00	0.0000000000e+00
3.0052000000e+00	3.0052000000e+00	0.0000000000e+00
3.0052000000e+00	3.0052000000e+00	0.0000000000e+00
3.0053000000e+00	3.0053000000e+00	0.0000000000e+00
3.0054000000e+00	3.0054000000e+00	0.0000000000e+00
3.0056000000e+00	3.0056000000e+00	0.0000000000e+00
3.0058000000e+00	3.0058000000e+00	0.0000000000e+00
3.0061000000e+00	3.0061000000e+00	0.0000000000e+00
3.0064000000e+00	3.0064000000e+00	0.0000000000e+00
3.0068000000e+00	3.0068000000e+00	0.0000000000e+00
3.0073000000e+00	3.0073000000e+00	0.0000000000e+00
3.0078000000e+00	3.0078000000e+00	0.0000000000e+00
3.0085000000e+00	3.0085000000e+00	0.0000000000e+00
3.0092000000e+00	3.0092000000e+00	0.0000000000e+00
3.0100000000e+00	3.0100000000e+00	0.0000000000e+00
3.0110000000e+00	3.0110000000e+00	0.0000000000e+00
3.0120000000e+00	3.0120000000e+00	0.0000000000e+00
4.7283000000e+00	4.7283000000e+00	0.0000000000e+00
4.6984000000e+00	4.6984000000e+00	0.0000000000e+00
4.6670000000e+00	4.6670000000e+00	0.0000000000e+00
4.6341000000e+00	4.6341000000e+00	0.0000000000e+00
4.5995000000e+00	4.5995000000e+00	0.0000000000e+00
4.5635000000e+00	4.5634000000e+00	9.5168015849e-06
4.5259000000e+00	4.5259000000e+00	0.0000000000e+00
4.4871000000e+00	4.4871000000e+00	0.0000000000e+00
4.4472000000e+00	4.4472000000e+00	0.0000000000e+00
4.4064000000e+00	4.4064000000e+00	0.0000000000e+00
4.3649000000e+00	4.3649000000e+00	0.0000000000e+00
4.3232000000e+00	4.3232000000e+00	0.0000000000e+00
4.2815000000e+00	4.2815000000e+00	0.0000000000e+00
4.2407000000e+00	4.2407000000e+00	0.0000000000e+00
4.2014000000e+00	4.2014000000e+00	0.0000000000e+00
4.1644000000e+00	4.1644000000e+00	0.0000000000e+00
4.1305000000e+00	4.1305000000e+00	0.0000000000e+00
4.0973000000e+00	4.0973000000e+00	0.0000000000e+00
4.0698000000e+00	4.0698000000e+00	0.0000000000e+00
4.0490000000e+00	4.0490000000e+00	0.0000000000e+00
4.0271000000e+00	4.0271000000e+00	0.0000000000e+00
4.0291000000e+00	4.0291000000e+00	0.0000000000e+00
4.0145000000e+00	4.0145000000e+00	0.0000000000e+00
4.0192000000e+00	4.0192000000e+00	0.0000000000e+00
4.0102000000e+00	4.0102000000e+00	0.0000000000e+00
4.0032000000e+00	4.0032000000e+00	0.0000000000e+00
4.0132000000e+00	4.0132000000e+00	0.0000000000e+00
4.0086000000e+00	4.0086000000e+00	0.0000000000e+00
4.0064000000e+00	4.0064000000e+00	0.0000000000e+00
4.0036000000e+00	4.0036000000e+00	0.0000000000e+00
4.0020000000e+00	4.0020000000e+00	0.0000000000e+00
4.0032000000e+00	4.0032000000e+00	0.0000000000e+00
4.0003000000e+00	4.0003000000e+00	0.0000000000e+00
3.9786000000e+00	3.9786000000e+00	0.0000000000e+00
3.9114000000e+00	3.9114000000e+00	0.0000000000e+00
3.6506000000e+00	3.6506000000e+00	0.0000000000e+00
3.3225000000e+00	3.3225000000e+00	0.0000000000e+00
3.1032000000e+00	3.1032000000e+00	0.0000000000e+00
2.9981000000e+00	2.9981000000e+00	0.0000000000e+00
2.9128000000e+00	2.9128000000e+00	0.0000000000e+00
2.8262000000e+00	2.8262000000e+00	0.0000000000e+00
2.7193000000e+00	2.7193000000e+00	0.0000000000e+00
2.5941000000e+00	2.5941000000e+00	0.0000000000e+00
2.4576000000e+00	2.4576000000e+00	0.0000000000e+00
2.3138000000e+00	2.3138000000e+00	0.0000000000e+00
2.1705000000e+00	2.1705000000e+00	0.0000000000e+00
2.0471000000e+00	2.0471000000e+00	0.0000000000e+00
1.9417000000e+00	1.9417000000e+00	0.0000000000e+00
1.8579000000e+00	1.8579000000e+00	0.0000000000e+00
1.7962000000e+00	1.7962000000e+00	0.0000000000e+00
1.7537000000e+00	1.7537000000e+00	0.0000000000e+00
1.7259000000e+00	1.7259000000e+00	0.0000000000e+00
1.7158000000e+00	1.7158000000e+00	0.0000000000e+00
1.7257000000e+00	1.7257000000e+00	0.0000000000e+00
1.6909000000e+00	1.6909000000e+00	0.0000000000e+00
1.6782000000e+00	1.6782000000e+00	0.0000000000e+00
1.6394000000e+00	1.6394000000e+00	0.0000000000e+00
1.6288000000e+00	1.6288000000e+00	0.0000000000e+00
1.5927000000e+00	1.5927000000e+00	0.0000000000e+00
1.6082000000e+00	1.6082000000e+00	0.0000000000e+00
1.5389000000e+00	1.5389000000e+00	0.0000000000e+00
1.4802000000e+00	1.4802000000e+00	0.0000000000e+00
1.4212000000e+00	1.4212000000e+00	0.0000000000e+00
1.3193000000e+00	1.3193000000e+00	0.0000000000e+00
1.2902000000e+00	1.2902000000e+00	0.0000000000e+00
1.2271000000e+00	1.2271000000e+00	0.0000000000e+00
1.2131000000e+00	1.2131000000e+00	0.0000000000e+00
1.1868000000e+00	1.1868000000e+00	0.0000000000e+00
1.1369000000e+00	1.1369000000e+00	0.0000000000e+00
1.1171000000e+00	1.1171000000e+00	0.0000000000e+00
1.1361000000e+00	1.1361000000e+00	0.0000000000e+00
1.1400000000e+00	1.1400000000e+00	0.0000000000e+00
1.3112000000e+00	1.3112000000e+00	0.0000000000e+00
1.3235000000e+00	1.3235000000e+00	0.0000000000e+00
1.4157000000e+00	1.4157000000e+00	0.0000000000e+00
2.4147000000e+00	2.4147000000e+00	0.0000000000e+00
2.2466000000e+00	2.2466000000e+00	0.0000000000e+00
2.1413000000e+00	2.1413000000e+00	0.0000000000e+00
2.8075000000e+00	2.8075000000e+00	0.0000000000e+00
2.9290000000e+00	2.9290000000e+00	0.0000000000e+00
2.9890000000e+00	2.9890000000e+00	0.0000000000e+00
3.0009000000e+00	3.0009000000e+00	0.0000000000e+00
3.0042000000e+00	3.0042000000e+00	0.0000000000e+00
3.0044000000e+00	3.0044000000e+00	0.0000000000e+00
3.0044000000e+00	3.0044000000e+00	0.0000000000e+00
3.0044000000e+00	3.0044000000e+00	0.0000000000e+00
3.0044000000e+00	3.0044000000e+00	0.0000000000e+00
3.0045000000e+00	3.0045000000e+00	0.0000000000e+00
3.0046000000e+00	3.0046000000e+00	0.0000000000e+00
3.0047000000e+00	3.0047000000e+00	0.0000000000e+00
3.0049000000e+00	3.0049000000e+00	0.0000000000e+00
3.0051000000e+00	3.0051000000e+00	0.0000000000e+00
3.0054000000e+00	3.0054000000e+00	0.0000000000e+00
3.0057000000e+00	3.0057000000e+00	0.0000000000e+00
3.0061000000e+00	3.0061000000e+00	0.0000000000e+00
3.0065000000e+00	3.0065000000e+00	0.0000000000e+00
3.0070000000e+00	3.0070000000e+00	0.0000000000e+00
3.0076000000e+00	3.0076000000e+00	0.0000000000e+00
3.0083000000e+00	3.0083000000e+00	0.0000000000e+00
3.0091000000e+00	3.0091000000e+00	0.0000000000e+00
3.0100000000e+00	3.0100000000e+00	0.0000000000e+00
4.7158000000e+00	4.7158000000e+00	0.0000000000e+00
4.6850000000e+00	4.6850000000e+00	0.0000000000e+00
4.6527000000e+00	4.6527000000e+00	0.0000000000e+00
4.6188000000e+00	4.6188000000e+00	0.0000000000e+00
4.5834000000e+00	4.5834000000e+00	0.0000000000e+00
4.5465000000e+00	4.5465000000e+00	0.0000000000e+00
4.5083000000e+00	4.5083000000e+00	0.0000000000e+00
4.4689000000e+00	4.4689000000e+00	0.0000000000e+00
4.4287000000e+00	4.4287000000e+00	0.0000000000e+00
4.3878000000e+00	4.3878000000e+00	0.0000000000e+00
4.3466000000e+00	4.3466000000e+00	0.0000000000e+00
4.3054000000e+00	4.3054000000e+00	0.0000000000e+00
4.2648000000e+00	4.2648000000e+00	0.0000000000e+00
4.2255000000e+00	4.2255000000e+00	0.0000000000e+00
4.1877000000e+00	4.1877000000e+00	0.0000000000e+00
4.1519000000e+00	4.1519000000e+00	0.0000000000e+00
4.1187000000e+00	4.1187000000e+00	0.0000000000e+00
4.0903000000e+00	4.0903000000e+00	0.0000000000e+00
4.0643000000e+00	4.0643000000e+00	0.0000000000e+00
4.0408000000e+00	4.0408000000e+00	0.0000000000e+00
4.0834000000e+00	4.0834000000e+00	0.0000000000e+00
4.0592000000e+00	4.0592000000e+00	0.0000000000e+00
4.0251000000e+00	4.0251000000e+00	0.0000000000e+00
4.0269000000e+00	4.0269000000e+00	0.0000000000e+00
4.0175000000e+00	4.0175000000e+00	0.0000000000e+00
4.0110000000e+00	4.0110000000e+00	0.0000000000e+00
4.0118000000e+00	4.0118000000e+00	0.0000000000e+00
4.0076000000e+00	4.0076000000e+00	0.0000000000e+00
4.0049000000e+00	4.0049000000e+00	0.0000000000e+00
4.0027000000e+00	4.0027000000e+00	0.0000000000e+00
4.0016000000e+00	4.0016000000e+00	0.0000000000e+00
4.0004000000e+00	4.0004000000e+00	0.0000000000e+00
3.9995000000e+00	3.9995000000e+00	0.0000000000e+00
3.9876000000e+00	3.9876000000e+00	0.0000000000e+00
3.9715000000e+00	3.9715000000e+00	0.0000000000e+00
3.8796000000e+00	3.8796000000e+00	0.0000000000e+00
3.6325000000e+00	3.6325000000e+00	0.0000000000e+00
3.3565000000e+00	3.3565000000e+00	0.0000000000e+00
3.1345000000e+00	3.1345000000e+00	0.0000000000e+00
3.0426000000e+00	3.0426000000e+00	0.0000000000e+00
2.9500000000e+00	2.9500000000e+00	0.0000000000e+00
2.8530000000e+00	2.8530000000e+00	0.0000000000e+00
2.7499000000e+00	2.7499000000e+00	0.0000000000e+00
2.6346000000e+00	2.6346000000e+00	0.0000000000e+00
2.4990000000e+00	2.4990000000e+00	0.0000000000e+00
2.3576000000e+00	2.3576000000e+00	0.0000000000e+00
2.2239000000e+00	2.2239000000e+00	0.0000000000e+00
2.1057000000e+00	2.1057000000e+00	0.0000000000e+00
2.0095000000e+00	2.0095000000e+00	0.0000000000e+00
1.9378000000e+00	1.9378000000e+00	0.0000000000e+00
1.8878000000e+00	1.8878000000e+00	0.0000000000e+00
1.8561000000e+00	1.8561000000e+00	0.0000000000e+00
1.8419000000e+00	1.8419000000e+00	0.0000000000e+00
1.8243000000e+00	1.8243000000e+00	0.0000000000e+00
1.8498000000e+00	1.8498000000e+00	0.0000000000e+00
1.7995000000e+00	1.7995000000e+00	0.0000000000e+00
1.8003000000e+00	1.8003000000e+00	0.0000000000e+00
1.7496000000e+00	1.7496000000e+00	0.0000000000e+00
1.7545000000e+00	1.7545000000e+00	0.0000000000e+00
1.7421000000e+00	1.7421000000e+00	0.0000000000e+00
1.6903000000e+00	1.6903000000e+00	0.0000000000e+00
1.6588000000e+00	1.6588000000e+00	0.0000000000e+00
1.5607000000e+00	1.5607000000e+00	0.0000000000e+00
1.4682000000e+00	1.4682000000e+00	0.0000000000e+00
1.4804000000e+00	1.4804000000e+00	0.0000000000e+00
1.3946000000e+00	1.3946000000e+00	0.0000000000e+00
1.3055000000e+00	1.3055000000e+00	0.0000000000e+00
1.2816000000e+00	1.2816000000e+00	0.0000000000e+00
1.2431000000e+00	1.2431000000e+00	0.0000000000e+00
1.2071000000e+00	1.2071000000e+00	0.0000000000e+00
1.1961000000e+00	1.1961000000e+00	0.0000000000e+00
1.2076000000e+00	1.2076000000e+00	0.0000000000e+00
1.2829000000e+00	1.2829000000e+00	0.0000000000e+00
1.2207000000e+00	1.2207000000e+00	0.0000000000e+00
1.3054000000e+00	1.3054000000e+00	0.0000000000e+00
1.9659000000e+00	1.9659000000e+00	0.0000000000e+00
1.8978000000e+00	1.8978000000e+00	0.0000000000e+00
2.0429000000e+00	2.0429000000e+00	0.0000000000e+00
2.5146000000e+00	2.5146000000e+00	0.0000000000e+00
2.7622000000e+00	2.7622000000e+00	0.0000000000e+00
2.9598000000e+00	2.9598000000e+00	0.0000000000e+00
2.9871000000e+00	2.9871000000e+00	0.0000000000e+00
2.9982000000e+00	2.9982000000e+00	0.0000000000e+00
3.0026000000e+00	3.0026000000e+00	0.0000000000e+00
3.0033000000e+00	3.0033000000e+00	0.0000000000e+00
3.0037000000e+00	3.0037000000e+00	0.0000000000e+00
3.0038000000e+00	3.0038000000e+00	0.0000000000e+00
3.0039000000e+00	3.0039000000e+00	0.0000000000e+00
3.0040000000e+00	3.0040000000e+00	0.0000000000e+00
3.0041000000e+00	3.0041000000e+00	0.0000000000e+00
3.0042000000e+00	3.0042000000e+00	0.0000000000e+00
3.0044000000e+00	3.0044000000e+00	0.0000000000e+00
3.0046000000e+00	3.0046000000e+00	0.0000000000e+00
3.0049000000e+00	3.0049000000e+00	0.0000000000e+00
3.0052000000e+00	3.0052000000e+00	0.0000000000e+00
3.0055000000e+00	3.0055000000e+00	0.0000000000e+00
3.0059000000e+00	3.0059000000e+00	0.0000000000e+00
3.0064000000e+00	3.0064000000e+00	0.0000000000e+00
3.0070000000e+00	3.0070000000e+00	0.0000000000e+00
3.0076000000e+00	3.0076000000e+00	0.0000000000e+00
3.0083000000e+00	3.0083000000e+00	0.0000000000e+00
4.7036000000e+00	4.7036000000e+00	0.0000000000e+00
4.6720000000e+00	4.6720000000e+00	0.0000000000e+00
4.6388000000e+00	4.6388000000e+00	0.0000000000e+00
4.6043000000e+00	4.6043000000e+00	0.0000000000e+00
4.5682000000e+00	4.5682000000e+00	0.0000000000e+00
4.5307000000e+00	4.5307000000e+00	0.0000000000e+00
4.4920000000e+00	4.4920000000e+00	0.0000000000e+00
4.4523000000e+00	4.4523000000e+00	0.0000000000e+00
4.4119000000e+00	4.4119000000e+00	0.0000000000e+00
4.3711000000e+00	4.3711000000e+00	0.0000000000e+00
4.3303000000e+00	4.3303000000e+00	0.0000000000e+00
4.2899000000e+00	4.2899000000e+00	0.0000000000e+00
4.2505000000e+00	4.2505000000e+00	0.0000000000e+00
4.2124000000e+00	4.2124000000e+00	0.0000000000e+00
4.1762000000e+00	4.1762000000e+00	0.0000000000e+00
4.1423000000e+00	4.1423000000e+00	0.0000000000e+00
4.1119000000e+00	4.1119000000e+00	0.0000000000e+00
4.0822000000e+00	4.0822000000e+00	0.0000000000e+00
4.0563000000e+00	4.0563000000e+00	0.0000000000e+00
4.0325000000e+00	4.0325000000e+00	0.0000000000e+00
4.0126000000e+00	4.0126000000e+00	0.0000000000e+00
4.0345000000e+00	4.0345000000e+00	0.0000000000e+00
4.0379000000e+00	4.0379000000e+00	0.0000000000e+00
4.0147000000e+00	4.0147000000e+00	0.0000000000e+00
4.0223000000e+00	4.0223000000e+00	0.0000000000e+00
4.0098000000e+00	4.0098000000e+00	0.0000000000e+00
4.0081000000e+00	4.0081000000e+00	0.0000000000e+00
4.0071000000e+00	4.0071000000e+00	0.0000000000e+00
4.0072000000e+00	4.0072000000e+00	0.0000000000e+00
4.0037000000e+00	4.0037000000e+00	0.0000000000e+00
4.0011000000e+00	4.0011000000e+00	0.0000000000e+00
3.9997000000e+00	3.9997000000e+00	0.0000000000e+00
3.9954000000e+00	3.9954000000e+00	0.0000000000e+00
3.9812000000e+00	3.9812000000e+00	0.0000000000e+00
3.9810000000e+00	3.9810000000e+00	0.0000000000e+00
3.9564000000e+00	3.9564000000e+00	0.0000000000e+00
3.8410000000e+00	3.8410000000e+00	0.0000000000e+00
3.6084000000e+00	3.6084000000e+00	0.0000000000e+00
3.3108000000e+00	3.3108000000e+00	0.0000000000e+00
3.1887000000e+00	3.1887000000e+00	0.0000000000e+00
3.0588000000e+00	3.0588000000e+00	0.0000000000e+00
2.9770000000e+00	2.9770000000e+00	0.0000000000e+00
2.8796000000e+00	2.8796000000e+00	0.0000000000e+00
2.7786000000e+00	2.7786000000e+00	0.0000000000e+00
2.6724000000e+00	2.6724000000e+00	0.0000000000e+00
2.5482000000e+00	2.5482000000e+00	0.0000000000e+00
2.4135000000e+00	2.4135000000e+00	0.0000000000e+00
2.2834000000e+00	2.2834000000e+00	0.0000000000e+00
2.1672000000e+00	2.1672000000e+00	0.0000000000e+00
2.0742000000e+00	2.0742000000e+00	0.0000000000e+00
2.0076000000e+00	2.0076000000e+00	0.0000000000e+00
1.9730000000e+00	1.9730000000e+00	0.0000000000e+00
1.9373000000e+00	1.9373000000e+00	0.0000000000e+00
1.9213000000e+00	1.9213000000e+00	0.0000000000e+00
1.9199000000e+00	1.9199000000e+00	0.0000000000e+00
1.8958000000e+00	1.8958000000e+00	0.0000000000e+00
1.8964000000e+00	1.8964000000e+00	0.0000000000e+00
1.8996000000e+00	1.8996000000e+00	0.0000000000e+00
1.8533000000e+00	1.8533000000e+00	0.0000000000e+00
1.8170000000e+00	1.8170000000e+00	0.0000000000e+00
1.8066000000e+00	1.8066000000e+00	0.0000000000e+00
1.7752000000e+00	1.7752000000e+00	0.0000000000e+00
1.6957000000e+00	1.6957000000e+00	0.0000000000e+00
1.6375000000e+00	1.6375000000e+00	0.0000000000e+00
1.5765000000e+00	1.5765000000e+00	0.0000000000e+00
1.5245000000e+00	1.5245000000e+00	0.0000000000e+00
1.4727000000e+00	1.4727000000e+00	0.0000000000e+00
1.3909000000e+00	1.3909000000e+00	0.0000000000e+00
1.3521000000e+00	1.3521000000e+00	0.0000000000e+00
1.3099000000e+00	1.3099000000e+00	0.0000000000e+00
1.2801000000e+00	1.2801000000e+00	0.0000000000e+00
1.2730000000e+00	1.2730000000e+00	0.0000000000e+00
1.2927000000e+00	1.2927000000e+00	0.0000000000e+00
1.3368000000e+00	1.3368000000e+00	0.0000000000e+00
1.4844000000e+00	1.4844000000e+00	0.0000000000e+00
1.7110000000e+00	1.7110000000e+00	0.0000000000e+00
1.8587000000e+00	1.8587000000e+00	0.0000000000e+00
1.4720000000e+00	1.4720000000e+00	0.0000000000e+00
1.5572000000e+00	1.5572000000e+00	0.0000000000e+00
2.4115000000e+00	2.4115000000e+00	0.0000000000e+00
2.6830000000e+00	2.6830000000e+00	0.0000000000e+00
2.9331000000e+00	2.9331000000e+00	0.0000000000e+00
2.9705000000e+00	2.9705000000e+00	0.0000000000e+00
2.9951000000e+00	2.9951000000e+00	0.0000000000e+00
3.0004000000e+00	3.0004000000e+00	0.0000000000e+00
3.0022000000e+00	3.0022000000e+00	0.0000000000e+00
3.0029000000e+00	3.0029000000e+00	0.0000000000e+00
3.0032000000e+00	3.0032000000e+00	0.0000000000e+00
3.0034000000e+00	3.0034000000e+00	0.0000000000e+00
3.0035000000e+00	3.0035000000e+00	0.0000000000e+00
3.0036000000e+00	3.0036000000e+00	0.0000000000e+00
3.0038000000e+00	3.0038000000e+00	0.0000000000e+00
3.0040000000e+00	3.0040000000e+00	0.0000000000e+00
3.0042000000e+00	3.0042000000e+00	0.0000000000e+00
3.0044000000e+00	3.0044000000e+00	0.0000000000e+00
3.0047000000e+00	3.0047000000e+00	0.0000000000e+00
3.0051000000e+00	3.0051000000e+00	0.0000000000e+00
3.0055000000e+00	3.0055000000e+00	0.0000000000e+00
3.0059000000e+00	3.0059000000e+00	0.0000000000e+00
3.0065000000e+00	3.0065000000e+00	0.0000000000e+00
3.0071000000e+00	3.0071000000e+00	0.0000000000e+00
4.6918000000e+00	4.6918000000e+00	0.0000000000e+00
4.6594000000e+00	4.6594000000e+00	0.0000000000e+00
4.6257000000e+00	4.6257000000e+00	0.0000000000e+00
4.5905000000e+00	4.5905000000e+00	0.0000000000e+00
4.5537000000e+00	4.5537000000e+00	0.0000000000e+00
4.5158000000e+00	4.5158000000e+00	0.0000000000e+00
4.4769000000e+00	4.4769000000e+00	0.0000000000e+00
4.4371000000e+00	4.4371000000e+00	0.0000000000e+00
4.3967000000e+00	4.3967000000e+00	0.0000000000e+00
4.3562000000e+00	4.3562000000e+00	0.0000000000e+00
4.3160000000e+00	4.3160000000e+00	0.0000000000e+00
4.2764000000e+00	4.2764000000e+00	0.0000000000e+00
4.2380000000e+00	4.2380000000e+00	0.0000000000e+00
4.2012000000e+00	4.2012000000e+00	0.0000000000e+00
4.1666000000e+00	4.1666000000e+00	0.0000000000e+00
4.1343000000e+00	4.1343000000e+00	0.0000000000e+00
4.1047000000e+00	4.1047000000e+00	0.0000000000e+00
4.0777000000e+00	4.0777000000e+00	0.0000000000e+00
4.0530000000e+00	4.0530000000e+00	0.0000000000e+00
4.0301000000e+00	4.0301000000e+00	0.0000000000e+00
4.0085000000e+00	4.0085000000e+00	0.0000000000e+00
4.0018000000e+00	4.0018000000e+00	0.0000000000e+00
4.0225000000e+00	4.0225000000e+00	0.0000000000e+00
4.0233000000e+00	4.0233000000e+00	0.0000000000e+00
4.0230000000e+00	4.0230000000e+00	0.0000000000e+00
4.0157000000e+00	4.0157000000e+00	0.0000000000e+00
4.0153000000e+00	4.0153000000e+00	0.0000000000e+00
4.0094000000e+00	4.0094000000e+00	0.0000000000e+00
4.0040000000e+00	4.0040000000e+00	0.0000000000e+00
4.0021000000e+00	4.0021000000e+00	0.0000000000e+00
4.0007000000e+00	4.0007000000e+00	0.0000000000e+00
3.9870000000e+00	3.9870000000e+00	0.0000000000e+00
3.9845000000e+00	3.9845000000e+00	0.0000000000e+00
3.9814000000e+00	3.9814000000e+00	0.0000000000e+00
3.9780000000e+00	3.9780000000e+00	0.0000000000e+00
3.9685000000e+00	3.9685000000e+00	0.0000000000e+00
3.9457000000e+00	3.9457000000e+00	0.0000000000e+00
3.8335000000e+00	3.8335000000e+00	0.0000000000e+00
3.5950000000e+00	3.5950000000e+00	0.0000000000e+00
3.3092000000e+00	3.3092000000e+00	0.0000000000e+00
3.1638000000e+00	3.1638000000e+00	0.0000000000e+00
3.0662000000e+00	3.0662000000e+00	0.0000000000e+00
2.9631000000e+00	2.9631000000e+00	0.0000000000e+00
2.8942000000e+00	2.8942000000e+00	0.0000000000e+00
2.8091000000e+00	2.8091000000e+00	0.0000000000e+00
2.7145000000e+00	2.7145000000e+00	0.0000000000e+00
2.6014000000e+00	2.6014000000e+00	0.0000000000e+00
2.4734000000e+00	2.4734000000e+00	0.0000000000e+00
2.3456000000e+00	2.3456000000e+00	0.0000000000e+00
2.2419000000e+00	2.2419000000e+00	0.0000000000e+00
2.1497000000e+00	2.1497000000e+00	0.0000000000e+00
2.0761000000e+00	2.0761000000e+00	0.0000000000e+00
2.0472000000e+00	2.0472000000e+00	0.0000000000e+00
1.9882000000e+00	1.9882000000e+00	0.0000000000e+00
1.9764000000e+00	1.9764000000e+00	0.0000000000e+00
1.9849000000e+00	1.9849000000e+00	0.0000000000e+00
1.9720000000e+00	1.9720000000e+00	0.0000000000e+00
1.9374000000e+00	1.9374000000e+00	0.0000000000e+00
1.9198000000e+00	1.9198000000e+00	0.0000000000e+00
1.9009000000e+00	1.9009000000e+00	0.0000000000e+00
1.8669000000e+00	1.8669000000e+00	0.0000000000e+00
1.8617000000e+00	1.8617000000e+00	0.0000000000e+00
1.8197000000e+00	1.8197000000e+00	0.0000000000e+00
1.8194000000e+00	1.8194000000e+00	0.0000000000e+00
1.7424000000e+00	1.7424000000e+00	0.0000000000e+00
1.7073000000e+00	1.7073000000e+00	0.0000000000e+00
1.6876000000e+00	1.6876000000e+00	0.0000000000e+00
1.5557000000e+00	1.5557000000e+00	0.0000000000e+00
1.4899000000e+00	1.4899000000e+00	0.0000000000e+00
1.4403000000e+00	1.4403000000e+00	0.0000000000e+00
1.3952000000e+00	1.3952000000e+00	0.0000000000e+00
1.3621000000e+00	1.3621000000e+00	0.0000000000e+00
1.3444000000e+00	1.3444000000e+00	0.0000000000e+00
1.3063000000e+00	1.3063000000e+00	0.0000000000e+00
1.3378000000e+00	1.3378000000e+00	0.0000000000e+00
1.4868000000e+00	1.4868000000e+00	0.0000000000e+00
1.7495000000e+00	1.7495000000e+00	0.0000000000e+00
1.8214000000e+00	1.8214000000e+00	0.0000000000e+00
1.6419000000e+00	1.6419000000e+00	0.0000000000e+00
2.0626000000e+00	2.0626000000e+00	0.0000000000e+00
2.2571000000e+00	2.2571000000e+00	0.0000000000e+00
2.6064000000e+00	2.6064000000e+00	0.0000000000e+00
2.9039000000e+00	2.9039000000e+00	0.0000000000e+00
2.9642000000e+00	2.9642000000e+00	0.0000000000e+00
2.9902000000e+00	2.9902000000e+00	0.0000000000e+00
2.9975000000e+00	2.9975000000e+00	0.0000000000e+00
3.0007000000e+00	3.0007000000e+00	0.0000000000e+00
3.0021000000e+00	3.0021000000e+00	0.0000000000e+00
3.0027000000e+00	3.0027000000e+00	0.0000000000e+00
3.0030000000e+00	3.0030000000e+00	0.0000000000e+00
3.0032000000e+00	3.0032000000e+00	0.0000000000e+00
3.0033000000e+00	3.0033000000e+00	0.0000000000e+00
3.0035000000e+00	3.0035000000e+00	0.0000000000e+00
3.0036000000e+00	3.0036000000e+00	0.0000000000e+00
3.0039000000e+00	3.0039000000e+00	0.0000000000e+00
3.0041000000e+00	3.0041000000e+00	0.0000000000e+00
3.0044000000e+00	3.0044000000e+00	0.0000000000e+00
3.0047000000e+00	3.0047000000e+00	0.0000000000e+00
3.0051000000e+00	3.0051000000e+00	0.0000000000e+00
3.0055000000e+00	3.0055000000e+00	0.0000000000e+00
3.0061000000e+00	3.0061000000e+00	0.0000000000e+00
4.6805000000e+00	4.6805000000e+00	0.0000000000e+00
4.6474000000e+00	4.6474000000e+00	0.0000000000e+00
4.6131000000e+00	4.6131000000e+00	0.0000000000e+00
4.5774000000e+00	4.5774000000e+00	0.0000000000e+00
4.5403000000e+00	4.5403000000e+00	0.0000000000e+00
4.5021000000e+00	4.5021000000e+00	0.0000000000e+00
4.4630000000e+00	4.4630000000e+00	0.0000000000e+00
4.4232000000e+00	4.4232000000e+00	0.0000000000e+00
4.3830000000e+00	4.3830000000e+00	0.0000000000e+00
4.3430000000e+00	4.3430000000e+00	0.0000000000e+00
4.3033000000e+00	4.3033000000e+00	0.0000000000e+00
4.2646000000e+00	4.2646000000e+00	0.0000000000e+00
4.2273000000e+00	4.2273000000e+00	0.0000000000e+00
4.1917000000e+00	4.1917000000e+00	0.0000000000e+00
4.1584000000e+00	4.1584000000e+00	0.0000000000e+00
4.1280000000e+00	4.1280000000e+00	0.0000000000e+00
4.0999000000e+00	4.0999000000e+00	0.0000000000e+00
4.0741000000e+00	4.0741000000e+00	0.0000000000e+00
4.0504000000e+00	4.0504000000e+00	0.0000000000e+00
4.0284000000e+00	4.0284000000e+00	0.0000000000e+00
4.0074000000e+00	4.0074000000e+00	0.0000000000e+00
3.9871000000e+00	3.9871000000e+00	0.0000000000e+00
4.0060000000e+00	4.0060000000e+00	0.0000000000e+00
4.0232000000e+00	4.0232000000e+00	0.0000000000e+00
4.0222000000e+00	4.0222000000e+00	0.0000000000e+00
4.0149000000e+00	4.0149000000e+00	0.0000000000e+00
4.0097000000e+00	4.0097000000e+00	0.0000000000e+00
4.0065000000e+00	4.0065000000e+00	0.0000000000e+00
4.0036000000e+00	4.0036000000e+00	0.0000000000e+00
3.9934000000e+00	3.9934000000e+00	0.0000000000e+00
4.0002000000e+00	4.0002000000e+00	0.0000000000e+00
3.9991000000e+00	3.9991000000e+00	0.0000000000e+00
3.9832000000e+00	3.9832000000e+00	0.0000000000e+00
3.9912000000e+00	3.9912000000e+00	0.0000000000e+00
3.9744000000e+00	3.9744000000e+00	0.0000000000e+00
3.9738000000e+00	3.9738000000e+00	0.0000000000e+00
3.9537000000e+00	3.9537000000e+00	0.0000000000e+00
3.9156000000e+00	3.9156000000e+00	0.0000000000e+00
3.7679000000e+00	3.7679000000e+00	0.0000000000e+00
3.5304000000e+00	3.5304000000e+00	0.0000000000e+00
3.3024000000e+00	3.3024000000e+00	0.0000000000e+00
3.1450000000e+00	3.1450000000e+00	0.0000000000e+00
3.0368000000e+00	3.0368000000e+00	0.0000000000e+00
2.9753000000e+00	2.9753000000e+00	0.0000000000e+00
2.9119000000e+00	2.9119000000e+00	0.0000000000e+00
2.8418000000e+00	2.8418000000e+00	0.0000000000e+00
2.7562000000e+00	2.7562000000e+00	0.0000000000e+00
2.6554000000e+00	2.6554000000e+00	0.0000000000e+00
2.5387000000e+00	2.5387000000e+00	0.0000000000e+00
2.4290000000e+00	2.4290000000e+00	0.0000000000e+00
2.3209000000e+00	2.3209000000e+00	0.0000000000e+00
2.2574000000e+00	2.2574000000e+00	0.0000000000e+00
2.1759000000e+00	2.1759000000e+00	0.0000000000e+00
2.0793000000e+00	2.0793000000e+00	0.0000000000e+00
2.0449000000e+00	2.0449000000e+00	0.0000000000e+00
2.0223000000e+00	2.0223000000e+00	0.0000000000e+00
1.9956000000e+00	1.9956000000e+00	0.0000000000e+00
1.9791000000e+00	1.9791000000e+00	0.0000000000e+00
1.9639000000e+00	1.9639000000e+00	0.0000000000e+00
1.9621000000e+00	1.9621000000e+00	0.0000000000e+00
1.9344000000e+00	1.9344000000e+00	0.0000000000e+00
1.9353000000e+00	1.9353000000e+00	0.0000000000e+00
1.9120000000e+00	1.9120000000e+00	0.0000000000e+00
1.8973000000e+00	1.8973000000e+00	0.0000000000e+00
1.8816000000e+00	1.8816000000e+00	0.0000000000e+00
1.8443000000e+00	1.8443000000e+00	0.0000000000e+00
1.8176000000e+00	1.8176000000e+00	0.0000000000e+00
1.7178000000e+00	1.7178000000e+00	0.0000000000e+00
1.6726000000e+00	1.6726000000e+00	0.0000000000e+00
1.6074000000e+00	1.6074000000e+00	0.0000000000e+00
1.5335000000e+00	1.5335000000e+00	0.0000000000e+00
1.5063000000e+00	1.5063000000e+00	0.0000000000e+00
1.4513000000e+00	1.4513000000e+00	0.0000000000e+00
1.4104000000e+00	1.4104000000e+00	0.0000000000e+00
1.4290000000e+00	1.4290000000e+00	0.0000000000e+00
1.5425000000e+00	1.5425000000e+00	0.0000000000e+00
1.5176000000e+00	1.5176000000e+00	0.0000000000e+00
1.6230000000e+00	1.6230000000e+00	0.0000000000e+00
1.4914000000e+00	1.4914000000e+00	0.0000000000e+00
1.6930000000e+00	1.6930000000e+00	0.0000000000e+00
2.2251000000e+00	2.2251000000e+00	0.0000000000e+00
2.3590000000e+00	2.3590000000e+00	0.0000000000e+00
2.7394000000e+00	2.7394000000e+00	0.0000000000e+00
2.9157000000e+00	2.9157000000e+00	0.0000000000e+00
2.9589000000e+00	2.9589000000e+00	0.0000000000e+00
2.9817000000e+00	2.9817000000e+00	0.0000000000e+00
2.9930000000e+00	2.9930000000e+00	0.0000000000e+00
2.9984000000e+00	2.9984000000e+00	0.0000000000e+00
3.0009000000e+00	3.0009000000e+00	0.0000000000e+00
3.0021000000e+00	3.0021000000e+00	0.0000000000e+00
3.0026000000e+00	3.0026000000e+00	0.0000000000e+00
3.0028000000e+00	3.0028000000e+00	0.0000000000e+00
3.0030000000e+00	3.0030000000e+00	0.0000000000e+00
3.0032000000e+00	3.0032000000e+00	0.0000000000e+00
3.0034000000e+00	3.0034000000e+00	0.0000000000e+00
3.0036000000e+00	3.0036000000e+00	0.0000000000e+00
3.0038000000e+00	3.0038000000e+00	0.0000000000e+00
3.0041000000e+00	3.0041000000e+00	0.0000000000e+00
3.0044000000e+00	3.0044000000e+00	0.0000000000e+00
3.0048000000e+00	3.0048000000e+00	0.0000000000e+00
3.0053000000e+00	3.0053000000e+00	0.0000000000e+00
4.6695000000e+00	4.6695000000e+00	0.0000000000e+00
4.6360000000e+00	4.6360000000e+00	0.0000000000e+00
4.6012000000e+00	4.6012000000e+00	0.0000000000e+00
4.5651000000e+00	4.5651000000e+00	0.0000000000e+00
4.5277000000e+00	4.5277000000e+00	0.0000000000e+00
4.4895000000e+00	4.4895000000e+00	0.0000000000e+00
4.4502000000e+00	4.4502000000e+00	0.0000000000e+00
4.4106000000e+00	4.4106000000e+00	0.0000000000e+00
4.3707000000e+00	4.3707000000e+00	0.0000000000e+00
4.3311000000e+00	4.3311000000e+00	0.0000000000e+00
4.2922000000e+00	4.2922000000e+00	0.0000000000e+00
4.2544000000e+00	4.2544000000e+00	0.0000000000e+00
4.2180000000e+00	4.2180000000e+00	0.0000000000e+00
4.1837000000e+00	4.1837000000e+00	0.0000000000e+00
4.1521000000e+00	4.1521000000e+00	0.0000000000e+00
4.1228000000e+00	4.1228000000e+00	0.0000000000e+00
4.0960000000e+00	4.0960000000e+00	0.0000000000e+00
4.0713000000e+00	4.0713000000e+00	0.0000000000e+00
4.0486000000e+00	4.0486000000e+00	0.0000000000e+00
4.0273000000e+00	4.0273000000e+00	0.0000000000e+00
4.0070000000e+00	4.0070000000e+00	0.0000000000e+00
3.9870000000e+00	3.9870000000e+00	0.0000000000e+00
3.9670000000e+00	3.9670000000e+00	0.0000000000e+00
4.0075000000e+00	4.0075000000e+00	0.0000000000e+00
4.0129000000e+00	4.0129000000e+00	0.0000000000e+00
4.0208000000e+00	4.0208000000e+00	0.0000000000e+00
4.0094000000e+00	4.0094000000e+00	0.0000000000e+00
4.0052000000e+00	4.0052000000e+00	0.0000000000e+00
4.0002000000e+00	4.0002000000e+00	0.0000000000e+00
4.0006000000e+00	4.0006000000e+00	0.0000000000e+00
3.9996000000e+00	3.9996000000e+00	0.0000000000e+00
3.9966000000e+00	3.9966000000e+00	0.0000000000e+00
3.9878000000e+00	3.9878000000e+00	0.0000000000e+00
3.9802000000e+00	3.9802000000e+00	0.0000000000e+00
3.9727000000e+00	3.9727000000e+00	0.0000000000e+00
3.9689000000e+00	3.9689000000e+00	0.0000000000e+00
3.9649000000e+00	3.9649000000e+00	0.0000000000e+00
3.9330000000e+00	3.9330000000e+00	0.0000000000e+00
3.8496000000e+00	3.8496000000e+00	0.0000000000e+00
3.7232000000e+00	3.7232000000e+00	0.0000000000e+00
3.4949000000e+00	3.4949000000e+00	0.0000000000e+00
3.2817000000e+00	3.2817000000e+00	0.0000000000e+00
3.1199000000e+00	3.1199000000e+00	0.0000000000e+00
3.0432000000e+00	3.0432000000e+00	0.0000000000e+00
2.9850000000e+00	2.9850000000e+00	0.0000000000e+00
2.9333000000e+00	2.9333000000e+00	0.0000000000e+00
2.8767000000e+00	2.8767000000e+00	0.0000000000e+00
2.8265000000e+00	2.8265000000e+00	0.0000000000e+00
2.7152000000e+00	2.7152000000e+00	0.0000000000e+00
2.6159000000e+00	2.6159000000e+00	0.0000000000e+00
2.5709000000e+00	2.5709000000e+00	0.0000000000e+00
2.4566000000e+00	2.4566000000e+00	0.0000000000e+00
2.3186000000e+00	2.3186000000e+00	0.0000000000e+00
2.2933000000e+00	2.2933000000e+00	0.0000000000e+00
2.1869000000e+00	2.1869000000e+00	0.0000000000e+00
2.1345000000e+00	2.1345000000e+00	0.0000000000e+00
2.0555000000e+00	2.0555000000e+00	0.0000000000e+00
2.0151000000e+00	2.0151000000e+00	0.0000000000e+00
1.9969000000e+00	1.9969000000e+00	0.0000000000e+00
1.9959000000e+00	1.9959000000e+00	0.0000000000e+00
1.9890000000e+00	1.9890000000e+00	0.0000000000e+00
1.9665000000e+00	1.9665000000e+00	0.0000000000e+00
1.9611000000e+00	1.9611000000e+00	0.0000000000e+00
1.9363000000e+00	1.9363000000e+00	0.0000000000e+00
1.9372000000e+00	1.9372000000e+00	0.0000000000e+00
1.9063000000e+00	1.9063000000e+00	0.0000000000e+00
1.8707000000e+00	1.8707000000e+00	0.0000000000e+00
1.8387000000e+00	1.8387000000e+00	0.0000000000e+00
1.7959000000e+00	1.7959000000e+00	0.0000000000e+00
1.7369000000e+00	1.7369000000e+00	0.0000000000e+00
1.6844000000e+00	1.6844000000e+00	0.0000000000e+00
1.6404000000e+00	1.6404000000e+00	0.0000000000e+00
1.6076000000e+00	1.6076000000e+00	0.0000000000e+00
1.5394000000e+00	1.5394000000e+00	0.0000000000e+00
1.5351000000e+00	1.5351000000e+00	0.0000000000e+00
1.5764000000e+00	1.5764000000e+00	0.0000000000e+00
1.5630000000e+00	1.5630000000e+00	0.0000000000e+00
1.5189000000e+00	1.5189000000e+00	0.0000000000e+00
1.4434000000e+00	1.4434000000e+00	0.0000000000e+00
1.6887000000e+00	1.6887000000e+00	0.0000000000e+00
2.0094000000e+00	2.0094000000e+00	0.0000000000e+00
2.2332000000e+00	2.2332000000e+00	0.0000000000e+00
2.6426000000e+00	2.6426000000e+00	0.0000000000e+00
2.6696000000e+00	2.6696000000e+00	0.0000000000e+00
2.8815000000e+00	2.8815000000e+00	0.0000000000e+00
2.9375000000e+00	2.9375000000e+00	0.0000000000e+00
2.9693000000e+00	2.9693000000e+00	0.0000000000e+00
2.9863000000e+00	2.9863000000e+00	0.0000000000e+00
2.9949000000e+00	2.9949000000e+00	0.0000000000e+00
2.9991000000e+00	2.9991000000e+00	0.0000000000e+00
3.0011000000e+00	3.0011000000e+00	0.0000000000e+00
3.0020000000e+00	3.0020000000e+00	0.0000000000e+00
3.0025000000e+00	3.0025000000e+00	0.0000000000e+00
3.0028000000e+00	3.0028000000e+00	0.0000000000e+00
3.0030000000e+00	3.0030000000e+00	0.0000000000e+00
3.0032000000e+00	3.0032000000e+00	0.0000000000e+00
3.0034000000e+00	3.0034000000e+00	0.0000000000e+00
3.0036000000e+00	3.0036000000e+00	0.0000000000e+00
3.0039000000e+00	3.0039000000e+00	0.0000000000e+00
3.0042000000e+00	3.0042000000e+00	0.0000000000e+00
3.0046000000e+00	3.0046000000e+00	0.0000000000e+00
4.6592000000e+00	4.6592000000e+00	0.0000000000e+00
4.6253000000e+00	4.6253000000e+00	0.0000000000e+00
4.5901000000e+00	4.5901000000e+00	0.0000000000e+00
4.5537000000e+00	4.5537000000e+00	0.0000000000e+00
4.5162000000e+00	4.5162000000e+00	0.0000000000e+00
4.4779000000e+00	4.4779000000e+00	0.0000000000e+00
4.4387000000e+00	4.4387000000e+00	0.0000000000e+00
4.3993000000e+00	4.3993000000e+00	0.0000000000e+00
4.3599000000e+00	4.3599000000e+00	0.0000000000e+00
4.3208000000e+00	4.3208000000e+00	0.0000000000e+00
4.2826000000e+00	4.2826000000e+00	0.0000000000e+00
4.2456000000e+00	4.2456000000e+00	0.0000000000e+00
4.2102000000e+00	4.2102000000e+00	0.0000000000e+00
4.1771000000e+00	4.1771000000e+00	0.0000000000e+00
4.1467000000e+00	4.1467000000e+00	0.0000000000e+00
4.1186000000e+00	4.1186000000e+00	0.0000000000e+00
4.0928000000e+00	4.0928000000e+00	0.0000000000e+00
4.0692000000e+00	4.0692000000e+00	0.0000000000e+00
4.0473000000e+00	4.0473000000e+00	0.0000000000e+00
4.0269000000e+00	4.0269000000e+00	0.0000000000e+00
4.0071000000e+00	4.0071000000e+00	0.0000000000e+00
3.9876000000e+00	3.9876000000e+00	0.0000000000e+00
3.9678000000e+00	3.9678000000e+00	0.0000000000e+00
4.0056000000e+00	4.0056000000e+00	0.0000000000e+00
4.0210000000e+00	4.0210000000e+00	0.0000000000e+00
4.0144000000e+00	4.0144000000e+00	0.0000000000e+00
4.0092000000e+00	4.0092000000e+00	0.0000000000e+00
4.0055000000e+00	4.0055000000e+00	0.0000000000e+00
4.0028000000e+00	4.0028000000e+00	0.0000000000e+00
3.9879000000e+00	3.9879000000e+00	0.0000000000e+00
3.9952000000e+00	3.9952000000e+00	0.0000000000e+00
3.9909000000e+00	3.9909000000e+00	0.0000000000e+00
3.9754000000e+00	3.9754000000e+00	0.0000000000e+00
3.9716000000e+00	3.9716000000e+00	0.0000000000e+00
3.9676000000e+00	3.9676000000e+00	0.0000000000e+00
3.9614000000e+00	3.9614000000e+00	0.0000000000e+00
3.9574000000e+00	3.9574000000e+00	0.0000000000e+00
3.9370000000e+00	3.9370000000e+00	0.0000000000e+00
3.8939000000e+00	3.8939000000e+00	0.0000000000e+00
3.8086000000e+00	3.8086000000e+00	0.0000000000e+00
3.6445000000e+00	3.6445000000e+00	0.0000000000e+00
3.4387000000e+00	3.4387000000e+00	0.0000000000e+00
3.2477000000e+00	3.2477000000e+00	0.0000000000e+00
3.1225000000e+00	3.1225000000e+00	0.0000000000e+00
3.0444000000e+00	3.0444000000e+00	0.0000000000e+00
3.0032000000e+00	3.0032000000e+00	0.0000000000e+00
2.9598000000e+00	2.9598000000e+00	0.0000000000e+00
2.9653000000e+00	2.9653000000e+00	0.0000000000e+00
2.8768000000e+00	2.8768000000e+00	0.0000000000e+00
2.8131000000e+00	2.8131000000e+00	0.0000000000e+00
2.7649000000e+00	2.7649000000e+00	0.0000000000e+00
2.6147000000e+00	2.6147000000e+00	0.0000000000e+00
2.5252000000e+00	2.5252000000e+00	0.0000000000e+00
2.4650000000e+00	2.4650000000e+00	0.0000000000e+00
2.3101000000e+00	2.3101000000e+00	0.0000000000e+00
2.2326000000e+00	2.2326000000e+00	0.0000000000e+00
2.1510000000e+00	2.1510000000e+00	0.0000000000e+00
2.0672000000e+00	2.0672000000e+00	0.0000000000e+00
2.0512000000e+00	2.0512000000e+00	0.0000000000e+00
2.0103000000e+00	2.0103000000e+00	0.0000000000e+00
2.0081000000e+00	2.0081000000e+00	0.0000000000e+00
1.9898000000e+00	1.9898000000e+00	0.0000000000e+00
1.9862000000e+00	1.9862000000e+00	0.0000000000e+00
1.9722000000e+00	1.9722000000e+00	0.0000000000e+00
1.9648000000e+00	1.9648000000e+00	0.0000000000e+00
1.9477000000e+00	1.9477000000e+00	0.0000000000e+00
1.9411000000e+00	1.9411000000e+00	0.0000000000e+00
1.9006000000e+00	1.9006000000e+00	0.0000000000e+00
1.8748000000e+00	1.8748000000e+00	0.0000000000e+00
1.8307000000e+00	1.8307000000e+00	0.0000000000e+00
1.7954000000e+00	1.7954000000e+00	0.0000000000e+00
1.7666000000e+00	1.7666000000e+00	0.0000000000e+00
1.7190000000e+00	1.7190000000e+00	0.0000000000e+00
1.6790000000e+00	1.6790000000e+00	0.0000000000e+00
1.6430000000e+00	1.6430000000e+00	0.0000000000e+00
1.6652000000e+00	1.6652000000e+00	0.0000000000e+00
1.6665000000e+00	1.6665000000e+00	0.0000000000e+00
1.6444000000e+00	1.6444000000e+00	0.0000000000e+00
1.5346000000e+00	1.5346000000e+00	0.0000000000e+00
1.5498000000e+00	1.5498000000e+00	0.0000000000e+00
1.6033000000e+00	1.6033000000e+00	0.0000000000e+00
1.9574000000e+00	1.9574000000e+00	0.0000000000e+00
2.1774000000e+00	2.1774000000e+00	0.0000000000e+00
2.5442000000e+00	2.5442000000e+00	0.0000000000e+00
2.7362000000e+00	2.7362000000e+00	0.0000000000e+00
2.8407000000e+00	2.8407000000e+00	0.0000000000e+00
2.9098000000e+00	2.9098000000e+00	0.0000000000e+00
2.9521000000e+00	2.9521000000e+00	0.0000000000e+00
2.9763000000e+00	2.9763000000e+00	0.0000000000e+00
2.9894000000e+00	2.9894000000e+00	0.0000000000e+00
2.9962000000e+00	2.9962000000e+00	0.0000000000e+00
2.9996000000e+00	2.9996000000e+00	0.0000000000e+00
3.0013000000e+00	3.0013000000e+00	0.0000000000e+00
3.0021000000e+00	3.0021000000e+00	0.0000000000e+00
3.0025000000e+00	3.0025000000e+00	0.0000000000e+00
3.0028000000e+00	3.0028000000e+00	0.0000000000e+00
3.0030000000e+00	3.0030000000e+00	0.0000000000e+00
3.0032000000e+00	3.0032000000e+00	0.0000000000e+00
3.0035000000e+00	3.0035000000e+00	0.0000000000e+00
3.0038000000e+00	3.0038000000e+00	0.0000000000e+00
3.0041000000e+00	3.0041000000e+00	0.0000000000e+00
4.6495000000e+00	4.6495000000e+00	0.0000000000e+00
4.6152000000e+00	4.6152000000e+00	0.0000000000e+00
4.5797000000e+00	4.5797000000e+00	0.0000000000e+00
4.5432000000e+00	4.5432000000e+00	0.0000000000e+00
4.5057000000e+00	4.5057000000e+00	0.0000000000e+00
4.4673000000e+00	4.4673000000e+00	0.0000000000e+00
4.4285000000e+00	4.4285000000e+00	0.0000000000e+00
4.3894000000e+00	4.3894000000e+00	0.0000000000e+00
4.3503000000e+00	4.3503000000e+00	0.0000000000e+00
4.3119000000e+00	4.3119000000e+00	0.0000000000e+00
4.2743000000e+00	4.2743000000e+00	0.0000000000e+00
4.2380000000e+00	4.2380000000e+00	0.0000000000e+00
4.2036000000e+00	4.2036000000e+00	0.0000000000e+00
4.1714000000e+00	4.1714000000e+00	0.0000000000e+00
4.1421000000e+00	4.1421000000e+00	0.0000000000e+00
4.1150000000e+00	4.1150000000e+00	0.0000000000e+00
4.0903000000e+00	4.0903000000e+00	0.0000000000e+00
4.0676000000e+00	4.0676000000e+00	0.0000000000e+00
4.0466000000e+00	4.0466000000e+00	0.0000000000e+00
4.0269000000e+00	4.0269000000e+00	0.0000000000e+00
4.0078000000e+00	4.0078000000e+00	0.0000000000e+00
3.9887000000e+00	3.9887000000e+00	0.0000000000e+00
3.9692000000e+00	3.9692000000e+00	0.0000000000e+00
3.9734000000e+00	3.9734000000e+00	0.0000000000e+00
4.0202000000e+00	4.0202000000e+00	0.0000000000e+00
4.0143000000e+00	4.0143000000e+00	0.0000000000e+00
4.0089000000e+00	4.0089000000e+00	0.0000000000e+00
4.0053000000e+00	4.0053000000e+00	0.0000000000e+00
4.0025000000e+00	4.0025000000e+00	0.0000000000e+00
4.0002000000e+00	4.0002000000e+00	0.0000000000e+00
3.9918000000e+00	3.9918000000e+00	0.0000000000e+00
3.9773000000e+00	3.9773000000e+00	0.0000000000e+00
3.9716000000e+00	3.9716000000e+00	0.0000000000e+00
3.9671000000e+00	3.9671000000e+00	0.0000000000e+00
3.9407000000e+00	3.9407000000e+00	0.0000000000e+00
3.9150000000e+00	3.9150000000e+00	0.0000000000e+00
3.9089000000e+00	3.9089000000e+00	0.0000000000e+00
3.9389000000e+00	3.9389000000e+00	0.0000000000e+00
3.8905000000e+00	3.8905000000e+00	0.0000000000e+00
3.8350000000e+00	3.8350000000e+00	0.0000000000e+00
3.7433000000e+00	3.7433000000e+00	0.0000000000e+00
3.5918000000e+00	3.5918000000e+00	0.0000000000e+00
3.3840000000e+00	3.3840000000e+00	0.0000000000e+00
3.2248000000e+00	3.2248000000e+00	0.0000000000e+00
3.1185000000e+00	3.1185000000e+00	0.0000000000e+00
3.0531000000e+00	3.0531000000e+00	0.0000000000e+00
3.0514000000e+00	3.0514000000e+00	0.0000000000e+00
2.9951000000e+00	2.9951000000e+00	0.0000000000e+00
2.9780000000e+00	2.9780000000e+00	0.0000000000e+00
2.9325000000e+00	2.9325000000e+00	0.0000000000e+00
2.8828000000e+00	2.8828000000e+00	0.0000000000e+00
2.7844000000e+00	2.7844000000e+00	0.0000000000e+00
2.7071000000e+00	2.7071000000e+00	0.0000000000e+00
2.6250000000e+00	2.6250000000e+00	0.0000000000e+00
2.4960000000e+00	2.4960000000e+00	0.0000000000e+00
2.3316000000e+00	2.3316000000e+00	0.0000000000e+00
2.2328000000e+00	2.2328000000e+00	0.0000000000e+00
2.1829000000e+00	2.1829000000e+00	0.0000000000e+00
2.1011000000e+00	2.1011000000e+00	0.0000000000e+00
2.0640000000e+00	2.0640000000e+00	0.0000000000e+00
2.0272000000e+00	2.0272000000e+00	0.0000000000e+00
2.0165000000e+00	2.0165000000e+00	0.0000000000e+00
2.0092000000e+00	2.0092000000e+00	0.0000000000e+00
1.9981000000e+00	1.9981000000e+00	0.0000000000e+00
1.9914000000e+00	1.9914000000e+00	0.0000000000e+00
1.9812000000e+00	1.9812000000e+00	0.0000000000e+00
1.9738000000e+00	1.9738000000e+00	0.0000000000e+00
1.9678000000e+00	1.9678000000e+00	0.0000000000e+00
1.9393000000e+00	1.9393000000e+00	0.0000000000e+00
1.9155000000e+00	1.9155000000e+00	0.0000000000e+00
1.8913000000e+00	1.8913000000e+00	0.0000000000e+00
1.8597000000e+00	1.8597000000e+00	0.0000000000e+00
1.8361000000e+00	1.8361000000e+00	0.0000000000e+00
1.8063000000e+00	1.8063000000e+00	0.0000000000e+00
1.7646000000e+00	1.7646000000e+00	0.0000000000e+00
1.7644000000e+00	1.7644000000e+00	0.0000000000e+00
1.7590000000e+00	1.7590000000e+00	0.0000000000e+00
1.7436000000e+00	1.7436000000e+00	0.0000000000e+00
1.6631000000e+00	1.6631000000e+00	0.0000000000e+00
1.6392000000e+00	1.6392000000e+00	0.0000000000e+00
1.6570000000e+00	1.6570000000e+00	0.0000000000e+00
1.7945000000e+00	1.7945000000e+00	0.0000000000e+00
1.9747000000e+00	1.9747000000e+00	0.0000000000e+00
2.2101000000e+00	2.2101000000e+00	0.0000000000e+00
2.4885000000e+00	2.4885000000e+00	0.0000000000e+00
2.6808000000e+00	2.6808000000e+00	0.0000000000e+00
2.7945000000e+00	2.7945000000e+00	0.0000000000e+00
2.8759000000e+00	2.8759000000e+00	0.0000000000e+00
2.9294000000e+00	2.9294000000e+00	0.0000000000e+00
2.9622000000e+00	2.9622000000e+00	0.0000000000e+00
2.9812000000e+00	2.9812000000e+00	0.0000000000e+00
2.9917000000e+00	2.9917000000e+00	0.0000000000e+00
2.9972000000e+00	2.9972000000e+00	0.0000000000e+00
3.0000000000e+00	3.0000000000e+00	0.0000000000e+00
3.0014000000e+00	3.0014000000e+00	0.0000000000e+00
3.0022000000e+00	3.0022000000e+00	0.0000000000e+00
3.0026000000e+00	3.0026000000e+00	0.0000000000e+00
3.0029000000e+00	3.0029000000e+00	0.0000000000e+00
3.0031000000e+00	3.0031000000e+00	0.0000000000e+00
3.0034000000e+00	3.0034000000e+00	0.0000000000e+00
3.0036000000e+00	3.0036000000e+00	0.0000000000e+00
4.6404000000e+00	4.6404000000e+00	0.0000000000e+00
4.6058000000e+00	4.6058000000e+00	0.0000000000e+00
4.5702000000e+00	4.5702000000e+00	0.0000000000e+00
4.5336000000e+00	4.5336000000e+00	0.0000000000e+00
4.4962000000e+00	4.4962000000e+00	0.0000000000e+00
4.4581000000e+00	4.4581000000e+00	0.0000000000e+00
4.4195000000e+00	4.4195000000e+00	0.0000000000e+00
4.3807000000e+00	4.3807000000e+00	0.0000000000e+00
4.3421000000e+00	4.3421000000e+00	0.0000000000e+00
4.3042000000e+00	4.3042000000e+00	0.0000000000e+00
4.2673000000e+00	4.2673000000e+00	0.0000000000e+00
4.2318000000e+00	4.2318000000e+00	0.0000000000e+00
4.1982000000e+00	4.1982000000e+00	0.0000000000e+00
4.1667000000e+00	4.1667000000e+00	0.0000000000e+00
4.1382000000e+00	4.1382000000e+00	0.0000000000e+00
4.1122000000e+00	4.1122000000e+00	0.0000000000e+00
4.0884000000e+00	4.0884000000e+00	0.0000000000e+00
4.0666000000e+00	4.0666000000e+00	0.0000000000e+00
4.0464000000e+00	4.0464000000e+00	0.0000000000e+00
4.0274000000e+00	4.0274000000e+00	0.0000000000e+00
4.0088000000e+00	4.0088000000e+00	0.0000000000e+00
3.9903000000e+00	3.9903000000e+00	0.0000000000e+00
3.9711000000e+00	3.9711000000e+00	0.0000000000e+00
3.9894000000e+00	3.9894000000e+00	0.0000000000e+00
4.0212000000e+00	4.0212000000e+00	0.0000000000e+00
4.0185000000e+00	4.0185000000e+00	0.0000000000e+00
4.0092000000e+00	4.0092000000e+00	0.0000000000e+00
3.9987000000e+00	3.9987000000e+00	0.0000000000e+00
3.9973000000e+00	3.9973000000e+00	0.0000000000e+00
3.9949000000e+00	3.9949000000e+00	0.0000000000e+00
3.9968000000e+00	3.9968000000e+00	0.0000000000e+00
3.9847000000e+00	3.9847000000e+00	0.0000000000e+00
3.9682000000e+00	3.9682000000e+00	0.0000000000e+00
3.9620000000e+00	3.9620000000e+00	0.0000000000e+00
3.9561000000e+00	3.9561000000e+00	0.0000000000e+00
3.9478000000e+00	3.9478000000e+00	0.0000000000e+00
3.8961000000e+00	3.8961000000e+00	0.0000000000e+00
3.9231000000e+00	3.9231000000e+00	0.0000000000e+00
3.8600000000e+00	3.8600000000e+00	0.0000000000e+00
3.8416000000e+00	3.8416000000e+00	0.0000000000e+00
3.7713000000e+00	3.7713000000e+00	0.0000000000e+00
3.6840000000e+00	3.6840000000e+00	0.0000000000e+00
3.5281000000e+00	3.5281000000e+00	0.0000000000e+00
3.3430000000e+00	3.3430000000e+00	0.0000000000e+00
3.2067000000e+00	3.2067000000e+00	0.0000000000e+00
3.1259000000e+00	3.1259000000e+00	0.0000000000e+00
3.0569000000e+00	3.0569000000e+00	0.0000000000e+00
3.0519000000e+00	3.0519000000e+00	0.0000000000e+00
3.0307000000e+00	3.0307000000e+00	0.0000000000e+00
2.9704000000e+00	2.9704000000e+00	0.0000000000e+00
2.9281000000e+00	2.9281000000e+00	0.0000000000e+00
2.9086000000e+00	2.9086000000e+00	0.0000000000e+00
2.8365000000e+00	2.8365000000e+00	0.0000000000e+00
2.7140000000e+00	2.7140000000e+00	0.0000000000e+00
2.6056000000e+00	2.6056000000e+00	0.0000000000e+00
2.5350000000e+00	2.5350000000e+00	0.0000000000e+00
2.4173000000e+00	2.4173000000e+00	0.0000000000e+00
2.3501000000e+00	2.3501000000e+00	0.0000000000e+00
2.2662000000e+00	2.2662000000e+00	0.0000000000e+00
2.1597000000e+00	2.1597000000e+00	0.0000000000e+00
2.0819000000e+00	2.0819000000e+00	0.0000000000e+00
2.0507000000e+00	2.0507000000e+00	0.0000000000e+00
2.0318000000e+00	2.0318000000e+00	0.0000000000e+00
2.0217000000e+00	2.0217000000e+00	0.0000000000e+00
2.0140000000e+00	2.0140000000e+00	0.0000000000e+00
2.0071000000e+00	2.0071000000e+00	0.0000000000e+00
1.9996000000e+00	1.9996000000e+00	0.0000000000e+00
1.9933000000e+00	1.9933000000e+00	0.0000000000e+00
1.9857000000e+00	1.9857000000e+00	0.0000000000e+00
1.9740000000e+00	1.9740000000e+00	0.0000000000e+00
1.9601000000e+00	1.9601000000e+00	0.0000000000e+00
1.9404000000e+00	1.9404000000e+00	0.0000000000e+00
1.9217000000e+00	1.9217000000e+00	0.0000000000e+00
1.9107000000e+00	1.9107000000e+00	0.0000000000e+00
1.8914000000e+00	1.8914000000e+00	0.0000000000e+00
1.8732000000e+00	1.8732000000e+00	0.0000000000e+00
1.8498000000e+00	1.8498000000e+00	0.0000000000e+00
1.8451000000e+00	1.8451000000e+00	0.0000000000e+00
1.7773000000e+00	1.7773000000e+00	0.0000000000e+00
1.7589000000e+00	1.7589000000e+00	0.0000000000e+00
1.7517000000e+00	1.7517000000e+00	0.0000000000e+00
1.8181000000e+00	1.8181000000e+00	0.0000000000e+00
2.0134000000e+00	2.0134000000e+00	0.0000000000e+00
2.1979000000e+00	2.1979000000e+00	0.0000000000e+00
2.3398000000e+00	2.3398000000e+00	0.0000000000e+00
2.4879000000e+00	2.4879000000e+00	0.0000000000e+00
2.6272000000e+00	2.6272000000e+00	0.0000000000e+00
2.7453000000e+00	2.7453000000e+00	0.0000000000e+00
2.8364000000e+00	2.8364000000e+00	0.0000000000e+00
2.9008000000e+00	2.9008000000e+00	0.0000000000e+00
2.9432000000e+00	2.9432000000e+00	0.0000000000e+00
2.9694000000e+00	2.9694000000e+00	0.0000000000e+00
2.9848000000e+00	2.9848000000e+00	0.0000000000e+00
2.9934000000e+00	2.9934000000e+00	0.0000000000e+00
2.9980000000e+00	2.9980000000e+00	0.0000000000e+00
3.0004000000e+00	3.0004000000e+00	0.0000000000e+00
3.0016000000e+00	3.0016000000e+00	0.0000000000e+00
3.0023000000e+00	3.0023000000e+00	0.0000000000e+00
3.0027000000e+00	3.0027000000e+00	0.0000000000e+00
3.0030000000e+00	3.0030000000e+00	0.0000000000e+00
3.0033000000e+00	3.0033000000e+00	0.0000000000e+00
4.6319000000e+00	4.6319000000e+00	0.0000000000e+00
4.5971000000e+00	4.5971000000e+00	0.0000000000e+00
4.5616000000e+00	4.5616000000e+00	0.0000000000e+00
4.5250000000e+00	4.5250000000e+00	0.0000000000e+00
4.4878000000e+00	4.4878000000e+00	0.0000000000e+00
4.4499000000e+00	4.4499000000e+00	0.0000000000e+00
4.4117000000e+00	4.4117000000e+00	0.0000000000e+00
4.3733000000e+00	4.3733000000e+00	0.0000000000e+00
4.3353000000e+00	4.3353000000e+00	0.0000000000e+00
4.2979000000e+00	4.2979000000e+00	0.0000000000e+00
4.2616000000e+00	4.2616000000e+00	0.0000000000e+00
4.2268000000e+00	4.2268000000e+00	0.0000000000e+00
4.1938000000e+00	4.1938000000e+00	0.0000000000e+00
4.1631000000e+00	4.1631000000e+00	0.0000000000e+00
4.1351000000e+00	4.1351000000e+00	0.0000000000e+00
4.1099000000e+00	4.1099000000e+00	0.0000000000e+00
4.0870000000e+00	4.0870000000e+00	0.0000000000e+00
4.0660000000e+00	4.0660000000e+00	0.0000000000e+00
4.0465000000e+00	4.0465000000e+00	0.0000000000e+00
4.0282000000e+00	4.0282000000e+00	0.0000000000e+00
4.0103000000e+00	4.0103000000e+00	0.0000000000e+00
3.9923000000e+00	3.9923000000e+00	0.0000000000e+00
4.0133000000e+00	4.0133000000e+00	0.0000000000e+00
4.0203000000e+00	4.0203000000e+00	0.0000000000e+00
4.0255000000e+00	4.0255000000e+00	0.0000000000e+00
4.0167000000e+00	4.0167000000e+00	0.0000000000e+00
4.0125000000e+00	4.0125000000e+00	0.0000000000e+00
4.0065000000e+00	4.0065000000e+00	0.0000000000e+00
4.0016000000e+00	4.0016000000e+00	0.0000000000e+00
3.9985000000e+00	3.9985000000e+00	0.0000000000e+00
3.9841000000e+00	3.9841000000e+00	0.0000000000e+00
3.9872000000e+00	3.9872000000e+00	0.0000000000e+00
3.9644000000e+00	3.9644000000e+00	0.0000000000e+00
3.9574000000e+00	3.9574000000e+00	0.0000000000e+00
3.9496000000e+00	3.9496000000e+00	0.0000000000e+00
3.9088000000e+00	3.9088000000e+00	0.0000000000e+00
3.8739000000e+00	3.8739000000e+00	0.0000000000e+00
3.8781000000e+00	3.8781000000e+00	0.0000000000e+00
3.8164000000e+00	3.8164000000e+00	0.0000000000e+00
3.8179000000e+00	3.8179000000e+00	0.0000000000e+00
3.7786000000e+00	3.7786000000e+00	0.0000000000e+00
3.7030000000e+00	3.7030000000e+00	0.0000000000e+00
3.6210000000e+00	3.6210000000e+00	0.0000000000e+00
3.5036000000e+00	3.5036000000e+00	0.0000000000e+00
3.3194000000e+00	3.3194000000e+00	0.0000000000e+00
3.1959000000e+00	3.1959000000e+00	0.0000000000e+00
3.1242000000e+00	3.1242000000e+00	0.0000000000e+00
3.0735000000e+00	3.0735000000e+00	0.0000000000e+00
3.1013000000e+00	3.1013000000e+00	0.0000000000e+00
3.0364000000e+00	3.0364000000e+00	0.0000000000e+00
2.9852000000e+00	2.9852000000e+00	0.0000000000e+00
2.9557000000e+00	2.9557000000e+00	0.0000000000e+00
2.8928000000e+00	2.8928000000e+00	0.0000000000e+00
2.8786000000e+00	2.8786000000e+00	0.0000000000e+00
2.8360000000e+00	2.8360000000e+00	0.0000000000e+00
2.7487000000e+00	2.7487000000e+00	0.0000000000e+00
2.6534000000e+00	2.6534000000e+00	0.0000000000e+00
2.5258000000e+00	2.5258000000e+00	0.0000000000e+00
2.3919000000e+00	2.3919000000e+00	0.0000000000e+00
2.3002000000e+00	2.3002000000e+00	0.0000000000e+00
2.2339000000e+00	2.2339000000e+00	0.0000000000e+00
2.1300000000e+00	2.1300000000e+00	0.0000000000e+00
2.0743000000e+00	2.0743000000e+00	0.0000000000e+00
2.0539000000e+00	2.0539000000e+00	0.0000000000e+00
2.0421000000e+00	2.0421000000e+00	0.0000000000e+00
2.0308000000e+00	2.0308000000e+00	0.0000000000e+00
2.0250000000e+00	2.0250000000e+00	0.0000000000e+00
2.0206000000e+00	2.0206000000e+00	0.0000000000e+00
2.0136000000e+00	2.0136000000e+00	0.0000000000e+00
2.0076000000e+00	2.0076000000e+00	0.0000000000e+00
2.0092000000e+00	2.0092000000e+00	0.0000000000e+00
1.9998000000e+00	1.9998000000e+00	0.0000000000e+00
1.9944000000e+00	1.9944000000e+00	0.0000000000e+00
1.9836000000e+00	1.9836000000e+00	0.0000000000e+00
1.9712000000e+00	1.9712000000e+00	0.0000000000e+00
1.9579000000e+00	1.9579000000e+00	0.0000000000e+00
1.9452000000e+00	1.9452000000e+00	0.0000000000e+00
1.9309000000e+00	1.9309000000e+00	0.0000000000e+00
1.9259000000e+00	1.9259000000e+00	0.0000000000e+00
1.8805000000e+00	1.8805000000e+00	0.0000000000e+00
1.9051000000e+00	1.9051000000e+00	0.0000000000e+00
1.8666000000e+00	1.8666000000e+00	0.0000000000e+00
2.0176000000e+00	2.0176000000e+00	0.0000000000e+00
2.0269000000e+00	2.0269000000e+00	0.0000000000e+00
2.2018000000e+00	2.2018000000e+00	0.0000000000e+00
2.3200000000e+00	2.3200000000e+00	0.0000000000e+00
2.4495000000e+00	2.4495000000e+00	0.0000000000e+00
2.5787000000e+00	2.5787000000e+00	0.0000000000e+00
2.6960000000e+00	2.6960000000e+00	0.0000000000e+00
2.7930000000e+00	2.7930000000e+00	0.0000000000e+00
2.8669000000e+00	2.8669000000e+00	0.0000000000e+00
2.9190000000e+00	2.9190000000e+00	0.0000000000e+00
2.9533000000e+00	2.9533000000e+00	0.0000000000e+00
2.9748000000e+00	2.9748000000e+00	0.0000000000e+00
2.9875000000e+00	2.9875000000e+00	0.0000000000e+00
2.9947000000e+00	2.9947000000e+00	0.0000000000e+00
2.9986000000e+00	2.9986000000e+00	0.0000000000e+00
3.0007000000e+00	3.0007000000e+00	0.0000000000e+00
3.0018000000e+00	3.0018000000e+00	0.0000000000e+00
3.0025000000e+00	3.0025000000e+00	0.0000000000e+00
3.0029000000e+00	3.0029000000e+00	0.0000000000e+00
4.6241000000e+00	4.6241000000e+00	0.0000000000e+00
4.5893000000e+00	4.5893000000e+00	0.0000000000e+00
4.5537000000e+00	4.5537000000e+00	0.0000000000e+00
4.5175000000e+00	4.5175000000e+00	0.0000000000e+00
4.4805000000e+00	4.4805000000e+00	0.0000000000e+00
4.4430000000e+00	4.4430000000e+00	0.0000000000e+00
4.4051000000e+00	4.4051000000e+00	0.0000000000e+00
4.3674000000e+00	4.3674000000e+00	0.0000000000e+00
4.3298000000e+00	4.3298000000e+00	0.0000000000e+00
4.2929000000e+00	4.2929000000e+00	0.0000000000e+00
4.2571000000e+00	4.2571000000e+00	0.0000000000e+00
4.2228000000e+00	4.2228000000e+00	0.0000000000e+00
4.1905000000e+00	4.1905000000e+00	0.0000000000e+00
4.1604000000e+00	4.1604000000e+00	0.0000000000e+00
4.1327000000e+00	4.1327000000e+00	0.0000000000e+00
4.1082000000e+00	4.1082000000e+00	0.0000000000e+00
4.0860000000e+00	4.0860000000e+00	0.0000000000e+00
4.0657000000e+00	4.0657000000e+00	0.0000000000e+00
4.0470000000e+00	4.0470000000e+00	0.0000000000e+00
4.0293000000e+00	4.0293000000e+00	0.0000000000e+00
4.0120000000e+00	4.0120000000e+00	0.0000000000e+00
4.0182000000e+00	4.0182000000e+00	0.0000000000e+00
4.0469000000e+00	4.0469000000e+00	0.0000000000e+00
4.0297000000e+00	4.0297000000e+00	0.0000000000e+00
4.0260000000e+00	4.0260000000e+00	0.0000000000e+00
4.0151000000e+00	4.0151000000e+00	0.0000000000e+00
4.0090000000e+00	4.0090000000e+00	0.0000000000e+00
4.0030000000e+00	4.0030000000e+00	0.0000000000e+00
3.9997000000e+00	3.9997000000e+00	0.0000000000e+00
3.9784000000e+00	3.9784000000e+00	0.0000000000e+00
3.9738000000e+00	3.9738000000e+00	0.0000000000e+00
3.9673000000e+00	3.9673000000e+00	0.0000000000e+00
3.9599000000e+00	3.9599000000e+00	0.0000000000e+00
3.9522000000e+00	3.9522000000e+00	0.0000000000e+00
3.9064000000e+00	3.9064000000e+00	0.0000000000e+00
3.9023000000e+00	3.9023000000e+00	0.0000000000e+00
3.8959000000e+00	3.8959000000e+00	0.0000000000e+00
3.8703000000e+00	3.8703000000e+00	0.0000000000e+00
3.8346000000e+00	3.8346000000e+00	0.0000000000e+00
3.8005000000e+00	3.8005000000e+00	0.0000000000e+00
3.7047000000e+00	3.7047000000e+00	0.0000000000e+00
3.6755000000e+00	3.6755000000e+00	0.0000000000e+00
3.6306000000e+00	3.6306000000e+00	0.0000000000e+00
3.6072000000e+00	3.6072000000e+00	0.0000000000e+00
3.4709000000e+00	3.4709000000e+00	0.0000000000e+00
3.3011000000e+00	3.3011000000e+00	0.0000000000e+00
3.2034000000e+00	3.2034000000e+00	0.0000000000e+00
3.1225000000e+00	3.1225000000e+00	0.0000000000e+00
3.0794000000e+00	3.0794000000e+00	0.0000000000e+00
3.0444000000e+00	3.0444000000e+00	0.0000000000e+00
3.0182000000e+00	3.0182000000e+00	0.0000000000e+00
2.9936000000e+00	2.9936000000e+00	0.0000000000e+00
2.9661000000e+00	2.9661000000e+00	0.0000000000e+00
2.9446000000e+00	2.9446000000e+00	0.0000000000e+00
2.9234000000e+00	2.9234000000e+00	0.0000000000e+00
2.8742000000e+00	2.8742000000e+00	0.0000000000e+00
2.7991000000e+00	2.7991000000e+00	0.0000000000e+00
2.7027000000e+00	2.7027000000e+00	0.0000000000e+00
2.5206000000e+00	2.5206000000e+00	0.0000000000e+00
2.4227000000e+00	2.4227000000e+00	0.0000000000e+00
2.4081000000e+00	2.4081000000e+00	0.0000000000e+00
2.2599000000e+00	2.2599000000e+00	0.0000000000e+00
2.1723000000e+00	2.1723000000e+00	0.0000000000e+00
2.1294000000e+00	2.1294000000e+00	0.0000000000e+00
2.1127000000e+00	2.1127000000e+00	0.0000000000e+00
2.0703000000e+00	2.0703000000e+00	0.0000000000e+00
2.0571000000e+00	2.0571000000e+00	0.0000000000e+00
2.0455000000e+00	2.0455000000e+00	0.0000000000e+00
2.0417000000e+00	2.0417000000e+00	0.0000000000e+00
2.0373000000e+00	2.0373000000e+00	0.0000000000e+00
2.0432000000e+00	2.0432000000e+00	0.0000000000e+00
2.0398000000e+00	2.0398000000e+00	0.0000000000e+00
2.0379000000e+00	2.0379000000e+00	0.0000000000e+00
2.0330000000e+00	2.0330000000e+00	0.0000000000e+00
2.0258000000e+00	2.0258000000e+00	0.0000000000e+00
2.0197000000e+00	2.0197000000e+00	0.0000000000e+00
2.0125000000e+00	2.0125000000e+00	0.0000000000e+00
2.0057000000e+00	2.0057000000e+00	0.0000000000e+00
2.0005000000e+00	2.0005000000e+00	0.0000000000e+00
1.9426000000e+00	1.9426000000e+00	0.0000000000e+00
2.0010000000e+00	2.0010000000e+00	0.0000000000e+00
1.9750000000e+00	1.9750000000e+00	0.0000000000e+00
1.9404000000e+00	1.9404000000e+00	0.0000000000e+00
2.0791000000e+00	2.0791000000e+00	0.0000000000e+00
2.1372000000e+00	2.1372000000e+00	0.0000000000e+00
2.2152000000e+00	2.2152000000e+00	0.0000000000e+00
2.3118000000e+00	2.3118000000e+00	0.0000000000e+00
2.4220000000e+00	2.4220000000e+00	0.0000000000e+00
2.5378000000e+00	2.5378000000e+00	0.0000000000e+00
2.6495000000e+00	2.6495000000e+00	0.0000000000e+00
2.7483000000e+00	2.7483000000e+00	0.0000000000e+00
2.8288000000e+00	2.8288000000e+00	0.0000000000e+00
2.8896000000e+00	2.8896000000e+00	0.0000000000e+00
2.9325000000e+00	2.9325000000e+00	0.0000000000e+00
2.9610000000e+00	2.9610000000e+00	0.0000000000e+00
2.9789000000e+00	2.9789000000e+00	0.0000000000e+00
2.9896000000e+00	2.9896000000e+00	0.0000000000e+00
2.9957000000e+00	2.9957000000e+00	0.0000000000e+00
2.9992000000e+00	2.9992000000e+00	0.0000000000e+00
3.0010000000e+00	3.0010000000e+00	0.0000000000e+00
3.0021000000e+00	3.0021000000e+00	0.0000000000e+00
4.6170000000e+00	4.6170000000e+00	0.0000000000e+00
4.5822000000e+00	4.5822000000e+00	0.0000000000e+00
4.5469000000e+00	4.5469000000e+00	0.0000000000e+00
4.5108000000e+00	4.5108000000e+00	0.0000000000e+00
4.4742000000e+00	4.4742000000e+00	0.0000000000e+00
4.4372000000e+00	4.4372000000e+00	0.0000000000e+00
4.3999000000e+00	4.3999000000e+00	0.0000000000e+00
4.3626000000e+00	4.3626000000e+00	0.0000000000e+00
4.3256000000e+00	4.3256000000e+00	0.0000000000e+00
4.2893000000e+00	4.2893000000e+00	0.0000000000e+00
4.2539000000e+00	4.2539000000e+00	0.0000000000e+00
4.2201000000e+00	4.2201000000e+00	0.0000000000e+00
4.1881000000e+00	4.1881000000e+00	0.0000000000e+00
4.1585000000e+00	4.1585000000e+00	0.0000000000e+00
4.1313000000e+00	4.1313000000e+00	0.0000000000e+00
4.1069000000e+00	4.1069000000e+00	0.0000000000e+00
4.0854000000e+00	4.0854000000e+00	0.0000000000e+00
4.0659000000e+00	4.0659000000e+00	0.0000000000e+00
4.0478000000e+00	4.0478000000e+00	0.0000000000e+00
4.0307000000e+00	4.0307000000e+00	0.0000000000e+00
4.0140000000e+00	4.0140000000e+00	0.0000000000e+00
4.0377000000e+00	4.0377000000e+00	0.0000000000e+00
4.0606000000e+00	4.0606000000e+00	0.0000000000e+00
4.0426000000e+00	4.0426000000e+00	0.0000000000e+00
4.0237000000e+00	4.0237000000e+00	0.0000000000e+00
4.0150000000e+00	4.0150000000e+00	0.0000000000e+00
4.0097000000e+00	4.0097000000e+00	0.0000000000e+00
3.9972000000e+00	3.9972000000e+00	0.0000000000e+00
3.9964000000e+00	3.9964000000e+00	0.0000000000e+00
3.9915000000e+00	3.9915000000e+00	0.0000000000e+00
3.9854000000e+00	3.9854000000e+00	0.0000000000e+00
3.9609000000e+00	3.9609000000e+00	0.0000000000e+00
3.9537000000e+00	3.9537000000e+00	0.0000000000e+00
3.9343000000e+00	3.9343000000e+00	0.0000000000e+00
3.9214000000e+00	3.9214000000e+00	0.0000000000e+00
3.8921000000e+00	3.8921000000e+00	0.0000000000e+00
3.8297000000e+00	3.8297000000e+00	0.0000000000e+00
3.8455000000e+00	3.8455000000e+00	0.0000000000e+00
3.8074000000e+00	3.8074000000e+00	0.0000000000e+00
3.7814000000e+00	3.7814000000e+00	0.0000000000e+00
3.6643000000e+00	3.6643000000e+00	0.0000000000e+00
3.6645000000e+00	3.6645000000e+00	0.0000000000e+00
3.6552000000e+00	3.6552000000e+00	0.0000000000e+00
3.5723000000e+00	3.5723000000e+00	0.0000000000e+00
3.5564000000e+00	3.5564000000e+00	0.0000000000e+00
3.4409000000e+00	3.4409000000e+00	0.0000000000e+00
3.3176000000e+00	3.3176000000e+00	0.0000000000e+00
3.1925000000e+00	3.1925000000e+00	0.0000000000e+00
3.1359000000e+00	3.1359000000e+00	0.0000000000e+00
3.0835000000e+00	3.0835000000e+00	0.0000000000e+00
3.0490000000e+00	3.0490000000e+00	0.0000000000e+00
3.0273000000e+00	3.0273000000e+00	0.0000000000e+00
3.0029000000e+00	3.0029000000e+00	0.0000000000e+00
2.9962000000e+00	2.9962000000e+00	0.0000000000e+00
2.9827000000e+00	2.9827000000e+00	0.0000000000e+00
2.9444000000e+00	2.9444000000e+00	0.0000000000e+00
2.8700000000e+00	2.8700000000e+00	0.0000000000e+00
2.7987000000e+00	2.7987000000e+00	0.0000000000e+00
2.6933000000e+00	2.6933000000e+00	0.0000000000e+00
2.6378000000e+00	2.6378000000e+00	0.0000000000e+00
2.5480000000e+00	2.5480000000e+00	0.0000000000e+00
2.3857000000e+00	2.3857000000e+00	0.0000000000e+00
2.2804000000e+00	2.2804000000e+00	0.0000000000e+00
2.2262000000e+00	2.2262000000e+00	0.0000000000e+00
2.2404000000e+00	2.2404000000e+00	0.0000000000e+00
2.1456000000e+00	2.1456000000e+00	0.0000000000e+00
2.1077000000e+00	2.1077000000e+00	0.0000000000e+00
2.0883000000e+00	2.0883000000e+00	0.0000000000e+00
2.0828000000e+00	2.0828000000e+00	0.0000000000e+00
2.0806000000e+00	2.0806000000e+00	0.0000000000e+00
2.0778000000e+00	2.0778000000e+00	0.0000000000e+00
2.0790000000e+00	2.0790000000e+00	0.0000000000e+00
2.0771000000e+00	2.0771000000e+00	0.0000000000e+00
2.0724000000e+00	2.0724000000e+00	0.0000000000e+00
2.0701000000e+00	2.0701000000e+00	0.0000000000e+00
2.0642000000e+00	2.0642000000e+00	0.0000000000e+00
2.0605000000e+00	2.0605000000e+00	0.0000000000e+00
2.0574000000e+00	2.0574000000e+00	0.0000000000e+00
2.0561000000e+00	2.0561000000e+00	0.0000000000e+00
2.0542000000e+00	2.0542000000e+00	0.0000000000e+00
2.0571000000e+00	2.0571000000e+00	0.0000000000e+00
2.0628000000e+00	2.0628000000e+00	0.0000000000e+00
2.0748000000e+00	2.0748000000e+00	0.0000000000e+00
2.0955000000e+00	2.0955000000e+00	0.0000000000e+00
2.1274000000e+00	2.1274000000e+00	0.0000000000e+00
2.1733000000e+00	2.1733000000e+00	0.0000000000e+00
2.2351000000e+00	2.2351000000e+00	0.0000000000e+00
2.3131000000e+00	2.3131000000e+00	0.0000000000e+00
2.4051000000e+00	2.4051000000e+00	0.0000000000e+00
2.5059000000e+00	2.5059000000e+00	0.0000000000e+00
2.6084000000e+00	2.6084000000e+00	0.0000000000e+00
2.7048000000e+00	2.7048000000e+00	0.0000000000e+00
2.7886000000e+00	2.7886000000e+00	0.0000000000e+00
2.8562000000e+00	2.8562000000e+00	0.0000000000e+00
2.9070000000e+00	2.9070000000e+00	0.0000000000e+00
2.9429000000e+00	2.9429000000e+00	0.0000000000e+00
2.9669000000e+00	2.9669000000e+00	0.0000000000e+00
2.9821000000e+00	2.9821000000e+00	0.0000000000e+00
2.9913000000e+00	2.9913000000e+00	0.0000000000e+00
2.9966000000e+00	2.9966000000e+00	0.0000000000e+00
2.9997000000e+00	2.9997000000e+00	0.0000000000e+00
4.6106000000e+00	4.6106000000e+00	0.0000000000e+00
4.5759000000e+00	4.5759000000e+00	0.0000000000e+00
4.5408000000e+00	4.5408000000e+00	0.0000000000e+00
4.5052000000e+00	4.5052000000e+00	0.0000000000e+00
4.4691000000e+00	4.4691000000e+00	0.0000000000e+00
4.4326000000e+00	4.4326000000e+00	0.0000000000e+00
4.3960000000e+00	4.3960000000e+00	0.0000000000e+00
4.3594000000e+00	4.3594000000e+00	0.0000000000e+00
4.3230000000e+00	4.3230000000e+00	0.0000000000e+00
4.2871000000e+00	4.2871000000e+00	0.0000000000e+00
4.2521000000e+00	4.2521000000e+00	0.0000000000e+00
4.2185000000e+00	4.2185000000e+00	0.0000000000e+00
4.1868000000e+00	4.1868000000e+00	0.0000000000e+00
4.1574000000e+00	4.1574000000e+00	0.0000000000e+00
4.1305000000e+00	4.1305000000e+00	0.0000000000e+00
4.1062000000e+00	4.1062000000e+00	0.0000000000e+00
4.0853000000e+00	4.0853000000e+00	0.0000000000e+00
4.0663000000e+00	4.0663000000e+00	0.0000000000e+00
4.0488000000e+00	4.0488000000e+00	0.0000000000e+00
4.0323000000e+00	4.0323000000e+00	0.0000000000e+00
4.0162000000e+00	4.0162000000e+00	0.0000000000e+00
4.0445000000e+00	4.0445000000e+00	0.0000000000e+00
4.0501000000e+00	4.0501000000e+00	0.0000000000e+00
4.0467000000e+00	4.0467000000e+00	0.0000000000e+00
4.0280000000e+00	4.0280000000e+00	0.0000000000e+00
4.0155000000e+00	4.0155000000e+00	0.0000000000e+00
4.0099000000e+00	4.0099000000e+00	0.0000000000e+00
4.0040000000e+00	4.0040000000e+00	0.0000000000e+00
3.9807000000e+00	3.9807000000e+00	0.0000000000e+00
3.9892000000e+00	3.9892000000e+00	0.0000000000e+00
3.9763000000e+00	3.9763000000e+00	0.0000000000e+00
3.9750000000e+00	3.9750000000e+00	0.0000000000e+00
3.9508000000e+00	3.9508000000e+00	0.0000000000e+00
3.8906000000e+00	3.8906000000e+00	0.0000000000e+00
3.9233000000e+00	3.9233000000e+00	0.0000000000e+00
3.8592000000e+00	3.8592000000e+00	0.0000000000e+00
3.8454000000e+00	3.8454000000e+00	0.0000000000e+00
3.8182000000e+00	3.8182000000e+00	0.0000000000e+00
3.7934000000e+00	3.7934000000e+00	0.0000000000e+00
3.7572000000e+00	3.7572000000e+00	0.0000000000e+00
3.7341000000e+00	3.7341000000e+00	0.0000000000e+00
3.6224000000e+00	3.6224000000e+00	0.0000000000e+00
3.6087000000e+00	3.6087000000e+00	0.0000000000e+00
3.6115000000e+00	3.6115000000e+00	0.0000000000e+00
3.5589000000e+00	3.5589000000e+00	0.0000000000e+00
3.5155000000e+00	3.5155000000e+00	0.0000000000e+00
3.3901000000e+00	3.3901000000e+00	0.0000000000e+00
3.3168000000e+00	3.3168000000e+00	0.0000000000e+00
3.2151000000e+00	3.2151000000e+00	0.0000000000e+00
3.1440000000e+00	3.1440000000e+00	0.0000000000e+00
3.0925000000e+00	3.0925000000e+00	0.0000000000e+00
3.0561000000e+00	3.0561000000e+00	0.0000000000e+00
3.0343000000e+00	3.0343000000e+00	0.0000000000e+00
3.0138000000e+00	3.0138000000e+00	0.0000000000e+00
3.0056000000e+00	3.0056000000e+00	0.0000000000e+00
2.9761000000e+00	2.9761000000e+00	0.0000000000e+00
2.9546000000e+00	2.9546000000e+00	0.0000000000e+00
2.8976000000e+00	2.8976000000e+00	0.0000000000e+00
2.8207000000e+00	2.8207000000e+00	0.0000000000e+00
2.7608000000e+00	2.7608000000e+00	0.0000000000e+00
2.7211000000e+00	2.7211000000e+00	0.0000000000e+00
2.5313000000e+00	2.5313000000e+00	0.0000000000e+00
2.4641000000e+00	2.4641000000e+00	0.0000000000e+00
2.3662000000e+00	2.3662000000e+00	0.0000000000e+00
2.3444000000e+00	2.3444000000e+00	0.0000000000e+00
2.2639000000e+00	2.2639000000e+00	0.0000000000e+00
2.1811000000e+00	2.1811000000e+00	0.0000000000e+00
2.1447000000e+00	2.1447000000e+00	0.0000000000e+00
2.1527000000e+00	2.1527000000e+00	0.0000000000e+00
2.1414000000e+00	2.1414000000e+00	0.0000000000e+00
2.1309000000e+00	2.1309000000e+00	0.0000000000e+00
2.1225000000e+00	2.1225000000e+00	0.0000000000e+00
2.1154000000e+00	2.1154000000e+00	0.0000000000e+00
2.1171000000e+00	2.1171000000e+00	0.0000000000e+00
2.0993000000e+00	2.0993000000e+00	0.0000000000e+00
2.1075000000e+00	2.1075000000e+00	0.0000000000e+00
2.0983000000e+00	2.0983000000e+00	0.0000000000e+00
2.1011000000e+00	2.1011000000e+00	0.0000000000e+00
2.0651000000e+00	2.0651000000e+00	0.0000000000e+00
2.0974000000e+00	2.0974000000e+00	0.0000000000e+00
2.0995000000e+00	2.0995000000e+00	0.0000000000e+00
2.1048000000e+00	2.1048000000e+00	0.0000000000e+00
2.1131000000e+00	2.1131000000e+00	0.0000000000e+00
2.1258000000e+00	2.1258000000e+00	0.0000000000e+00
2.1445000000e+00	2.1445000000e+00	0.0000000000e+00
2.1714000000e+00	2.1714000000e+00	0.0000000000e+00
2.2087000000e+00	2.2087000000e+00	0.0000000000e+00
2.2584000000e+00	2.2584000000e+00	0.0000000000e+00
2.3214000000e+00	2.3214000000e+00	0.0000000000e+00
2.3972000000e+00	2.3972000000e+00	0.0000000000e+00
2.4832000000e+00	2.4832000000e+00	0.0000000000e+00
2.5745000000e+00	2.5745000000e+00	0.0000000000e+00
2.6650000000e+00	2.6650000000e+00	0.0000000000e+00
2.7485000000e+00	2.7485000000e+00	0.0000000000e+00
2.8201000000e+00	2.8201000000e+00	0.0000000000e+00
2.8775000000e+00	2.8775000000e+00	0.0000000000e+00
2.9206000000e+00	2.9206000000e+00	0.0000000000e+00
2.9511000000e+00	2.9511000000e+00	0.0000000000e+00
2.9716000000e+00	2.9716000000e+00	0.0000000000e+00
2.9847000000e+00	2.9847000000e+00	0.0000000000e+00
2.9927000000e+00	2.9927000000e+00	0.0000000000e+00
4.6048000000e+00	4.6048000000e+00	0.0000000000e+00
4.5702000000e+00	4.5702000000e+00	0.0000000000e+00
4.5356000000e+00	4.5356000000e+00	0.0000000000e+00
4.5005000000e+00	4.5005000000e+00	0.0000000000e+00
4.4651000000e+00	4.4651000000e+00	0.0000000000e+00
4.4293000000e+00	4.4293000000e+00	0.0000000000e+00
4.3934000000e+00	4.3934000000e+00	0.0000000000e+00
4.3576000000e+00	4.3576000000e+00	0.0000000000e+00
4.3218000000e+00	4.3218000000e+00	0.0000000000e+00
4.2865000000e+00	4.2865000000e+00	0.0000000000e+00
4.2519000000e+00	4.2519000000e+00	0.0000000000e+00
4.2184000000e+00	4.2184000000e+00	0.0000000000e+00
4.1867000000e+00	4.1867000000e+00	0.0000000000e+00
4.1572000000e+00	4.1572000000e+00	0.0000000000e+00
4.1303000000e+00	4.1303000000e+00	0.0000000000e+00
4.1063000000e+00	4.1063000000e+00	0.0000000000e+00
4.0854000000e+00	4.0854000000e+00	0.0000000000e+00
4.0670000000e+00	4.0670000000e+00	0.0000000000e+00
4.0500000000e+00	4.0500000000e+00	0.0000000000e+00
4.0340000000e+00	4.0340000000e+00	0.0000000000e+00
4.0360000000e+00	4.0360000000e+00	0.0000000000e+00
4.0330000000e+00	4.0330000000e+00	0.0000000000e+00
4.0494000000e+00	4.0494000000e+00	0.0000000000e+00
4.0585000000e+00	4.0585000000e+00	0.0000000000e+00
4.0375000000e+00	4.0375000000e+00	0.0000000000e+00
4.0163000000e+00	4.0163000000e+00	0.0000000000e+00
4.0104000000e+00	4.0104000000e+00	0.0000000000e+00
4.0051000000e+00	4.0051000000e+00	0.0000000000e+00
3.9952000000e+00	3.9952000000e+00	0.0000000000e+00
3.9859000000e+00	3.9859000000e+00	0.0000000000e+00
3.9663000000e+00	3.9663000000e+00	0.0000000000e+00
3.9576000000e+00	3.9576000000e+00	0.0000000000e+00
3.9424000000e+00	3.9424000000e+00	0.0000000000e+00
3.8897000000e+00	3.8897000000e+00	0.0000000000e+00
3.9041000000e+00	3.9041000000e+00	0.0000000000e+00
3.8559000000e+00	3.8559000000e+00	0.0000000000e+00
3.8243000000e+00	3.8243000000e+00	0.0000000000e+00
3.8144000000e+00	3.8144000000e+00	0.0000000000e+00
3.7009000000e+00	3.7009000000e+00	0.0000000000e+00
3.6729000000e+00	3.6729000000e+00	0.0000000000e+00
3.7114000000e+00	3.7114000000e+00	0.0000000000e+00
3.6963000000e+00	3.6963000000e+00	0.0000000000e+00
3.6509000000e+00	3.6509000000e+00	0.0000000000e+00
3.5924000000e+00	3.5924000000e+00	0.0000000000e+00
3.5352000000e+00	3.5352000000e+00	0.0000000000e+00
3.4895000000e+00	3.4895000000e+00	0.0000000000e+00
3.4030000000e+00	3.4030000000e+00	0.0000000000e+00
3.4038000000e+00	3.4038000000e+00	0.0000000000e+00
3.3125000000e+00	3.3125000000e+00	0.0000000000e+00
3.2243000000e+00	3.2243000000e+00	0.0000000000e+00
3.1561000000e+00	3.1561000000e+00	0.0000000000e+00
3.1005000000e+00	3.1005000000e+00	0.0000000000e+00
3.0643000000e+00	3.0643000000e+00	0.0000000000e+00
3.0387000000e+00	3.0387000000e+00	0.0000000000e+00
3.0219000000e+00	3.0219000000e+00	0.0000000000e+00
3.0038000000e+00	3.0038000000e+00	0.0000000000e+00
2.9889000000e+00	2.9889000000e+00	0.0000000000e+00
2.9659000000e+00	2.9659000000e+00	0.0000000000e+00
2.9376000000e+00	2.9376000000e+00	0.0000000000e+00
2.8484000000e+00	2.8484000000e+00	0.0000000000e+00
2.8112000000e+00	2.8112000000e+00	0.0000000000e+00
2.7263000000e+00	2.7263000000e+00	0.0000000000e+00
2.5746000000e+00	2.5746000000e+00	0.0000000000e+00
2.5601000000e+00	2.5601000000e+00	0.0000000000e+00
2.5030000000e+00	2.5030000000e+00	0.0000000000e+00
2.3430000000e+00	2.3430000000e+00	0.0000000000e+00
2.2797000000e+00	2.2797000000e+00	0.0000000000e+00
2.2422000000e+00	2.2422000000e+00	0.0000000000e+00
2.2163000000e+00	2.2163000000e+00	0.0000000000e+00
2.2082000000e+00	2.2082000000e+00	0.0000000000e+00
2.2027000000e+00	2.2027000000e+00	0.0000000000e+00
2.1994000000e+00	2.1994000000e+00	0.0000000000e+00
2.1901000000e+00	2.1901000000e+00	0.0000000000e+00
2.1809000000e+00	2.1809000000e+00	0.0000000000e+00
2.1659000000e+00	2.1659000000e+00	0.0000000000e+00
2.1457000000e+00	2.1457000000e+00	0.0000000000e+00
2.1380000000e+00	2.1380000000e+00	0.0000000000e+00
2.1329000000e+00	2.1329000000e+00	0.0000000000e+00
2.1305000000e+00	2.1305000000e+00	0.0000000000e+00
2.1294000000e+00	2.1294000000e+00	0.0000000000e+00
2.1321000000e+00	2.1321000000e+00	0.0000000000e+00
2.1370000000e+00	2.1370000000e+00	0.0000000000e+00
2.1443000000e+00	2.1443000000e+00	0.0000000000e+00
2.1543000000e+00	2.1543000000e+00	0.0000000000e+00
2.1677000000e+00	2.1677000000e+00	0.0000000000e+00
2.1856000000e+00	2.1856000000e+00	0.0000000000e+00
2.2096000000e+00	2.2096000000e+00	0.0000000000e+00
2.2411000000e+00	2.2411000000e+00	0.0000000000e+00
2.2820000000e+00	2.2820000000e+00	0.0000000000e+00
2.3336000000e+00	2.3336000000e+00	0.0000000000e+00
2.3961000000e+00	2.3961000000e+00	0.0000000000e+00
2.4685000000e+00	2.4685000000e+00	0.0000000000e+00
2.5482000000e+00	2.5482000000e+00	0.0000000000e+00
2.6306000000e+00	2.6306000000e+00	0.0000000000e+00
2.7106000000e+00	2.7106000000e+00	0.0000000000e+00
2.7833000000e+00	2.7833000000e+00	0.0000000000e+00
2.8451000000e+00	2.8451000000e+00	0.0000000000e+00
2.8944000000e+00	2.8944000000e+00	0.0000000000e+00
2.9314000000e+00	2.9314000000e+00	0.0000000000e+00
2.9577000000e+00	2.9577000000e+00	0.0000000000e+00
2.9754000000e+00	2.9754000000e+00	0.0000000000e+00
4.5994000000e+00	4.5994000000e+00	0.0000000000e+00
4.5652000000e+00	4.5652000000e+00	0.0000000000e+00
4.5310000000e+00	4.5310000000e+00	0.0000000000e+00
4.4966000000e+00	4.4966000000e+00	0.0000000000e+00
4.4619000000e+00	4.4619000000e+00	0.0000000000e+00
4.4271000000e+00	4.4271000000e+00	0.0000000000e+00
4.3922000000e+00	4.3922000000e+00	0.0000000000e+00
4.3571000000e+00	4.3571000000e+00	0.0000000000e+00
4.3222000000e+00	4.3222000000e+00	0.0000000000e+00
4.2875000000e+00	4.2875000000e+00	0.0000000000e+00
4.2534000000e+00	4.2534000000e+00	0.0000000000e+00
4.2200000000e+00	4.2200000000e+00	0.0000000000e+00
4.1880000000e+00	4.1880000000e+00	0.0000000000e+00
4.1582000000e+00	4.1582000000e+00	0.0000000000e+00
4.1310000000e+00	4.1310000000e+00	0.0000000000e+00
4.1068000000e+00	4.1068000000e+00	0.0000000000e+00
4.0858000000e+00	4.0858000000e+00	0.0000000000e+00
4.0679000000e+00	4.0679000000e+00	0.0000000000e+00
4.0514000000e+00	4.0514000000e+00	0.0000000000e+00
4.0359000000e+00	4.0359000000e+00	0.0000000000e+00
4.0448000000e+00	4.0448000000e+00	0.0000000000e+00
4.0411000000e+00	4.0411000000e+00	0.0000000000e+00
4.0330000000e+00	4.0330000000e+00	0.0000000000e+00
4.0495000000e+00	4.0495000000e+00	0.0000000000e+00
4.0410000000e+00	4.0410000000e+00	0.0000000000e+00
4.0273000000e+00	4.0273000000e+00	0.0000000000e+00
4.0107000000e+00	4.0107000000e+00	0.0000000000e+00
3.9917000000e+00	3.9917000000e+00	0.0000000000e+00
3.9958000000e+00	3.9958000000e+00	0.0000000000e+00
3.9733000000e+00	3.9733000000e+00	0.0000000000e+00
3.9638000000e+00	3.9638000000e+00	0.0000000000e+00
3.9553000000e+00	3.9553000000e+00	0.0000000000e+00
3.9449000000e+00	3.9449000000e+00	0.0000000000e+00
3.9179000000e+00	3.9179000000e+00	0.0000000000e+00
3.8518000000e+00	3.8518000000e+00	0.0000000000e+00
3.8740000000e+00	3.8740000000e+00	0.0000000000e+00
3.8111000000e+00	3.8111000000e+00	0.0000000000e+00
3.7853000000e+00	3.7853000000e+00	0.0000000000e+00
3.7585000000e+00	3.7585000000e+00	0.0000000000e+00
3.7059000000e+00	3.7059000000e+00	0.0000000000e+00
3.6140000000e+00	3.6140000000e+00	0.0000000000e+00
3.6015000000e+00	3.6015000000e+00	0.0000000000e+00
3.5499000000e+00	3.5499000000e+00	0.0000000000e+00
3.5203000000e+00	3.5203000000e+00	0.0000000000e+00
3.5396000000e+00	3.5396000000e+00	0.0000000000e+00
3.4545000000e+00	3.4545000000e+00	0.0000000000e+00
3.4515000000e+00	3.4515000000e+00	0.0000000000e+00
3.5745000000e+00	3.5745000000e+00	0.0000000000e+00
3.4748000000e+00	3.4748000000e+00	0.0000000000e+00
3.3000000000e+00	3.3000000000e+00	0.0000000000e+00
3.2486000000e+00	3.2486000000e+00	0.0000000000e+00
3.1694000000e+00	3.1694000000e+00	0.0000000000e+00
3.1079000000e+00	3.1079000000e+00	0.0000000000e+00
3.0656000000e+00	3.0656000000e+00	0.0000000000e+00
3.0502000000e+00	3.0502000000e+00	0.0000000000e+00
3.0391000000e+00	3.0391000000e+00	0.0000000000e+00
3.0116000000e+00	3.0116000000e+00	0.0000000000e+00
2.9935000000e+00	2.9935000000e+00	0.0000000000e+00
2.9836000000e+00	2.9836000000e+00	0.0000000000e+00
2.9543000000e+00	2.9543000000e+00	0.0000000000e+00
2.8791000000e+00	2.8791000000e+00	0.0000000000e+00
2.8406000000e+00	2.8406000000e+00	0.0000000000e+00
2.6992000000e+00	2.6992000000e+00	0.0000000000e+00
2.6962000000e+00	2.6962000000e+00	0.0000000000e+00
2.6071000000e+00	2.6071000000e+00	0.0000000000e+00
2.5333000000e+00	2.5333000000e+00	0.0000000000e+00
2.3908000000e+00	2.3908000000e+00	0.0000000000e+00
2.3590000000e+00	2.3590000000e+00	0.0000000000e+00
2.3408000000e+00	2.3408000000e+00	0.0000000000e+00
2.3075000000e+00	2.3075000000e+00	0.0000000000e+00
2.2888000000e+00	2.2888000000e+00	0.0000000000e+00
2.2915000000e+00	2.2915000000e+00	0.0000000000e+00
2.2864000000e+00	2.2864000000e+00	0.0000000000e+00
2.2485000000e+00	2.2485000000e+00	0.0000000000e+00
2.2484000000e+00	2.2484000000e+00	0.0000000000e+00
2.2058000000e+00	2.2058000000e+00	0.0000000000e+00
2.2140000000e+00	2.2140000000e+00	0.0000000000e+00
2.1769000000e+00	2.1769000000e+00	0.0000000000e+00
2.1692000000e+00	2.1692000000e+00	0.0000000000e+00
2.1634000000e+00	2.1634000000e+00	0.0000000000e+00
2.1626000000e+00	2.1626000000e+00	0.0000000000e+00
2.1648000000e+00	2.1648000000e+00	0.0000000000e+00
2.1698000000e+00	2.1698000000e+00	0.0000000000e+00
2.1776000000e+00	2.1776000000e+00	0.0000000000e+00
2.1881000000e+00	2.1881000000e+00	0.0000000000e+00
2.2018000000e+00	2.2018000000e+00	0.0000000000e+00
2.2192000000e+00	2.2192000000e+00	0.0000000000e+00
2.2413000000e+00	2.2413000000e+00	0.0000000000e+00
2.2691000000e+00	2.2691000000e+00	0.0000000000e+00
2.3040000000e+00	2.3040000000e+00	0.0000000000e+00
2.3471000000e+00	2.3471000000e+00	0.0000000000e+00
2.3992000000e+00	2.3992000000e+00	0.0000000000e+00
2.4603000000e+00	2.4603000000e+00	0.0000000000e+00
2.5289000000e+00	2.5289000000e+00	0.0000000000e+00
2.6023000000e+00	2.6023000000e+00	0.0000000000e+00
2.6767000000e+00	2.6767000000e+00	0.0000000000e+00
2.7477000000e+00	2.7477000000e+00	0.0000000000e+00
2.8115000000e+00	2.8115000000e+00	0.0000000000e+00
2.8653000000e+00	2.8653000000e+00	0.0000000000e+00
2.9080000000e+00	2.9080000000e+00	0.0000000000e+00
2.9402000000e+00	2.9402000000e+00	0.0000000000e+00
4.5946000000e+00	4.5946000000e+00	0.0000000000e+00
4.5607000000e+00	4.5607000000e+00	0.0000000000e+00
4.5271000000e+00	4.5271000000e+00	0.0000000000e+00
4.4934000000e+00	4.4934000000e+00	0.0000000000e+00
4.4597000000e+00	4.4597000000e+00	0.0000000000e+00
4.4258000000e+00	4.4258000000e+00	0.0000000000e+00
4.3920000000e+00	4.3920000000e+00	0.0000000000e+00
4.3581000000e+00	4.3581000000e+00	0.0000000000e+00
4.3244000000e+00	4.3244000000e+00	0.0000000000e+00
4.2906000000e+00	4.2906000000e+00	0.0000000000e+00
4.2570000000e+00	4.2570000000e+00	0.0000000000e+00
4.2238000000e+00	4.2238000000e+00	0.0000000000e+00
4.1915000000e+00	4.1915000000e+00	0.0000000000e+00
4.1610000000e+00	4.1610000000e+00	0.0000000000e+00
4.1329000000e+00	4.1329000000e+00	0.0000000000e+00
4.1080000000e+00	4.1080000000e+00	0.0000000000e+00
4.0865000000e+00	4.0865000000e+00	0.0000000000e+00
4.0690000000e+00	4.0690000000e+00	0.0000000000e+00
4.0530000000e+00	4.0530000000e+00	0.0000000000e+00
4.0380000000e+00	4.0380000000e+00	0.0000000000e+00
4.0486000000e+00	4.0486000000e+00	0.0000000000e+00
4.0624000000e+00	4.0624000000e+00	0.0000000000e+00
4.0784000000e+00	4.0784000000e+00	0.0000000000e+00
4.0620000000e+00	4.0620000000e+00	0.0000000000e+00
4.0369000000e+00	4.0369000000e+00	0.0000000000e+00
4.0182000000e+00	4.0182000000e+00	0.0000000000e+00
4.0114000000e+00	4.0114000000e+00	0.0000000000e+00
4.0057000000e+00	4.0057000000e+00	0.0000000000e+00
3.9823000000e+00	3.9823000000e+00	0.0000000000e+00
3.9730000000e+00	3.9730000000e+00	0.0000000000e+00
3.9628000000e+00	3.9628000000e+00	0.0000000000e+00
3.9423000000e+00	3.9423000000e+00	0.0000000000e+00
3.9008000000e+00	3.9008000000e+00	0.0000000000e+00
3.9279000000e+00	3.9279000000e+00	0.0000000000e+00
3.8703000000e+00	3.8703000000e+00	0.0000000000e+00
3.8289000000e+00	3.8289000000e+00	0.0000000000e+00
3.8223000000e+00	3.8223000000e+00	0.0000000000e+00
3.7776000000e+00	3.7776000000e+00	0.0000000000e+00
3.7505000000e+00	3.7505000000e+00	0.0000000000e+00
3.7262000000e+00	3.7262000000e+00	0.0000000000e+00
3.6952000000e+00	3.6952000000e+00	0.0000000000e+00
3.6525000000e+00	3.6525000000e+00	0.0000000000e+00
3.5837000000e+00	3.5837000000e+00	0.0000000000e+00
3.5109000000e+00	3.5109000000e+00	0.0000000000e+00
3.5020000000e+00	3.5020000000e+00	0.0000000000e+00
3.4446000000e+00	3.4446000000e+00	0.0000000000e+00
3.4647000000e+00	3.4647000000e+00	0.0000000000e+00
3.4645000000e+00	3.4645000000e+00	0.0000000000e+00
3.4044000000e+00	3.4044000000e+00	0.0000000000e+00
3.2911000000e+00	3.2911000000e+00	0.0000000000e+00
3.3021000000e+00	3.3021000000e+00	0.0000000000e+00
3.2225000000e+00	3.2225000000e+00	0.0000000000e+00
3.1528000000e+00	3.1528000000e+00	0.0000000000e+00
3.0960000000e+00	3.0960000000e+00	0.0000000000e+00
3.0857000000e+00	3.0857000000e+00	0.0000000000e+00
3.0549000000e+00	3.0549000000e+00	0.0000000000e+00
3.0338000000e+00	3.0338000000e+00	0.0000000000e+00
3.0183000000e+00	3.0183000000e+00	0.0000000000e+00
3.0009000000e+00	3.0009000000e+00	0.0000000000e+00
2.9892000000e+00	2.9892000000e+00	0.0000000000e+00
2.9451000000e+00	2.9451000000e+00	0.0000000000e+00
2.9340000000e+00	2.9340000000e+00	0.0000000000e+00
2.8497000000e+00	2.8497000000e+00	0.0000000000e+00
2.8216000000e+00	2.8216000000e+00	0.0000000000e+00
2.6757000000e+00	2.6757000000e+00	0.0000000000e+00
2.6288000000e+00	2.6288000000e+00	0.0000000000e+00
2.5279000000e+00	2.5279000000e+00	0.0000000000e+00
2.5001000000e+00	2.5001000000e+00	0.0000000000e+00
2.4595000000e+00	2.4595000000e+00	0.0000000000e+00
2.4322000000e+00	2.4322000000e+00	0.0000000000e+00
2.3954000000e+00	2.3954000000e+00	0.0000000000e+00
2.3840000000e+00	2.3840000000e+00	0.0000000000e+00
2.3492000000e+00	2.3492000000e+00	0.0000000000e+00
2.3803000000e+00	2.3803000000e+00	0.0000000000e+00
2.3068000000e+00	2.3068000000e+00	0.0000000000e+00
2.2833000000e+00	2.2833000000e+00	0.0000000000e+00
2.2624000000e+00	2.2624000000e+00	0.0000000000e+00
2.2700000000e+00	2.2700000000e+00	0.0000000000e+00
2.2175000000e+00	2.2175000000e+00	0.0000000000e+00
2.2077000000e+00	2.2077000000e+00	0.0000000000e+00
2.2002000000e+00	2.2002000000e+00	0.0000000000e+00
2.1969000000e+00	2.1969000000e+00	0.0000000000e+00
2.1971000000e+00	2.1971000000e+00	0.0000000000e+00
2.2005000000e+00	2.2005000000e+00	0.0000000000e+00
2.2072000000e+00	2.2072000000e+00	0.0000000000e+00
2.2170000000e+00	2.2170000000e+00	0.0000000000e+00
2.2300000000e+00	2.2300000000e+00	0.0000000000e+00
2.2466000000e+00	2.2466000000e+00	0.0000000000e+00
2.2671000000e+00	2.2671000000e+00	0.0000000000e+00
2.2922000000e+00	2.2922000000e+00	0.0000000000e+00
2.3228000000e+00	2.3228000000e+00	0.0000000000e+00
2.3600000000e+00	2.3600000000e+00	0.0000000000e+00
2.4043000000e+00	2.4043000000e+00	0.0000000000e+00
2.4562000000e+00	2.4562000000e+00	0.0000000000e+00
2.5153000000e+00	2.5153000000e+00	0.0000000000e+00
2.5799000000e+00	2.5799000000e+00	0.0000000000e+00
2.6476000000e+00	2.6476000000e+00	0.0000000000e+00
2.7149000000e+00	2.7149000000e+00	0.0000000000e+00
2.7783000000e+00	2.7783000000e+00	0.0000000000e+00
2.8346000000e+00	2.8346000000e+00	0.0000000000e+00
2.8818000000e+00	2.8818000000e+00	0.0000000000e+00
4.5901000000e+00	4.5901000000e+00	0.0000000000e+00
4.5567000000e+00	4.5567000000e+00	0.0000000000e+00
4.5237000000e+00	4.5237000000e+00	0.0000000000e+00
4.4908000000e+00	4.4908000000e+00	0.0000000000e+00
4.4581000000e+00	4.4581000000e+00	0.0000000000e+00
4.4255000000e+00	4.4255000000e+00	0.0000000000e+00
4.3930000000e+00	4.3930000000e+00	0.0000000000e+00
4.3606000000e+00	4.3606000000e+00	0.0000000000e+00
4.3283000000e+00	4.3283000000e+00	0.0000000000e+00
4.2959000000e+00	4.2959000000e+00	0.0000000000e+00
4.2633000000e+00	4.2633000000e+00	0.0000000000e+00
4.2306000000e+00	4.2306000000e+00	0.0000000000e+00
4.1982000000e+00	4.1982000000e+00	0.0000000000e+00
4.1667000000e+00	4.1667000000e+00	0.0000000000e+00
4.1371000000e+00	4.1371000000e+00	0.0000000000e+00
4.1103000000e+00	4.1103000000e+00	0.0000000000e+00
4.0876000000e+00	4.0876000000e+00	0.0000000000e+00
4.0704000000e+00	4.0704000000e+00	0.0000000000e+00
4.0547000000e+00	4.0547000000e+00	0.0000000000e+00
4.0414000000e+00	4.0414000000e+00	0.0000000000e+00
4.0380000000e+00	4.0380000000e+00	0.0000000000e+00
4.0392000000e+00	4.0392000000e+00	0.0000000000e+00
4.0651000000e+00	4.0651000000e+00	0.0000000000e+00
4.0654000000e+00	4.0654000000e+00	0.0000000000e+00
4.0325000000e+00	4.0325000000e+00	0.0000000000e+00
4.0225000000e+00	4.0225000000e+00	0.0000000000e+00
4.0109000000e+00	4.0109000000e+00	0.0000000000e+00
3.9890000000e+00	3.9890000000e+00	0.0000000000e+00
3.9787000000e+00	3.9787000000e+00	0.0000000000e+00
3.9734000000e+00	3.9734000000e+00	0.0000000000e+00
3.9633000000e+00	3.9633000000e+00	0.0000000000e+00
3.9483000000e+00	3.9483000000e+00	0.0000000000e+00
3.9252000000e+00	3.9252000000e+00	0.0000000000e+00
3.9200000000e+00	3.9200000000e+00	0.0000000000e+00
3.8472000000e+00	3.8472000000e+00	0.0000000000e+00
3.8230000000e+00	3.8230000000e+00	0.0000000000e+00
3.7759000000e+00	3.7759000000e+00	0.0000000000e+00
3.6975000000e+00	3.6975000000e+00	0.0000000000e+00
3.6729000000e+00	3.6729000000e+00	0.0000000000e+00
3.6612000000e+00	3.6612000000e+00	0.0000000000e+00
3.6098000000e+00	3.6098000000e+00	0.0000000000e+00
3.6492000000e+00	3.6492000000e+00	0.0000000000e+00
3.6042000000e+00	3.6042000000e+00	0.0000000000e+00
3.5019000000e+00	3.5019000000e+00	0.0000000000e+00
3.4585000000e+00	3.4585000000e+00	0.0000000000e+00
3.4643000000e+00	3.4643000000e+00	0.0000000000e+00
3.4105000000e+00	3.4105000000e+00	0.0000000000e+00
3.4148000000e+00	3.4148000000e+00	0.0000000000e+00
3.3561000000e+00	3.3561000000e+00	0.0000000000e+00
3.2864000000e+00	3.2864000000e+00	0.0000000000e+00
3.2660000000e+00	3.2660000000e+00	0.0000000000e+00
3.2693000000e+00	3.2693000000e+00	0.0000000000e+00
3.2071000000e+00	3.2071000000e+00	0.0000000000e+00
3.1313000000e+00	3.1313000000e+00	0.0000000000e+00
3.1188000000e+00	3.1188000000e+00	0.0000000000e+00
3.0820000000e+00	3.0820000000e+00	0.0000000000e+00
3.0561000000e+00	3.0561000000e+00	0.0000000000e+00
3.0442000000e+00	3.0442000000e+00	0.0000000000e+00
3.0260000000e+00	3.0260000000e+00	0.0000000000e+00
3.0085000000e+00	3.0085000000e+00	0.0000000000e+00
2.9863000000e+00	2.9863000000e+00	0.0000000000e+00
2.9745000000e+00	2.9745000000e+00	0.0000000000e+00
2.9409000000e+00	2.9409000000e+00	0.0000000000e+00
2.8593000000e+00	2.8593000000e+00	0.0000000000e+00
2.8051000000e+00	2.8051000000e+00	0.0000000000e+00
2.7332000000e+00	2.7332000000e+00	0.0000000000e+00
2.7808000000e+00	2.7808000000e+00	0.0000000000e+00
2.7172000000e+00	2.7172000000e+00	0.0000000000e+00
2.6014000000e+00	2.6014000000e+00	0.0000000000e+00
2.5407000000e+00	2.5407000000e+00	0.0000000000e+00
2.5244000000e+00	2.5244000000e+00	0.0000000000e+00
2.4798000000e+00	2.4798000000e+00	0.0000000000e+00
2.4533000000e+00	2.4533000000e+00	0.0000000000e+00
2.4206000000e+00	2.4206000000e+00	0.0000000000e+00
2.3869000000e+00	2.3869000000e+00	0.0000000000e+00
2.3565000000e+00	2.3565000000e+00	0.0000000000e+00
2.3494000000e+00	2.3494000000e+00	0.0000000000e+00
2.3657000000e+00	2.3657000000e+00	0.0000000000e+00
2.2825000000e+00	2.2825000000e+00	0.0000000000e+00
2.2651000000e+00	2.2651000000e+00	0.0000000000e+00
2.2511000000e+00	2.2511000000e+00	0.0000000000e+00
2.2407000000e+00	2.2407000000e+00	0.0000000000e+00
2.2339000000e+00	2.2339000000e+00	0.0000000000e+00
2.2308000000e+00	2.2308000000e+00	0.0000000000e+00
2.2314000000e+00	2.2314000000e+00	0.0000000000e+00
2.2356000000e+00	2.2356000000e+00	0.0000000000e+00
2.2433000000e+00	2.2433000000e+00	0.0000000000e+00
2.2546000000e+00	2.2546000000e+00	0.0000000000e+00
2.2695000000e+00	2.2695000000e+00	0.0000000000e+00
2.2881000000e+00	2.2881000000e+00	0.0000000000e+00
2.3109000000e+00	2.3109000000e+00	0.0000000000e+00
2.3383000000e+00	2.3383000000e+00	0.0000000000e+00
2.3710000000e+00	2.3710000000e+00	0.0000000000e+00
2.4096000000e+00	2.4096000000e+00	0.0000000000e+00
2.4544000000e+00	2.4544000000e+00	0.0000000000e+00
2.5056000000e+00	2.5056000000e+00	0.0000000000e+00
2.5624000000e+00	2.5624000000e+00	0.0000000000e+00
2.6232000000e+00	2.6232000000e+00	0.0000000000e+00
2.6857000000e+00	2.6857000000e+00	0.0000000000e+00
2.7468000000e+00	2.7468000000e+00	0.0000000000e+00
2.8036000000e+00	2.8036000000e+00	0.0000000000e+00
4.5859000000e+00	4.5859000000e+00	0.0000000000e+00
4.5528000000e+00	4.5528000000e+00	0.0000000000e+00
4.5205000000e+00	4.5205000000e+00	0.0000000000e+00
4.4886000000e+00	4.4886000000e+00	0.0000000000e+00
4.4570000000e+00	4.4570000000e+00	0.0000000000e+00
4.4257000000e+00	4.4257000000e+00	0.0000000000e+00
4.3948000000e+00	4.3948000000e+00	0.0000000000e+00
4.3643000000e+00	4.3643000000e+00	0.0000000000e+00
4.3339000000e+00	4.3339000000e+00	0.0000000000e+00
4.3036000000e+00	4.3036000000e+00	0.0000000000e+00
4.2729000000e+00	4.2729000000e+00	0.0000000000e+00
4.2417000000e+00	4.2417000000e+00	0.0000000000e+00
4.2099000000e+00	4.2099000000e+00	0.0000000000e+00
4.1780000000e+00	4.1780000000e+00	0.0000000000e+00
4.1461000000e+00	4.1461000000e+00	0.0000000000e+00
4.1152000000e+00	4.1152000000e+00	0.0000000000e+00
4.0889000000e+00	4.0889000000e+00	0.0000000000e+00
4.0719000000e+00	4.0719000000e+00	0.0000000000e+00
4.0566000000e+00	4.0566000000e+00	0.0000000000e+00
4.0585000000e+00	4.0585000000e+00	0.0000000000e+00
4.1130000000e+00	4.1130000000e+00	0.0000000000e+00
4.0524000000e+00	4.0524000000e+00	0.0000000000e+00
4.0534000000e+00	4.0534000000e+00	0.0000000000e+00
4.0491000000e+00	4.0491000000e+00	0.0000000000e+00
4.0353000000e+00	4.0353000000e+00	0.0000000000e+00
4.0223000000e+00	4.0223000000e+00	0.0000000000e+00
4.0120000000e+00	4.0120000000e+00	0.0000000000e+00
4.0068000000e+00	4.0068000000e+00	0.0000000000e+00
3.9819000000e+00	3.9819000000e+00	0.0000000000e+00
3.9697000000e+00	3.9697000000e+00	0.0000000000e+00
3.9462000000e+00	3.9462000000e+00	0.0000000000e+00
3.9450000000e+00	3.9450000000e+00	0.0000000000e+00
3.9375000000e+00	3.9375000000e+00	0.0000000000e+00
3.9108000000e+00	3.9108000000e+00	0.0000000000e+00
3.8438000000e+00	3.8438000000e+00	0.0000000000e+00
3.8035000000e+00	3.8035000000e+00	0.0000000000e+00
3.7976000000e+00	3.7976000000e+00	0.0000000000e+00
3.7572000000e+00	3.7572000000e+00	0.0000000000e+00
3.7147000000e+00	3.7147000000e+00	0.0000000000e+00
3.6263000000e+00	3.6263000000e+00	0.0000000000e+00
3.5793000000e+00	3.5793000000e+00	0.0000000000e+00
3.6008000000e+00	3.6008000000e+00	0.0000000000e+00
3.5189000000e+00	3.5189000000e+00	0.0000000000e+00
3.4963000000e+00	3.4963000000e+00	0.0000000000e+00
3.5374000000e+00	3.5374000000e+00	0.0000000000e+00
3.5358000000e+00	3.5358000000e+00	0.0000000000e+00
3.4835000000e+00	3.4835000000e+00	0.0000000000e+00
3.3987000000e+00	3.3987000000e+00	0.0000000000e+00
3.3482000000e+00	3.3482000000e+00	0.0000000000e+00
3.2888000000e+00	3.2888000000e+00	0.0000000000e+00
3.2814000000e+00	3.2814000000e+00	0.0000000000e+00
3.2320000000e+00	3.2320000000e+00	0.0000000000e+00
3.1892000000e+00	3.1892000000e+00	0.0000000000e+00
3.1605000000e+00	3.1605000000e+00	0.0000000000e+00
3.1340000000e+00	3.1340000000e+00	0.0000000000e+00
3.1413000000e+00	3.1413000000e+00	0.0000000000e+00
3.0985000000e+00	3.0985000000e+00	0.0000000000e+00
3.0771000000e+00	3.0771000000e+00	0.0000000000e+00
3.0479000000e+00	3.0479000000e+00	0.0000000000e+00
3.0324000000e+00	3.0324000000e+00	0.0000000000e+00
3.0210000000e+00	3.0210000000e+00	0.0000000000e+00
3.0075000000e+00	3.0075000000e+00	0.0000000000e+00
2.9809000000e+00	2.9809000000e+00	0.0000000000e+00
2.9231000000e+00	2.9231000000e+00	0.0000000000e+00
2.8910000000e+00	2.8910000000e+00	0.0000000000e+00
2.9114000000e+00	2.9114000000e+00	0.0000000000e+00
2.8206000000e+00	2.8206000000e+00	0.0000000000e+00
2.8134000000e+00	2.8134000000e+00	0.0000000000e+00
2.7085000000e+00	2.7085000000e+00	0.0000000000e+00
2.6570000000e+00	2.6570000000e+00	0.0000000000e+00
2.6654000000e+00	2.6654000000e+00	0.0000000000e+00
2.5873000000e+00	2.5873000000e+00	0.0000000000e+00
2.5536000000e+00	2.5536000000e+00	0.0000000000e+00
2.5428000000e+00	2.5428000000e+00	0.0000000000e+00
2.5856000000e+00	2.5856000000e+00	0.0000000000e+00
2.4648000000e+00	2.4648000000e+00	0.0000000000e+00
2.4200000000e+00	2.4200000000e+00	0.0000000000e+00
2.4032000000e+00	2.4032000000e+00	0.0000000000e+00
2.3620000000e+00	2.3620000000e+00	0.0000000000e+00
2.3390000000e+00	2.3390000000e+00	0.0000000000e+00
2.3176000000e+00	2.3176000000e+00	0.0000000000e+00
2.2998000000e+00	2.2998000000e+00	0.0000000000e+00
2.2854000000e+00	2.2854000000e+00	0.0000000000e+00
2.2746000000e+00	2.2746000000e+00	0.0000000000e+00
2.2675000000e+00	2.2675000000e+00	0.0000000000e+00
2.2643000000e+00	2.2643000000e+00	0.0000000000e+00
2.2649000000e+00	2.2649000000e+00	0.0000000000e+00
2.2695000000e+00	2.2695000000e+00	0.0000000000e+00
2.2778000000e+00	2.2778000000e+00	0.0000000000e+00
2.2901000000e+00	2.2901000000e+00	0.0000000000e+00
2.3062000000e+00	2.3062000000e+00	0.0000000000e+00
2.3264000000e+00	2.3264000000e+00	0.0000000000e+00
2.3508000000e+00	2.3508000000e+00	0.0000000000e+00
2.3799000000e+00	2.3799000000e+00	0.0000000000e+00
2.4140000000e+00	2.4140000000e+00	0.0000000000e+00
2.4534000000e+00	2.4534000000e+00	0.0000000000e+00
2.4983000000e+00	2.4983000000e+00	0.0000000000e+00
2.5484000000e+00	2.5484000000e+00	0.0000000000e+00
2.6029000000e+00	2.6029000000e+00	0.0000000000e+00
2.6601000000e+00	2.6601000000e+00	0.0000000000e+00
2.7179000000e+00	2.7179000000e+00	0.0000000000e+00
4.5816000000e+00	4.5816000000e+00	0.0000000000e+00
4.5492000000e+00	4.5492000000e+00	0.0000000000e+00
4.5175000000e+00	4.5175000000e+00	0.0000000000e+00
4.4865000000e+00	4.4865000000e+00	0.0000000000e+00
4.4561000000e+00	4.4561000000e+00	0.0000000000e+00
4.4262000000e+00	4.4262000000e+00	0.0000000000e+00
4.3971000000e+00	4.3971000000e+00	0.0000000000e+00
4.3686000000e+00	4.3686000000e+00	0.0000000000e+00
4.3409000000e+00	4.3409000000e+00	0.0000000000e+00
4.3135000000e+00	4.3135000000e+00	0.0000000000e+00
4.2860000000e+00	4.2860000000e+00	0.0000000000e+00
4.2572000000e+00	4.2572000000e+00	0.0000000000e+00
4.2281000000e+00	4.2281000000e+00	0.0000000000e+00
4.1981000000e+00	4.1981000000e+00	0.0000000000e+00
4.1664000000e+00	4.1664000000e+00	0.0000000000e+00
4.1302000000e+00	4.1302000000e+00	0.0000000000e+00
4.0901000000e+00	4.0901000000e+00	0.0000000000e+00
4.0754000000e+00	4.0754000000e+00	0.0000000000e+00
4.0859000000e+00	4.0859000000e+00	0.0000000000e+00
4.1082000000e+00	4.1082000000e+00	0.0000000000e+00
4.1976000000e+00	4.1976000000e+00	0.0000000000e+00
4.1012000000e+00	4.1012000000e+00	0.0000000000e+00
4.1232000000e+00	4.1232000000e+00	0.0000000000e+00
4.0699000000e+00	4.0699000000e+00	0.0000000000e+00
4.0293000000e+00	4.0293000000e+00	0.0000000000e+00
4.0324000000e+00	4.0324000000e+00	0.0000000000e+00
4.0149000000e+00	4.0149000000e+00	0.0000000000e+00
4.0033000000e+00	4.0033000000e+00	0.0000000000e+00
3.9825000000e+00	3.9825000000e+00	0.0000000000e+00
3.9470000000e+00	3.9470000000e+00	0.0000000000e+00
3.9306000000e+00	3.9306000000e+00	0.0000000000e+00
3.9496000000e+00	3.9496000000e+00	0.0000000000e+00
3.9305000000e+00	3.9305000000e+00	0.0000000000e+00
3.9099000000e+00	3.9099000000e+00	0.0000000000e+00
3.8826000000e+00	3.8826000000e+00	0.0000000000e+00
3.8220000000e+00	3.8220000000e+00	0.0000000000e+00
3.7933000000e+00	3.7933000000e+00	0.0000000000e+00
3.7656000000e+00	3.7656000000e+00	0.0000000000e+00
3.7329000000e+00	3.7329000000e+00	0.0000000000e+00
3.6637000000e+00	3.6637000000e+00	0.0000000000e+00
3.5766000000e+00	3.5766000000e+00	0.0000000000e+00
3.5448000000e+00	3.5448000000e+00	0.0000000000e+00
3.5044000000e+00	3.5044000000e+00	0.0000000000e+00
3.4968000000e+00	3.4968000000e+00	0.0000000000e+00
3.4838000000e+00	3.4838000000e+00	0.0000000000e+00
3.5097000000e+00	3.5097000000e+00	0.0000000000e+00
3.5666000000e+00	3.5666000000e+00	0.0000000000e+00
3.4562000000e+00	3.4562000000e+00	0.0000000000e+00
3.3575000000e+00	3.3575000000e+00	0.0000000000e+00
3.2824000000e+00	3.2824000000e+00	0.0000000000e+00
3.2650000000e+00	3.2650000000e+00	0.0000000000e+00
3.2366000000e+00	3.2366000000e+00	0.0000000000e+00
3.2082000000e+00	3.2082000000e+00	0.0000000000e+00
3.1740000000e+00	3.1740000000e+00	0.0000000000e+00
3.1521000000e+00	3.1521000000e+00	0.0000000000e+00
3.1613000000e+00	3.1613000000e+00	0.0000000000e+00
3.1325000000e+00	3.1325000000e+00	0.0000000000e+00
3.0844000000e+00	3.0844000000e+00	0.0000000000e+00
3.0775000000e+00	3.0775000000e+00	0.0000000000e+00
3.0519000000e+00	3.0519000000e+00	0.0000000000e+00
3.0352000000e+00	3.0352000000e+00	0.0000000000e+00
3.0255000000e+00	3.0255000000e+00	0.0000000000e+00
3.0112000000e+00	3.0112000000e+00	0.0000000000e+00
2.9823000000e+00	2.9823000000e+00	0.0000000000e+00
2.9563000000e+00	2.9563000000e+00	0.0000000000e+00
2.9658000000e+00	2.9658000000e+00	0.0000000000e+00
2.9473000000e+00	2.9473000000e+00	0.0000000000e+00
2.8626000000e+00	2.8626000000e+00	0.0000000000e+00
2.8157000000e+00	2.8157000000e+00	0.0000000000e+00
2.7654000000e+00	2.7654000000e+00	0.0000000000e+00
2.7641000000e+00	2.7641000000e+00	0.0000000000e+00
2.7640000000e+00	2.7640000000e+00	0.0000000000e+00
2.7795000000e+00	2.7795000000e+00	0.0000000000e+00
2.7438000000e+00	2.7438000000e+00	0.0000000000e+00
2.5871000000e+00	2.5871000000e+00	0.0000000000e+00
2.5818000000e+00	2.5818000000e+00	0.0000000000e+00
2.5162000000e+00	2.5162000000e+00	0.0000000000e+00
2.4838000000e+00	2.4838000000e+00	0.0000000000e+00
2.4535000000e+00	2.4535000000e+00	0.0000000000e+00
2.4258000000e+00	2.4258000000e+00	0.0000000000e+00
2.3986000000e+00	2.3986000000e+00	0.0000000000e+00
2.3744000000e+00	2.3744000000e+00	0.0000000000e+00
2.3530000000e+00	2.3530000000e+00	0.0000000000e+00
2.3346000000e+00	2.3346000000e+00	0.0000000000e+00
2.3195000000e+00	2.3195000000e+00	0.0000000000e+00
2.3080000000e+00	2.3080000000e+00	0.0000000000e+00
2.3004000000e+00	2.3004000000e+00	0.0000000000e+00
2.2968000000e+00	2.2968000000e+00	0.0000000000e+00
2.2972000000e+00	2.2972000000e+00	0.0000000000e+00
2.3018000000e+00	2.3018000000e+00	0.0000000000e+00
2.3105000000e+00	2.3105000000e+00	0.0000000000e+00
2.3233000000e+00	2.3233000000e+00	0.0000000000e+00
2.3403000000e+00	2.3403000000e+00	0.0000000000e+00
2.3615000000e+00	2.3615000000e+00	0.0000000000e+00
2.3872000000e+00	2.3872000000e+00	0.0000000000e+00
2.4174000000e+00	2.4174000000e+00	0.0000000000e+00
2.4524000000e+00	2.4524000000e+00	0.0000000000e+00
2.4922000000e+00	2.4922000000e+00	0.0000000000e+00
2.5368000000e+00	2.5368000000e+00	0.0000000000e+00
2.5857000000e+00	2.5857000000e+00	0.0000000000e+00
2.6378000000e+00	2.6378000000e+00	0.0000000000e+00
4.5774000000e+00	4.5774000000e+00	0.0000000000e+00
4.5454000000e+00	4.5454000000e+00	0.0000000000e+00
4.5144000000e+00	4.5144000000e+00	0.0000000000e+00
4.4843000000e+00	4.4843000000e+00	0.0000000000e+00
4.4549000000e+00	4.4549000000e+00	0.0000000000e+00
4.4266000000e+00	4.4266000000e+00	0.0000000000e+00
4.3993000000e+00	4.3993000000e+00	0.0000000000e+00
4.3731000000e+00	4.3731000000e+00	0.0000000000e+00
4.3484000000e+00	4.3484000000e+00	0.0000000000e+00
4.3238000000e+00	4.3238000000e+00	0.0000000000e+00
4.2996000000e+00	4.2996000000e+00	0.0000000000e+00
4.2762000000e+00	4.2762000000e+00	0.0000000000e+00
4.2532000000e+00	4.2532000000e+00	0.0000000000e+00
4.2301000000e+00	4.2301000000e+00	0.0000000000e+00
4.2060000000e+00	4.2060000000e+00	0.0000000000e+00
4.1783000000e+00	4.1783000000e+00	0.0000000000e+00
4.1510000000e+00	4.1510000000e+00	0.0000000000e+00
4.1401000000e+00	4.1401000000e+00	0.0000000000e+00
4.1340000000e+00	4.1340000000e+00	0.0000000000e+00
4.2658000000e+00	4.2658000000e+00	0.0000000000e+00
4.3067000000e+00	4.3067000000e+00	0.0000000000e+00
4.1551000000e+00	4.1551000000e+00	0.0000000000e+00
4.0957000000e+00	4.0957000000e+00	0.0000000000e+00
4.0849000000e+00	4.0849000000e+00	0.0000000000e+00
4.0440000000e+00	4.0440000000e+00	0.0000000000e+00
4.0161000000e+00	4.0161000000e+00	0.0000000000e+00
4.0069000000e+00	4.0069000000e+00	0.0000000000e+00
3.9960000000e+00	3.9960000000e+00	0.0000000000e+00
3.9859000000e+00	3.9859000000e+00	0.0000000000e+00
3.9831000000e+00	3.9831000000e+00	0.0000000000e+00
3.9639000000e+00	3.9639000000e+00	0.0000000000e+00
3.9485000000e+00	3.9485000000e+00	0.0000000000e+00
3.9326000000e+00	3.9326000000e+00	0.0000000000e+00
3.8655000000e+00	3.8655000000e+00	0.0000000000e+00
3.8451000000e+00	3.8451000000e+00	0.0000000000e+00
3.8248000000e+00	3.8248000000e+00	0.0000000000e+00
3.7912000000e+00	3.7912000000e+00	0.0000000000e+00
3.7439000000e+00	3.7439000000e+00	0.0000000000e+00
3.6716000000e+00	3.6716000000e+00	0.0000000000e+00
3.6168000000e+00	3.6168000000e+00	0.0000000000e+00
3.5784000000e+00	3.5784000000e+00	0.0000000000e+00
3.6180000000e+00	3.6180000000e+00	0.0000000000e+00
3.5187000000e+00	3.5187000000e+00	0.0000000000e+00
3.5491000000e+00	3.5491000000e+00	0.0000000000e+00
3.5140000000e+00	3.5140000000e+00	0.0000000000e+00
3.4754000000e+00	3.4754000000e+00	0.0000000000e+00
3.3724000000e+00	3.3724000000e+00	0.0000000000e+00
3.3616000000e+00	3.3616000000e+00	0.0000000000e+00
3.3192000000e+00	3.3192000000e+00	0.0000000000e+00
3.2969000000e+00	3.2969000000e+00	0.0000000000e+00
3.2634000000e+00	3.2634000000e+00	0.0000000000e+00
3.2338000000e+00	3.2338000000e+00	0.0000000000e+00
3.1900000000e+00	3.1900000000e+00	0.0000000000e+00
3.1964000000e+00	3.1964000000e+00	0.0000000000e+00
3.1618000000e+00	3.1618000000e+00	0.0000000000e+00
3.1646000000e+00	3.1646000000e+00	0.0000000000e+00
3.1896000000e+00	3.1896000000e+00	0.0000000000e+00
3.1227000000e+00	3.1227000000e+00	0.0000000000e+00
3.0857000000e+00	3.0857000000e+00	0.0000000000e+00
3.0757000000e+00	3.0757000000e+00	0.0000000000e+00
3.0493000000e+00	3.0493000000e+00	0.0000000000e+00
3.0469000000e+00	3.0469000000e+00	0.0000000000e+00
3.0300000000e+00	3.0300000000e+00	0.0000000000e+00
3.0133000000e+00	3.0133000000e+00	0.0000000000e+00
3.0055000000e+00	3.0055000000e+00	0.0000000000e+00
2.9938000000e+00	2.9938000000e+00	0.0000000000e+00
2.9654000000e+00	2.9654000000e+00	0.0000000000e+00
2.9276000000e+00	2.9276000000e+00	0.0000000000e+00
2.9046000000e+00	2.9046000000e+00	0.0000000000e+00
2.8681000000e+00	2.8681000000e+00	0.0000000000e+00
2.8449000000e+00	2.8449000000e+00	0.0000000000e+00
2.8638000000e+00	2.8638000000e+00	0.0000000000e+00
2.7883000000e+00	2.7883000000e+00	0.0000000000e+00
2.7351000000e+00	2.7351000000e+00	0.0000000000e+00
2.6957000000e+00	2.6957000000e+00	0.0000000000e+00
2.6798000000e+00	2.6798000000e+00	0.0000000000e+00
2.6248000000e+00	2.6248000000e+00	0.0000000000e+00
2.5870000000e+00	2.5870000000e+00	0.0000000000e+00
2.5540000000e+00	2.5540000000e+00	0.0000000000e+00
2.5840000000e+00	2.5840000000e+00	0.0000000000e+00
2.4914000000e+00	2.4914000000e+00	0.0000000000e+00
2.4623000000e+00	2.4623000000e+00	0.0000000000e+00
2.4351000000e+00	2.4351000000e+00	0.0000000000e+00
2.4101000000e+00	2.4101000000e+00	0.0000000000e+00
2.3878000000e+00	2.3878000000e+00	0.0000000000e+00
2.3686000000e+00	2.3686000000e+00	0.0000000000e+00
2.3527000000e+00	2.3527000000e+00	0.0000000000e+00
2.3404000000e+00	2.3404000000e+00	0.0000000000e+00
2.3321000000e+00	2.3321000000e+00	0.0000000000e+00
2.3280000000e+00	2.3280000000e+00	0.0000000000e+00
2.3280000000e+00	2.3280000000e+00	0.0000000000e+00
2.3324000000e+00	2.3324000000e+00	0.0000000000e+00
2.3412000000e+00	2.3412000000e+00	0.0000000000e+00
2.3543000000e+00	2.3543000000e+00	0.0000000000e+00
2.3719000000e+00	2.3719000000e+00	0.0000000000e+00
2.3938000000e+00	2.3938000000e+00	0.0000000000e+00
2.4202000000e+00	2.4202000000e+00	0.0000000000e+00
2.4512000000e+00	2.4512000000e+00	0.0000000000e+00
2.4867000000e+00	2.4867000000e+00	0.0000000000e+00
2.5266000000e+00	2.5266000000e+00	0.0000000000e+00
2.5706000000e+00	2.5706000000e+00	0.0000000000e+00
4.5731000000e+00	4.5731000000e+00	0.0000000000e+00
4.5414000000e+00	4.5414000000e+00	0.0000000000e+00
4.5111000000e+00	4.5111000000e+00	0.0000000000e+00
4.4818000000e+00	4.4818000000e+00	0.0000000000e+00
4.4534000000e+00	4.4534000000e+00	0.0000000000e+00
4.4264000000e+00	4.4264000000e+00	0.0000000000e+00
4.4008000000e+00	4.4008000000e+00	0.0000000000e+00
4.3771000000e+00	4.3771000000e+00	0.0000000000e+00
4.3547000000e+00	4.3547000000e+00	0.0000000000e+00
4.3334000000e+00	4.3334000000e+00	0.0000000000e+00
4.3147000000e+00	4.3147000000e+00	0.0000000000e+00
4.2989000000e+00	4.2989000000e+00	0.0000000000e+00
4.2853000000e+00	4.2853000000e+00	0.0000000000e+00
4.2739000000e+00	4.2739000000e+00	0.0000000000e+00
4.2691000000e+00	4.2691000000e+00	0.0000000000e+00
4.2671000000e+00	4.2671000000e+00	0.0000000000e+00
4.2763000000e+00	4.2763000000e+00	0.0000000000e+00
4.2983000000e+00	4.2983000000e+00	0.0000000000e+00
4.3070000000e+00	4.3070000000e+00	0.0000000000e+00
4.2655000000e+00	4.2655000000e+00	0.0000000000e+00
4.3399000000e+00	4.3399000000e+00	0.0000000000e+00
4.2679000000e+00	4.2679000000e+00	0.0000000000e+00
4.0812000000e+00	4.0812000000e+00	0.0000000000e+00
4.0730000000e+00	4.0730000000e+00	0.0000000000e+00
4.0534000000e+00	4.0534000000e+00	0.0000000000e+00
4.0400000000e+00	4.0400000000e+00	0.0000000000e+00
4.0035000000e+00	4.0035000000e+00	0.0000000000e+00
3.9997000000e+00	3.9997000000e+00	0.0000000000e+00
3.9846000000e+00	3.9846000000e+00	0.0000000000e+00
3.9756000000e+00	3.9756000000e+00	0.0000000000e+00
3.9359000000e+00	3.9359000000e+00	0.0000000000e+00
3.9186000000e+00	3.9186000000e+00	0.0000000000e+00
3.9347000000e+00	3.9347000000e+00	0.0000000000e+00
3.8766000000e+00	3.8766000000e+00	0.0000000000e+00
3.8421000000e+00	3.8421000000e+00	0.0000000000e+00
3.8215000000e+00	3.8215000000e+00	0.0000000000e+00
3.7860000000e+00	3.7860000000e+00	0.0000000000e+00
3.7355000000e+00	3.7355000000e+00	0.0000000000e+00
3.6551000000e+00	3.6551000000e+00	0.0000000000e+00
3.6372000000e+00	3.6372000000e+00	0.0000000000e+00
3.5891000000e+00	3.5891000000e+00	0.0000000000e+00
3.5839000000e+00	3.5839000000e+00	0.0000000000e+00
3.5079000000e+00	3.5079000000e+00	0.0000000000e+00
3.4958000000e+00	3.4958000000e+00	0.0000000000e+00
3.4967000000e+00	3.4967000000e+00	0.0000000000e+00
3.4386000000e+00	3.4386000000e+00	0.0000000000e+00
3.3789000000e+00	3.3789000000e+00	0.0000000000e+00
3.3589000000e+00	3.3589000000e+00	0.0000000000e+00
3.3196000000e+00	3.3196000000e+00	0.0000000000e+00
3.2734000000e+00	3.2734000000e+00	0.0000000000e+00
3.2669000000e+00	3.2669000000e+00	0.0000000000e+00
3.2394000000e+00	3.2394000000e+00	0.0000000000e+00
3.2083000000e+00	3.2083000000e+00	0.0000000000e+00
3.1843000000e+00	3.1843000000e+00	0.0000000000e+00
3.1665000000e+00	3.1665000000e+00	0.0000000000e+00
3.1427000000e+00	3.1427000000e+00	0.0000000000e+00
3.1636000000e+00	3.1636000000e+00	0.0000000000e+00
3.1062000000e+00	3.1062000000e+00	0.0000000000e+00
3.0916000000e+00	3.0916000000e+00	0.0000000000e+00
3.0792000000e+00	3.0792000000e+00	0.0000000000e+00
3.0563000000e+00	3.0563000000e+00	0.0000000000e+00
3.0439000000e+00	3.0439000000e+00	0.0000000000e+00
3.0360000000e+00	3.0360000000e+00	0.0000000000e+00
3.0345000000e+00	3.0345000000e+00	0.0000000000e+00
3.0239000000e+00	3.0239000000e+00	0.0000000000e+00
3.0116000000e+00	3.0116000000e+00	0.0000000000e+00
2.9962000000e+00	2.9962000000e+00	0.0000000000e+00
2.9857000000e+00	2.9857000000e+00	0.0000000000e+00
2.9645000000e+00	2.9645000000e+00	0.0000000000e+00
2.9434000000e+00	2.9434000000e+00	0.0000000000e+00
2.9227000000e+00	2.9227000000e+00	0.0000000000e+00
2.9021000000e+00	2.9021000000e+00	0.0000000000e+00
2.8681000000e+00	2.8681000000e+00	0.0000000000e+00
2.8429000000e+00	2.8429000000e+00	0.0000000000e+00
2.8749000000e+00	2.8749000000e+00	0.0000000000e+00
2.7661000000e+00	2.7661000000e+00	0.0000000000e+00
2.7371000000e+00	2.7371000000e+00	0.0000000000e+00
2.6946000000e+00	2.6946000000e+00	0.0000000000e+00
2.6602000000e+00	2.6602000000e+00	0.0000000000e+00
2.7267000000e+00	2.7267000000e+00	0.0000000000e+00
2.5926000000e+00	2.5926000000e+00	0.0000000000e+00
2.5600000000e+00	2.5600000000e+00	0.0000000000e+00
2.5286000000e+00	2.5286000000e+00	0.0000000000e+00
2.4986000000e+00	2.4986000000e+00	0.0000000000e+00
2.4706000000e+00	2.4706000000e+00	0.0000000000e+00
2.4447000000e+00	2.4447000000e+00	0.0000000000e+00
2.4216000000e+00	2.4216000000e+00	0.0000000000e+00
2.4014000000e+00	2.4014000000e+00	0.0000000000e+00
2.3847000000e+00	2.3847000000e+00	0.0000000000e+00
2.3716000000e+00	2.3716000000e+00	0.0000000000e+00
2.3626000000e+00	2.3626000000e+00	0.0000000000e+00
2.3578000000e+00	2.3578000000e+00	0.0000000000e+00
2.3573000000e+00	2.3573000000e+00	0.0000000000e+00
2.3614000000e+00	2.3614000000e+00	0.0000000000e+00
2.3701000000e+00	2.3701000000e+00	0.0000000000e+00
2.3833000000e+00	2.3833000000e+00	0.0000000000e+00
2.4011000000e+00	2.4011000000e+00	0.0000000000e+00
2.4235000000e+00	2.4235000000e+00	0.0000000000e+00
2.4504000000e+00	2.4504000000e+00	0.0000000000e+00
2.4817000000e+00	2.4817000000e+00	0.0000000000e+00
2.5174000000e+00	2.5174000000e+00	0.0000000000e+00
4.5685000000e+00	4.5685000000e+00	0.0000000000e+00
4.5372000000e+00	4.5372000000e+00	0.0000000000e+00
4.5074000000e+00	4.5074000000e+00	0.0000000000e+00
4.4787000000e+00	4.4787000000e+00	0.0000000000e+00
4.4512000000e+00	4.4512000000e+00	0.0000000000e+00
4.4252000000e+00	4.4252000000e+00	0.0000000000e+00
4.4011000000e+00	4.4011000000e+00	0.0000000000e+00
4.3793000000e+00	4.3793000000e+00	0.0000000000e+00
4.3588000000e+00	4.3588000000e+00	0.0000000000e+00
4.3411000000e+00	4.3411000000e+00	0.0000000000e+00
4.3281000000e+00	4.3281000000e+00	0.0000000000e+00
4.3201000000e+00	4.3201000000e+00	0.0000000000e+00
4.3165000000e+00	4.3165000000e+00	0.0000000000e+00
4.3222000000e+00	4.3222000000e+00	0.0000000000e+00
4.3424000000e+00	4.3424000000e+00	0.0000000000e+00
4.3854000000e+00	4.3854000000e+00	0.0000000000e+00
4.4702000000e+00	4.4702000000e+00	0.0000000000e+00
4.3674000000e+00	4.3674000000e+00	0.0000000000e+00
4.2772000000e+00	4.2772000000e+00	0.0000000000e+00
4.1459000000e+00	4.1459000000e+00	0.0000000000e+00
4.1595000000e+00	4.1595000000e+00	0.0000000000e+00
4.0893000000e+00	4.0893000000e+00	0.0000000000e+00
4.0599000000e+00	4.0599000000e+00	0.0000000000e+00
4.0528000000e+00	4.0528000000e+00	0.0000000000e+00
4.0492000000e+00	4.0492000000e+00	0.0000000000e+00
4.0249000000e+00	4.0249000000e+00	0.0000000000e+00
4.0220000000e+00	4.0220000000e+00	0.0000000000e+00
3.9995000000e+00	3.9995000000e+00	0.0000000000e+00
3.9713000000e+00	3.9713000000e+00	0.0000000000e+00
3.9771000000e+00	3.9771000000e+00	0.0000000000e+00
3.9575000000e+00	3.9575000000e+00	0.0000000000e+00
3.9212000000e+00	3.9212000000e+00	0.0000000000e+00
3.8951000000e+00	3.8951000000e+00	0.0000000000e+00
3.8939000000e+00	3.8939000000e+00	0.0000000000e+00
3.8501000000e+00	3.8501000000e+00	0.0000000000e+00
3.8289000000e+00	3.8289000000e+00	0.0000000000e+00
3.7509000000e+00	3.7509000000e+00	0.0000000000e+00
3.7664000000e+00	3.7664000000e+00	0.0000000000e+00
3.6925000000e+00	3.6925000000e+00	0.0000000000e+00
3.6733000000e+00	3.6733000000e+00	0.0000000000e+00
3.5864000000e+00	3.5864000000e+00	0.0000000000e+00
3.5463000000e+00	3.5463000000e+00	0.0000000000e+00
3.5927000000e+00	3.5927000000e+00	0.0000000000e+00
3.5034000000e+00	3.5034000000e+00	0.0000000000e+00
3.4598000000e+00	3.4598000000e+00	0.0000000000e+00
3.4438000000e+00	3.4438000000e+00	0.0000000000e+00
3.3953000000e+00	3.3953000000e+00	0.0000000000e+00
3.3485000000e+00	3.3485000000e+00	0.0000000000e+00
3.3267000000e+00	3.3267000000e+00	0.0000000000e+00
3.2933000000e+00	3.2933000000e+00	0.0000000000e+00
3.2672000000e+00	3.2672000000e+00	0.0000000000e+00
3.2422000000e+00	3.2422000000e+00	0.0000000000e+00
3.1969000000e+00	3.1969000000e+00	0.0000000000e+00
3.1954000000e+00	3.1954000000e+00	0.0000000000e+00
3.1608000000e+00	3.1608000000e+00	0.0000000000e+00
3.1425000000e+00	3.1425000000e+00	0.0000000000e+00
3.1277000000e+00	3.1277000000e+00	0.0000000000e+00
3.1054000000e+00	3.1054000000e+00	0.0000000000e+00
3.0967000000e+00	3.0967000000e+00	0.0000000000e+00
3.0860000000e+00	3.0860000000e+00	0.0000000000e+00
3.0685000000e+00	3.0685000000e+00	0.0000000000e+00
3.0452000000e+00	3.0452000000e+00	0.0000000000e+00
3.0460000000e+00	3.0460000000e+00	0.0000000000e+00
3.0349000000e+00	3.0349000000e+00	0.0000000000e+00
3.0274000000e+00	3.0274000000e+00	0.0000000000e+00
3.0277000000e+00	3.0277000000e+00	0.0000000000e+00
3.0144000000e+00	3.0144000000e+00	0.0000000000e+00
3.0153000000e+00	3.0153000000e+00	0.0000000000e+00
3.0048000000e+00	3.0048000000e+00	0.0000000000e+00
2.9890000000e+00	2.9890000000e+00	0.0000000000e+00
2.9866000000e+00	2.9866000000e+00	0.0000000000e+00
2.9665000000e+00	2.9665000000e+00	0.0000000000e+00
2.9484000000e+00	2.9484000000e+00	0.0000000000e+00
2.9395000000e+00	2.9395000000e+00	0.0000000000e+00
2.8915000000e+00	2.8915000000e+00	0.0000000000e+00
2.8640000000e+00	2.8640000000e+00	0.0000000000e+00
2.8443000000e+00	2.8443000000e+00	0.0000000000e+00
2.7998000000e+00	2.7998000000e+00	0.0000000000e+00
2.7665000000e+00	2.7665000000e+00	0.0000000000e+00
2.7735000000e+00	2.7735000000e+00	0.0000000000e+00
2.6981000000e+00	2.6981000000e+00	0.0000000000e+00
2.6637000000e+00	2.6637000000e+00	0.0000000000e+00
2.6297000000e+00	2.6297000000e+00	0.0000000000e+00
2.5964000000e+00	2.5964000000e+00	0.0000000000e+00
2.5642000000e+00	2.5642000000e+00	0.0000000000e+00
2.5335000000e+00	2.5335000000e+00	0.0000000000e+00
2.5046000000e+00	2.5046000000e+00	0.0000000000e+00
2.4780000000e+00	2.4780000000e+00	0.0000000000e+00
2.4540000000e+00	2.4540000000e+00	0.0000000000e+00
2.4330000000e+00	2.4330000000e+00	0.0000000000e+00
2.4154000000e+00	2.4154000000e+00	0.0000000000e+00
2.4015000000e+00	2.4015000000e+00	0.0000000000e+00
2.3917000000e+00	2.3917000000e+00	0.0000000000e+00
2.3862000000e+00	2.3862000000e+00	0.0000000000e+00
2.3852000000e+00	2.3852000000e+00	0.0000000000e+00
2.3889000000e+00	2.3889000000e+00	0.0000000000e+00
2.3973000000e+00	2.3973000000e+00	0.0000000000e+00
2.4104000000e+00	2.4104000000e+00	0.0000000000e+00
2.4283000000e+00	2.4283000000e+00	0.0000000000e+00
2.4509000000e+00	2.4509000000e+00	0.0000000000e+00
2.4780000000e+00	2.4780000000e+00	0.0000000000e+00
4.5637000000e+00	4.5637000000e+00	0.0000000000e+00
4.5327000000e+00	4.5327000000e+00	0.0000000000e+00
4.5032000000e+00	4.5032000000e+00	0.0000000000e+00
4.4750000000e+00	4.4750000000e+00	0.0000000000e+00
4.4480000000e+00	4.4480000000e+00	0.0000000000e+00
4.4228000000e+00	4.4228000000e+00	0.0000000000e+00
4.3996000000e+00	4.3996000000e+00	0.0000000000e+00
4.3791000000e+00	4.3791000000e+00	0.0000000000e+00
4.3601000000e+00	4.3601000000e+00	0.0000000000e+00
4.3450000000e+00	4.3450000000e+00	0.0000000000e+00
4.3361000000e+00	4.3361000000e+00	0.0000000000e+00
4.3330000000e+00	4.3330000000e+00	0.0000000000e+00
4.3390000000e+00	4.3390000000e+00	0.0000000000e+00
4.3567000000e+00	4.3567000000e+00	0.0000000000e+00
4.3949000000e+00	4.3949000000e+00	0.0000000000e+00
4.4572000000e+00	4.4572000000e+00	0.0000000000e+00
4.5286000000e+00	4.5286000000e+00	0.0000000000e+00
4.3737000000e+00	4.3737000000e+00	0.0000000000e+00
4.2748000000e+00	4.2748000000e+00	0.0000000000e+00
4.2152000000e+00	4.2152000000e+00	0.0000000000e+00
4.2142000000e+00	4.2142000000e+00	0.0000000000e+00
4.1387000000e+00	4.1387000000e+00	0.0000000000e+00
4.1031000000e+00	4.1031000000e+00	0.0000000000e+00
4.0566000000e+00	4.0566000000e+00	0.0000000000e+00
4.0231000000e+00	4.0231000000e+00	0.0000000000e+00
4.0080000000e+00	4.0080000000e+00	0.0000000000e+00
4.0066000000e+00	4.0066000000e+00	0.0000000000e+00
3.9997000000e+00	3.9997000000e+00	0.0000000000e+00
3.9904000000e+00	3.9904000000e+00	0.0000000000e+00
3.9594000000e+00	3.9594000000e+00	0.0000000000e+00
3.9408000000e+00	3.9408000000e+00	0.0000000000e+00
3.9211000000e+00	3.9211000000e+00	0.0000000000e+00
3.9065000000e+00	3.9065000000e+00	0.0000000000e+00
3.8855000000e+00	3.8855000000e+00	0.0000000000e+00
3.8407000000e+00	3.8407000000e+00	0.0000000000e+00
3.8362000000e+00	3.8362000000e+00	0.0000000000e+00
3.8088000000e+00	3.8088000000e+00	0.0000000000e+00
3.7614000000e+00	3.7614000000e+00	0.0000000000e+00
3.7279000000e+00	3.7279000000e+00	0.0000000000e+00
3.6920000000e+00	3.6920000000e+00	0.0000000000e+00
3.6090000000e+00	3.6090000000e+00	0.0000000000e+00
3.5514000000e+00	3.5514000000e+00	0.0000000000e+00
3.5270000000e+00	3.5270000000e+00	0.0000000000e+00
3.5154000000e+00	3.5154000000e+00	0.0000000000e+00
3.4586000000e+00	3.4586000000e+00	0.0000000000e+00
3.4360000000e+00	3.4360000000e+00	0.0000000000e+00
3.4009000000e+00	3.4009000000e+00	0.0000000000e+00
3.3568000000e+00	3.3568000000e+00	0.0000000000e+00
3.3197000000e+00	3.3197000000e+00	0.0000000000e+00
3.2920000000e+00	3.2920000000e+00	0.0000000000e+00
3.2387000000e+00	3.2387000000e+00	0.0000000000e+00
3.2444000000e+00	3.2444000000e+00	0.0000000000e+00
3.2146000000e+00	3.2146000000e+00	0.0000000000e+00
3.1670000000e+00	3.1670000000e+00	0.0000000000e+00
3.1595000000e+00	3.1595000000e+00	0.0000000000e+00
3.1517000000e+00	3.1517000000e+00	0.0000000000e+00
3.1312000000e+00	3.1312000000e+00	0.0000000000e+00
3.1342000000e+00	3.1342000000e+00	0.0000000000e+00
3.1268000000e+00	3.1268000000e+00	0.0000000000e+00
3.1024000000e+00	3.1024000000e+00	0.0000000000e+00
3.0806000000e+00	3.0806000000e+00	0.0000000000e+00
3.0499000000e+00	3.0499000000e+00	0.0000000000e+00
3.0466000000e+00	3.0466000000e+00	0.0000000000e+00
3.0371000000e+00	3.0371000000e+00	0.0000000000e+00
3.0299000000e+00	3.0299000000e+00	0.0000000000e+00
3.0339000000e+00	3.0339000000e+00	0.0000000000e+00
3.0247000000e+00	3.0247000000e+00	0.0000000000e+00
3.0219000000e+00	3.0219000000e+00	0.0000000000e+00
3.0161000000e+00	3.0161000000e+00	0.0000000000e+00
3.0084000000e+00	3.0084000000e+00	0.0000000000e+00
3.0014000000e+00	3.0014000000e+00	0.0000000000e+00
2.9945000000e+00	2.9945000000e+00	0.0000000000e+00
2.9860000000e+00	2.9860000000e+00	0.0000000000e+00
2.9777000000e+00	2.9777000000e+00	0.0000000000e+00
2.9563000000e+00	2.9563000000e+00	0.0000000000e+00
2.9507000000e+00	2.9507000000e+00	0.0000000000e+00
2.9152000000e+00	2.9152000000e+00	0.0000000000e+00
2.8905000000e+00	2.8905000000e+00	0.0000000000e+00
2.8627000000e+00	2.8627000000e+00	0.0000000000e+00
2.8326000000e+00	2.8326000000e+00	0.0000000000e+00
2.8012000000e+00	2.8012000000e+00	0.0000000000e+00
2.7673000000e+00	2.7673000000e+00	0.0000000000e+00
2.7332000000e+00	2.7332000000e+00	0.0000000000e+00
2.6988000000e+00	2.6988000000e+00	0.0000000000e+00
2.6645000000e+00	2.6645000000e+00	0.0000000000e+00
2.6308000000e+00	2.6308000000e+00	0.0000000000e+00
2.5980000000e+00	2.5980000000e+00	0.0000000000e+00
2.5667000000e+00	2.5667000000e+00	0.0000000000e+00
2.5371000000e+00	2.5371000000e+00	0.0000000000e+00
2.5097000000e+00	2.5097000000e+00	0.0000000000e+00
2.4849000000e+00	2.4849000000e+00	0.0000000000e+00
2.4631000000e+00	2.4631000000e+00	0.0000000000e+00
2.4448000000e+00	2.4448000000e+00	0.0000000000e+00
2.4301000000e+00	2.4301000000e+00	0.0000000000e+00
2.4196000000e+00	2.4196000000e+00	0.0000000000e+00
2.4134000000e+00	2.4134000000e+00	0.0000000000e+00
2.4118000000e+00	2.4118000000e+00	0.0000000000e+00
2.4150000000e+00	2.4150000000e+00	0.0000000000e+00
2.4230000000e+00	2.4230000000e+00	0.0000000000e+00
2.4360000000e+00	2.4360000000e+00	0.0000000000e+00
2.4537000000e+00	2.4537000000e+00	0.0000000000e+00
4.5586000000e+00	4.5586000000e+00	0.0000000000e+00
4.5279000000e+00	4.5279000000e+00	0.0000000000e+00
4.4986000000e+00	4.4986000000e+00	0.0000000000e+00
4.4706000000e+00	4.4706000000e+00	0.0000000000e+00
4.4439000000e+00	4.4439000000e+00	0.0000000000e+00
4.4189000000e+00	4.4189000000e+00	0.0000000000e+00
4.3961000000e+00	4.3961000000e+00	0.0000000000e+00
4.3761000000e+00	4.3761000000e+00	0.0000000000e+00
4.3580000000e+00	4.3580000000e+00	0.0000000000e+00
4.3437000000e+00	4.3437000000e+00	0.0000000000e+00
4.3358000000e+00	4.3358000000e+00	0.0000000000e+00
4.3343000000e+00	4.3343000000e+00	0.0000000000e+00
4.3425000000e+00	4.3425000000e+00	0.0000000000e+00
4.3630000000e+00	4.3630000000e+00	0.0000000000e+00
4.4049000000e+00	4.4049000000e+00	0.0000000000e+00
4.4683000000e+00	4.4683000000e+00	0.0000000000e+00
4.4649000000e+00	4.4649000000e+00	0.0000000000e+00
4.3574000000e+00	4.3574000000e+00	0.0000000000e+00
4.2840000000e+00	4.2840000000e+00	0.0000000000e+00
4.2444000000e+00	4.2444000000e+00	0.0000000000e+00
4.2969000000e+00	4.2969000000e+00	0.0000000000e+00
4.2150000000e+00	4.2150000000e+00	0.0000000000e+00
4.1083000000e+00	4.1083000000e+00	0.0000000000e+00
4.1509000000e+00	4.1509000000e+00	0.0000000000e+00
4.0597000000e+00	4.0597000000e+00	0.0000000000e+00
4.0394000000e+00	4.0394000000e+00	0.0000000000e+00
4.0096000000e+00	4.0096000000e+00	0.0000000000e+00
3.9896000000e+00	3.9896000000e+00	0.0000000000e+00
3.9955000000e+00	3.9955000000e+00	0.0000000000e+00
3.9793000000e+00	3.9793000000e+00	0.0000000000e+00
3.9550000000e+00	3.9550000000e+00	0.0000000000e+00
3.9545000000e+00	3.9545000000e+00	0.0000000000e+00
3.9296000000e+00	3.9296000000e+00	0.0000000000e+00
3.8936000000e+00	3.8936000000e+00	0.0000000000e+00
3.8706000000e+00	3.8706000000e+00	0.0000000000e+00
3.8472000000e+00	3.8472000000e+00	0.0000000000e+00
3.8133000000e+00	3.8133000000e+00	0.0000000000e+00
3.8194000000e+00	3.8194000000e+00	0.0000000000e+00
3.7545000000e+00	3.7545000000e+00	0.0000000000e+00
3.7066000000e+00	3.7066000000e+00	0.0000000000e+00
3.6602000000e+00	3.6602000000e+00	0.0000000000e+00
3.5917000000e+00	3.5917000000e+00	0.0000000000e+00
3.4872000000e+00	3.4872000000e+00	0.0000000000e+00
3.5351000000e+00	3.5351000000e+00	0.0000000000e+00
3.5368000000e+00	3.5368000000e+00	0.0000000000e+00
3.4532000000e+00	3.4532000000e+00	0.0000000000e+00
3.3903000000e+00	3.3903000000e+00	0.0000000000e+00
3.3658000000e+00	3.3658000000e+00	0.0000000000e+00
3.3168000000e+00	3.3168000000e+00	0.0000000000e+00
3.3009000000e+00	3.3009000000e+00	0.0000000000e+00
3.2754000000e+00	3.2754000000e+00	0.0000000000e+00
3.2262000000e+00	3.2262000000e+00	0.0000000000e+00
3.2107000000e+00	3.2107000000e+00	0.0000000000e+00
3.1745000000e+00	3.1745000000e+00	0.0000000000e+00
3.1714000000e+00	3.1714000000e+00	0.0000000000e+00
3.1756000000e+00	3.1756000000e+00	0.0000000000e+00
3.1856000000e+00	3.1856000000e+00	0.0000000000e+00
3.2174000000e+00	3.2174000000e+00	0.0000000000e+00
3.2025000000e+00	3.2025000000e+00	0.0000000000e+00
3.2337000000e+00	3.2337000000e+00	0.0000000000e+00
3.2058000000e+00	3.2058000000e+00	0.0000000000e+00
3.0716000000e+00	3.0716000000e+00	0.0000000000e+00
3.0442000000e+00	3.0442000000e+00	0.0000000000e+00
3.0411000000e+00	3.0411000000e+00	0.0000000000e+00
3.0316000000e+00	3.0316000000e+00	0.0000000000e+00
3.0296000000e+00	3.0296000000e+00	0.0000000000e+00
3.0249000000e+00	3.0249000000e+00	0.0000000000e+00
3.0212000000e+00	3.0212000000e+00	0.0000000000e+00
3.0249000000e+00	3.0249000000e+00	0.0000000000e+00
3.0186000000e+00	3.0186000000e+00	0.0000000000e+00
3.0115000000e+00	3.0115000000e+00	0.0000000000e+00
3.0076000000e+00	3.0076000000e+00	0.0000000000e+00
3.0019000000e+00	3.0019000000e+00	0.0000000000e+00
2.9968000000e+00	2.9968000000e+00	0.0000000000e+00
2.9920000000e+00	2.9920000000e+00	0.0000000000e+00
2.9804000000e+00	2.9804000000e+00	0.0000000000e+00
2.9681000000e+00	2.9681000000e+00	0.0000000000e+00
2.9533000000e+00	2.9533000000e+00	0.0000000000e+00
2.9351000000e+00	2.9351000000e+00	0.0000000000e+00
2.9134000000e+00	2.9134000000e+00	0.0000000000e+00
2.8886000000e+00	2.8886000000e+00	0.0000000000e+00
2.8608000000e+00	2.8608000000e+00	0.0000000000e+00
2.8305000000e+00	2.8305000000e+00	0.0000000000e+00
2.7984000000e+00	2.7984000000e+00	0.0000000000e+00
2.7650000000e+00	2.7650000000e+00	0.0000000000e+00
2.7310000000e+00	2.7310000000e+00	0.0000000000e+00
2.6967000000e+00	2.6967000000e+00	0.0000000000e+00
2.6629000000e+00	2.6629000000e+00	0.0000000000e+00
2.6298000000e+00	2.6298000000e+00	0.0000000000e+00
2.5980000000e+00	2.5980000000e+00	0.0000000000e+00
2.5679000000e+00	2.5679000000e+00	0.0000000000e+00
2.5399000000e+00	2.5399000000e+00	0.0000000000e+00
2.5145000000e+00	2.5145000000e+00	0.0000000000e+00
2.4920000000e+00	2.4920000000e+00	0.0000000000e+00
2.4729000000e+00	2.4729000000e+00	0.0000000000e+00
2.4575000000e+00	2.4575000000e+00	0.0000000000e+00
2.4463000000e+00	2.4463000000e+00	0.0000000000e+00
2.4394000000e+00	2.4394000000e+00	0.0000000000e+00
2.4372000000e+00	2.4372000000e+00	0.0000000000e+00
2.4398000000e+00	2.4398000000e+00	0.0000000000e+00
2.4474000000e+00	2.4474000000e+00	0.0000000000e+00
4.5534000000e+00	4.5534000000e+00	0.0000000000e+00
4.5227000000e+00	4.5227000000e+00	0.0000000000e+00
4.4936000000e+00	4.4936000000e+00	0.0000000000e+00
4.4656000000e+00	4.4656000000e+00	0.0000000000e+00
4.4390000000e+00	4.4390000000e+00	0.0000000000e+00
4.4139000000e+00	4.4139000000e+00	0.0000000000e+00
4.3909000000e+00	4.3909000000e+00	0.0000000000e+00
4.3704000000e+00	4.3704000000e+00	0.0000000000e+00
4.3525000000e+00	4.3525000000e+00	0.0000000000e+00
4.3371000000e+00	4.3371000000e+00	0.0000000000e+00
4.3270000000e+00	4.3270000000e+00	0.0000000000e+00
4.3232000000e+00	4.3232000000e+00	0.0000000000e+00
4.3250000000e+00	4.3250000000e+00	0.0000000000e+00
4.3362000000e+00	4.3362000000e+00	0.0000000000e+00
4.3614000000e+00	4.3614000000e+00	0.0000000000e+00
4.4064000000e+00	4.4064000000e+00	0.0000000000e+00
4.4446000000e+00	4.4446000000e+00	0.0000000000e+00
4.2122000000e+00	4.2122000000e+00	0.0000000000e+00
4.2892000000e+00	4.2892000000e+00	0.0000000000e+00
4.2698000000e+00	4.2698000000e+00	0.0000000000e+00
4.2765000000e+00	4.2765000000e+00	0.0000000000e+00
4.3962000000e+00	4.3962000000e+00	0.0000000000e+00
4.2077000000e+00	4.2077000000e+00	0.0000000000e+00
4.2640000000e+00	4.2640000000e+00	0.0000000000e+00
4.1261000000e+00	4.1261000000e+00	0.0000000000e+00
4.0431000000e+00	4.0431000000e+00	0.0000000000e+00
4.0024000000e+00	4.0024000000e+00	0.0000000000e+00
3.9932000000e+00	3.9932000000e+00	0.0000000000e+00
3.9870000000e+00	3.9870000000e+00	0.0000000000e+00
3.9708000000e+00	3.9708000000e+00	0.0000000000e+00
3.9521000000e+00	3.9521000000e+00	0.0000000000e+00
3.9548000000e+00	3.9548000000e+00	0.0000000000e+00
3.9281000000e+00	3.9281000000e+00	0.0000000000e+00
3.9133000000e+00	3.9133000000e+00	0.0000000000e+00
3.8850000000e+00	3.8850000000e+00	0.0000000000e+00
3.8566000000e+00	3.8566000000e+00	0.0000000000e+00
3.8245000000e+00	3.8245000000e+00	0.0000000000e+00
3.7936000000e+00	3.7936000000e+00	0.0000000000e+00
3.7261000000e+00	3.7261000000e+00	0.0000000000e+00
3.7076000000e+00	3.7076000000e+00	0.0000000000e+00
3.6796000000e+00	3.6796000000e+00	0.0000000000e+00
3.5816000000e+00	3.5816000000e+00	0.0000000000e+00
3.5529000000e+00	3.5529000000e+00	0.0000000000e+00
3.5143000000e+00	3.5143000000e+00	0.0000000000e+00
3.5027000000e+00	3.5027000000e+00	0.0000000000e+00
3.5364000000e+00	3.5364000000e+00	0.0000000000e+00
3.4131000000e+00	3.4131000000e+00	0.0000000000e+00
3.3341000000e+00	3.3341000000e+00	0.0000000000e+00
3.3144000000e+00	3.3144000000e+00	0.0000000000e+00
3.3106000000e+00	3.3106000000e+00	0.0000000000e+00
3.2690000000e+00	3.2690000000e+00	0.0000000000e+00
3.2482000000e+00	3.2482000000e+00	0.0000000000e+00
3.1991000000e+00	3.1991000000e+00	0.0000000000e+00
3.2127000000e+00	3.2127000000e+00	0.0000000000e+00
3.2499000000e+00	3.2499000000e+00	0.0000000000e+00
3.1632000000e+00	3.1632000000e+00	0.0000000000e+00
3.2777000000e+00	3.2777000000e+00	0.0000000000e+00
3.1791000000e+00	3.1791000000e+00	0.0000000000e+00
3.1205000000e+00	3.1205000000e+00	0.0000000000e+00
3.1109000000e+00	3.1109000000e+00	0.0000000000e+00
3.1208000000e+00	3.1208000000e+00	0.0000000000e+00
3.0749000000e+00	3.0749000000e+00	0.0000000000e+00
3.0533000000e+00	3.0533000000e+00	0.0000000000e+00
3.0435000000e+00	3.0435000000e+00	0.0000000000e+00
3.0355000000e+00	3.0355000000e+00	0.0000000000e+00
3.0294000000e+00	3.0294000000e+00	0.0000000000e+00
3.0348000000e+00	3.0348000000e+00	0.0000000000e+00
3.0298000000e+00	3.0298000000e+00	0.0000000000e+00
3.0254000000e+00	3.0254000000e+00	0.0000000000e+00
3.0236000000e+00	3.0236000000e+00	0.0000000000e+00
3.0154000000e+00	3.0154000000e+00	0.0000000000e+00
3.0149000000e+00	3.0149000000e+00	0.0000000000e+00
3.0118000000e+00	3.0118000000e+00	0.0000000000e+00
3.0098000000e+00	3.0098000000e+00	0.0000000000e+00
3.0045000000e+00	3.0045000000e+00	0.0000000000e+00
3.0018000000e+00	3.0018000000e+00	0.0000000000e+00
2.9955000000e+00	2.9955000000e+00	0.0000000000e+00
2.9867000000e+00	2.9867000000e+00	0.0000000000e+00
2.9775000000e+00	2.9775000000e+00	0.0000000000e+00
2.9655000000e+00	2.9655000000e+00	0.0000000000e+00
2.9505000000e+00	2.9505000000e+00	0.0000000000e+00
2.9318000000e+00	2.9318000000e+00	0.0000000000e+00
2.9097000000e+00	2.9097000000e+00	0.0000000000e+00
2.8845000000e+00	2.8845000000e+00	0.0000000000e+00
2.8563000000e+00	2.8563000000e+00	0.0000000000e+00
2.8258000000e+00	2.8258000000e+00	0.0000000000e+00
2.7936000000e+00	2.7936000000e+00	0.0000000000e+00
2.7603000000e+00	2.7603000000e+00	0.0000000000e+00
2.7264000000e+00	2.7264000000e+00	0.0000000000e+00
2.6927000000e+00	2.6927000000e+00	0.0000000000e+00
2.6596000000e+00	2.6596000000e+00	0.0000000000e+00
2.6275000000e+00	2.6275000000e+00	0.0000000000e+00
2.5971000000e+00	2.5971000000e+00	0.0000000000e+00
2.5686000000e+00	2.5686000000e+00	0.0000000000e+00
2.5427000000e+00	2.5427000000e+00	0.0000000000e+00
2.5196000000e+00	2.5196000000e+00	0.0000000000e+00
2.4998000000e+00	2.4998000000e+00	0.0000000000e+00
2.4838000000e+00	2.4838000000e+00	0.0000000000e+00
2.4719000000e+00	2.4719000000e+00	0.0000000000e+00
2.4644000000e+00	2.4644000000e+00	0.0000000000e+00
2.4615000000e+00	2.4615000000e+00	0.0000000000e+00
4.5481000000e+00	4.5481000000e+00	0.0000000000e+00
4.5175000000e+00	4.5175000000e+00	0.0000000000e+00
4.4883000000e+00	4.4883000000e+00	0.0000000000e+00
4.4602000000e+00	4.4602000000e+00	0.0000000000e+00
4.4334000000e+00	4.4334000000e+00	0.0000000000e+00
4.4079000000e+00	4.4079000000e+00	0.0000000000e+00
4.3843000000e+00	4.3843000000e+00	0.0000000000e+00
4.3627000000e+00	4.3627000000e+00	0.0000000000e+00
4.3439000000e+00	4.3439000000e+00	0.0000000000e+00
4.3267000000e+00	4.3267000000e+00	0.0000000000e+00
4.3125000000e+00	4.3125000000e+00	0.0000000000e+00
4.3024000000e+00	4.3024000000e+00	0.0000000000e+00
4.2954000000e+00	4.2954000000e+00	0.0000000000e+00
4.2898000000e+00	4.2898000000e+00	0.0000000000e+00
4.2840000000e+00	4.2840000000e+00	0.0000000000e+00
4.2658000000e+00	4.2658000000e+00	0.0000000000e+00
4.2224000000e+00	4.2224000000e+00	0.0000000000e+00
4.3372000000e+00	4.3372000000e+00	0.0000000000e+00
4.3153000000e+00	4.3153000000e+00	0.0000000000e+00
4.2602000000e+00	4.2602000000e+00	0.0000000000e+00
4.2446000000e+00	4.2446000000e+00	0.0000000000e+00
4.2889000000e+00	4.2889000000e+00	0.0000000000e+00
4.4352000000e+00	4.4352000000e+00	0.0000000000e+00
4.6717000000e+00	4.6717000000e+00	0.0000000000e+00
4.1192000000e+00	4.1192000000e+00	0.0000000000e+00
4.0530000000e+00	4.0530000000e+00	0.0000000000e+00
4.0335000000e+00	4.0335000000e+00	0.0000000000e+00
3.9893000000e+00	3.9893000000e+00	0.0000000000e+00
3.9888000000e+00	3.9888000000e+00	0.0000000000e+00
3.9722000000e+00	3.9722000000e+00	0.0000000000e+00
3.9651000000e+00	3.9651000000e+00	0.0000000000e+00
3.9620000000e+00	3.9620000000e+00	0.0000000000e+00
3.9344000000e+00	3.9344000000e+00	0.0000000000e+00
3.9225000000e+00	3.9225000000e+00	0.0000000000e+00
3.8924000000e+00	3.8924000000e+00	0.0000000000e+00
3.8687000000e+00	3.8687000000e+00	0.0000000000e+00
3.8436000000e+00	3.8436000000e+00	0.0000000000e+00
3.7878000000e+00	3.7878000000e+00	0.0000000000e+00
3.7512000000e+00	3.7512000000e+00	0.0000000000e+00
3.6931000000e+00	3.6931000000e+00	0.0000000000e+00
3.6526000000e+00	3.6526000000e+00	0.0000000000e+00
3.6567000000e+00	3.6567000000e+00	0.0000000000e+00
3.5771000000e+00	3.5771000000e+00	0.0000000000e+00
3.5128000000e+00	3.5128000000e+00	0.0000000000e+00
3.4943000000e+00	3.4943000000e+00	0.0000000000e+00
3.4575000000e+00	3.4575000000e+00	0.0000000000e+00
3.4246000000e+00	3.4246000000e+00	0.0000000000e+00
3.3443000000e+00	3.3443000000e+00	0.0000000000e+00
3.3554000000e+00	3.3554000000e+00	0.0000000000e+00
3.3124000000e+00	3.3124000000e+00	0.0000000000e+00
3.2883000000e+00	3.2883000000e+00	0.0000000000e+00
3.2547000000e+00	3.2547000000e+00	0.0000000000e+00
3.2212000000e+00	3.2212000000e+00	0.0000000000e+00
3.2088000000e+00	3.2088000000e+00	0.0000000000e+00
3.2411000000e+00	3.2411000000e+00	0.0000000000e+00
3.1749000000e+00	3.1749000000e+00	0.0000000000e+00
3.1704000000e+00	3.1704000000e+00	0.0000000000e+00
3.1732000000e+00	3.1732000000e+00	0.0000000000e+00
3.1587000000e+00	3.1587000000e+00	0.0000000000e+00
3.1263000000e+00	3.1263000000e+00	0.0000000000e+00
3.1603000000e+00	3.1604000000e+00	-1.3741974210e-05
3.0714000000e+00	3.0714000000e+00	0.0000000000e+00
3.0557000000e+00	3.0557000000e+00	0.0000000000e+00
3.0464000000e+00	3.0464000000e+00	0.0000000000e+00
3.0407000000e+00	3.0407000000e+00	0.0000000000e+00
3.0357000000e+00	3.0357000000e+00	0.0000000000e+00
3.0412000000e+00	3.0412000000e+00	0.0000000000e+00
3.0324000000e+00	3.0324000000e+00	0.0000000000e+00
3.0290000000e+00	3.0290000000e+00	0.0000000000e+00
3.0264000000e+00	3.0264000000e+00	0.0000000000e+00
3.0205000000e+00	3.0205000000e+00	0.0000000000e+00
3.0134000000e+00	3.0134000000e+00	0.0000000000e+00
3.0157000000e+00	3.0157000000e+00	0.0000000000e+00
3.0127000000e+00	3.0127000000e+00	0.0000000000e+00
3.0103000000e+00	3.0103000000e+00	0.0000000000e+00
3.0081000000e+00	3.0081000000e+00	0.0000000000e+00
3.0058000000e+00	3.0058000000e+00	0.0000000000e+00
3.0005000000e+00	3.0005000000e+00	0.0000000000e+00
2.9967000000e+00	2.9967000000e+00	0.0000000000e+00
2.9914000000e+00	2.9914000000e+00	0.0000000000e+00
2.9841000000e+00	2.9841000000e+00	0.0000000000e+00
2.9745000000e+00	2.9745000000e+00	0.0000000000e+00
2.9620000000e+00	2.9620000000e+00	0.0000000000e+00
2.9462000000e+00	2.9462000000e+00	0.0000000000e+00
2.9269000000e+00	2.9269000000e+00	0.0000000000e+00
2.9042000000e+00	2.9042000000e+00	0.0000000000e+00
2.8783000000e+00	2.8783000000e+00	0.0000000000e+00
2.8497000000e+00	2.8497000000e+00	0.0000000000e+00
2.8190000000e+00	2.8190000000e+00	0.0000000000e+00
2.7868000000e+00	2.7868000000e+00	0.0000000000e+00
2.7537000000e+00	2.7537000000e+00	0.0000000000e+00
2.7204000000e+00	2.7204000000e+00	0.0000000000e+00
2.6874000000e+00	2.6874000000e+00	0.0000000000e+00
2.6553000000e+00	2.6553000000e+00	0.0000000000e+00
2.6247000000e+00	2.6247000000e+00	0.0000000000e+00
2.5960000000e+00	2.5960000000e+00	0.0000000000e+00
2.5696000000e+00	2.5696000000e+00	0.0000000000e+00
2.5460000000e+00	2.5460000000e+00	0.0000000000e+00
2.5257000000e+00	2.5257000000e+00	0.0000000000e+00
2.5091000000e+00	2.5091000000e+00	0.0000000000e+00
2.4965000000e+00	2.4965000000e+00	0.0000000000e+00
4.5428000000e+00	4.5428000000e+00	0.0000000000e+00
4.5123000000e+00	4.5123000000e+00	0.0000000000e+00
4.4830000000e+00	4.4830000000e+00	0.0000000000e+00
4.4548000000e+00	4.4548000000e+00	0.0000000000e+00
4.4275000000e+00	4.4275000000e+00	0.0000000000e+00
4.4016000000e+00	4.4016000000e+00	0.0000000000e+00
4.3770000000e+00	4.3770000000e+00	0.0000000000e+00
4.3542000000e+00	4.3542000000e+00	0.0000000000e+00
4.3332000000e+00	4.3332000000e+00	0.0000000000e+00
4.3143000000e+00	4.3143000000e+00	0.0000000000e+00
4.2963000000e+00	4.2963000000e+00	0.0000000000e+00
4.2796000000e+00	4.2796000000e+00	0.0000000000e+00
4.2638000000e+00	4.2638000000e+00	0.0000000000e+00
4.2468000000e+00	4.2468000000e+00	0.0000000000e+00
4.2241000000e+00	4.2241000000e+00	0.0000000000e+00
4.1894000000e+00	4.1894000000e+00	0.0000000000e+00
4.1560000000e+00	4.1560000000e+00	0.0000000000e+00
4.2410000000e+00	4.2410000000e+00	0.0000000000e+00
4.1405000000e+00	4.1405000000e+00	0.0000000000e+00
4.1986000000e+00	4.1986000000e+00	0.0000000000e+00
4.2179000000e+00	4.2179000000e+00	0.0000000000e+00
4.2788000000e+00	4.2788000000e+00	0.0000000000e+00
4.4310000000e+00	4.4310000000e+00	0.0000000000e+00
4.8635000000e+00	4.8635000000e+00	0.0000000000e+00
4.4545000000e+00	4.4545000000e+00	0.0000000000e+00
4.0741000000e+00	4.0741000000e+00	0.0000000000e+00
4.0466000000e+00	4.0466000000e+00	0.0000000000e+00
4.0063000000e+00	4.0063000000e+00	0.0000000000e+00
3.9779000000e+00	3.9779000000e+00	0.0000000000e+00
3.9685000000e+00	3.9685000000e+00	0.0000000000e+00
3.9613000000e+00	3.9613000000e+00	0.0000000000e+00
3.9582000000e+00	3.9582000000e+00	0.0000000000e+00
3.9426000000e+00	3.9426000000e+00	0.0000000000e+00
3.9228000000e+00	3.9228000000e+00	0.0000000000e+00
3.8986000000e+00	3.8986000000e+00	0.0000000000e+00
3.8773000000e+00	3.8773000000e+00	0.0000000000e+00
3.8584000000e+00	3.8584000000e+00	0.0000000000e+00
3.8299000000e+00	3.8299000000e+00	0.0000000000e+00
3.7433000000e+00	3.7433000000e+00	0.0000000000e+00
3.7054000000e+00	3.7054000000e+00	0.0000000000e+00
3.6663000000e+00	3.6663000000e+00	0.0000000000e+00
3.6266000000e+00	3.6266000000e+00	0.0000000000e+00
3.5905000000e+00	3.5905000000e+00	0.0000000000e+00
3.5106000000e+00	3.5106000000e+00	0.0000000000e+00
3.5011000000e+00	3.5011000000e+00	0.0000000000e+00
3.4730000000e+00	3.4730000000e+00	0.0000000000e+00
3.4399000000e+00	3.4399000000e+00	0.0000000000e+00
3.3682000000e+00	3.3682000000e+00	0.0000000000e+00
3.3637000000e+00	3.3637000000e+00	0.0000000000e+00
3.3322000000e+00	3.3322000000e+00	0.0000000000e+00
3.2728000000e+00	3.2728000000e+00	0.0000000000e+00
3.2559000000e+00	3.2559000000e+00	0.0000000000e+00
3.2348000000e+00	3.2348000000e+00	0.0000000000e+00
3.2657000000e+00	3.2657000000e+00	0.0000000000e+00
3.2875000000e+00	3.2875000000e+00	0.0000000000e+00
3.2177000000e+00	3.2177000000e+00	0.0000000000e+00
3.1707000000e+00	3.1707000000e+00	0.0000000000e+00
3.1457000000e+00	3.1457000000e+00	0.0000000000e+00
3.1327000000e+00	3.1327000000e+00	0.0000000000e+00
3.1361000000e+00	3.1361000000e+00	0.0000000000e+00
3.0926000000e+00	3.0926000000e+00	0.0000000000e+00
3.0796000000e+00	3.0796000000e+00	0.0000000000e+00
3.0554000000e+00	3.0554000000e+00	0.0000000000e+00
3.0466000000e+00	3.0466000000e+00	0.0000000000e+00
3.0408000000e+00	3.0408000000e+00	0.0000000000e+00
3.0368000000e+00	3.0368000000e+00	0.0000000000e+00
3.0423000000e+00	3.0423000000e+00	0.0000000000e+00
3.0398000000e+00	3.0398000000e+00	0.0000000000e+00
3.0306000000e+00	3.0306000000e+00	0.0000000000e+00
3.0263000000e+00	3.0263000000e+00	0.0000000000e+00
3.0176000000e+00	3.0176000000e+00	0.0000000000e+00
3.0162000000e+00	3.0162000000e+00	0.0000000000e+00
3.0125000000e+00	3.0125000000e+00	0.0000000000e+00
3.0120000000e+00	3.0120000000e+00	0.0000000000e+00
3.0111000000e+00	3.0111000000e+00	0.0000000000e+00
3.0112000000e+00	3.0112000000e+00	0.0000000000e+00
3.0069000000e+00	3.0069000000e+00	0.0000000000e+00
3.0055000000e+00	3.0055000000e+00	0.0000000000e+00
3.0038000000e+00	3.0038000000e+00	0.0000000000e+00
3.0016000000e+00	3.0016000000e+00	0.0000000000e+00
2.9987000000e+00	2.9987000000e+00	0.0000000000e+00
2.9946000000e+00	2.9946000000e+00	0.0000000000e+00
2.9890000000e+00	2.9890000000e+00	0.0000000000e+00
2.9812000000e+00	2.9812000000e+00	0.0000000000e+00
2.9709000000e+00	2.9709000000e+00	0.0000000000e+00
2.9575000000e+00	2.9575000000e+00	0.0000000000e+00
2.9408000000e+00	2.9408000000e+00	0.0000000000e+00
2.9206000000e+00	2.9206000000e+00	0.0000000000e+00
2.8971000000e+00	2.8971000000e+00	0.0000000000e+00
2.8706000000e+00	2.8706000000e+00	0.0000000000e+00
2.8416000000e+00	2.8416000000e+00	0.0000000000e+00
2.8107000000e+00	2.8107000000e+00	0.0000000000e+00
2.7786000000e+00	2.7786000000e+00	0.0000000000e+00
2.7460000000e+00	2.7460000000e+00	0.0000000000e+00
2.7134000000e+00	2.7134000000e+00	0.0000000000e+00
2.6816000000e+00	2.6816000000e+00	0.0000000000e+00
2.6509000000e+00	2.6509000000e+00	0.0000000000e+00
2.6220000000e+00	2.6220000000e+00	0.0000000000e+00
2.5954000000e+00	2.5954000000e+00	0.0000000000e+00
2.5714000000e+00	2.5714000000e+00	0.0000000000e+00
2.5506000000e+00	2.5506000000e+00	0.0000000000e+00
4.5377000000e+00	4.5377000000e+00	0.0000000000e+00
4.5072000000e+00	4.5072000000e+00	0.0000000000e+00
4.4779000000e+00	4.4779000000e+00	0.0000000000e+00
4.4493000000e+00	4.4493000000e+00	0.0000000000e+00
4.4217000000e+00	4.4217000000e+00	0.0000000000e+00
4.3951000000e+00	4.3951000000e+00	0.0000000000e+00
4.3697000000e+00	4.3697000000e+00	0.0000000000e+00
4.3455000000e+00	4.3455000000e+00	0.0000000000e+00
4.3227000000e+00	4.3227000000e+00	0.0000000000e+00
4.3011000000e+00	4.3011000000e+00	0.0000000000e+00
4.2804000000e+00	4.2804000000e+00	0.0000000000e+00
4.2602000000e+00	4.2602000000e+00	0.0000000000e+00
4.2391000000e+00	4.2391000000e+00	0.0000000000e+00
4.2170000000e+00	4.2170000000e+00	0.0000000000e+00
4.1921000000e+00	4.1921000000e+00	0.0000000000e+00
4.1638000000e+00	4.1638000000e+00	0.0000000000e+00
4.1249000000e+00	4.1249000000e+00	0.0000000000e+00
4.1146000000e+00	4.1146000000e+00	0.0000000000e+00
4.1605000000e+00	4.1605000000e+00	0.0000000000e+00
4.3378000000e+00	4.3378000000e+00	0.0000000000e+00
4.2949000000e+00	4.2949000000e+00	0.0000000000e+00
4.3001000000e+00	4.3001000000e+00	0.0000000000e+00
4.3791000000e+00	4.3791000000e+00	0.0000000000e+00
4.7197000000e+00	4.7197000000e+00	0.0000000000e+00
4.1883000000e+00	4.1883000000e+00	0.0000000000e+00
4.1313000000e+00	4.1313000000e+00	0.0000000000e+00
4.0490000000e+00	4.0490000000e+00	0.0000000000e+00
4.0072000000e+00	4.0072000000e+00	0.0000000000e+00
3.9946000000e+00	3.9946000000e+00	0.0000000000e+00
3.9668000000e+00	3.9668000000e+00	0.0000000000e+00
3.9725000000e+00	3.9725000000e+00	0.0000000000e+00
3.9537000000e+00	3.9537000000e+00	0.0000000000e+00
3.9411000000e+00	3.9411000000e+00	0.0000000000e+00
3.9215000000e+00	3.9215000000e+00	0.0000000000e+00
3.9098000000e+00	3.9098000000e+00	0.0000000000e+00
3.8859000000e+00	3.8859000000e+00	0.0000000000e+00
3.8566000000e+00	3.8566000000e+00	0.0000000000e+00
3.8065000000e+00	3.8065000000e+00	0.0000000000e+00
3.7567000000e+00	3.7567000000e+00	0.0000000000e+00
3.7210000000e+00	3.7210000000e+00	0.0000000000e+00
3.6816000000e+00	3.6816000000e+00	0.0000000000e+00
3.6455000000e+00	3.6455000000e+00	0.0000000000e+00
3.6066000000e+00	3.6066000000e+00	0.0000000000e+00
3.5680000000e+00	3.5680000000e+00	0.0000000000e+00
3.4862000000e+00	3.4862000000e+00	0.0000000000e+00
3.4892000000e+00	3.4892000000e+00	0.0000000000e+00
3.4452000000e+00	3.4452000000e+00	0.0000000000e+00
3.3744000000e+00	3.3744000000e+00	0.0000000000e+00
3.3779000000e+00	3.3779000000e+00	0.0000000000e+00
3.3095000000e+00	3.3095000000e+00	0.0000000000e+00
3.2719000000e+00	3.2719000000e+00	0.0000000000e+00
3.2434000000e+00	3.2434000000e+00	0.0000000000e+00
3.2441000000e+00	3.2441000000e+00	0.0000000000e+00
3.2132000000e+00	3.2132000000e+00	0.0000000000e+00
3.2533000000e+00	3.2533000000e+00	0.0000000000e+00
3.1951000000e+00	3.1951000000e+00	0.0000000000e+00
3.1939000000e+00	3.1939000000e+00	0.0000000000e+00
3.2269000000e+00	3.2269000000e+00	0.0000000000e+00
3.1275000000e+00	3.1275000000e+00	0.0000000000e+00
3.1162000000e+00	3.1162000000e+00	0.0000000000e+00
3.0882000000e+00	3.0882000000e+00	0.0000000000e+00
3.0819000000e+00	3.0819000000e+00	0.0000000000e+00
3.0617000000e+00	3.0617000000e+00	0.0000000000e+00
3.0510000000e+00	3.0510000000e+00	0.0000000000e+00
3.0448000000e+00	3.0448000000e+00	0.0000000000e+00
3.0531000000e+00	3.0531000000e+00	0.0000000000e+00
3.0446000000e+00	3.0446000000e+00	0.0000000000e+00
3.0396000000e+00	3.0396000000e+00	0.0000000000e+00
3.0323000000e+00	3.0323000000e+00	0.0000000000e+00
3.0307000000e+00	3.0307000000e+00	0.0000000000e+00
3.0252000000e+00	3.0252000000e+00	0.0000000000e+00
3.0172000000e+00	3.0172000000e+00	0.0000000000e+00
3.0191000000e+00	3.0191000000e+00	0.0000000000e+00
3.0124000000e+00	3.0124000000e+00	0.0000000000e+00
3.0108000000e+00	3.0108000000e+00	0.0000000000e+00
3.0095000000e+00	3.0095000000e+00	0.0000000000e+00
3.0084000000e+00	3.0084000000e+00	0.0000000000e+00
3.0074000000e+00	3.0074000000e+00	0.0000000000e+00
3.0064000000e+00	3.0064000000e+00	0.0000000000e+00
3.0053000000e+00	3.0053000000e+00	0.0000000000e+00
3.0040000000e+00	3.0040000000e+00	0.0000000000e+00
3.0024000000e+00	3.0024000000e+00	0.0000000000e+00
3.0001000000e+00	3.0001000000e+00	0.0000000000e+00
2.9969000000e+00	2.9969000000e+00	0.0000000000e+00
2.9925000000e+00	2.9925000000e+00	0.0000000000e+00
2.9862000000e+00	2.9862000000e+00	0.0000000000e+00
2.9777000000e+00	2.9777000000e+00	0.0000000000e+00
2.9664000000e+00	2.9664000000e+00	0.0000000000e+00
2.9520000000e+00	2.9520000000e+00	0.0000000000e+00
2.9343000000e+00	2.9343000000e+00	0.0000000000e+00
2.9131000000e+00	2.9131000000e+00	0.0000000000e+00
2.8888000000e+00	2.8888000000e+00	0.0000000000e+00
2.8616000000e+00	2.8616000000e+00	0.0000000000e+00
2.8323000000e+00	2.8323000000e+00	0.0000000000e+00
2.8015000000e+00	2.8015000000e+00	0.0000000000e+00
2.7697000000e+00	2.7697000000e+00	0.0000000000e+00
2.7378000000e+00	2.7378000000e+00	0.0000000000e+00
2.7063000000e+00	2.7063000000e+00	0.0000000000e+00
2.6758000000e+00	2.6758000000e+00	0.0000000000e+00
2.6469000000e+00	2.6469000000e+00	0.0000000000e+00
2.6201000000e+00	2.6201000000e+00	0.0000000000e+00
4.5330000000e+00	4.5330000000e+00	0.0000000000e+00
4.5025000000e+00	4.5025000000e+00	0.0000000000e+00
4.4731000000e+00	4.4731000000e+00	0.0000000000e+00
4.4443000000e+00	4.4443000000e+00	0.0000000000e+00
4.4163000000e+00	4.4163000000e+00	0.0000000000e+00
4.3892000000e+00	4.3892000000e+00	0.0000000000e+00
4.3629000000e+00	4.3629000000e+00	0.0000000000e+00
4.3377000000e+00	4.3377000000e+00	0.0000000000e+00
4.3134000000e+00	4.3134000000e+00	0.0000000000e+00
4.2899000000e+00	4.2899000000e+00	0.0000000000e+00
4.2670000000e+00	4.2670000000e+00	0.0000000000e+00
4.2442000000e+00	4.2442000000e+00	0.0000000000e+00
4.2218000000e+00	4.2218000000e+00	0.0000000000e+00
4.1998000000e+00	4.1998000000e+00	0.0000000000e+00
4.1785000000e+00	4.1785000000e+00	0.0000000000e+00
4.1607000000e+00	4.1607000000e+00	0.0000000000e+00
4.1643000000e+00	4.1643000000e+00	0.0000000000e+00
4.2423000000e+00	4.2423000000e+00	0.0000000000e+00
4.3494000000e+00	4.3494000000e+00	0.0000000000e+00
4.3915000000e+00	4.3915000000e+00	0.0000000000e+00
4.4215000000e+00	4.4215000000e+00	0.0000000000e+00
4.4358000000e+00	4.4358000000e+00	0.0000000000e+00
4.6133000000e+00	4.6133000000e+00	0.0000000000e+00
4.3694000000e+00	4.3694000000e+00	0.0000000000e+00
4.2604000000e+00	4.2604000000e+00	0.0000000000e+00
4.1108000000e+00	4.1108000000e+00	0.0000000000e+00
4.0389000000e+00	4.0389000000e+00	0.0000000000e+00
4.0108000000e+00	4.0108000000e+00	0.0000000000e+00
4.0025000000e+00	4.0025000000e+00	0.0000000000e+00
3.9820000000e+00	3.9820000000e+00	0.0000000000e+00
3.9589000000e+00	3.9589000000e+00	0.0000000000e+00
3.9590000000e+00	3.9590000000e+00	0.0000000000e+00
3.9437000000e+00	3.9437000000e+00	0.0000000000e+00
3.9132000000e+00	3.9132000000e+00	0.0000000000e+00
3.9105000000e+00	3.9105000000e+00	0.0000000000e+00
3.8888000000e+00	3.8888000000e+00	0.0000000000e+00
3.8416000000e+00	3.8416000000e+00	0.0000000000e+00
3.8251000000e+00	3.8251000000e+00	0.0000000000e+00
3.7744000000e+00	3.7744000000e+00	0.0000000000e+00
3.7250000000e+00	3.7250000000e+00	0.0000000000e+00
3.6992000000e+00	3.6992000000e+00	0.0000000000e+00
3.6609000000e+00	3.6609000000e+00	0.0000000000e+00
3.6264000000e+00	3.6264000000e+00	0.0000000000e+00
3.5857000000e+00	3.5857000000e+00	0.0000000000e+00
3.5077000000e+00	3.5077000000e+00	0.0000000000e+00
3.4947000000e+00	3.4947000000e+00	0.0000000000e+00
3.4680000000e+00	3.4680000000e+00	0.0000000000e+00
3.4187000000e+00	3.4187000000e+00	0.0000000000e+00
3.3584000000e+00	3.3584000000e+00	0.0000000000e+00
3.3220000000e+00	3.3220000000e+00	0.0000000000e+00
3.2918000000e+00	3.2918000000e+00	0.0000000000e+00
3.2616000000e+00	3.2616000000e+00	0.0000000000e+00
3.2346000000e+00	3.2346000000e+00	0.0000000000e+00
3.2095000000e+00	3.2095000000e+00	0.0000000000e+00
3.1863000000e+00	3.1863000000e+00	0.0000000000e+00
3.1741000000e+00	3.1741000000e+00	0.0000000000e+00
3.1612000000e+00	3.1612000000e+00	0.0000000000e+00
3.1405000000e+00	3.1405000000e+00	0.0000000000e+00
3.1196000000e+00	3.1196000000e+00	0.0000000000e+00
3.1000000000e+00	3.1000000000e+00	0.0000000000e+00
3.0859000000e+00	3.0859000000e+00	0.0000000000e+00
3.0785000000e+00	3.0785000000e+00	0.0000000000e+00
3.0651000000e+00	3.0651000000e+00	0.0000000000e+00
3.0562000000e+00	3.0562000000e+00	0.0000000000e+00
3.0704000000e+00	3.0704000000e+00	0.0000000000e+00
3.0570000000e+00	3.0570000000e+00	0.0000000000e+00
3.0465000000e+00	3.0465000000e+00	0.0000000000e+00
3.0411000000e+00	3.0411000000e+00	0.0000000000e+00
3.0384000000e+00	3.0384000000e+00	0.0000000000e+00
3.0339000000e+00	3.0339000000e+00	0.0000000000e+00
3.0367000000e+00	3.0367000000e+00	0.0000000000e+00
3.0215000000e+00	3.0215000000e+00	0.0000000000e+00
3.0165000000e+00	3.0165000000e+00	0.0000000000e+00
3.0138000000e+00	3.0138000000e+00	0.0000000000e+00
3.0122000000e+00	3.0122000000e+00	0.0000000000e+00
3.0108000000e+00	3.0108000000e+00	0.0000000000e+00
3.0096000000e+00	3.0096000000e+00	0.0000000000e+00
3.0086000000e+00	3.0086000000e+00	0.0000000000e+00
3.0077000000e+00	3.0077000000e+00	0.0000000000e+00
3.0068000000e+00	3.0068000000e+00	0.0000000000e+00
3.0060000000e+00	3.0060000000e+00	0.0000000000e+00
3.0052000000e+00	3.0052000000e+00	0.0000000000e+00
3.0042000000e+00	3.0042000000e+00	0.0000000000e+00
3.0029000000e+00	3.0029000000e+00	0.0000000000e+00
3.0011000000e+00	3.0011000000e+00	0.0000000000e+00
2.9987000000e+00	2.9987000000e+00	0.0000000000e+00
2.9951000000e+00	2.9951000000e+00	0.0000000000e+00
2.9901000000e+00	2.9901000000e+00	0.0000000000e+00
2.9831000000e+00	2.9831000000e+00	0.0000000000e+00
2.9736000000e+00	2.9736000000e+00	0.0000000000e+00
2.9612000000e+00	2.9612000000e+00	0.0000000000e+00
2.9457000000e+00	2.9457000000e+00	0.0000000000e+00
2.9267000000e+00	2.9267000000e+00	0.0000000000e+00
2.9046000000e+00	2.9046000000e+00	0.0000000000e+00
2.8794000000e+00	2.8794000000e+00	0.0000000000e+00
2.8518000000e+00	2.8518000000e+00	0.0000000000e+00
2.8224000000e+00	2.8224000000e+00	0.0000000000e+00
2.7917000000e+00	2.7917000000e+00	0.0000000000e+00
2.7606000000e+00	2.7606000000e+00	0.0000000000e+00
2.7296000000e+00	2.7296000000e+00	0.0000000000e+00
2.6994000000e+00	2.6994000000e+00	0.0000000000e+00
4.5286000000e+00	4.5286000000e+00	0.0000000000e+00
4.4982000000e+00	4.4982000000e+00	0.0000000000e+00
4.4687000000e+00	4.4687000000e+00	0.0000000000e+00
4.4398000000e+00	4.4398000000e+00	0.0000000000e+00
4.4116000000e+00	4.4116000000e+00	0.0000000000e+00
4.3841000000e+00	4.3841000000e+00	0.0000000000e+00
4.3572000000e+00	4.3572000000e+00	0.0000000000e+00
4.3311000000e+00	4.3311000000e+00	0.0000000000e+00
4.3059000000e+00	4.3059000000e+00	0.0000000000e+00
4.2814000000e+00	4.2814000000e+00	0.0000000000e+00
4.2573000000e+00	4.2573000000e+00	0.0000000000e+00
4.2337000000e+00	4.2337000000e+00	0.0000000000e+00
4.2110000000e+00	4.2110000000e+00	0.0000000000e+00
4.1901000000e+00	4.1901000000e+00	0.0000000000e+00
4.1728000000e+00	4.1728000000e+00	0.0000000000e+00
4.1639000000e+00	4.1639000000e+00	0.0000000000e+00
4.1903000000e+00	4.1903000000e+00	0.0000000000e+00
4.2760000000e+00	4.2760000000e+00	0.0000000000e+00
4.4503000000e+00	4.4503000000e+00	0.0000000000e+00
4.6504000000e+00	4.6504000000e+00	0.0000000000e+00
4.6797000000e+00	4.6797000000e+00	0.0000000000e+00
4.5572000000e+00	4.5572000000e+00	0.0000000000e+00
4.3723000000e+00	4.3723000000e+00	0.0000000000e+00
4.8758000000e+00	4.8758000000e+00	0.0000000000e+00
4.2550000000e+00	4.2550000000e+00	0.0000000000e+00
4.0725000000e+00	4.0725000000e+00	0.0000000000e+00
4.0252000000e+00	4.0252000000e+00	0.0000000000e+00
4.0068000000e+00	4.0068000000e+00	0.0000000000e+00
4.0057000000e+00	4.0057000000e+00	0.0000000000e+00
3.9951000000e+00	3.9951000000e+00	0.0000000000e+00
3.9835000000e+00	3.9835000000e+00	0.0000000000e+00
3.9501000000e+00	3.9501000000e+00	0.0000000000e+00
3.9416000000e+00	3.9416000000e+00	0.0000000000e+00
3.9175000000e+00	3.9175000000e+00	0.0000000000e+00
3.9062000000e+00	3.9062000000e+00	0.0000000000e+00
3.8984000000e+00	3.8984000000e+00	0.0000000000e+00
3.8567000000e+00	3.8567000000e+00	0.0000000000e+00
3.8254000000e+00	3.8254000000e+00	0.0000000000e+00
3.7916000000e+00	3.7916000000e+00	0.0000000000e+00
3.7558000000e+00	3.7558000000e+00	0.0000000000e+00
3.7069000000e+00	3.7069000000e+00	0.0000000000e+00
3.6827000000e+00	3.6827000000e+00	0.0000000000e+00
3.6471000000e+00	3.6471000000e+00	0.0000000000e+00
3.6057000000e+00	3.6057000000e+00	0.0000000000e+00
3.5535000000e+00	3.5535000000e+00	0.0000000000e+00
3.4988000000e+00	3.4988000000e+00	0.0000000000e+00
3.4587000000e+00	3.4587000000e+00	0.0000000000e+00
3.4190000000e+00	3.4190000000e+00	0.0000000000e+00
3.3780000000e+00	3.3780000000e+00	0.0000000000e+00
3.3442000000e+00	3.3442000000e+00	0.0000000000e+00
3.3151000000e+00	3.3151000000e+00	0.0000000000e+00
3.2818000000e+00	3.2818000000e+00	0.0000000000e+00
3.2534000000e+00	3.2534000000e+00	0.0000000000e+00
3.2269000000e+00	3.2269000000e+00	0.0000000000e+00
3.2023000000e+00	3.2023000000e+00	0.0000000000e+00
3.1796000000e+00	3.1796000000e+00	0.0000000000e+00
3.1590000000e+00	3.1590000000e+00	0.0000000000e+00
3.1400000000e+00	3.1400000000e+00	0.0000000000e+00
3.1229000000e+00	3.1229000000e+00	0.0000000000e+00
3.1076000000e+00	3.1076000000e+00	0.0000000000e+00
3.0949000000e+00	3.0949000000e+00	0.0000000000e+00
3.0834000000e+00	3.0834000000e+00	0.0000000000e+00
3.0731000000e+00	3.0731000000e+00	0.0000000000e+00
3.0628000000e+00	3.0628000000e+00	0.0000000000e+00
3.0703000000e+00	3.0703000000e+00	0.0000000000e+00
3.0629000000e+00	3.0629000000e+00	0.0000000000e+00
3.0522000000e+00	3.0522000000e+00	0.0000000000e+00
3.0376000000e+00	3.0376000000e+00	0.0000000000e+00
3.0337000000e+00	3.0337000000e+00	0.0000000000e+00
3.0324000000e+00	3.0324000000e+00	0.0000000000e+00
3.0458000000e+00	3.0458000000e+00	0.0000000000e+00
3.0408000000e+00	3.0408000000e+00	0.0000000000e+00
3.0244000000e+00	3.0244000000e+00	0.0000000000e+00
3.0206000000e+00	3.0206000000e+00	0.0000000000e+00
3.0157000000e+00	3.0157000000e+00	0.0000000000e+00
3.0122000000e+00	3.0122000000e+00	0.0000000000e+00
3.0108000000e+00	3.0108000000e+00	0.0000000000e+00
3.0097000000e+00	3.0097000000e+00	0.0000000000e+00
3.0087000000e+00	3.0087000000e+00	0.0000000000e+00
3.0079000000e+00	3.0079000000e+00	0.0000000000e+00
3.0071000000e+00	3.0071000000e+00	0.0000000000e+00
3.0064000000e+00	3.0064000000e+00	0.0000000000e+00
3.0058000000e+00	3.0058000000e+00	0.0000000000e+00
3.0051000000e+00	3.0051000000e+00	0.0000000000e+00
3.0043000000e+00	3.0043000000e+00	0.0000000000e+00
3.0033000000e+00	3.0033000000e+00	0.0000000000e+00
3.0019000000e+00	3.0019000000e+00	0.0000000000e+00
3.0000000000e+00	3.0000000000e+00	0.0000000000e+00
2.9971000000e+00	2.9971000000e+00	0.0000000000e+00
2.9930000000e+00	2.9930000000e+00	0.0000000000e+00
2.9873000000e+00	2.9873000000e+00	0.0000000000e+00
2.9793000000e+00	2.9793000000e+00	0.0000000000e+00
2.9688000000e+00	2.9688000000e+00	0.0000000000e+00
2.9552000000e+00	2.9552000000e+00	0.0000000000e+00
2.9384000000e+00	2.9384000000e+00	0.0000000000e+00
2.9183000000e+00	2.9183000000e+00	0.0000000000e+00
2.8952000000e+00	2.8952000000e+00	0.0000000000e+00
2.8694000000e+00	2.8694000000e+00	0.0000000000e+00
2.8415000000e+00	2.8415000000e+00	0.0000000000e+00
2.8121000000e+00	2.8121000000e+00	0.0000000000e+00
2.7819000000e+00	2.7819000000e+00	0.0000000000e+00
4.5249000000e+00	4.5249000000e+00	0.0000000000e+00
4.4947000000e+00	4.4947000000e+00	0.0000000000e+00
4.4652000000e+00	4.4652000000e+00	0.0000000000e+00
4.4363000000e+00	4.4363000000e+00	0.0000000000e+00
4.4079000000e+00	4.4079000000e+00	0.0000000000e+00
4.3800000000e+00	4.3800000000e+00	0.0000000000e+00
4.3528000000e+00	4.3528000000e+00	0.0000000000e+00
4.3262000000e+00	4.3262000000e+00	0.0000000000e+00
4.3005000000e+00	4.3005000000e+00	0.0000000000e+00
4.2753000000e+00	4.2753000000e+00	0.0000000000e+00
4.2508000000e+00	4.2508000000e+00	0.0000000000e+00
4.2271000000e+00	4.2271000000e+00	0.0000000000e+00
4.2045000000e+00	4.2045000000e+00	0.0000000000e+00
4.1841000000e+00	4.1841000000e+00	0.0000000000e+00
4.1672000000e+00	4.1672000000e+00	0.0000000000e+00
4.1564000000e+00	4.1564000000e+00	0.0000000000e+00
4.1526000000e+00	4.1526000000e+00	0.0000000000e+00
4.1775000000e+00	4.1775000000e+00	0.0000000000e+00
4.1943000000e+00	4.1943000000e+00	0.0000000000e+00
4.3153000000e+00	4.3153000000e+00	0.0000000000e+00
4.2803000000e+00	4.2803000000e+00	0.0000000000e+00
4.3398000000e+00	4.3398000000e+00	0.0000000000e+00
4.2463000000e+00	4.2463000000e+00	0.0000000000e+00
4.4051000000e+00	4.4051000000e+00	0.0000000000e+00
4.1388000000e+00	4.1388000000e+00	0.0000000000e+00
4.0646000000e+00	4.0646000000e+00	0.0000000000e+00
4.0249000000e+00	4.0249000000e+00	0.0000000000e+00
4.0148000000e+00	4.0148000000e+00	0.0000000000e+00
4.0085000000e+00	4.0085000000e+00	0.0000000000e+00
3.9982000000e+00	3.9982000000e+00	0.0000000000e+00
3.9875000000e+00	3.9875000000e+00	0.0000000000e+00
3.9746000000e+00	3.9746000000e+00	0.0000000000e+00
3.9477000000e+00	3.9477000000e+00	0.0000000000e+00
3.9203000000e+00	3.9203000000e+00	0.0000000000e+00
3.9040000000e+00	3.9040000000e+00	0.0000000000e+00
3.8833000000e+00	3.8833000000e+00	0.0000000000e+00
3.8708000000e+00	3.8708000000e+00	0.0000000000e+00
3.8419000000e+00	3.8419000000e+00	0.0000000000e+00
3.7962000000e+00	3.7962000000e+00	0.0000000000e+00
3.7743000000e+00	3.7743000000e+00	0.0000000000e+00
3.7380000000e+00	3.7380000000e+00	0.0000000000e+00
3.6868000000e+00	3.6868000000e+00	0.0000000000e+00
3.6648000000e+00	3.6648000000e+00	0.0000000000e+00
3.6262000000e+00	3.6262000000e+00	0.0000000000e+00
3.5736000000e+00	3.5736000000e+00	0.0000000000e+00
3.5194000000e+00	3.5194000000e+00	0.0000000000e+00
3.4783000000e+00	3.4783000000e+00	0.0000000000e+00
3.4400000000e+00	3.4400000000e+00	0.0000000000e+00
3.4038000000e+00	3.4038000000e+00	0.0000000000e+00
3.3700000000e+00	3.3700000000e+00	0.0000000000e+00
3.3356000000e+00	3.3356000000e+00	0.0000000000e+00
3.3040000000e+00	3.3040000000e+00	0.0000000000e+00
3.2741000000e+00	3.2741000000e+00	0.0000000000e+00
3.2462000000e+00	3.2462000000e+00	0.0000000000e+00
3.2201000000e+00	3.2201000000e+00	0.0000000000e+00
3.1960000000e+00	3.1960000000e+00	0.0000000000e+00
3.1739000000e+00	3.1739000000e+00	0.0000000000e+00
3.1536000000e+00	3.1536000000e+00	0.0000000000e+00
3.1352000000e+00	3.1352000000e+00	0.0000000000e+00
3.1186000000e+00	3.1186000000e+00	0.0000000000e+00
3.1055000000e+00	3.1055000000e+00	0.0000000000e+00
3.0926000000e+00	3.0926000000e+00	0.0000000000e+00
3.0914000000e+00	3.0914000000e+00	0.0000000000e+00
3.0706000000e+00	3.0706000000e+00	0.0000000000e+00
3.0758000000e+00	3.0758000000e+00	0.0000000000e+00
3.0584000000e+00	3.0584000000e+00	0.0000000000e+00
3.0471000000e+00	3.0471000000e+00	0.0000000000e+00
3.0426000000e+00	3.0426000000e+00	0.0000000000e+00
3.0439000000e+00	3.0439000000e+00	0.0000000000e+00
3.0397000000e+00	3.0397000000e+00	0.0000000000e+00
3.0337000000e+00	3.0337000000e+00	0.0000000000e+00
3.0569000000e+00	3.0569000000e+00	0.0000000000e+00
3.0635000000e+00	3.0635000000e+00	0.0000000000e+00
3.0400000000e+00	3.0400000000e+00	0.0000000000e+00
3.0265000000e+00	3.0265000000e+00	0.0000000000e+00
3.0176000000e+00	3.0176000000e+00	0.0000000000e+00
3.0122000000e+00	3.0122000000e+00	0.0000000000e+00
3.0110000000e+00	3.0110000000e+00	0.0000000000e+00
3.0099000000e+00	3.0099000000e+00	0.0000000000e+00
3.0089000000e+00	3.0089000000e+00	0.0000000000e+00
3.0081000000e+00	3.0081000000e+00	0.0000000000e+00
3.0074000000e+00	3.0074000000e+00	0.0000000000e+00
3.0068000000e+00	3.0068000000e+00	0.0000000000e+00
3.0062000000e+00	3.0062000000e+00	0.0000000000e+00
3.0056000000e+00	3.0056000000e+00	0.0000000000e+00
3.0051000000e+00	3.0051000000e+00	0.0000000000e+00
3.0044000000e+00	3.0044000000e+00	0.0000000000e+00
3.0036000000e+00	3.0036000000e+00	0.0000000000e+00
3.0025000000e+00	3.0025000000e+00	0.0000000000e+00
3.0010000000e+00	3.0010000000e+00	0.0000000000e+00
2.9987000000e+00	2.9987000000e+00	0.0000000000e+00
2.9954000000e+00	2.9954000000e+00	0.0000000000e+00
2.9906000000e+00	2.9906000000e+00	0.0000000000e+00
2.9840000000e+00	2.9840000000e+00	0.0000000000e+00
2.9750000000e+00	2.9750000000e+00	0.0000000000e+00
2.9632000000e+00	2.9632000000e+00	0.0000000000e+00
2.9484000000e+00	2.9484000000e+00	0.0000000000e+00
2.9304000000e+00	2.9304000000e+00	0.0000000000e+00
2.9092000000e+00	2.9092000000e+00	0.0000000000e+00
2.8853000000e+00	2.8853000000e+00	0.0000000000e+00
2.8590000000e+00	2.8590000000e+00	0.0000000000e+00
4.5220000000e+00	4.5220000000e+00	0.0000000000e+00
4.4921000000e+00	4.4921000000e+00	0.0000000000e+00
4.4628000000e+00	4.4628000000e+00	0.0000000000e+00
4.4339000000e+00	4.4339000000e+00	0.0000000000e+00
4.4055000000e+00	4.4055000000e+00	0.0000000000e+00
4.3776000000e+00	4.3776000000e+00	0.0000000000e+00
4.3503000000e+00	4.3503000000e+00	0.0000000000e+00
4.3235000000e+00	4.3235000000e+00	0.0000000000e+00
4.2975000000e+00	4.2975000000e+00	0.0000000000e+00
4.2722000000e+00	4.2722000000e+00	0.0000000000e+00
4.2477000000e+00	4.2477000000e+00	0.0000000000e+00
4.2240000000e+00	4.2240000000e+00	0.0000000000e+00
4.2014000000e+00	4.2014000000e+00	0.0000000000e+00
4.1805000000e+00	4.1805000000e+00	0.0000000000e+00
4.1614000000e+00	4.1614000000e+00	0.0000000000e+00
4.1439000000e+00	4.1439000000e+00	0.0000000000e+00
4.1285000000e+00	4.1285000000e+00	0.0000000000e+00
4.1331000000e+00	4.1331000000e+00	0.0000000000e+00
4.1497000000e+00	4.1497000000e+00	0.0000000000e+00
4.2001000000e+00	4.2001000000e+00	0.0000000000e+00
4.1806000000e+00	4.1806000000e+00	0.0000000000e+00
4.1302000000e+00	4.1302000000e+00	0.0000000000e+00
4.1680000000e+00	4.1680000000e+00	0.0000000000e+00
4.2708000000e+00	4.2708000000e+00	0.0000000000e+00
4.1161000000e+00	4.1161000000e+00	0.0000000000e+00
4.0379000000e+00	4.0379000000e+00	0.0000000000e+00
4.0247000000e+00	4.0247000000e+00	0.0000000000e+00
4.0201000000e+00	4.0201000000e+00	0.0000000000e+00
4.0111000000e+00	4.0111000000e+00	0.0000000000e+00
4.0011000000e+00	4.0011000000e+00	0.0000000000e+00
3.9908000000e+00	3.9908000000e+00	0.0000000000e+00
3.9790000000e+00	3.9790000000e+00	0.0000000000e+00
3.9652000000e+00	3.9652000000e+00	0.0000000000e+00
3.9463000000e+00	3.9463000000e+00	0.0000000000e+00
3.9254000000e+00	3.9254000000e+00	0.0000000000e+00
3.8952000000e+00	3.8952000000e+00	0.0000000000e+00
3.8828000000e+00	3.8828000000e+00	0.0000000000e+00
3.8544000000e+00	3.8544000000e+00	0.0000000000e+00
3.8211000000e+00	3.8211000000e+00	0.0000000000e+00
3.7760000000e+00	3.7760000000e+00	0.0000000000e+00
3.7571000000e+00	3.7571000000e+00	0.0000000000e+00
3.7212000000e+00	3.7212000000e+00	0.0000000000e+00
3.6841000000e+00	3.6841000000e+00	0.0000000000e+00
3.6468000000e+00	3.6468000000e+00	0.0000000000e+00
3.5976000000e+00	3.5976000000e+00	0.0000000000e+00
3.5471000000e+00	3.5471000000e+00	0.0000000000e+00
3.5057000000e+00	3.5057000000e+00	0.0000000000e+00
3.4680000000e+00	3.4680000000e+00	0.0000000000e+00
3.4312000000e+00	3.4312000000e+00	0.0000000000e+00
3.3954000000e+00	3.3954000000e+00	0.0000000000e+00
3.3610000000e+00	3.3610000000e+00	0.0000000000e+00
3.3281000000e+00	3.3281000000e+00	0.0000000000e+00
3.2969000000e+00	3.2969000000e+00	0.0000000000e+00
3.2675000000e+00	3.2675000000e+00	0.0000000000e+00
3.2399000000e+00	3.2399000000e+00	0.0000000000e+00
3.2143000000e+00	3.2143000000e+00	0.0000000000e+00
3.1906000000e+00	3.1906000000e+00	0.0000000000e+00
3.1689000000e+00	3.1689000000e+00	0.0000000000e+00
3.1490000000e+00	3.1490000000e+00	0.0000000000e+00
3.1311000000e+00	3.1311000000e+00	0.0000000000e+00
3.1149000000e+00	3.1149000000e+00	0.0000000000e+00
3.1005000000e+00	3.1005000000e+00	0.0000000000e+00
3.0949000000e+00	3.0949000000e+00	0.0000000000e+00
3.0770000000e+00	3.0770000000e+00	0.0000000000e+00
3.0680000000e+00	3.0680000000e+00	0.0000000000e+00
3.0643000000e+00	3.0643000000e+00	0.0000000000e+00
3.0520000000e+00	3.0520000000e+00	0.0000000000e+00
3.0463000000e+00	3.0463000000e+00	0.0000000000e+00
3.0487000000e+00	3.0487000000e+00	0.0000000000e+00
3.0429000000e+00	3.0429000000e+00	0.0000000000e+00
3.0552000000e+00	3.0552000000e+00	0.0000000000e+00
3.0471000000e+00	3.0471000000e+00	0.0000000000e+00
3.0297000000e+00	3.0297000000e+00	0.0000000000e+00
3.0260000000e+00	3.0260000000e+00	0.0000000000e+00
3.0235000000e+00	3.0235000000e+00	0.0000000000e+00
3.0221000000e+00	3.0221000000e+00	0.0000000000e+00
3.0139000000e+00	3.0139000000e+00	0.0000000000e+00
3.0124000000e+00	3.0124000000e+00	0.0000000000e+00
3.0112000000e+00	3.0112000000e+00	0.0000000000e+00
3.0101000000e+00	3.0101000000e+00	0.0000000000e+00
3.0092000000e+00	3.0092000000e+00	0.0000000000e+00
3.0084000000e+00	3.0084000000e+00	0.0000000000e+00
3.0077000000e+00	3.0077000000e+00	0.0000000000e+00
3.0071000000e+00	3.0071000000e+00	0.0000000000e+00
3.0065000000e+00	3.0065000000e+00	0.0000000000e+00
3.0060000000e+00	3.0060000000e+00	0.0000000000e+00
3.0056000000e+00	3.0056000000e+00	0.0000000000e+00
3.0051000000e+00	3.0051000000e+00	0.0000000000e+00
3.0046000000e+00	3.0046000000e+00	0.0000000000e+00
3.0039000000e+00	3.0039000000e+00	0.0000000000e+00
3.0031000000e+00	3.0031000000e+00	0.0000000000e+00
3.0018000000e+00	3.0018000000e+00	0.0000000000e+00
3.0000000000e+00	3.0000000000e+00	0.0000000000e+00
2.9973000000e+00	2.9973000000e+00	0.0000000000e+00
2.9934000000e+00	2.9934000000e+00	0.0000000000e+00
2.9878000000e+00	2.9878000000e+00	0.0000000000e+00
2.9802000000e+00	2.9802000000e+00	0.0000000000e+00
2.9700000000e+00	2.9700000000e+00	0.0000000000e+00
2.9570000000e+00	2.9570000000e+00	0.0000000000e+00
2.9409000000e+00	2.9409000000e+00	0.0000000000e+00
2.9217000000e+00	2.9217000000e+00	0.0000000000e+00
