CPU	GPU	log10(CPU/GPU)
2.1460000000e-160	0.0000000000e+00	NA
2.6638000000e-154	0.0000000000e+00	NA
2.2005000000e-148	0.0000000000e+00	NA
1.2157000000e-142	0.0000000000e+00	NA
4.4964000000e-137	0.0000000000e+00	NA
1.1155000000e-131	0.0000000000e+00	NA
1.8538000000e-126	0.0000000000e+00	NA
2.0671000000e-121	0.0000000000e+00	NA
1.5461000000e-116	0.0000000000e+00	NA
7.7600000000e-112	0.0000000000e+00	NA
2.6124000000e-107	0.0000000000e+00	NA
5.9008000000e-103	0.0000000000e+00	NA
8.9567000000e-99	0.0000000000e+00	NA
9.1405000000e-95	0.0000000000e+00	NA
6.2811000000e-91	0.0000000000e+00	NA
2.9095000000e-87	0.0000000000e+00	NA
9.0913000000e-84	0.0000000000e+00	NA
1.9190000000e-80	0.0000000000e+00	NA
2.7580000000e-77	0.0000000000e+00	NA
2.6962000000e-74	0.0000000000e+00	NA
1.7692000000e-71	0.0000000000e+00	NA
7.7774000000e-69	0.0000000000e+00	NA
2.2875000000e-66	0.0000000000e+00	NA
4.4963000000e-64	0.0000000000e+00	NA
5.9077000000e-62	0.0000000000e+00	NA
5.1873000000e-60	0.0000000000e+00	NA
3.0474000000e-58	0.0000000000e+00	NA
1.1991000000e-56	0.0000000000e+00	NA
3.1656000000e-55	0.0000000000e+00	NA
5.6155000000e-54	0.0000000000e+00	NA
6.7434000000e-53	0.0000000000e+00	NA
5.4827000000e-52	0.0000000000e+00	NA
3.0171000000e-51	0.0000000000e+00	NA
1.1264000000e-50	0.0000000000e+00	NA
2.8608000000e-50	0.0000000000e+00	NA
4.9553000000e-50	0.0000000000e+00	NA
5.8699000000e-50	0.0000000000e+00	NA
4.7672000000e-50	0.0000000000e+00	NA
2.6617000000e-50	0.0000000000e+00	NA
1.0248000000e-50	0.0000000000e+00	NA
2.7324000000e-51	0.0000000000e+00	NA
5.0705000000e-52	0.0000000000e+00	NA
6.5991000000e-53	0.0000000000e+00	NA
6.0779000000e-54	0.0000000000e+00	NA
4.0097000000e-55	0.0000000000e+00	NA
1.9232000000e-56	0.0000000000e+00	NA
6.8303000000e-58	0.0000000000e+00	NA
1.8332000000e-59	0.0000000000e+00	NA
3.8095000000e-61	0.0000000000e+00	NA
6.2996000000e-63	0.0000000000e+00	NA
8.5664000000e-65	0.0000000000e+00	NA
9.9529000000e-67	0.0000000000e+00	NA
1.0292000000e-68	0.0000000000e+00	NA
9.8262000000e-71	0.0000000000e+00	NA
8.8773000000e-73	0.0000000000e+00	NA
7.6673000000e-75	0.0000000000e+00	NA
6.3622000000e-77	0.0000000000e+00	NA
5.0549000000e-79	0.0000000000e+00	NA
3.8274000000e-81	0.0000000000e+00	NA
2.7833000000e-83	0.0000000000e+00	NA
1.9178000000e-85	0.0000000000e+00	NA
1.2382000000e-87	0.0000000000e+00	NA
7.4666000000e-90	0.0000000000e+00	NA
4.3065000000e-92	0.0000000000e+00	NA
2.2900000000e-94	0.0000000000e+00	NA
1.1232000000e-96	0.0000000000e+00	NA
5.0804000000e-99	0.0000000000e+00	NA
2.1231000000e-101	0.0000000000e+00	NA
8.1992000000e-104	0.0000000000e+00	NA
2.9336000000e-106	0.0000000000e+00	NA
9.7311000000e-109	0.0000000000e+00	NA
3.0022000000e-111	0.0000000000e+00	NA
8.6249000000e-114	0.0000000000e+00	NA
2.3191000000e-116	0.0000000000e+00	NA
5.8622000000e-119	0.0000000000e+00	NA
1.4052000000e-121	0.0000000000e+00	NA
3.1954000000e-124	0.0000000000e+00	NA
6.9330000000e-127	0.0000000000e+00	NA
1.4285000000e-129	0.0000000000e+00	NA
2.7887000000e-132	0.0000000000e+00	NA
5.1446000000e-135	0.0000000000e+00	NA
8.9174000000e-138	0.0000000000e+00	NA
1.4498000000e-140	0.0000000000e+00	NA
2.2165000000e-143	0.0000000000e+00	NA
3.1764000000e-146	0.0000000000e+00	NA
4.2784000000e-149	0.0000000000e+00	NA
5.3717000000e-152	0.0000000000e+00	NA
6.3554000000e-155	0.0000000000e+00	NA
7.0851000000e-158	0.0000000000e+00	NA
7.4425000000e-161	0.0000000000e+00	NA
7.3665000000e-164	0.0000000000e+00	NA
6.8700000000e-167	0.0000000000e+00	NA
6.0367000000e-170	0.0000000000e+00	NA
4.9979000000e-173	0.0000000000e+00	NA
3.8986000000e-176	0.0000000000e+00	NA
2.8652000000e-179	0.0000000000e+00	NA
1.9840000000e-182	0.0000000000e+00	NA
1.2943000000e-185	0.0000000000e+00	NA
7.9549000000e-189	0.0000000000e+00	NA
4.6062000000e-192	0.0000000000e+00	NA
2.5128000000e-195	0.0000000000e+00	NA
2.1771000000e-156	0.0000000000e+00	NA
2.7092000000e-150	0.0000000000e+00	NA
2.2430000000e-144	0.0000000000e+00	NA
1.2430000000e-138	0.0000000000e+00	NA
4.6106000000e-133	0.0000000000e+00	NA
1.1470000000e-127	0.0000000000e+00	NA
1.9151000000e-122	0.0000000000e+00	NA
2.1435000000e-117	0.0000000000e+00	NA
1.6109000000e-112	0.0000000000e+00	NA
8.1123000000e-108	0.0000000000e+00	NA
2.7433000000e-103	0.0000000000e+00	NA
6.2264000000e-99	0.0000000000e+00	NA
9.4927000000e-95	0.0000000000e+00	NA
9.7267000000e-91	0.0000000000e+00	NA
6.7082000000e-87	0.0000000000e+00	NA
3.1170000000e-83	0.0000000000e+00	NA
9.7910000000e-80	0.0000000000e+00	NA
2.1135000000e-76	0.0000000000e+00	NA
3.0996000000e-73	0.0000000000e+00	NA
3.0571000000e-70	0.0000000000e+00	NA
2.0230000000e-67	0.0000000000e+00	NA
8.9582000000e-65	0.0000000000e+00	NA
2.6497000000e-62	0.0000000000e+00	NA
5.2280000000e-60	0.0000000000e+00	NA
6.8800000000e-58	0.0000000000e+00	NA
6.0411000000e-56	0.0000000000e+00	NA
3.5426000000e-54	0.0000000000e+00	NA
1.3895000000e-52	0.0000000000e+00	NA
3.6513000000e-51	0.0000000000e+00	NA
6.4540000000e-50	0.0000000000e+00	NA
7.7119000000e-49	0.0000000000e+00	NA
6.2177000000e-48	0.0000000000e+00	NA
3.3928000000e-47	0.0000000000e+00	NA
1.2567000000e-46	0.0000000000e+00	NA
3.1706000000e-46	0.0000000000e+00	NA
5.4641000000e-46	0.0000000000e+00	NA
6.4521000000e-46	0.0000000000e+00	NA
5.2356000000e-46	0.0000000000e+00	NA
2.9279000000e-46	0.0000000000e+00	NA
1.1316000000e-46	0.0000000000e+00	NA
3.0352000000e-47	0.0000000000e+00	NA
5.6764000000e-48	0.0000000000e+00	NA
7.4528000000e-49	0.0000000000e+00	NA
6.9374000000e-50	0.0000000000e+00	NA
4.6337000000e-51	0.0000000000e+00	NA
2.2562000000e-52	0.0000000000e+00	NA
8.1690000000e-54	0.0000000000e+00	NA
2.2506000000e-55	0.0000000000e+00	NA
4.8491000000e-57	0.0000000000e+00	NA
8.4241000000e-59	0.0000000000e+00	NA
1.2228000000e-60	0.0000000000e+00	NA
1.5440000000e-62	0.0000000000e+00	NA
1.7642000000e-64	0.0000000000e+00	NA
1.8822000000e-66	0.0000000000e+00	NA
1.9104000000e-68	0.0000000000e+00	NA
1.8591000000e-70	0.0000000000e+00	NA
1.7392000000e-72	0.0000000000e+00	NA
1.5596000000e-74	0.0000000000e+00	NA
1.3347000000e-76	0.0000000000e+00	NA
1.0981000000e-78	0.0000000000e+00	NA
8.5653000000e-81	0.0000000000e+00	NA
6.2665000000e-83	0.0000000000e+00	NA
4.2866000000e-85	0.0000000000e+00	NA
2.8005000000e-87	0.0000000000e+00	NA
1.6897000000e-89	0.0000000000e+00	NA
9.3928000000e-92	0.0000000000e+00	NA
4.8214000000e-94	0.0000000000e+00	NA
2.2917000000e-96	0.0000000000e+00	NA
1.0089000000e-98	0.0000000000e+00	NA
4.1232000000e-101	0.0000000000e+00	NA
1.5623000000e-103	0.0000000000e+00	NA
5.4974000000e-106	0.0000000000e+00	NA
1.7983000000e-108	0.0000000000e+00	NA
5.4940000000e-111	0.0000000000e+00	NA
1.5812000000e-113	0.0000000000e+00	NA
4.3131000000e-116	0.0000000000e+00	NA
1.1251000000e-118	0.0000000000e+00	NA
2.8096000000e-121	0.0000000000e+00	NA
6.6885000000e-124	0.0000000000e+00	NA
1.5110000000e-126	0.0000000000e+00	NA
3.2228000000e-129	0.0000000000e+00	NA
6.4451000000e-132	0.0000000000e+00	NA
1.2063000000e-134	0.0000000000e+00	NA
2.1148000000e-137	0.0000000000e+00	NA
3.4765000000e-140	0.0000000000e+00	NA
5.3082000000e-143	0.0000000000e+00	NA
7.6375000000e-146	0.0000000000e+00	NA
1.0355000000e-148	0.0000000000e+00	NA
1.3230000000e-151	0.0000000000e+00	NA
1.5927000000e-154	0.0000000000e+00	NA
1.8066000000e-157	0.0000000000e+00	NA
1.9310000000e-160	0.0000000000e+00	NA
1.9446000000e-163	0.0000000000e+00	NA
1.8452000000e-166	0.0000000000e+00	NA
1.6497000000e-169	0.0000000000e+00	NA
1.3896000000e-172	0.0000000000e+00	NA
1.1028000000e-175	0.0000000000e+00	NA
8.2462000000e-179	0.0000000000e+00	NA
5.8091000000e-182	0.0000000000e+00	NA
3.8555000000e-185	0.0000000000e+00	NA
2.4108000000e-188	0.0000000000e+00	NA
1.4815000000e-152	0.0000000000e+00	NA
1.8472000000e-146	0.0000000000e+00	NA
1.5320000000e-140	0.0000000000e+00	NA
8.5041000000e-135	0.0000000000e+00	NA
3.1630000000e-129	0.0000000000e+00	NA
7.8908000000e-124	0.0000000000e+00	NA
1.3215000000e-118	0.0000000000e+00	NA
1.4841000000e-113	0.0000000000e+00	NA
1.1177000000e-108	0.0000000000e+00	NA
5.6536000000e-104	0.0000000000e+00	NA
1.9185000000e-99	0.0000000000e+00	NA
4.3698000000e-95	0.0000000000e+00	NA
6.6821000000e-91	0.0000000000e+00	NA
6.8643000000e-87	0.0000000000e+00	NA
4.7444000000e-83	0.0000000000e+00	NA
2.2116000000e-79	0.0000000000e+00	NA
7.1953000000e-76	0.0000000000e+00	NA
1.5802000000e-72	0.0000000000e+00	NA
2.3421000000e-69	0.0000000000e+00	NA
2.3373000000e-66	0.0000000000e+00	NA
1.5645000000e-63	0.0000000000e+00	NA
6.9998000000e-61	0.0000000000e+00	NA
2.0874000000e-58	0.0000000000e+00	NA
4.1426000000e-56	0.0000000000e+00	NA
5.4705000000e-54	0.0000000000e+00	NA
4.8081000000e-52	0.0000000000e+00	NA
2.8165000000e-50	0.0000000000e+00	NA
1.1020000000e-48	0.0000000000e+00	NA
2.8960000000e-47	0.0000000000e+00	NA
5.1004000000e-46	0.0000000000e+00	NA
6.0368000000e-45	0.0000000000e+00	NA
4.8172000000e-44	3.7835000000e-44	1.0490093938e-01
2.6010000000e-43	2.4102000000e-43	3.3087270081e-02
9.5387000000e-43	9.3467000000e-43	8.8308866704e-03
2.3851000000e-42	2.3612000000e-42	4.3738178575e-03
4.0823000000e-42	4.0624000000e-42	2.1222334494e-03
4.7997000000e-42	4.7840000000e-42	1.4229221418e-03
3.8888000000e-42	3.8746000000e-42	1.5887339363e-03
2.1781000000e-42	2.1538000000e-42	4.8724423955e-03
8.4561000000e-43	8.2677000000e-43	9.7854006777e-03
2.2835000000e-43	2.0459000000e-43	4.7716613600e-02
4.3078000000e-44	1.5414000000e-44	4.4634017728e-01
5.7154000000e-45	0.0000000000e+00	NA
5.3816000000e-46	0.0000000000e+00	NA
3.6438000000e-47	0.0000000000e+00	NA
1.8041000000e-48	0.0000000000e+00	NA
6.6734000000e-50	0.0000000000e+00	NA
1.8948000000e-51	0.0000000000e+00	NA
4.2601000000e-53	0.0000000000e+00	NA
7.8489000000e-55	0.0000000000e+00	NA
1.2302000000e-56	0.0000000000e+00	NA
1.7072000000e-58	0.0000000000e+00	NA
2.1733000000e-60	0.0000000000e+00	NA
2.6033000000e-62	0.0000000000e+00	NA
2.9720000000e-64	0.0000000000e+00	NA
3.2551000000e-66	0.0000000000e+00	NA
3.4299000000e-68	0.0000000000e+00	NA
3.4737000000e-70	0.0000000000e+00	NA
3.3668000000e-72	0.0000000000e+00	NA
3.1333000000e-74	0.0000000000e+00	NA
2.7740000000e-76	0.0000000000e+00	NA
2.3030000000e-78	0.0000000000e+00	NA
1.7849000000e-80	0.0000000000e+00	NA
1.3212000000e-82	0.0000000000e+00	NA
9.0236000000e-85	0.0000000000e+00	NA
5.6816000000e-87	0.0000000000e+00	NA
3.3047000000e-89	0.0000000000e+00	NA
1.7833000000e-91	0.0000000000e+00	NA
8.9476000000e-94	0.0000000000e+00	NA
4.1759000000e-96	0.0000000000e+00	NA
1.8087000000e-98	0.0000000000e+00	NA
7.2517000000e-101	0.0000000000e+00	NA
2.6931000000e-103	0.0000000000e+00	NA
9.3107000000e-106	0.0000000000e+00	NA
3.0308000000e-108	0.0000000000e+00	NA
9.3951000000e-111	0.0000000000e+00	NA
2.8051000000e-113	0.0000000000e+00	NA
8.0794000000e-116	0.0000000000e+00	NA
2.2319000000e-118	0.0000000000e+00	NA
5.8682000000e-121	0.0000000000e+00	NA
1.4523000000e-123	0.0000000000e+00	NA
3.3602000000e-126	0.0000000000e+00	NA
7.2535000000e-129	0.0000000000e+00	NA
1.4617000000e-131	0.0000000000e+00	NA
2.7552000000e-134	0.0000000000e+00	NA
4.8209000000e-137	0.0000000000e+00	NA
7.9490000000e-140	0.0000000000e+00	NA
1.2351000000e-142	0.0000000000e+00	NA
1.8083000000e-145	0.0000000000e+00	NA
2.4949000000e-148	0.0000000000e+00	NA
3.2433000000e-151	0.0000000000e+00	NA
3.9729000000e-154	0.0000000000e+00	NA
4.5855000000e-157	0.0000000000e+00	NA
4.9867000000e-160	0.0000000000e+00	NA
5.1097000000e-163	0.0000000000e+00	NA
4.9331000000e-166	0.0000000000e+00	NA
4.4872000000e-169	0.0000000000e+00	NA
3.8456000000e-172	0.0000000000e+00	NA
3.1050000000e-175	0.0000000000e+00	NA
2.3621000000e-178	0.0000000000e+00	NA
1.6929000000e-181	0.0000000000e+00	NA
6.7632000000e-149	0.0000000000e+00	NA
8.4526000000e-143	0.0000000000e+00	NA
7.0269000000e-137	0.0000000000e+00	NA
3.9097000000e-131	0.0000000000e+00	NA
1.4577000000e-125	0.0000000000e+00	NA
3.6466000000e-120	0.0000000000e+00	NA
6.1152000000e-115	0.0000000000e+00	NA
6.8878000000e-110	0.0000000000e+00	NA
5.2104000000e-105	0.0000000000e+00	NA
2.6451000000e-100	0.0000000000e+00	NA
9.0109000000e-96	0.0000000000e+00	NA
2.0612000000e-91	0.0000000000e+00	NA
3.1628000000e-87	0.0000000000e+00	NA
3.2585000000e-83	0.0000000000e+00	NA
2.2658000000e-79	0.0000000000e+00	NA
1.1001000000e-75	0.0000000000e+00	NA
3.6079000000e-72	0.0000000000e+00	NA
8.0034000000e-69	0.0000000000e+00	NA
1.2012000000e-65	0.0000000000e+00	NA
1.2161000000e-62	0.0000000000e+00	NA
8.2628000000e-60	0.0000000000e+00	NA
3.7465000000e-57	0.0000000000e+00	NA
1.1292000000e-54	0.0000000000e+00	NA
2.2583000000e-52	0.0000000000e+00	NA
3.0047000000e-50	0.0000000000e+00	NA
2.6575000000e-48	0.0000000000e+00	NA
1.5618000000e-46	0.0000000000e+00	NA
6.1088000000e-45	0.0000000000e+00	NA
1.5934000000e-43	1.4994000000e-43	2.6407306319e-02
2.7789000000e-42	2.7676000000e-42	1.7695968396e-03
3.2507000000e-41	3.2503000000e-41	5.3443406547e-05
2.5604000000e-40	2.5603000000e-40	1.6962309136e-05
1.3639000000e-39	1.3639000000e-39	0.0000000000e+00
4.9367000000e-39	4.9366000000e-39	8.7973520893e-06
1.2199000000e-38	1.2199000000e-38	0.0000000000e+00
2.0678000000e-38	2.0678000000e-38	0.0000000000e+00
2.4150000000e-38	2.4150000000e-38	0.0000000000e+00
1.9505000000e-38	1.9505000000e-38	0.0000000000e+00
1.0929000000e-38	1.0929000000e-38	0.0000000000e+00
4.2600000000e-39	4.2600000000e-39	0.0000000000e+00
1.1585000000e-39	1.1585000000e-39	0.0000000000e+00
2.2071000000e-40	2.2068000000e-40	5.9035476459e-05
2.9627000000e-41	2.9598000000e-41	4.2531164143e-04
2.8273000000e-42	2.8096000000e-42	2.7273989582e-03
1.9435000000e-43	1.5695000000e-43	9.2823224931e-02
9.7952000000e-45	0.0000000000e+00	NA
3.7117000000e-46	0.0000000000e+00	NA
1.0913000000e-47	0.0000000000e+00	NA
2.5815000000e-49	0.0000000000e+00	NA
5.1026000000e-51	0.0000000000e+00	NA
8.7492000000e-53	0.0000000000e+00	NA
1.3492000000e-54	0.0000000000e+00	NA
1.9310000000e-56	0.0000000000e+00	NA
2.6097000000e-58	0.0000000000e+00	NA
3.3546000000e-60	0.0000000000e+00	NA
4.1348000000e-62	0.0000000000e+00	NA
4.9193000000e-64	0.0000000000e+00	NA
5.6427000000e-66	0.0000000000e+00	NA
6.2059000000e-68	0.0000000000e+00	NA
6.5477000000e-70	0.0000000000e+00	NA
6.5803000000e-72	0.0000000000e+00	NA
6.2009000000e-74	0.0000000000e+00	NA
5.4466000000e-76	0.0000000000e+00	NA
4.5666000000e-78	0.0000000000e+00	NA
3.5302000000e-80	0.0000000000e+00	NA
2.5114000000e-82	0.0000000000e+00	NA
1.6494000000e-84	0.0000000000e+00	NA
1.0084000000e-86	0.0000000000e+00	NA
5.7614000000e-89	0.0000000000e+00	NA
3.0814000000e-91	0.0000000000e+00	NA
1.5298000000e-93	0.0000000000e+00	NA
7.0055000000e-96	0.0000000000e+00	NA
2.9474000000e-98	0.0000000000e+00	NA
1.1475000000e-100	0.0000000000e+00	NA
4.1935000000e-103	0.0000000000e+00	NA
1.4682000000e-105	0.0000000000e+00	NA
5.0082000000e-108	0.0000000000e+00	NA
1.6668000000e-110	0.0000000000e+00	NA
5.3501000000e-113	0.0000000000e+00	NA
1.6391000000e-115	0.0000000000e+00	NA
4.7380000000e-118	0.0000000000e+00	NA
1.2744000000e-120	0.0000000000e+00	NA
3.1739000000e-123	0.0000000000e+00	NA
7.3378000000e-126	0.0000000000e+00	NA
1.5878000000e-128	0.0000000000e+00	NA
3.2049000000e-131	0.0000000000e+00	NA
6.0558000000e-134	0.0000000000e+00	NA
1.0783000000e-136	0.0000000000e+00	NA
1.8093000000e-139	0.0000000000e+00	NA
2.8607000000e-142	0.0000000000e+00	NA
4.2620000000e-145	0.0000000000e+00	NA
5.9832000000e-148	0.0000000000e+00	NA
7.9145000000e-151	0.0000000000e+00	NA
9.8645000000e-154	0.0000000000e+00	NA
1.1585000000e-156	0.0000000000e+00	NA
1.2818000000e-159	0.0000000000e+00	NA
1.3364000000e-162	0.0000000000e+00	NA
1.3127000000e-165	0.0000000000e+00	NA
1.2148000000e-168	0.0000000000e+00	NA
1.0592000000e-171	0.0000000000e+00	NA
8.7013000000e-175	0.0000000000e+00	NA
2.0757000000e-145	0.0000000000e+00	NA
2.6014000000e-139	0.0000000000e+00	NA
2.1686000000e-133	0.0000000000e+00	NA
1.2088000000e-127	0.0000000000e+00	NA
4.5167000000e-122	0.0000000000e+00	NA
1.1318000000e-116	0.0000000000e+00	NA
1.9057000000e-111	0.0000000000e+00	NA
2.1532000000e-106	0.0000000000e+00	NA
1.6342000000e-101	0.0000000000e+00	NA
8.3322000000e-97	0.0000000000e+00	NA
2.8524000000e-92	0.0000000000e+00	NA
6.5607000000e-88	0.0000000000e+00	NA
1.0119000000e-83	0.0000000000e+00	NA
1.0469000000e-79	0.0000000000e+00	NA
7.5982000000e-76	0.0000000000e+00	NA
3.7174000000e-72	0.0000000000e+00	NA
1.2292000000e-68	0.0000000000e+00	NA
2.7549000000e-65	0.0000000000e+00	NA
4.1983000000e-62	0.0000000000e+00	NA
4.3601000000e-59	0.0000000000e+00	NA
3.0305000000e-56	0.0000000000e+00	NA
1.4006000000e-53	0.0000000000e+00	NA
4.2881000000e-51	0.0000000000e+00	NA
8.6838000000e-49	0.0000000000e+00	NA
1.1631000000e-46	0.0000000000e+00	NA
1.0306000000e-44	0.0000000000e+00	NA
6.0470000000e-43	5.9695000000e-43	5.6020120720e-03
2.3529000000e-41	2.3524000000e-41	9.2298999753e-05
6.0840000000e-40	6.0838000000e-40	1.4276844851e-05
1.0485000000e-38	1.0485000000e-38	0.0000000000e+00
1.2090000000e-37	1.2090000000e-37	0.0000000000e+00
9.3694000000e-37	9.3694000000e-37	0.0000000000e+00
4.9067000000e-36	4.9067000000e-36	0.0000000000e+00
1.7462000000e-35	1.7462000000e-35	0.0000000000e+00
4.2483000000e-35	4.2483000000e-35	0.0000000000e+00
7.1063000000e-35	7.1063000000e-35	0.0000000000e+00
8.2189000000e-35	8.2189000000e-35	0.0000000000e+00
6.6020000000e-35	6.6020000000e-35	0.0000000000e+00
3.6958000000e-35	3.6958000000e-35	0.0000000000e+00
1.4450000000e-35	1.4450000000e-35	0.0000000000e+00
3.9567000000e-36	3.9567000000e-36	0.0000000000e+00
7.6176000000e-37	7.6176000000e-37	0.0000000000e+00
1.0364000000e-37	1.0364000000e-37	0.0000000000e+00
1.0043000000e-38	1.0043000000e-38	0.0000000000e+00
7.0145000000e-40	7.0145000000e-40	0.0000000000e+00
3.6045000000e-41	3.6012000000e-41	3.9778838710e-04
1.4008000000e-42	1.3677000000e-42	1.0385286154e-02
4.2773000000e-44	0.0000000000e+00	NA
1.0753000000e-45	0.0000000000e+00	NA
2.3164000000e-47	0.0000000000e+00	NA
4.4036000000e-49	0.0000000000e+00	NA
7.6243000000e-51	0.0000000000e+00	NA
1.2393000000e-52	0.0000000000e+00	NA
1.9050000000e-54	0.0000000000e+00	NA
2.7603000000e-56	0.0000000000e+00	NA
3.8261000000e-58	0.0000000000e+00	NA
5.1581000000e-60	0.0000000000e+00	NA
6.7513000000e-62	0.0000000000e+00	NA
8.4656000000e-64	0.0000000000e+00	NA
1.0154000000e-65	0.0000000000e+00	NA
1.1591000000e-67	0.0000000000e+00	NA
1.2359000000e-69	0.0000000000e+00	NA
1.2273000000e-71	0.0000000000e+00	NA
1.1667000000e-73	0.0000000000e+00	NA
1.0212000000e-75	0.0000000000e+00	NA
8.1763000000e-78	0.0000000000e+00	NA
6.0343000000e-80	0.0000000000e+00	NA
4.1597000000e-82	0.0000000000e+00	NA
2.7092000000e-84	0.0000000000e+00	NA
1.6670000000e-86	0.0000000000e+00	NA
9.5526000000e-89	0.0000000000e+00	NA
5.0215000000e-91	0.0000000000e+00	NA
2.3929000000e-93	0.0000000000e+00	NA
1.0413000000e-95	0.0000000000e+00	NA
4.2228000000e-98	0.0000000000e+00	NA
1.6513000000e-100	0.0000000000e+00	NA
6.4184000000e-103	0.0000000000e+00	NA
2.4715000000e-105	0.0000000000e+00	NA
9.1950000000e-108	0.0000000000e+00	NA
3.2883000000e-110	0.0000000000e+00	NA
1.1225000000e-112	0.0000000000e+00	NA
3.5364000000e-115	0.0000000000e+00	NA
1.0128000000e-117	0.0000000000e+00	NA
2.6854000000e-120	0.0000000000e+00	NA
6.6678000000e-123	0.0000000000e+00	NA
1.5596000000e-125	0.0000000000e+00	NA
3.3770000000e-128	0.0000000000e+00	NA
6.8908000000e-131	0.0000000000e+00	NA
1.3250000000e-133	0.0000000000e+00	NA
2.4009000000e-136	0.0000000000e+00	NA
4.0994000000e-139	0.0000000000e+00	NA
6.5955000000e-142	0.0000000000e+00	NA
9.9989000000e-145	0.0000000000e+00	NA
1.4283000000e-147	0.0000000000e+00	NA
1.9224000000e-150	0.0000000000e+00	NA
2.4380000000e-153	0.0000000000e+00	NA
2.9131000000e-156	0.0000000000e+00	NA
3.2796000000e-159	0.0000000000e+00	NA
3.4787000000e-162	0.0000000000e+00	NA
3.4766000000e-165	0.0000000000e+00	NA
3.2734000000e-168	0.0000000000e+00	NA
4.2916000000e-142	0.0000000000e+00	NA
5.3884000000e-136	0.0000000000e+00	NA
4.5011000000e-130	0.0000000000e+00	NA
2.5147000000e-124	0.0000000000e+00	NA
9.4129000000e-119	0.0000000000e+00	NA
2.3684000000e-113	0.0000000000e+00	NA
3.9971000000e-108	0.0000000000e+00	NA
4.5346000000e-103	0.0000000000e+00	NA
3.4566000000e-98	0.0000000000e+00	NA
1.7724000000e-93	0.0000000000e+00	NA
6.1058000000e-89	0.0000000000e+00	NA
1.4145000000e-84	0.0000000000e+00	NA
2.1983000000e-80	0.0000000000e+00	NA
2.3686000000e-76	0.0000000000e+00	NA
1.7371000000e-72	0.0000000000e+00	NA
8.5759000000e-69	0.0000000000e+00	NA
2.8568000000e-65	0.0000000000e+00	NA
6.5761000000e-62	0.0000000000e+00	NA
1.0313000000e-58	0.0000000000e+00	NA
1.0940000000e-55	0.0000000000e+00	NA
7.7696000000e-53	0.0000000000e+00	NA
3.6576000000e-50	0.0000000000e+00	NA
1.1358000000e-47	0.0000000000e+00	NA
2.3253000000e-45	0.0000000000e+00	NA
3.1375000000e-43	3.0268000000e-43	1.5600009194e-02
2.7899000000e-41	2.7889000000e-41	1.5569458900e-04
1.6356000000e-39	1.6356000000e-39	0.0000000000e+00
6.3295000000e-38	6.3296000000e-38	-6.8613800651e-06
1.6202000000e-36	1.6202000000e-36	0.0000000000e+00
2.7521000000e-35	2.7521000000e-35	0.0000000000e+00
3.1172000000e-34	3.1172000000e-34	0.0000000000e+00
2.3682000000e-33	2.3682000000e-33	0.0000000000e+00
1.2144000000e-32	1.2144000000e-32	0.0000000000e+00
4.2321000000e-32	4.2321000000e-32	0.0000000000e+00
1.0092000000e-31	1.0092000000e-31	0.0000000000e+00
1.6588000000e-31	1.6588000000e-31	0.0000000000e+00
1.8927000000e-31	1.8927000000e-31	0.0000000000e+00
1.5078000000e-31	1.5078000000e-31	0.0000000000e+00
8.4153000000e-32	8.4153000000e-32	0.0000000000e+00
3.2967000000e-32	3.2967000000e-32	0.0000000000e+00
9.0863000000e-33	9.0863000000e-33	0.0000000000e+00
1.7684000000e-33	1.7684000000e-33	0.0000000000e+00
2.4441000000e-34	2.4441000000e-34	0.0000000000e+00
2.4101000000e-35	2.4101000000e-35	0.0000000000e+00
1.7116000000e-36	1.7116000000e-36	0.0000000000e+00
8.9798000000e-38	8.9798000000e-38	0.0000000000e+00
3.5792000000e-39	3.5792000000e-39	0.0000000000e+00
1.1344000000e-40	1.1341000000e-40	1.1486739725e-04
3.0662000000e-42	3.0366000000e-42	4.2128916138e-03
7.3621000000e-44	0.0000000000e+00	NA
1.5751000000e-45	0.0000000000e+00	NA
3.0681000000e-47	0.0000000000e+00	NA
5.7514000000e-49	0.0000000000e+00	NA
1.0232000000e-50	0.0000000000e+00	NA
1.6600000000e-52	0.0000000000e+00	NA
2.5764000000e-54	0.0000000000e+00	NA
3.9737000000e-56	0.0000000000e+00	NA
6.0309000000e-58	0.0000000000e+00	NA
8.6597000000e-60	0.0000000000e+00	NA
1.1792000000e-61	0.0000000000e+00	NA
1.5362000000e-63	0.0000000000e+00	NA
1.8418000000e-65	0.0000000000e+00	NA
2.0559000000e-67	0.0000000000e+00	NA
2.2230000000e-69	0.0000000000e+00	NA
2.2100000000e-71	0.0000000000e+00	NA
1.9807000000e-73	0.0000000000e+00	NA
1.6263000000e-75	0.0000000000e+00	NA
1.2528000000e-77	0.0000000000e+00	NA
9.2887000000e-80	0.0000000000e+00	NA
6.6336000000e-82	0.0000000000e+00	NA
4.4459000000e-84	0.0000000000e+00	NA
2.7090000000e-86	0.0000000000e+00	NA
1.4641000000e-88	0.0000000000e+00	NA
7.0512000000e-91	0.0000000000e+00	NA
3.1244000000e-93	0.0000000000e+00	NA
1.3331000000e-95	0.0000000000e+00	NA
5.9251000000e-98	0.0000000000e+00	NA
2.6746000000e-100	0.0000000000e+00	NA
1.1319000000e-102	0.0000000000e+00	NA
4.6949000000e-105	0.0000000000e+00	NA
1.9450000000e-107	0.0000000000e+00	NA
7.2300000000e-110	0.0000000000e+00	NA
2.3691000000e-112	0.0000000000e+00	NA
7.1610000000e-115	0.0000000000e+00	NA
2.0371000000e-117	0.0000000000e+00	NA
5.4797000000e-120	0.0000000000e+00	NA
1.3783000000e-122	0.0000000000e+00	NA
3.2231000000e-125	0.0000000000e+00	NA
7.1026000000e-128	0.0000000000e+00	NA
1.4749000000e-130	0.0000000000e+00	NA
2.8861000000e-133	0.0000000000e+00	NA
5.3216000000e-136	0.0000000000e+00	NA
9.2460000000e-139	0.0000000000e+00	NA
1.5137000000e-141	0.0000000000e+00	NA
2.3350000000e-144	0.0000000000e+00	NA
3.3939000000e-147	0.0000000000e+00	NA
4.6479000000e-150	0.0000000000e+00	NA
5.9974000000e-153	0.0000000000e+00	NA
7.2913000000e-156	0.0000000000e+00	NA
8.3518000000e-159	0.0000000000e+00	NA
9.0133000000e-162	0.0000000000e+00	NA
5.9678000000e-139	0.0000000000e+00	NA
7.5166000000e-133	0.0000000000e+00	NA
6.2867000000e-127	0.0000000000e+00	NA
3.5215000000e-121	0.0000000000e+00	NA
1.3222000000e-115	0.0000000000e+00	NA
3.3364000000e-110	0.0000000000e+00	NA
5.6520000000e-105	0.0000000000e+00	NA
6.4426000000e-100	0.0000000000e+00	NA
4.9369000000e-95	0.0000000000e+00	NA
2.5464000000e-90	0.0000000000e+00	NA
8.8387000000e-86	0.0000000000e+00	NA
2.0652000000e-81	0.0000000000e+00	NA
3.2986000000e-77	0.0000000000e+00	NA
3.6486000000e-73	0.0000000000e+00	NA
2.7170000000e-69	0.0000000000e+00	NA
1.3573000000e-65	0.0000000000e+00	NA
4.6433000000e-62	0.0000000000e+00	NA
1.0846000000e-58	0.0000000000e+00	NA
1.7296000000e-55	0.0000000000e+00	NA
1.8829000000e-52	0.0000000000e+00	NA
1.3750000000e-49	0.0000000000e+00	NA
6.6214000000e-47	0.0000000000e+00	NA
2.0917000000e-44	1.2612000000e-44	2.1971543433e-01
4.3426000000e-42	4.3286000000e-42	1.4023729195e-03
5.9211000000e-40	5.9209000000e-40	1.4669632898e-05
5.2963000000e-38	5.2963000000e-38	0.0000000000e+00
3.1077000000e-36	3.1077000000e-36	0.0000000000e+00
1.1967000000e-34	1.1967000000e-34	0.0000000000e+00
3.0266000000e-33	3.0266000000e-33	0.0000000000e+00
5.0477000000e-32	5.0477000000e-32	0.0000000000e+00
5.5926000000e-31	5.5926000000e-31	0.0000000000e+00
4.1480000000e-30	4.1480000000e-30	0.0000000000e+00
2.0745000000e-29	2.0745000000e-29	0.0000000000e+00
7.0462000000e-29	7.0462000000e-29	0.0000000000e+00
1.6392000000e-28	1.6392000000e-28	0.0000000000e+00
2.6343000000e-28	2.6343000000e-28	0.0000000000e+00
2.9509000000e-28	2.9509000000e-28	0.0000000000e+00
2.3227000000e-28	2.3227000000e-28	0.0000000000e+00
1.2894000000e-28	1.2894000000e-28	0.0000000000e+00
5.0518000000e-29	5.0518000000e-29	0.0000000000e+00
1.4009000000e-29	1.4009000000e-29	0.0000000000e+00
2.7571000000e-30	2.7571000000e-30	0.0000000000e+00
3.8807000000e-31	3.8807000000e-31	0.0000000000e+00
3.9037000000e-32	3.9037000000e-32	0.0000000000e+00
2.8204000000e-33	2.8204000000e-33	0.0000000000e+00
1.5246000000e-34	1.5246000000e-34	0.0000000000e+00
6.2774000000e-36	6.2774000000e-36	0.0000000000e+00
2.0461000000e-37	2.0461000000e-37	0.0000000000e+00
6.0196000000e-39	6.0196000000e-39	0.0000000000e+00
1.6717000000e-40	1.6718000000e-40	-2.5978434696e-05
4.1082000000e-42	4.0610000000e-42	5.0185887609e-03
8.7489000000e-44	0.0000000000e+00	NA
1.9445000000e-45	0.0000000000e+00	NA
4.1775000000e-47	0.0000000000e+00	NA
7.2671000000e-49	0.0000000000e+00	NA
1.2492000000e-50	0.0000000000e+00	NA
2.2576000000e-52	0.0000000000e+00	NA
4.0253000000e-54	0.0000000000e+00	NA
6.6264000000e-56	0.0000000000e+00	NA
1.0019000000e-57	0.0000000000e+00	NA
1.5556000000e-59	0.0000000000e+00	NA
2.0710000000e-61	0.0000000000e+00	NA
2.5556000000e-63	0.0000000000e+00	NA
3.2183000000e-65	0.0000000000e+00	NA
3.6556000000e-67	0.0000000000e+00	NA
3.6005000000e-69	0.0000000000e+00	NA
3.2743000000e-71	0.0000000000e+00	NA
2.7770000000e-73	0.0000000000e+00	NA
2.2954000000e-75	0.0000000000e+00	NA
1.9299000000e-77	0.0000000000e+00	NA
1.5456000000e-79	0.0000000000e+00	NA
1.1112000000e-81	0.0000000000e+00	NA
6.8581000000e-84	0.0000000000e+00	NA
3.4750000000e-86	0.0000000000e+00	NA
1.7160000000e-88	0.0000000000e+00	NA
7.9202000000e-91	0.0000000000e+00	NA
4.2330000000e-93	0.0000000000e+00	NA
2.2790000000e-95	0.0000000000e+00	NA
1.0219000000e-97	0.0000000000e+00	NA
4.8362000000e-100	0.0000000000e+00	NA
2.6027000000e-102	0.0000000000e+00	NA
1.1079000000e-104	0.0000000000e+00	NA
4.0444000000e-107	0.0000000000e+00	NA
1.3879000000e-109	0.0000000000e+00	NA
4.5375000000e-112	0.0000000000e+00	NA
1.3980000000e-114	0.0000000000e+00	NA
4.1174000000e-117	0.0000000000e+00	NA
1.1034000000e-119	0.0000000000e+00	NA
2.7866000000e-122	0.0000000000e+00	NA
6.6315000000e-125	0.0000000000e+00	NA
1.4872000000e-127	0.0000000000e+00	NA
3.1426000000e-130	0.0000000000e+00	NA
6.2578000000e-133	0.0000000000e+00	NA
1.1741000000e-135	0.0000000000e+00	NA
2.0758000000e-138	0.0000000000e+00	NA
3.4580000000e-141	0.0000000000e+00	NA
5.4278000000e-144	0.0000000000e+00	NA
8.0272000000e-147	0.0000000000e+00	NA
1.1185000000e-149	0.0000000000e+00	NA
1.4685000000e-152	0.0000000000e+00	NA
1.8165000000e-155	0.0000000000e+00	NA
5.5853000000e-136	0.0000000000e+00	NA
7.0501000000e-130	0.0000000000e+00	NA
5.9167000000e-124	0.0000000000e+00	NA
3.3203000000e-118	0.0000000000e+00	NA
1.2509000000e-112	0.0000000000e+00	NA
3.1664000000e-107	0.0000000000e+00	NA
5.3906000000e-102	0.0000000000e+00	NA
6.1679000000e-97	0.0000000000e+00	NA
4.7546000000e-92	0.0000000000e+00	NA
2.4692000000e-87	0.0000000000e+00	NA
8.6441000000e-83	0.0000000000e+00	NA
2.0408000000e-78	0.0000000000e+00	NA
3.3912000000e-74	0.0000000000e+00	NA
3.8205000000e-70	0.0000000000e+00	NA
2.9087000000e-66	0.0000000000e+00	NA
1.4864000000e-62	0.0000000000e+00	NA
5.1929000000e-59	0.0000000000e+00	NA
1.2200000000e-55	0.0000000000e+00	NA
1.9703000000e-52	0.0000000000e+00	NA
2.2151000000e-49	0.0000000000e+00	NA
1.6799000000e-46	0.0000000000e+00	NA
8.3265000000e-44	7.0065000000e-44	7.4961360044e-02
2.6830000000e-41	2.6807000000e-41	3.7245832899e-04
5.6736000000e-39	5.6736000000e-39	0.0000000000e+00
7.8468000000e-37	7.8468000000e-37	0.0000000000e+00
7.0877000000e-35	7.0877000000e-35	0.0000000000e+00
4.1766000000e-33	4.1766000000e-33	0.0000000000e+00
1.6067000000e-31	1.6067000000e-31	0.0000000000e+00
4.0007000000e-30	4.0007000000e-30	0.0000000000e+00
6.5003000000e-29	6.5003000000e-29	0.0000000000e+00
7.0054000000e-28	7.0054000000e-28	0.0000000000e+00
5.0484000000e-27	5.0484000000e-27	0.0000000000e+00
2.4571000000e-26	2.4571000000e-26	0.0000000000e+00
8.0835000000e-26	8.0835000000e-26	0.0000000000e+00
1.8264000000e-25	1.8264000000e-25	0.0000000000e+00
2.8516000000e-25	2.8516000000e-25	0.0000000000e+00
3.1182000000e-25	3.1182000000e-25	0.0000000000e+00
2.4126000000e-25	2.4126000000e-25	0.0000000000e+00
1.3350000000e-25	1.3350000000e-25	0.0000000000e+00
5.2015000000e-26	5.2015000000e-26	0.0000000000e+00
1.4496000000e-26	1.4496000000e-26	0.0000000000e+00
2.8728000000e-27	2.8728000000e-27	0.0000000000e+00
4.1301000000e-28	4.1301000000e-28	0.0000000000e+00
4.2165000000e-29	4.2165000000e-29	0.0000000000e+00
3.1583000000e-30	3.1583000000e-30	0.0000000000e+00
1.8067000000e-31	1.8067000000e-31	0.0000000000e+00
8.1158000000e-33	8.1158000000e-33	0.0000000000e+00
2.6239000000e-34	2.6239000000e-34	0.0000000000e+00
8.4236000000e-36	8.4236000000e-36	0.0000000000e+00
2.8148000000e-37	2.8148000000e-37	0.0000000000e+00
8.6905000000e-39	8.6904000000e-39	4.9973762223e-06
1.7667000000e-40	1.7665000000e-40	4.9167268467e-05
4.9666000000e-42	4.9073000000e-42	5.2165755007e-03
1.4297000000e-43	1.9618000000e-44	8.6259018698e-01
2.2182000000e-45	0.0000000000e+00	NA
4.2807000000e-47	0.0000000000e+00	NA
9.5542000000e-49	0.0000000000e+00	NA
1.9126000000e-50	0.0000000000e+00	NA
3.5960000000e-52	0.0000000000e+00	NA
5.3305000000e-54	0.0000000000e+00	NA
1.3279000000e-55	0.0000000000e+00	NA
1.8513000000e-57	0.0000000000e+00	NA
2.3504000000e-59	0.0000000000e+00	NA
3.7188000000e-61	0.0000000000e+00	NA
4.6843000000e-63	0.0000000000e+00	NA
5.0175000000e-65	0.0000000000e+00	NA
5.1435000000e-67	0.0000000000e+00	NA
4.9245000000e-69	0.0000000000e+00	NA
3.8075000000e-71	0.0000000000e+00	NA
4.0513000000e-73	0.0000000000e+00	NA
4.1067000000e-75	0.0000000000e+00	NA
3.3540000000e-77	0.0000000000e+00	NA
2.5150000000e-79	0.0000000000e+00	NA
1.3110000000e-81	0.0000000000e+00	NA
8.9690000000e-84	0.0000000000e+00	NA
3.5266000000e-86	0.0000000000e+00	NA
2.6079000000e-88	0.0000000000e+00	NA
1.4308000000e-90	0.0000000000e+00	NA
8.8927000000e-93	0.0000000000e+00	NA
3.1056000000e-95	0.0000000000e+00	NA
2.6485000000e-97	0.0000000000e+00	NA
1.2312000000e-99	0.0000000000e+00	NA
5.0728000000e-102	0.0000000000e+00	NA
1.9637000000e-104	0.0000000000e+00	NA
7.4227000000e-107	0.0000000000e+00	NA
2.6310000000e-109	0.0000000000e+00	NA
9.0017000000e-112	0.0000000000e+00	NA
2.7646000000e-114	0.0000000000e+00	NA
8.0011000000e-117	0.0000000000e+00	NA
2.1822000000e-119	0.0000000000e+00	NA
5.6085000000e-122	0.0000000000e+00	NA
1.3583000000e-124	0.0000000000e+00	NA
3.0998000000e-127	0.0000000000e+00	NA
6.6658000000e-130	0.0000000000e+00	NA
1.3507000000e-132	0.0000000000e+00	NA
2.5788000000e-135	0.0000000000e+00	NA
4.6392000000e-138	0.0000000000e+00	NA
7.8636000000e-141	0.0000000000e+00	NA
1.2559000000e-143	0.0000000000e+00	NA
1.8898000000e-146	0.0000000000e+00	NA
2.6793000000e-149	0.0000000000e+00	NA
3.5165000000e-133	0.0000000000e+00	NA
4.4527000000e-127	0.0000000000e+00	NA
3.7459000000e-121	0.0000000000e+00	NA
2.1100000000e-115	0.0000000000e+00	NA
7.9756000000e-110	0.0000000000e+00	NA
2.0256000000e-104	0.0000000000e+00	NA
3.4635000000e-99	0.0000000000e+00	NA
3.9852000000e-94	0.0000000000e+00	NA
3.0894000000e-89	0.0000000000e+00	NA
1.6163000000e-84	0.0000000000e+00	NA
5.7075000000e-80	0.0000000000e+00	NA
1.3908000000e-75	0.0000000000e+00	NA
2.3500000000e-71	0.0000000000e+00	NA
2.6967000000e-67	0.0000000000e+00	NA
2.1109000000e-63	0.0000000000e+00	NA
1.1321000000e-59	0.0000000000e+00	NA
3.9758000000e-56	0.0000000000e+00	NA
9.5095000000e-53	0.0000000000e+00	NA
1.5251000000e-49	0.0000000000e+00	NA
1.7696000000e-46	0.0000000000e+00	NA
1.3996000000e-43	1.3172000000e-43	2.6352211771e-02
7.2482000000e-41	7.2471000000e-41	6.5914321333e-05
2.3973000000e-38	2.3973000000e-38	0.0000000000e+00
5.1934000000e-36	5.1934000000e-36	0.0000000000e+00
7.3025000000e-34	7.3025000000e-34	0.0000000000e+00
6.7572000000e-32	6.7572000000e-32	0.0000000000e+00
4.0089000000e-30	4.0089000000e-30	0.0000000000e+00
1.5696000000e-28	1.5696000000e-28	0.0000000000e+00
3.7904000000e-27	3.7904000000e-27	0.0000000000e+00
5.8994000000e-26	5.8994000000e-26	0.0000000000e+00
6.1779000000e-25	6.1779000000e-25	0.0000000000e+00
4.3014000000e-24	4.3014000000e-24	0.0000000000e+00
2.0485000000e-23	2.0485000000e-23	0.0000000000e+00
6.3837000000e-23	6.3837000000e-23	0.0000000000e+00
1.3959000000e-22	1.3959000000e-22	0.0000000000e+00
2.0967000000e-22	2.0967000000e-22	0.0000000000e+00
2.2346000000e-22	2.2346000000e-22	0.0000000000e+00
1.6926000000e-22	1.6926000000e-22	0.0000000000e+00
9.1369000000e-23	9.1369000000e-23	0.0000000000e+00
3.5662000000e-23	3.5662000000e-23	0.0000000000e+00
1.0215000000e-23	1.0215000000e-23	0.0000000000e+00
2.0525000000e-24	2.0525000000e-24	0.0000000000e+00
2.9368000000e-25	2.9368000000e-25	0.0000000000e+00
2.7263000000e-26	2.7263000000e-26	0.0000000000e+00
2.2528000000e-27	2.2528000000e-27	0.0000000000e+00
1.4636000000e-28	1.4636000000e-28	0.0000000000e+00
8.8101000000e-30	8.8101000000e-30	0.0000000000e+00
2.9532000000e-31	2.9532000000e-31	0.0000000000e+00
9.8644000000e-33	9.8644000000e-33	0.0000000000e+00
3.9902000000e-34	3.9902000000e-34	0.0000000000e+00
1.2695000000e-35	1.2695000000e-35	0.0000000000e+00
3.4802000000e-37	3.4803000000e-37	-1.2478830025e-05
8.0119000000e-39	8.0119000000e-39	0.0000000000e+00
2.3907000000e-40	2.3903000000e-40	7.2670066165e-05
6.9974000000e-42	6.9490000000e-42	3.0143889909e-03
1.4230000000e-43	2.6625000000e-44	7.2791528364e-01
2.7821000000e-45	0.0000000000e+00	NA
6.5782000000e-47	0.0000000000e+00	NA
2.0896000000e-48	0.0000000000e+00	NA
2.5496000000e-50	0.0000000000e+00	NA
5.3013000000e-52	0.0000000000e+00	NA
1.2331000000e-53	0.0000000000e+00	NA
1.9372000000e-55	0.0000000000e+00	NA
2.8496000000e-57	0.0000000000e+00	NA
3.9406000000e-59	0.0000000000e+00	NA
5.0786000000e-61	0.0000000000e+00	NA
6.2537000000e-63	0.0000000000e+00	NA
7.1778000000e-65	0.0000000000e+00	NA
7.1420000000e-67	0.0000000000e+00	NA
6.1553000000e-69	0.0000000000e+00	NA
7.6204000000e-71	0.0000000000e+00	NA
5.5327000000e-73	0.0000000000e+00	NA
5.8101000000e-75	0.0000000000e+00	NA
4.4684000000e-77	0.0000000000e+00	NA
2.6765000000e-79	0.0000000000e+00	NA
1.9028000000e-81	0.0000000000e+00	NA
1.2382000000e-83	0.0000000000e+00	NA
8.2051000000e-86	0.0000000000e+00	NA
4.0550000000e-88	0.0000000000e+00	NA
2.3372000000e-90	0.0000000000e+00	NA
1.3223000000e-92	0.0000000000e+00	NA
1.0163000000e-94	0.0000000000e+00	NA
4.7455000000e-97	0.0000000000e+00	NA
2.0829000000e-99	0.0000000000e+00	NA
8.9232000000e-102	0.0000000000e+00	NA
3.8563000000e-104	0.0000000000e+00	NA
1.4402000000e-106	0.0000000000e+00	NA
5.0689000000e-109	0.0000000000e+00	NA
1.6813000000e-111	0.0000000000e+00	NA
5.2552000000e-114	0.0000000000e+00	NA
1.5479000000e-116	0.0000000000e+00	NA
4.2965000000e-119	0.0000000000e+00	NA
1.1238000000e-121	0.0000000000e+00	NA
2.7696000000e-124	0.0000000000e+00	NA
6.4319000000e-127	0.0000000000e+00	NA
1.4075000000e-129	0.0000000000e+00	NA
2.9020000000e-132	0.0000000000e+00	NA
5.6379000000e-135	0.0000000000e+00	NA
1.0320000000e-137	0.0000000000e+00	NA
1.7799000000e-140	0.0000000000e+00	NA
2.8924000000e-143	0.0000000000e+00	NA
1.4887000000e-130	0.0000000000e+00	NA
1.8907000000e-124	0.0000000000e+00	NA
1.5958000000e-118	0.0000000000e+00	NA
9.0131000000e-113	0.0000000000e+00	NA
3.4211000000e-107	0.0000000000e+00	NA
8.7314000000e-102	0.0000000000e+00	NA
1.4994000000e-96	0.0000000000e+00	NA
1.7362000000e-91	0.0000000000e+00	NA
1.3547000000e-86	0.0000000000e+00	NA
7.1371000000e-82	0.0000000000e+00	NA
2.5390000000e-77	0.0000000000e+00	NA
6.3907000000e-73	0.0000000000e+00	NA
1.0923000000e-68	0.0000000000e+00	NA
1.2692000000e-64	0.0000000000e+00	NA
1.0167000000e-60	0.0000000000e+00	NA
5.7441000000e-57	0.0000000000e+00	NA
2.2302000000e-53	0.0000000000e+00	NA
4.9206000000e-50	0.0000000000e+00	NA
8.3581000000e-47	0.0000000000e+00	NA
1.0041000000e-43	9.2486000000e-44	3.5700970370e-02
8.0460000000e-41	8.0442000000e-41	9.7168471577e-05
4.3522000000e-38	4.3522000000e-38	0.0000000000e+00
1.4974000000e-35	1.4974000000e-35	0.0000000000e+00
3.3627000000e-33	3.3627000000e-33	0.0000000000e+00
4.8664000000e-31	4.8664000000e-31	0.0000000000e+00
4.6156000000e-29	4.6156000000e-29	0.0000000000e+00
2.8491000000e-27	2.8491000000e-27	0.0000000000e+00
1.0676000000e-25	1.0676000000e-25	0.0000000000e+00
2.6050000000e-24	2.6050000000e-24	0.0000000000e+00
3.9354000000e-23	3.9354000000e-23	0.0000000000e+00
3.9883000000e-22	3.9883000000e-22	0.0000000000e+00
2.6141000000e-21	2.6141000000e-21	0.0000000000e+00
1.1641000000e-20	1.1641000000e-20	0.0000000000e+00
3.5879000000e-20	3.5879000000e-20	0.0000000000e+00
7.2969000000e-20	7.2969000000e-20	0.0000000000e+00
1.0467000000e-19	1.0467000000e-19	0.0000000000e+00
1.0879000000e-19	1.0879000000e-19	0.0000000000e+00
8.0748000000e-20	8.0748000000e-20	0.0000000000e+00
4.3004000000e-20	4.3004000000e-20	0.0000000000e+00
1.6846000000e-20	1.6846000000e-20	0.0000000000e+00
4.7376000000e-21	4.7376000000e-21	0.0000000000e+00
9.4628000000e-22	9.4628000000e-22	0.0000000000e+00
1.4294000000e-22	1.4294000000e-22	0.0000000000e+00
1.6875000000e-23	1.6875000000e-23	0.0000000000e+00
1.4339000000e-24	1.4339000000e-24	0.0000000000e+00
1.0108000000e-25	1.0108000000e-25	0.0000000000e+00
5.8269000000e-27	5.8269000000e-27	0.0000000000e+00
2.6439000000e-28	2.6439000000e-28	0.0000000000e+00
8.0935000000e-30	8.0935000000e-30	0.0000000000e+00
3.1556000000e-31	3.1556000000e-31	0.0000000000e+00
8.3749000000e-33	8.3749000000e-33	0.0000000000e+00
3.6636000000e-34	3.6636000000e-34	0.0000000000e+00
1.2254000000e-35	1.2254000000e-35	0.0000000000e+00
2.6214000000e-37	2.6214000000e-37	0.0000000000e+00
9.2285000000e-39	9.2284000000e-39	4.7060392798e-06
2.3922000000e-40	2.3920000000e-40	3.6310729665e-05
6.9343000000e-42	6.8706000000e-42	4.0079616430e-03
1.7398000000e-43	7.2868000000e-44	3.7796247685e-01
4.0289000000e-45	0.0000000000e+00	NA
1.0983000000e-46	0.0000000000e+00	NA
1.3383000000e-48	0.0000000000e+00	NA
2.5659000000e-50	0.0000000000e+00	NA
6.8670000000e-52	0.0000000000e+00	NA
1.0577000000e-53	0.0000000000e+00	NA
1.8768000000e-55	0.0000000000e+00	NA
2.0682000000e-57	0.0000000000e+00	NA
3.2535000000e-59	0.0000000000e+00	NA
5.0829000000e-61	0.0000000000e+00	NA
7.7855000000e-63	0.0000000000e+00	NA
9.1926000000e-65	0.0000000000e+00	NA
9.7556000000e-67	0.0000000000e+00	NA
1.0232000000e-68	0.0000000000e+00	NA
1.0542000000e-70	0.0000000000e+00	NA
9.2262000000e-73	0.0000000000e+00	NA
7.7989000000e-75	0.0000000000e+00	NA
6.3503000000e-77	0.0000000000e+00	NA
4.4234000000e-79	0.0000000000e+00	NA
2.6727000000e-81	0.0000000000e+00	NA
1.3664000000e-83	0.0000000000e+00	NA
1.4348000000e-85	0.0000000000e+00	NA
7.1163000000e-88	0.0000000000e+00	NA
5.9449000000e-90	0.0000000000e+00	NA
3.2258000000e-92	0.0000000000e+00	NA
1.6392000000e-94	0.0000000000e+00	NA
7.1012000000e-97	0.0000000000e+00	NA
3.9393000000e-99	0.0000000000e+00	NA
1.6861000000e-101	0.0000000000e+00	NA
6.8012000000e-104	0.0000000000e+00	NA
2.5854000000e-106	0.0000000000e+00	NA
9.2615000000e-109	0.0000000000e+00	NA
3.1265000000e-111	0.0000000000e+00	NA
9.9458000000e-114	0.0000000000e+00	NA
2.9814000000e-116	0.0000000000e+00	NA
8.4215000000e-119	0.0000000000e+00	NA
2.2415000000e-121	0.0000000000e+00	NA
5.6218000000e-124	0.0000000000e+00	NA
1.3285000000e-126	0.0000000000e+00	NA
2.9583000000e-129	0.0000000000e+00	NA
6.2066000000e-132	0.0000000000e+00	NA
1.2269000000e-134	0.0000000000e+00	NA
2.2852000000e-137	0.0000000000e+00	NA
4.2439000000e-128	0.0000000000e+00	NA
5.3996000000e-122	0.0000000000e+00	NA
4.5710000000e-116	0.0000000000e+00	NA
2.5927000000e-110	0.0000000000e+00	NA
9.8787000000e-105	0.0000000000e+00	NA
2.5328000000e-99	0.0000000000e+00	NA
4.3738000000e-94	0.0000000000e+00	NA
5.0954000000e-89	0.0000000000e+00	NA
4.0035000000e-84	0.0000000000e+00	NA
2.1252000000e-79	0.0000000000e+00	NA
7.7489000000e-75	0.0000000000e+00	NA
1.9736000000e-70	0.0000000000e+00	NA
3.4044000000e-66	0.0000000000e+00	NA
3.9782000000e-62	0.0000000000e+00	NA
3.2594000000e-58	0.0000000000e+00	NA
1.8711000000e-54	0.0000000000e+00	NA
6.9499000000e-51	0.0000000000e+00	NA
1.8759000000e-47	0.0000000000e+00	NA
3.1804000000e-44	2.2421000000e-44	1.5182676611e-01
3.9101000000e-41	3.9084000000e-41	1.8885991709e-04
3.2287000000e-38	3.2287000000e-38	0.0000000000e+00
1.8186000000e-35	1.8186000000e-35	0.0000000000e+00
6.5518000000e-33	6.5518000000e-33	0.0000000000e+00
1.5471000000e-30	1.5471000000e-30	0.0000000000e+00
2.3537000000e-28	2.3537000000e-28	0.0000000000e+00
2.3156000000e-26	2.3156000000e-26	0.0000000000e+00
1.4226000000e-24	1.4226000000e-24	0.0000000000e+00
5.3164000000e-23	5.3164000000e-23	0.0000000000e+00
1.2356000000e-21	1.2356000000e-21	0.0000000000e+00
1.8981000000e-20	1.8981000000e-20	0.0000000000e+00
1.8284000000e-19	1.8284000000e-19	0.0000000000e+00
1.1210000000e-18	1.1210000000e-18	0.0000000000e+00
4.7510000000e-18	4.7510000000e-18	0.0000000000e+00
1.3405000000e-17	1.3405000000e-17	0.0000000000e+00
2.6374000000e-17	2.6374000000e-17	0.0000000000e+00
3.6286000000e-17	3.6286000000e-17	0.0000000000e+00
3.6227000000e-17	3.6227000000e-17	0.0000000000e+00
2.6206000000e-17	2.6206000000e-17	0.0000000000e+00
1.3726000000e-17	1.3726000000e-17	0.0000000000e+00
5.2522000000e-18	5.2522000000e-18	0.0000000000e+00
1.4866000000e-18	1.4866000000e-18	0.0000000000e+00
3.0088000000e-19	3.0088000000e-19	0.0000000000e+00
4.8637000000e-20	4.8637000000e-20	0.0000000000e+00
5.8731000000e-21	5.8731000000e-21	0.0000000000e+00
5.5574000000e-22	5.5574000000e-22	0.0000000000e+00
3.9516000000e-23	3.9516000000e-23	0.0000000000e+00
2.4741000000e-24	2.4741000000e-24	0.0000000000e+00
1.2607000000e-25	1.2607000000e-25	0.0000000000e+00
5.6560000000e-27	5.6560000000e-27	0.0000000000e+00
2.2287000000e-28	2.2287000000e-28	0.0000000000e+00
9.4585000000e-30	9.4585000000e-30	0.0000000000e+00
3.1169000000e-31	3.1169000000e-31	0.0000000000e+00
1.0128000000e-32	1.0128000000e-32	0.0000000000e+00
3.7563000000e-34	3.7563000000e-34	0.0000000000e+00
1.2625000000e-35	1.2625000000e-35	0.0000000000e+00
4.1805000000e-37	4.1805000000e-37	0.0000000000e+00
1.2307000000e-38	1.2307000000e-38	0.0000000000e+00
3.2180000000e-40	3.2176000000e-40	5.3986510344e-05
7.2259000000e-42	7.1901000000e-42	2.1570164281e-03
2.6892000000e-43	1.7516000000e-43	1.8618816606e-01
3.5981000000e-45	0.0000000000e+00	NA
7.5289000000e-47	0.0000000000e+00	NA
1.9988000000e-48	0.0000000000e+00	NA
4.2969000000e-50	0.0000000000e+00	NA
7.5218000000e-52	0.0000000000e+00	NA
1.3645000000e-53	0.0000000000e+00	NA
1.8302000000e-55	0.0000000000e+00	NA
3.4021000000e-57	0.0000000000e+00	NA
5.0593000000e-59	0.0000000000e+00	NA
7.7632000000e-61	0.0000000000e+00	NA
7.5774000000e-63	0.0000000000e+00	NA
1.0015000000e-64	0.0000000000e+00	NA
1.2583000000e-66	0.0000000000e+00	NA
1.4185000000e-68	0.0000000000e+00	NA
1.3359000000e-70	0.0000000000e+00	NA
1.3164000000e-72	0.0000000000e+00	NA
1.0789000000e-74	0.0000000000e+00	NA
7.9582000000e-77	0.0000000000e+00	NA
6.6890000000e-79	0.0000000000e+00	NA
3.2134000000e-81	0.0000000000e+00	NA
2.2664000000e-83	0.0000000000e+00	NA
2.1757000000e-85	0.0000000000e+00	NA
1.5627000000e-87	0.0000000000e+00	NA
9.4382000000e-90	0.0000000000e+00	NA
5.2383000000e-92	0.0000000000e+00	NA
2.9444000000e-94	0.0000000000e+00	NA
1.4444000000e-96	0.0000000000e+00	NA
6.6772000000e-99	0.0000000000e+00	NA
2.9090000000e-101	0.0000000000e+00	NA
1.1943000000e-103	0.0000000000e+00	NA
4.6209000000e-106	0.0000000000e+00	NA
1.6848000000e-108	0.0000000000e+00	NA
5.7883000000e-111	0.0000000000e+00	NA
1.8739000000e-113	0.0000000000e+00	NA
5.7167000000e-116	0.0000000000e+00	NA
1.6433000000e-118	0.0000000000e+00	NA
4.4510000000e-121	0.0000000000e+00	NA
1.1360000000e-123	0.0000000000e+00	NA
2.7317000000e-126	0.0000000000e+00	NA
6.1895000000e-129	0.0000000000e+00	NA
1.3214000000e-131	0.0000000000e+00	NA
8.1189000000e-126	0.0000000000e+00	NA
1.0365000000e-119	0.0000000000e+00	NA
8.8059000000e-114	0.0000000000e+00	NA
5.0092000000e-108	0.0000000000e+00	NA
1.9168000000e-102	0.0000000000e+00	NA
4.9424000000e-97	0.0000000000e+00	NA
8.5842000000e-92	0.0000000000e+00	NA
1.0070000000e-86	0.0000000000e+00	NA
7.9728000000e-82	0.0000000000e+00	NA
4.2675000000e-77	0.0000000000e+00	NA
1.5938000000e-72	0.0000000000e+00	NA
4.1063000000e-68	0.0000000000e+00	NA
7.1592000000e-64	0.0000000000e+00	NA
8.5406000000e-60	0.0000000000e+00	NA
6.9933000000e-56	0.0000000000e+00	NA
3.7228000000e-52	0.0000000000e+00	NA
1.5088000000e-48	0.0000000000e+00	NA
4.5266000000e-45	0.0000000000e+00	NA
7.9715000000e-42	7.9608000000e-42	5.8333720241e-04
1.0367000000e-38	1.0367000000e-38	0.0000000000e+00
9.0792000000e-36	9.0792000000e-36	0.0000000000e+00
5.2449000000e-33	5.2449000000e-33	0.0000000000e+00
2.1392000000e-30	2.1392000000e-30	0.0000000000e+00
5.1444000000e-28	5.1444000000e-28	0.0000000000e+00
7.9525000000e-26	7.9525000000e-26	0.0000000000e+00
8.6656000000e-24	8.6656000000e-24	0.0000000000e+00
6.0495000000e-22	6.0495000000e-22	0.0000000000e+00
2.0213000000e-20	2.0213000000e-20	0.0000000000e+00
4.6550000000e-19	4.6550000000e-19	0.0000000000e+00
6.5359000000e-18	6.5359000000e-18	0.0000000000e+00
5.9950000000e-17	5.9950000000e-17	0.0000000000e+00
3.5562000000e-16	3.5562000000e-16	0.0000000000e+00
1.3917000000e-15	1.3917000000e-15	0.0000000000e+00
3.6592000000e-15	3.6592000000e-15	0.0000000000e+00
6.6111000000e-15	6.6111000000e-15	0.0000000000e+00
8.6743000000e-15	8.6743000000e-15	0.0000000000e+00
8.2658000000e-15	8.2658000000e-15	0.0000000000e+00
5.7795000000e-15	5.7795000000e-15	0.0000000000e+00
2.9744000000e-15	2.9744000000e-15	0.0000000000e+00
1.1299000000e-15	1.1299000000e-15	0.0000000000e+00
3.2067000000e-16	3.2067000000e-16	0.0000000000e+00
6.8545000000e-17	6.8545000000e-17	0.0000000000e+00
1.0911000000e-17	1.0911000000e-17	0.0000000000e+00
1.3139000000e-18	1.3139000000e-18	0.0000000000e+00
1.3249000000e-19	1.3249000000e-19	0.0000000000e+00
1.0671000000e-20	1.0671000000e-20	0.0000000000e+00
7.1045000000e-22	7.1045000000e-22	0.0000000000e+00
4.2538000000e-23	4.2538000000e-23	0.0000000000e+00
2.1923000000e-24	2.1923000000e-24	0.0000000000e+00
1.0277000000e-25	1.0277000000e-25	0.0000000000e+00
4.9790000000e-27	4.9790000000e-27	0.0000000000e+00
2.2202000000e-28	2.2202000000e-28	0.0000000000e+00
9.1592000000e-30	9.1592000000e-30	0.0000000000e+00
3.1909000000e-31	3.1909000000e-31	0.0000000000e+00
1.1969000000e-32	1.1969000000e-32	0.0000000000e+00
3.9415000000e-34	3.9415000000e-34	0.0000000000e+00
1.3640000000e-35	1.3640000000e-35	0.0000000000e+00
4.0127000000e-37	4.0127000000e-37	0.0000000000e+00
1.1219000000e-38	1.1219000000e-38	0.0000000000e+00
3.0614000000e-40	3.0610000000e-40	5.6748266369e-05
9.7824000000e-42	9.7208000000e-42	2.7434091888e-03
1.6255000000e-43	7.7071000000e-44	3.2409597982e-01
4.5944000000e-45	0.0000000000e+00	NA
9.1440000000e-47	0.0000000000e+00	NA
2.5335000000e-48	0.0000000000e+00	NA
5.8794000000e-50	0.0000000000e+00	NA
8.9272000000e-52	0.0000000000e+00	NA
1.8992000000e-53	0.0000000000e+00	NA
3.0669000000e-55	0.0000000000e+00	NA
3.4452000000e-57	0.0000000000e+00	NA
5.1479000000e-59	0.0000000000e+00	NA
9.1600000000e-61	0.0000000000e+00	NA
9.0859000000e-63	0.0000000000e+00	NA
1.1333000000e-64	0.0000000000e+00	NA
1.7002000000e-66	0.0000000000e+00	NA
1.8670000000e-68	0.0000000000e+00	NA
1.7743000000e-70	0.0000000000e+00	NA
1.7885000000e-72	0.0000000000e+00	NA
1.4591000000e-74	0.0000000000e+00	NA
1.2755000000e-76	0.0000000000e+00	NA
1.0962000000e-78	0.0000000000e+00	NA
7.9463000000e-81	0.0000000000e+00	NA
5.8411000000e-83	0.0000000000e+00	NA
3.8681000000e-85	0.0000000000e+00	NA
2.6133000000e-87	0.0000000000e+00	NA
1.6101000000e-89	0.0000000000e+00	NA
9.0523000000e-92	0.0000000000e+00	NA
4.7963000000e-94	0.0000000000e+00	NA
2.3949000000e-96	0.0000000000e+00	NA
1.1270000000e-98	0.0000000000e+00	NA
4.9974000000e-101	0.0000000000e+00	NA
2.0883000000e-103	0.0000000000e+00	NA
8.2232000000e-106	0.0000000000e+00	NA
3.0513000000e-108	0.0000000000e+00	NA
1.0669000000e-110	0.0000000000e+00	NA
3.5151000000e-113	0.0000000000e+00	NA
1.0913000000e-115	0.0000000000e+00	NA
3.1922000000e-118	0.0000000000e+00	NA
8.7984000000e-121	0.0000000000e+00	NA
2.2850000000e-123	0.0000000000e+00	NA
5.5913000000e-126	0.0000000000e+00	NA
1.0440000000e-123	0.0000000000e+00	NA
1.3368000000e-117	0.0000000000e+00	NA
1.1391000000e-111	0.0000000000e+00	NA
6.5066000000e-106	0.0000000000e+00	NA
2.5007000000e-100	0.0000000000e+00	NA
6.4800000000e-95	0.0000000000e+00	NA
1.1327000000e-89	0.0000000000e+00	NA
1.3386000000e-84	0.0000000000e+00	NA
1.0691000000e-79	0.0000000000e+00	NA
5.7806000000e-75	0.0000000000e+00	NA
2.2045000000e-70	0.0000000000e+00	NA
5.7591000000e-66	0.0000000000e+00	NA
1.0208000000e-61	0.0000000000e+00	NA
1.2505000000e-57	0.0000000000e+00	NA
1.0603000000e-53	0.0000000000e+00	NA
6.4425000000e-50	0.0000000000e+00	NA
2.4167000000e-46	0.0000000000e+00	NA
6.9800000000e-43	6.8103000000e-43	1.0689179216e-02
1.3408000000e-39	1.3408000000e-39	0.0000000000e+00
2.0573000000e-36	2.0573000000e-36	0.0000000000e+00
1.6795000000e-33	1.6795000000e-33	0.0000000000e+00
1.0674000000e-30	1.0674000000e-30	0.0000000000e+00
7.1917000000e-28	7.1917000000e-28	0.0000000000e+00
3.5823000000e-25	3.5823000000e-25	0.0000000000e+00
4.2099000000e-23	4.2099000000e-23	0.0000000000e+00
4.4335000000e-21	4.4335000000e-21	0.0000000000e+00
5.7900000000e-19	5.7900000000e-19	0.0000000000e+00
5.4983000000e-18	5.4983000000e-18	0.0000000000e+00
1.2481000000e-16	1.2481000000e-16	0.0000000000e+00
1.7342000000e-15	1.7342000000e-15	0.0000000000e+00
1.6201000000e-14	1.6201000000e-14	0.0000000000e+00
8.7899000000e-14	8.7899000000e-14	0.0000000000e+00
3.0406000000e-13	3.0406000000e-13	0.0000000000e+00
7.0098000000e-13	7.0098000000e-13	0.0000000000e+00
1.1797000000e-12	1.1797000000e-12	0.0000000000e+00
1.4417000000e-12	1.4417000000e-12	0.0000000000e+00
1.2904000000e-12	1.2904000000e-12	0.0000000000e+00
8.6848000000e-13	8.6848000000e-13	0.0000000000e+00
4.3769000000e-13	4.3769000000e-13	0.0000000000e+00
1.6552000000e-13	1.6552000000e-13	0.0000000000e+00
4.6992000000e-14	4.6992000000e-14	0.0000000000e+00
1.0199000000e-14	1.0199000000e-14	0.0000000000e+00
1.6961000000e-15	1.6961000000e-15	0.0000000000e+00
2.1826000000e-16	2.1826000000e-16	0.0000000000e+00
2.3260000000e-17	2.3260000000e-17	0.0000000000e+00
1.9690000000e-18	1.9690000000e-18	0.0000000000e+00
1.4999000000e-19	1.4999000000e-19	0.0000000000e+00
9.6450000000e-21	9.6450000000e-21	0.0000000000e+00
5.8153000000e-22	5.8153000000e-22	0.0000000000e+00
3.3865000000e-23	3.3865000000e-23	0.0000000000e+00
1.8036000000e-24	1.8036000000e-24	0.0000000000e+00
8.0217000000e-26	8.0217000000e-26	0.0000000000e+00
4.1712000000e-27	4.1712000000e-27	0.0000000000e+00
1.5995000000e-28	1.5995000000e-28	0.0000000000e+00
7.4536000000e-30	7.4536000000e-30	0.0000000000e+00
2.8190000000e-31	2.8190000000e-31	0.0000000000e+00
1.1093000000e-32	1.1093000000e-32	0.0000000000e+00
3.8577000000e-34	3.8577000000e-34	0.0000000000e+00
1.1649000000e-35	1.1649000000e-35	0.0000000000e+00
4.2354000000e-37	4.2354000000e-37	0.0000000000e+00
1.2132000000e-38	1.2132000000e-38	0.0000000000e+00
4.3802000000e-40	4.3797000000e-40	4.9577561659e-05
9.3637000000e-42	9.2836000000e-42	3.7310711965e-03
2.4307000000e-43	1.5274000000e-43	2.0177857472e-01
6.6212000000e-45	0.0000000000e+00	NA
1.4498000000e-46	0.0000000000e+00	NA
2.5566000000e-48	0.0000000000e+00	NA
6.5191000000e-50	0.0000000000e+00	NA
1.2335000000e-51	0.0000000000e+00	NA
1.8581000000e-53	0.0000000000e+00	NA
3.0121000000e-55	0.0000000000e+00	NA
4.4002000000e-57	0.0000000000e+00	NA
8.2019000000e-59	0.0000000000e+00	NA
1.1581000000e-60	0.0000000000e+00	NA
1.5652000000e-62	0.0000000000e+00	NA
1.9213000000e-64	0.0000000000e+00	NA
2.2530000000e-66	0.0000000000e+00	NA
2.4554000000e-68	0.0000000000e+00	NA
2.0935000000e-70	0.0000000000e+00	NA
2.3984000000e-72	0.0000000000e+00	NA
2.2417000000e-74	0.0000000000e+00	NA
1.9429000000e-76	0.0000000000e+00	NA
1.5404000000e-78	0.0000000000e+00	NA
1.2444000000e-80	0.0000000000e+00	NA
9.4201000000e-83	0.0000000000e+00	NA
6.4409000000e-85	0.0000000000e+00	NA
4.1504000000e-87	0.0000000000e+00	NA
2.5205000000e-89	0.0000000000e+00	NA
1.4425000000e-91	0.0000000000e+00	NA
7.7800000000e-94	0.0000000000e+00	NA
3.9542000000e-96	0.0000000000e+00	NA
1.8939000000e-98	0.0000000000e+00	NA
8.5479000000e-101	0.0000000000e+00	NA
3.6354000000e-103	0.0000000000e+00	NA
1.4569000000e-105	0.0000000000e+00	NA
5.5019000000e-108	0.0000000000e+00	NA
1.9577000000e-110	0.0000000000e+00	NA
6.5641000000e-113	0.0000000000e+00	NA
2.0737000000e-115	0.0000000000e+00	NA
6.1729000000e-118	0.0000000000e+00	NA
1.7313000000e-120	0.0000000000e+00	NA
9.0198000000e-122	0.0000000000e+00	NA
1.1567000000e-115	0.0000000000e+00	NA
9.8900000000e-110	0.0000000000e+00	NA
5.6683000000e-104	0.0000000000e+00	NA
2.1883000000e-98	0.0000000000e+00	NA
5.7022000000e-93	0.0000000000e+00	NA
1.0036000000e-87	0.0000000000e+00	NA
1.1950000000e-82	0.0000000000e+00	NA
9.6381000000e-78	0.0000000000e+00	NA
5.2721000000e-73	0.0000000000e+00	NA
2.0470000000e-68	0.0000000000e+00	NA
5.4311000000e-64	0.0000000000e+00	NA
9.8263000000e-60	0.0000000000e+00	NA
1.2345000000e-55	0.0000000000e+00	NA
1.0749000000e-51	0.0000000000e+00	NA
6.4129000000e-48	0.0000000000e+00	NA
2.7722000000e-44	1.5414000000e-44	2.5490920454e-01
7.5978000000e-41	7.5957000000e-41	1.2005376218e-04
1.4839000000e-37	1.4839000000e-37	0.0000000000e+00
2.8936000000e-34	2.8936000000e-34	0.0000000000e+00
2.7203000000e-31	2.7203000000e-31	0.0000000000e+00
1.5136000000e-28	1.5136000000e-28	0.0000000000e+00
8.3779000000e-26	8.3779000000e-26	0.0000000000e+00
8.3741000000e-23	8.3741000000e-23	0.0000000000e+00
2.6158000000e-20	2.6158000000e-20	0.0000000000e+00
1.9573000000e-18	1.9573000000e-18	0.0000000000e+00
9.2723000000e-17	9.2723000000e-17	0.0000000000e+00
1.4712000000e-15	1.4712000000e-15	0.0000000000e+00
2.7579000000e-14	2.7579000000e-14	0.0000000000e+00
3.7226000000e-13	3.7226000000e-13	0.0000000000e+00
6.1514000000e-12	6.1514000000e-12	0.0000000000e+00
2.5477000000e-11	2.5477000000e-11	0.0000000000e+00
4.8426000000e-11	4.8426000000e-11	0.0000000000e+00
1.0123000000e-10	1.0123000000e-10	0.0000000000e+00
1.5316000000e-10	1.5316000000e-10	0.0000000000e+00
1.6539000000e-10	1.6539000000e-10	0.0000000000e+00
1.3951000000e-10	1.3951000000e-10	0.0000000000e+00
8.8587000000e-11	8.8587000000e-11	0.0000000000e+00
4.3732000000e-11	4.3732000000e-11	0.0000000000e+00
1.6401000000e-11	1.6401000000e-11	0.0000000000e+00
4.7132000000e-12	4.7132000000e-12	0.0000000000e+00
1.0449000000e-12	1.0449000000e-12	0.0000000000e+00
1.7937000000e-13	1.7937000000e-13	0.0000000000e+00
2.4917000000e-14	2.4917000000e-14	0.0000000000e+00
2.6778000000e-15	2.6778000000e-15	0.0000000000e+00
2.6585000000e-16	2.6585000000e-16	0.0000000000e+00
2.1202000000e-17	2.1202000000e-17	0.0000000000e+00
1.5978000000e-18	1.5978000000e-18	0.0000000000e+00
1.1007000000e-19	1.1007000000e-19	0.0000000000e+00
7.0863000000e-21	7.0863000000e-21	0.0000000000e+00
4.3148000000e-22	4.3148000000e-22	0.0000000000e+00
2.5593000000e-23	2.5593000000e-23	0.0000000000e+00
1.3174000000e-24	1.3174000000e-24	0.0000000000e+00
7.1936000000e-26	7.1936000000e-26	0.0000000000e+00
3.2109000000e-27	3.2109000000e-27	0.0000000000e+00
1.4757000000e-28	1.4757000000e-28	0.0000000000e+00
6.0672000000e-30	6.0672000000e-30	0.0000000000e+00
2.8027000000e-31	2.8027000000e-31	0.0000000000e+00
9.6059000000e-33	9.6059000000e-33	0.0000000000e+00
3.1797000000e-34	3.1797000000e-34	0.0000000000e+00
1.0643000000e-35	1.0643000000e-35	0.0000000000e+00
3.6058000000e-37	3.6058000000e-37	0.0000000000e+00
1.1944000000e-38	1.1944000000e-38	0.0000000000e+00
3.9102000000e-40	3.9098000000e-40	4.4429103047e-05
1.1248000000e-41	1.1203000000e-41	1.7409717035e-03
2.4780000000e-43	1.5835000000e-43	1.9448323433e-01
6.1212000000e-45	0.0000000000e+00	NA
1.3503000000e-46	0.0000000000e+00	NA
3.5559000000e-48	0.0000000000e+00	NA
7.3716000000e-50	0.0000000000e+00	NA
1.1367000000e-51	0.0000000000e+00	NA
2.3966000000e-53	0.0000000000e+00	NA
4.2510000000e-55	0.0000000000e+00	NA
6.6262000000e-57	0.0000000000e+00	NA
9.9071000000e-59	0.0000000000e+00	NA
1.4244000000e-60	0.0000000000e+00	NA
1.9008000000e-62	0.0000000000e+00	NA
2.4462000000e-64	0.0000000000e+00	NA
2.5364000000e-66	0.0000000000e+00	NA
3.1369000000e-68	0.0000000000e+00	NA
3.3576000000e-70	0.0000000000e+00	NA
3.3409000000e-72	0.0000000000e+00	NA
3.1669000000e-74	0.0000000000e+00	NA
2.7631000000e-76	0.0000000000e+00	NA
2.4047000000e-78	0.0000000000e+00	NA
1.8846000000e-80	0.0000000000e+00	NA
1.3920000000e-82	0.0000000000e+00	NA
9.6893000000e-85	0.0000000000e+00	NA
6.3561000000e-87	0.0000000000e+00	NA
3.9293000000e-89	0.0000000000e+00	NA
2.2891000000e-91	0.0000000000e+00	NA
1.2566000000e-93	0.0000000000e+00	NA
6.5009000000e-96	0.0000000000e+00	NA
3.1691000000e-98	0.0000000000e+00	NA
1.4557000000e-100	0.0000000000e+00	NA
6.3011000000e-103	0.0000000000e+00	NA
2.5699000000e-105	0.0000000000e+00	NA
9.8766000000e-108	0.0000000000e+00	NA
3.5765000000e-110	0.0000000000e+00	NA
1.2203000000e-112	0.0000000000e+00	NA
3.9230000000e-115	0.0000000000e+00	NA
5.2245000000e-120	0.0000000000e+00	NA
6.7191000000e-114	0.0000000000e+00	NA
5.7551000000e-108	0.0000000000e+00	NA
3.3127000000e-102	0.0000000000e+00	NA
1.2844000000e-96	0.0000000000e+00	NA
3.3647000000e-91	0.0000000000e+00	NA
5.9596000000e-86	0.0000000000e+00	NA
7.1546000000e-81	0.0000000000e+00	NA
5.8251000000e-76	0.0000000000e+00	NA
3.2315000000e-71	0.0000000000e+00	NA
1.2717000000e-66	0.0000000000e+00	NA
3.4288000000e-62	0.0000000000e+00	NA
6.3355000000e-58	0.0000000000e+00	NA
8.1405000000e-54	0.0000000000e+00	NA
7.2846000000e-50	0.0000000000e+00	NA
4.5165000000e-46	0.0000000000e+00	NA
1.8867000000e-42	1.8735000000e-42	3.0491520184e-03
5.4697000000e-39	5.4697000000e-39	0.0000000000e+00
1.1328000000e-35	1.1328000000e-35	0.0000000000e+00
1.7812000000e-32	1.7812000000e-32	0.0000000000e+00
2.6925000000e-29	2.6925000000e-29	0.0000000000e+00
1.6313000000e-26	1.6313000000e-26	0.0000000000e+00
9.0102000000e-24	9.0102000000e-24	0.0000000000e+00
8.0090000000e-21	8.0090000000e-21	0.0000000000e+00
1.4989000000e-18	1.4989000000e-18	0.0000000000e+00
3.4503000000e-16	3.4503000000e-16	0.0000000000e+00
5.0689000000e-14	5.0689000000e-14	0.0000000000e+00
6.9792000000e-13	6.9792000000e-13	0.0000000000e+00
8.8692000000e-12	8.8692000000e-12	0.0000000000e+00
9.3394000000e-11	9.3394000000e-11	0.0000000000e+00
1.3327000000e-09	1.3327000000e-09	0.0000000000e+00
2.8138000000e-09	2.8138000000e-09	0.0000000000e+00
5.9850000000e-09	5.9850000000e-09	0.0000000000e+00
1.0425000000e-08	1.0425000000e-08	0.0000000000e+00
1.3673000000e-08	1.3673000000e-08	0.0000000000e+00
1.3542000000e-08	1.3542000000e-08	0.0000000000e+00
1.0584000000e-08	1.0584000000e-08	0.0000000000e+00
6.2271000000e-09	6.2271000000e-09	0.0000000000e+00
2.9630000000e-09	2.9630000000e-09	0.0000000000e+00
1.1066000000e-09	1.1066000000e-09	0.0000000000e+00
3.2217000000e-10	3.2217000000e-10	0.0000000000e+00
7.3166000000e-11	7.3165000000e-11	5.9357823278e-06
1.3152000000e-11	1.3152000000e-11	0.0000000000e+00
1.9138000000e-12	1.9138000000e-12	0.0000000000e+00
2.3151000000e-13	2.3151000000e-13	0.0000000000e+00
2.3509000000e-14	2.3509000000e-14	0.0000000000e+00
2.2602000000e-15	2.2602000000e-15	0.0000000000e+00
1.9473000000e-16	1.9473000000e-16	0.0000000000e+00
1.4865000000e-17	1.4865000000e-17	0.0000000000e+00
1.1138000000e-18	1.1138000000e-18	0.0000000000e+00
8.0961000000e-20	8.0961000000e-20	0.0000000000e+00
5.3703000000e-21	5.3703000000e-21	0.0000000000e+00
3.3075000000e-22	3.3075000000e-22	0.0000000000e+00
1.9574000000e-23	1.9574000000e-23	0.0000000000e+00
1.1102000000e-24	1.1102000000e-24	0.0000000000e+00
5.4705000000e-26	5.4704000000e-26	7.9389169431e-06
2.7407000000e-27	2.7407000000e-27	0.0000000000e+00
1.3778000000e-28	1.3778000000e-28	0.0000000000e+00
5.4424000000e-30	5.4424000000e-30	0.0000000000e+00
2.0601000000e-31	2.0601000000e-31	0.0000000000e+00
8.1466000000e-33	8.1466000000e-33	0.0000000000e+00
3.1805000000e-34	3.1805000000e-34	0.0000000000e+00
1.1726000000e-35	1.1726000000e-35	0.0000000000e+00
4.7161000000e-37	4.7161000000e-37	0.0000000000e+00
1.2573000000e-38	1.2573000000e-38	0.0000000000e+00
3.5617000000e-40	3.5613000000e-40	4.8776580919e-05
1.1744000000e-41	1.1687000000e-41	2.1129985319e-03
2.1533000000e-43	1.4013000000e-43	1.8657341839e-01
6.3532000000e-45	0.0000000000e+00	NA
1.7356000000e-46	0.0000000000e+00	NA
3.8544000000e-48	0.0000000000e+00	NA
7.9034000000e-50	0.0000000000e+00	NA
1.4705000000e-51	0.0000000000e+00	NA
2.6186000000e-53	0.0000000000e+00	NA
4.8124000000e-55	0.0000000000e+00	NA
7.9390000000e-57	0.0000000000e+00	NA
1.2166000000e-58	0.0000000000e+00	NA
1.7336000000e-60	0.0000000000e+00	NA
2.3588000000e-62	0.0000000000e+00	NA
3.0131000000e-64	0.0000000000e+00	NA
3.6854000000e-66	0.0000000000e+00	NA
4.1308000000e-68	0.0000000000e+00	NA
4.5279000000e-70	0.0000000000e+00	NA
4.5568000000e-72	0.0000000000e+00	NA
4.4894000000e-74	0.0000000000e+00	NA
4.0331000000e-76	0.0000000000e+00	NA
3.4146000000e-78	0.0000000000e+00	NA
2.7245000000e-80	0.0000000000e+00	NA
2.0486000000e-82	0.0000000000e+00	NA
1.4516000000e-84	0.0000000000e+00	NA
9.6935000000e-87	0.0000000000e+00	NA
6.0998000000e-89	0.0000000000e+00	NA
3.6170000000e-91	0.0000000000e+00	NA
2.0211000000e-93	0.0000000000e+00	NA
1.0642000000e-95	0.0000000000e+00	NA
5.2798000000e-98	0.0000000000e+00	NA
2.4683000000e-100	0.0000000000e+00	NA
1.0873000000e-102	0.0000000000e+00	NA
4.5132000000e-105	0.0000000000e+00	NA
1.7651000000e-107	0.0000000000e+00	NA
6.5043000000e-110	0.0000000000e+00	NA
2.0286000000e-118	0.0000000000e+00	NA
2.6147000000e-112	0.0000000000e+00	NA
2.2459000000e-106	0.0000000000e+00	NA
1.2962000000e-100	0.0000000000e+00	NA
5.0464000000e-95	0.0000000000e+00	NA
1.3284000000e-89	0.0000000000e+00	NA
2.3680000000e-84	0.0000000000e+00	NA
2.8637000000e-79	0.0000000000e+00	NA
2.3539000000e-74	0.0000000000e+00	NA
1.3223000000e-69	0.0000000000e+00	NA
5.2651000000e-65	0.0000000000e+00	NA
1.4408000000e-60	0.0000000000e+00	NA
2.7158000000e-56	0.0000000000e+00	NA
3.5575000000e-52	0.0000000000e+00	NA
3.2710000000e-48	0.0000000000e+00	NA
2.0847000000e-44	1.2612000000e-44	2.1825960432e-01
9.1076000000e-41	9.1065000000e-41	5.2456495866e-05
2.5194000000e-37	2.5194000000e-37	0.0000000000e+00
5.4463000000e-34	5.4463000000e-34	0.0000000000e+00
8.4793000000e-31	8.4793000000e-31	0.0000000000e+00
9.6223000000e-28	9.6224000000e-28	-4.5133931099e-06
7.6029000000e-25	7.6029000000e-25	0.0000000000e+00
6.2963000000e-22	6.2963000000e-22	0.0000000000e+00
7.0060000000e-19	7.0060000000e-19	0.0000000000e+00
1.1999000000e-16	1.1999000000e-16	0.0000000000e+00
4.0393000000e-14	4.0394000000e-14	-1.0751593250e-05
8.4698000000e-12	8.4698000000e-12	0.0000000000e+00
3.7242000000e-10	3.7242000000e-10	0.0000000000e+00
2.5413000000e-09	2.5413000000e-09	0.0000000000e+00
2.6145000000e-08	2.6145000000e-08	0.0000000000e+00
3.4387000000e-07	3.4387000000e-07	0.0000000000e+00
3.6987000000e-07	3.6987000000e-07	0.0000000000e+00
5.3277000000e-07	5.3277000000e-07	0.0000000000e+00
7.6939000000e-07	7.6939000000e-07	0.0000000000e+00
8.3699000000e-07	8.3699000000e-07	0.0000000000e+00
7.5973000000e-07	7.5973000000e-07	0.0000000000e+00
5.4717000000e-07	5.4717000000e-07	0.0000000000e+00
3.0210000000e-07	3.0210000000e-07	0.0000000000e+00
1.3729000000e-07	1.3729000000e-07	0.0000000000e+00
5.1153000000e-08	5.1153000000e-08	0.0000000000e+00
1.5042000000e-08	1.5042000000e-08	0.0000000000e+00
3.5406000000e-09	3.5406000000e-09	0.0000000000e+00
6.7077000000e-10	6.7077000000e-10	0.0000000000e+00
1.0469000000e-10	1.0469000000e-10	0.0000000000e+00
1.3968000000e-11	1.3968000000e-11	0.0000000000e+00
1.5994000000e-12	1.5994000000e-12	0.0000000000e+00
1.7054000000e-13	1.7054000000e-13	0.0000000000e+00
1.6204000000e-14	1.6204000000e-14	0.0000000000e+00
1.5172000000e-15	1.5172000000e-15	0.0000000000e+00
1.3106000000e-16	1.3106000000e-16	0.0000000000e+00
1.0550000000e-17	1.0550000000e-17	0.0000000000e+00
7.5247000000e-19	7.5247000000e-19	0.0000000000e+00
5.5117000000e-20	5.5117000000e-20	0.0000000000e+00
3.8096000000e-21	3.8096000000e-21	0.0000000000e+00
2.3257000000e-22	2.3257000000e-22	0.0000000000e+00
1.3442000000e-23	1.3442000000e-23	0.0000000000e+00
7.6124000000e-25	7.6124000000e-25	0.0000000000e+00
3.9090000000e-26	3.9090000000e-26	0.0000000000e+00
1.9140000000e-27	1.9141000000e-27	-2.2689819075e-05
1.1557000000e-28	1.1557000000e-28	0.0000000000e+00
4.1796000000e-30	4.1796000000e-30	0.0000000000e+00
1.8288000000e-31	1.8288000000e-31	0.0000000000e+00
9.6806000000e-33	9.6806000000e-33	0.0000000000e+00
2.7275000000e-34	2.7275000000e-34	0.0000000000e+00
9.4077000000e-36	9.4077000000e-36	0.0000000000e+00
3.4226000000e-37	3.4226000000e-37	0.0000000000e+00
1.0039000000e-38	1.0039000000e-38	0.0000000000e+00
2.9605000000e-40	2.9601000000e-40	5.8682496039e-05
1.0603000000e-41	1.0552000000e-41	2.0939788689e-03
2.5425000000e-43	1.8217000000e-43	1.4478410327e-01
6.6321000000e-45	0.0000000000e+00	NA
1.8114000000e-46	0.0000000000e+00	NA
3.9636000000e-48	0.0000000000e+00	NA
8.1848000000e-50	0.0000000000e+00	NA
1.6292000000e-51	0.0000000000e+00	NA
3.1504000000e-53	0.0000000000e+00	NA
4.9313000000e-55	0.0000000000e+00	NA
9.2263000000e-57	0.0000000000e+00	NA
1.4412000000e-58	0.0000000000e+00	NA
2.0971000000e-60	0.0000000000e+00	NA
2.9302000000e-62	0.0000000000e+00	NA
3.7963000000e-64	0.0000000000e+00	NA
4.7359000000e-66	0.0000000000e+00	NA
5.4391000000e-68	0.0000000000e+00	NA
6.1289000000e-70	0.0000000000e+00	NA
6.3117000000e-72	0.0000000000e+00	NA
6.1257000000e-74	0.0000000000e+00	NA
5.6028000000e-76	0.0000000000e+00	NA
4.8293000000e-78	0.0000000000e+00	NA
3.9227000000e-80	0.0000000000e+00	NA
3.0026000000e-82	0.0000000000e+00	NA
2.1658000000e-84	0.0000000000e+00	NA
1.4722000000e-86	0.0000000000e+00	NA
9.4293000000e-89	0.0000000000e+00	NA
5.6910000000e-91	0.0000000000e+00	NA
3.2366000000e-93	0.0000000000e+00	NA
1.7344000000e-95	0.0000000000e+00	NA
8.7579000000e-98	0.0000000000e+00	NA
4.1669000000e-100	0.0000000000e+00	NA
1.8680000000e-102	0.0000000000e+00	NA
7.8905000000e-105	0.0000000000e+00	NA
5.2798000000e-117	0.0000000000e+00	NA
6.8159000000e-111	0.0000000000e+00	NA
5.8665000000e-105	0.0000000000e+00	NA
3.3943000000e-99	0.0000000000e+00	NA
1.3266000000e-93	0.0000000000e+00	NA
3.5050000000e-88	0.0000000000e+00	NA
6.2837000000e-83	0.0000000000e+00	NA
7.6474000000e-78	0.0000000000e+00	NA
6.3418000000e-73	0.0000000000e+00	NA
3.5983000000e-68	0.0000000000e+00	NA
1.4470000000e-63	0.0000000000e+00	NA
4.0073000000e-59	0.0000000000e+00	NA
7.6733000000e-55	0.0000000000e+00	NA
1.0208000000e-50	0.0000000000e+00	NA
9.5900000000e-47	0.0000000000e+00	NA
6.2355000000e-43	6.0816000000e-43	1.0853431303e-02
2.8241000000e-39	2.8241000000e-39	0.0000000000e+00
8.1637000000e-36	8.1637000000e-36	0.0000000000e+00
1.7380000000e-32	1.7380000000e-32	0.0000000000e+00
2.8366000000e-29	2.8366000000e-29	0.0000000000e+00
3.2610000000e-26	3.2610000000e-26	0.0000000000e+00
3.0503000000e-23	3.0503000000e-23	0.0000000000e+00
2.1183000000e-20	2.1183000000e-20	0.0000000000e+00
1.3236000000e-17	1.3236000000e-17	0.0000000000e+00
6.4245000000e-15	6.4245000000e-15	0.0000000000e+00
2.9657000000e-12	2.9657000000e-12	0.0000000000e+00
5.6185000000e-10	5.6185000000e-10	0.0000000000e+00
3.9522000000e-08	3.9522000000e-08	0.0000000000e+00
6.3892000000e-07	6.3892000000e-07	0.0000000000e+00
1.0767000000e-05	1.0767000000e-05	0.0000000000e+00
3.2271000000e-05	3.2271000000e-05	0.0000000000e+00
2.0783000000e-05	2.0783000000e-05	0.0000000000e+00
3.2358000000e-05	3.2358000000e-05	0.0000000000e+00
3.9760000000e-05	3.9760000000e-05	0.0000000000e+00
3.7778000000e-05	3.7778000000e-05	0.0000000000e+00
2.6430000000e-05	2.6430000000e-05	0.0000000000e+00
1.7311000000e-05	1.7311000000e-05	0.0000000000e+00
9.4777000000e-06	9.4777000000e-06	0.0000000000e+00
4.2801000000e-06	4.2801000000e-06	0.0000000000e+00
1.6037000000e-06	1.6037000000e-06	0.0000000000e+00
4.8319000000e-07	4.8319000000e-07	0.0000000000e+00
1.1842000000e-07	1.1842000000e-07	0.0000000000e+00
2.3907000000e-08	2.3907000000e-08	0.0000000000e+00
4.0315000000e-09	4.0314000000e-09	1.0772661993e-05
5.8648000000e-10	5.8648000000e-10	0.0000000000e+00
7.6687000000e-11	7.6687000000e-11	0.0000000000e+00
9.2406000000e-12	9.2406000000e-12	0.0000000000e+00
1.0179000000e-12	1.0179000000e-12	0.0000000000e+00
1.0457000000e-13	1.0457000000e-13	0.0000000000e+00
1.0441000000e-14	1.0441000000e-14	0.0000000000e+00
9.5384000000e-16	9.5384000000e-16	0.0000000000e+00
8.5148000000e-17	8.5148000000e-17	0.0000000000e+00
7.4205000000e-18	7.4205000000e-18	0.0000000000e+00
5.3882000000e-19	5.3882000000e-19	0.0000000000e+00
3.8344000000e-20	3.8344000000e-20	0.0000000000e+00
2.6681000000e-21	2.6681000000e-21	0.0000000000e+00
1.7485000000e-22	1.7485000000e-22	0.0000000000e+00
1.0489000000e-23	1.0489000000e-23	0.0000000000e+00
6.1192000000e-25	6.1192000000e-25	0.0000000000e+00
3.4456000000e-26	3.4456000000e-26	0.0000000000e+00
1.7271000000e-27	1.7271000000e-27	0.0000000000e+00
8.2615000000e-29	8.2615000000e-29	0.0000000000e+00
4.0518000000e-30	4.0518000000e-30	0.0000000000e+00
1.9762000000e-31	1.9762000000e-31	0.0000000000e+00
5.6850000000e-33	5.6850000000e-33	0.0000000000e+00
1.9557000000e-34	1.9557000000e-34	0.0000000000e+00
7.2260000000e-36	7.2259000000e-36	6.0102060201e-06
2.7327000000e-37	2.7327000000e-37	0.0000000000e+00
1.0906000000e-38	1.0906000000e-38	0.0000000000e+00
3.0151000000e-40	3.0147000000e-40	5.7619752899e-05
1.0944000000e-41	1.0888000000e-41	2.2279721808e-03
2.9714000000e-43	2.1860000000e-43	1.3331096141e-01
6.3269000000e-45	0.0000000000e+00	NA
1.8420000000e-46	0.0000000000e+00	NA
3.7811000000e-48	0.0000000000e+00	NA
8.8783000000e-50	0.0000000000e+00	NA
1.8383000000e-51	0.0000000000e+00	NA
3.5511000000e-53	0.0000000000e+00	NA
6.3349000000e-55	0.0000000000e+00	NA
1.0656000000e-56	0.0000000000e+00	NA
1.6911000000e-58	0.0000000000e+00	NA
2.5419000000e-60	0.0000000000e+00	NA
3.6062000000e-62	0.0000000000e+00	NA
4.8748000000e-64	0.0000000000e+00	NA
6.1028000000e-66	0.0000000000e+00	NA
7.2224000000e-68	0.0000000000e+00	NA
8.0359000000e-70	0.0000000000e+00	NA
8.4258000000e-72	0.0000000000e+00	NA
8.3256000000e-74	0.0000000000e+00	NA
7.7525000000e-76	0.0000000000e+00	NA
6.8026000000e-78	0.0000000000e+00	NA
5.6249000000e-80	0.0000000000e+00	NA
4.3828000000e-82	0.0000000000e+00	NA
3.2179000000e-84	0.0000000000e+00	NA
2.2264000000e-86	0.0000000000e+00	NA
1.4514000000e-88	0.0000000000e+00	NA
8.9159000000e-91	0.0000000000e+00	NA
5.1607000000e-93	0.0000000000e+00	NA
2.8146000000e-95	0.0000000000e+00	NA
1.4464000000e-97	0.0000000000e+00	NA
7.0032000000e-100	0.0000000000e+00	NA
9.2208000000e-116	0.0000000000e+00	NA
1.1913000000e-109	0.0000000000e+00	NA
1.0266000000e-103	0.0000000000e+00	NA
5.9489000000e-98	0.0000000000e+00	NA
2.3296000000e-92	0.0000000000e+00	NA
6.1786000000e-87	0.0000000000e+00	NA
1.1124000000e-81	0.0000000000e+00	NA
1.3609000000e-76	0.0000000000e+00	NA
1.1358000000e-71	0.0000000000e+00	NA
6.4954000000e-67	0.0000000000e+00	NA
2.6309000000e-62	0.0000000000e+00	NA
7.3473000000e-58	0.0000000000e+00	NA
1.4201000000e-53	0.0000000000e+00	NA
1.9068000000e-49	0.0000000000e+00	NA
1.8054000000e-45	0.0000000000e+00	NA
1.1934000000e-41	1.1926000000e-41	2.9122849836e-04
5.0067000000e-38	5.0068000000e-38	-8.6741794960e-06
1.6045000000e-34	1.6045000000e-34	0.0000000000e+00
3.7575000000e-31	3.7575000000e-31	0.0000000000e+00
5.9674000000e-28	5.9674000000e-28	0.0000000000e+00
7.0523000000e-25	7.0523000000e-25	0.0000000000e+00
6.7963000000e-22	6.7963000000e-22	0.0000000000e+00
4.4679000000e-19	4.4679000000e-19	0.0000000000e+00
2.7165000000e-16	2.7165000000e-16	0.0000000000e+00
1.5359000000e-13	1.5359000000e-13	0.0000000000e+00
7.8660000000e-11	7.8660000000e-11	0.0000000000e+00
1.0379000000e-08	1.0379000000e-08	0.0000000000e+00
2.1183000000e-06	2.1183000000e-06	0.0000000000e+00
1.5652000000e-03	1.5652000000e-03	0.0000000000e+00
5.7848000000e-03	5.7848000000e-03	0.0000000000e+00
2.5667000000e-03	2.5667000000e-03	0.0000000000e+00
1.6641000000e-03	1.6641000000e-03	0.0000000000e+00
1.5911000000e-03	1.5911000000e-03	0.0000000000e+00
1.3320000000e-03	1.3320000000e-03	0.0000000000e+00
1.0015000000e-03	1.0015000000e-03	0.0000000000e+00
6.5490000000e-04	6.5490000000e-04	0.0000000000e+00
3.8835000000e-04	3.8835000000e-04	0.0000000000e+00
2.0054000000e-04	2.0054000000e-04	0.0000000000e+00
8.9969000000e-05	8.9969000000e-05	0.0000000000e+00
3.4105000000e-05	3.4105000000e-05	0.0000000000e+00
1.0575000000e-05	1.0575000000e-05	0.0000000000e+00
2.7409000000e-06	2.7409000000e-06	0.0000000000e+00
5.9444000000e-07	5.9444000000e-07	0.0000000000e+00
1.1004000000e-07	1.1004000000e-07	0.0000000000e+00
1.7873000000e-08	1.7873000000e-08	0.0000000000e+00
2.6021000000e-09	2.6021000000e-09	0.0000000000e+00
3.6105000000e-10	3.6105000000e-10	0.0000000000e+00
4.6602000000e-11	4.6602000000e-11	0.0000000000e+00
5.6018000000e-12	5.6018000000e-12	0.0000000000e+00
6.2669000000e-13	6.2669000000e-13	0.0000000000e+00
6.3198000000e-14	6.3198000000e-14	0.0000000000e+00
6.5974000000e-15	6.5974000000e-15	0.0000000000e+00
6.4428000000e-16	6.4428000000e-16	0.0000000000e+00
5.3517000000e-17	5.3517000000e-17	0.0000000000e+00
4.4156000000e-18	4.4156000000e-18	0.0000000000e+00
3.5787000000e-19	3.5787000000e-19	0.0000000000e+00
2.8243000000e-20	2.8243000000e-20	0.0000000000e+00
1.8361000000e-21	1.8361000000e-21	0.0000000000e+00
1.2326000000e-22	1.2326000000e-22	0.0000000000e+00
7.4646000000e-24	7.4646000000e-24	0.0000000000e+00
4.5324000000e-25	4.5323000000e-25	9.5821038076e-06
2.7809000000e-26	2.7809000000e-26	0.0000000000e+00
1.6452000000e-27	1.6452000000e-27	0.0000000000e+00
6.4909000000e-29	6.4909000000e-29	0.0000000000e+00
3.2142000000e-30	3.2142000000e-30	0.0000000000e+00
1.1693000000e-31	1.1693000000e-31	0.0000000000e+00
4.1628000000e-33	4.1628000000e-33	0.0000000000e+00
1.6934000000e-34	1.6934000000e-34	0.0000000000e+00
7.0825000000e-36	7.0825000000e-36	0.0000000000e+00
2.7139000000e-37	2.7139000000e-37	0.0000000000e+00
1.0974000000e-38	1.0974000000e-38	0.0000000000e+00
3.2527000000e-40	3.2524000000e-40	4.0057291867e-05
9.6745000000e-42	9.6101000000e-42	2.9006221133e-03
2.8744000000e-43	2.1580000000e-43	1.2449576385e-01
7.7376000000e-45	0.0000000000e+00	NA
1.8773000000e-46	0.0000000000e+00	NA
4.5220000000e-48	0.0000000000e+00	NA
9.8112000000e-50	0.0000000000e+00	NA
2.0432000000e-51	0.0000000000e+00	NA
3.9363000000e-53	0.0000000000e+00	NA
7.1910000000e-55	0.0000000000e+00	NA
1.2360000000e-56	0.0000000000e+00	NA
2.0088000000e-58	0.0000000000e+00	NA
3.0830000000e-60	0.0000000000e+00	NA
4.4640000000e-62	0.0000000000e+00	NA
6.0423000000e-64	0.0000000000e+00	NA
7.7076000000e-66	0.0000000000e+00	NA
9.2652000000e-68	0.0000000000e+00	NA
1.0496000000e-69	0.0000000000e+00	NA
1.1204000000e-71	0.0000000000e+00	NA
1.1271000000e-73	0.0000000000e+00	NA
1.0684000000e-75	0.0000000000e+00	NA
9.5431000000e-78	0.0000000000e+00	NA
8.0324000000e-80	0.0000000000e+00	NA
6.3706000000e-82	0.0000000000e+00	NA
4.7610000000e-84	0.0000000000e+00	NA
3.3526000000e-86	0.0000000000e+00	NA
2.2245000000e-88	0.0000000000e+00	NA
1.3908000000e-90	0.0000000000e+00	NA
8.1928000000e-93	0.0000000000e+00	NA
4.5474000000e-95	0.0000000000e+00	NA
1.0788000000e-114	0.0000000000e+00	NA
1.3939000000e-108	0.0000000000e+00	NA
1.2026000000e-102	0.0000000000e+00	NA
6.9782000000e-97	0.0000000000e+00	NA
2.7369000000e-91	0.0000000000e+00	NA
7.2714000000e-86	0.0000000000e+00	NA
1.3118000000e-80	0.0000000000e+00	NA
1.6107000000e-75	0.0000000000e+00	NA
1.3502000000e-70	0.0000000000e+00	NA
7.7687000000e-66	0.0000000000e+00	NA
3.1589000000e-61	0.0000000000e+00	NA
8.8649000000e-57	0.0000000000e+00	NA
1.7202000000e-52	0.0000000000e+00	NA
2.3117000000e-48	0.0000000000e+00	NA
2.1816000000e-44	1.1210000000e-44	2.8916951234e-01
1.4275000000e-40	1.4275000000e-40	0.0000000000e+00
6.7754000000e-37	6.7754000000e-37	0.0000000000e+00
2.2203000000e-33	2.2203000000e-33	0.0000000000e+00
4.9818000000e-30	4.9818000000e-30	0.0000000000e+00
7.7710000000e-27	7.7710000000e-27	0.0000000000e+00
9.6985000000e-24	9.6985000000e-24	0.0000000000e+00
8.6250000000e-21	8.6250000000e-21	0.0000000000e+00
5.7578000000e-18	5.7578000000e-18	0.0000000000e+00
3.1013000000e-15	3.1013000000e-15	0.0000000000e+00
1.7731000000e-12	1.7731000000e-12	0.0000000000e+00
8.8209000000e-10	8.8209000000e-10	0.0000000000e+00
2.9368000000e-07	2.9368000000e-07	0.0000000000e+00
1.6495000000e-03	1.6495000000e-03	0.0000000000e+00
4.9535000000e+02	4.9535000000e+02	0.0000000000e+00
8.3733000000e+00	8.3733000000e+00	0.0000000000e+00
4.4051000000e-01	4.4051000000e-01	0.0000000000e+00
1.8266000000e-01	1.8266000000e-01	0.0000000000e+00
5.8520000000e-02	5.8520000000e-02	0.0000000000e+00
3.1662000000e-02	3.1662000000e-02	0.0000000000e+00
1.8719000000e-02	1.8719000000e-02	0.0000000000e+00
1.0465000000e-02	1.0465000000e-02	0.0000000000e+00
5.7256000000e-03	5.7256000000e-03	0.0000000000e+00
2.8741000000e-03	2.8741000000e-03	0.0000000000e+00
1.2763000000e-03	1.2763000000e-03	0.0000000000e+00
4.9074000000e-04	4.9074000000e-04	0.0000000000e+00
1.6107000000e-04	1.6107000000e-04	0.0000000000e+00
4.4363000000e-05	4.4363000000e-05	0.0000000000e+00
1.0427000000e-05	1.0427000000e-05	0.0000000000e+00
2.1445000000e-06	2.1445000000e-06	0.0000000000e+00
3.9367000000e-07	3.9367000000e-07	0.0000000000e+00
6.6333000000e-08	6.6333000000e-08	0.0000000000e+00
1.0417000000e-08	1.0417000000e-08	0.0000000000e+00
1.5091000000e-09	1.5091000000e-09	0.0000000000e+00
2.1110000000e-10	2.1110000000e-10	0.0000000000e+00
2.7532000000e-11	2.7532000000e-11	0.0000000000e+00
3.2934000000e-12	3.2934000000e-12	0.0000000000e+00
3.8939000000e-13	3.8939000000e-13	0.0000000000e+00
4.2554000000e-14	4.2554000000e-14	0.0000000000e+00
4.0866000000e-15	4.0866000000e-15	0.0000000000e+00
3.9131000000e-16	3.9131000000e-16	0.0000000000e+00
3.5731000000e-17	3.5731000000e-17	0.0000000000e+00
3.2249000000e-18	3.2249000000e-18	0.0000000000e+00
2.4583000000e-19	2.4583000000e-19	0.0000000000e+00
1.8584000000e-20	1.8584000000e-20	0.0000000000e+00
1.3866000000e-21	1.3866000000e-21	0.0000000000e+00
8.9390000000e-23	8.9390000000e-23	0.0000000000e+00
5.6936000000e-24	5.6936000000e-24	0.0000000000e+00
3.6739000000e-25	3.6739000000e-25	0.0000000000e+00
1.9528000000e-26	1.9528000000e-26	0.0000000000e+00
9.8979000000e-28	9.8979000000e-28	0.0000000000e+00
4.2319000000e-29	4.2319000000e-29	0.0000000000e+00
1.9008000000e-30	1.9008000000e-30	0.0000000000e+00
8.4593000000e-32	8.4593000000e-32	0.0000000000e+00
4.2758000000e-33	4.2758000000e-33	0.0000000000e+00
1.8579000000e-34	1.8579000000e-34	0.0000000000e+00
8.1034000000e-36	8.1034000000e-36	0.0000000000e+00
3.0711000000e-37	3.0711000000e-37	0.0000000000e+00
1.1257000000e-38	1.1257000000e-38	0.0000000000e+00
2.9019000000e-40	2.9014000000e-40	7.4835780156e-05
8.8418000000e-42	8.7721000000e-42	3.4371131195e-03
2.7012000000e-43	2.0879000000e-43	1.1184704676e-01
6.8751000000e-45	0.0000000000e+00	NA
1.9420000000e-46	0.0000000000e+00	NA
4.4246000000e-48	0.0000000000e+00	NA
1.0612000000e-49	0.0000000000e+00	NA
2.2216000000e-51	0.0000000000e+00	NA
4.3799000000e-53	0.0000000000e+00	NA
8.0891000000e-55	0.0000000000e+00	NA
1.4379000000e-56	0.0000000000e+00	NA
2.3810000000e-58	0.0000000000e+00	NA
3.6953000000e-60	0.0000000000e+00	NA
5.4046000000e-62	0.0000000000e+00	NA
7.4488000000e-64	0.0000000000e+00	NA
9.6743000000e-66	0.0000000000e+00	NA
1.1840000000e-67	0.0000000000e+00	NA
1.3655000000e-69	0.0000000000e+00	NA
1.4839000000e-71	0.0000000000e+00	NA
1.5196000000e-73	0.0000000000e+00	NA
1.4663000000e-75	0.0000000000e+00	NA
1.3333000000e-77	0.0000000000e+00	NA
1.1423000000e-79	0.0000000000e+00	NA
9.2211000000e-82	0.0000000000e+00	NA
7.0140000000e-84	0.0000000000e+00	NA
5.0270000000e-86	0.0000000000e+00	NA
3.3948000000e-88	0.0000000000e+00	NA
2.1600000000e-90	0.0000000000e+00	NA
8.4734000000e-114	0.0000000000e+00	NA
1.0951000000e-107	0.0000000000e+00	NA
9.4417000000e-102	0.0000000000e+00	NA
5.4761000000e-96	0.0000000000e+00	NA
2.1485000000e-90	0.0000000000e+00	NA
5.7146000000e-85	0.0000000000e+00	NA
1.0321000000e-79	0.0000000000e+00	NA
1.2688000000e-74	0.0000000000e+00	NA
1.0651000000e-69	0.0000000000e+00	NA
6.1495000000e-65	0.0000000000e+00	NA
2.5034000000e-60	0.0000000000e+00	NA
7.0362000000e-56	0.0000000000e+00	NA
1.3677000000e-51	0.0000000000e+00	NA
1.8416000000e-47	0.0000000000e+00	NA
1.7480000000e-43	1.6115000000e-43	3.5311118450e-02
1.2075000000e-39	1.2075000000e-39	0.0000000000e+00
5.9057000000e-36	5.9057000000e-36	0.0000000000e+00
1.8245000000e-32	1.8245000000e-32	0.0000000000e+00
4.1025000000e-29	4.1025000000e-29	0.0000000000e+00
6.8383000000e-26	6.8383000000e-26	0.0000000000e+00
8.3003000000e-23	8.3003000000e-23	0.0000000000e+00
7.4769000000e-20	7.4769000000e-20	0.0000000000e+00
5.2026000000e-17	5.2026000000e-17	0.0000000000e+00
2.8997000000e-14	2.8997000000e-14	0.0000000000e+00
1.3461000000e-11	1.3461000000e-11	0.0000000000e+00
7.4460000000e-09	7.4460000000e-09	0.0000000000e+00
4.5970000000e-06	4.5970000000e-06	0.0000000000e+00
1.9127000000e-02	1.9127000000e-02	0.0000000000e+00
3.2429000000e+01	3.2429000000e+01	0.0000000000e+00
8.0079000000e+01	8.0079000000e+01	0.0000000000e+00
1.5204000000e+01	1.5204000000e+01	0.0000000000e+00
3.1821000000e+00	3.1821000000e+00	0.0000000000e+00
1.0041000000e+00	1.0041000000e+00	0.0000000000e+00
4.3083000000e-01	4.3083000000e-01	0.0000000000e+00
2.0900000000e-01	2.0900000000e-01	0.0000000000e+00
1.0957000000e-01	1.0957000000e-01	0.0000000000e+00
5.5718000000e-02	5.5718000000e-02	0.0000000000e+00
2.7042000000e-02	2.7042000000e-02	0.0000000000e+00
1.2196000000e-02	1.2196000000e-02	0.0000000000e+00
4.8762000000e-03	4.8762000000e-03	0.0000000000e+00
1.6977000000e-03	1.6977000000e-03	0.0000000000e+00
5.0106000000e-04	5.0106000000e-04	0.0000000000e+00
1.2955000000e-04	1.2955000000e-04	0.0000000000e+00
2.9742000000e-05	2.9742000000e-05	0.0000000000e+00
6.1969000000e-06	6.1969000000e-06	0.0000000000e+00
1.1902000000e-06	1.1902000000e-06	0.0000000000e+00
2.1403000000e-07	2.1403000000e-07	0.0000000000e+00
3.6521000000e-08	3.6521000000e-08	0.0000000000e+00
5.8063000000e-09	5.8063000000e-09	0.0000000000e+00
8.6949000000e-10	8.6949000000e-10	0.0000000000e+00
1.2280000000e-10	1.2280000000e-10	0.0000000000e+00
1.6299000000e-11	1.6299000000e-11	0.0000000000e+00
2.0429000000e-12	2.0429000000e-12	0.0000000000e+00
2.3446000000e-13	2.3446000000e-13	0.0000000000e+00
2.5763000000e-14	2.5763000000e-14	0.0000000000e+00
2.6710000000e-15	2.6710000000e-15	0.0000000000e+00
2.7115000000e-16	2.7115000000e-16	0.0000000000e+00
2.3334000000e-17	2.3334000000e-17	0.0000000000e+00
2.1064000000e-18	2.1064000000e-18	0.0000000000e+00
1.6931000000e-19	1.6931000000e-19	0.0000000000e+00
1.3638000000e-20	1.3638000000e-20	0.0000000000e+00
9.8962000000e-22	9.8962000000e-22	0.0000000000e+00
7.3500000000e-23	7.3500000000e-23	0.0000000000e+00
4.2633000000e-24	4.2633000000e-24	0.0000000000e+00
2.4784000000e-25	2.4784000000e-25	0.0000000000e+00
1.2913000000e-26	1.2913000000e-26	0.0000000000e+00
6.7868000000e-28	6.7868000000e-28	0.0000000000e+00
3.4330000000e-29	3.4330000000e-29	0.0000000000e+00
2.0485000000e-30	2.0485000000e-30	0.0000000000e+00
1.0219000000e-31	1.0219000000e-31	0.0000000000e+00
4.3789000000e-33	4.3789000000e-33	0.0000000000e+00
1.9383000000e-34	1.9383000000e-34	0.0000000000e+00
6.6506000000e-36	6.6506000000e-36	0.0000000000e+00
2.4072000000e-37	2.4072000000e-37	0.0000000000e+00
8.2100000000e-39	8.2099000000e-39	5.2898553817e-06
3.3918000000e-40	3.3913000000e-40	6.4025959029e-05
1.0534000000e-41	1.0463000000e-41	2.9370887021e-03
2.7973000000e-43	2.1720000000e-43	1.0987922442e-01
8.2170000000e-45	0.0000000000e+00	NA
2.0900000000e-46	0.0000000000e+00	NA
5.0245000000e-48	0.0000000000e+00	NA
1.1345000000e-49	0.0000000000e+00	NA
2.4162000000e-51	0.0000000000e+00	NA
4.9150000000e-53	0.0000000000e+00	NA
9.2819000000e-55	0.0000000000e+00	NA
1.6518000000e-56	0.0000000000e+00	NA
2.7702000000e-58	0.0000000000e+00	NA
4.3777000000e-60	0.0000000000e+00	NA
6.5191000000e-62	0.0000000000e+00	NA
9.1479000000e-64	0.0000000000e+00	NA
1.2096000000e-65	0.0000000000e+00	NA
1.5071000000e-67	0.0000000000e+00	NA
1.7695000000e-69	0.0000000000e+00	NA
1.9575000000e-71	0.0000000000e+00	NA
2.0406000000e-73	0.0000000000e+00	NA
2.0043000000e-75	0.0000000000e+00	NA
1.8549000000e-77	0.0000000000e+00	NA
1.6175000000e-79	0.0000000000e+00	NA
1.3291000000e-81	0.0000000000e+00	NA
1.0289000000e-83	0.0000000000e+00	NA
7.5052000000e-86	0.0000000000e+00	NA
4.4709000000e-113	0.0000000000e+00	NA
5.7694000000e-107	0.0000000000e+00	NA
4.9668000000e-101	0.0000000000e+00	NA
2.8808000000e-95	0.0000000000e+00	NA
1.1292000000e-89	0.0000000000e+00	NA
2.9985000000e-84	0.0000000000e+00	NA
5.4135000000e-79	0.0000000000e+00	NA
6.6517000000e-74	0.0000000000e+00	NA
5.5797000000e-69	0.0000000000e+00	NA
3.2230000000e-64	0.0000000000e+00	NA
1.3099000000e-59	0.0000000000e+00	NA
3.6747000000e-55	0.0000000000e+00	NA
7.1356000000e-51	0.0000000000e+00	NA
9.6165000000e-47	0.0000000000e+00	NA
9.1176000000e-43	9.0103000000e-43	5.1412841124e-03
6.2734000000e-39	6.2734000000e-39	0.0000000000e+00
2.8805000000e-35	2.8805000000e-35	0.0000000000e+00
9.2457000000e-32	9.2457000000e-32	0.0000000000e+00
2.1399000000e-28	2.1399000000e-28	0.0000000000e+00
3.6288000000e-25	3.6288000000e-25	0.0000000000e+00
4.3499000000e-22	4.3499000000e-22	0.0000000000e+00
3.9014000000e-19	3.9013000000e-19	1.1131902596e-05
2.7213000000e-16	2.7213000000e-16	0.0000000000e+00
1.5162000000e-13	1.5162000000e-13	0.0000000000e+00
7.3479000000e-11	7.3479000000e-11	0.0000000000e+00
3.5972000000e-08	3.5972000000e-08	0.0000000000e+00
2.1135000000e-05	2.1135000000e-05	0.0000000000e+00
1.7780000000e-02	1.7780000000e-02	0.0000000000e+00
4.8003000000e+00	4.8003000000e+00	0.0000000000e+00
4.7872000000e+01	4.7872000000e+01	0.0000000000e+00
4.5115000000e+01	4.5115000000e+01	0.0000000000e+00
1.9210000000e+01	1.9210000000e+01	0.0000000000e+00
7.8042000000e+00	7.8042000000e+00	0.0000000000e+00
2.9946000000e+00	2.9946000000e+00	0.0000000000e+00
1.4088000000e+00	1.4088000000e+00	0.0000000000e+00
7.0513000000e-01	7.0513000000e-01	0.0000000000e+00
3.4688000000e-01	3.4688000000e-01	0.0000000000e+00
1.7139000000e-01	1.7139000000e-01	0.0000000000e+00
7.9785000000e-02	7.9785000000e-02	0.0000000000e+00
3.3825000000e-02	3.3825000000e-02	0.0000000000e+00
1.2345000000e-02	1.2345000000e-02	0.0000000000e+00
4.0136000000e-03	4.0136000000e-03	0.0000000000e+00
1.1499000000e-03	1.1499000000e-03	0.0000000000e+00
2.9680000000e-04	2.9680000000e-04	0.0000000000e+00
7.0468000000e-05	7.0468000000e-05	0.0000000000e+00
1.5574000000e-05	1.5574000000e-05	0.0000000000e+00
3.2309000000e-06	3.2309000000e-06	0.0000000000e+00
6.2729000000e-07	6.2729000000e-07	0.0000000000e+00
1.1583000000e-07	1.1583000000e-07	0.0000000000e+00
1.9975000000e-08	1.9975000000e-08	0.0000000000e+00
3.2314000000e-09	3.2314000000e-09	0.0000000000e+00
4.9820000000e-10	4.9820000000e-10	0.0000000000e+00
7.0385000000e-11	7.0385000000e-11	0.0000000000e+00
9.7042000000e-12	9.7042000000e-12	0.0000000000e+00
1.2144000000e-12	1.2144000000e-12	0.0000000000e+00
1.4554000000e-13	1.4554000000e-13	0.0000000000e+00
1.6411000000e-14	1.6411000000e-14	0.0000000000e+00
1.7056000000e-15	1.7056000000e-15	0.0000000000e+00
1.7249000000e-16	1.7249000000e-16	0.0000000000e+00
1.6501000000e-17	1.6501000000e-17	0.0000000000e+00
1.4272000000e-18	1.4272000000e-18	0.0000000000e+00
1.2280000000e-19	1.2280000000e-19	0.0000000000e+00
1.0518000000e-20	1.0518000000e-20	0.0000000000e+00
7.7138000000e-22	7.7138000000e-22	0.0000000000e+00
5.1123000000e-23	5.1123000000e-23	0.0000000000e+00
3.1788000000e-24	3.1788000000e-24	0.0000000000e+00
1.9108000000e-25	1.9108000000e-25	0.0000000000e+00
1.0945000000e-26	1.0945000000e-26	0.0000000000e+00
6.8651000000e-28	6.8651000000e-28	0.0000000000e+00
3.5214000000e-29	3.5214000000e-29	0.0000000000e+00
1.8032000000e-30	1.8032000000e-30	0.0000000000e+00
8.4365000000e-32	8.4365000000e-32	0.0000000000e+00
3.8408000000e-33	3.8407000000e-33	1.1307543629e-05
1.6506000000e-34	1.6506000000e-34	0.0000000000e+00
6.4443000000e-36	6.4442000000e-36	6.7392556451e-06
2.5410000000e-37	2.5410000000e-37	0.0000000000e+00
9.1930000000e-39	9.1930000000e-39	0.0000000000e+00
3.0120000000e-40	3.0118000000e-40	2.8838572467e-05
1.0177000000e-41	1.0108000000e-41	2.9545412695e-03
2.8638000000e-43	2.2141000000e-43	1.1174545282e-01
8.2831000000e-45	0.0000000000e+00	NA
2.1424000000e-46	0.0000000000e+00	NA
5.2110000000e-48	0.0000000000e+00	NA
1.2209000000e-49	0.0000000000e+00	NA
2.6442000000e-51	0.0000000000e+00	NA
5.3964000000e-53	0.0000000000e+00	NA
1.0378000000e-54	0.0000000000e+00	NA
1.8806000000e-56	0.0000000000e+00	NA
3.2112000000e-58	0.0000000000e+00	NA
5.1669000000e-60	0.0000000000e+00	NA
7.8337000000e-62	0.0000000000e+00	NA
1.1191000000e-63	0.0000000000e+00	NA
1.5065000000e-65	0.0000000000e+00	NA
1.9109000000e-67	0.0000000000e+00	NA
2.2838000000e-69	0.0000000000e+00	NA
2.5718000000e-71	0.0000000000e+00	NA
2.7288000000e-73	0.0000000000e+00	NA
2.7282000000e-75	0.0000000000e+00	NA
2.5699000000e-77	0.0000000000e+00	NA
2.2809000000e-79	0.0000000000e+00	NA
1.9074000000e-81	0.0000000000e+00	NA
1.5858000000e-112	0.0000000000e+00	NA
2.0416000000e-106	0.0000000000e+00	NA
1.7548000000e-100	0.0000000000e+00	NA
1.0159000000e-94	0.0000000000e+00	NA
3.9740000000e-89	0.0000000000e+00	NA
1.0535000000e-83	0.0000000000e+00	NA
1.8958000000e-78	0.0000000000e+00	NA
2.3241000000e-73	0.0000000000e+00	NA
1.9433000000e-68	0.0000000000e+00	NA
1.1206000000e-63	0.0000000000e+00	NA
4.5295000000e-59	0.0000000000e+00	NA
1.2639000000e-54	0.0000000000e+00	NA
2.4426000000e-50	0.0000000000e+00	NA
3.2781000000e-46	0.0000000000e+00	NA
3.0918000000e-42	3.0730000000e-42	2.6488325883e-03
2.1023000000e-38	2.1022000000e-38	2.0658555452e-05
9.6927000000e-35	9.6927000000e-35	0.0000000000e+00
2.9966000000e-31	2.9966000000e-31	0.0000000000e+00
7.3198000000e-28	7.3197000000e-28	5.9331873617e-06
1.2010000000e-24	1.2010000000e-24	0.0000000000e+00
1.3684000000e-21	1.3684000000e-21	0.0000000000e+00
1.2206000000e-18	1.2206000000e-18	0.0000000000e+00
8.2291000000e-16	8.2291000000e-16	0.0000000000e+00
4.4304000000e-13	4.4304000000e-13	0.0000000000e+00
1.9398000000e-10	1.9398000000e-10	0.0000000000e+00
8.5206000000e-08	8.5206000000e-08	0.0000000000e+00
2.9220000000e-05	2.9220000000e-05	0.0000000000e+00
8.7840000000e-03	8.7840000000e-03	0.0000000000e+00
8.8231000000e-01	8.8231000000e-01	0.0000000000e+00
1.3257000000e+01	1.3257000000e+01	0.0000000000e+00
3.1714000000e+01	3.1714000000e+01	0.0000000000e+00
2.6809000000e+01	2.6809000000e+01	0.0000000000e+00
1.7519000000e+01	1.7519000000e+01	0.0000000000e+00
9.5075000000e+00	9.5075000000e+00	0.0000000000e+00
4.8416000000e+00	4.8416000000e+00	0.0000000000e+00
2.5452000000e+00	2.5452000000e+00	0.0000000000e+00
1.3411000000e+00	1.3411000000e+00	0.0000000000e+00
7.1880000000e-01	7.1880000000e-01	0.0000000000e+00
3.5881000000e-01	3.5881000000e-01	0.0000000000e+00
1.5938000000e-01	1.5938000000e-01	0.0000000000e+00
6.5001000000e-02	6.5001000000e-02	0.0000000000e+00
2.2773000000e-02	2.2773000000e-02	0.0000000000e+00
7.2961000000e-03	7.2961000000e-03	0.0000000000e+00
2.1384000000e-03	2.1384000000e-03	0.0000000000e+00
5.8080000000e-04	5.8080000000e-04	0.0000000000e+00
1.4761000000e-04	1.4761000000e-04	0.0000000000e+00
3.5251000000e-05	3.5251000000e-05	0.0000000000e+00
7.9104000000e-06	7.9104000000e-06	0.0000000000e+00
1.6734000000e-06	1.6734000000e-06	0.0000000000e+00
3.3319000000e-07	3.3319000000e-07	0.0000000000e+00
6.2262000000e-08	6.2262000000e-08	0.0000000000e+00
1.0984000000e-08	1.0984000000e-08	0.0000000000e+00
1.8039000000e-09	1.8039000000e-09	0.0000000000e+00
2.8352000000e-10	2.8352000000e-10	0.0000000000e+00
4.1123000000e-11	4.1123000000e-11	0.0000000000e+00
5.6704000000e-12	5.6704000000e-12	0.0000000000e+00
7.3433000000e-13	7.3433000000e-13	0.0000000000e+00
8.6711000000e-14	8.6711000000e-14	0.0000000000e+00
1.0237000000e-14	1.0237000000e-14	0.0000000000e+00
1.0884000000e-15	1.0884000000e-15	0.0000000000e+00
1.1306000000e-16	1.1306000000e-16	0.0000000000e+00
1.0898000000e-17	1.0898000000e-17	0.0000000000e+00
1.0355000000e-18	1.0355000000e-18	0.0000000000e+00
8.9861000000e-20	8.9861000000e-20	0.0000000000e+00
7.1525000000e-21	7.1525000000e-21	0.0000000000e+00
5.2543000000e-22	5.2543000000e-22	0.0000000000e+00
3.3720000000e-23	3.3720000000e-23	0.0000000000e+00
2.3713000000e-24	2.3713000000e-24	0.0000000000e+00
1.6476000000e-25	1.6476000000e-25	0.0000000000e+00
1.0696000000e-26	1.0695000000e-26	4.0605346381e-05
5.8890000000e-28	5.8890000000e-28	0.0000000000e+00
3.2975000000e-29	3.2975000000e-29	0.0000000000e+00
1.5647000000e-30	1.5647000000e-30	0.0000000000e+00
7.8555000000e-32	7.8554000000e-32	5.5285754719e-06
3.4991000000e-33	3.4991000000e-33	0.0000000000e+00
1.5264000000e-34	1.5264000000e-34	0.0000000000e+00
6.8544000000e-36	6.8544000000e-36	0.0000000000e+00
2.5546000000e-37	2.5546000000e-37	0.0000000000e+00
8.9999000000e-39	8.9998000000e-39	4.8255746697e-06
3.1335000000e-40	3.1331000000e-40	5.5442438642e-05
9.9173000000e-42	9.8287000000e-42	3.8973715516e-03
2.9580000000e-43	2.2701000000e-43	1.1495318097e-01
8.2360000000e-45	0.0000000000e+00	NA
2.2159000000e-46	0.0000000000e+00	NA
5.5042000000e-48	0.0000000000e+00	NA
1.2883000000e-49	0.0000000000e+00	NA
2.8412000000e-51	0.0000000000e+00	NA
5.9043000000e-53	0.0000000000e+00	NA
1.1562000000e-54	0.0000000000e+00	NA
2.1332000000e-56	0.0000000000e+00	NA
3.7086000000e-58	0.0000000000e+00	NA
6.0752000000e-60	0.0000000000e+00	NA
9.3772000000e-62	0.0000000000e+00	NA
1.3638000000e-63	0.0000000000e+00	NA
1.8689000000e-65	0.0000000000e+00	NA
2.4130000000e-67	0.0000000000e+00	NA
2.9355000000e-69	0.0000000000e+00	NA
3.3649000000e-71	0.0000000000e+00	NA
3.6341000000e-73	0.0000000000e+00	NA
3.6979000000e-75	0.0000000000e+00	NA
3.5454000000e-77	0.0000000000e+00	NA
3.7917000000e-112	0.0000000000e+00	NA
4.8659000000e-106	0.0000000000e+00	NA
4.1713000000e-100	0.0000000000e+00	NA
2.4078000000e-94	0.0000000000e+00	NA
9.3807000000e-89	0.0000000000e+00	NA
2.4794000000e-83	0.0000000000e+00	NA
4.4461000000e-78	0.0000000000e+00	NA
5.4221000000e-73	0.0000000000e+00	NA
4.5081000000e-68	0.0000000000e+00	NA
2.5885000000e-63	0.0000000000e+00	NA
1.0376000000e-58	0.0000000000e+00	NA
2.8686000000e-54	0.0000000000e+00	NA
5.4913000000e-50	0.0000000000e+00	NA
7.2979000000e-46	0.0000000000e+00	NA
6.8011000000e-42	6.7893000000e-42	7.5416119824e-04
4.4293000000e-38	4.4293000000e-38	0.0000000000e+00
1.9767000000e-34	1.9767000000e-34	0.0000000000e+00
6.6373000000e-31	6.6373000000e-31	0.0000000000e+00
1.5765000000e-27	1.5765000000e-27	0.0000000000e+00
2.4518000000e-24	2.4518000000e-24	0.0000000000e+00
2.6310000000e-21	2.6310000000e-21	0.0000000000e+00
2.2568000000e-18	2.2568000000e-18	0.0000000000e+00
1.4538000000e-15	1.4538000000e-15	0.0000000000e+00
7.0570000000e-13	7.0570000000e-13	0.0000000000e+00
2.6272000000e-10	2.6272000000e-10	0.0000000000e+00
7.7551000000e-08	7.7551000000e-08	0.0000000000e+00
1.9322000000e-05	1.9322000000e-05	0.0000000000e+00
2.8777000000e-03	2.8777000000e-03	0.0000000000e+00
1.7290000000e-01	1.7290000000e-01	0.0000000000e+00
2.8083000000e+00	2.8083000000e+00	0.0000000000e+00
1.2176000000e+01	1.2176000000e+01	0.0000000000e+00
2.0333000000e+01	2.0333000000e+01	0.0000000000e+00
1.9329000000e+01	1.9329000000e+01	0.0000000000e+00
1.4154000000e+01	1.4154000000e+01	0.0000000000e+00
9.2096000000e+00	9.2096000000e+00	0.0000000000e+00
5.6509000000e+00	5.6509000000e+00	0.0000000000e+00
3.3757000000e+00	3.3757000000e+00	0.0000000000e+00
1.9487000000e+00	1.9487000000e+00	0.0000000000e+00
1.0529000000e+00	1.0529000000e+00	0.0000000000e+00
5.1659000000e-01	5.1659000000e-01	0.0000000000e+00
2.3069000000e-01	2.3069000000e-01	0.0000000000e+00
9.3322000000e-02	9.3322000000e-02	0.0000000000e+00
3.3793000000e-02	3.3793000000e-02	0.0000000000e+00
1.1170000000e-02	1.1170000000e-02	0.0000000000e+00
3.4774000000e-03	3.4774000000e-03	0.0000000000e+00
1.0155000000e-03	1.0155000000e-03	0.0000000000e+00
2.7931000000e-04	2.7931000000e-04	0.0000000000e+00
7.2242000000e-05	7.2242000000e-05	0.0000000000e+00
1.7584000000e-05	1.7584000000e-05	0.0000000000e+00
4.0299000000e-06	4.0299000000e-06	0.0000000000e+00
8.6910000000e-07	8.6910000000e-07	0.0000000000e+00
1.7613000000e-07	1.7613000000e-07	0.0000000000e+00
3.3571000000e-08	3.3571000000e-08	0.0000000000e+00
6.0280000000e-09	6.0280000000e-09	0.0000000000e+00
1.0135000000e-09	1.0135000000e-09	0.0000000000e+00
1.6118000000e-10	1.6118000000e-10	0.0000000000e+00
2.3967000000e-11	2.3967000000e-11	0.0000000000e+00
3.3696000000e-12	3.3696000000e-12	0.0000000000e+00
4.3641000000e-13	4.3641000000e-13	0.0000000000e+00
5.5404000000e-14	5.5404000000e-14	0.0000000000e+00
6.4149000000e-15	6.4149000000e-15	0.0000000000e+00
7.0402000000e-16	7.0402000000e-16	0.0000000000e+00
7.2766000000e-17	7.2766000000e-17	0.0000000000e+00
7.5483000000e-18	7.5483000000e-18	0.0000000000e+00
6.8688000000e-19	6.8688000000e-19	0.0000000000e+00
5.9311000000e-20	5.9311000000e-20	0.0000000000e+00
4.7315000000e-21	4.7315000000e-21	0.0000000000e+00
3.7510000000e-22	3.7511000000e-22	-1.1577944360e-05
2.7826000000e-23	2.7826000000e-23	0.0000000000e+00
1.9990000000e-24	1.9990000000e-24	0.0000000000e+00
1.2808000000e-25	1.2808000000e-25	0.0000000000e+00
8.0374000000e-27	8.0374000000e-27	0.0000000000e+00
4.6714000000e-28	4.6714000000e-28	0.0000000000e+00
2.7241000000e-29	2.7241000000e-29	0.0000000000e+00
1.5390000000e-30	1.5390000000e-30	0.0000000000e+00
7.4821000000e-32	7.4821000000e-32	0.0000000000e+00
3.3772000000e-33	3.3772000000e-33	0.0000000000e+00
1.3891000000e-34	1.3891000000e-34	0.0000000000e+00
6.0383000000e-36	6.0383000000e-36	0.0000000000e+00
2.3825000000e-37	2.3825000000e-37	0.0000000000e+00
8.5615000000e-39	8.5615000000e-39	0.0000000000e+00
2.9834000000e-40	2.9830000000e-40	5.8232030377e-05
9.6434000000e-42	9.5793000000e-42	2.8964067976e-03
2.9381000000e-43	2.2701000000e-43	1.1202158449e-01
8.3708000000e-45	0.0000000000e+00	NA
2.2471000000e-46	0.0000000000e+00	NA
5.6839000000e-48	0.0000000000e+00	NA
1.3547000000e-49	0.0000000000e+00	NA
3.0421000000e-51	0.0000000000e+00	NA
6.4369000000e-53	0.0000000000e+00	NA
1.2833000000e-54	0.0000000000e+00	NA
2.4107000000e-56	0.0000000000e+00	NA
4.2669000000e-58	0.0000000000e+00	NA
7.1158000000e-60	0.0000000000e+00	NA
1.1181000000e-61	0.0000000000e+00	NA
1.6553000000e-63	0.0000000000e+00	NA
2.3090000000e-65	0.0000000000e+00	NA
3.0347000000e-67	0.0000000000e+00	NA
3.7579000000e-69	0.0000000000e+00	NA
4.3843000000e-71	0.0000000000e+00	NA
4.8194000000e-73	0.0000000000e+00	NA
6.1126000000e-112	0.0000000000e+00	NA
7.8199000000e-106	0.0000000000e+00	NA
6.6798000000e-100	0.0000000000e+00	NA
3.8404000000e-94	0.0000000000e+00	NA
1.4906000000e-88	0.0000000000e+00	NA
3.9200000000e-83	0.0000000000e+00	NA
6.9899000000e-78	0.0000000000e+00	NA
8.4761000000e-73	0.0000000000e+00	NA
6.9978000000e-68	0.0000000000e+00	NA
3.9878000000e-63	0.0000000000e+00	NA
1.5803000000e-58	0.0000000000e+00	NA
4.3166000000e-54	0.0000000000e+00	NA
8.1528000000e-50	0.0000000000e+00	NA
1.0674000000e-45	0.0000000000e+00	NA
9.8120000000e-42	9.7993000000e-42	5.6248598422e-04
6.3701000000e-38	6.3701000000e-38	0.0000000000e+00
3.0041000000e-34	3.0041000000e-34	0.0000000000e+00
9.6623000000e-31	9.6623000000e-31	0.0000000000e+00
2.0847000000e-27	2.0847000000e-27	0.0000000000e+00
3.0202000000e-24	3.0201000000e-24	1.4379897752e-05
3.1937000000e-21	3.1937000000e-21	0.0000000000e+00
2.6371000000e-18	2.6371000000e-18	0.0000000000e+00
1.6011000000e-15	1.6011000000e-15	0.0000000000e+00
6.7004000000e-13	6.7004000000e-13	0.0000000000e+00
2.0966000000e-10	2.0966000000e-10	0.0000000000e+00
4.8532000000e-08	4.8532000000e-08	0.0000000000e+00
8.0585000000e-06	8.0585000000e-06	0.0000000000e+00
7.6154000000e-04	7.6154000000e-04	0.0000000000e+00
3.2840000000e-02	3.2840000000e-02	0.0000000000e+00
5.3813000000e-01	5.3813000000e-01	0.0000000000e+00
3.2974000000e+00	3.2974000000e+00	0.0000000000e+00
8.6342000000e+00	8.6342000000e+00	0.0000000000e+00
1.2530000000e+01	1.2530000000e+01	0.0000000000e+00
1.2735000000e+01	1.2735000000e+01	0.0000000000e+00
1.0643000000e+01	1.0643000000e+01	0.0000000000e+00
7.9430000000e+00	7.9430000000e+00	0.0000000000e+00
5.5177000000e+00	5.5177000000e+00	0.0000000000e+00
3.5859000000e+00	3.5859000000e+00	0.0000000000e+00
2.1598000000e+00	2.1598000000e+00	0.0000000000e+00
1.1900000000e+00	1.1900000000e+00	0.0000000000e+00
5.9064000000e-01	5.9064000000e-01	0.0000000000e+00
2.6645000000e-01	2.6645000000e-01	0.0000000000e+00
1.1121000000e-01	1.1121000000e-01	0.0000000000e+00
4.2671000000e-02	4.2671000000e-02	0.0000000000e+00
1.5106000000e-02	1.5106000000e-02	0.0000000000e+00
5.0849000000e-03	5.0849000000e-03	0.0000000000e+00
1.6091000000e-03	1.6091000000e-03	0.0000000000e+00
4.7966000000e-04	4.7966000000e-04	0.0000000000e+00
1.3449000000e-04	1.3449000000e-04	0.0000000000e+00
3.5470000000e-05	3.5470000000e-05	0.0000000000e+00
8.8085000000e-06	8.8085000000e-06	0.0000000000e+00
2.0586000000e-06	2.0586000000e-06	0.0000000000e+00
4.5225000000e-07	4.5225000000e-07	0.0000000000e+00
9.3497000000e-08	9.3497000000e-08	0.0000000000e+00
1.8217000000e-08	1.8217000000e-08	0.0000000000e+00
3.3207000000e-09	3.3207000000e-09	0.0000000000e+00
5.7340000000e-10	5.7340000000e-10	0.0000000000e+00
9.2366000000e-11	9.2366000000e-11	0.0000000000e+00
1.4048000000e-11	1.4048000000e-11	0.0000000000e+00
1.9910000000e-12	1.9910000000e-12	0.0000000000e+00
2.6776000000e-13	2.6776000000e-13	0.0000000000e+00
3.4200000000e-14	3.4199000000e-14	1.2698854718e-05
4.2465000000e-15	4.2465000000e-15	0.0000000000e+00
4.8418000000e-16	4.8418000000e-16	0.0000000000e+00
4.9720000000e-17	4.9720000000e-17	0.0000000000e+00
5.0442000000e-18	5.0442000000e-18	0.0000000000e+00
4.8545000000e-19	4.8545000000e-19	0.0000000000e+00
4.2772000000e-20	4.2771000000e-20	1.0153828646e-05
3.7567000000e-21	3.7567000000e-21	0.0000000000e+00
2.9596000000e-22	2.9596000000e-22	0.0000000000e+00
2.1991000000e-23	2.1991000000e-23	0.0000000000e+00
1.5452000000e-24	1.5452000000e-24	0.0000000000e+00
1.0085000000e-25	1.0085000000e-25	0.0000000000e+00
6.8617000000e-27	6.8617000000e-27	0.0000000000e+00
4.2804000000e-28	4.2804000000e-28	0.0000000000e+00
2.4120000000e-29	2.4120000000e-29	0.0000000000e+00
1.2942000000e-30	1.2942000000e-30	0.0000000000e+00
5.8877000000e-32	5.8877000000e-32	0.0000000000e+00
2.9863000000e-33	2.9863000000e-33	0.0000000000e+00
1.2950000000e-34	1.2950000000e-34	0.0000000000e+00
5.5903000000e-36	5.5903000000e-36	0.0000000000e+00
2.2108000000e-37	2.2108000000e-37	0.0000000000e+00
8.0678000000e-39	8.0678000000e-39	0.0000000000e+00
2.8456000000e-40	2.8452000000e-40	6.1052151911e-05
9.2999000000e-42	9.2205000000e-42	3.7238065192e-03
2.8636000000e-43	2.2561000000e-43	1.0355400822e-01
8.3081000000e-45	0.0000000000e+00	NA
2.2711000000e-46	0.0000000000e+00	NA
5.8494000000e-48	0.0000000000e+00	NA
1.4195000000e-49	0.0000000000e+00	NA
3.2456000000e-51	0.0000000000e+00	NA
6.9918000000e-53	0.0000000000e+00	NA
1.4192000000e-54	0.0000000000e+00	NA
2.7140000000e-56	0.0000000000e+00	NA
4.8902000000e-58	0.0000000000e+00	NA
8.3019000000e-60	0.0000000000e+00	NA
1.3279000000e-61	0.0000000000e+00	NA
2.0011000000e-63	0.0000000000e+00	NA
2.8413000000e-65	0.0000000000e+00	NA
3.8009000000e-67	0.0000000000e+00	NA
4.7905000000e-69	0.0000000000e+00	NA
6.6661000000e-112	0.0000000000e+00	NA
8.4941000000e-106	0.0000000000e+00	NA
7.2293000000e-100	0.0000000000e+00	NA
4.1352000000e-94	0.0000000000e+00	NA
1.5972000000e-88	0.0000000000e+00	NA
4.1739000000e-83	0.0000000000e+00	NA
7.4002000000e-78	0.0000000000e+00	NA
8.9029000000e-73	0.0000000000e+00	NA
7.2858000000e-68	0.0000000000e+00	NA
4.1130000000e-63	0.0000000000e+00	NA
1.6088000000e-58	0.0000000000e+00	NA
4.3320000000e-54	0.0000000000e+00	NA
8.0581000000e-50	0.0000000000e+00	NA
1.0379000000e-45	0.0000000000e+00	NA
9.3668000000e-42	9.3523000000e-42	6.7281773665e-04
6.0065000000e-38	6.0064000000e-38	7.2304686115e-06
3.0072000000e-34	3.0072000000e-34	0.0000000000e+00
8.3579000000e-31	8.3579000000e-31	0.0000000000e+00
1.8200000000e-27	1.8200000000e-27	0.0000000000e+00
2.6345000000e-24	2.6345000000e-24	0.0000000000e+00
2.6778000000e-21	2.6778000000e-21	0.0000000000e+00
2.0380000000e-18	2.0380000000e-18	0.0000000000e+00
1.0673000000e-15	1.0673000000e-15	0.0000000000e+00
3.8997000000e-13	3.8997000000e-13	0.0000000000e+00
1.0400000000e-10	1.0400000000e-10	0.0000000000e+00
1.9177000000e-08	1.9177000000e-08	0.0000000000e+00
2.3361000000e-06	2.3361000000e-06	0.0000000000e+00
1.6680000000e-04	1.6680000000e-04	0.0000000000e+00
6.0182000000e-03	6.0182000000e-03	0.0000000000e+00
9.4469000000e-02	9.4469000000e-02	0.0000000000e+00
6.8579000000e-01	6.8579000000e-01	0.0000000000e+00
2.5297000000e+00	2.5297000000e+00	0.0000000000e+00
5.2130000000e+00	5.2130000000e+00	0.0000000000e+00
7.4075000000e+00	7.4075000000e+00	0.0000000000e+00
7.9366000000e+00	7.9366000000e+00	0.0000000000e+00
7.3788000000e+00	7.3788000000e+00	0.0000000000e+00
6.1004000000e+00	6.1004000000e+00	0.0000000000e+00
4.5685000000e+00	4.5685000000e+00	0.0000000000e+00
3.1110000000e+00	3.1110000000e+00	0.0000000000e+00
1.9327000000e+00	1.9327000000e+00	0.0000000000e+00
1.0860000000e+00	1.0860000000e+00	0.0000000000e+00
5.5657000000e-01	5.5657000000e-01	0.0000000000e+00
2.6314000000e-01	2.6314000000e-01	0.0000000000e+00
1.1639000000e-01	1.1639000000e-01	0.0000000000e+00
4.7996000000e-02	4.7996000000e-02	0.0000000000e+00
1.8531000000e-02	1.8531000000e-02	0.0000000000e+00
6.7577000000e-03	6.7577000000e-03	0.0000000000e+00
2.3168000000e-03	2.3168000000e-03	0.0000000000e+00
7.4870000000e-04	7.4870000000e-04	0.0000000000e+00
2.2725000000e-04	2.2725000000e-04	0.0000000000e+00
6.4944000000e-05	6.4944000000e-05	0.0000000000e+00
1.7474000000e-05	1.7474000000e-05	0.0000000000e+00
4.4247000000e-06	4.4247000000e-06	0.0000000000e+00
1.0543000000e-06	1.0543000000e-06	0.0000000000e+00
2.3630000000e-07	2.3630000000e-07	0.0000000000e+00
4.9841000000e-08	4.9841000000e-08	0.0000000000e+00
9.8786000000e-09	9.8786000000e-09	0.0000000000e+00
1.8400000000e-09	1.8400000000e-09	0.0000000000e+00
3.2180000000e-10	3.2180000000e-10	0.0000000000e+00
5.2378000000e-11	5.2378000000e-11	0.0000000000e+00
8.2421000000e-12	8.2421000000e-12	0.0000000000e+00
1.2066000000e-12	1.2066000000e-12	0.0000000000e+00
1.6716000000e-13	1.6716000000e-13	0.0000000000e+00
2.1609000000e-14	2.1609000000e-14	0.0000000000e+00
2.7054000000e-15	2.7054000000e-15	0.0000000000e+00
3.1238000000e-16	3.1238000000e-16	0.0000000000e+00
3.4145000000e-17	3.4145000000e-17	0.0000000000e+00
3.5545000000e-18	3.5545000000e-18	0.0000000000e+00
3.4562000000e-19	3.4562000000e-19	0.0000000000e+00
3.0762000000e-20	3.0762000000e-20	0.0000000000e+00
2.6446000000e-21	2.6446000000e-21	0.0000000000e+00
2.1463000000e-22	2.1463000000e-22	0.0000000000e+00
1.6698000000e-23	1.6698000000e-23	0.0000000000e+00
1.2234000000e-24	1.2234000000e-24	0.0000000000e+00
8.4904000000e-26	8.4904000000e-26	0.0000000000e+00
5.4851000000e-27	5.4851000000e-27	0.0000000000e+00
3.4876000000e-28	3.4876000000e-28	0.0000000000e+00
2.0055000000e-29	2.0055000000e-29	0.0000000000e+00
1.0879000000e-30	1.0879000000e-30	0.0000000000e+00
5.5433000000e-32	5.5433000000e-32	0.0000000000e+00
2.6198000000e-33	2.6198000000e-33	0.0000000000e+00
1.1886000000e-34	1.1886000000e-34	0.0000000000e+00
4.9900000000e-36	4.9900000000e-36	0.0000000000e+00
2.0130000000e-37	2.0130000000e-37	0.0000000000e+00
7.5471000000e-39	7.5471000000e-39	0.0000000000e+00
2.6659000000e-40	2.6655000000e-40	6.5167795734e-05
8.8720000000e-42	8.8072000000e-42	3.1836744259e-03
2.7819000000e-43	2.1720000000e-43	1.0748169359e-01
8.2181000000e-45	0.0000000000e+00	NA
2.2874000000e-46	0.0000000000e+00	NA
5.9984000000e-48	0.0000000000e+00	NA
1.4820000000e-49	0.0000000000e+00	NA
3.4499000000e-51	0.0000000000e+00	NA
7.5661000000e-53	0.0000000000e+00	NA
1.5634000000e-54	0.0000000000e+00	NA
3.0436000000e-56	0.0000000000e+00	NA
5.5826000000e-58	0.0000000000e+00	NA
9.6472000000e-60	0.0000000000e+00	NA
1.5707000000e-61	0.0000000000e+00	NA
2.4093000000e-63	0.0000000000e+00	NA
3.4819000000e-65	0.0000000000e+00	NA
4.9312000000e-112	0.0000000000e+00	NA
6.2529000000e-106	0.0000000000e+00	NA
5.2930000000e-100	0.0000000000e+00	NA
3.0119000000e-94	0.0000000000e+00	NA
1.1573000000e-88	0.0000000000e+00	NA
3.0060000000e-83	0.0000000000e+00	NA
5.2886000000e-78	0.0000000000e+00	NA
6.3073000000e-73	0.0000000000e+00	NA
5.1111000000e-68	0.0000000000e+00	NA
2.8505000000e-63	0.0000000000e+00	NA
1.0996000000e-58	0.0000000000e+00	NA
2.9164000000e-54	0.0000000000e+00	NA
5.3446000000e-50	0.0000000000e+00	NA
6.7952000000e-46	0.0000000000e+00	NA
6.0331000000e-42	6.0186000000e-42	1.0450431103e-03
3.7667000000e-38	3.7667000000e-38	0.0000000000e+00
1.7485000000e-34	1.7485000000e-34	0.0000000000e+00
5.0157000000e-31	5.0157000000e-31	0.0000000000e+00
9.7313000000e-28	9.7313000000e-28	0.0000000000e+00
1.5443000000e-24	1.5443000000e-24	0.0000000000e+00
1.5094000000e-21	1.5094000000e-21	0.0000000000e+00
9.8362000000e-19	9.8362000000e-19	0.0000000000e+00
4.5343000000e-16	4.5343000000e-16	0.0000000000e+00
1.4809000000e-13	1.4809000000e-13	0.0000000000e+00
3.4373000000e-11	3.4373000000e-11	0.0000000000e+00
5.2518000000e-09	5.2518000000e-09	0.0000000000e+00
5.2270000000e-07	5.2270000000e-07	0.0000000000e+00
2.9158000000e-05	2.9158000000e-05	0.0000000000e+00
9.2061000000e-04	9.2061000000e-04	0.0000000000e+00
1.5297000000e-02	1.5297000000e-02	0.0000000000e+00
1.3236000000e-01	1.3236000000e-01	0.0000000000e+00
5.9543000000e-01	5.9543000000e-01	0.0000000000e+00
1.5567000000e+00	1.5567000000e+00	0.0000000000e+00
2.9431000000e+00	2.9431000000e+00	0.0000000000e+00
4.1070000000e+00	4.1070000000e+00	0.0000000000e+00
4.7162000000e+00	4.7162000000e+00	0.0000000000e+00
4.7105000000e+00	4.7105000000e+00	0.0000000000e+00
4.1355000000e+00	4.1355000000e+00	0.0000000000e+00
3.2031000000e+00	3.2031000000e+00	0.0000000000e+00
2.2622000000e+00	2.2622000000e+00	0.0000000000e+00
1.4449000000e+00	1.4449000000e+00	0.0000000000e+00
8.4267000000e-01	8.4267000000e-01	0.0000000000e+00
4.5714000000e-01	4.5714000000e-01	0.0000000000e+00
2.3154000000e-01	2.3154000000e-01	0.0000000000e+00
1.1006000000e-01	1.1006000000e-01	0.0000000000e+00
4.9161000000e-02	4.9161000000e-02	0.0000000000e+00
2.0648000000e-02	2.0648000000e-02	0.0000000000e+00
8.1514000000e-03	8.1514000000e-03	0.0000000000e+00
3.0299000000e-03	3.0299000000e-03	0.0000000000e+00
1.0598000000e-03	1.0598000000e-03	0.0000000000e+00
3.4864000000e-04	3.4864000000e-04	0.0000000000e+00
1.0803000000e-04	1.0803000000e-04	0.0000000000e+00
3.1487000000e-05	3.1487000000e-05	0.0000000000e+00
8.7372000000e-06	8.7372000000e-06	0.0000000000e+00
2.2286000000e-06	2.2286000000e-06	0.0000000000e+00
5.4140000000e-07	5.4140000000e-07	0.0000000000e+00
1.2403000000e-07	1.2403000000e-07	0.0000000000e+00
2.6626000000e-08	2.6626000000e-08	0.0000000000e+00
5.3881000000e-09	5.3881000000e-09	0.0000000000e+00
1.0219000000e-09	1.0219000000e-09	0.0000000000e+00
1.8234000000e-10	1.8234000000e-10	0.0000000000e+00
3.0737000000e-11	3.0737000000e-11	0.0000000000e+00
4.8651000000e-12	4.8651000000e-12	0.0000000000e+00
7.2389000000e-13	7.2389000000e-13	0.0000000000e+00
1.0256000000e-13	1.0256000000e-13	0.0000000000e+00
1.3658000000e-14	1.3658000000e-14	0.0000000000e+00
1.7479000000e-15	1.7479000000e-15	0.0000000000e+00
2.0570000000e-16	2.0570000000e-16	0.0000000000e+00
2.2669000000e-17	2.2669000000e-17	0.0000000000e+00
2.3895000000e-18	2.3894000000e-18	1.8175499883e-05
2.3162000000e-19	2.3162000000e-19	0.0000000000e+00
2.1650000000e-20	2.1649000000e-20	2.0060254601e-05
1.8883000000e-21	1.8883000000e-21	0.0000000000e+00
1.5849000000e-22	1.5849000000e-22	0.0000000000e+00
1.2831000000e-23	1.2831000000e-23	0.0000000000e+00
9.5380000000e-25	9.5380000000e-25	0.0000000000e+00
6.7343000000e-26	6.7343000000e-26	0.0000000000e+00
4.4197000000e-27	4.4197000000e-27	0.0000000000e+00
2.7232000000e-28	2.7232000000e-28	0.0000000000e+00
1.6490000000e-29	1.6490000000e-29	0.0000000000e+00
9.0307000000e-31	9.0307000000e-31	0.0000000000e+00
4.6359000000e-32	4.6359000000e-32	0.0000000000e+00
2.2693000000e-33	2.2693000000e-33	0.0000000000e+00
1.0400000000e-34	1.0400000000e-34	0.0000000000e+00
4.4735000000e-36	4.4735000000e-36	0.0000000000e+00
1.8128000000e-37	1.8128000000e-37	0.0000000000e+00
6.9210000000e-39	6.9210000000e-39	0.0000000000e+00
2.4894000000e-40	2.4887000000e-40	1.2213741762e-04
8.4358000000e-42	8.3840000000e-42	2.6750050876e-03
2.6932000000e-43	2.1160000000e-43	1.0475294243e-01
8.1008000000e-45	0.0000000000e+00	NA
2.2956000000e-46	0.0000000000e+00	NA
6.1288000000e-48	0.0000000000e+00	NA
1.5416000000e-49	0.0000000000e+00	NA
3.6532000000e-51	0.0000000000e+00	NA
8.1564000000e-53	0.0000000000e+00	NA
1.7156000000e-54	0.0000000000e+00	NA
3.3999000000e-56	0.0000000000e+00	NA
6.3477000000e-58	0.0000000000e+00	NA
1.1166000000e-59	0.0000000000e+00	NA
1.8503000000e-61	0.0000000000e+00	NA
2.4771000000e-112	0.0000000000e+00	NA
3.1292000000e-106	0.0000000000e+00	NA
2.6344000000e-100	0.0000000000e+00	NA
1.4910000000e-94	0.0000000000e+00	NA
5.6891000000e-89	0.0000000000e+00	NA
1.4672000000e-83	0.0000000000e+00	NA
2.5602000000e-78	0.0000000000e+00	NA
3.0269000000e-73	0.0000000000e+00	NA
2.4268000000e-68	0.0000000000e+00	NA
1.3343000000e-63	0.0000000000e+00	NA
5.0665000000e-59	0.0000000000e+00	NA
1.3218000000e-54	0.0000000000e+00	NA
2.3870000000e-50	0.0000000000e+00	NA
3.0083000000e-46	0.0000000000e+00	NA
2.6604000000e-42	2.6541000000e-42	1.0296571710e-03
1.6718000000e-38	1.6718000000e-38	0.0000000000e+00
7.0527000000e-35	7.0527000000e-35	0.0000000000e+00
1.8216000000e-31	1.8216000000e-31	0.0000000000e+00
3.7930000000e-28	3.7930000000e-28	0.0000000000e+00
5.7793000000e-25	5.7793000000e-25	0.0000000000e+00
4.5940000000e-22	4.5940000000e-22	0.0000000000e+00
3.1074000000e-19	3.1074000000e-19	0.0000000000e+00
1.3772000000e-16	1.3772000000e-16	0.0000000000e+00
3.8365000000e-14	3.8365000000e-14	0.0000000000e+00
8.1496000000e-12	8.1496000000e-12	0.0000000000e+00
1.0451000000e-09	1.0451000000e-09	0.0000000000e+00
8.5026000000e-08	8.5026000000e-08	0.0000000000e+00
4.2301000000e-06	4.2301000000e-06	0.0000000000e+00
1.2605000000e-04	1.2605000000e-04	0.0000000000e+00
2.1807000000e-03	2.1807000000e-03	0.0000000000e+00
2.0395000000e-02	2.0395000000e-02	0.0000000000e+00
1.1366000000e-01	1.1366000000e-01	0.0000000000e+00
3.8324000000e-01	3.8324000000e-01	0.0000000000e+00
9.1003000000e-01	9.1003000000e-01	0.0000000000e+00
1.5164000000e+00	1.5164000000e+00	0.0000000000e+00
2.2322000000e+00	2.2322000000e+00	0.0000000000e+00
2.6290000000e+00	2.6290000000e+00	0.0000000000e+00
2.6531000000e+00	2.6531000000e+00	0.0000000000e+00
2.3768000000e+00	2.3768000000e+00	0.0000000000e+00
1.9011000000e+00	1.9011000000e+00	0.0000000000e+00
1.3952000000e+00	1.3952000000e+00	0.0000000000e+00
9.3338000000e-01	9.3338000000e-01	0.0000000000e+00
5.7730000000e-01	5.7730000000e-01	0.0000000000e+00
3.3636000000e-01	3.3636000000e-01	0.0000000000e+00
1.8468000000e-01	1.8468000000e-01	0.0000000000e+00
9.4979000000e-02	9.4979000000e-02	0.0000000000e+00
4.5947000000e-02	4.5947000000e-02	0.0000000000e+00
2.0902000000e-02	2.0902000000e-02	0.0000000000e+00
8.9420000000e-03	8.9420000000e-03	0.0000000000e+00
3.6013000000e-03	3.6013000000e-03	0.0000000000e+00
1.3636000000e-03	1.3636000000e-03	0.0000000000e+00
4.8609000000e-04	4.8609000000e-04	0.0000000000e+00
1.6307000000e-04	1.6307000000e-04	0.0000000000e+00
5.1876000000e-05	5.1876000000e-05	0.0000000000e+00
1.5345000000e-05	1.5345000000e-05	0.0000000000e+00
4.2795000000e-06	4.2795000000e-06	0.0000000000e+00
1.1283000000e-06	1.1283000000e-06	0.0000000000e+00
2.8108000000e-07	2.8108000000e-07	0.0000000000e+00
6.5590000000e-08	6.5590000000e-08	0.0000000000e+00
1.4293000000e-08	1.4293000000e-08	0.0000000000e+00
2.9417000000e-09	2.9417000000e-09	0.0000000000e+00
5.6773000000e-10	5.6773000000e-10	0.0000000000e+00
1.0340000000e-10	1.0340000000e-10	0.0000000000e+00
1.7745000000e-11	1.7745000000e-11	0.0000000000e+00
2.8691000000e-12	2.8691000000e-12	0.0000000000e+00
4.3738000000e-13	4.3738000000e-13	0.0000000000e+00
6.3522000000e-14	6.3521000000e-14	6.8369683007e-06
8.5876000000e-15	8.5876000000e-15	0.0000000000e+00
1.1021000000e-15	1.1021000000e-15	0.0000000000e+00
1.3268000000e-16	1.3268000000e-16	0.0000000000e+00
1.4766000000e-17	1.4766000000e-17	0.0000000000e+00
1.5650000000e-18	1.5650000000e-18	0.0000000000e+00
1.4607000000e-19	1.4607000000e-19	0.0000000000e+00
1.4216000000e-20	1.4216000000e-20	0.0000000000e+00
1.3585000000e-21	1.3585000000e-21	0.0000000000e+00
1.1487000000e-22	1.1487000000e-22	0.0000000000e+00
9.5207000000e-24	9.5207000000e-24	0.0000000000e+00
7.3410000000e-25	7.3410000000e-25	0.0000000000e+00
5.1728000000e-26	5.1728000000e-26	0.0000000000e+00
3.5456000000e-27	3.5456000000e-27	0.0000000000e+00
2.1855000000e-28	2.1855000000e-28	0.0000000000e+00
1.3347000000e-29	1.3347000000e-29	0.0000000000e+00
7.4431000000e-31	7.4431000000e-31	0.0000000000e+00
3.9241000000e-32	3.9241000000e-32	0.0000000000e+00
1.9366000000e-33	1.9366000000e-33	0.0000000000e+00
9.0039000000e-35	9.0039000000e-35	0.0000000000e+00
3.9437000000e-36	3.9437000000e-36	0.0000000000e+00
1.6273000000e-37	1.6273000000e-37	0.0000000000e+00
6.3261000000e-39	6.3261000000e-39	0.0000000000e+00
2.3168000000e-40	2.3163000000e-40	9.3737342943e-05
7.9935000000e-42	7.9243000000e-42	3.7760704969e-03
2.5983000000e-43	2.0179000000e-43	1.0978965299e-01
7.9566000000e-45	0.0000000000e+00	NA
2.2955000000e-46	0.0000000000e+00	NA
6.2389000000e-48	0.0000000000e+00	NA
1.5975000000e-49	0.0000000000e+00	NA
3.8538000000e-51	0.0000000000e+00	NA
8.7585000000e-53	0.0000000000e+00	NA
1.8753000000e-54	0.0000000000e+00	NA
3.7828000000e-56	0.0000000000e+00	NA
7.1887000000e-58	0.0000000000e+00	NA
8.4966000000e-113	0.0000000000e+00	NA
1.0664000000e-106	0.0000000000e+00	NA
8.9213000000e-101	0.0000000000e+00	NA
5.0226000000e-95	0.0000000000e+00	NA
1.9044000000e-89	0.0000000000e+00	NA
4.8789000000e-84	0.0000000000e+00	NA
8.4412000000e-79	0.0000000000e+00	NA
9.8759000000e-74	0.0000000000e+00	NA
7.8300000000e-69	0.0000000000e+00	NA
4.2352000000e-64	0.0000000000e+00	NA
1.5811000000e-59	0.0000000000e+00	NA
4.0475000000e-55	0.0000000000e+00	NA
7.1765000000e-51	0.0000000000e+00	NA
8.9227000000e-47	0.0000000000e+00	NA
7.8415000000e-43	7.6931000000e-43	8.2977690718e-03
4.8134000000e-39	4.8134000000e-39	0.0000000000e+00
2.0561000000e-35	2.0561000000e-35	0.0000000000e+00
5.2389000000e-32	5.2389000000e-32	0.0000000000e+00
1.1178000000e-28	1.1178000000e-28	0.0000000000e+00
1.3845000000e-25	1.3845000000e-25	0.0000000000e+00
1.1654000000e-22	1.1654000000e-22	0.0000000000e+00
7.2832000000e-20	7.2832000000e-20	0.0000000000e+00
2.7787000000e-17	2.7787000000e-17	0.0000000000e+00
7.2011000000e-15	7.2011000000e-15	0.0000000000e+00
1.3807000000e-12	1.3807000000e-12	0.0000000000e+00
1.5523000000e-10	1.5523000000e-10	0.0000000000e+00
1.1581000000e-08	1.1581000000e-08	0.0000000000e+00
5.3525000000e-07	5.3525000000e-07	0.0000000000e+00
1.4497000000e-05	1.4497000000e-05	0.0000000000e+00
2.5625000000e-04	2.5625000000e-04	0.0000000000e+00
2.6350000000e-03	2.6350000000e-03	0.0000000000e+00
1.8249000000e-02	1.8249000000e-02	0.0000000000e+00
7.3355000000e-02	7.3355000000e-02	0.0000000000e+00
2.1307000000e-01	2.1307000000e-01	0.0000000000e+00
4.5281000000e-01	4.5281000000e-01	0.0000000000e+00
7.5981000000e-01	7.5981000000e-01	0.0000000000e+00
1.0205000000e+00	1.0205000000e+00	0.0000000000e+00
1.2640000000e+00	1.2640000000e+00	0.0000000000e+00
1.2929000000e+00	1.2929000000e+00	0.0000000000e+00
1.1619000000e+00	1.1619000000e+00	0.0000000000e+00
9.6378000000e-01	9.6378000000e-01	0.0000000000e+00
7.4114000000e-01	7.4114000000e-01	0.0000000000e+00
5.3695000000e-01	5.3695000000e-01	0.0000000000e+00
3.5731000000e-01	3.5731000000e-01	0.0000000000e+00
2.2598000000e-01	2.2598000000e-01	0.0000000000e+00
1.3396000000e-01	1.3396000000e-01	0.0000000000e+00
7.4577000000e-02	7.4577000000e-02	0.0000000000e+00
3.9050000000e-02	3.9050000000e-02	0.0000000000e+00
1.9242000000e-02	1.9242000000e-02	0.0000000000e+00
8.9156000000e-03	8.9156000000e-03	0.0000000000e+00
3.8867000000e-03	3.8867000000e-03	0.0000000000e+00
1.5940000000e-03	1.5940000000e-03	0.0000000000e+00
6.1556000000e-04	6.1556000000e-04	0.0000000000e+00
2.2442000000e-04	2.2442000000e-04	0.0000000000e+00
7.6862000000e-05	7.6862000000e-05	0.0000000000e+00
2.4698000000e-05	2.4698000000e-05	0.0000000000e+00
7.4855000000e-06	7.4855000000e-06	0.0000000000e+00
2.1474000000e-06	2.1474000000e-06	0.0000000000e+00
5.7266000000e-07	5.7266000000e-07	0.0000000000e+00
1.4528000000e-07	1.4528000000e-07	0.0000000000e+00
3.4230000000e-08	3.4230000000e-08	0.0000000000e+00
7.6219000000e-09	7.6219000000e-09	0.0000000000e+00
1.6080000000e-09	1.6080000000e-09	0.0000000000e+00
3.1541000000e-10	3.1541000000e-10	0.0000000000e+00
5.8585000000e-11	5.8585000000e-11	0.0000000000e+00
1.0321000000e-11	1.0321000000e-11	0.0000000000e+00
1.6957000000e-12	1.6957000000e-12	0.0000000000e+00
2.6441000000e-13	2.6441000000e-13	0.0000000000e+00
3.8744000000e-14	3.8744000000e-14	0.0000000000e+00
5.2756000000e-15	5.2756000000e-15	0.0000000000e+00
6.5139000000e-16	6.5139000000e-16	0.0000000000e+00
7.8522000000e-17	7.8522000000e-17	0.0000000000e+00
9.1054000000e-18	9.1054000000e-18	0.0000000000e+00
1.0535000000e-18	1.0535000000e-18	0.0000000000e+00
1.0807000000e-19	1.0807000000e-19	0.0000000000e+00
1.0287000000e-20	1.0287000000e-20	0.0000000000e+00
1.0325000000e-21	1.0325000000e-21	0.0000000000e+00
9.1159000000e-23	9.1159000000e-23	0.0000000000e+00
6.6341000000e-24	6.6341000000e-24	0.0000000000e+00
5.7035000000e-25	5.7035000000e-25	0.0000000000e+00
4.1270000000e-26	4.1270000000e-26	0.0000000000e+00
2.7968000000e-27	2.7968000000e-27	0.0000000000e+00
1.7936000000e-28	1.7936000000e-28	0.0000000000e+00
1.0812000000e-29	1.0812000000e-29	0.0000000000e+00
6.1227000000e-31	6.1227000000e-31	0.0000000000e+00
3.2662000000e-32	3.2662000000e-32	0.0000000000e+00
1.6414000000e-33	1.6414000000e-33	0.0000000000e+00
7.7706000000e-35	7.7706000000e-35	0.0000000000e+00
3.4655000000e-36	3.4655000000e-36	0.0000000000e+00
1.4560000000e-37	1.4560000000e-37	0.0000000000e+00
5.7628000000e-39	5.7627000000e-39	7.5362367258e-06
2.1487000000e-40	2.1484000000e-40	6.0640126961e-05
7.5477000000e-42	7.4843000000e-42	3.6634424456e-03
2.4977000000e-43	1.8357000000e-43	1.3373856593e-01
7.7864000000e-45	0.0000000000e+00	NA
2.2868000000e-46	0.0000000000e+00	NA
6.3270000000e-48	0.0000000000e+00	NA
1.6492000000e-49	0.0000000000e+00	NA
4.0496000000e-51	0.0000000000e+00	NA
9.3681000000e-53	0.0000000000e+00	NA
2.0417000000e-54	0.0000000000e+00	NA
1.9921000000e-113	0.0000000000e+00	NA
2.4845000000e-107	0.0000000000e+00	NA
2.0677000000e-101	0.0000000000e+00	NA
1.1560000000e-95	0.0000000000e+00	NA
4.3559000000e-90	0.0000000000e+00	NA
1.1078000000e-84	0.0000000000e+00	NA
1.9015000000e-79	0.0000000000e+00	NA
2.2040000000e-74	0.0000000000e+00	NA
1.7264000000e-69	0.0000000000e+00	NA
9.1778000000e-65	0.0000000000e+00	NA
3.3654000000e-60	0.0000000000e+00	NA
8.4330000000e-56	0.0000000000e+00	NA
1.4586000000e-51	0.0000000000e+00	NA
1.7628000000e-47	0.0000000000e+00	NA
1.5078000000e-43	1.3452000000e-43	4.9556880334e-02
9.2175000000e-40	9.2174000000e-40	4.7116554134e-06
3.4606000000e-36	3.4606000000e-36	0.0000000000e+00
1.1854000000e-32	1.1854000000e-32	0.0000000000e+00
1.8905000000e-29	1.8905000000e-29	0.0000000000e+00
2.0276000000e-26	2.0276000000e-26	0.0000000000e+00
1.8755000000e-23	1.8755000000e-23	0.0000000000e+00
1.0694000000e-20	1.0694000000e-20	0.0000000000e+00
3.9492000000e-18	3.9492000000e-18	0.0000000000e+00
9.7922000000e-16	9.7922000000e-16	0.0000000000e+00
1.6690000000e-13	1.6690000000e-13	0.0000000000e+00
1.9280000000e-11	1.9280000000e-11	0.0000000000e+00
1.2618000000e-09	1.2618000000e-09	0.0000000000e+00
5.6512000000e-08	5.6512000000e-08	0.0000000000e+00
1.4644000000e-06	1.4644000000e-06	0.0000000000e+00
2.6573000000e-05	2.6573000000e-05	0.0000000000e+00
3.2687000000e-04	3.2687000000e-04	0.0000000000e+00
2.3162000000e-03	2.3162000000e-03	0.0000000000e+00
1.1717000000e-02	1.1717000000e-02	0.0000000000e+00
3.9669000000e-02	3.9669000000e-02	0.0000000000e+00
1.0117000000e-01	1.0117000000e-01	0.0000000000e+00
1.9415000000e-01	1.9415000000e-01	0.0000000000e+00
3.1436000000e-01	3.1436000000e-01	0.0000000000e+00
4.3221000000e-01	4.3221000000e-01	0.0000000000e+00
4.9489000000e-01	4.9489000000e-01	0.0000000000e+00
5.2259000000e-01	5.2259000000e-01	0.0000000000e+00
5.0291000000e-01	5.0291000000e-01	0.0000000000e+00
4.3682000000e-01	4.3682000000e-01	0.0000000000e+00
3.5830000000e-01	3.5830000000e-01	0.0000000000e+00
2.7971000000e-01	2.7971000000e-01	0.0000000000e+00
2.0164000000e-01	2.0164000000e-01	0.0000000000e+00
1.3776000000e-01	1.3776000000e-01	0.0000000000e+00
8.8187000000e-02	8.8187000000e-02	0.0000000000e+00
5.3189000000e-02	5.3189000000e-02	0.0000000000e+00
3.0181000000e-02	3.0181000000e-02	0.0000000000e+00
1.6094000000e-02	1.6094000000e-02	0.0000000000e+00
8.0759000000e-03	8.0759000000e-03	0.0000000000e+00
3.8115000000e-03	3.8115000000e-03	0.0000000000e+00
1.6929000000e-03	1.6929000000e-03	0.0000000000e+00
7.0820000000e-04	7.0820000000e-04	0.0000000000e+00
2.8111000000e-04	2.8111000000e-04	0.0000000000e+00
1.0321000000e-04	1.0321000000e-04	0.0000000000e+00
3.6113000000e-05	3.6113000000e-05	0.0000000000e+00
1.1875000000e-05	1.1875000000e-05	0.0000000000e+00
3.6678000000e-06	3.6678000000e-06	0.0000000000e+00
1.0633000000e-06	1.0633000000e-06	0.0000000000e+00
2.9065000000e-07	2.9065000000e-07	0.0000000000e+00
7.4548000000e-08	7.4548000000e-08	0.0000000000e+00
1.8049000000e-08	1.8049000000e-08	0.0000000000e+00
4.1010000000e-09	4.1010000000e-09	0.0000000000e+00
8.6968000000e-10	8.6968000000e-10	0.0000000000e+00
1.7517000000e-10	1.7517000000e-10	0.0000000000e+00
3.3175000000e-11	3.3175000000e-11	0.0000000000e+00
5.9025000000e-12	5.9025000000e-12	0.0000000000e+00
9.9348000000e-13	9.9348000000e-13	0.0000000000e+00
1.5362000000e-13	1.5362000000e-13	0.0000000000e+00
2.3055000000e-14	2.3055000000e-14	0.0000000000e+00
3.1060000000e-15	3.1060000000e-15	0.0000000000e+00
4.2046000000e-16	4.2046000000e-16	0.0000000000e+00
5.2646000000e-17	5.2646000000e-17	0.0000000000e+00
6.4502000000e-18	6.4502000000e-18	0.0000000000e+00
7.3685000000e-19	7.3684000000e-19	5.8939733853e-06
7.4401000000e-20	7.4401000000e-20	0.0000000000e+00
7.1441000000e-21	7.1441000000e-21	0.0000000000e+00
6.4126000000e-22	6.4125000000e-22	6.7725706921e-06
5.6656000000e-23	5.6656000000e-23	0.0000000000e+00
5.3133000000e-24	5.3133000000e-24	0.0000000000e+00
3.9300000000e-25	3.9300000000e-25	0.0000000000e+00
3.0559000000e-26	3.0559000000e-26	0.0000000000e+00
2.1754000000e-27	2.1754000000e-27	0.0000000000e+00
1.4136000000e-28	1.4136000000e-28	0.0000000000e+00
8.6533000000e-30	8.6533000000e-30	0.0000000000e+00
4.9896000000e-31	4.9896000000e-31	0.0000000000e+00
2.7103000000e-32	2.7103000000e-32	0.0000000000e+00
1.3868000000e-33	1.3868000000e-33	0.0000000000e+00
6.6844000000e-35	6.6844000000e-35	0.0000000000e+00
3.0352000000e-36	3.0352000000e-36	0.0000000000e+00
1.2983000000e-37	1.2983000000e-37	0.0000000000e+00
5.2314000000e-39	5.2313000000e-39	8.3017668846e-06
1.9858000000e-40	1.9852000000e-40	1.3123983436e-04
7.1010000000e-42	7.0303000000e-42	4.3456548317e-03
2.3921000000e-43	1.8217000000e-43	1.1830247273e-01
7.5913000000e-45	0.0000000000e+00	NA
2.2695000000e-46	0.0000000000e+00	NA
6.3916000000e-48	0.0000000000e+00	NA
1.6958000000e-49	0.0000000000e+00	NA
4.2385000000e-51	0.0000000000e+00	NA
3.2042000000e-114	0.0000000000e+00	NA
3.9721000000e-108	0.0000000000e+00	NA
3.2863000000e-102	0.0000000000e+00	NA
1.8265000000e-96	0.0000000000e+00	NA
6.8353000000e-91	0.0000000000e+00	NA
1.7272000000e-85	0.0000000000e+00	NA
2.9418000000e-80	0.0000000000e+00	NA
3.3806000000e-75	0.0000000000e+00	NA
2.6209000000e-70	0.0000000000e+00	NA
1.3721000000e-65	0.0000000000e+00	NA
4.9336000000e-61	0.0000000000e+00	NA
1.2101000000e-56	0.0000000000e+00	NA
2.0327000000e-52	0.0000000000e+00	NA
2.3515000000e-48	0.0000000000e+00	NA
1.8917000000e-44	0.0000000000e+00	NA
1.0929000000e-40	1.0928000000e-40	3.9739624121e-05
4.2981000000e-37	4.2981000000e-37	0.0000000000e+00
1.2611000000e-33	1.2611000000e-33	0.0000000000e+00
2.1845000000e-30	2.1845000000e-30	0.0000000000e+00
2.4997000000e-27	2.4997000000e-27	0.0000000000e+00
2.0510000000e-24	2.0510000000e-24	0.0000000000e+00
1.0952000000e-21	1.0952000000e-21	0.0000000000e+00
4.3275000000e-19	4.3275000000e-19	0.0000000000e+00
9.2911000000e-17	9.2911000000e-17	0.0000000000e+00
1.5495000000e-14	1.5495000000e-14	0.0000000000e+00
1.6525000000e-12	1.6525000000e-12	0.0000000000e+00
1.0693000000e-10	1.0693000000e-10	0.0000000000e+00
4.4348000000e-09	4.4348000000e-09	0.0000000000e+00
1.2274000000e-07	1.2274000000e-07	0.0000000000e+00
2.5957000000e-06	2.5957000000e-06	0.0000000000e+00
3.0679000000e-05	3.0679000000e-05	0.0000000000e+00
2.5976000000e-04	2.5976000000e-04	0.0000000000e+00
1.4056000000e-03	1.4056000000e-03	0.0000000000e+00
5.6284000000e-03	5.6284000000e-03	0.0000000000e+00
1.6879000000e-02	1.6879000000e-02	0.0000000000e+00
3.8753000000e-02	3.8753000000e-02	0.0000000000e+00
6.9136000000e-02	6.9136000000e-02	0.0000000000e+00
1.0565000000e-01	1.0565000000e-01	0.0000000000e+00
1.3929000000e-01	1.3929000000e-01	0.0000000000e+00
1.7171000000e-01	1.7171000000e-01	0.0000000000e+00
1.8194000000e-01	1.8194000000e-01	0.0000000000e+00
1.8448000000e-01	1.8448000000e-01	0.0000000000e+00
1.7892000000e-01	1.7892000000e-01	0.0000000000e+00
1.5648000000e-01	1.5648000000e-01	0.0000000000e+00
1.3183000000e-01	1.3183000000e-01	0.0000000000e+00
1.0348000000e-01	1.0348000000e-01	0.0000000000e+00
7.6469000000e-02	7.6469000000e-02	0.0000000000e+00
5.2971000000e-02	5.2971000000e-02	0.0000000000e+00
3.4519000000e-02	3.4519000000e-02	0.0000000000e+00
2.1196000000e-02	2.1196000000e-02	0.0000000000e+00
1.2234000000e-02	1.2234000000e-02	0.0000000000e+00
6.6453000000e-03	6.6453000000e-03	0.0000000000e+00
3.3937000000e-03	3.3937000000e-03	0.0000000000e+00
1.6322000000e-03	1.6322000000e-03	0.0000000000e+00
7.3905000000e-04	7.3905000000e-04	0.0000000000e+00
3.1461000000e-04	3.1461000000e-04	0.0000000000e+00
1.2671000000e-04	1.2671000000e-04	0.0000000000e+00
4.7588000000e-05	4.7588000000e-05	0.0000000000e+00
1.6924000000e-05	1.6924000000e-05	0.0000000000e+00
5.6991000000e-06	5.6991000000e-06	0.0000000000e+00
1.8047000000e-06	1.8047000000e-06	0.0000000000e+00
5.3218000000e-07	5.3218000000e-07	0.0000000000e+00
1.4719000000e-07	1.4719000000e-07	0.0000000000e+00
3.8795000000e-08	3.8795000000e-08	0.0000000000e+00
9.4804000000e-09	9.4804000000e-09	0.0000000000e+00
2.2040000000e-09	2.2040000000e-09	0.0000000000e+00
4.7577000000e-10	4.7577000000e-10	0.0000000000e+00
9.7507000000e-11	9.7507000000e-11	0.0000000000e+00
1.8772000000e-11	1.8772000000e-11	0.0000000000e+00
3.3905000000e-12	3.3904000000e-12	1.2809346309e-05
5.7463000000e-13	5.7463000000e-13	0.0000000000e+00
9.2777000000e-14	9.2777000000e-14	0.0000000000e+00
1.4022000000e-14	1.4022000000e-14	0.0000000000e+00
2.0020000000e-15	2.0020000000e-15	0.0000000000e+00
2.7447000000e-16	2.7447000000e-16	0.0000000000e+00
3.3550000000e-17	3.3550000000e-17	0.0000000000e+00
3.9560000000e-18	3.9560000000e-18	0.0000000000e+00
4.6996000000e-19	4.6996000000e-19	0.0000000000e+00
4.7806000000e-20	4.7806000000e-20	0.0000000000e+00
4.5750000000e-21	4.5750000000e-21	0.0000000000e+00
4.9578000000e-22	4.9577000000e-22	8.7599108854e-06
4.1223000000e-23	4.1223000000e-23	0.0000000000e+00
3.4247000000e-24	3.4247000000e-24	0.0000000000e+00
2.9757000000e-25	2.9757000000e-25	0.0000000000e+00
2.3835000000e-26	2.3835000000e-26	0.0000000000e+00
1.6742000000e-27	1.6742000000e-27	0.0000000000e+00
1.1078000000e-28	1.1078000000e-28	0.0000000000e+00
6.9044000000e-30	6.9044000000e-30	0.0000000000e+00
4.0535000000e-31	4.0535000000e-31	0.0000000000e+00
2.2417000000e-32	2.2417000000e-32	0.0000000000e+00
1.1678000000e-33	1.1678000000e-33	0.0000000000e+00
5.7307000000e-35	5.7307000000e-35	0.0000000000e+00
2.6491000000e-36	2.6491000000e-36	0.0000000000e+00
1.1536000000e-37	1.1536000000e-37	0.0000000000e+00
4.7319000000e-39	4.7319000000e-39	0.0000000000e+00
1.8285000000e-40	1.8280000000e-40	1.1877327625e-04
6.6560000000e-42	6.6029000000e-42	3.4785932892e-03
2.2824000000e-43	1.7656000000e-43	1.1149943850e-01
7.3729000000e-45	0.0000000000e+00	NA
2.2436000000e-46	0.0000000000e+00	NA
6.4317000000e-48	0.0000000000e+00	NA
3.5544000000e-115	0.0000000000e+00	NA
4.3766000000e-109	0.0000000000e+00	NA
3.5975000000e-103	0.0000000000e+00	NA
1.9867000000e-97	0.0000000000e+00	NA
7.3931000000e-92	0.0000000000e+00	NA
1.8555000000e-86	0.0000000000e+00	NA
3.1395000000e-81	0.0000000000e+00	NA
3.5810000000e-76	0.0000000000e+00	NA
2.7543000000e-71	0.0000000000e+00	NA
1.4276000000e-66	0.0000000000e+00	NA
5.0361000000e-62	0.0000000000e+00	NA
1.2152000000e-57	0.0000000000e+00	NA
1.9932000000e-53	0.0000000000e+00	NA
2.2186000000e-49	0.0000000000e+00	NA
1.6761000000e-45	0.0000000000e+00	NA
8.7984000000e-42	8.7805000000e-42	8.8445510389e-04
4.0544000000e-38	4.0544000000e-38	0.0000000000e+00
1.0377000000e-34	1.0377000000e-34	0.0000000000e+00
2.2487000000e-31	2.2487000000e-31	0.0000000000e+00
2.4775000000e-28	2.4775000000e-28	0.0000000000e+00
1.7088000000e-25	1.7088000000e-25	0.0000000000e+00
8.4393000000e-23	8.4393000000e-23	0.0000000000e+00
2.9032000000e-20	2.9032000000e-20	0.0000000000e+00
7.1553000000e-18	7.1553000000e-18	0.0000000000e+00
1.0411000000e-15	1.0411000000e-15	0.0000000000e+00
1.1479000000e-13	1.1479000000e-13	0.0000000000e+00
7.1644000000e-12	7.1644000000e-12	0.0000000000e+00
3.3317000000e-10	3.3317000000e-10	0.0000000000e+00
8.4659000000e-09	8.4659000000e-09	0.0000000000e+00
1.7112000000e-07	1.7112000000e-07	0.0000000000e+00
1.9631000000e-06	1.9631000000e-06	0.0000000000e+00
1.9834000000e-05	1.9834000000e-05	0.0000000000e+00
1.3658000000e-04	1.3658000000e-04	0.0000000000e+00
5.7142000000e-04	5.7142000000e-04	0.0000000000e+00
1.9759000000e-03	1.9759000000e-03	0.0000000000e+00
5.3773000000e-03	5.3773000000e-03	0.0000000000e+00
1.0973000000e-02	1.0973000000e-02	0.0000000000e+00
1.9947000000e-02	1.9947000000e-02	0.0000000000e+00
2.9210000000e-02	2.9210000000e-02	0.0000000000e+00
3.9094000000e-02	3.9094000000e-02	0.0000000000e+00
5.0373000000e-02	5.0373000000e-02	0.0000000000e+00
5.8929000000e-02	5.8929000000e-02	0.0000000000e+00
6.4577000000e-02	6.4577000000e-02	0.0000000000e+00
6.5710000000e-02	6.5710000000e-02	0.0000000000e+00
6.2861000000e-02	6.2861000000e-02	0.0000000000e+00
5.6502000000e-02	5.6502000000e-02	0.0000000000e+00
4.8036000000e-02	4.8036000000e-02	0.0000000000e+00
3.8315000000e-02	3.8315000000e-02	0.0000000000e+00
2.8899000000e-02	2.8899000000e-02	0.0000000000e+00
2.0394000000e-02	2.0394000000e-02	0.0000000000e+00
1.3540000000e-02	1.3540000000e-02	0.0000000000e+00
8.4512000000e-03	8.4512000000e-03	0.0000000000e+00
4.9639000000e-03	4.9639000000e-03	0.0000000000e+00
2.7443000000e-03	2.7443000000e-03	0.0000000000e+00
1.4282000000e-03	1.4282000000e-03	0.0000000000e+00
6.9952000000e-04	6.9952000000e-04	0.0000000000e+00
3.2257000000e-04	3.2257000000e-04	0.0000000000e+00
1.4060000000e-04	1.4060000000e-04	0.0000000000e+00
5.7709000000e-05	5.7709000000e-05	0.0000000000e+00
2.2182000000e-05	2.2182000000e-05	0.0000000000e+00
8.0523000000e-06	8.0523000000e-06	0.0000000000e+00
2.8057000000e-06	2.8057000000e-06	0.0000000000e+00
8.8081000000e-07	8.8081000000e-07	0.0000000000e+00
2.6564000000e-07	2.6564000000e-07	0.0000000000e+00
7.5068000000e-08	7.5068000000e-08	0.0000000000e+00
2.0285000000e-08	2.0285000000e-08	0.0000000000e+00
4.9981000000e-09	4.9981000000e-09	0.0000000000e+00
1.1778000000e-09	1.1778000000e-09	0.0000000000e+00
2.5933000000e-10	2.5933000000e-10	0.0000000000e+00
5.4196000000e-11	5.4196000000e-11	0.0000000000e+00
1.0638000000e-11	1.0638000000e-11	0.0000000000e+00
1.9575000000e-12	1.9575000000e-12	0.0000000000e+00
3.3972000000e-13	3.3972000000e-13	0.0000000000e+00
5.5859000000e-14	5.5859000000e-14	0.0000000000e+00
8.5535000000e-15	8.5535000000e-15	0.0000000000e+00
1.2276000000e-15	1.2276000000e-15	0.0000000000e+00
1.7425000000e-16	1.7425000000e-16	0.0000000000e+00
2.3233000000e-17	2.3233000000e-17	0.0000000000e+00
2.5534000000e-18	2.5534000000e-18	0.0000000000e+00
2.9933000000e-19	2.9933000000e-19	0.0000000000e+00
3.2211000000e-20	3.2211000000e-20	0.0000000000e+00
3.2767000000e-21	3.2767000000e-21	0.0000000000e+00
3.1850000000e-22	3.1850000000e-22	0.0000000000e+00
3.1374000000e-23	3.1374000000e-23	0.0000000000e+00
2.9033000000e-24	2.9033000000e-24	0.0000000000e+00
2.3657000000e-25	2.3657000000e-25	0.0000000000e+00
1.7962000000e-26	1.7962000000e-26	0.0000000000e+00
1.2846000000e-27	1.2846000000e-27	0.0000000000e+00
8.6541000000e-29	8.6541000000e-29	0.0000000000e+00
5.4914000000e-30	5.4914000000e-30	0.0000000000e+00
3.2822000000e-31	3.2822000000e-31	0.0000000000e+00
1.8479000000e-32	1.8479000000e-32	0.0000000000e+00
9.8004000000e-34	9.8004000000e-34	0.0000000000e+00
4.8959000000e-35	4.8959000000e-35	0.0000000000e+00
2.3039000000e-36	2.3039000000e-36	0.0000000000e+00
1.0213000000e-37	1.0213000000e-37	0.0000000000e+00
4.2645000000e-39	4.2645000000e-39	0.0000000000e+00
1.6774000000e-40	1.6769000000e-40	1.2947395436e-04
6.2154000000e-42	6.1699000000e-42	3.1909582850e-03
2.1694000000e-43	1.7236000000e-43	9.9903150404e-02
7.1331000000e-45	0.0000000000e+00	NA
2.7332000000e-116	0.0000000000e+00	NA
3.3370000000e-110	0.0000000000e+00	NA
2.7236000000e-104	0.0000000000e+00	NA
1.4967000000e-98	0.0000000000e+00	NA
5.5366000000e-93	0.0000000000e+00	NA
1.3810000000e-87	0.0000000000e+00	NA
2.3248000000e-82	0.0000000000e+00	NA
2.6357000000e-77	0.0000000000e+00	NA
2.0156000000e-72	0.0000000000e+00	NA
1.0391000000e-67	0.0000000000e+00	NA
3.6217000000e-63	0.0000000000e+00	NA
8.6491000000e-59	0.0000000000e+00	NA
1.4062000000e-54	0.0000000000e+00	NA
1.5521000000e-50	0.0000000000e+00	NA
1.1790000000e-46	0.0000000000e+00	NA
6.7004000000e-43	6.6141000000e-43	5.6299731367e-03
3.4731000000e-39	3.4731000000e-39	0.0000000000e+00
6.3010000000e-36	6.3010000000e-36	0.0000000000e+00
1.4032000000e-32	1.4032000000e-32	0.0000000000e+00
1.1630000000e-29	1.1630000000e-29	0.0000000000e+00
8.7423000000e-27	8.7423000000e-27	0.0000000000e+00
4.7837000000e-24	4.7837000000e-24	0.0000000000e+00
1.7367000000e-21	1.7367000000e-21	0.0000000000e+00
3.5311000000e-19	3.5311000000e-19	0.0000000000e+00
5.6829000000e-17	5.6829000000e-17	0.0000000000e+00
6.0041000000e-15	6.0041000000e-15	0.0000000000e+00
3.6337000000e-13	3.6337000000e-13	0.0000000000e+00
1.7822000000e-11	1.7822000000e-11	0.0000000000e+00
4.5215000000e-10	4.5215000000e-10	0.0000000000e+00
8.9273000000e-09	8.9273000000e-09	0.0000000000e+00
1.4020000000e-07	1.4020000000e-07	0.0000000000e+00
1.4374000000e-06	1.4374000000e-06	0.0000000000e+00
9.6347000000e-06	9.6347000000e-06	0.0000000000e+00
4.8983000000e-05	4.8983000000e-05	0.0000000000e+00
1.8734000000e-04	1.8734000000e-04	0.0000000000e+00
5.5644000000e-04	5.5644000000e-04	0.0000000000e+00
1.2625000000e-03	1.2625000000e-03	0.0000000000e+00
2.6056000000e-03	2.6056000000e-03	0.0000000000e+00
4.3112000000e-03	4.3112000000e-03	0.0000000000e+00
6.7085000000e-03	6.7085000000e-03	0.0000000000e+00
9.6245000000e-03	9.6245000000e-03	0.0000000000e+00
1.3052000000e-02	1.3052000000e-02	0.0000000000e+00
1.6681000000e-02	1.6681000000e-02	0.0000000000e+00
1.9696000000e-02	1.9696000000e-02	0.0000000000e+00
2.1758000000e-02	2.1758000000e-02	0.0000000000e+00
2.2628000000e-02	2.2628000000e-02	0.0000000000e+00
2.2203000000e-02	2.2203000000e-02	0.0000000000e+00
2.0481000000e-02	2.0481000000e-02	0.0000000000e+00
1.7648000000e-02	1.7648000000e-02	0.0000000000e+00
1.4305000000e-02	1.4305000000e-02	0.0000000000e+00
1.0922000000e-02	1.0922000000e-02	0.0000000000e+00
7.8349000000e-03	7.8349000000e-03	0.0000000000e+00
5.2907000000e-03	5.2907000000e-03	0.0000000000e+00
3.3636000000e-03	3.3636000000e-03	0.0000000000e+00
2.0124000000e-03	2.0124000000e-03	0.0000000000e+00
1.1326000000e-03	1.1326000000e-03	0.0000000000e+00
5.9973000000e-04	5.9973000000e-04	0.0000000000e+00
2.9979000000e-04	2.9979000000e-04	0.0000000000e+00
1.4095000000e-04	1.4095000000e-04	0.0000000000e+00
6.2800000000e-05	6.2800000000e-05	0.0000000000e+00
2.6588000000e-05	2.6588000000e-05	0.0000000000e+00
1.0618000000e-05	1.0618000000e-05	0.0000000000e+00
3.8169000000e-06	3.8169000000e-06	0.0000000000e+00
1.3253000000e-06	1.3253000000e-06	0.0000000000e+00
4.4206000000e-07	4.4206000000e-07	0.0000000000e+00
1.3468000000e-07	1.3468000000e-07	0.0000000000e+00
3.7881000000e-08	3.7881000000e-08	0.0000000000e+00
1.0195000000e-08	1.0195000000e-08	0.0000000000e+00
2.6671000000e-09	2.6671000000e-09	0.0000000000e+00
6.3762000000e-10	6.3761000000e-10	6.8112337682e-06
1.4227000000e-10	1.4227000000e-10	0.0000000000e+00
3.0359000000e-11	3.0359000000e-11	0.0000000000e+00
5.9876000000e-12	5.9876000000e-12	0.0000000000e+00
1.1262000000e-12	1.1262000000e-12	0.0000000000e+00
1.9947000000e-13	1.9947000000e-13	0.0000000000e+00
3.3327000000e-14	3.3327000000e-14	0.0000000000e+00
5.2283000000e-15	5.2283000000e-15	0.0000000000e+00
7.6484000000e-16	7.6485000000e-16	-5.6782025366e-06
1.0234000000e-16	1.0234000000e-16	0.0000000000e+00
1.3797000000e-17	1.3797000000e-17	0.0000000000e+00
1.7101000000e-18	1.7101000000e-18	0.0000000000e+00
1.9588000000e-19	1.9588000000e-19	0.0000000000e+00
2.2568000000e-20	2.2568000000e-20	0.0000000000e+00
2.5455000000e-21	2.5455000000e-21	0.0000000000e+00
2.6043000000e-22	2.6043000000e-22	0.0000000000e+00
2.2589000000e-23	2.2589000000e-23	0.0000000000e+00
2.1272000000e-24	2.1272000000e-24	0.0000000000e+00
1.7458000000e-25	1.7458000000e-25	0.0000000000e+00
1.3495000000e-26	1.3495000000e-26	0.0000000000e+00
9.8259000000e-28	9.8259000000e-28	0.0000000000e+00
6.7387000000e-29	6.7387000000e-29	0.0000000000e+00
4.3531000000e-30	4.3531000000e-30	0.0000000000e+00
2.6487000000e-31	2.6487000000e-31	0.0000000000e+00
1.5181000000e-32	1.5181000000e-32	0.0000000000e+00
8.1958000000e-34	8.1958000000e-34	0.0000000000e+00
4.1678000000e-35	4.1678000000e-35	0.0000000000e+00
1.9965000000e-36	1.9965000000e-36	0.0000000000e+00
9.0085000000e-38	9.0085000000e-38	0.0000000000e+00
3.8289000000e-39	3.8289000000e-39	0.0000000000e+00
1.5330000000e-40	1.5323000000e-40	1.9835327219e-04
5.7816000000e-42	5.7201000000e-42	4.6444204224e-03
1.4622000000e-117	0.0000000000e+00	NA
1.7708000000e-111	0.0000000000e+00	NA
1.4359000000e-105	0.0000000000e+00	NA
7.8348000000e-100	0.0000000000e+00	NA
2.8834000000e-94	0.0000000000e+00	NA
7.1605000000e-89	0.0000000000e+00	NA
1.1985000000e-83	0.0000000000e+00	NA
1.3544000000e-78	0.0000000000e+00	NA
1.0318000000e-73	0.0000000000e+00	NA
5.3131000000e-69	0.0000000000e+00	NA
1.8517000000e-64	0.0000000000e+00	NA
4.3884000000e-60	0.0000000000e+00	NA
7.1486000000e-56	0.0000000000e+00	NA
7.9929000000e-52	0.0000000000e+00	NA
6.2252000000e-48	0.0000000000e+00	NA
3.5807000000e-44	0.0000000000e+00	NA
1.9976000000e-40	1.9975000000e-40	2.1741357262e-05
4.5251000000e-37	4.5251000000e-37	0.0000000000e+00
6.6959000000e-34	6.6959000000e-34	0.0000000000e+00
4.6835000000e-31	4.6835000000e-31	0.0000000000e+00
3.7381000000e-28	3.7381000000e-28	0.0000000000e+00
1.9200000000e-25	1.9200000000e-25	0.0000000000e+00
6.1023000000e-23	6.1023000000e-23	0.0000000000e+00
1.3861000000e-20	1.3861000000e-20	0.0000000000e+00
2.1767000000e-18	2.1767000000e-18	0.0000000000e+00
2.1648000000e-16	2.1648000000e-16	0.0000000000e+00
1.5621000000e-14	1.5621000000e-14	0.0000000000e+00
7.2121000000e-13	7.2121000000e-13	0.0000000000e+00
2.0823000000e-11	2.0823000000e-11	0.0000000000e+00
4.1982000000e-10	4.1982000000e-10	0.0000000000e+00
6.5360000000e-09	6.5360000000e-09	0.0000000000e+00
6.6336000000e-08	6.6336000000e-08	0.0000000000e+00
5.6558000000e-07	5.6558000000e-07	0.0000000000e+00
3.0402000000e-06	3.0402000000e-06	0.0000000000e+00
1.2741000000e-05	1.2741000000e-05	0.0000000000e+00
4.1558000000e-05	4.1558000000e-05	0.0000000000e+00
1.0674000000e-04	1.0674000000e-04	0.0000000000e+00
2.4600000000e-04	2.4600000000e-04	0.0000000000e+00
5.0869000000e-04	5.0869000000e-04	0.0000000000e+00
8.5646000000e-04	8.5646000000e-04	0.0000000000e+00
1.4560000000e-03	1.4560000000e-03	0.0000000000e+00
2.1892000000e-03	2.1892000000e-03	0.0000000000e+00
3.2267000000e-03	3.2267000000e-03	0.0000000000e+00
4.4067000000e-03	4.4067000000e-03	0.0000000000e+00
5.5593000000e-03	5.5593000000e-03	0.0000000000e+00
6.6139000000e-03	6.6139000000e-03	0.0000000000e+00
7.4566000000e-03	7.4566000000e-03	0.0000000000e+00
7.9233000000e-03	7.9233000000e-03	0.0000000000e+00
7.8510000000e-03	7.8510000000e-03	0.0000000000e+00
7.3230000000e-03	7.3230000000e-03	0.0000000000e+00
6.4258000000e-03	6.4258000000e-03	0.0000000000e+00
5.3107000000e-03	5.3107000000e-03	0.0000000000e+00
4.1214000000e-03	4.1214000000e-03	0.0000000000e+00
3.0081000000e-03	3.0081000000e-03	0.0000000000e+00
2.0722000000e-03	2.0722000000e-03	0.0000000000e+00
1.3414000000e-03	1.3414000000e-03	0.0000000000e+00
8.0786000000e-04	8.0786000000e-04	0.0000000000e+00
4.6534000000e-04	4.6534000000e-04	0.0000000000e+00
2.5105000000e-04	2.5105000000e-04	0.0000000000e+00
1.2811000000e-04	1.2811000000e-04	0.0000000000e+00
6.2021000000e-05	6.2021000000e-05	0.0000000000e+00
2.8332000000e-05	2.8332000000e-05	0.0000000000e+00
1.1922000000e-05	1.1922000000e-05	0.0000000000e+00
4.8587000000e-06	4.8587000000e-06	0.0000000000e+00
1.8613000000e-06	1.8613000000e-06	0.0000000000e+00
6.5050000000e-07	6.5050000000e-07	0.0000000000e+00
2.1188000000e-07	2.1188000000e-07	0.0000000000e+00
6.4914000000e-08	6.4914000000e-08	0.0000000000e+00
1.9441000000e-08	1.9441000000e-08	0.0000000000e+00
5.3775000000e-09	5.3775000000e-09	0.0000000000e+00
1.3752000000e-09	1.3752000000e-09	0.0000000000e+00
3.3582000000e-10	3.3582000000e-10	0.0000000000e+00
7.7128000000e-11	7.7128000000e-11	0.0000000000e+00
1.6708000000e-11	1.6708000000e-11	0.0000000000e+00
3.3806000000e-12	3.3806000000e-12	0.0000000000e+00
6.4599000000e-13	6.4599000000e-13	0.0000000000e+00
1.1640000000e-13	1.1640000000e-13	0.0000000000e+00
1.9458000000e-14	1.9458000000e-14	0.0000000000e+00
3.1289000000e-15	3.1289000000e-15	0.0000000000e+00
4.6323000000e-16	4.6323000000e-16	0.0000000000e+00
6.5286000000e-17	6.5286000000e-17	0.0000000000e+00
8.8873000000e-18	8.8873000000e-18	0.0000000000e+00
1.2132000000e-18	1.2132000000e-18	0.0000000000e+00
1.3764000000e-19	1.3764000000e-19	0.0000000000e+00
1.5478000000e-20	1.5478000000e-20	0.0000000000e+00
1.7889000000e-21	1.7889000000e-21	0.0000000000e+00
1.8398000000e-22	1.8398000000e-22	0.0000000000e+00
1.7327000000e-23	1.7327000000e-23	0.0000000000e+00
1.5371000000e-24	1.5371000000e-24	0.0000000000e+00
1.2842000000e-25	1.2842000000e-25	0.0000000000e+00
1.0106000000e-26	1.0106000000e-26	0.0000000000e+00
7.4908000000e-28	7.4908000000e-28	0.0000000000e+00
5.2297000000e-29	5.2297000000e-29	0.0000000000e+00
3.4390000000e-30	3.4390000000e-30	0.0000000000e+00
2.1301000000e-31	2.1301000000e-31	0.0000000000e+00
1.2427000000e-32	1.2427000000e-32	0.0000000000e+00
6.8293000000e-34	6.8293000000e-34	0.0000000000e+00
3.5351000000e-35	3.5351000000e-35	0.0000000000e+00
1.7236000000e-36	1.7236000000e-36	0.0000000000e+00
7.9162000000e-38	7.9162000000e-38	0.0000000000e+00
3.4247000000e-39	3.4247000000e-39	0.0000000000e+00
5.4768000000e-119	0.0000000000e+00	NA
6.5757000000e-113	0.0000000000e+00	NA
5.2955000000e-107	0.0000000000e+00	NA
2.8711000000e-101	0.0000000000e+00	NA
1.0503000000e-95	0.0000000000e+00	NA
2.5954000000e-90	0.0000000000e+00	NA
4.3328000000e-85	0.0000000000e+00	NA
4.8803000000e-80	0.0000000000e+00	NA
3.7139000000e-75	0.0000000000e+00	NA
1.9131000000e-70	0.0000000000e+00	NA
6.6899000000e-66	0.0000000000e+00	NA
1.5963000000e-61	0.0000000000e+00	NA
2.6168000000e-57	0.0000000000e+00	NA
2.9686000000e-53	0.0000000000e+00	NA
2.3619000000e-49	0.0000000000e+00	NA
1.4242000000e-45	0.0000000000e+00	NA
6.4410000000e-42	6.4264000000e-42	9.8554520056e-04
1.5208000000e-38	1.5208000000e-38	0.0000000000e+00
1.9869000000e-35	1.9869000000e-35	0.0000000000e+00
2.5830000000e-32	2.5830000000e-32	0.0000000000e+00
1.4953000000e-29	1.4953000000e-29	0.0000000000e+00
5.3630000000e-27	5.3630000000e-27	0.0000000000e+00
2.9560000000e-24	2.9560000000e-24	0.0000000000e+00
4.4174000000e-22	4.4174000000e-22	0.0000000000e+00
6.6091000000e-20	6.6091000000e-20	0.0000000000e+00
6.4812000000e-18	6.4812000000e-18	0.0000000000e+00
4.2679000000e-16	4.2679000000e-16	0.0000000000e+00
2.0650000000e-14	2.0650000000e-14	0.0000000000e+00
5.6671000000e-13	5.6671000000e-13	0.0000000000e+00
1.5156000000e-11	1.5156000000e-11	0.0000000000e+00
2.4654000000e-10	2.4654000000e-10	0.0000000000e+00
2.8327000000e-09	2.8327000000e-09	0.0000000000e+00
2.4168000000e-08	2.4168000000e-08	0.0000000000e+00
1.3997000000e-07	1.3997000000e-07	0.0000000000e+00
6.7807000000e-07	6.7807000000e-07	0.0000000000e+00
2.5030000000e-06	2.5030000000e-06	0.0000000000e+00
7.7307000000e-06	7.7307000000e-06	0.0000000000e+00
1.9076000000e-05	1.9076000000e-05	0.0000000000e+00
4.1767000000e-05	4.1767000000e-05	0.0000000000e+00
7.5666000000e-05	7.5666000000e-05	0.0000000000e+00
1.5216000000e-04	1.5216000000e-04	0.0000000000e+00
2.7894000000e-04	2.7894000000e-04	0.0000000000e+00
4.6481000000e-04	4.6481000000e-04	0.0000000000e+00
7.2491000000e-04	7.2491000000e-04	0.0000000000e+00
1.0574000000e-03	1.0574000000e-03	0.0000000000e+00
1.4448000000e-03	1.4448000000e-03	0.0000000000e+00
1.8577000000e-03	1.8577000000e-03	0.0000000000e+00
2.2424000000e-03	2.2424000000e-03	0.0000000000e+00
2.5517000000e-03	2.5517000000e-03	0.0000000000e+00
2.7343000000e-03	2.7343000000e-03	0.0000000000e+00
2.7537000000e-03	2.7537000000e-03	0.0000000000e+00
2.6257000000e-03	2.6257000000e-03	0.0000000000e+00
2.3455000000e-03	2.3455000000e-03	0.0000000000e+00
1.9603000000e-03	1.9603000000e-03	0.0000000000e+00
1.5505000000e-03	1.5505000000e-03	0.0000000000e+00
1.1510000000e-03	1.1510000000e-03	0.0000000000e+00
8.0524000000e-04	8.0524000000e-04	0.0000000000e+00
5.1605000000e-04	5.1605000000e-04	0.0000000000e+00
3.2403000000e-04	3.2403000000e-04	0.0000000000e+00
1.8397000000e-04	1.8397000000e-04	0.0000000000e+00
1.0380000000e-04	1.0380000000e-04	0.0000000000e+00
5.4732000000e-05	5.4732000000e-05	0.0000000000e+00
2.6937000000e-05	2.6937000000e-05	0.0000000000e+00
1.2579000000e-05	1.2579000000e-05	0.0000000000e+00
5.4904000000e-06	5.4904000000e-06	0.0000000000e+00
2.4412000000e-06	2.4412000000e-06	0.0000000000e+00
8.6932000000e-07	8.6932000000e-07	0.0000000000e+00
3.0454000000e-07	3.0454000000e-07	0.0000000000e+00
1.0353000000e-07	1.0353000000e-07	0.0000000000e+00
3.2746000000e-08	3.2746000000e-08	0.0000000000e+00
9.5516000000e-09	9.5516000000e-09	0.0000000000e+00
2.7146000000e-09	2.7146000000e-09	0.0000000000e+00
7.2004000000e-10	7.2004000000e-10	0.0000000000e+00
1.7863000000e-10	1.7863000000e-10	0.0000000000e+00
4.1854000000e-11	4.1854000000e-11	0.0000000000e+00
9.1295000000e-12	9.1295000000e-12	0.0000000000e+00
1.9062000000e-12	1.9062000000e-12	0.0000000000e+00
3.7255000000e-13	3.7255000000e-13	0.0000000000e+00
6.7793000000e-14	6.7793000000e-14	0.0000000000e+00
1.1692000000e-14	1.1692000000e-14	0.0000000000e+00
1.9170000000e-15	1.9170000000e-15	0.0000000000e+00
2.9856000000e-16	2.9856000000e-16	0.0000000000e+00
4.2156000000e-17	4.2155000000e-17	1.0302202131e-05
5.7949000000e-18	5.7949000000e-18	0.0000000000e+00
8.2431000000e-19	8.2431000000e-19	0.0000000000e+00
1.0127000000e-19	1.0127000000e-19	0.0000000000e+00
1.1622000000e-20	1.1622000000e-20	0.0000000000e+00
1.2561000000e-21	1.2561000000e-21	0.0000000000e+00
1.2787000000e-22	1.2787000000e-22	0.0000000000e+00
1.2260000000e-23	1.2260000000e-23	0.0000000000e+00
1.1071000000e-24	1.1071000000e-24	0.0000000000e+00
9.4162000000e-26	9.4162000000e-26	0.0000000000e+00
7.5430000000e-27	7.5430000000e-27	0.0000000000e+00
5.6912000000e-28	5.6913000000e-28	-7.6309155619e-06
4.0445000000e-29	4.0445000000e-29	0.0000000000e+00
2.7072000000e-30	2.7072000000e-30	0.0000000000e+00
1.7068000000e-31	1.7068000000e-31	0.0000000000e+00
1.0136000000e-32	1.0136000000e-32	0.0000000000e+00
5.6696000000e-34	5.6696000000e-34	0.0000000000e+00
2.9871000000e-35	2.9871000000e-35	0.0000000000e+00
1.4824000000e-36	1.4824000000e-36	0.0000000000e+00
1.4441000000e-120	0.0000000000e+00	NA
1.7183000000e-114	0.0000000000e+00	NA
1.3726000000e-108	0.0000000000e+00	NA
7.4027000000e-103	0.0000000000e+00	NA
2.6926000000e-97	0.0000000000e+00	NA
6.6239000000e-92	0.0000000000e+00	NA
1.1020000000e-86	0.0000000000e+00	NA
1.2397000000e-81	0.0000000000e+00	NA
9.4318000000e-77	0.0000000000e+00	NA
4.8677000000e-72	0.0000000000e+00	NA
1.7082000000e-67	0.0000000000e+00	NA
4.1018000000e-63	0.0000000000e+00	NA
6.7950000000e-59	0.0000000000e+00	NA
7.8376000000e-55	0.0000000000e+00	NA
6.3935000000e-51	0.0000000000e+00	NA
3.7100000000e-47	0.0000000000e+00	NA
1.4713000000e-43	1.3593000000e-43	3.4385918073e-02
2.9674000000e-40	2.9673000000e-40	1.4635768681e-05
5.4560000000e-37	5.4560000000e-37	0.0000000000e+00
5.9713000000e-34	5.9713000000e-34	0.0000000000e+00
3.8291000000e-31	3.8291000000e-31	0.0000000000e+00
2.1652000000e-28	2.1652000000e-28	0.0000000000e+00
6.5447000000e-26	6.5447000000e-26	0.0000000000e+00
8.7518000000e-24	8.7518000000e-24	0.0000000000e+00
1.3814000000e-21	1.3814000000e-21	0.0000000000e+00
1.4360000000e-19	1.4360000000e-19	0.0000000000e+00
1.0482000000e-17	1.0482000000e-17	0.0000000000e+00
3.8682000000e-16	3.8682000000e-16	0.0000000000e+00
1.1869000000e-14	1.1869000000e-14	0.0000000000e+00
3.6923000000e-13	3.6923000000e-13	0.0000000000e+00
7.2570000000e-12	7.2570000000e-12	0.0000000000e+00
8.3841000000e-11	8.3841000000e-11	0.0000000000e+00
8.0027000000e-10	8.0027000000e-10	0.0000000000e+00
4.7693000000e-09	4.7693000000e-09	0.0000000000e+00
2.4031000000e-08	2.4031000000e-08	0.0000000000e+00
9.9954000000e-08	9.9954000000e-08	0.0000000000e+00
3.3776000000e-07	3.3776000000e-07	0.0000000000e+00
9.0955000000e-07	9.0955000000e-07	0.0000000000e+00
2.3748000000e-06	2.3748000000e-06	0.0000000000e+00
5.9144000000e-06	5.9144000000e-06	0.0000000000e+00
1.2676000000e-05	1.2676000000e-05	0.0000000000e+00
2.5517000000e-05	2.5517000000e-05	0.0000000000e+00
4.7437000000e-05	4.7437000000e-05	0.0000000000e+00
8.2851000000e-05	8.2851000000e-05	0.0000000000e+00
1.3969000000e-04	1.3969000000e-04	0.0000000000e+00
2.2172000000e-04	2.2172000000e-04	0.0000000000e+00
3.3430000000e-04	3.3430000000e-04	0.0000000000e+00
4.6446000000e-04	4.6446000000e-04	0.0000000000e+00
6.0606000000e-04	6.0606000000e-04	0.0000000000e+00
7.4414000000e-04	7.4414000000e-04	0.0000000000e+00
8.6206000000e-04	8.6206000000e-04	0.0000000000e+00
9.4677000000e-04	9.4677000000e-04	0.0000000000e+00
9.7040000000e-04	9.7040000000e-04	0.0000000000e+00
9.3845000000e-04	9.3845000000e-04	0.0000000000e+00
8.5102000000e-04	8.5102000000e-04	0.0000000000e+00
7.2353000000e-04	7.2353000000e-04	0.0000000000e+00
5.6087000000e-04	5.6087000000e-04	0.0000000000e+00
4.1788000000e-04	4.1788000000e-04	0.0000000000e+00
2.9879000000e-04	2.9879000000e-04	0.0000000000e+00
1.9793000000e-04	1.9793000000e-04	0.0000000000e+00
1.2953000000e-04	1.2953000000e-04	0.0000000000e+00
7.6819000000e-05	7.6819000000e-05	0.0000000000e+00
4.3291000000e-05	4.3291000000e-05	0.0000000000e+00
2.3252000000e-05	2.3252000000e-05	0.0000000000e+00
1.1702000000e-05	1.1702000000e-05	0.0000000000e+00
5.5449000000e-06	5.5449000000e-06	0.0000000000e+00
2.4512000000e-06	2.4512000000e-06	0.0000000000e+00
1.0167000000e-06	1.0167000000e-06	0.0000000000e+00
3.9490000000e-07	3.9490000000e-07	0.0000000000e+00
1.4371000000e-07	1.4371000000e-07	0.0000000000e+00
4.9040000000e-08	4.9040000000e-08	0.0000000000e+00
1.5743000000e-08	1.5743000000e-08	0.0000000000e+00
4.8386000000e-09	4.8386000000e-09	0.0000000000e+00
1.3874000000e-09	1.3874000000e-09	0.0000000000e+00
3.7251000000e-10	3.7251000000e-10	0.0000000000e+00
9.5553000000e-11	9.5553000000e-11	0.0000000000e+00
2.2588000000e-11	2.2588000000e-11	0.0000000000e+00
5.1402000000e-12	5.1402000000e-12	0.0000000000e+00
1.0664000000e-12	1.0664000000e-12	0.0000000000e+00
2.1135000000e-13	2.1135000000e-13	0.0000000000e+00
3.9490000000e-14	3.9490000000e-14	0.0000000000e+00
6.9348000000e-15	6.9348000000e-15	0.0000000000e+00
1.1669000000e-15	1.1669000000e-15	0.0000000000e+00
1.9160000000e-16	1.9160000000e-16	0.0000000000e+00
2.9108000000e-17	2.9108000000e-17	0.0000000000e+00
4.0710000000e-18	4.0710000000e-18	0.0000000000e+00
5.3621000000e-19	5.3621000000e-19	0.0000000000e+00
6.6515000000e-20	6.6515000000e-20	0.0000000000e+00
7.7706000000e-21	7.7706000000e-21	0.0000000000e+00
8.5497000000e-22	8.5497000000e-22	0.0000000000e+00
8.8596000000e-23	8.8596000000e-23	0.0000000000e+00
8.6466000000e-24	8.6466000000e-24	0.0000000000e+00
7.9479000000e-25	7.9479000000e-25	0.0000000000e+00
6.8808000000e-26	6.8808000000e-26	0.0000000000e+00
5.6106000000e-27	5.6106000000e-27	0.0000000000e+00
4.3089000000e-28	4.3089000000e-28	0.0000000000e+00
3.1168000000e-29	3.1168000000e-29	0.0000000000e+00
2.1235000000e-30	2.1235000000e-30	0.0000000000e+00
1.3627000000e-31	1.3627000000e-31	0.0000000000e+00
8.2366000000e-33	8.2366000000e-33	0.0000000000e+00
4.6892000000e-34	4.6892000000e-34	0.0000000000e+00
2.6973000000e-122	0.0000000000e+00	NA
3.1803000000e-116	0.0000000000e+00	NA
2.5227000000e-110	0.0000000000e+00	NA
1.3495000000e-104	0.0000000000e+00	NA
4.8826000000e-99	0.0000000000e+00	NA
1.1967000000e-93	0.0000000000e+00	NA
1.9843000000e-88	0.0000000000e+00	NA
2.2292000000e-83	0.0000000000e+00	NA
1.6976000000e-78	0.0000000000e+00	NA
8.7733000000e-74	0.0000000000e+00	NA
3.0866000000e-69	0.0000000000e+00	NA
7.4446000000e-65	0.0000000000e+00	NA
1.2382000000e-60	0.0000000000e+00	NA
1.4321000000e-56	0.0000000000e+00	NA
1.1617000000e-52	0.0000000000e+00	NA
6.2244000000e-49	0.0000000000e+00	NA
2.4554000000e-45	0.0000000000e+00	NA
5.0672000000e-42	5.0559000000e-42	9.6957052362e-04
9.2340000000e-39	9.2340000000e-39	0.0000000000e+00
9.6353000000e-36	9.6353000000e-36	0.0000000000e+00
6.1452000000e-33	6.1452000000e-33	0.0000000000e+00
1.9950000000e-30	1.9950000000e-30	0.0000000000e+00
7.1624000000e-28	7.1624000000e-28	0.0000000000e+00
1.9759000000e-25	1.9759000000e-25	0.0000000000e+00
2.8170000000e-23	2.8170000000e-23	0.0000000000e+00
2.2800000000e-21	2.2800000000e-21	0.0000000000e+00
1.4527000000e-19	1.4527000000e-19	0.0000000000e+00
7.0056000000e-18	7.0056000000e-18	0.0000000000e+00
2.6665000000e-16	2.6665000000e-16	0.0000000000e+00
7.6356000000e-15	7.6356000000e-15	0.0000000000e+00
1.3587000000e-13	1.3587000000e-13	0.0000000000e+00
1.6265000000e-12	1.6265000000e-12	0.0000000000e+00
1.4903000000e-11	1.4903000000e-11	0.0000000000e+00
1.1507000000e-10	1.1507000000e-10	0.0000000000e+00
6.3896000000e-10	6.3895000000e-10	6.7969494240e-06
3.0722000000e-09	3.0722000000e-09	0.0000000000e+00
9.7827000000e-09	9.7827000000e-09	0.0000000000e+00
3.3487000000e-08	3.3487000000e-08	0.0000000000e+00
9.2501000000e-08	9.2501000000e-08	0.0000000000e+00
2.2830000000e-07	2.2830000000e-07	0.0000000000e+00
5.9949000000e-07	5.9949000000e-07	0.0000000000e+00
1.5798000000e-06	1.5798000000e-06	0.0000000000e+00
3.4744000000e-06	3.4744000000e-06	0.0000000000e+00
7.3088000000e-06	7.3088000000e-06	0.0000000000e+00
1.4050000000e-05	1.4050000000e-05	0.0000000000e+00
2.5669000000e-05	2.5669000000e-05	0.0000000000e+00
4.3975000000e-05	4.3975000000e-05	0.0000000000e+00
6.9906000000e-05	6.9906000000e-05	0.0000000000e+00
1.0486000000e-04	1.0486000000e-04	0.0000000000e+00
1.4798000000e-04	1.4798000000e-04	0.0000000000e+00
1.9299000000e-04	1.9299000000e-04	0.0000000000e+00
2.4786000000e-04	2.4786000000e-04	0.0000000000e+00
2.9302000000e-04	2.9302000000e-04	0.0000000000e+00
3.2532000000e-04	3.2532000000e-04	0.0000000000e+00
3.2440000000e-04	3.2440000000e-04	0.0000000000e+00
3.1116000000e-04	3.1116000000e-04	0.0000000000e+00
2.8039000000e-04	2.8039000000e-04	0.0000000000e+00
2.4294000000e-04	2.4294000000e-04	0.0000000000e+00
2.1002000000e-04	2.1002000000e-04	0.0000000000e+00
1.6442000000e-04	1.6442000000e-04	0.0000000000e+00
1.1782000000e-04	1.1782000000e-04	0.0000000000e+00
8.0564000000e-05	8.0564000000e-05	0.0000000000e+00
5.1273000000e-05	5.1273000000e-05	0.0000000000e+00
3.2094000000e-05	3.2094000000e-05	0.0000000000e+00
1.8089000000e-05	1.8089000000e-05	0.0000000000e+00
9.8607000000e-06	9.8607000000e-06	0.0000000000e+00
5.0826000000e-06	5.0826000000e-06	0.0000000000e+00
2.4290000000e-06	2.4290000000e-06	0.0000000000e+00
1.0943000000e-06	1.0943000000e-06	0.0000000000e+00
4.6260000000e-07	4.6260000000e-07	0.0000000000e+00
1.8112000000e-07	1.8112000000e-07	0.0000000000e+00
6.6925000000e-08	6.6925000000e-08	0.0000000000e+00
2.3549000000e-08	2.3549000000e-08	0.0000000000e+00
7.8010000000e-09	7.8010000000e-09	0.0000000000e+00
2.4577000000e-09	2.4577000000e-09	0.0000000000e+00
7.0687000000e-10	7.0687000000e-10	0.0000000000e+00
1.9463000000e-10	1.9463000000e-10	0.0000000000e+00
5.1394000000e-11	5.1394000000e-11	0.0000000000e+00
1.2438000000e-11	1.2438000000e-11	0.0000000000e+00
2.7929000000e-12	2.7929000000e-12	0.0000000000e+00
5.9766000000e-13	5.9766000000e-13	0.0000000000e+00
1.2042000000e-13	1.2042000000e-13	0.0000000000e+00
2.2922000000e-14	2.2922000000e-14	0.0000000000e+00
4.2590000000e-15	4.2590000000e-15	0.0000000000e+00
7.4472000000e-16	7.4472000000e-16	0.0000000000e+00
1.1954000000e-16	1.1954000000e-16	0.0000000000e+00
1.8071000000e-17	1.8071000000e-17	0.0000000000e+00
2.5727000000e-18	2.5727000000e-18	0.0000000000e+00
3.4493000000e-19	3.4493000000e-19	0.0000000000e+00
4.3553000000e-20	4.3553000000e-20	0.0000000000e+00
5.1791000000e-21	5.1791000000e-21	0.0000000000e+00
5.8002000000e-22	5.8002000000e-22	0.0000000000e+00
6.1179000000e-23	6.1179000000e-23	0.0000000000e+00
6.0775000000e-24	6.0775000000e-24	0.0000000000e+00
5.6861000000e-25	5.6861000000e-25	0.0000000000e+00
5.0105000000e-26	5.0105000000e-26	0.0000000000e+00
4.1584000000e-27	4.1584000000e-27	0.0000000000e+00
3.2505000000e-28	3.2506000000e-28	-1.3360646104e-05
2.3932000000e-29	2.3932000000e-29	0.0000000000e+00
1.6595000000e-30	1.6595000000e-30	0.0000000000e+00
1.0839000000e-31	1.0839000000e-31	0.0000000000e+00
3.5885000000e-124	0.0000000000e+00	NA
4.1880000000e-118	0.0000000000e+00	NA
3.2927000000e-112	0.0000000000e+00	NA
1.7497000000e-106	0.0000000000e+00	NA
6.3021000000e-101	0.0000000000e+00	NA
1.5359000000e-95	0.0000000000e+00	NA
2.5417000000e-90	0.0000000000e+00	NA
2.8510000000e-85	0.0000000000e+00	NA
2.1706000000e-80	0.0000000000e+00	NA
1.1236000000e-75	0.0000000000e+00	NA
3.9637000000e-71	0.0000000000e+00	NA
9.5644000000e-67	0.0000000000e+00	NA
1.5895000000e-62	0.0000000000e+00	NA
1.8286000000e-58	0.0000000000e+00	NA
1.4606000000e-54	0.0000000000e+00	NA
8.0483000000e-51	0.0000000000e+00	NA
2.9324000000e-47	0.0000000000e+00	NA
6.8529000000e-44	3.5032000000e-44	2.9140946230e-01
1.0770000000e-40	1.0767000000e-40	1.2099024508e-04
1.0765000000e-37	1.0765000000e-37	0.0000000000e+00
4.7991000000e-35	4.7991000000e-35	0.0000000000e+00
3.2404000000e-32	3.2404000000e-32	0.0000000000e+00
1.1257000000e-29	1.1257000000e-29	0.0000000000e+00
2.6031000000e-27	2.6031000000e-27	0.0000000000e+00
3.5688000000e-25	3.5688000000e-25	0.0000000000e+00
3.1282000000e-23	3.1282000000e-23	0.0000000000e+00
2.1016000000e-21	2.1016000000e-21	0.0000000000e+00
8.7594000000e-20	8.7594000000e-20	0.0000000000e+00
3.4321000000e-18	3.4321000000e-18	0.0000000000e+00
8.6218000000e-17	8.6218000000e-17	0.0000000000e+00
1.8108000000e-15	1.8108000000e-15	0.0000000000e+00
2.3000000000e-14	2.3000000000e-14	0.0000000000e+00
2.2740000000e-13	2.2740000000e-13	0.0000000000e+00
1.6014000000e-12	1.6014000000e-12	0.0000000000e+00
1.1988000000e-11	1.1988000000e-11	0.0000000000e+00
6.1248000000e-11	6.1248000000e-11	0.0000000000e+00
2.4361000000e-10	2.4361000000e-10	0.0000000000e+00
9.0494000000e-10	9.0494000000e-10	0.0000000000e+00
2.9743000000e-09	2.9743000000e-09	0.0000000000e+00
9.4895000000e-09	9.4895000000e-09	0.0000000000e+00
2.7832000000e-08	2.7832000000e-08	0.0000000000e+00
7.8537000000e-08	7.8537000000e-08	0.0000000000e+00
2.0014000000e-07	2.0014000000e-07	0.0000000000e+00
4.6043000000e-07	4.6043000000e-07	0.0000000000e+00
1.0174000000e-06	1.0174000000e-06	0.0000000000e+00
2.1431000000e-06	2.1431000000e-06	0.0000000000e+00
4.2254000000e-06	4.2254000000e-06	0.0000000000e+00
7.6779000000e-06	7.6779000000e-06	0.0000000000e+00
1.3249000000e-05	1.3249000000e-05	0.0000000000e+00
2.1441000000e-05	2.1441000000e-05	0.0000000000e+00
3.2927000000e-05	3.2927000000e-05	0.0000000000e+00
4.5803000000e-05	4.5803000000e-05	0.0000000000e+00
6.2127000000e-05	6.2127000000e-05	0.0000000000e+00
8.0379000000e-05	8.0379000000e-05	0.0000000000e+00
9.7471000000e-05	9.7471000000e-05	0.0000000000e+00
1.0686000000e-04	1.0686000000e-04	0.0000000000e+00
1.0134000000e-04	1.0134000000e-04	0.0000000000e+00
1.0914000000e-04	1.0914000000e-04	0.0000000000e+00
1.0641000000e-04	1.0641000000e-04	0.0000000000e+00
9.3688000000e-05	9.3688000000e-05	0.0000000000e+00
7.8804000000e-05	7.8804000000e-05	0.0000000000e+00
6.2294000000e-05	6.2294000000e-05	0.0000000000e+00
4.6361000000e-05	4.6361000000e-05	0.0000000000e+00
3.2327000000e-05	3.2327000000e-05	0.0000000000e+00
2.0657000000e-05	2.0657000000e-05	0.0000000000e+00
1.3217000000e-05	1.3217000000e-05	0.0000000000e+00
7.7629000000e-06	7.7629000000e-06	0.0000000000e+00
4.2438000000e-06	4.2438000000e-06	0.0000000000e+00
2.1989000000e-06	2.1989000000e-06	0.0000000000e+00
1.0765000000e-06	1.0765000000e-06	0.0000000000e+00
4.8808000000e-07	4.8808000000e-07	0.0000000000e+00
2.0828000000e-07	2.0828000000e-07	0.0000000000e+00
8.3909000000e-08	8.3909000000e-08	0.0000000000e+00
3.2159000000e-08	3.2158000000e-08	1.3504811541e-05
1.1460000000e-08	1.1460000000e-08	0.0000000000e+00
3.7963000000e-09	3.7963000000e-09	0.0000000000e+00
1.2217000000e-09	1.2217000000e-09	0.0000000000e+00
3.6592000000e-10	3.6592000000e-10	0.0000000000e+00
9.9772000000e-11	9.9772000000e-11	0.0000000000e+00
2.6832000000e-11	2.6832000000e-11	0.0000000000e+00
6.4730000000e-12	6.4730000000e-12	0.0000000000e+00
1.5104000000e-12	1.5104000000e-12	0.0000000000e+00
3.3148000000e-13	3.3148000000e-13	0.0000000000e+00
6.9622000000e-14	6.9622000000e-14	0.0000000000e+00
1.3919000000e-14	1.3919000000e-14	0.0000000000e+00
2.5643000000e-15	2.5643000000e-15	0.0000000000e+00
4.4490000000e-16	4.4490000000e-16	0.0000000000e+00
7.2691000000e-17	7.2691000000e-17	0.0000000000e+00
1.1185000000e-17	1.1185000000e-17	0.0000000000e+00
1.6207000000e-18	1.6207000000e-18	0.0000000000e+00
2.2117000000e-19	2.2117000000e-19	0.0000000000e+00
2.8425000000e-20	2.8425000000e-20	0.0000000000e+00
3.4404000000e-21	3.4404000000e-21	0.0000000000e+00
3.9217000000e-22	3.9217000000e-22	0.0000000000e+00
4.2102000000e-23	4.2102000000e-23	0.0000000000e+00
4.2568000000e-24	4.2568000000e-24	0.0000000000e+00
4.0536000000e-25	4.0536000000e-25	0.0000000000e+00
3.6355000000e-26	3.6355000000e-26	0.0000000000e+00
3.0709000000e-27	3.0709000000e-27	0.0000000000e+00
2.4432000000e-28	2.4432000000e-28	0.0000000000e+00
1.8307000000e-29	1.8307000000e-29	0.0000000000e+00
3.4041000000e-126	0.0000000000e+00	NA
3.9397000000e-120	0.0000000000e+00	NA
3.0718000000e-114	0.0000000000e+00	NA
1.6210000000e-108	0.0000000000e+00	NA
5.7989000000e-103	0.0000000000e+00	NA
1.4083000000e-97	0.0000000000e+00	NA
2.3224000000e-92	0.0000000000e+00	NA
2.6009000000e-87	0.0000000000e+00	NA
1.9786000000e-82	0.0000000000e+00	NA
1.0251000000e-77	0.0000000000e+00	NA
3.6197000000e-73	0.0000000000e+00	NA
8.7393000000e-69	0.0000000000e+00	NA
1.4476000000e-64	0.0000000000e+00	NA
1.6503000000e-60	0.0000000000e+00	NA
1.2938000000e-56	0.0000000000e+00	NA
6.9615000000e-53	0.0000000000e+00	NA
2.5242000000e-49	0.0000000000e+00	NA
5.9448000000e-46	0.0000000000e+00	NA
9.5278000000e-43	9.4027000000e-43	5.7400523586e-03
5.2894000000e-40	5.2892000000e-40	1.6421624107e-05
6.4709000000e-37	6.4709000000e-37	0.0000000000e+00
3.3537000000e-34	3.3537000000e-34	0.0000000000e+00
1.0953000000e-31	1.0953000000e-31	0.0000000000e+00
2.0795000000e-29	2.0795000000e-29	0.0000000000e+00
2.8731000000e-27	2.8731000000e-27	0.0000000000e+00
2.8484000000e-25	2.8484000000e-25	0.0000000000e+00
1.7362000000e-23	1.7362000000e-23	0.0000000000e+00
7.3038000000e-22	7.3038000000e-22	0.0000000000e+00
2.1040000000e-20	2.1040000000e-20	0.0000000000e+00
6.5142000000e-19	6.5142000000e-19	0.0000000000e+00
1.3398000000e-17	1.3398000000e-17	0.0000000000e+00
2.3379000000e-16	2.3379000000e-16	0.0000000000e+00
2.4859000000e-15	2.4859000000e-15	0.0000000000e+00
2.5734000000e-14	2.5734000000e-14	0.0000000000e+00
1.2730000000e-13	1.2730000000e-13	0.0000000000e+00
9.3604000000e-13	9.3604000000e-13	0.0000000000e+00
4.2911000000e-12	4.2911000000e-12	0.0000000000e+00
2.0918000000e-11	2.0918000000e-11	0.0000000000e+00
7.0831000000e-11	7.0831000000e-11	0.0000000000e+00
2.4561000000e-10	2.4561000000e-10	0.0000000000e+00
9.0411000000e-10	9.0411000000e-10	0.0000000000e+00
2.6873000000e-09	2.6873000000e-09	0.0000000000e+00
7.6920000000e-09	7.6920000000e-09	0.0000000000e+00
2.1070000000e-08	2.1070000000e-08	0.0000000000e+00
5.4263000000e-08	5.4263000000e-08	0.0000000000e+00
1.3412000000e-07	1.3412000000e-07	0.0000000000e+00
2.9677000000e-07	2.9677000000e-07	0.0000000000e+00
6.1943000000e-07	6.1943000000e-07	0.0000000000e+00
1.2234000000e-06	1.2234000000e-06	0.0000000000e+00
2.2785000000e-06	2.2785000000e-06	0.0000000000e+00
3.9720000000e-06	3.9720000000e-06	0.0000000000e+00
6.5531000000e-06	6.5531000000e-06	0.0000000000e+00
1.0210000000e-05	1.0210000000e-05	0.0000000000e+00
1.5005000000e-05	1.5005000000e-05	0.0000000000e+00
2.0396000000e-05	2.0396000000e-05	0.0000000000e+00
2.5316000000e-05	2.5316000000e-05	0.0000000000e+00
3.0786000000e-05	3.0786000000e-05	0.0000000000e+00
3.6651000000e-05	3.6651000000e-05	0.0000000000e+00
3.7255000000e-05	3.7255000000e-05	0.0000000000e+00
3.7589000000e-05	3.7589000000e-05	0.0000000000e+00
3.7634000000e-05	3.7634000000e-05	0.0000000000e+00
3.2806000000e-05	3.2806000000e-05	0.0000000000e+00
2.6163000000e-05	2.6163000000e-05	0.0000000000e+00
2.1829000000e-05	2.1829000000e-05	0.0000000000e+00
1.6905000000e-05	1.6905000000e-05	0.0000000000e+00
1.3106000000e-05	1.3106000000e-05	0.0000000000e+00
8.4827000000e-06	8.4827000000e-06	0.0000000000e+00
5.4410000000e-06	5.4410000000e-06	0.0000000000e+00
3.2538000000e-06	3.2538000000e-06	0.0000000000e+00
1.7964000000e-06	1.7964000000e-06	0.0000000000e+00
9.5578000000e-07	9.5578000000e-07	0.0000000000e+00
4.7153000000e-07	4.7153000000e-07	0.0000000000e+00
2.1913000000e-07	2.1913000000e-07	0.0000000000e+00
9.6048000000e-08	9.6048000000e-08	0.0000000000e+00
3.9107000000e-08	3.9107000000e-08	0.0000000000e+00
1.5003000000e-08	1.5003000000e-08	0.0000000000e+00
5.5259000000e-09	5.5259000000e-09	0.0000000000e+00
1.9272000000e-09	1.9272000000e-09	0.0000000000e+00
6.0262000000e-10	6.0262000000e-10	0.0000000000e+00
1.8056000000e-10	1.8056000000e-10	0.0000000000e+00
5.2026000000e-11	5.2026000000e-11	0.0000000000e+00
1.3921000000e-11	1.3921000000e-11	0.0000000000e+00
3.4714000000e-12	3.4714000000e-12	0.0000000000e+00
8.2396000000e-13	8.2396000000e-13	0.0000000000e+00
1.9004000000e-13	1.9004000000e-13	0.0000000000e+00
4.0185000000e-14	4.0185000000e-14	0.0000000000e+00
8.0018000000e-15	8.0018000000e-15	0.0000000000e+00
1.5005000000e-15	1.5005000000e-15	0.0000000000e+00
2.6496000000e-16	2.6496000000e-16	0.0000000000e+00
4.4062000000e-17	4.4062000000e-17	0.0000000000e+00
6.9003000000e-18	6.9003000000e-18	0.0000000000e+00
1.0177000000e-18	1.0177000000e-18	0.0000000000e+00
1.4135000000e-19	1.4135000000e-19	0.0000000000e+00
1.8489000000e-20	1.8489000000e-20	0.0000000000e+00
2.2776000000e-21	2.2776000000e-21	0.0000000000e+00
2.6423000000e-22	2.6423000000e-22	0.0000000000e+00
2.8871000000e-23	2.8871000000e-23	0.0000000000e+00
2.9710000000e-24	2.9710000000e-24	0.0000000000e+00
2.8794000000e-25	2.8794000000e-25	0.0000000000e+00
2.6282000000e-26	2.6282000000e-26	0.0000000000e+00
2.2594000000e-27	2.2594000000e-27	0.0000000000e+00
2.3089000000e-128	0.0000000000e+00	NA
2.6456000000e-122	0.0000000000e+00	NA
2.0479000000e-116	0.0000000000e+00	NA
1.0730000000e-110	0.0000000000e+00	NA
3.8214000000e-105	0.0000000000e+00	NA
9.2405000000e-100	0.0000000000e+00	NA
1.5176000000e-94	0.0000000000e+00	NA
1.6965000000e-89	0.0000000000e+00	NA
1.2897000000e-84	0.0000000000e+00	NA
6.6793000000e-80	0.0000000000e+00	NA
2.3604000000e-75	0.0000000000e+00	NA
5.6940000000e-71	0.0000000000e+00	NA
9.4006000000e-67	0.0000000000e+00	NA
1.0628000000e-62	0.0000000000e+00	NA
8.2100000000e-59	0.0000000000e+00	NA
4.3125000000e-55	0.0000000000e+00	NA
1.5363000000e-51	0.0000000000e+00	NA
3.8136000000e-48	0.0000000000e+00	NA
6.2288000000e-45	0.0000000000e+00	NA
5.1123000000e-42	5.1035000000e-42	7.4821206093e-04
5.0944000000e-39	5.0943000000e-39	8.5250224644e-06
1.8760000000e-36	1.8760000000e-36	0.0000000000e+00
4.5798000000e-34	4.5798000000e-34	0.0000000000e+00
1.2621000000e-31	1.2621000000e-31	0.0000000000e+00
1.5002000000e-29	1.5002000000e-29	0.0000000000e+00
1.5298000000e-27	1.5298000000e-27	0.0000000000e+00
1.0159000000e-25	1.0159000000e-25	0.0000000000e+00
4.4580000000e-24	4.4580000000e-24	0.0000000000e+00
1.8884000000e-22	1.8884000000e-22	0.0000000000e+00
5.4139000000e-21	5.4139000000e-21	0.0000000000e+00
6.0167000000e-20	6.0167000000e-20	0.0000000000e+00
2.1385000000e-18	2.1385000000e-18	0.0000000000e+00
2.4333000000e-17	2.4333000000e-17	0.0000000000e+00
1.9476000000e-16	1.9476000000e-16	0.0000000000e+00
1.6473000000e-15	1.6473000000e-15	0.0000000000e+00
1.2199000000e-14	1.2199000000e-14	0.0000000000e+00
5.9772000000e-14	5.9772000000e-14	0.0000000000e+00
2.9946000000e-13	2.9946000000e-13	0.0000000000e+00
1.2881000000e-12	1.2881000000e-12	0.0000000000e+00
5.4186000000e-12	5.4186000000e-12	0.0000000000e+00
1.9543000000e-11	1.9543000000e-11	0.0000000000e+00
6.7425000000e-11	6.7425000000e-11	0.0000000000e+00
2.2534000000e-10	2.2534000000e-10	0.0000000000e+00
7.1772000000e-10	7.1772000000e-10	0.0000000000e+00
2.0990000000e-09	2.0990000000e-09	0.0000000000e+00
5.9665000000e-09	5.9665000000e-09	0.0000000000e+00
1.5320000000e-08	1.5320000000e-08	0.0000000000e+00
3.6631000000e-08	3.6631000000e-08	0.0000000000e+00
8.3128000000e-08	8.3128000000e-08	0.0000000000e+00
1.7703000000e-07	1.7703000000e-07	0.0000000000e+00
3.5434000000e-07	3.5434000000e-07	0.0000000000e+00
6.7221000000e-07	6.7221000000e-07	0.0000000000e+00
1.1898000000e-06	1.1898000000e-06	0.0000000000e+00
1.8054000000e-06	1.8054000000e-06	0.0000000000e+00
2.7996000000e-06	2.7996000000e-06	0.0000000000e+00
4.3623000000e-06	4.3623000000e-06	0.0000000000e+00
6.3191000000e-06	6.3191000000e-06	0.0000000000e+00
8.4952000000e-06	8.4952000000e-06	0.0000000000e+00
9.4970000000e-06	9.4970000000e-06	0.0000000000e+00
1.0726000000e-05	1.0726000000e-05	0.0000000000e+00
1.1413000000e-05	1.1413000000e-05	0.0000000000e+00
1.2545000000e-05	1.2545000000e-05	0.0000000000e+00
1.2125000000e-05	1.2125000000e-05	0.0000000000e+00
1.0807000000e-05	1.0807000000e-05	0.0000000000e+00
1.0908000000e-05	1.0908000000e-05	0.0000000000e+00
8.9404000000e-06	8.9404000000e-06	0.0000000000e+00
6.3790000000e-06	6.3790000000e-06	0.0000000000e+00
5.0067000000e-06	5.0067000000e-06	0.0000000000e+00
3.5751000000e-06	3.5751000000e-06	0.0000000000e+00
2.2206000000e-06	2.2206000000e-06	0.0000000000e+00
1.3753000000e-06	1.3753000000e-06	0.0000000000e+00
7.8199000000e-07	7.8199000000e-07	0.0000000000e+00
4.1289000000e-07	4.1289000000e-07	0.0000000000e+00
2.0766000000e-07	2.0766000000e-07	0.0000000000e+00
9.7882000000e-08	9.7882000000e-08	0.0000000000e+00
4.3242000000e-08	4.3242000000e-08	0.0000000000e+00
1.8255000000e-08	1.8255000000e-08	0.0000000000e+00
7.3008000000e-09	7.3008000000e-09	0.0000000000e+00
2.6877000000e-09	2.6877000000e-09	0.0000000000e+00
9.1923000000e-10	9.1923000000e-10	0.0000000000e+00
2.9711000000e-10	2.9711000000e-10	0.0000000000e+00
9.2659000000e-11	9.2659000000e-11	0.0000000000e+00
2.6539000000e-11	2.6539000000e-11	0.0000000000e+00
7.3260000000e-12	7.3260000000e-12	0.0000000000e+00
1.8959000000e-12	1.8959000000e-12	0.0000000000e+00
4.6011000000e-13	4.6011000000e-13	0.0000000000e+00
1.0515000000e-13	1.0515000000e-13	0.0000000000e+00
2.2629000000e-14	2.2629000000e-14	0.0000000000e+00
4.5859000000e-15	4.5859000000e-15	0.0000000000e+00
8.7518000000e-16	8.7518000000e-16	0.0000000000e+00
1.5729000000e-16	1.5729000000e-16	0.0000000000e+00
2.6620000000e-17	2.6620000000e-17	0.0000000000e+00
4.2428000000e-18	4.2428000000e-18	0.0000000000e+00
6.3685000000e-19	6.3685000000e-19	0.0000000000e+00
9.0022000000e-20	9.0022000000e-20	0.0000000000e+00
1.1984000000e-20	1.1984000000e-20	0.0000000000e+00
1.5025000000e-21	1.5025000000e-21	0.0000000000e+00
1.7740000000e-22	1.7740000000e-22	0.0000000000e+00
1.9727000000e-23	1.9727000000e-23	0.0000000000e+00
2.0659000000e-24	2.0659000000e-24	0.0000000000e+00
2.0377000000e-25	2.0377000000e-25	0.0000000000e+00
1.1175000000e-130	0.0000000000e+00	NA
1.2693000000e-124	0.0000000000e+00	NA
9.7538000000e-119	0.0000000000e+00	NA
5.0811000000e-113	0.0000000000e+00	NA
1.7997000000e-107	0.0000000000e+00	NA
4.3344000000e-102	0.0000000000e+00	NA
7.0998000000e-97	0.0000000000e+00	NA
7.9189000000e-92	0.0000000000e+00	NA
6.0145000000e-87	0.0000000000e+00	NA
3.1108000000e-82	0.0000000000e+00	NA
1.0987000000e-77	0.0000000000e+00	NA
2.6487000000e-73	0.0000000000e+00	NA
4.3650000000e-69	0.0000000000e+00	NA
4.9154000000e-65	0.0000000000e+00	NA
3.7759000000e-61	0.0000000000e+00	NA
1.9763000000e-57	0.0000000000e+00	NA
7.0236000000e-54	0.0000000000e+00	NA
1.7416000000e-50	0.0000000000e+00	NA
2.8659000000e-47	0.0000000000e+00	NA
3.1487000000e-44	9.8091000000e-45	5.0650212213e-01
2.4377000000e-41	2.4367000000e-41	1.7819402921e-04
9.3962000000e-39	9.3962000000e-39	0.0000000000e+00
3.6366000000e-36	3.6366000000e-36	0.0000000000e+00
5.2048000000e-34	5.2048000000e-34	0.0000000000e+00
8.9902000000e-32	8.9902000000e-32	0.0000000000e+00
1.1528000000e-29	1.1528000000e-29	0.0000000000e+00
4.4191000000e-28	4.4191000000e-28	0.0000000000e+00
2.5383000000e-26	2.5383000000e-26	0.0000000000e+00
9.3493000000e-25	9.3493000000e-25	0.0000000000e+00
3.2382000000e-23	3.2382000000e-23	0.0000000000e+00
6.3463000000e-22	6.3463000000e-22	0.0000000000e+00
6.1611000000e-21	6.1611000000e-21	0.0000000000e+00
1.0565000000e-19	1.0565000000e-19	0.0000000000e+00
1.6288000000e-18	1.6288000000e-18	0.0000000000e+00
1.3044000000e-17	1.3044000000e-17	0.0000000000e+00
8.2336000000e-17	8.2336000000e-17	0.0000000000e+00
5.6744000000e-16	5.6744000000e-16	0.0000000000e+00
3.0578000000e-15	3.0578000000e-15	0.0000000000e+00
1.6666000000e-14	1.6666000000e-14	0.0000000000e+00
7.2583000000e-14	7.2583000000e-14	0.0000000000e+00
3.0548000000e-13	3.0548000000e-13	0.0000000000e+00
1.2606000000e-12	1.2606000000e-12	0.0000000000e+00
4.9230000000e-12	4.9230000000e-12	0.0000000000e+00
1.7641000000e-11	1.7641000000e-11	0.0000000000e+00
5.9681000000e-11	5.9681000000e-11	0.0000000000e+00
1.9676000000e-10	1.9676000000e-10	0.0000000000e+00
5.7504000000e-10	5.7504000000e-10	0.0000000000e+00
1.5917000000e-09	1.5917000000e-09	0.0000000000e+00
4.1220000000e-09	4.1220000000e-09	0.0000000000e+00
9.9928000000e-09	9.9928000000e-09	0.0000000000e+00
2.2907000000e-08	2.2907000000e-08	0.0000000000e+00
4.9430000000e-08	4.9430000000e-08	0.0000000000e+00
9.4170000000e-08	9.4170000000e-08	0.0000000000e+00
1.5059000000e-07	1.5059000000e-07	0.0000000000e+00
3.0531000000e-07	3.0531000000e-07	0.0000000000e+00
4.9154000000e-07	4.9154000000e-07	0.0000000000e+00
8.4820000000e-07	8.4820000000e-07	0.0000000000e+00
1.1428000000e-06	1.1428000000e-06	0.0000000000e+00
1.6347000000e-06	1.6347000000e-06	0.0000000000e+00
1.6976000000e-06	1.6976000000e-06	0.0000000000e+00
2.4612000000e-06	2.4612000000e-06	0.0000000000e+00
3.1481000000e-06	3.1481000000e-06	0.0000000000e+00
3.7670000000e-06	3.7670000000e-06	0.0000000000e+00
4.9988000000e-06	4.9988000000e-06	0.0000000000e+00
4.7263000000e-06	4.7263000000e-06	0.0000000000e+00
4.8605000000e-06	4.8605000000e-06	0.0000000000e+00
3.9471000000e-06	3.9471000000e-06	0.0000000000e+00
3.2199000000e-06	3.2199000000e-06	0.0000000000e+00
2.7545000000e-06	2.7545000000e-06	0.0000000000e+00
2.0667000000e-06	2.0667000000e-06	0.0000000000e+00
1.4407000000e-06	1.4407000000e-06	0.0000000000e+00
9.3355000000e-07	9.3355000000e-07	0.0000000000e+00
5.7452000000e-07	5.7452000000e-07	0.0000000000e+00
3.2936000000e-07	3.2936000000e-07	0.0000000000e+00
1.7803000000e-07	1.7803000000e-07	0.0000000000e+00
9.1334000000e-08	9.1334000000e-08	0.0000000000e+00
4.3821000000e-08	4.3821000000e-08	0.0000000000e+00
1.9958000000e-08	1.9958000000e-08	0.0000000000e+00
8.4452000000e-09	8.4452000000e-09	0.0000000000e+00
3.3780000000e-09	3.3780000000e-09	0.0000000000e+00
1.2602000000e-09	1.2602000000e-09	0.0000000000e+00
4.4407000000e-10	4.4407000000e-10	0.0000000000e+00
1.4856000000e-10	1.4856000000e-10	0.0000000000e+00
4.6698000000e-11	4.6698000000e-11	0.0000000000e+00
1.3820000000e-11	1.3820000000e-11	0.0000000000e+00
3.8494000000e-12	3.8494000000e-12	0.0000000000e+00
1.0096000000e-12	1.0096000000e-12	0.0000000000e+00
2.4936000000e-13	2.4936000000e-13	0.0000000000e+00
5.7995000000e-14	5.7995000000e-14	0.0000000000e+00
1.2702000000e-14	1.2702000000e-14	0.0000000000e+00
2.6196000000e-15	2.6196000000e-15	0.0000000000e+00
5.0879000000e-16	5.0879000000e-16	0.0000000000e+00
9.3057000000e-17	9.3057000000e-17	0.0000000000e+00
1.6028000000e-17	1.6028000000e-17	0.0000000000e+00
2.5999000000e-18	2.5999000000e-18	0.0000000000e+00
3.9714000000e-19	3.9714000000e-19	0.0000000000e+00
5.7131000000e-20	5.7131000000e-20	0.0000000000e+00
7.7401000000e-21	7.7401000000e-21	0.0000000000e+00
9.8755000000e-22	9.8755000000e-22	0.0000000000e+00
1.1866000000e-22	1.1866000000e-22	0.0000000000e+00
1.3429000000e-23	1.3429000000e-23	0.0000000000e+00
3.8503000000e-133	0.0000000000e+00	NA
4.3412000000e-127	0.0000000000e+00	NA
3.3119000000e-121	0.0000000000e+00	NA
1.7178000000e-115	0.0000000000e+00	NA
6.0517000000e-110	0.0000000000e+00	NA
1.4521000000e-104	0.0000000000e+00	NA
2.3705000000e-99	0.0000000000e+00	NA
2.6393000000e-94	0.0000000000e+00	NA
2.0000000000e-89	0.0000000000e+00	NA
1.0347000000e-84	0.0000000000e+00	NA
3.6507000000e-80	0.0000000000e+00	NA
8.8010000000e-76	0.0000000000e+00	NA
1.4495000000e-71	0.0000000000e+00	NA
1.6306000000e-67	0.0000000000e+00	NA
1.2550000000e-63	0.0000000000e+00	NA
6.6215000000e-60	0.0000000000e+00	NA
2.3814000000e-56	0.0000000000e+00	NA
5.7287000000e-53	0.0000000000e+00	NA
9.4784000000e-50	0.0000000000e+00	NA
1.0762000000e-46	0.0000000000e+00	NA
2.2189000000e-44	5.6052000000e-45	5.9754661683e-01
1.2710000000e-41	1.2700000000e-41	3.4182959805e-04
8.4916000000e-39	8.4916000000e-39	0.0000000000e+00
1.3507000000e-36	1.3507000000e-36	0.0000000000e+00
2.4052000000e-34	2.4052000000e-34	0.0000000000e+00
2.6970000000e-32	2.6970000000e-32	0.0000000000e+00
1.3319000000e-30	1.3319000000e-30	0.0000000000e+00
8.0837000000e-29	8.0837000000e-29	0.0000000000e+00
3.5840000000e-27	3.5839000000e-27	1.2117760625e-05
1.3690000000e-25	1.3690000000e-25	0.0000000000e+00
2.7436000000e-24	2.7436000000e-24	0.0000000000e+00
4.7570000000e-23	4.7570000000e-23	0.0000000000e+00
5.8508000000e-22	5.8508000000e-22	0.0000000000e+00
7.1209000000e-21	7.1209000000e-21	0.0000000000e+00
7.6812000000e-20	7.6812000000e-20	0.0000000000e+00
6.1933000000e-19	6.1933000000e-19	0.0000000000e+00
3.8882000000e-18	3.8882000000e-18	0.0000000000e+00
2.6217000000e-17	2.6217000000e-17	0.0000000000e+00
1.3691000000e-16	1.3691000000e-16	0.0000000000e+00
6.5607000000e-16	6.5607000000e-16	0.0000000000e+00
3.5935000000e-15	3.5935000000e-15	0.0000000000e+00
1.7649000000e-14	1.7649000000e-14	0.0000000000e+00
7.8856000000e-14	7.8856000000e-14	0.0000000000e+00
3.1948000000e-13	3.1948000000e-13	0.0000000000e+00
1.2691000000e-12	1.2691000000e-12	0.0000000000e+00
4.7028000000e-12	4.7028000000e-12	0.0000000000e+00
1.5880000000e-11	1.5880000000e-11	0.0000000000e+00
5.0066000000e-11	5.0066000000e-11	0.0000000000e+00
1.4853000000e-10	1.4853000000e-10	0.0000000000e+00
4.1408000000e-10	4.1408000000e-10	0.0000000000e+00
1.0921000000e-09	1.0921000000e-09	0.0000000000e+00
2.6625000000e-09	2.6625000000e-09	0.0000000000e+00
5.6875000000e-09	5.6875000000e-09	0.0000000000e+00
1.2474000000e-08	1.2474000000e-08	0.0000000000e+00
1.6879000000e-08	1.6879000000e-08	0.0000000000e+00
4.5620000000e-08	4.5620000000e-08	0.0000000000e+00
6.9574000000e-08	6.9574000000e-08	0.0000000000e+00
1.4832000000e-07	1.4832000000e-07	0.0000000000e+00
1.8978000000e-07	1.8978000000e-07	0.0000000000e+00
2.5854000000e-07	2.5854000000e-07	0.0000000000e+00
4.1762000000e-07	4.1762000000e-07	0.0000000000e+00
5.5291000000e-07	5.5291000000e-07	0.0000000000e+00
9.3095000000e-07	9.3095000000e-07	0.0000000000e+00
1.3804000000e-06	1.3804000000e-06	0.0000000000e+00
1.2345000000e-06	1.2345000000e-06	0.0000000000e+00
1.5591000000e-06	1.5591000000e-06	0.0000000000e+00
1.8976000000e-06	1.8976000000e-06	0.0000000000e+00
1.6849000000e-06	1.6849000000e-06	0.0000000000e+00
1.5252000000e-06	1.5252000000e-06	0.0000000000e+00
1.3981000000e-06	1.3981000000e-06	0.0000000000e+00
1.1110000000e-06	1.1110000000e-06	0.0000000000e+00
8.3109000000e-07	8.3109000000e-07	0.0000000000e+00
5.8875000000e-07	5.8875000000e-07	0.0000000000e+00
3.7972000000e-07	3.7972000000e-07	0.0000000000e+00
2.3607000000e-07	2.3607000000e-07	0.0000000000e+00
1.4072000000e-07	1.4072000000e-07	0.0000000000e+00
7.6855000000e-08	7.6855000000e-08	0.0000000000e+00
3.9844000000e-08	3.9844000000e-08	0.0000000000e+00
1.9513000000e-08	1.9513000000e-08	0.0000000000e+00
8.9795000000e-09	8.9795000000e-09	0.0000000000e+00
3.8540000000e-09	3.8540000000e-09	0.0000000000e+00
1.5665000000e-09	1.5665000000e-09	0.0000000000e+00
5.9923000000e-10	5.9923000000e-10	0.0000000000e+00
2.1646000000e-10	2.1646000000e-10	0.0000000000e+00
7.3628000000e-11	7.3628000000e-11	0.0000000000e+00
2.3536000000e-11	2.3536000000e-11	0.0000000000e+00
7.0844000000e-12	7.0844000000e-12	0.0000000000e+00
2.0080000000e-12	2.0080000000e-12	0.0000000000e+00
5.3595000000e-13	5.3595000000e-13	0.0000000000e+00
1.3471000000e-13	1.3471000000e-13	0.0000000000e+00
3.1882000000e-14	3.1882000000e-14	0.0000000000e+00
7.1058000000e-15	7.1058000000e-15	0.0000000000e+00
1.4914000000e-15	1.4914000000e-15	0.0000000000e+00
2.9477000000e-16	2.9477000000e-16	0.0000000000e+00
5.4866000000e-17	5.4866000000e-17	0.0000000000e+00
9.6169000000e-18	9.6170000000e-18	-4.5159274189e-06
1.5875000000e-18	1.5875000000e-18	0.0000000000e+00
2.4677000000e-19	2.4677000000e-19	0.0000000000e+00
3.6127000000e-20	3.6127000000e-20	0.0000000000e+00
4.9808000000e-21	4.9808000000e-21	0.0000000000e+00
6.4671000000e-22	6.4671000000e-22	0.0000000000e+00
9.3981000000e-136	0.0000000000e+00	NA
1.0534000000e-129	0.0000000000e+00	NA
8.0011000000e-124	0.0000000000e+00	NA
4.1214000000e-118	0.0000000000e+00	NA
1.4463000000e-112	0.0000000000e+00	NA
3.4580000000e-107	0.0000000000e+00	NA
5.6344000000e-102	0.0000000000e+00	NA
6.2570000000e-97	0.0000000000e+00	NA
4.7415000000e-92	0.0000000000e+00	NA
2.4495000000e-87	0.0000000000e+00	NA
8.6455000000e-83	0.0000000000e+00	NA
2.0846000000e-78	0.0000000000e+00	NA
3.4312000000e-74	0.0000000000e+00	NA
3.8656000000e-70	0.0000000000e+00	NA
2.9760000000e-66	0.0000000000e+00	NA
1.5673000000e-62	0.0000000000e+00	NA
5.5767000000e-59	0.0000000000e+00	NA
1.3832000000e-55	0.0000000000e+00	NA
2.3144000000e-52	0.0000000000e+00	NA
2.6543000000e-49	0.0000000000e+00	NA
2.0695000000e-46	0.0000000000e+00	NA
5.5557000000e-44	4.0638000000e-44	1.3580646042e-01
1.0870000000e-41	1.0859000000e-41	4.3971095854e-04
3.9639000000e-39	3.9639000000e-39	0.0000000000e+00
3.6020000000e-37	3.6020000000e-37	0.0000000000e+00
5.3107000000e-35	5.3107000000e-35	0.0000000000e+00
4.3844000000e-33	4.3844000000e-33	0.0000000000e+00
2.0594000000e-31	2.0594000000e-31	0.0000000000e+00
6.3867000000e-30	6.3867000000e-30	0.0000000000e+00
2.3261000000e-28	2.3261000000e-28	0.0000000000e+00
7.7011000000e-27	7.7011000000e-27	0.0000000000e+00
1.3784000000e-25	1.3784000000e-25	0.0000000000e+00
2.0465000000e-24	2.0465000000e-24	0.0000000000e+00
3.4197000000e-23	3.4197000000e-23	0.0000000000e+00
2.8035000000e-22	2.8035000000e-22	0.0000000000e+00
2.0099000000e-21	2.0099000000e-21	0.0000000000e+00
1.9643000000e-20	1.9643000000e-20	0.0000000000e+00
1.4457000000e-19	1.4457000000e-19	0.0000000000e+00
8.8780000000e-19	8.8780000000e-19	0.0000000000e+00
3.7546000000e-18	3.7546000000e-18	0.0000000000e+00
2.9401000000e-17	2.9401000000e-17	0.0000000000e+00
1.6127000000e-16	1.6127000000e-16	0.0000000000e+00
8.7431000000e-16	8.7431000000e-16	0.0000000000e+00
4.3952000000e-15	4.3952000000e-15	0.0000000000e+00
1.8943000000e-14	1.8943000000e-14	0.0000000000e+00
7.8684000000e-14	7.8684000000e-14	0.0000000000e+00
3.1130000000e-13	3.1130000000e-13	0.0000000000e+00
1.1289000000e-12	1.1289000000e-12	0.0000000000e+00
3.8483000000e-12	3.8483000000e-12	0.0000000000e+00
1.2268000000e-11	1.2268000000e-11	0.0000000000e+00
3.6272000000e-11	3.6272000000e-11	0.0000000000e+00
8.6975000000e-11	8.6975000000e-11	0.0000000000e+00
2.5464000000e-10	2.5464000000e-10	0.0000000000e+00
5.9369000000e-10	5.9368000000e-10	7.3152342053e-06
1.1060000000e-09	1.1060000000e-09	0.0000000000e+00
2.8844000000e-09	2.8844000000e-09	0.0000000000e+00
4.8384000000e-09	4.8384000000e-09	0.0000000000e+00
7.4056000000e-09	7.4056000000e-09	0.0000000000e+00
1.9691000000e-08	1.9691000000e-08	0.0000000000e+00
3.9059000000e-08	3.9059000000e-08	0.0000000000e+00
5.5509000000e-08	5.5509000000e-08	0.0000000000e+00
8.7056000000e-08	8.7056000000e-08	0.0000000000e+00
1.6938000000e-07	1.6938000000e-07	0.0000000000e+00
2.5496000000e-07	2.5496000000e-07	0.0000000000e+00
3.5748000000e-07	3.5748000000e-07	0.0000000000e+00
4.4691000000e-07	4.4691000000e-07	0.0000000000e+00
5.2589000000e-07	5.2589000000e-07	0.0000000000e+00
6.7535000000e-07	6.7535000000e-07	0.0000000000e+00
6.6947000000e-07	6.6947000000e-07	0.0000000000e+00
6.6112000000e-07	6.6112000000e-07	0.0000000000e+00
5.8059000000e-07	5.8059000000e-07	0.0000000000e+00
5.4203000000e-07	5.4203000000e-07	0.0000000000e+00
4.3820000000e-07	4.3820000000e-07	0.0000000000e+00
3.3134000000e-07	3.3134000000e-07	0.0000000000e+00
2.3641000000e-07	2.3641000000e-07	0.0000000000e+00
1.5853000000e-07	1.5853000000e-07	0.0000000000e+00
9.9835000000e-08	9.9835000000e-08	0.0000000000e+00
5.7765000000e-08	5.7765000000e-08	0.0000000000e+00
3.2526000000e-08	3.2526000000e-08	0.0000000000e+00
1.7404000000e-08	1.7404000000e-08	0.0000000000e+00
8.6651000000e-09	8.6651000000e-09	0.0000000000e+00
4.0395000000e-09	4.0395000000e-09	0.0000000000e+00
1.7765000000e-09	1.7765000000e-09	0.0000000000e+00
7.3541000000e-10	7.3541000000e-10	0.0000000000e+00
2.8670000000e-10	2.8670000000e-10	0.0000000000e+00
1.0517000000e-10	1.0517000000e-10	0.0000000000e+00
3.6331000000e-11	3.6331000000e-11	0.0000000000e+00
1.1818000000e-11	1.1818000000e-11	0.0000000000e+00
3.6197000000e-12	3.6197000000e-12	0.0000000000e+00
1.0440000000e-12	1.0440000000e-12	0.0000000000e+00
2.8356000000e-13	2.8356000000e-13	0.0000000000e+00
7.2524000000e-14	7.2524000000e-14	0.0000000000e+00
1.7467000000e-14	1.7467000000e-14	0.0000000000e+00
3.9616000000e-15	3.9616000000e-15	0.0000000000e+00
8.4612000000e-16	8.4612000000e-16	0.0000000000e+00
1.7018000000e-16	1.7018000000e-16	0.0000000000e+00
3.2233000000e-17	3.2233000000e-17	0.0000000000e+00
5.7495000000e-18	5.7495000000e-18	0.0000000000e+00
9.6577000000e-19	9.6577000000e-19	0.0000000000e+00
1.5278000000e-19	1.5278000000e-19	0.0000000000e+00
2.2760000000e-20	2.2760000000e-20	0.0000000000e+00
1.6187000000e-138	0.0000000000e+00	NA
1.8064000000e-132	0.0000000000e+00	NA
1.3641000000e-126	0.0000000000e+00	NA
7.0067000000e-121	0.0000000000e+00	NA
2.4525000000e-115	0.0000000000e+00	NA
5.8431000000e-110	0.0000000000e+00	NA
9.4912000000e-105	0.0000000000e+00	NA
1.0525000000e-99	0.0000000000e+00	NA
7.9693000000e-95	0.0000000000e+00	NA
4.1159000000e-90	0.0000000000e+00	NA
1.4533000000e-85	0.0000000000e+00	NA
3.5050000000e-81	0.0000000000e+00	NA
5.7805000000e-77	0.0000000000e+00	NA
6.5202000000e-73	0.0000000000e+00	NA
5.0231000000e-69	0.0000000000e+00	NA
2.6445000000e-65	0.0000000000e+00	NA
9.5135000000e-62	0.0000000000e+00	NA
2.3358000000e-58	0.0000000000e+00	NA
3.9352000000e-55	0.0000000000e+00	NA
4.5537000000e-52	0.0000000000e+00	NA
3.6234000000e-49	0.0000000000e+00	NA
1.8686000000e-46	0.0000000000e+00	NA
2.8061000000e-44	1.6816000000e-44	2.2238044508e-01
4.6811000000e-42	4.6537000000e-42	2.5495357113e-03
4.9364000000e-40	4.9363000000e-40	8.7978867365e-06
5.6107000000e-38	5.6107000000e-38	0.0000000000e+00
2.9359000000e-36	2.9359000000e-36	0.0000000000e+00
2.4458000000e-34	2.4458000000e-34	0.0000000000e+00
1.6475000000e-32	1.6475000000e-32	0.0000000000e+00
5.5808000000e-31	5.5808000000e-31	0.0000000000e+00
1.3252000000e-29	1.3252000000e-29	0.0000000000e+00
3.7530000000e-28	3.7530000000e-28	0.0000000000e+00
5.1332000000e-27	5.1332000000e-27	0.0000000000e+00
6.6082000000e-26	6.6082000000e-26	0.0000000000e+00
6.5919000000e-25	6.5919000000e-25	0.0000000000e+00
7.4945000000e-24	7.4946000000e-24	-5.7948039830e-06
5.5067000000e-23	5.5067000000e-23	0.0000000000e+00
4.7530000000e-22	4.7530000000e-22	0.0000000000e+00
3.5807000000e-21	3.5807000000e-21	0.0000000000e+00
2.9065000000e-20	2.9065000000e-20	0.0000000000e+00
1.8354000000e-19	1.8354000000e-19	0.0000000000e+00
1.1841000000e-18	1.1840000000e-18	3.6678728277e-05
7.9928000000e-18	7.9928000000e-18	0.0000000000e+00
4.1073000000e-17	4.1073000000e-17	0.0000000000e+00
2.1484000000e-16	2.1484000000e-16	0.0000000000e+00
9.9354000000e-16	9.9354000000e-16	0.0000000000e+00
4.3879000000e-15	4.3879000000e-15	0.0000000000e+00
1.8602000000e-14	1.8602000000e-14	0.0000000000e+00
7.2778000000e-14	7.2778000000e-14	0.0000000000e+00
2.3162000000e-13	2.3162000000e-13	0.0000000000e+00
7.4545000000e-13	7.4545000000e-13	0.0000000000e+00
2.4026000000e-12	2.4026000000e-12	0.0000000000e+00
4.9826000000e-12	4.9826000000e-12	0.0000000000e+00
2.3597000000e-11	2.3597000000e-11	0.0000000000e+00
5.1148000000e-11	5.1148000000e-11	0.0000000000e+00
7.0155000000e-11	7.0155000000e-11	0.0000000000e+00
1.7189000000e-10	1.7189000000e-10	0.0000000000e+00
6.9101000000e-10	6.9101000000e-10	0.0000000000e+00
1.5960000000e-09	1.5960000000e-09	0.0000000000e+00
3.3438000000e-09	3.3438000000e-09	0.0000000000e+00
7.5685000000e-09	7.5685000000e-09	0.0000000000e+00
1.0801000000e-08	1.0801000000e-08	0.0000000000e+00
2.0909000000e-08	2.0909000000e-08	0.0000000000e+00
2.5403000000e-08	2.5403000000e-08	0.0000000000e+00
5.1886000000e-08	5.1886000000e-08	0.0000000000e+00
7.0584000000e-08	7.0584000000e-08	0.0000000000e+00
8.3292000000e-08	8.3292000000e-08	0.0000000000e+00
1.6044000000e-07	1.6044000000e-07	0.0000000000e+00
2.0537000000e-07	2.0537000000e-07	0.0000000000e+00
2.3221000000e-07	2.3221000000e-07	0.0000000000e+00
2.5417000000e-07	2.5417000000e-07	0.0000000000e+00
2.3189000000e-07	2.3189000000e-07	0.0000000000e+00
2.3239000000e-07	2.3239000000e-07	0.0000000000e+00
1.9517000000e-07	1.9517000000e-07	0.0000000000e+00
1.6281000000e-07	1.6281000000e-07	0.0000000000e+00
1.3012000000e-07	1.3012000000e-07	0.0000000000e+00
9.4545000000e-08	9.4545000000e-08	0.0000000000e+00
6.4218000000e-08	6.4218000000e-08	0.0000000000e+00
3.9947000000e-08	3.9947000000e-08	0.0000000000e+00
2.4628000000e-08	2.4628000000e-08	0.0000000000e+00
1.4005000000e-08	1.4005000000e-08	0.0000000000e+00
7.5743000000e-09	7.5743000000e-09	0.0000000000e+00
3.8384000000e-09	3.8384000000e-09	0.0000000000e+00
1.8236000000e-09	1.8236000000e-09	0.0000000000e+00
8.1606000000e-10	8.1606000000e-10	0.0000000000e+00
3.4355000000e-10	3.4355000000e-10	0.0000000000e+00
1.3619000000e-10	1.3619000000e-10	0.0000000000e+00
5.0835000000e-11	5.0835000000e-11	0.0000000000e+00
1.7868000000e-11	1.7868000000e-11	0.0000000000e+00
5.9141000000e-12	5.9141000000e-12	0.0000000000e+00
1.8433000000e-12	1.8433000000e-12	0.0000000000e+00
5.4098000000e-13	5.4098000000e-13	0.0000000000e+00
1.4951000000e-13	1.4951000000e-13	0.0000000000e+00
3.8911000000e-14	3.8911000000e-14	0.0000000000e+00
9.5362000000e-15	9.5362000000e-15	0.0000000000e+00
2.2008000000e-15	2.2008000000e-15	0.0000000000e+00
4.7832000000e-16	4.7832000000e-16	0.0000000000e+00
9.7895000000e-17	9.7895000000e-17	0.0000000000e+00
1.8868000000e-17	1.8868000000e-17	0.0000000000e+00
3.4246000000e-18	3.4247000000e-18	-1.2681426772e-05
5.8537000000e-19	5.8537000000e-19	0.0000000000e+00
1.9600000000e-141	0.0000000000e+00	NA
2.1806000000e-135	0.0000000000e+00	NA
1.6415000000e-129	0.0000000000e+00	NA
8.3948000000e-124	0.0000000000e+00	NA
2.9266000000e-118	0.0000000000e+00	NA
6.9659000000e-113	0.0000000000e+00	NA
1.1293000000e-107	0.0000000000e+00	NA
1.2505000000e-102	0.0000000000e+00	NA
9.4709000000e-98	0.0000000000e+00	NA
4.8895000000e-93	0.0000000000e+00	NA
1.7288000000e-88	0.0000000000e+00	NA
4.1737000000e-84	0.0000000000e+00	NA
6.8959000000e-80	0.0000000000e+00	NA
7.7922000000e-76	0.0000000000e+00	NA
6.0193000000e-72	0.0000000000e+00	NA
3.1569000000e-68	0.0000000000e+00	NA
1.1360000000e-64	0.0000000000e+00	NA
2.8063000000e-61	0.0000000000e+00	NA
4.7633000000e-58	0.0000000000e+00	NA
5.5606000000e-55	0.0000000000e+00	NA
4.4702000000e-52	0.0000000000e+00	NA
2.4787000000e-49	0.0000000000e+00	NA
5.9743000000e-47	0.0000000000e+00	NA
4.2390000000e-45	0.0000000000e+00	NA
4.9959000000e-43	4.7924000000e-43	1.8060677277e-02
6.7550000000e-41	6.7527000000e-41	1.4789746856e-04
5.3030000000e-39	5.3030000000e-39	0.0000000000e+00
3.2450000000e-37	3.2450000000e-37	0.0000000000e+00
1.9427000000e-35	1.9427000000e-35	0.0000000000e+00
9.9238000000e-34	9.9238000000e-34	0.0000000000e+00
1.7926000000e-32	1.7926000000e-32	0.0000000000e+00
3.1800000000e-31	3.1800000000e-31	0.0000000000e+00
7.7992000000e-30	7.7992000000e-30	0.0000000000e+00
8.9575000000e-29	8.9575000000e-29	0.0000000000e+00
1.2193000000e-27	1.2193000000e-27	0.0000000000e+00
1.5001000000e-26	1.5001000000e-26	0.0000000000e+00
1.6613000000e-25	1.6613000000e-25	0.0000000000e+00
1.4770000000e-24	1.4770000000e-24	0.0000000000e+00
1.3743000000e-23	1.3743000000e-23	0.0000000000e+00
1.1030000000e-22	1.1030000000e-22	0.0000000000e+00
8.9307000000e-22	8.9307000000e-22	0.0000000000e+00
7.0002000000e-21	7.0001000000e-21	6.2040739400e-06
4.9389000000e-20	4.9389000000e-20	0.0000000000e+00
2.9079000000e-19	2.9079000000e-19	0.0000000000e+00
1.7279000000e-18	1.7279000000e-18	0.0000000000e+00
9.4570000000e-18	9.4570000000e-18	0.0000000000e+00
4.8071000000e-17	4.8071000000e-17	0.0000000000e+00
2.2214000000e-16	2.2214000000e-16	0.0000000000e+00
9.6724000000e-16	9.6724000000e-16	0.0000000000e+00
3.5552000000e-15	3.5552000000e-15	0.0000000000e+00
1.2393000000e-14	1.2393000000e-14	0.0000000000e+00
2.9322000000e-14	2.9322000000e-14	0.0000000000e+00
9.2181000000e-14	9.2181000000e-14	0.0000000000e+00
4.6974000000e-13	4.6974000000e-13	0.0000000000e+00
1.2598000000e-12	1.2598000000e-12	0.0000000000e+00
3.2221000000e-12	3.2221000000e-12	0.0000000000e+00
1.1499000000e-11	1.1499000000e-11	0.0000000000e+00
3.4363000000e-11	3.4363000000e-11	0.0000000000e+00
9.7603000000e-11	9.7602000000e-11	4.4496245682e-06
1.7220000000e-10	1.7220000000e-10	0.0000000000e+00
5.4899000000e-10	5.4899000000e-10	0.0000000000e+00
8.0357000000e-10	8.0357000000e-10	0.0000000000e+00
1.7425000000e-09	1.7425000000e-09	0.0000000000e+00
2.9047000000e-09	2.9047000000e-09	0.0000000000e+00
4.5527000000e-09	4.5527000000e-09	0.0000000000e+00
8.2127000000e-09	8.2127000000e-09	0.0000000000e+00
1.2159000000e-08	1.2159000000e-08	0.0000000000e+00
2.6906000000e-08	2.6906000000e-08	0.0000000000e+00
3.6575000000e-08	3.6575000000e-08	0.0000000000e+00
5.1663000000e-08	5.1663000000e-08	0.0000000000e+00
7.3669000000e-08	7.3669000000e-08	0.0000000000e+00
7.2916000000e-08	7.2916000000e-08	0.0000000000e+00
8.3282000000e-08	8.3282000000e-08	0.0000000000e+00
8.6575000000e-08	8.6575000000e-08	0.0000000000e+00
8.7960000000e-08	8.7960000000e-08	0.0000000000e+00
7.8666000000e-08	7.8666000000e-08	0.0000000000e+00
6.4872000000e-08	6.4872000000e-08	0.0000000000e+00
5.0610000000e-08	5.0610000000e-08	0.0000000000e+00
3.5392000000e-08	3.5392000000e-08	0.0000000000e+00
2.5148000000e-08	2.5148000000e-08	0.0000000000e+00
1.6784000000e-08	1.6784000000e-08	0.0000000000e+00
1.0328000000e-08	1.0328000000e-08	0.0000000000e+00
6.0600000000e-09	6.0600000000e-09	0.0000000000e+00
3.3100000000e-09	3.3100000000e-09	0.0000000000e+00
1.6982000000e-09	1.6982000000e-09	0.0000000000e+00
8.2039000000e-10	8.2039000000e-10	0.0000000000e+00
3.7319000000e-10	3.7319000000e-10	0.0000000000e+00
1.5985000000e-10	1.5985000000e-10	0.0000000000e+00
6.4475000000e-11	6.4475000000e-11	0.0000000000e+00
2.4488000000e-11	2.4488000000e-11	0.0000000000e+00
8.7580000000e-12	8.7580000000e-12	0.0000000000e+00
2.9495000000e-12	2.9495000000e-12	0.0000000000e+00
9.3538000000e-13	9.3538000000e-13	0.0000000000e+00
2.7933000000e-13	2.7933000000e-13	0.0000000000e+00
7.8553000000e-14	7.8553000000e-14	0.0000000000e+00
2.0802000000e-14	2.0802000000e-14	0.0000000000e+00
5.1876000000e-15	5.1876000000e-15	0.0000000000e+00
1.2182000000e-15	1.2182000000e-15	0.0000000000e+00
2.6941000000e-16	2.6941000000e-16	0.0000000000e+00
5.6106000000e-17	5.6106000000e-17	0.0000000000e+00
1.1003000000e-17	1.1003000000e-17	0.0000000000e+00
1.6655000000e-144	0.0000000000e+00	NA
1.8435000000e-138	0.0000000000e+00	NA
1.3830000000e-132	0.0000000000e+00	NA
7.0606000000e-127	0.0000000000e+00	NA
2.4577000000e-121	0.0000000000e+00	NA
5.8267000000e-116	0.0000000000e+00	NA
9.4508000000e-111	0.0000000000e+00	NA
1.0461000000e-105	0.0000000000e+00	NA
7.9133000000e-101	0.0000000000e+00	NA
4.0923000000e-96	0.0000000000e+00	NA
1.4471000000e-91	0.0000000000e+00	NA
3.5036000000e-87	0.0000000000e+00	NA
5.8034000000e-83	0.0000000000e+00	NA
6.5793000000e-79	0.0000000000e+00	NA
5.0515000000e-75	0.0000000000e+00	NA
2.6599000000e-71	0.0000000000e+00	NA
9.6199000000e-68	0.0000000000e+00	NA
2.3912000000e-64	0.0000000000e+00	NA
4.0888000000e-61	0.0000000000e+00	NA
4.8146000000e-58	0.0000000000e+00	NA
3.9094000000e-55	0.0000000000e+00	NA
2.1929000000e-52	0.0000000000e+00	NA
8.5156000000e-50	0.0000000000e+00	NA
9.2733000000e-48	0.0000000000e+00	NA
6.8133000000e-46	0.0000000000e+00	NA
2.3078000000e-44	1.1210000000e-44	3.1359255642e-01
4.4567000000e-42	4.4323000000e-42	2.3842528909e-03
4.1481000000e-40	4.1478000000e-40	3.1410297768e-05
2.2868000000e-38	2.2868000000e-38	0.0000000000e+00
7.2864000000e-37	7.2864000000e-37	0.0000000000e+00
1.7964000000e-35	1.7964000000e-35	0.0000000000e+00
4.2180000000e-34	4.2180000000e-34	0.0000000000e+00
8.1237000000e-33	8.1237000000e-33	0.0000000000e+00
1.2339000000e-31	1.2339000000e-31	0.0000000000e+00
2.1098000000e-30	2.1098000000e-30	0.0000000000e+00
2.3318000000e-29	2.3318000000e-29	0.0000000000e+00
2.6851000000e-28	2.6851000000e-28	0.0000000000e+00
3.3183000000e-27	3.3183000000e-27	0.0000000000e+00
3.7266000000e-26	3.7266000000e-26	0.0000000000e+00
3.9200000000e-25	3.9200000000e-25	0.0000000000e+00
3.0605000000e-24	3.0605000000e-24	0.0000000000e+00
2.6655000000e-23	2.6655000000e-23	0.0000000000e+00
2.1865000000e-22	2.1865000000e-22	0.0000000000e+00
1.4917000000e-21	1.4917000000e-21	0.0000000000e+00
1.0201000000e-20	1.0201000000e-20	0.0000000000e+00
6.4463000000e-20	6.4463000000e-20	0.0000000000e+00
3.6291000000e-19	3.6291000000e-19	0.0000000000e+00
1.4448000000e-18	1.4448000000e-18	0.0000000000e+00
9.3598000000e-18	9.3598000000e-18	0.0000000000e+00
4.1357000000e-17	4.1357000000e-17	0.0000000000e+00
9.4195000000e-17	9.4195000000e-17	0.0000000000e+00
3.7753000000e-16	3.7753000000e-16	0.0000000000e+00
1.8664000000e-15	1.8664000000e-15	0.0000000000e+00
3.4044000000e-15	3.4044000000e-15	0.0000000000e+00
1.4533000000e-14	1.4533000000e-14	0.0000000000e+00
4.1930000000e-14	4.1929000000e-14	1.0357730999e-05
2.4147000000e-13	2.4147000000e-13	0.0000000000e+00
1.2058000000e-12	1.2058000000e-12	0.0000000000e+00
4.1398000000e-12	4.1398000000e-12	0.0000000000e+00
7.3204000000e-12	7.3204000000e-12	0.0000000000e+00
1.6903000000e-11	1.6903000000e-11	0.0000000000e+00
6.6380000000e-11	6.6380000000e-11	0.0000000000e+00
1.2195000000e-10	1.2195000000e-10	0.0000000000e+00
3.3642000000e-10	3.3642000000e-10	0.0000000000e+00
4.5825000000e-10	4.5825000000e-10	0.0000000000e+00
1.0422000000e-09	1.0422000000e-09	0.0000000000e+00
2.0897000000e-09	2.0897000000e-09	0.0000000000e+00
3.4950000000e-09	3.4950000000e-09	0.0000000000e+00
5.7992000000e-09	5.7992000000e-09	0.0000000000e+00
9.8074000000e-09	9.8074000000e-09	0.0000000000e+00
1.4314000000e-08	1.4314000000e-08	0.0000000000e+00
1.8343000000e-08	1.8343000000e-08	0.0000000000e+00
2.0537000000e-08	2.0537000000e-08	0.0000000000e+00
2.7975000000e-08	2.7975000000e-08	0.0000000000e+00
3.3832000000e-08	3.3832000000e-08	0.0000000000e+00
3.4629000000e-08	3.4629000000e-08	0.0000000000e+00
3.2810000000e-08	3.2810000000e-08	0.0000000000e+00
2.8011000000e-08	2.8011000000e-08	0.0000000000e+00
2.2333000000e-08	2.2333000000e-08	0.0000000000e+00
1.9140000000e-08	1.9140000000e-08	0.0000000000e+00
1.4863000000e-08	1.4863000000e-08	0.0000000000e+00
1.0470000000e-08	1.0470000000e-08	0.0000000000e+00
7.0172000000e-09	7.0172000000e-09	0.0000000000e+00
4.3714000000e-09	4.3714000000e-09	0.0000000000e+00
2.5839000000e-09	2.5839000000e-09	0.0000000000e+00
1.4324000000e-09	1.4324000000e-09	0.0000000000e+00
7.4766000000e-10	7.4766000000e-10	0.0000000000e+00
3.6749000000e-10	3.6749000000e-10	0.0000000000e+00
1.7008000000e-10	1.7008000000e-10	0.0000000000e+00
7.4124000000e-11	7.4124000000e-11	0.0000000000e+00
3.0419000000e-11	3.0419000000e-11	0.0000000000e+00
1.1755000000e-11	1.1755000000e-11	0.0000000000e+00
4.2776000000e-12	4.2776000000e-12	0.0000000000e+00
1.4658000000e-12	1.4658000000e-12	0.0000000000e+00
4.7297000000e-13	4.7297000000e-13	0.0000000000e+00
1.4372000000e-13	1.4372000000e-13	0.0000000000e+00
4.1122000000e-14	4.1122000000e-14	0.0000000000e+00
1.1080000000e-14	1.1080000000e-14	0.0000000000e+00
2.8116000000e-15	2.8116000000e-15	0.0000000000e+00
6.7182000000e-16	6.7182000000e-16	0.0000000000e+00
1.5117000000e-16	1.5117000000e-16	0.0000000000e+00
9.8696000000e-148	0.0000000000e+00	NA
1.0897000000e-141	0.0000000000e+00	NA
8.1558000000e-136	0.0000000000e+00	NA
4.1544000000e-130	0.0000000000e+00	NA
1.4433000000e-124	0.0000000000e+00	NA
3.4160000000e-119	0.0000000000e+00	NA
5.5341000000e-114	0.0000000000e+00	NA
6.1207000000e-109	0.0000000000e+00	NA
4.6350000000e-104	0.0000000000e+00	NA
2.4005000000e-99	0.0000000000e+00	NA
8.5052000000e-95	0.0000000000e+00	NA
2.0623000000e-90	0.0000000000e+00	NA
3.4309000000e-86	0.0000000000e+00	NA
3.8930000000e-82	0.0000000000e+00	NA
2.9957000000e-78	0.0000000000e+00	NA
1.5839000000e-74	0.0000000000e+00	NA
5.7579000000e-71	0.0000000000e+00	NA
1.4401000000e-67	0.0000000000e+00	NA
2.4806000000e-64	0.0000000000e+00	NA
2.9460000000e-61	0.0000000000e+00	NA
2.4159000000e-58	0.0000000000e+00	NA
1.3705000000e-55	0.0000000000e+00	NA
5.3913000000e-53	0.0000000000e+00	NA
5.8687000000e-51	0.0000000000e+00	NA
2.0985000000e-49	0.0000000000e+00	NA
2.4096000000e-47	0.0000000000e+00	NA
2.4539000000e-45	0.0000000000e+00	NA
1.8299000000e-43	1.6675000000e-43	4.0361514555e-02
1.0472000000e-41	1.0444000000e-41	1.1627703918e-03
6.0671000000e-40	6.0669000000e-40	1.4316613876e-05
1.4616000000e-38	1.4616000000e-38	0.0000000000e+00
3.3964000000e-37	3.3964000000e-37	0.0000000000e+00
8.0286000000e-36	8.0286000000e-36	0.0000000000e+00
1.4888000000e-34	1.4888000000e-34	0.0000000000e+00
2.1985000000e-33	2.1985000000e-33	0.0000000000e+00
2.5923000000e-32	2.5923000000e-32	0.0000000000e+00
3.3759000000e-31	3.3759000000e-31	0.0000000000e+00
5.1098000000e-30	5.1098000000e-30	0.0000000000e+00
6.3629000000e-29	6.3629000000e-29	0.0000000000e+00
7.7488000000e-28	7.7488000000e-28	0.0000000000e+00
8.8685000000e-27	8.8686000000e-27	-4.8970179105e-06
7.8947000000e-26	7.8947000000e-26	0.0000000000e+00
6.7029000000e-25	6.7029000000e-25	0.0000000000e+00
5.4442000000e-24	5.4442000000e-24	0.0000000000e+00
4.4375000000e-23	4.4375000000e-23	0.0000000000e+00
2.8989000000e-22	2.8989000000e-22	0.0000000000e+00
1.8362000000e-21	1.8362000000e-21	0.0000000000e+00
5.5388000000e-21	5.5388000000e-21	0.0000000000e+00
4.4436000000e-20	4.4435000000e-20	9.7735927788e-06
2.1922000000e-19	2.1922000000e-19	0.0000000000e+00
6.8398000000e-19	6.8398000000e-19	0.0000000000e+00
5.4974000000e-18	5.4974000000e-18	0.0000000000e+00
1.9721000000e-17	1.9721000000e-17	0.0000000000e+00
5.2339000000e-17	5.2339000000e-17	0.0000000000e+00
3.1819000000e-16	3.1819000000e-16	0.0000000000e+00
1.0506000000e-15	1.0506000000e-15	0.0000000000e+00
4.2660000000e-15	4.2660000000e-15	0.0000000000e+00
2.8213000000e-14	2.8213000000e-14	0.0000000000e+00
6.6985000000e-14	6.6985000000e-14	0.0000000000e+00
5.0075000000e-13	5.0075000000e-13	0.0000000000e+00
9.0670000000e-13	9.0670000000e-13	0.0000000000e+00
4.2293000000e-12	4.2293000000e-12	0.0000000000e+00
8.0619000000e-12	8.0619000000e-12	0.0000000000e+00
2.4111000000e-11	2.4111000000e-11	0.0000000000e+00
4.6675000000e-11	4.6675000000e-11	0.0000000000e+00
1.0996000000e-10	1.0996000000e-10	0.0000000000e+00
1.7324000000e-10	1.7324000000e-10	0.0000000000e+00
4.7682000000e-10	4.7682000000e-10	0.0000000000e+00
8.2782000000e-10	8.2782000000e-10	0.0000000000e+00
1.6685000000e-09	1.6685000000e-09	0.0000000000e+00
2.5828000000e-09	2.5828000000e-09	0.0000000000e+00
3.3449000000e-09	3.3449000000e-09	0.0000000000e+00
5.0863000000e-09	5.0863000000e-09	0.0000000000e+00
6.9467000000e-09	6.9467000000e-09	0.0000000000e+00
8.7048000000e-09	8.7048000000e-09	0.0000000000e+00
1.1180000000e-08	1.1180000000e-08	0.0000000000e+00
1.2203000000e-08	1.2203000000e-08	0.0000000000e+00
1.2465000000e-08	1.2465000000e-08	0.0000000000e+00
1.0826000000e-08	1.0826000000e-08	0.0000000000e+00
9.9780000000e-09	9.9780000000e-09	0.0000000000e+00
8.7320000000e-09	8.7320000000e-09	0.0000000000e+00
7.5078000000e-09	7.5078000000e-09	0.0000000000e+00
5.8314000000e-09	5.8314000000e-09	0.0000000000e+00
4.2467000000e-09	4.2467000000e-09	0.0000000000e+00
2.8751000000e-09	2.8751000000e-09	0.0000000000e+00
1.8287000000e-09	1.8287000000e-09	0.0000000000e+00
1.0953000000e-09	1.0953000000e-09	0.0000000000e+00
6.1771000000e-10	6.1771000000e-10	0.0000000000e+00
3.2804000000e-10	3.2804000000e-10	0.0000000000e+00
1.6404000000e-10	1.6404000000e-10	0.0000000000e+00
7.7244000000e-11	7.7244000000e-11	0.0000000000e+00
3.4250000000e-11	3.4250000000e-11	0.0000000000e+00
1.4301000000e-11	1.4301000000e-11	0.0000000000e+00
5.6227000000e-12	5.6227000000e-12	0.0000000000e+00
2.0818000000e-12	2.0818000000e-12	0.0000000000e+00
7.2580000000e-13	7.2580000000e-13	0.0000000000e+00
2.3829000000e-13	2.3829000000e-13	0.0000000000e+00
7.3669000000e-14	7.3669000000e-14	0.0000000000e+00
2.1448000000e-14	2.1448000000e-14	0.0000000000e+00
5.8801000000e-15	5.8801000000e-15	0.0000000000e+00
1.5181000000e-15	1.5181000000e-15	0.0000000000e+00
4.0678000000e-151	0.0000000000e+00	NA
4.4848000000e-145	0.0000000000e+00	NA
3.3516000000e-139	0.0000000000e+00	NA
1.7023000000e-133	0.0000000000e+00	NA
5.8987000000e-128	0.0000000000e+00	NA
1.3972000000e-122	0.0000000000e+00	NA
2.2596000000e-117	0.0000000000e+00	NA
2.4993000000e-112	0.0000000000e+00	NA
1.8938000000e-107	0.0000000000e+00	NA
9.8188000000e-103	0.0000000000e+00	NA
3.4931000000e-98	0.0000000000e+00	NA
8.5080000000e-94	0.0000000000e+00	NA
1.4194000000e-89	0.0000000000e+00	NA
1.6211000000e-85	0.0000000000e+00	NA
1.2517000000e-81	0.0000000000e+00	NA
6.6466000000e-78	0.0000000000e+00	NA
2.4288000000e-74	0.0000000000e+00	NA
6.1127000000e-71	0.0000000000e+00	NA
1.0606000000e-67	0.0000000000e+00	NA
1.2703000000e-64	0.0000000000e+00	NA
1.0519000000e-61	0.0000000000e+00	NA
6.0347000000e-59	0.0000000000e+00	NA
2.4044000000e-56	0.0000000000e+00	NA
5.9183000000e-54	0.0000000000e+00	NA
9.0831000000e-53	0.0000000000e+00	NA
9.0361000000e-51	0.0000000000e+00	NA
1.1353000000e-48	0.0000000000e+00	NA
8.2028000000e-47	0.0000000000e+00	NA
4.2627000000e-45	0.0000000000e+00	NA
1.8761000000e-43	1.6115000000e-43	6.6025673603e-02
7.3462000000e-42	7.3106000000e-42	2.1097257191e-03
2.0735000000e-40	2.0731000000e-40	8.3788064101e-05
5.5909000000e-39	5.5908000000e-39	7.7679508825e-06
8.2081000000e-38	8.2081000000e-38	0.0000000000e+00
2.2561000000e-36	2.2561000000e-36	0.0000000000e+00
3.8590000000e-35	3.8590000000e-35	0.0000000000e+00
5.3674000000e-34	5.3674000000e-34	0.0000000000e+00
5.4503000000e-33	5.4503000000e-33	0.0000000000e+00
8.6411000000e-32	8.6411000000e-32	0.0000000000e+00
1.1692000000e-30	1.1692000000e-30	0.0000000000e+00
1.5022000000e-29	1.5022000000e-29	0.0000000000e+00
1.5933000000e-28	1.5933000000e-28	0.0000000000e+00
1.6846000000e-27	1.6846000000e-27	0.0000000000e+00
1.4807000000e-26	1.4807000000e-26	0.0000000000e+00
1.2561000000e-25	1.2561000000e-25	0.0000000000e+00
9.4654000000e-25	9.4654000000e-25	0.0000000000e+00
3.9649000000e-24	3.9649000000e-24	0.0000000000e+00
3.7262000000e-23	3.7262000000e-23	0.0000000000e+00
1.7728000000e-22	1.7728000000e-22	0.0000000000e+00
1.0216000000e-21	1.0216000000e-21	0.0000000000e+00
5.2712000000e-21	5.2712000000e-21	0.0000000000e+00
4.0460000000e-20	4.0460000000e-20	0.0000000000e+00
1.7512000000e-19	1.7512000000e-19	0.0000000000e+00
6.9283000000e-19	6.9283000000e-19	0.0000000000e+00
3.7684000000e-18	3.7684000000e-18	0.0000000000e+00
2.7288000000e-17	2.7288000000e-17	0.0000000000e+00
1.1907000000e-16	1.1907000000e-16	0.0000000000e+00
3.4128000000e-16	3.4128000000e-16	0.0000000000e+00
1.9499000000e-15	1.9499000000e-15	0.0000000000e+00
7.3008000000e-15	7.3008000000e-15	0.0000000000e+00
4.5264000000e-14	4.5264000000e-14	0.0000000000e+00
1.2893000000e-13	1.2893000000e-13	0.0000000000e+00
3.2737000000e-13	3.2737000000e-13	0.0000000000e+00
1.1911000000e-12	1.1911000000e-12	0.0000000000e+00
2.8553000000e-12	2.8553000000e-12	0.0000000000e+00
7.8872000000e-12	7.8872000000e-12	0.0000000000e+00
1.5016000000e-11	1.5016000000e-11	0.0000000000e+00
2.6205000000e-11	2.6205000000e-11	0.0000000000e+00
8.4279000000e-11	8.4278000000e-11	5.1530874649e-06
1.8133000000e-10	1.8133000000e-10	0.0000000000e+00
3.1142000000e-10	3.1142000000e-10	0.0000000000e+00
5.5129000000e-10	5.5128000000e-10	7.8778577671e-06
9.0428000000e-10	9.0428000000e-10	0.0000000000e+00
1.3649000000e-09	1.3649000000e-09	0.0000000000e+00
1.8264000000e-09	1.8264000000e-09	0.0000000000e+00
2.6158000000e-09	2.6158000000e-09	0.0000000000e+00
3.3098000000e-09	3.3098000000e-09	0.0000000000e+00
3.8756000000e-09	3.8756000000e-09	0.0000000000e+00
3.9177000000e-09	3.9177000000e-09	0.0000000000e+00
4.1038000000e-09	4.1038000000e-09	0.0000000000e+00
4.1011000000e-09	4.1011000000e-09	0.0000000000e+00
3.9206000000e-09	3.9206000000e-09	0.0000000000e+00
3.5480000000e-09	3.5480000000e-09	0.0000000000e+00
2.9926000000e-09	2.9926000000e-09	0.0000000000e+00
2.3323000000e-09	2.3323000000e-09	0.0000000000e+00
1.7074000000e-09	1.7074000000e-09	0.0000000000e+00
1.1733000000e-09	1.1733000000e-09	0.0000000000e+00
7.5926000000e-10	7.5926000000e-10	0.0000000000e+00
4.6264000000e-10	4.6264000000e-10	0.0000000000e+00
2.6545000000e-10	2.6545000000e-10	0.0000000000e+00
1.4342000000e-10	1.4342000000e-10	0.0000000000e+00
7.2964000000e-11	7.2964000000e-11	0.0000000000e+00
3.4955000000e-11	3.4955000000e-11	0.0000000000e+00
1.5769000000e-11	1.5769000000e-11	0.0000000000e+00
6.6987000000e-12	6.6987000000e-12	0.0000000000e+00
2.6796000000e-12	2.6796000000e-12	0.0000000000e+00
1.0094000000e-12	1.0094000000e-12	0.0000000000e+00
3.5805000000e-13	3.5805000000e-13	0.0000000000e+00
1.1960000000e-13	1.1960000000e-13	0.0000000000e+00
3.7621000000e-14	3.7621000000e-14	0.0000000000e+00
1.1144000000e-14	1.1144000000e-14	0.0000000000e+00
1.1656000000e-154	0.0000000000e+00	NA
1.2842000000e-148	0.0000000000e+00	NA
9.5742000000e-143	0.0000000000e+00	NA
4.8521000000e-137	0.0000000000e+00	NA
1.6783000000e-131	0.0000000000e+00	NA
3.9635000000e-126	0.0000000000e+00	NA
6.4036000000e-121	0.0000000000e+00	NA
7.0896000000e-116	0.0000000000e+00	NA
5.3795000000e-111	0.0000000000e+00	NA
2.7980000000e-106	0.0000000000e+00	NA
9.9784000000e-102	0.0000000000e+00	NA
2.4406000000e-97	0.0000000000e+00	NA
4.1002000000e-93	0.0000000000e+00	NA
4.7225000000e-89	0.0000000000e+00	NA
3.6758000000e-85	0.0000000000e+00	NA
1.9606000000e-81	0.0000000000e+00	NA
7.2025000000e-78	0.0000000000e+00	NA
1.8241000000e-74	0.0000000000e+00	NA
3.1882000000e-71	0.0000000000e+00	NA
3.8509000000e-68	0.0000000000e+00	NA
3.2199000000e-65	0.0000000000e+00	NA
1.8678000000e-62	0.0000000000e+00	NA
7.5375000000e-60	0.0000000000e+00	NA
1.2171000000e-57	0.0000000000e+00	NA
1.9275000000e-56	0.0000000000e+00	NA
1.7126000000e-54	0.0000000000e+00	NA
2.4907000000e-52	0.0000000000e+00	NA
3.6000000000e-50	0.0000000000e+00	NA
1.8699000000e-48	0.0000000000e+00	NA
7.5661000000e-47	0.0000000000e+00	NA
2.0949000000e-45	0.0000000000e+00	NA
6.9018000000e-44	5.1848000000e-44	1.2423036173e-01
2.0429000000e-42	2.0123000000e-42	6.5543812332e-03
4.8630000000e-41	4.8591000000e-41	3.4843265761e-04
8.4518000000e-40	8.4515000000e-40	1.5415728832e-05
1.7287000000e-38	1.7287000000e-38	0.0000000000e+00
4.0699000000e-37	4.0700000000e-37	-1.0670757182e-05
4.8106000000e-36	4.8106000000e-36	0.0000000000e+00
9.5141000000e-35	9.5141000000e-35	0.0000000000e+00
1.2771000000e-33	1.2771000000e-33	0.0000000000e+00
1.9411000000e-32	1.9411000000e-32	0.0000000000e+00
2.3120000000e-31	2.3120000000e-31	0.0000000000e+00
2.7013000000e-30	2.7013000000e-30	0.0000000000e+00
3.2509000000e-29	3.2509000000e-29	0.0000000000e+00
2.9876000000e-28	2.9876000000e-28	0.0000000000e+00
2.0936000000e-27	2.0936000000e-27	0.0000000000e+00
2.1799000000e-26	2.1799000000e-26	0.0000000000e+00
9.2862000000e-26	9.2862000000e-26	0.0000000000e+00
6.6405000000e-25	6.6405000000e-25	0.0000000000e+00
7.2309000000e-24	7.2309000000e-24	0.0000000000e+00
5.4434000000e-23	5.4434000000e-23	0.0000000000e+00
1.9939000000e-22	1.9939000000e-22	0.0000000000e+00
1.3835000000e-21	1.3835000000e-21	0.0000000000e+00
1.2933000000e-20	1.2933000000e-20	0.0000000000e+00
7.1691000000e-20	7.1691000000e-20	0.0000000000e+00
2.3545000000e-19	2.3545000000e-19	0.0000000000e+00
1.1672000000e-18	1.1672000000e-18	0.0000000000e+00
3.6460000000e-18	3.6460000000e-18	0.0000000000e+00
1.4377000000e-17	1.4377000000e-17	0.0000000000e+00
9.2702000000e-17	9.2702000000e-17	0.0000000000e+00
6.9077000000e-16	6.9077000000e-16	0.0000000000e+00
3.0525000000e-15	3.0525000000e-15	0.0000000000e+00
1.3012000000e-14	1.3012000000e-14	0.0000000000e+00
3.9448000000e-14	3.9448000000e-14	0.0000000000e+00
1.1040000000e-13	1.1040000000e-13	0.0000000000e+00
3.4671000000e-13	3.4671000000e-13	0.0000000000e+00
1.0430000000e-12	1.0430000000e-12	0.0000000000e+00
2.2219000000e-12	2.2219000000e-12	0.0000000000e+00
4.5211000000e-12	4.5211000000e-12	0.0000000000e+00
1.1585000000e-11	1.1585000000e-11	0.0000000000e+00
2.4863000000e-11	2.4863000000e-11	0.0000000000e+00
5.4572000000e-11	5.4572000000e-11	0.0000000000e+00
9.3837000000e-11	9.3837000000e-11	0.0000000000e+00
1.8014000000e-10	1.8014000000e-10	0.0000000000e+00
2.9566000000e-10	2.9566000000e-10	0.0000000000e+00
4.5649000000e-10	4.5649000000e-10	0.0000000000e+00
6.4609000000e-10	6.4609000000e-10	0.0000000000e+00
8.8452000000e-10	8.8452000000e-10	0.0000000000e+00
1.0097000000e-09	1.0097000000e-09	0.0000000000e+00
1.2101000000e-09	1.2101000000e-09	0.0000000000e+00
1.3793000000e-09	1.3793000000e-09	0.0000000000e+00
1.5261000000e-09	1.5261000000e-09	0.0000000000e+00
1.6411000000e-09	1.6411000000e-09	0.0000000000e+00
1.5661000000e-09	1.5661000000e-09	0.0000000000e+00
1.3926000000e-09	1.3926000000e-09	0.0000000000e+00
1.1660000000e-09	1.1660000000e-09	0.0000000000e+00
9.1932000000e-10	9.1932000000e-10	0.0000000000e+00
6.8252000000e-10	6.8252000000e-10	0.0000000000e+00
4.7715000000e-10	4.7715000000e-10	0.0000000000e+00
3.1411000000e-10	3.1411000000e-10	0.0000000000e+00
1.9471000000e-10	1.9471000000e-10	0.0000000000e+00
1.1366000000e-10	1.1366000000e-10	0.0000000000e+00
6.2472000000e-11	6.2472000000e-11	0.0000000000e+00
3.2335000000e-11	3.2335000000e-11	0.0000000000e+00
1.5760000000e-11	1.5760000000e-11	0.0000000000e+00
7.2331000000e-12	7.2331000000e-12	0.0000000000e+00
3.1261000000e-12	3.1261000000e-12	0.0000000000e+00
1.2723000000e-12	1.2723000000e-12	0.0000000000e+00
4.8759000000e-13	4.8759000000e-13	0.0000000000e+00
1.7597000000e-13	1.7597000000e-13	0.0000000000e+00
5.9803000000e-14	5.9803000000e-14	0.0000000000e+00
2.3176000000e-158	0.0000000000e+00	NA
2.5491000000e-152	0.0000000000e+00	NA
1.8938000000e-146	0.0000000000e+00	NA
9.5833000000e-141	0.0000000000e+00	NA
3.3054000000e-135	0.0000000000e+00	NA
7.7879000000e-130	0.0000000000e+00	NA
1.2579000000e-124	0.0000000000e+00	NA
1.3929000000e-119	0.0000000000e+00	NA
1.0578000000e-114	0.0000000000e+00	NA
5.5165000000e-110	0.0000000000e+00	NA
1.9762000000e-105	0.0000000000e+00	NA
4.8636000000e-101	0.0000000000e+00	NA
8.2358000000e-97	0.0000000000e+00	NA
9.5640000000e-93	0.0000000000e+00	NA
7.5710000000e-89	0.0000000000e+00	NA
4.0566000000e-85	0.0000000000e+00	NA
1.4983000000e-81	0.0000000000e+00	NA
3.8188000000e-78	0.0000000000e+00	NA
6.7237000000e-75	0.0000000000e+00	NA
8.1903000000e-72	0.0000000000e+00	NA
6.9151000000e-69	0.0000000000e+00	NA
4.0562000000e-66	0.0000000000e+00	NA
5.5239000000e-64	0.0000000000e+00	NA
3.8098000000e-62	0.0000000000e+00	NA
2.2397000000e-60	0.0000000000e+00	NA
3.5434000000e-58	0.0000000000e+00	NA
3.4364000000e-56	0.0000000000e+00	NA
3.0404000000e-54	0.0000000000e+00	NA
3.0425000000e-52	0.0000000000e+00	NA
1.4311000000e-50	0.0000000000e+00	NA
6.5970000000e-49	0.0000000000e+00	NA
1.7381000000e-47	0.0000000000e+00	NA
6.1920000000e-46	0.0000000000e+00	NA
1.5788000000e-44	0.0000000000e+00	NA
3.7770000000e-43	3.3911000000e-43	4.6806387970e-02
1.0977000000e-41	1.0940000000e-41	1.4663422089e-03
2.4346000000e-40	2.4341000000e-40	8.9201323440e-05
3.7410000000e-39	3.7410000000e-39	0.0000000000e+00
8.8628000000e-38	8.8627000000e-38	4.9002226387e-06
1.1516000000e-36	1.1516000000e-36	0.0000000000e+00
1.7988000000e-35	1.7988000000e-35	0.0000000000e+00
2.6424000000e-34	2.6424000000e-34	0.0000000000e+00
3.3026000000e-33	3.3025000000e-33	1.3150277269e-05
3.7658000000e-32	3.7658000000e-32	0.0000000000e+00
5.3055000000e-31	5.3055000000e-31	0.0000000000e+00
5.5150000000e-30	5.5150000000e-30	0.0000000000e+00
4.1785000000e-29	4.1785000000e-29	0.0000000000e+00
2.9581000000e-28	2.9581000000e-28	0.0000000000e+00
1.5082000000e-27	1.5082000000e-27	0.0000000000e+00
1.6090000000e-26	1.6090000000e-26	0.0000000000e+00
1.9734000000e-25	1.9734000000e-25	0.0000000000e+00
1.4329000000e-24	1.4329000000e-24	0.0000000000e+00
1.5865000000e-23	1.5865000000e-23	0.0000000000e+00
4.4175000000e-23	4.4175000000e-23	0.0000000000e+00
1.7940000000e-22	1.7940000000e-22	0.0000000000e+00
1.1321000000e-21	1.1321000000e-21	0.0000000000e+00
5.9150000000e-21	5.9150000000e-21	0.0000000000e+00
3.6865000000e-20	3.6865000000e-20	0.0000000000e+00
2.3083000000e-19	2.3084000000e-19	-1.8814065543e-05
1.0236000000e-18	1.0236000000e-18	0.0000000000e+00
3.8983000000e-18	3.8983000000e-18	0.0000000000e+00
3.3236000000e-17	3.3236000000e-17	0.0000000000e+00
2.3463000000e-16	2.3463000000e-16	0.0000000000e+00
9.2335000000e-16	9.2335000000e-16	0.0000000000e+00
2.7075000000e-15	2.7075000000e-15	0.0000000000e+00
1.0011000000e-14	1.0011000000e-14	0.0000000000e+00
2.8251000000e-14	2.8251000000e-14	0.0000000000e+00
1.1016000000e-13	1.1016000000e-13	0.0000000000e+00
2.7099000000e-13	2.7099000000e-13	0.0000000000e+00
7.1002000000e-13	7.1002000000e-13	0.0000000000e+00
1.8301000000e-12	1.8301000000e-12	0.0000000000e+00
4.0088000000e-12	4.0088000000e-12	0.0000000000e+00
8.7815000000e-12	8.7815000000e-12	0.0000000000e+00
1.7408000000e-11	1.7408000000e-11	0.0000000000e+00
3.2859000000e-11	3.2859000000e-11	0.0000000000e+00
5.7395000000e-11	5.7396000000e-11	-7.5666991648e-06
9.5318000000e-11	9.5318000000e-11	0.0000000000e+00
1.4571000000e-10	1.4571000000e-10	0.0000000000e+00
2.1489000000e-10	2.1489000000e-10	0.0000000000e+00
2.8962000000e-10	2.8962000000e-10	0.0000000000e+00
3.7992000000e-10	3.7992000000e-10	0.0000000000e+00
4.4290000000e-10	4.4290000000e-10	0.0000000000e+00
5.4510000000e-10	5.4510000000e-10	0.0000000000e+00
5.8468000000e-10	5.8468000000e-10	0.0000000000e+00
6.0634000000e-10	6.0634000000e-10	0.0000000000e+00
5.8245000000e-10	5.8245000000e-10	0.0000000000e+00
5.2685000000e-10	5.2685000000e-10	0.0000000000e+00
4.4875000000e-10	4.4875000000e-10	0.0000000000e+00
3.5992000000e-10	3.5992000000e-10	0.0000000000e+00
2.7183000000e-10	2.7183000000e-10	0.0000000000e+00
1.9333000000e-10	1.9333000000e-10	0.0000000000e+00
1.2947000000e-10	1.2947000000e-10	0.0000000000e+00
8.1646000000e-11	8.1646000000e-11	0.0000000000e+00
4.8484000000e-11	4.8484000000e-11	0.0000000000e+00
2.7111000000e-11	2.7111000000e-11	0.0000000000e+00
1.4276000000e-11	1.4276000000e-11	0.0000000000e+00
7.0787000000e-12	7.0787000000e-12	0.0000000000e+00
3.3053000000e-12	3.3053000000e-12	0.0000000000e+00
1.4533000000e-12	1.4533000000e-12	0.0000000000e+00
6.0175000000e-13	6.0175000000e-13	0.0000000000e+00
2.3463000000e-13	2.3463000000e-13	0.0000000000e+00
3.1866000000e-162	0.0000000000e+00	NA
3.4943000000e-156	0.0000000000e+00	NA
2.5932000000e-150	0.0000000000e+00	NA
1.3064000000e-144	0.0000000000e+00	NA
4.4883000000e-139	0.0000000000e+00	NA
1.0556000000e-133	0.0000000000e+00	NA
1.7030000000e-128	0.0000000000e+00	NA
1.8819000000e-123	0.0000000000e+00	NA
1.4312000000e-118	0.0000000000e+00	NA
7.4909000000e-114	0.0000000000e+00	NA
2.7018000000e-109	0.0000000000e+00	NA
6.6971000000e-105	0.0000000000e+00	NA
1.1442000000e-100	0.0000000000e+00	NA
1.3442000000e-96	0.0000000000e+00	NA
1.0853000000e-92	0.0000000000e+00	NA
5.8771000000e-89	0.0000000000e+00	NA
2.1828000000e-85	0.0000000000e+00	NA
5.5991000000e-82	0.0000000000e+00	NA
9.9314000000e-79	0.0000000000e+00	NA
1.2201000000e-75	0.0000000000e+00	NA
1.0402000000e-72	0.0000000000e+00	NA
2.4255000000e-70	0.0000000000e+00	NA
5.4969000000e-69	0.0000000000e+00	NA
2.8352000000e-66	0.0000000000e+00	NA
2.7987000000e-64	0.0000000000e+00	NA
5.9706000000e-62	0.0000000000e+00	NA
8.6381000000e-60	0.0000000000e+00	NA
8.9384000000e-58	0.0000000000e+00	NA
5.2716000000e-56	0.0000000000e+00	NA
4.9089000000e-54	0.0000000000e+00	NA
1.3654000000e-52	0.0000000000e+00	NA
4.6789000000e-51	0.0000000000e+00	NA
1.5081000000e-49	0.0000000000e+00	NA
4.2227000000e-48	0.0000000000e+00	NA
1.7334000000e-46	0.0000000000e+00	NA
3.7166000000e-45	0.0000000000e+00	NA
7.5737000000e-44	5.3249000000e-44	1.5299664212e-01
1.6495000000e-42	1.5933000000e-42	1.5054763743e-02
3.5457000000e-41	3.5412000000e-41	5.5153182103e-04
7.1824000000e-40	7.1819000000e-40	3.0234294889e-05
1.6719000000e-38	1.6719000000e-38	0.0000000000e+00
2.4096000000e-37	2.4096000000e-37	0.0000000000e+00
3.3142000000e-36	3.3142000000e-36	0.0000000000e+00
3.8357000000e-35	3.8357000000e-35	0.0000000000e+00
5.1060000000e-34	5.1060000000e-34	0.0000000000e+00
7.2287000000e-33	7.2287000000e-33	0.0000000000e+00
7.3812000000e-32	7.3812000000e-32	0.0000000000e+00
8.2415000000e-31	8.2415000000e-31	0.0000000000e+00
6.2932000000e-30	6.2932000000e-30	0.0000000000e+00
6.2786000000e-29	6.2786000000e-29	0.0000000000e+00
6.7379000000e-28	6.7379000000e-28	0.0000000000e+00
6.2675000000e-27	6.2675000000e-27	0.0000000000e+00
5.0327000000e-26	5.0327000000e-26	0.0000000000e+00
2.5633000000e-25	2.5633000000e-25	0.0000000000e+00
9.5278000000e-25	9.5278000000e-25	0.0000000000e+00
5.9573000000e-24	5.9573000000e-24	0.0000000000e+00
4.0284000000e-23	4.0284000000e-23	0.0000000000e+00
2.5840000000e-22	2.5840000000e-22	0.0000000000e+00
3.3129000000e-21	3.3129000000e-21	0.0000000000e+00
1.5333000000e-20	1.5333000000e-20	0.0000000000e+00
3.1031000000e-20	3.1031000000e-20	0.0000000000e+00
2.9943000000e-19	2.9943000000e-19	0.0000000000e+00
2.0104000000e-18	2.0104000000e-18	0.0000000000e+00
8.5898000000e-18	8.5898000000e-18	0.0000000000e+00
2.5729000000e-17	2.5729000000e-17	0.0000000000e+00
1.7694000000e-16	1.7694000000e-16	0.0000000000e+00
6.8498000000e-16	6.8498000000e-16	0.0000000000e+00
2.9955000000e-15	2.9955000000e-15	0.0000000000e+00
1.0077000000e-14	1.0077000000e-14	0.0000000000e+00
2.7890000000e-14	2.7890000000e-14	0.0000000000e+00
8.5499000000e-14	8.5499000000e-14	0.0000000000e+00
2.1232000000e-13	2.1232000000e-13	0.0000000000e+00
5.3912000000e-13	5.3912000000e-13	0.0000000000e+00
1.2328000000e-12	1.2328000000e-12	0.0000000000e+00
2.5311000000e-12	2.5311000000e-12	0.0000000000e+00
5.3473000000e-12	5.3473000000e-12	0.0000000000e+00
1.0125000000e-11	1.0125000000e-11	0.0000000000e+00
1.8062000000e-11	1.8062000000e-11	0.0000000000e+00
3.0368000000e-11	3.0368000000e-11	0.0000000000e+00
4.5390000000e-11	4.5390000000e-11	0.0000000000e+00
7.1032000000e-11	7.1032000000e-11	0.0000000000e+00
9.7286000000e-11	9.7286000000e-11	0.0000000000e+00
1.2259000000e-10	1.2259000000e-10	0.0000000000e+00
1.6504000000e-10	1.6504000000e-10	0.0000000000e+00
1.9315000000e-10	1.9315000000e-10	0.0000000000e+00
2.1285000000e-10	2.1285000000e-10	0.0000000000e+00
2.2087000000e-10	2.2087000000e-10	0.0000000000e+00
2.1582000000e-10	2.1582000000e-10	0.0000000000e+00
1.9859000000e-10	1.9859000000e-10	0.0000000000e+00
1.7207000000e-10	1.7207000000e-10	0.0000000000e+00
1.4039000000e-10	1.4039000000e-10	0.0000000000e+00
1.0786000000e-10	1.0786000000e-10	0.0000000000e+00
7.8037000000e-11	7.8037000000e-11	0.0000000000e+00
5.3164000000e-11	5.3164000000e-11	0.0000000000e+00
3.4107000000e-11	3.4107000000e-11	0.0000000000e+00
2.0604000000e-11	2.0604000000e-11	0.0000000000e+00
1.1721000000e-11	1.1721000000e-11	0.0000000000e+00
6.2789000000e-12	6.2789000000e-12	0.0000000000e+00
3.1674000000e-12	3.1674000000e-12	0.0000000000e+00
1.5046000000e-12	1.5046000000e-12	0.0000000000e+00
6.7304000000e-13	6.7304000000e-13	0.0000000000e+00
3.0311000000e-166	0.0000000000e+00	NA
3.3150000000e-160	0.0000000000e+00	NA
2.4493000000e-154	0.0000000000e+00	NA
1.2289000000e-148	0.0000000000e+00	NA
4.2067000000e-143	0.0000000000e+00	NA
9.8475000000e-138	0.0000000000e+00	NA
1.5824000000e-132	0.0000000000e+00	NA
1.7485000000e-127	0.0000000000e+00	NA
1.3306000000e-122	0.0000000000e+00	NA
6.9840000000e-118	0.0000000000e+00	NA
2.5314000000e-113	0.0000000000e+00	NA
6.3441000000e-109	0.0000000000e+00	NA
1.0961000000e-104	0.0000000000e+00	NA
1.3060000000e-100	0.0000000000e+00	NA
1.0708000000e-96	0.0000000000e+00	NA
5.9530000000e-93	0.0000000000e+00	NA
2.2235000000e-89	0.0000000000e+00	NA
5.7406000000e-86	0.0000000000e+00	NA
1.0259000000e-82	0.0000000000e+00	NA
1.2712000000e-79	0.0000000000e+00	NA
1.0945000000e-76	0.0000000000e+00	NA
7.2442000000e-75	0.0000000000e+00	NA
2.1023000000e-73	0.0000000000e+00	NA
7.8829000000e-71	0.0000000000e+00	NA
3.3359000000e-68	0.0000000000e+00	NA
6.9638000000e-66	0.0000000000e+00	NA
6.8850000000e-64	0.0000000000e+00	NA
1.0769000000e-61	0.0000000000e+00	NA
6.1990000000e-60	0.0000000000e+00	NA
3.1532000000e-58	0.0000000000e+00	NA
1.3555000000e-56	0.0000000000e+00	NA
9.6766000000e-55	0.0000000000e+00	NA
3.0092000000e-53	0.0000000000e+00	NA
1.1046000000e-51	0.0000000000e+00	NA
3.1397000000e-50	0.0000000000e+00	NA
9.4655000000e-49	0.0000000000e+00	NA
3.9781000000e-47	0.0000000000e+00	NA
5.9762000000e-46	0.0000000000e+00	NA
1.5224000000e-44	0.0000000000e+00	NA
3.3286000000e-43	2.9708000000e-43	4.9388193602e-02
1.0554000000e-41	1.0497000000e-41	2.3518926385e-03
1.4447000000e-40	1.4441000000e-40	1.8040479984e-04
2.1431000000e-39	2.1430000000e-39	2.0265251953e-05
3.6679000000e-38	3.6680000000e-38	-1.1840250874e-05
4.7212000000e-37	4.7212000000e-37	0.0000000000e+00
6.6527000000e-36	6.6526000000e-36	6.5281426486e-06
8.6219000000e-35	8.6219000000e-35	0.0000000000e+00
1.3051000000e-33	1.3051000000e-33	0.0000000000e+00
1.1593000000e-32	1.1593000000e-32	0.0000000000e+00
1.3217000000e-31	1.3217000000e-31	0.0000000000e+00
1.5072000000e-30	1.5072000000e-30	0.0000000000e+00
1.2790000000e-29	1.2790000000e-29	0.0000000000e+00
1.5804000000e-28	1.5804000000e-28	0.0000000000e+00
6.3696000000e-28	6.3696000000e-28	0.0000000000e+00
2.8636000000e-27	2.8636000000e-27	0.0000000000e+00
3.0130000000e-26	3.0130000000e-26	0.0000000000e+00
4.0951000000e-25	4.0951000000e-25	0.0000000000e+00
2.7452000000e-24	2.7452000000e-24	0.0000000000e+00
2.1209000000e-23	2.1209000000e-23	0.0000000000e+00
7.0252000000e-23	7.0252000000e-23	0.0000000000e+00
3.3719000000e-22	3.3719000000e-22	0.0000000000e+00
3.6435000000e-21	3.6435000000e-21	0.0000000000e+00
2.4798000000e-20	2.4798000000e-20	0.0000000000e+00
1.0456000000e-19	1.0456000000e-19	0.0000000000e+00
1.9604000000e-19	1.9604000000e-19	0.0000000000e+00
2.0807000000e-18	2.0807000000e-18	0.0000000000e+00
1.2607000000e-17	1.2607000000e-17	0.0000000000e+00
6.1921000000e-17	6.1921000000e-17	0.0000000000e+00
2.7000000000e-16	2.7000000000e-16	0.0000000000e+00
9.1187000000e-16	9.1187000000e-16	0.0000000000e+00
2.7191000000e-15	2.7191000000e-15	0.0000000000e+00
8.3832000000e-15	8.3832000000e-15	0.0000000000e+00
2.3065000000e-14	2.3065000000e-14	0.0000000000e+00
5.8966000000e-14	5.8967000000e-14	-7.3651053041e-06
1.5115000000e-13	1.5115000000e-13	0.0000000000e+00
3.6145000000e-13	3.6145000000e-13	0.0000000000e+00
7.8671000000e-13	7.8671000000e-13	0.0000000000e+00
1.6142000000e-12	1.6142000000e-12	0.0000000000e+00
3.0903000000e-12	3.0904000000e-12	-1.4053245812e-05
5.4580000000e-12	5.4580000000e-12	0.0000000000e+00
9.6232000000e-12	9.6232000000e-12	0.0000000000e+00
1.5536000000e-11	1.5536000000e-11	0.0000000000e+00
2.3489000000e-11	2.3489000000e-11	0.0000000000e+00
3.3532000000e-11	3.3532000000e-11	0.0000000000e+00
4.5015000000e-11	4.5015000000e-11	0.0000000000e+00
5.6906000000e-11	5.6906000000e-11	0.0000000000e+00
6.7741000000e-11	6.7741000000e-11	0.0000000000e+00
7.5934000000e-11	7.5934000000e-11	0.0000000000e+00
8.0153000000e-11	8.0153000000e-11	0.0000000000e+00
7.9671000000e-11	7.9671000000e-11	0.0000000000e+00
7.4572000000e-11	7.4572000000e-11	0.0000000000e+00
6.5728000000e-11	6.5728000000e-11	0.0000000000e+00
5.4553000000e-11	5.4553000000e-11	0.0000000000e+00
4.2637000000e-11	4.2637000000e-11	0.0000000000e+00
3.1380000000e-11	3.1380000000e-11	0.0000000000e+00
2.1748000000e-11	2.1748000000e-11	0.0000000000e+00
1.4193000000e-11	1.4193000000e-11	0.0000000000e+00
8.7224000000e-12	8.7224000000e-12	0.0000000000e+00
5.0478000000e-12	5.0478000000e-12	0.0000000000e+00
2.7509000000e-12	2.7509000000e-12	0.0000000000e+00
1.4117000000e-12	1.4117000000e-12	0.0000000000e+00
1.9879000000e-170	0.0000000000e+00	NA
2.1692000000e-164	0.0000000000e+00	NA
1.5961000000e-158	0.0000000000e+00	NA
7.9625000000e-153	0.0000000000e+00	NA
2.7066000000e-147	0.0000000000e+00	NA
6.3075000000e-142	0.0000000000e+00	NA
1.0080000000e-136	0.0000000000e+00	NA
1.1088000000e-131	0.0000000000e+00	NA
8.4223000000e-127	0.0000000000e+00	NA
4.4299000000e-122	0.0000000000e+00	NA
1.6176000000e-117	0.0000000000e+00	NA
4.0983000000e-113	0.0000000000e+00	NA
7.1910000000e-109	0.0000000000e+00	NA
8.7373000000e-105	0.0000000000e+00	NA
7.3042000000e-101	0.0000000000e+00	NA
4.1839000000e-97	0.0000000000e+00	NA
1.5816000000e-93	0.0000000000e+00	NA
4.1105000000e-90	0.0000000000e+00	NA
7.4017000000e-87	0.0000000000e+00	NA
9.2518000000e-84	0.0000000000e+00	NA
8.0465000000e-81	0.0000000000e+00	NA
2.9759000000e-79	0.0000000000e+00	NA
2.5447000000e-77	0.0000000000e+00	NA
3.3751000000e-75	0.0000000000e+00	NA
1.4557000000e-72	0.0000000000e+00	NA
4.6570000000e-70	0.0000000000e+00	NA
4.8973000000e-68	0.0000000000e+00	NA
5.7534000000e-66	0.0000000000e+00	NA
1.0491000000e-63	0.0000000000e+00	NA
2.6476000000e-62	0.0000000000e+00	NA
1.3600000000e-60	0.0000000000e+00	NA
5.2545000000e-59	0.0000000000e+00	NA
3.3500000000e-57	0.0000000000e+00	NA
2.1695000000e-55	0.0000000000e+00	NA
4.5182000000e-54	0.0000000000e+00	NA
2.0922000000e-52	0.0000000000e+00	NA
5.7642000000e-51	0.0000000000e+00	NA
1.6280000000e-49	0.0000000000e+00	NA
4.2088000000e-48	0.0000000000e+00	NA
1.1809000000e-46	0.0000000000e+00	NA
2.5107000000e-45	0.0000000000e+00	NA
7.7962000000e-44	5.6052000000e-44	1.4329185844e-01
1.2539000000e-42	1.2247000000e-42	1.0233184537e-02
1.9519000000e-41	1.9485000000e-41	7.5715393933e-04
3.3791000000e-40	3.3786000000e-40	6.4266611820e-05
5.2421000000e-39	5.2420000000e-39	8.2848214328e-06
8.6925000000e-38	8.6924000000e-38	4.9962264023e-06
1.0128000000e-36	1.0128000000e-36	0.0000000000e+00
1.4432000000e-35	1.4432000000e-35	0.0000000000e+00
1.6240000000e-34	1.6240000000e-34	0.0000000000e+00
1.9415000000e-33	1.9415000000e-33	0.0000000000e+00
2.6188000000e-32	2.6188000000e-32	0.0000000000e+00
2.4872000000e-31	2.4872000000e-31	0.0000000000e+00
2.9028000000e-30	2.9028000000e-30	0.0000000000e+00
1.2779000000e-29	1.2779000000e-29	0.0000000000e+00
1.9124000000e-28	1.9124000000e-28	0.0000000000e+00
1.0793000000e-27	1.0793000000e-27	0.0000000000e+00
1.2916000000e-26	1.2916000000e-26	0.0000000000e+00
1.2267000000e-25	1.2267000000e-25	0.0000000000e+00
5.7910000000e-25	5.7910000000e-25	0.0000000000e+00
1.7507000000e-24	1.7507000000e-24	0.0000000000e+00
3.3011000000e-23	3.3011000000e-23	0.0000000000e+00
1.2947000000e-22	1.2947000000e-22	0.0000000000e+00
8.4276000000e-22	8.4276000000e-22	0.0000000000e+00
2.4709000000e-21	2.4709000000e-21	0.0000000000e+00
1.7994000000e-20	1.7994000000e-20	0.0000000000e+00
1.8248000000e-19	1.8248000000e-19	0.0000000000e+00
1.0950000000e-18	1.0950000000e-18	0.0000000000e+00
3.2964000000e-18	3.2964000000e-18	0.0000000000e+00
1.3918000000e-17	1.3918000000e-17	0.0000000000e+00
6.9720000000e-17	6.9720000000e-17	0.0000000000e+00
2.1011000000e-16	2.1011000000e-16	0.0000000000e+00
6.8809000000e-16	6.8809000000e-16	0.0000000000e+00
1.7994000000e-15	1.7994000000e-15	0.0000000000e+00
5.8265000000e-15	5.8265000000e-15	0.0000000000e+00
1.6971000000e-14	1.6971000000e-14	0.0000000000e+00
4.4819000000e-14	4.4819000000e-14	0.0000000000e+00
1.0013000000e-13	1.0013000000e-13	0.0000000000e+00
2.1160000000e-13	2.1160000000e-13	0.0000000000e+00
4.8247000000e-13	4.8247000000e-13	0.0000000000e+00
9.5198000000e-13	9.5198000000e-13	0.0000000000e+00
1.7555000000e-12	1.7555000000e-12	0.0000000000e+00
3.0486000000e-12	3.0486000000e-12	0.0000000000e+00
4.9853000000e-12	4.9853000000e-12	0.0000000000e+00
7.6769000000e-12	7.6769000000e-12	0.0000000000e+00
1.1132000000e-11	1.1132000000e-11	0.0000000000e+00
1.5201000000e-11	1.5201000000e-11	0.0000000000e+00
1.9546000000e-11	1.9546000000e-11	0.0000000000e+00
2.3668000000e-11	2.3668000000e-11	0.0000000000e+00
2.6987000000e-11	2.6987000000e-11	0.0000000000e+00
2.8976000000e-11	2.8976000000e-11	0.0000000000e+00
2.9298000000e-11	2.9298000000e-11	0.0000000000e+00
2.7895000000e-11	2.7895000000e-11	0.0000000000e+00
2.5011000000e-11	2.5011000000e-11	0.0000000000e+00
2.1116000000e-11	2.1116000000e-11	0.0000000000e+00
1.6789000000e-11	1.6789000000e-11	0.0000000000e+00
1.2569000000e-11	1.2569000000e-11	0.0000000000e+00
8.8615000000e-12	8.8615000000e-12	0.0000000000e+00
5.8832000000e-12	5.8832000000e-12	0.0000000000e+00
3.6781000000e-12	3.6781000000e-12	0.0000000000e+00
2.1654000000e-12	2.1654000000e-12	0.0000000000e+00
9.0157000000e-175	0.0000000000e+00	NA
9.8180000000e-169	0.0000000000e+00	NA
7.1654000000e-163	0.0000000000e+00	NA
3.5474000000e-157	0.0000000000e+00	NA
1.1951000000e-151	0.0000000000e+00	NA
2.7578000000e-146	0.0000000000e+00	NA
4.3764000000e-141	0.0000000000e+00	NA
4.7769000000e-136	0.0000000000e+00	NA
3.6168000000e-131	0.0000000000e+00	NA
1.9016000000e-126	0.0000000000e+00	NA
6.9814000000e-122	0.0000000000e+00	NA
1.7907000000e-117	0.0000000000e+00	NA
3.2057000000e-113	0.0000000000e+00	NA
3.9911000000e-109	0.0000000000e+00	NA
3.4315000000e-105	0.0000000000e+00	NA
2.0173000000e-101	0.0000000000e+00	NA
7.8477000000e-98	0.0000000000e+00	NA
2.0533000000e-94	0.0000000000e+00	NA
3.7261000000e-91	0.0000000000e+00	NA
4.6990000000e-88	0.0000000000e+00	NA
1.3361000000e-85	0.0000000000e+00	NA
3.6555000000e-83	0.0000000000e+00	NA
1.3190000000e-81	0.0000000000e+00	NA
6.7414000000e-80	0.0000000000e+00	NA
2.2255000000e-77	0.0000000000e+00	NA
2.1531000000e-74	0.0000000000e+00	NA
2.4051000000e-72	0.0000000000e+00	NA
2.3912000000e-70	0.0000000000e+00	NA
2.5140000000e-68	0.0000000000e+00	NA
1.6178000000e-66	0.0000000000e+00	NA
1.1922000000e-64	0.0000000000e+00	NA
5.6241000000e-63	0.0000000000e+00	NA
3.5577000000e-61	0.0000000000e+00	NA
2.1581000000e-59	0.0000000000e+00	NA
6.1503000000e-58	0.0000000000e+00	NA
2.7416000000e-56	0.0000000000e+00	NA
1.0493000000e-54	0.0000000000e+00	NA
2.7589000000e-53	0.0000000000e+00	NA
1.7286000000e-51	0.0000000000e+00	NA
4.4787000000e-50	0.0000000000e+00	NA
7.3742000000e-49	0.0000000000e+00	NA
1.5469000000e-47	0.0000000000e+00	NA
3.8228000000e-46	0.0000000000e+00	NA
8.5921000000e-45	0.0000000000e+00	NA
1.7702000000e-43	1.4433000000e-43	8.8665724790e-02
3.2581000000e-42	3.2216000000e-42	4.8927932631e-03
6.5153000000e-41	6.5107000000e-41	3.0673341007e-04
7.0207000000e-40	7.0200000000e-40	4.3303558595e-05
1.0099000000e-38	1.0099000000e-38	0.0000000000e+00
1.2084000000e-37	1.2084000000e-37	0.0000000000e+00
1.5316000000e-36	1.5316000000e-36	0.0000000000e+00
2.7746000000e-35	2.7746000000e-35	0.0000000000e+00
3.6739000000e-34	3.6739000000e-34	0.0000000000e+00
5.0047000000e-33	5.0047000000e-33	0.0000000000e+00
5.0701000000e-32	5.0700000000e-32	8.5658816366e-06
5.8764000000e-31	5.8763000000e-31	7.3905482470e-06
4.1889000000e-30	4.1889000000e-30	0.0000000000e+00
3.3392000000e-29	3.3392000000e-29	0.0000000000e+00
2.1611000000e-28	2.1611000000e-28	0.0000000000e+00
4.2508000000e-27	4.2508000000e-27	0.0000000000e+00
1.5951000000e-26	1.5951000000e-26	0.0000000000e+00
1.1109000000e-25	1.1109000000e-25	0.0000000000e+00
1.5556000000e-24	1.5556000000e-24	0.0000000000e+00
3.4708000000e-24	3.4708000000e-24	0.0000000000e+00
1.6155000000e-23	1.6155000000e-23	0.0000000000e+00
2.9405000000e-22	2.9405000000e-22	0.0000000000e+00
2.0651000000e-21	2.0651000000e-21	0.0000000000e+00
1.1563000000e-20	1.1563000000e-20	0.0000000000e+00
6.4770000000e-20	6.4770000000e-20	0.0000000000e+00
3.0061000000e-19	3.0061000000e-19	0.0000000000e+00
1.1635000000e-18	1.1635000000e-18	0.0000000000e+00
4.6497000000e-18	4.6496000000e-18	9.3403693164e-06
1.5590000000e-17	1.5590000000e-17	0.0000000000e+00
5.8574000000e-17	5.8574000000e-17	0.0000000000e+00
1.9759000000e-16	1.9759000000e-16	0.0000000000e+00
6.5236000000e-16	6.5237000000e-16	-6.6572314872e-06
1.8593000000e-15	1.8593000000e-15	0.0000000000e+00
5.0020000000e-15	5.0020000000e-15	0.0000000000e+00
1.2693000000e-14	1.2693000000e-14	0.0000000000e+00
3.0560000000e-14	3.0560000000e-14	0.0000000000e+00
6.8640000000e-14	6.8640000000e-14	0.0000000000e+00
1.4518000000e-13	1.4518000000e-13	0.0000000000e+00
2.8918000000e-13	2.8918000000e-13	0.0000000000e+00
5.4240000000e-13	5.4240000000e-13	0.0000000000e+00
9.5805000000e-13	9.5805000000e-13	0.0000000000e+00
1.5935000000e-12	1.5935000000e-12	0.0000000000e+00
2.4959000000e-12	2.4959000000e-12	0.0000000000e+00
3.6814000000e-12	3.6814000000e-12	0.0000000000e+00
5.1133000000e-12	5.1133000000e-12	0.0000000000e+00
6.6879000000e-12	6.6879000000e-12	0.0000000000e+00
8.2372000000e-12	8.2372000000e-12	0.0000000000e+00
9.5538000000e-12	9.5538000000e-12	0.0000000000e+00
1.0435000000e-11	1.0435000000e-11	0.0000000000e+00
1.0732000000e-11	1.0732000000e-11	0.0000000000e+00
1.0394000000e-11	1.0394000000e-11	0.0000000000e+00
9.4798000000e-12	9.4798000000e-12	0.0000000000e+00
8.1417000000e-12	8.1417000000e-12	0.0000000000e+00
6.5847000000e-12	6.5847000000e-12	0.0000000000e+00
5.0149000000e-12	5.0149000000e-12	0.0000000000e+00
3.5966000000e-12	3.5966000000e-12	0.0000000000e+00
2.4290000000e-12	2.4290000000e-12	0.0000000000e+00
2.8312000000e-179	0.0000000000e+00	NA
3.0640000000e-173	0.0000000000e+00	NA
2.2176000000e-167	0.0000000000e+00	NA
1.0871000000e-161	0.0000000000e+00	NA
3.6216000000e-156	0.0000000000e+00	NA
8.2565000000e-151	0.0000000000e+00	NA
1.2913000000e-145	0.0000000000e+00	NA
1.3959000000e-140	0.0000000000e+00	NA
1.0465000000e-135	0.0000000000e+00	NA
5.4747000000e-131	0.0000000000e+00	NA
2.0099000000e-126	0.0000000000e+00	NA
5.2197000000e-122	0.0000000000e+00	NA
9.5560000000e-118	0.0000000000e+00	NA
1.2278000000e-113	0.0000000000e+00	NA
1.0966000000e-109	0.0000000000e+00	NA
6.6975000000e-106	0.0000000000e+00	NA
2.7136000000e-102	0.0000000000e+00	NA
7.1489000000e-99	0.0000000000e+00	NA
1.3075000000e-95	0.0000000000e+00	NA
1.6641000000e-92	0.0000000000e+00	NA
2.6810000000e-90	0.0000000000e+00	NA
6.8001000000e-88	0.0000000000e+00	NA
2.0131000000e-85	0.0000000000e+00	NA
4.2547000000e-84	0.0000000000e+00	NA
5.2705000000e-82	0.0000000000e+00	NA
1.4215000000e-79	0.0000000000e+00	NA
8.9299000000e-77	0.0000000000e+00	NA
1.5075000000e-74	0.0000000000e+00	NA
9.3525000000e-73	0.0000000000e+00	NA
9.7080000000e-71	0.0000000000e+00	NA
6.6115000000e-69	0.0000000000e+00	NA
2.9689000000e-67	0.0000000000e+00	NA
1.5477000000e-65	0.0000000000e+00	NA
1.1942000000e-63	0.0000000000e+00	NA
1.1011000000e-61	0.0000000000e+00	NA
2.2380000000e-60	0.0000000000e+00	NA
1.4487000000e-58	0.0000000000e+00	NA
5.1562000000e-57	0.0000000000e+00	NA
1.6925000000e-55	0.0000000000e+00	NA
6.1719000000e-54	0.0000000000e+00	NA
2.6385000000e-52	0.0000000000e+00	NA
5.9803000000e-51	0.0000000000e+00	NA
1.7344000000e-49	0.0000000000e+00	NA
3.8808000000e-48	0.0000000000e+00	NA
6.2232000000e-47	0.0000000000e+00	NA
1.6456000000e-45	0.0000000000e+00	NA
2.6926000000e-44	0.0000000000e+00	NA
1.5993000000e-43	1.1771000000e-43	1.3311657754e-01
3.1557000000e-42	3.1207000000e-42	4.8436888756e-03
1.2695000000e-40	1.2690000000e-40	1.7108311504e-04
1.0570000000e-39	1.0569000000e-39	4.1089406521e-05
1.5708000000e-38	1.5707000000e-38	2.7648860866e-05
3.3414000000e-37	3.3414000000e-37	0.0000000000e+00
7.1792000000e-36	7.1792000000e-36	0.0000000000e+00
4.5336000000e-35	4.5336000000e-35	0.0000000000e+00
2.5892000000e-34	2.5892000000e-34	0.0000000000e+00
1.1109000000e-32	1.1109000000e-32	0.0000000000e+00
1.2280000000e-31	1.2280000000e-31	0.0000000000e+00
5.6818000000e-31	5.6819000000e-31	-7.6435400779e-06
5.4776000000e-30	5.4776000000e-30	0.0000000000e+00
1.0937000000e-28	1.0937000000e-28	0.0000000000e+00
5.1197000000e-28	5.1197000000e-28	0.0000000000e+00
9.3320000000e-27	9.3321000000e-27	-4.6537950601e-06
2.1751000000e-26	2.1751000000e-26	0.0000000000e+00
1.6737000000e-25	1.6737000000e-25	0.0000000000e+00
1.1381000000e-24	1.1381000000e-24	0.0000000000e+00
1.7911000000e-23	1.7911000000e-23	0.0000000000e+00
9.8043000000e-23	9.8043000000e-23	0.0000000000e+00
5.1483000000e-22	5.1484000000e-22	-8.4356052311e-06
3.3446000000e-21	3.3446000000e-21	0.0000000000e+00
1.7257000000e-20	1.7257000000e-20	0.0000000000e+00
6.7500000000e-20	6.7500000000e-20	0.0000000000e+00
2.6432000000e-19	2.6432000000e-19	0.0000000000e+00
1.2332000000e-18	1.2332000000e-18	0.0000000000e+00
3.9715000000e-18	3.9715000000e-18	0.0000000000e+00
1.6774000000e-17	1.6774000000e-17	0.0000000000e+00
3.9380000000e-17	3.9380000000e-17	0.0000000000e+00
1.7437000000e-16	1.7437000000e-16	0.0000000000e+00
5.0786000000e-16	5.0786000000e-16	0.0000000000e+00
1.4062000000e-15	1.4062000000e-15	0.0000000000e+00
3.6225000000e-15	3.6225000000e-15	0.0000000000e+00
8.7880000000e-15	8.7880000000e-15	0.0000000000e+00
2.0076000000e-14	2.0076000000e-14	0.0000000000e+00
4.3190000000e-14	4.3190000000e-14	0.0000000000e+00
8.7498000000e-14	8.7498000000e-14	0.0000000000e+00
1.6693000000e-13	1.6693000000e-13	0.0000000000e+00
2.9989000000e-13	2.9989000000e-13	0.0000000000e+00
5.0736000000e-13	5.0736000000e-13	0.0000000000e+00
8.0830000000e-13	8.0830000000e-13	0.0000000000e+00
1.2127000000e-12	1.2127000000e-12	0.0000000000e+00
1.7132000000e-12	1.7132000000e-12	0.0000000000e+00
2.2793000000e-12	2.2793000000e-12	0.0000000000e+00
2.8555000000e-12	2.8555000000e-12	0.0000000000e+00
3.3689000000e-12	3.3689000000e-12	0.0000000000e+00
3.7427000000e-12	3.7427000000e-12	0.0000000000e+00
3.9156000000e-12	3.9156000000e-12	0.0000000000e+00
3.8576000000e-12	3.8576000000e-12	0.0000000000e+00
3.5789000000e-12	3.5789000000e-12	0.0000000000e+00
3.1266000000e-12	3.1266000000e-12	0.0000000000e+00
2.5723000000e-12	2.5723000000e-12	0.0000000000e+00
1.9928000000e-12	1.9928000000e-12	0.0000000000e+00
6.1385000000e-184	0.0000000000e+00	NA
6.6153000000e-178	0.0000000000e+00	NA
4.7464000000e-172	0.0000000000e+00	NA
2.2931000000e-166	0.0000000000e+00	NA
7.5348000000e-161	0.0000000000e+00	NA
1.6893000000e-155	0.0000000000e+00	NA
2.5966000000e-150	0.0000000000e+00	NA
2.7531000000e-145	0.0000000000e+00	NA
2.0247000000e-140	0.0000000000e+00	NA
1.0450000000e-135	0.0000000000e+00	NA
3.8130000000e-131	0.0000000000e+00	NA
9.9296000000e-127	0.0000000000e+00	NA
1.8526000000e-122	0.0000000000e+00	NA
2.4695000000e-118	0.0000000000e+00	NA
2.3290000000e-114	0.0000000000e+00	NA
1.5143000000e-110	0.0000000000e+00	NA
6.5332000000e-107	0.0000000000e+00	NA
1.7333000000e-103	0.0000000000e+00	NA
3.1961000000e-100	0.0000000000e+00	NA
4.1060000000e-97	0.0000000000e+00	NA
4.9175000000e-95	0.0000000000e+00	NA
3.0167000000e-93	0.0000000000e+00	NA
1.2371000000e-91	0.0000000000e+00	NA
3.5562000000e-89	0.0000000000e+00	NA
2.5451000000e-86	0.0000000000e+00	NA
1.6075000000e-83	0.0000000000e+00	NA
2.1218000000e-81	0.0000000000e+00	NA
2.2032000000e-79	0.0000000000e+00	NA
3.3936000000e-77	0.0000000000e+00	NA
2.8121000000e-75	0.0000000000e+00	NA
2.1764000000e-73	0.0000000000e+00	NA
2.2821000000e-71	0.0000000000e+00	NA
1.7169000000e-69	0.0000000000e+00	NA
4.7620000000e-68	0.0000000000e+00	NA
4.1058000000e-66	0.0000000000e+00	NA
2.6737000000e-64	0.0000000000e+00	NA
8.4172000000e-63	0.0000000000e+00	NA
5.0194000000e-61	0.0000000000e+00	NA
1.8807000000e-59	0.0000000000e+00	NA
6.0501000000e-58	0.0000000000e+00	NA
2.1035000000e-56	0.0000000000e+00	NA
7.3227000000e-55	0.0000000000e+00	NA
2.5927000000e-53	0.0000000000e+00	NA
9.1301000000e-52	0.0000000000e+00	NA
1.9090000000e-50	0.0000000000e+00	NA
5.3345000000e-49	0.0000000000e+00	NA
9.0166000000e-48	0.0000000000e+00	NA
1.2089000000e-46	0.0000000000e+00	NA
3.7996000000e-45	0.0000000000e+00	NA
9.0687000000e-44	6.1657000000e-44	1.6756264557e-01
7.2830000000e-43	6.8243000000e-43	2.8252199550e-02
1.6646000000e-41	1.6590000000e-41	1.4635042726e-03
3.9209000000e-40	3.9202000000e-40	7.7541706684e-05
9.7460000000e-39	9.7460000000e-39	0.0000000000e+00
3.7519000000e-38	3.7519000000e-38	0.0000000000e+00
8.3648000000e-37	8.3648000000e-37	0.0000000000e+00
1.4582000000e-35	1.4582000000e-35	0.0000000000e+00
1.9193000000e-34	1.9193000000e-34	0.0000000000e+00
2.5695000000e-33	2.5695000000e-33	0.0000000000e+00
1.5312000000e-32	1.5312000000e-32	0.0000000000e+00
2.7831000000e-31	2.7831000000e-31	0.0000000000e+00
1.0916000000e-30	1.0916000000e-30	0.0000000000e+00
2.0682000000e-29	2.0682000000e-29	0.0000000000e+00
8.3576000000e-29	8.3577000000e-29	-5.1963707731e-06
1.6733000000e-27	1.6733000000e-27	0.0000000000e+00
9.6027000000e-27	9.6027000000e-27	0.0000000000e+00
9.9092000000e-26	9.9092000000e-26	0.0000000000e+00
5.7127000000e-25	5.7127000000e-25	0.0000000000e+00
3.9822000000e-24	3.9822000000e-24	0.0000000000e+00
2.5611000000e-23	2.5611000000e-23	0.0000000000e+00
1.6611000000e-22	1.6611000000e-22	0.0000000000e+00
8.1300000000e-22	8.1300000000e-22	0.0000000000e+00
4.3095000000e-21	4.3096000000e-21	-1.0077490270e-05
1.4953000000e-20	1.4953000000e-20	0.0000000000e+00
7.8467000000e-20	7.8467000000e-20	0.0000000000e+00
3.1380000000e-19	3.1380000000e-19	0.0000000000e+00
1.1828000000e-18	1.1828000000e-18	0.0000000000e+00
3.3974000000e-18	3.3974000000e-18	0.0000000000e+00
1.5099000000e-17	1.5099000000e-17	0.0000000000e+00
4.7175000000e-17	4.7175000000e-17	0.0000000000e+00
1.3995000000e-16	1.3995000000e-16	0.0000000000e+00
3.8936000000e-16	3.8936000000e-16	0.0000000000e+00
1.0202000000e-15	1.0202000000e-15	0.0000000000e+00
2.5171000000e-15	2.5171000000e-15	0.0000000000e+00
5.8486000000e-15	5.8486000000e-15	0.0000000000e+00
1.2797000000e-14	1.2797000000e-14	0.0000000000e+00
2.6370000000e-14	2.6370000000e-14	0.0000000000e+00
5.1169000000e-14	5.1169000000e-14	0.0000000000e+00
9.3501000000e-14	9.3501000000e-14	0.0000000000e+00
1.6090000000e-13	1.6090000000e-13	0.0000000000e+00
2.6073000000e-13	2.6073000000e-13	0.0000000000e+00
3.9786000000e-13	3.9786000000e-13	0.0000000000e+00
5.7174000000e-13	5.7174000000e-13	0.0000000000e+00
7.7370000000e-13	7.7370000000e-13	0.0000000000e+00
9.8596000000e-13	9.8596000000e-13	0.0000000000e+00
1.1832000000e-12	1.1832000000e-12	0.0000000000e+00
1.3371000000e-12	1.3371000000e-12	0.0000000000e+00
1.4229000000e-12	1.4229000000e-12	0.0000000000e+00
1.4259000000e-12	1.4259000000e-12	0.0000000000e+00
1.3457000000e-12	1.3457000000e-12	0.0000000000e+00
1.1959000000e-12	1.1959000000e-12	0.0000000000e+00
9.2464000000e-189	0.0000000000e+00	NA
9.8750000000e-183	0.0000000000e+00	NA
7.0052000000e-177	0.0000000000e+00	NA
3.3398000000e-171	0.0000000000e+00	NA
1.0770000000e-165	0.0000000000e+00	NA
2.3625000000e-160	0.0000000000e+00	NA
3.5440000000e-155	0.0000000000e+00	NA
3.6528000000e-150	0.0000000000e+00	NA
2.6125000000e-145	0.0000000000e+00	NA
1.3080000000e-140	0.0000000000e+00	NA
4.6616000000e-136	0.0000000000e+00	NA
1.1962000000e-131	0.0000000000e+00	NA
2.2400000000e-127	0.0000000000e+00	NA
3.0787000000e-123	0.0000000000e+00	NA
3.1113000000e-119	0.0000000000e+00	NA
2.2605000000e-115	0.0000000000e+00	NA
1.0864000000e-111	0.0000000000e+00	NA
2.9248000000e-108	0.0000000000e+00	NA
5.4383000000e-105	0.0000000000e+00	NA
6.5507000000e-102	0.0000000000e+00	NA
2.3558000000e-99	0.0000000000e+00	NA
3.7454000000e-97	0.0000000000e+00	NA
5.2088000000e-96	0.0000000000e+00	NA
4.5584000000e-94	0.0000000000e+00	NA
6.8081000000e-91	0.0000000000e+00	NA
1.3565000000e-88	0.0000000000e+00	NA
4.2718000000e-86	0.0000000000e+00	NA
1.2560000000e-83	0.0000000000e+00	NA
1.4365000000e-81	0.0000000000e+00	NA
5.6471000000e-80	0.0000000000e+00	NA
4.4290000000e-78	0.0000000000e+00	NA
5.4785000000e-76	0.0000000000e+00	NA
4.5248000000e-74	0.0000000000e+00	NA
2.2383000000e-72	0.0000000000e+00	NA
2.7722000000e-70	0.0000000000e+00	NA
1.5621000000e-68	0.0000000000e+00	NA
1.0898000000e-66	0.0000000000e+00	NA
7.1117000000e-65	0.0000000000e+00	NA
2.8741000000e-63	0.0000000000e+00	NA
9.8962000000e-62	0.0000000000e+00	NA
4.2195000000e-60	0.0000000000e+00	NA
8.8724000000e-59	0.0000000000e+00	NA
3.2677000000e-57	0.0000000000e+00	NA
1.6012000000e-55	0.0000000000e+00	NA
5.1349000000e-54	0.0000000000e+00	NA
1.0167000000e-52	0.0000000000e+00	NA
2.9787000000e-51	0.0000000000e+00	NA
5.8815000000e-50	0.0000000000e+00	NA
1.5001000000e-48	0.0000000000e+00	NA
4.4603000000e-47	0.0000000000e+00	NA
7.2273000000e-46	0.0000000000e+00	NA
9.3695000000e-45	0.0000000000e+00	NA
2.1772000000e-43	2.0039000000e-43	3.6022280372e-02
6.8170000000e-42	6.7991000000e-42	1.1418652484e-03
4.8872000000e-41	4.8827000000e-41	4.0007068788e-04
9.5125000000e-40	9.5116000000e-40	4.1091566382e-05
1.7384000000e-38	1.7384000000e-38	0.0000000000e+00
1.4773000000e-37	1.4773000000e-37	0.0000000000e+00
3.1463000000e-36	3.1463000000e-36	0.0000000000e+00
4.8657000000e-35	4.8657000000e-35	0.0000000000e+00
5.8021000000e-34	5.8020000000e-34	7.4851902674e-06
3.0429000000e-33	3.0429000000e-33	0.0000000000e+00
3.1292000000e-32	3.1292000000e-32	0.0000000000e+00
5.9220000000e-31	5.9220000000e-31	0.0000000000e+00
4.7233000000e-30	4.7232000000e-30	9.1948230967e-06
4.3996000000e-29	4.3996000000e-29	0.0000000000e+00
1.1828000000e-28	1.1828000000e-28	0.0000000000e+00
1.2165000000e-27	1.2165000000e-27	0.0000000000e+00
1.9222000000e-26	1.9222000000e-26	0.0000000000e+00
1.7684000000e-25	1.7684000000e-25	0.0000000000e+00
1.0774000000e-24	1.0774000000e-24	0.0000000000e+00
7.2666000000e-24	7.2666000000e-24	0.0000000000e+00
3.9651000000e-23	3.9651000000e-23	0.0000000000e+00
2.0920000000e-22	2.0920000000e-22	0.0000000000e+00
1.0400000000e-21	1.0400000000e-21	0.0000000000e+00
4.7865000000e-21	4.7865000000e-21	0.0000000000e+00
1.8626000000e-20	1.8626000000e-20	0.0000000000e+00
6.6434000000e-20	6.6434000000e-20	0.0000000000e+00
3.2466000000e-19	3.2466000000e-19	0.0000000000e+00
1.1681000000e-18	1.1681000000e-18	0.0000000000e+00
3.9576000000e-18	3.9576000000e-18	0.0000000000e+00
1.2628000000e-17	1.2628000000e-17	0.0000000000e+00
3.7945000000e-17	3.7945000000e-17	0.0000000000e+00
1.0737000000e-16	1.0737000000e-16	0.0000000000e+00
2.8613000000e-16	2.8613000000e-16	0.0000000000e+00
7.1805000000e-16	7.1805000000e-16	0.0000000000e+00
1.6970000000e-15	1.6970000000e-15	0.0000000000e+00
3.7766000000e-15	3.7766000000e-15	0.0000000000e+00
7.9151000000e-15	7.9151000000e-15	0.0000000000e+00
1.5622000000e-14	1.5622000000e-14	0.0000000000e+00
2.9034000000e-14	2.9034000000e-14	0.0000000000e+00
5.0818000000e-14	5.0818000000e-14	0.0000000000e+00
8.3760000000e-14	8.3760000000e-14	0.0000000000e+00
1.3001000000e-13	1.3001000000e-13	0.0000000000e+00
1.9003000000e-13	1.9003000000e-13	0.0000000000e+00
2.6157000000e-13	2.6157000000e-13	0.0000000000e+00
3.3905000000e-13	3.3905000000e-13	0.0000000000e+00
4.1387000000e-13	4.1387000000e-13	0.0000000000e+00
4.7574000000e-13	4.7574000000e-13	0.0000000000e+00
5.1497000000e-13	5.1497000000e-13	0.0000000000e+00
5.2495000000e-13	5.2495000000e-13	0.0000000000e+00
9.6752000000e-194	0.0000000000e+00	NA
1.0282000000e-187	0.0000000000e+00	NA
7.2051000000e-182	0.0000000000e+00	NA
3.3713000000e-176	0.0000000000e+00	NA
1.0654000000e-170	0.0000000000e+00	NA
2.2732000000e-165	0.0000000000e+00	NA
3.3017000000e-160	0.0000000000e+00	NA
3.2750000000e-155	0.0000000000e+00	NA
2.2384000000e-150	0.0000000000e+00	NA
1.0666000000e-145	0.0000000000e+00	NA
3.6075000000e-141	0.0000000000e+00	NA
8.8006000000e-137	0.0000000000e+00	NA
1.5847000000e-132	0.0000000000e+00	NA
2.1540000000e-128	0.0000000000e+00	NA
2.3109000000e-124	0.0000000000e+00	NA
2.0294000000e-120	0.0000000000e+00	NA
1.2553000000e-116	0.0000000000e+00	NA
3.4326000000e-113	0.0000000000e+00	NA
6.4381000000e-110	0.0000000000e+00	NA
1.9880000000e-107	0.0000000000e+00	NA
1.2795000000e-106	0.0000000000e+00	NA
1.4588000000e-102	0.0000000000e+00	NA
1.7569000000e-100	0.0000000000e+00	NA
2.1521000000e-98	0.0000000000e+00	NA
6.4674000000e-96	0.0000000000e+00	NA
2.2261000000e-93	0.0000000000e+00	NA
5.0603000000e-91	0.0000000000e+00	NA
5.2648000000e-89	0.0000000000e+00	NA
1.3955000000e-86	0.0000000000e+00	NA
1.8838000000e-84	0.0000000000e+00	NA
2.3314000000e-82	0.0000000000e+00	NA
1.3505000000e-80	0.0000000000e+00	NA
6.9026000000e-79	0.0000000000e+00	NA
7.5186000000e-77	0.0000000000e+00	NA
1.0743000000e-74	0.0000000000e+00	NA
9.1206000000e-73	0.0000000000e+00	NA
2.6960000000e-71	0.0000000000e+00	NA
2.3125000000e-69	0.0000000000e+00	NA
1.2888000000e-67	0.0000000000e+00	NA
8.9947000000e-66	0.0000000000e+00	NA
4.5901000000e-64	0.0000000000e+00	NA
1.1515000000e-62	0.0000000000e+00	NA
6.3203000000e-61	0.0000000000e+00	NA
2.0366000000e-59	0.0000000000e+00	NA
4.0772000000e-58	0.0000000000e+00	NA
8.3716000000e-57	0.0000000000e+00	NA
3.2233000000e-55	0.0000000000e+00	NA
1.3474000000e-53	0.0000000000e+00	NA
3.9264000000e-52	0.0000000000e+00	NA
1.3000000000e-50	0.0000000000e+00	NA
2.2678000000e-49	0.0000000000e+00	NA
5.7906000000e-48	0.0000000000e+00	NA
1.6787000000e-46	0.0000000000e+00	NA
2.7162000000e-45	0.0000000000e+00	NA
4.2067000000e-44	2.6625000000e-44	1.9865192505e-01
2.7253000000e-43	2.5644000000e-43	2.6428548006e-02
5.7133000000e-42	5.6795000000e-42	2.5769251731e-03
5.1727000000e-41	5.1671000000e-41	4.7042483152e-04
3.7098000000e-39	3.7097000000e-39	1.1706839596e-05
6.1556000000e-38	6.1555000000e-38	7.0553318861e-06
4.0898000000e-37	4.0898000000e-37	0.0000000000e+00
4.1138000000e-36	4.1138000000e-36	0.0000000000e+00
7.2001000000e-35	7.2001000000e-35	0.0000000000e+00
1.6075000000e-33	1.6075000000e-33	0.0000000000e+00
1.1962000000e-32	1.1962000000e-32	0.0000000000e+00
3.6139000000e-32	3.6138000000e-32	1.2017501610e-05
8.2901000000e-31	8.2901000000e-31	0.0000000000e+00
4.7540000000e-30	4.7539000000e-30	9.1354448810e-06
8.8623000000e-29	8.8623000000e-29	0.0000000000e+00
8.3627000000e-28	8.3627000000e-28	0.0000000000e+00
5.0985000000e-27	5.0985000000e-27	0.0000000000e+00
4.4955000000e-26	4.4955000000e-26	0.0000000000e+00
2.8700000000e-25	2.8700000000e-25	0.0000000000e+00
1.4722000000e-24	1.4722000000e-24	0.0000000000e+00
7.1030000000e-24	7.1030000000e-24	0.0000000000e+00
4.5787000000e-23	4.5787000000e-23	0.0000000000e+00
2.4550000000e-22	2.4551000000e-22	-1.7689842649e-05
1.0709000000e-21	1.0709000000e-21	0.0000000000e+00
5.1109000000e-21	5.1109000000e-21	0.0000000000e+00
2.1007000000e-20	2.1007000000e-20	0.0000000000e+00
8.1933000000e-20	8.1933000000e-20	0.0000000000e+00
2.9980000000e-19	2.9980000000e-19	0.0000000000e+00
1.0331000000e-18	1.0331000000e-18	0.0000000000e+00
3.3527000000e-18	3.3527000000e-18	0.0000000000e+00
1.0246000000e-17	1.0246000000e-17	0.0000000000e+00
2.9489000000e-17	2.9489000000e-17	0.0000000000e+00
7.9926000000e-17	7.9926000000e-17	0.0000000000e+00
2.0400000000e-16	2.0400000000e-16	0.0000000000e+00
4.9036000000e-16	4.9036000000e-16	0.0000000000e+00
1.1100000000e-15	1.1100000000e-15	0.0000000000e+00
2.3661000000e-15	2.3661000000e-15	0.0000000000e+00
4.7498000000e-15	4.7498000000e-15	0.0000000000e+00
8.9791000000e-15	8.9791000000e-15	0.0000000000e+00
1.5985000000e-14	1.5985000000e-14	0.0000000000e+00
2.6799000000e-14	2.6799000000e-14	0.0000000000e+00
4.2309000000e-14	4.2309000000e-14	0.0000000000e+00
6.2903000000e-14	6.2903000000e-14	0.0000000000e+00
8.8069000000e-14	8.8069000000e-14	0.0000000000e+00
1.1612000000e-13	1.1612000000e-13	0.0000000000e+00
1.4417000000e-13	1.4417000000e-13	0.0000000000e+00
1.6857000000e-13	1.6857000000e-13	0.0000000000e+00
7.0852000000e-199	0.0000000000e+00	NA
7.4522000000e-193	0.0000000000e+00	NA
5.1538000000e-187	0.0000000000e+00	NA
2.3744000000e-181	0.0000000000e+00	NA
7.3084000000e-176	0.0000000000e+00	NA
1.5169000000e-170	0.0000000000e+00	NA
2.1185000000e-165	0.0000000000e+00	NA
2.0036000000e-160	0.0000000000e+00	NA
1.2856000000e-155	0.0000000000e+00	NA
5.6723000000e-151	0.0000000000e+00	NA
1.7468000000e-146	0.0000000000e+00	NA
3.8056000000e-142	0.0000000000e+00	NA
6.0390000000e-138	0.0000000000e+00	NA
7.2797000000e-134	0.0000000000e+00	NA
7.2790000000e-130	0.0000000000e+00	NA
7.3509000000e-126	0.0000000000e+00	NA
1.0322000000e-121	0.0000000000e+00	NA
2.4287000000e-118	0.0000000000e+00	NA
5.4955000000e-116	0.0000000000e+00	NA
4.5742000000e-114	0.0000000000e+00	NA
3.9610000000e-113	0.0000000000e+00	NA
3.4851000000e-109	0.0000000000e+00	NA
1.6815000000e-107	0.0000000000e+00	NA
3.2467000000e-104	0.0000000000e+00	NA
1.4867000000e-100	0.0000000000e+00	NA
5.6857000000e-99	0.0000000000e+00	NA
3.5678000000e-96	0.0000000000e+00	NA
6.5439000000e-94	0.0000000000e+00	NA
1.6933000000e-91	0.0000000000e+00	NA
4.4509000000e-89	0.0000000000e+00	NA
4.2399000000e-87	0.0000000000e+00	NA
1.5287000000e-85	0.0000000000e+00	NA
1.8603000000e-83	0.0000000000e+00	NA
1.6145000000e-81	0.0000000000e+00	NA
1.3402000000e-79	0.0000000000e+00	NA
1.4579000000e-77	0.0000000000e+00	NA
1.1455000000e-75	0.0000000000e+00	NA
6.8927000000e-74	0.0000000000e+00	NA
4.4690000000e-72	0.0000000000e+00	NA
3.5816000000e-70	0.0000000000e+00	NA
3.0707000000e-68	0.0000000000e+00	NA
1.2253000000e-66	0.0000000000e+00	NA
6.4946000000e-65	0.0000000000e+00	NA
1.8405000000e-63	0.0000000000e+00	NA
5.9813000000e-62	0.0000000000e+00	NA
1.2446000000e-60	0.0000000000e+00	NA
2.1447000000e-59	0.0000000000e+00	NA
1.1604000000e-57	0.0000000000e+00	NA
6.7276000000e-56	0.0000000000e+00	NA
3.2217000000e-54	0.0000000000e+00	NA
6.7149000000e-53	0.0000000000e+00	NA
1.6562000000e-51	0.0000000000e+00	NA
3.8736000000e-50	0.0000000000e+00	NA
1.0475000000e-48	0.0000000000e+00	NA
1.8246000000e-47	0.0000000000e+00	NA
2.0399000000e-46	0.0000000000e+00	NA
3.2193000000e-45	0.0000000000e+00	NA
1.2301000000e-43	9.8091000000e-44	9.8311256477e-02
1.2764000000e-42	1.2570000000e-42	6.6515178355e-03
5.8250000000e-41	5.8210000000e-41	2.9833041318e-04
9.6885000000e-40	9.6882000000e-40	1.3447939492e-05
9.7100000000e-39	9.7099000000e-39	4.4726747502e-06
9.3778000000e-38	9.3778000000e-38	0.0000000000e+00
2.0466000000e-36	2.0466000000e-36	0.0000000000e+00
2.0967000000e-35	2.0967000000e-35	0.0000000000e+00
6.8676000000e-35	6.8675000000e-35	6.3238634143e-06
6.6509000000e-34	6.6508000000e-34	6.5299094388e-06
2.0928000000e-32	2.0928000000e-32	0.0000000000e+00
2.5814000000e-31	2.5814000000e-31	0.0000000000e+00
2.9957000000e-30	2.9958000000e-30	-1.4497020177e-05
1.9969000000e-29	1.9969000000e-29	0.0000000000e+00
1.3265000000e-28	1.3265000000e-28	0.0000000000e+00
7.0198000000e-28	7.0198000000e-28	0.0000000000e+00
5.3042000000e-27	5.3042000000e-27	0.0000000000e+00
6.3546000000e-26	6.3546000000e-26	0.0000000000e+00
3.2724000000e-25	3.2724000000e-25	0.0000000000e+00
2.1921000000e-24	2.1922000000e-24	-1.9811348766e-05
1.1725000000e-23	1.1725000000e-23	0.0000000000e+00
5.8904000000e-23	5.8904000000e-23	0.0000000000e+00
2.7736000000e-22	2.7736000000e-22	0.0000000000e+00
1.2418000000e-21	1.2418000000e-21	0.0000000000e+00
5.2106000000e-21	5.2106000000e-21	0.0000000000e+00
2.0591000000e-20	2.0591000000e-20	0.0000000000e+00
7.6631000000e-20	7.6631000000e-20	0.0000000000e+00
2.6857000000e-19	2.6857000000e-19	0.0000000000e+00
8.8645000000e-19	8.8645000000e-19	0.0000000000e+00
2.7554000000e-18	2.7554000000e-18	0.0000000000e+00
8.0655000000e-18	8.0655000000e-18	0.0000000000e+00
2.2234000000e-17	2.2234000000e-17	0.0000000000e+00
5.7720000000e-17	5.7720000000e-17	0.0000000000e+00
1.4111000000e-16	1.4111000000e-16	0.0000000000e+00
3.2488000000e-16	3.2488000000e-16	0.0000000000e+00
7.0439000000e-16	7.0439000000e-16	0.0000000000e+00
1.4382000000e-15	1.4382000000e-15	0.0000000000e+00
2.7654000000e-15	2.7654000000e-15	0.0000000000e+00
5.0075000000e-15	5.0075000000e-15	0.0000000000e+00
8.5388000000e-15	8.5388000000e-15	0.0000000000e+00
1.3712000000e-14	1.3712000000e-14	0.0000000000e+00
2.0736000000e-14	2.0736000000e-14	0.0000000000e+00
2.9530000000e-14	2.9530000000e-14	0.0000000000e+00
3.9603000000e-14	3.9603000000e-14	0.0000000000e+00
3.6337000000e-204	0.0000000000e+00	NA
3.7981000000e-198	0.0000000000e+00	NA
2.5892000000e-192	0.0000000000e+00	NA
1.1701000000e-186	0.0000000000e+00	NA
3.5252000000e-181	0.0000000000e+00	NA
7.0682000000e-176	0.0000000000e+00	NA
9.4612000000e-171	0.0000000000e+00	NA
8.4609000000e-166	0.0000000000e+00	NA
5.0378000000e-161	0.0000000000e+00	NA
1.9928000000e-156	0.0000000000e+00	NA
5.2839000000e-152	0.0000000000e+00	NA
9.5617000000e-148	0.0000000000e+00	NA
1.2012000000e-143	0.0000000000e+00	NA
1.0707000000e-139	0.0000000000e+00	NA
7.0590000000e-136	0.0000000000e+00	NA
3.8645000000e-132	0.0000000000e+00	NA
1.5862000000e-128	0.0000000000e+00	NA
2.1103000000e-125	0.0000000000e+00	NA
1.6003000000e-122	0.0000000000e+00	NA
9.3352000000e-122	0.0000000000e+00	NA
1.4946000000e-119	0.0000000000e+00	NA
1.6230000000e-115	0.0000000000e+00	NA
3.5728000000e-112	0.0000000000e+00	NA
7.4856000000e-110	0.0000000000e+00	NA
1.6511000000e-106	0.0000000000e+00	NA
2.4404000000e-103	0.0000000000e+00	NA
3.8071000000e-101	0.0000000000e+00	NA
7.0007000000e-99	0.0000000000e+00	NA
9.6658000000e-97	0.0000000000e+00	NA
7.6841000000e-95	0.0000000000e+00	NA
1.3949000000e-92	0.0000000000e+00	NA
2.2041000000e-90	0.0000000000e+00	NA
2.3704000000e-88	0.0000000000e+00	NA
7.5973000000e-86	0.0000000000e+00	NA
5.2091000000e-84	0.0000000000e+00	NA
2.7830000000e-82	0.0000000000e+00	NA
3.2642000000e-80	0.0000000000e+00	NA
3.1336000000e-78	0.0000000000e+00	NA
2.8509000000e-76	0.0000000000e+00	NA
2.2266000000e-74	0.0000000000e+00	NA
1.4147000000e-72	0.0000000000e+00	NA
3.4827000000e-71	0.0000000000e+00	NA
2.9590000000e-69	0.0000000000e+00	NA
8.2581000000e-68	0.0000000000e+00	NA
3.6798000000e-66	0.0000000000e+00	NA
1.5862000000e-64	0.0000000000e+00	NA
1.2076000000e-62	0.0000000000e+00	NA
3.3518000000e-61	0.0000000000e+00	NA
1.3407000000e-59	0.0000000000e+00	NA
3.8951000000e-58	0.0000000000e+00	NA
1.2794000000e-56	0.0000000000e+00	NA
3.8507000000e-55	0.0000000000e+00	NA
1.5113000000e-53	0.0000000000e+00	NA
2.0449000000e-52	0.0000000000e+00	NA
5.8020000000e-51	0.0000000000e+00	NA
1.0149000000e-49	0.0000000000e+00	NA
9.7868000000e-49	0.0000000000e+00	NA
3.9001000000e-47	0.0000000000e+00	NA
1.0059000000e-45	0.0000000000e+00	NA
1.7467000000e-44	0.0000000000e+00	NA
6.4665000000e-43	6.1377000000e-43	2.2663624847e-02
5.0244000000e-42	4.9802000000e-42	3.8374229839e-03
1.5082000000e-40	1.5079000000e-40	8.6395242201e-05
2.4071000000e-39	2.4071000000e-39	0.0000000000e+00
1.6094000000e-38	1.6094000000e-38	0.0000000000e+00
1.4620000000e-37	1.4620000000e-37	0.0000000000e+00
2.9048000000e-36	2.9048000000e-36	0.0000000000e+00
4.8863000000e-35	4.8863000000e-35	0.0000000000e+00
6.1300000000e-34	6.1300000000e-34	0.0000000000e+00
7.2884000000e-33	7.2884000000e-33	0.0000000000e+00
6.4033000000e-32	6.4033000000e-32	0.0000000000e+00
3.3570000000e-31	3.3570000000e-31	0.0000000000e+00
4.5253000000e-30	4.5253000000e-30	0.0000000000e+00
4.0554000000e-29	4.0554000000e-29	0.0000000000e+00
3.0555000000e-28	3.0555000000e-28	0.0000000000e+00
1.8700000000e-27	1.8700000000e-27	0.0000000000e+00
1.3719000000e-26	1.3719000000e-26	0.0000000000e+00
8.6280000000e-26	8.6280000000e-26	0.0000000000e+00
4.9704000000e-25	4.9704000000e-25	0.0000000000e+00
2.1634000000e-24	2.1635000000e-24	-2.0074163118e-05
1.3778000000e-23	1.3778000000e-23	0.0000000000e+00
6.6297000000e-23	6.6297000000e-23	0.0000000000e+00
3.0044000000e-22	3.0044000000e-22	0.0000000000e+00
1.2822000000e-21	1.2822000000e-21	0.0000000000e+00
5.1532000000e-21	5.1532000000e-21	0.0000000000e+00
1.9505000000e-20	1.9505000000e-20	0.0000000000e+00
6.9528000000e-20	6.9528000000e-20	0.0000000000e+00
2.3340000000e-19	2.3340000000e-19	0.0000000000e+00
7.3787000000e-19	7.3787000000e-19	0.0000000000e+00
2.1968000000e-18	2.1968000000e-18	0.0000000000e+00
6.1593000000e-18	6.1593000000e-18	0.0000000000e+00
1.6263000000e-17	1.6263000000e-17	0.0000000000e+00
4.0439000000e-17	4.0439000000e-17	0.0000000000e+00
9.4695000000e-17	9.4695000000e-17	0.0000000000e+00
2.0883000000e-16	2.0883000000e-16	0.0000000000e+00
4.3368000000e-16	4.3368000000e-16	0.0000000000e+00
8.4816000000e-16	8.4816000000e-16	0.0000000000e+00
1.5621000000e-15	1.5621000000e-15	0.0000000000e+00
2.7094000000e-15	2.7094000000e-15	0.0000000000e+00
4.4254000000e-15	4.4254000000e-15	0.0000000000e+00
6.8070000000e-15	6.8070000000e-15	0.0000000000e+00
1.3095000000e-209	0.0000000000e+00	NA
1.3628000000e-203	0.0000000000e+00	NA
9.1693000000e-198	0.0000000000e+00	NA
4.0781000000e-192	0.0000000000e+00	NA
1.2001000000e-186	0.0000000000e+00	NA
2.3341000000e-181	0.0000000000e+00	NA
2.9971000000e-176	0.0000000000e+00	NA
2.5219000000e-171	0.0000000000e+00	NA
1.3782000000e-166	0.0000000000e+00	NA
4.7998000000e-162	0.0000000000e+00	NA
1.0690000000e-157	0.0000000000e+00	NA
1.5264000000e-153	0.0000000000e+00	NA
1.3849000000e-149	0.0000000000e+00	NA
7.8149000000e-146	0.0000000000e+00	NA
2.5937000000e-142	0.0000000000e+00	NA
5.3253000000e-139	0.0000000000e+00	NA
5.8473000000e-136	0.0000000000e+00	NA
3.4919000000e-133	0.0000000000e+00	NA
2.1001000000e-130	0.0000000000e+00	NA
2.7624000000e-127	0.0000000000e+00	NA
2.2512000000e-125	0.0000000000e+00	NA
2.5166000000e-122	0.0000000000e+00	NA
3.9787000000e-117	0.0000000000e+00	NA
7.2532000000e-115	0.0000000000e+00	NA
3.1859000000e-112	0.0000000000e+00	NA
8.5174000000e-110	0.0000000000e+00	NA
4.7292000000e-106	0.0000000000e+00	NA
2.7462000000e-104	0.0000000000e+00	NA
9.8171000000e-102	0.0000000000e+00	NA
1.0430000000e-99	0.0000000000e+00	NA
4.2666000000e-97	0.0000000000e+00	NA
4.6144000000e-95	0.0000000000e+00	NA
2.2607000000e-93	0.0000000000e+00	NA
5.3229000000e-91	0.0000000000e+00	NA
9.6852000000e-89	0.0000000000e+00	NA
7.0209000000e-87	0.0000000000e+00	NA
7.4753000000e-85	0.0000000000e+00	NA
7.6650000000e-83	0.0000000000e+00	NA
1.0688000000e-80	0.0000000000e+00	NA
5.0894000000e-79	0.0000000000e+00	NA
3.7138000000e-77	0.0000000000e+00	NA
1.7741000000e-75	0.0000000000e+00	NA
1.7961000000e-73	0.0000000000e+00	NA
6.4075000000e-72	0.0000000000e+00	NA
2.4102000000e-70	0.0000000000e+00	NA
1.4024000000e-68	0.0000000000e+00	NA
8.3885000000e-67	0.0000000000e+00	NA
3.0668000000e-65	0.0000000000e+00	NA
1.3688000000e-63	0.0000000000e+00	NA
6.9626000000e-62	0.0000000000e+00	NA
1.6559000000e-60	0.0000000000e+00	NA
5.5074000000e-59	0.0000000000e+00	NA
1.9948000000e-57	0.0000000000e+00	NA
5.9927000000e-56	0.0000000000e+00	NA
1.3948000000e-54	0.0000000000e+00	NA
4.2049000000e-53	0.0000000000e+00	NA
5.1171000000e-52	0.0000000000e+00	NA
2.8647000000e-50	0.0000000000e+00	NA
5.1830000000e-49	0.0000000000e+00	NA
8.9348000000e-48	0.0000000000e+00	NA
3.4211000000e-46	0.0000000000e+00	NA
7.1290000000e-45	0.0000000000e+00	NA
1.2094000000e-43	9.5288000000e-44	1.0353175263e-01
1.1801000000e-42	1.1561000000e-42	8.9234091773e-03
2.1495000000e-41	2.1455000000e-41	8.0893058434e-04
3.3846000000e-40	3.3841000000e-40	6.4162170386e-05
5.4668000000e-39	5.4667000000e-39	7.9442901526e-06
5.1823000000e-38	5.1823000000e-38	0.0000000000e+00
8.0092000000e-37	8.0092000000e-37	0.0000000000e+00
1.3239000000e-35	1.3239000000e-35	0.0000000000e+00
1.3987000000e-34	1.3987000000e-34	0.0000000000e+00
1.3410000000e-33	1.3410000000e-33	0.0000000000e+00
1.3957000000e-32	1.3957000000e-32	0.0000000000e+00
1.1817000000e-31	1.1817000000e-31	0.0000000000e+00
5.8816000000e-31	5.8816000000e-31	0.0000000000e+00
8.6970000000e-30	8.6970000000e-30	0.0000000000e+00
6.2186000000e-29	6.2187000000e-29	-6.9837421613e-06
4.6456000000e-28	4.6456000000e-28	0.0000000000e+00
3.0706000000e-27	3.0706000000e-27	0.0000000000e+00
1.3123000000e-26	1.3123000000e-26	0.0000000000e+00
1.1192000000e-25	1.1192000000e-25	0.0000000000e+00
6.1754000000e-25	6.1755000000e-25	-7.0325965220e-06
3.2090000000e-24	3.2091000000e-24	-1.3533428334e-05
1.5705000000e-23	1.5705000000e-23	0.0000000000e+00
7.2381000000e-23	7.2381000000e-23	0.0000000000e+00
3.1417000000e-22	3.1417000000e-22	0.0000000000e+00
1.2842000000e-21	1.2842000000e-21	0.0000000000e+00
4.9438000000e-21	4.9438000000e-21	0.0000000000e+00
1.7923000000e-20	1.7923000000e-20	0.0000000000e+00
6.1195000000e-20	6.1195000000e-20	0.0000000000e+00
1.9676000000e-19	1.9676000000e-19	0.0000000000e+00
5.9582000000e-19	5.9582000000e-19	0.0000000000e+00
1.6991000000e-18	1.6991000000e-18	0.0000000000e+00
4.5629000000e-18	4.5629000000e-18	0.0000000000e+00
1.1540000000e-17	1.1540000000e-17	0.0000000000e+00
2.7485000000e-17	2.7485000000e-17	0.0000000000e+00
6.1649000000e-17	6.1649000000e-17	0.0000000000e+00
1.3022000000e-16	1.3022000000e-16	0.0000000000e+00
2.5904000000e-16	2.5904000000e-16	0.0000000000e+00
4.8526000000e-16	4.8526000000e-16	0.0000000000e+00
8.5607000000e-16	8.5607000000e-16	0.0000000000e+00
3.3381000000e-215	0.0000000000e+00	NA
3.4562000000e-209	0.0000000000e+00	NA
2.3102000000e-203	0.0000000000e+00	NA
1.0121000000e-197	0.0000000000e+00	NA
2.9250000000e-192	0.0000000000e+00	NA
5.5424000000e-187	0.0000000000e+00	NA
6.8491000000e-182	0.0000000000e+00	NA
5.4684000000e-177	0.0000000000e+00	NA
2.7460000000e-172	0.0000000000e+00	NA
8.5128000000e-168	0.0000000000e+00	NA
1.5957000000e-163	0.0000000000e+00	NA
1.7749000000e-159	0.0000000000e+00	NA
1.1348000000e-155	0.0000000000e+00	NA
4.0330000000e-152	0.0000000000e+00	NA
7.1935000000e-149	0.0000000000e+00	NA
5.9094000000e-146	0.0000000000e+00	NA
1.9302000000e-143	0.0000000000e+00	NA
1.5233000000e-139	0.0000000000e+00	NA
8.5893000000e-136	0.0000000000e+00	NA
3.3308000000e-131	0.0000000000e+00	NA
5.3628000000e-129	0.0000000000e+00	NA
4.9166000000e-125	0.0000000000e+00	NA
7.7182000000e-122	0.0000000000e+00	NA
1.6723000000e-119	0.0000000000e+00	NA
1.6852000000e-117	0.0000000000e+00	NA
2.0856000000e-114	0.0000000000e+00	NA
2.3412000000e-112	0.0000000000e+00	NA
1.6489000000e-109	0.0000000000e+00	NA
1.0812000000e-106	0.0000000000e+00	NA
5.7164000000e-105	0.0000000000e+00	NA
1.3580000000e-102	0.0000000000e+00	NA
3.7817000000e-100	0.0000000000e+00	NA
7.5541000000e-98	0.0000000000e+00	NA
3.3893000000e-96	0.0000000000e+00	NA
8.8680000000e-94	0.0000000000e+00	NA
7.0380000000e-92	0.0000000000e+00	NA
1.6840000000e-89	0.0000000000e+00	NA
8.0890000000e-88	0.0000000000e+00	NA
1.1914000000e-85	0.0000000000e+00	NA
8.2390000000e-84	0.0000000000e+00	NA
1.3306000000e-81	0.0000000000e+00	NA
9.8230000000e-80	0.0000000000e+00	NA
2.2305000000e-78	0.0000000000e+00	NA
2.2802000000e-76	0.0000000000e+00	NA
1.4484000000e-74	0.0000000000e+00	NA
6.6757000000e-73	0.0000000000e+00	NA
4.0045000000e-71	0.0000000000e+00	NA
2.4323000000e-69	0.0000000000e+00	NA
9.5219000000e-68	0.0000000000e+00	NA
4.3672000000e-66	0.0000000000e+00	NA
1.7066000000e-64	0.0000000000e+00	NA
6.2802000000e-63	0.0000000000e+00	NA
3.4259000000e-61	0.0000000000e+00	NA
7.1148000000e-60	0.0000000000e+00	NA
3.4888000000e-58	0.0000000000e+00	NA
1.0511000000e-56	0.0000000000e+00	NA
2.7201000000e-55	0.0000000000e+00	NA
8.5237000000e-54	0.0000000000e+00	NA
1.8601000000e-52	0.0000000000e+00	NA
2.9805000000e-51	0.0000000000e+00	NA
1.1665000000e-49	0.0000000000e+00	NA
3.7303000000e-48	0.0000000000e+00	NA
5.3003000000e-47	0.0000000000e+00	NA
1.1026000000e-45	0.0000000000e+00	NA
2.0102000000e-44	0.0000000000e+00	NA
1.6656000000e-43	1.2472000000e-43	1.2563460999e-01
5.0052000000e-42	4.9578000000e-42	4.1324327534e-03
2.8324000000e-41	2.8266000000e-41	8.9023109279e-04
5.1264000000e-40	5.1259000000e-40	4.2360688065e-05
1.4720000000e-38	1.4720000000e-38	0.0000000000e+00
8.4388000000e-38	8.4388000000e-38	0.0000000000e+00
2.0120000000e-36	2.0120000000e-36	0.0000000000e+00
2.3659000000e-35	2.3659000000e-35	0.0000000000e+00
2.0563000000e-34	2.0563000000e-34	0.0000000000e+00
2.8931000000e-33	2.8931000000e-33	0.0000000000e+00
2.6103000000e-32	2.6103000000e-32	0.0000000000e+00
2.0170000000e-31	2.0170000000e-31	0.0000000000e+00
1.8337000000e-30	1.8337000000e-30	0.0000000000e+00
1.3889000000e-29	1.3889000000e-29	0.0000000000e+00
7.8223000000e-29	7.8223000000e-29	0.0000000000e+00
6.6560000000e-28	6.6560000000e-28	0.0000000000e+00
4.2113000000e-27	4.2113000000e-27	0.0000000000e+00
2.5094000000e-26	2.5094000000e-26	0.0000000000e+00
1.4082000000e-25	1.4082000000e-25	0.0000000000e+00
7.4424000000e-25	7.4424000000e-25	0.0000000000e+00
3.7043000000e-24	3.7043000000e-24	0.0000000000e+00
1.7364000000e-23	1.7364000000e-23	0.0000000000e+00
7.6653000000e-23	7.6653000000e-23	0.0000000000e+00
3.1868000000e-22	3.1868000000e-22	0.0000000000e+00
1.2477000000e-21	1.2477000000e-21	0.0000000000e+00
4.6008000000e-21	4.6008000000e-21	0.0000000000e+00
1.5976000000e-20	1.5976000000e-20	0.0000000000e+00
5.2248000000e-20	5.2248000000e-20	0.0000000000e+00
1.6091000000e-19	1.6091000000e-19	0.0000000000e+00
4.6671000000e-19	4.6671000000e-19	0.0000000000e+00
1.2748000000e-18	1.2748000000e-18	0.0000000000e+00
3.2792000000e-18	3.2792000000e-18	0.0000000000e+00
7.9438000000e-18	7.9438000000e-18	0.0000000000e+00
1.8123000000e-17	1.8123000000e-17	0.0000000000e+00
3.8936000000e-17	3.8936000000e-17	0.0000000000e+00
7.8778000000e-17	7.8778000000e-17	0.0000000000e+00
6.0283000000e-221	0.0000000000e+00	NA
6.2223000000e-215	0.0000000000e+00	NA
4.1394000000e-209	0.0000000000e+00	NA
1.7979000000e-203	0.0000000000e+00	NA
5.1323000000e-198	0.0000000000e+00	NA
9.5464000000e-193	0.0000000000e+00	NA
1.1508000000e-187	0.0000000000e+00	NA
8.8634000000e-183	0.0000000000e+00	NA
4.1995000000e-178	0.0000000000e+00	NA
1.1911000000e-173	0.0000000000e+00	NA
1.9608000000e-169	0.0000000000e+00	NA
1.7944000000e-165	0.0000000000e+00	NA
8.8495000000e-162	0.0000000000e+00	NA
2.2620000000e-158	0.0000000000e+00	NA
2.7602000000e-155	0.0000000000e+00	NA
1.7515000000e-152	0.0000000000e+00	NA
8.3537000000e-150	0.0000000000e+00	NA
1.7876000000e-145	0.0000000000e+00	NA
1.3479000000e-141	0.0000000000e+00	NA
3.7699000000e-138	0.0000000000e+00	NA
1.2819000000e-135	0.0000000000e+00	NA
5.2648000000e-132	0.0000000000e+00	NA
5.6087000000e-129	0.0000000000e+00	NA
2.7644000000e-125	0.0000000000e+00	NA
1.2147000000e-121	0.0000000000e+00	NA
6.1469000000e-119	0.0000000000e+00	NA
5.0055000000e-117	0.0000000000e+00	NA
6.9547000000e-115	0.0000000000e+00	NA
1.1755000000e-112	0.0000000000e+00	NA
7.9012000000e-110	0.0000000000e+00	NA
1.7032000000e-107	0.0000000000e+00	NA
3.0050000000e-105	0.0000000000e+00	NA
2.8417000000e-103	0.0000000000e+00	NA
3.6750000000e-101	0.0000000000e+00	NA
1.0278000000e-98	0.0000000000e+00	NA
5.6999000000e-97	0.0000000000e+00	NA
6.3954000000e-95	0.0000000000e+00	NA
1.1868000000e-92	0.0000000000e+00	NA
1.1785000000e-90	0.0000000000e+00	NA
1.1125000000e-88	0.0000000000e+00	NA
1.5232000000e-86	0.0000000000e+00	NA
2.2153000000e-84	0.0000000000e+00	NA
1.2794000000e-82	0.0000000000e+00	NA
5.8311000000e-81	0.0000000000e+00	NA
5.2104000000e-79	0.0000000000e+00	NA
2.7072000000e-77	0.0000000000e+00	NA
1.6346000000e-75	0.0000000000e+00	NA
1.0860000000e-73	0.0000000000e+00	NA
6.8970000000e-72	0.0000000000e+00	NA
3.2670000000e-70	0.0000000000e+00	NA
2.1071000000e-68	0.0000000000e+00	NA
5.4524000000e-67	0.0000000000e+00	NA
2.5819000000e-65	0.0000000000e+00	NA
1.4965000000e-63	0.0000000000e+00	NA
4.6517000000e-62	0.0000000000e+00	NA
1.2170000000e-60	0.0000000000e+00	NA
4.6508000000e-59	0.0000000000e+00	NA
6.9831000000e-58	0.0000000000e+00	NA
1.8085000000e-56	0.0000000000e+00	NA
5.5377000000e-55	0.0000000000e+00	NA
1.7107000000e-53	0.0000000000e+00	NA
1.1217000000e-51	0.0000000000e+00	NA
2.1365000000e-50	0.0000000000e+00	NA
5.0443000000e-49	0.0000000000e+00	NA
1.1048000000e-47	0.0000000000e+00	NA
1.3137000000e-46	0.0000000000e+00	NA
2.8733000000e-45	0.0000000000e+00	NA
4.2631000000e-44	2.9427000000e-44	1.6097953081e-01
6.3978000000e-43	6.0676000000e-43	2.3013716929e-02
1.1544000000e-41	1.1526000000e-41	6.7770284010e-04
1.7694000000e-40	1.7689000000e-40	1.2274100127e-04
2.6001000000e-39	2.6001000000e-39	0.0000000000e+00
3.4099000000e-38	3.4099000000e-38	0.0000000000e+00
3.6956000000e-37	3.6956000000e-37	0.0000000000e+00
5.4464000000e-36	5.4464000000e-36	0.0000000000e+00
4.4106000000e-35	4.4106000000e-35	0.0000000000e+00
5.7433000000e-34	5.7433000000e-34	0.0000000000e+00
5.2800000000e-33	5.2800000000e-33	0.0000000000e+00
4.5995000000e-32	4.5996000000e-32	-9.4421080740e-06
3.7621000000e-31	3.7621000000e-31	0.0000000000e+00
2.8825000000e-30	2.8825000000e-30	0.0000000000e+00
2.1025000000e-29	2.1025000000e-29	0.0000000000e+00
1.4365000000e-28	1.4365000000e-28	0.0000000000e+00
9.2438000000e-28	9.2439000000e-28	-4.6981991477e-06
5.6020000000e-27	5.6020000000e-27	0.0000000000e+00
3.1973000000e-26	3.1973000000e-26	0.0000000000e+00
1.7186000000e-25	1.7186000000e-25	0.0000000000e+00
8.6998000000e-25	8.6998000000e-25	0.0000000000e+00
4.1476000000e-24	4.1476000000e-24	0.0000000000e+00
1.8622000000e-23	1.8622000000e-23	0.0000000000e+00
7.8741000000e-23	7.8741000000e-23	0.0000000000e+00
3.1356000000e-22	3.1356000000e-22	0.0000000000e+00
1.1759000000e-21	1.1759000000e-21	0.0000000000e+00
4.1532000000e-21	4.1532000000e-21	0.0000000000e+00
1.3814000000e-20	1.3814000000e-20	0.0000000000e+00
4.3272000000e-20	4.3272000000e-20	0.0000000000e+00
1.2765000000e-19	1.2765000000e-19	0.0000000000e+00
3.5463000000e-19	3.5463000000e-19	0.0000000000e+00
9.2784000000e-19	9.2784000000e-19	0.0000000000e+00
2.2861000000e-18	2.2861000000e-18	0.0000000000e+00
5.3047000000e-18	5.3047000000e-18	0.0000000000e+00
7.7263000000e-227	0.0000000000e+00	NA
7.9677000000e-221	0.0000000000e+00	NA
5.3009000000e-215	0.0000000000e+00	NA
2.2986000000e-209	0.0000000000e+00	NA
6.5411000000e-204	0.0000000000e+00	NA
1.2105000000e-198	0.0000000000e+00	NA
1.4449000000e-193	0.0000000000e+00	NA
1.0935000000e-188	0.0000000000e+00	NA
5.0798000000e-184	0.0000000000e+00	NA
1.3908000000e-179	0.0000000000e+00	NA
2.1792000000e-175	0.0000000000e+00	NA
1.8589000000e-171	0.0000000000e+00	NA
8.3718000000e-168	0.0000000000e+00	NA
1.9178000000e-164	0.0000000000e+00	NA
2.0694000000e-161	0.0000000000e+00	NA
1.2381000000e-158	0.0000000000e+00	NA
2.2883000000e-155	0.0000000000e+00	NA
2.3947000000e-151	0.0000000000e+00	NA
1.0929000000e-147	0.0000000000e+00	NA
1.6661000000e-144	0.0000000000e+00	NA
1.4722000000e-142	0.0000000000e+00	NA
3.5388000000e-139	0.0000000000e+00	NA
6.0376000000e-135	0.0000000000e+00	NA
8.9542000000e-134	0.0000000000e+00	NA
2.8299000000e-129	0.0000000000e+00	NA
2.3160000000e-126	0.0000000000e+00	NA
8.8590000000e-123	0.0000000000e+00	NA
5.5274000000e-120	0.0000000000e+00	NA
1.9091000000e-118	0.0000000000e+00	NA
7.7983000000e-116	0.0000000000e+00	NA
2.1993000000e-113	0.0000000000e+00	NA
2.5056000000e-111	0.0000000000e+00	NA
5.5182000000e-109	0.0000000000e+00	NA
1.6221000000e-106	0.0000000000e+00	NA
2.3578000000e-104	0.0000000000e+00	NA
2.9009000000e-102	0.0000000000e+00	NA
5.6806000000e-100	0.0000000000e+00	NA
2.7234000000e-98	0.0000000000e+00	NA
7.4422000000e-96	0.0000000000e+00	NA
1.1461000000e-93	0.0000000000e+00	NA
1.3189000000e-91	0.0000000000e+00	NA
1.6791000000e-89	0.0000000000e+00	NA
4.3949000000e-87	0.0000000000e+00	NA
1.0348000000e-85	0.0000000000e+00	NA
5.3188000000e-84	0.0000000000e+00	NA
6.4147000000e-82	0.0000000000e+00	NA
7.6164000000e-80	0.0000000000e+00	NA
3.8267000000e-78	0.0000000000e+00	NA
3.2834000000e-76	0.0000000000e+00	NA
1.4547000000e-74	0.0000000000e+00	NA
6.7941000000e-73	0.0000000000e+00	NA
5.3293000000e-71	0.0000000000e+00	NA
2.2346000000e-69	0.0000000000e+00	NA
1.2081000000e-67	0.0000000000e+00	NA
3.8866000000e-66	0.0000000000e+00	NA
7.5442000000e-65	0.0000000000e+00	NA
1.5570000000e-63	0.0000000000e+00	NA
2.2756000000e-62	0.0000000000e+00	NA
5.2144000000e-61	0.0000000000e+00	NA
8.3023000000e-60	0.0000000000e+00	NA
2.3697000000e-58	0.0000000000e+00	NA
1.0942000000e-55	0.0000000000e+00	NA
7.5750000000e-54	0.0000000000e+00	NA
1.5110000000e-52	0.0000000000e+00	NA
4.4717000000e-51	0.0000000000e+00	NA
7.4862000000e-50	0.0000000000e+00	NA
1.5231000000e-48	0.0000000000e+00	NA
2.8206000000e-47	0.0000000000e+00	NA
1.9780000000e-46	0.0000000000e+00	NA
4.2892000000e-45	0.0000000000e+00	NA
1.3188000000e-43	1.0790000000e-43	8.7157493788e-02
2.0146000000e-42	1.9983000000e-42	3.5281412383e-03
4.1640000000e-41	4.1586000000e-41	5.6357160776e-04
5.5904000000e-40	5.5899000000e-40	3.8844617961e-05
4.9810000000e-39	4.9809000000e-39	8.7191094453e-06
9.2033000000e-38	9.2033000000e-38	0.0000000000e+00
1.0592000000e-36	1.0592000000e-36	0.0000000000e+00
1.1199000000e-35	1.1199000000e-35	0.0000000000e+00
1.1134000000e-34	1.1134000000e-34	0.0000000000e+00
1.0459000000e-33	1.0459000000e-33	0.0000000000e+00
9.2346000000e-33	9.2346000000e-33	0.0000000000e+00
7.6847000000e-32	7.6848000000e-32	-5.6513807464e-06
6.0206000000e-31	6.0206000000e-31	0.0000000000e+00
4.4423000000e-30	4.4423000000e-30	0.0000000000e+00
3.0869000000e-29	3.0869000000e-29	0.0000000000e+00
2.0202000000e-28	2.0202000000e-28	0.0000000000e+00
1.2452000000e-27	1.2452000000e-27	0.0000000000e+00
7.2279000000e-27	7.2279000000e-27	0.0000000000e+00
3.9514000000e-26	3.9514000000e-26	0.0000000000e+00
2.0344000000e-25	2.0344000000e-25	0.0000000000e+00
9.8642000000e-25	9.8642000000e-25	0.0000000000e+00
4.5044000000e-24	4.5045000000e-24	-9.6414541602e-06
1.9372000000e-23	1.9372000000e-23	0.0000000000e+00
7.8458000000e-23	7.8458000000e-23	0.0000000000e+00
2.9926000000e-22	2.9926000000e-22	0.0000000000e+00
1.0750000000e-21	1.0750000000e-21	0.0000000000e+00
3.6367000000e-21	3.6367000000e-21	0.0000000000e+00
1.1586000000e-20	1.1586000000e-20	0.0000000000e+00
3.4764000000e-20	3.4764000000e-20	0.0000000000e+00
9.8231000000e-20	9.8231000000e-20	0.0000000000e+00
2.6140000000e-19	2.6140000000e-19	0.0000000000e+00
7.0200000000e-233	0.0000000000e+00	NA
7.2721000000e-227	0.0000000000e+00	NA
4.8503000000e-221	0.0000000000e+00	NA
2.1164000000e-215	0.0000000000e+00	NA
6.0484000000e-210	0.0000000000e+00	NA
1.1275000000e-204	0.0000000000e+00	NA
1.3553000000e-199	0.0000000000e+00	NA
1.0395000000e-194	0.0000000000e+00	NA
4.9454000000e-190	0.0000000000e+00	NA
1.3953000000e-185	0.0000000000e+00	NA
2.2899000000e-181	0.0000000000e+00	NA
2.1193000000e-177	0.0000000000e+00	NA
1.0770000000e-173	0.0000000000e+00	NA
3.0048000000e-170	0.0000000000e+00	NA
4.3250000000e-167	0.0000000000e+00	NA
3.0417000000e-164	0.0000000000e+00	NA
2.0953000000e-161	0.0000000000e+00	NA
1.3562000000e-155	0.0000000000e+00	NA
6.9128000000e-154	0.0000000000e+00	NA
5.9756000000e-151	0.0000000000e+00	NA
1.8339000000e-148	0.0000000000e+00	NA
2.9411000000e-147	0.0000000000e+00	NA
7.2585000000e-143	0.0000000000e+00	NA
2.2285000000e-141	0.0000000000e+00	NA
3.1799000000e-137	0.0000000000e+00	NA
2.3459000000e-132	0.0000000000e+00	NA
4.6964000000e-128	0.0000000000e+00	NA
9.1567000000e-126	0.0000000000e+00	NA
1.0042000000e-123	0.0000000000e+00	NA
3.6766000000e-121	0.0000000000e+00	NA
1.2524000000e-118	0.0000000000e+00	NA
7.4804000000e-117	0.0000000000e+00	NA
1.8448000000e-114	0.0000000000e+00	NA
3.0743000000e-112	0.0000000000e+00	NA
6.0923000000e-110	0.0000000000e+00	NA
1.2935000000e-107	0.0000000000e+00	NA
2.7403000000e-105	0.0000000000e+00	NA
4.2455000000e-103	0.0000000000e+00	NA
1.0830000000e-100	0.0000000000e+00	NA
1.0788000000e-98	0.0000000000e+00	NA
1.1159000000e-96	0.0000000000e+00	NA
3.6214000000e-94	0.0000000000e+00	NA
2.8305000000e-92	0.0000000000e+00	NA
2.7571000000e-90	0.0000000000e+00	NA
1.4136000000e-88	0.0000000000e+00	NA
3.5380000000e-87	0.0000000000e+00	NA
1.2247000000e-84	0.0000000000e+00	NA
1.9335000000e-82	0.0000000000e+00	NA
1.1552000000e-80	0.0000000000e+00	NA
4.9441000000e-79	0.0000000000e+00	NA
3.8129000000e-77	0.0000000000e+00	NA
1.9832000000e-75	0.0000000000e+00	NA
1.5478000000e-73	0.0000000000e+00	NA
3.6430000000e-72	0.0000000000e+00	NA
5.3955000000e-71	0.0000000000e+00	NA
9.9281000000e-69	0.0000000000e+00	NA
2.7761000000e-68	0.0000000000e+00	NA
4.2006000000e-66	0.0000000000e+00	NA
4.1765000000e-64	0.0000000000e+00	NA
1.2670000000e-62	0.0000000000e+00	NA
2.0106000000e-61	0.0000000000e+00	NA
2.1397000000e-59	0.0000000000e+00	NA
1.1791000000e-57	0.0000000000e+00	NA
3.6164000000e-56	0.0000000000e+00	NA
1.0560000000e-54	0.0000000000e+00	NA
2.8521000000e-53	0.0000000000e+00	NA
3.8506000000e-52	0.0000000000e+00	NA
7.2522000000e-51	0.0000000000e+00	NA
1.4389000000e-49	0.0000000000e+00	NA
1.6837000000e-48	0.0000000000e+00	NA
7.7154000000e-47	0.0000000000e+00	NA
1.1391000000e-45	0.0000000000e+00	NA
1.8605000000e-44	0.0000000000e+00	NA
1.2349000000e-43	1.0089000000e-43	8.7783668593e-02
4.9198000000e-42	4.8849000000e-42	3.0917705656e-03
5.0135000000e-41	5.0080000000e-41	4.7669907505e-04
8.8874000000e-40	8.8871000000e-40	1.4660141729e-05
1.7339000000e-38	1.7339000000e-38	0.0000000000e+00
1.9797000000e-37	1.9797000000e-37	0.0000000000e+00
2.1288000000e-36	2.1288000000e-36	0.0000000000e+00
2.1437000000e-35	2.1437000000e-35	0.0000000000e+00
2.0524000000e-34	2.0524000000e-34	0.0000000000e+00
1.8473000000e-33	1.8473000000e-33	0.0000000000e+00
1.5629000000e-32	1.5629000000e-32	0.0000000000e+00
1.2453000000e-31	1.2453000000e-31	0.0000000000e+00
9.3448000000e-31	9.3448000000e-31	0.0000000000e+00
6.6044000000e-30	6.6044000000e-30	0.0000000000e+00
4.3959000000e-29	4.3959000000e-29	0.0000000000e+00
2.7556000000e-28	2.7556000000e-28	0.0000000000e+00
1.6269000000e-27	1.6269000000e-27	0.0000000000e+00
9.0454000000e-27	9.0454000000e-27	0.0000000000e+00
4.7365000000e-26	4.7365000000e-26	0.0000000000e+00
2.3358000000e-25	2.3358000000e-25	0.0000000000e+00
1.0848000000e-24	1.0848000000e-24	0.0000000000e+00
4.7451000000e-24	4.7451000000e-24	0.0000000000e+00
1.9546000000e-23	1.9546000000e-23	0.0000000000e+00
7.5829000000e-23	7.5829000000e-23	0.0000000000e+00
2.7704000000e-22	2.7704000000e-22	0.0000000000e+00
9.5325000000e-22	9.5325000000e-22	0.0000000000e+00
3.0889000000e-21	3.0889000000e-21	0.0000000000e+00
9.4264000000e-21	9.4264000000e-21	0.0000000000e+00
4.5155000000e-239	0.0000000000e+00	NA
4.7129000000e-233	0.0000000000e+00	NA
3.1694000000e-227	0.0000000000e+00	NA
1.3997000000e-221	0.0000000000e+00	NA
4.0511000000e-216	0.0000000000e+00	NA
7.7122000000e-211	0.0000000000e+00	NA
9.5114000000e-206	0.0000000000e+00	NA
7.5531000000e-201	0.0000000000e+00	NA
3.8015000000e-196	0.0000000000e+00	NA
1.1763000000e-191	0.0000000000e+00	NA
2.1983000000e-187	0.0000000000e+00	NA
2.4831000000e-183	0.0000000000e+00	NA
1.7187000000e-179	0.0000000000e+00	NA
7.6568000000e-176	0.0000000000e+00	NA
2.5280000000e-172	0.0000000000e+00	NA
8.7895000000e-169	0.0000000000e+00	NA
6.1265000000e-165	0.0000000000e+00	NA
1.3014000000e-163	0.0000000000e+00	NA
1.7057000000e-160	0.0000000000e+00	NA
4.2720000000e-157	0.0000000000e+00	NA
2.4917000000e-154	0.0000000000e+00	NA
1.9347000000e-152	0.0000000000e+00	NA
1.3925000000e-151	0.0000000000e+00	NA
3.8914000000e-151	0.0000000000e+00	NA
3.9870000000e-143	0.0000000000e+00	NA
7.9204000000e-139	0.0000000000e+00	NA
8.9620000000e-136	0.0000000000e+00	NA
2.7789000000e-131	0.0000000000e+00	NA
1.8983000000e-129	0.0000000000e+00	NA
8.6835000000e-127	0.0000000000e+00	NA
9.4910000000e-125	0.0000000000e+00	NA
1.2421000000e-122	0.0000000000e+00	NA
4.2647000000e-120	0.0000000000e+00	NA
7.1379000000e-118	0.0000000000e+00	NA
1.9985000000e-115	0.0000000000e+00	NA
3.7263000000e-113	0.0000000000e+00	NA
6.1870000000e-111	0.0000000000e+00	NA
3.0606000000e-108	0.0000000000e+00	NA
4.8612000000e-106	0.0000000000e+00	NA
9.0142000000e-104	0.0000000000e+00	NA
1.3703000000e-101	0.0000000000e+00	NA
9.4320000000e-100	0.0000000000e+00	NA
1.9526000000e-97	0.0000000000e+00	NA
4.1900000000e-95	0.0000000000e+00	NA
2.8625000000e-93	0.0000000000e+00	NA
2.7353000000e-91	0.0000000000e+00	NA
2.2304000000e-89	0.0000000000e+00	NA
3.8984000000e-87	0.0000000000e+00	NA
1.5792000000e-85	0.0000000000e+00	NA
1.5107000000e-83	0.0000000000e+00	NA
9.5429000000e-82	0.0000000000e+00	NA
6.9898000000e-80	0.0000000000e+00	NA
4.9183000000e-78	0.0000000000e+00	NA
2.3488000000e-76	0.0000000000e+00	NA
3.6375000000e-75	0.0000000000e+00	NA
4.6883000000e-73	0.0000000000e+00	NA
1.4901000000e-71	0.0000000000e+00	NA
3.7724000000e-70	0.0000000000e+00	NA
1.4431000000e-68	0.0000000000e+00	NA
9.3020000000e-67	0.0000000000e+00	NA
8.6661000000e-66	0.0000000000e+00	NA
4.4275000000e-63	0.0000000000e+00	NA
1.8381000000e-61	0.0000000000e+00	NA
6.3020000000e-60	0.0000000000e+00	NA
1.7983000000e-58	0.0000000000e+00	NA
4.8695000000e-57	0.0000000000e+00	NA
4.7016000000e-56	0.0000000000e+00	NA
2.3020000000e-54	0.0000000000e+00	NA
3.3201000000e-53	0.0000000000e+00	NA
5.5924000000e-52	0.0000000000e+00	NA
2.7935000000e-50	0.0000000000e+00	NA
7.6502000000e-49	0.0000000000e+00	NA
4.4322000000e-48	0.0000000000e+00	NA
1.4947000000e-46	0.0000000000e+00	NA
3.2430000000e-45	0.0000000000e+00	NA
4.3509000000e-44	3.2230000000e-44	1.3031879618e-01
6.0035000000e-43	5.6753000000e-43	2.4415691413e-02
1.9655000000e-41	1.9629000000e-41	5.7487313808e-04
2.5730000000e-40	2.5726000000e-40	6.7520908392e-05
3.1724000000e-39	3.1723000000e-39	1.3689992653e-05
3.6837000000e-38	3.6837000000e-38	0.0000000000e+00
4.0286000000e-37	4.0287000000e-37	-1.0780149229e-05
4.1495000000e-36	4.1495000000e-36	0.0000000000e+00
4.0253000000e-35	4.0253000000e-35	0.0000000000e+00
3.6776000000e-34	3.6776000000e-34	0.0000000000e+00
3.1644000000e-33	3.1644000000e-33	0.0000000000e+00
2.5643000000e-32	2.5643000000e-32	0.0000000000e+00
1.9571000000e-31	1.9571000000e-31	0.0000000000e+00
1.4068000000e-30	1.4068000000e-30	0.0000000000e+00
9.5232000000e-30	9.5233000000e-30	-4.5603599811e-06
6.0716000000e-29	6.0716000000e-29	0.0000000000e+00
3.6456000000e-28	3.6456000000e-28	0.0000000000e+00
2.0616000000e-27	2.0616000000e-27	0.0000000000e+00
1.0979000000e-26	1.0979000000e-26	0.0000000000e+00
5.5069000000e-26	5.5069000000e-26	0.0000000000e+00
2.6013000000e-25	2.6013000000e-25	0.0000000000e+00
1.1572000000e-24	1.1572000000e-24	0.0000000000e+00
4.8483000000e-24	4.8483000000e-24	0.0000000000e+00
1.9130000000e-23	1.9130000000e-23	0.0000000000e+00
7.1087000000e-23	7.1087000000e-23	0.0000000000e+00
2.4877000000e-22	2.4877000000e-22	0.0000000000e+00
2.0529000000e-245	0.0000000000e+00	NA
2.1594000000e-239	0.0000000000e+00	NA
1.4737000000e-233	0.0000000000e+00	NA
6.6102000000e-228	0.0000000000e+00	NA
1.9612000000e-222	0.0000000000e+00	NA
3.8280000000e-217	0.0000000000e+00	NA
4.9187000000e-212	0.0000000000e+00	NA
4.1075000000e-207	0.0000000000e+00	NA
2.2326000000e-202	0.0000000000e+00	NA
7.8285000000e-198	0.0000000000e+00	NA
1.7493000000e-193	0.0000000000e+00	NA
2.5353000000e-189	0.0000000000e+00	NA
2.4980000000e-185	0.0000000000e+00	NA
1.8446000000e-181	0.0000000000e+00	NA
1.2568000000e-177	0.0000000000e+00	NA
1.1647000000e-173	0.0000000000e+00	NA
8.8708000000e-170	0.0000000000e+00	NA
1.0102000000e-168	0.0000000000e+00	NA
8.9285000000e-164	0.0000000000e+00	NA
1.6254000000e-162	0.0000000000e+00	NA
2.5568000000e-160	0.0000000000e+00	NA
9.9356000000e-159	0.0000000000e+00	NA
5.6876000000e-158	0.0000000000e+00	NA
2.7028000000e-159	0.0000000000e+00	NA
1.7815000000e-153	0.0000000000e+00	NA
7.6274000000e-146	0.0000000000e+00	NA
1.4028000000e-142	0.0000000000e+00	NA
3.8404000000e-138	0.0000000000e+00	NA
1.1480000000e-134	0.0000000000e+00	NA
2.1597000000e-132	0.0000000000e+00	NA
3.5580000000e-130	0.0000000000e+00	NA
2.5747000000e-128	0.0000000000e+00	NA
6.3162000000e-126	0.0000000000e+00	NA
1.7918000000e-123	0.0000000000e+00	NA
5.4525000000e-121	0.0000000000e+00	NA
1.0281000000e-118	0.0000000000e+00	NA
1.3804000000e-116	0.0000000000e+00	NA
2.8847000000e-114	0.0000000000e+00	NA
2.8079000000e-111	0.0000000000e+00	NA
5.0313000000e-109	0.0000000000e+00	NA
8.3731000000e-107	0.0000000000e+00	NA
1.2932000000e-104	0.0000000000e+00	NA
1.5961000000e-102	0.0000000000e+00	NA
4.3724000000e-100	0.0000000000e+00	NA
3.3728000000e-98	0.0000000000e+00	NA
2.9751000000e-96	0.0000000000e+00	NA
2.7759000000e-94	0.0000000000e+00	NA
5.0293000000e-92	0.0000000000e+00	NA
2.9559000000e-90	0.0000000000e+00	NA
2.4836000000e-88	0.0000000000e+00	NA
3.1524000000e-86	0.0000000000e+00	NA
2.0320000000e-84	0.0000000000e+00	NA
1.3276000000e-82	0.0000000000e+00	NA
2.5304000000e-81	0.0000000000e+00	NA
5.9932000000e-80	0.0000000000e+00	NA
8.8605000000e-78	0.0000000000e+00	NA
8.5432000000e-76	0.0000000000e+00	NA
5.5226000000e-74	0.0000000000e+00	NA
2.2859000000e-72	0.0000000000e+00	NA
5.2467000000e-71	0.0000000000e+00	NA
8.6801000000e-69	0.0000000000e+00	NA
3.7760000000e-67	0.0000000000e+00	NA
2.4561000000e-65	0.0000000000e+00	NA
9.7625000000e-64	0.0000000000e+00	NA
3.1893000000e-62	0.0000000000e+00	NA
9.0207000000e-61	0.0000000000e+00	NA
1.0696000000e-59	0.0000000000e+00	NA
2.0042000000e-58	0.0000000000e+00	NA
1.0743000000e-56	0.0000000000e+00	NA
3.1186000000e-55	0.0000000000e+00	NA
1.2573000000e-53	0.0000000000e+00	NA
2.5415000000e-52	0.0000000000e+00	NA
7.9205000000e-51	0.0000000000e+00	NA
1.1161000000e-49	0.0000000000e+00	NA
2.0101000000e-48	0.0000000000e+00	NA
1.7723000000e-47	0.0000000000e+00	NA
1.0236000000e-45	0.0000000000e+00	NA
1.1885000000e-44	0.0000000000e+00	NA
2.4483000000e-43	2.2141000000e-43	4.3667400646e-02
3.4610000000e-42	3.4304000000e-42	3.8568356175e-03
4.6080000000e-41	4.6033000000e-41	4.4319135021e-04
5.7781000000e-40	5.7779000000e-40	1.5032692348e-05
6.8239000000e-39	6.8238000000e-39	6.3643614955e-06
7.5900000000e-38	7.5900000000e-38	0.0000000000e+00
7.9509000000e-37	7.9509000000e-37	0.0000000000e+00
7.8443000000e-36	7.8443000000e-36	0.0000000000e+00
7.2889000000e-35	7.2889000000e-35	0.0000000000e+00
6.3786000000e-34	6.3786000000e-34	0.0000000000e+00
5.2572000000e-33	5.2572000000e-33	0.0000000000e+00
4.0808000000e-32	4.0808000000e-32	0.0000000000e+00
2.9833000000e-31	2.9833000000e-31	0.0000000000e+00
2.0540000000e-30	2.0540000000e-30	0.0000000000e+00
1.3319000000e-29	1.3319000000e-29	0.0000000000e+00
8.1335000000e-29	8.1335000000e-29	0.0000000000e+00
4.6779000000e-28	4.6779000000e-28	0.0000000000e+00
2.5338000000e-27	2.5339000000e-27	-1.7139707637e-05
1.2926000000e-26	1.2926000000e-26	0.0000000000e+00
6.2100000000e-26	6.2100000000e-26	0.0000000000e+00
2.8098000000e-25	2.8098000000e-25	0.0000000000e+00
1.1973000000e-24	1.1973000000e-24	0.0000000000e+00
4.8050000000e-24	4.8050000000e-24	0.0000000000e+00
6.5633000000e-252	0.0000000000e+00	NA
7.0045000000e-246	0.0000000000e+00	NA
4.8395000000e-240	0.0000000000e+00	NA
2.2205000000e-234	0.0000000000e+00	NA
6.7639000000e-229	0.0000000000e+00	NA
1.3677000000e-223	0.0000000000e+00	NA
1.8360000000e-218	0.0000000000e+00	NA
1.6361000000e-213	0.0000000000e+00	NA
9.6553000000e-209	0.0000000000e+00	NA
3.8055000000e-204	0.0000000000e+00	NA
1.0152000000e-199	0.0000000000e+00	NA
1.8809000000e-195	0.0000000000e+00	NA
2.4534000000e-191	0.0000000000e+00	NA
2.4484000000e-187	0.0000000000e+00	NA
2.1367000000e-183	0.0000000000e+00	NA
1.8583000000e-179	0.0000000000e+00	NA
3.2837000000e-175	0.0000000000e+00	NA
5.3784000000e-172	0.0000000000e+00	NA
8.6071000000e-171	0.0000000000e+00	NA
4.4005000000e-171	0.0000000000e+00	NA
5.8098000000e-168	0.0000000000e+00	NA
1.5245000000e-165	0.0000000000e+00	NA
4.8436000000e-164	0.0000000000e+00	NA
2.1523000000e-165	0.0000000000e+00	NA
4.5103000000e-157	0.0000000000e+00	NA
8.4321000000e-154	0.0000000000e+00	NA
8.1552000000e-149	0.0000000000e+00	NA
3.8958000000e-144	0.0000000000e+00	NA
2.0243000000e-141	0.0000000000e+00	NA
4.2401000000e-138	0.0000000000e+00	NA
1.7631000000e-136	0.0000000000e+00	NA
9.0676000000e-134	0.0000000000e+00	NA
1.8348000000e-131	0.0000000000e+00	NA
5.7403000000e-129	0.0000000000e+00	NA
7.4616000000e-127	0.0000000000e+00	NA
2.1378000000e-124	0.0000000000e+00	NA
6.7723000000e-122	0.0000000000e+00	NA
2.8943000000e-119	0.0000000000e+00	NA
9.6801000000e-117	0.0000000000e+00	NA
1.8675000000e-114	0.0000000000e+00	NA
3.6946000000e-112	0.0000000000e+00	NA
5.7457000000e-110	0.0000000000e+00	NA
9.1381000000e-108	0.0000000000e+00	NA
1.3251000000e-105	0.0000000000e+00	NA
3.6927000000e-103	0.0000000000e+00	NA
2.4506000000e-101	0.0000000000e+00	NA
3.3629000000e-99	0.0000000000e+00	NA
6.0173000000e-97	0.0000000000e+00	NA
3.6437000000e-95	0.0000000000e+00	NA
6.0433000000e-93	0.0000000000e+00	NA
6.1708000000e-91	0.0000000000e+00	NA
5.4183000000e-89	0.0000000000e+00	NA
2.9075000000e-87	0.0000000000e+00	NA
2.4596000000e-85	0.0000000000e+00	NA
3.8386000000e-84	0.0000000000e+00	NA
5.5804000000e-82	0.0000000000e+00	NA
2.0896000000e-80	0.0000000000e+00	NA
3.5574000000e-79	0.0000000000e+00	NA
1.9730000000e-76	0.0000000000e+00	NA
8.9790000000e-75	0.0000000000e+00	NA
7.1797000000e-73	0.0000000000e+00	NA
2.9034000000e-71	0.0000000000e+00	NA
1.8344000000e-69	0.0000000000e+00	NA
8.8135000000e-68	0.0000000000e+00	NA
3.2867000000e-66	0.0000000000e+00	NA
4.1635000000e-65	0.0000000000e+00	NA
1.9635000000e-63	0.0000000000e+00	NA
4.9185000000e-62	0.0000000000e+00	NA
2.5690000000e-60	0.0000000000e+00	NA
3.5154000000e-59	0.0000000000e+00	NA
1.4395000000e-57	0.0000000000e+00	NA
7.5355000000e-56	0.0000000000e+00	NA
8.7410000000e-55	0.0000000000e+00	NA
5.1460000000e-53	0.0000000000e+00	NA
1.3060000000e-51	0.0000000000e+00	NA
2.7960000000e-50	0.0000000000e+00	NA
5.4243000000e-49	0.0000000000e+00	NA
9.9112000000e-48	0.0000000000e+00	NA
1.7056000000e-46	0.0000000000e+00	NA
2.7645000000e-45	0.0000000000e+00	NA
4.2200000000e-44	3.0829000000e-44	1.3635301321e-01
6.0672000000e-43	5.7874000000e-43	2.0504811369e-02
8.2154000000e-42	8.1752000000e-42	2.1303275267e-03
1.0477000000e-40	1.0476000000e-40	4.1454157613e-05
1.2584000000e-39	1.2584000000e-39	0.0000000000e+00
1.4236000000e-38	1.4236000000e-38	0.0000000000e+00
1.5167000000e-37	1.5167000000e-37	0.0000000000e+00
1.5219000000e-36	1.5219000000e-36	0.0000000000e+00
1.4382000000e-35	1.4382000000e-35	0.0000000000e+00
1.2801000000e-34	1.2801000000e-34	0.0000000000e+00
1.0730000000e-33	1.0730000000e-33	0.0000000000e+00
8.4710000000e-33	8.4710000000e-33	0.0000000000e+00
6.2984000000e-32	6.2984000000e-32	0.0000000000e+00
4.4104000000e-31	4.4104000000e-31	0.0000000000e+00
2.9086000000e-30	2.9086000000e-30	0.0000000000e+00
1.8066000000e-29	1.8066000000e-29	0.0000000000e+00
1.0568000000e-28	1.0568000000e-28	0.0000000000e+00
5.8218000000e-28	5.8218000000e-28	0.0000000000e+00
3.0206000000e-27	3.0206000000e-27	0.0000000000e+00
1.4760000000e-26	1.4760000000e-26	0.0000000000e+00
6.7923000000e-26	6.7923000000e-26	0.0000000000e+00
1.4720000000e-258	0.0000000000e+00	NA
1.5849000000e-252	0.0000000000e+00	NA
1.1167000000e-246	0.0000000000e+00	NA
5.2326000000e-241	0.0000000000e+00	NA
1.6446000000e-235	0.0000000000e+00	NA
3.4540000000e-230	0.0000000000e+00	NA
4.8734000000e-225	0.0000000000e+00	NA
4.6163000000e-220	0.0000000000e+00	NA
2.9592000000e-215	0.0000000000e+00	NA
1.2935000000e-210	0.0000000000e+00	NA
3.9367000000e-206	0.0000000000e+00	NA
8.5085000000e-202	0.0000000000e+00	NA
1.3202000000e-197	0.0000000000e+00	NA
1.4673000000e-193	0.0000000000e+00	NA
1.1695000000e-189	0.0000000000e+00	NA
5.6647000000e-186	0.0000000000e+00	NA
4.2398000000e-183	0.0000000000e+00	NA
5.3308000000e-182	0.0000000000e+00	NA
9.8961000000e-181	0.0000000000e+00	NA
1.8842000000e-178	0.0000000000e+00	NA
3.9560000000e-176	0.0000000000e+00	NA
9.3482000000e-174	0.0000000000e+00	NA
1.8212000000e-173	0.0000000000e+00	NA
2.4209000000e-168	0.0000000000e+00	NA
1.1874000000e-164	0.0000000000e+00	NA
1.1390000000e-159	0.0000000000e+00	NA
1.9480000000e-154	0.0000000000e+00	NA
1.8667000000e-150	0.0000000000e+00	NA
5.8794000000e-148	0.0000000000e+00	NA
9.0684000000e-145	0.0000000000e+00	NA
9.4525000000e-142	0.0000000000e+00	NA
8.1039000000e-140	0.0000000000e+00	NA
2.5720000000e-137	0.0000000000e+00	NA
1.5299000000e-134	0.0000000000e+00	NA
1.7650000000e-132	0.0000000000e+00	NA
4.9211000000e-130	0.0000000000e+00	NA
2.7588000000e-127	0.0000000000e+00	NA
4.7641000000e-125	0.0000000000e+00	NA
2.0568000000e-122	0.0000000000e+00	NA
8.1257000000e-120	0.0000000000e+00	NA
1.1301000000e-117	0.0000000000e+00	NA
2.2276000000e-115	0.0000000000e+00	NA
3.4956000000e-113	0.0000000000e+00	NA
6.2570000000e-111	0.0000000000e+00	NA
1.8692000000e-108	0.0000000000e+00	NA
1.8882000000e-106	0.0000000000e+00	NA
2.0813000000e-104	0.0000000000e+00	NA
3.3183000000e-102	0.0000000000e+00	NA
5.5573000000e-100	0.0000000000e+00	NA
6.5145000000e-98	0.0000000000e+00	NA
6.8169000000e-96	0.0000000000e+00	NA
6.8934000000e-94	0.0000000000e+00	NA
6.4561000000e-92	0.0000000000e+00	NA
5.6951000000e-90	0.0000000000e+00	NA
4.7317000000e-88	0.0000000000e+00	NA
3.1076000000e-86	0.0000000000e+00	NA
1.9685000000e-84	0.0000000000e+00	NA
1.4204000000e-82	0.0000000000e+00	NA
1.0191000000e-80	0.0000000000e+00	NA
7.1651000000e-79	0.0000000000e+00	NA
4.3181000000e-77	0.0000000000e+00	NA
2.0313000000e-75	0.0000000000e+00	NA
1.1863000000e-73	0.0000000000e+00	NA
5.7779000000e-72	0.0000000000e+00	NA
6.0073000000e-71	0.0000000000e+00	NA
4.0476000000e-69	0.0000000000e+00	NA
2.4675000000e-67	0.0000000000e+00	NA
8.9107000000e-66	0.0000000000e+00	NA
1.6532000000e-64	0.0000000000e+00	NA
4.9013000000e-63	0.0000000000e+00	NA
6.7122000000e-62	0.0000000000e+00	NA
1.2298000000e-59	0.0000000000e+00	NA
4.4496000000e-58	0.0000000000e+00	NA
1.5029000000e-56	0.0000000000e+00	NA
3.8544000000e-55	0.0000000000e+00	NA
9.4617000000e-54	0.0000000000e+00	NA
2.1045000000e-52	0.0000000000e+00	NA
4.4089000000e-51	0.0000000000e+00	NA
8.6990000000e-50	0.0000000000e+00	NA
1.6166000000e-48	0.0000000000e+00	NA
2.8293000000e-47	0.0000000000e+00	NA
4.6639000000e-46	0.0000000000e+00	NA
7.2409000000e-45	0.0000000000e+00	NA
1.0588000000e-43	8.4078000000e-44	1.0013156024e-01
1.4581000000e-42	1.4209000000e-42	1.1223795705e-02
1.8912000000e-41	1.8892000000e-41	4.5952229650e-04
2.3103000000e-40	2.3098000000e-40	9.4001100322e-05
2.6580000000e-39	2.6580000000e-39	0.0000000000e+00
2.8802000000e-38	2.8802000000e-38	0.0000000000e+00
2.9393000000e-37	2.9393000000e-37	0.0000000000e+00
2.8251000000e-36	2.8251000000e-36	0.0000000000e+00
2.5573000000e-35	2.5573000000e-35	0.0000000000e+00
2.1802000000e-34	2.1802000000e-34	0.0000000000e+00
1.7506000000e-33	1.7506000000e-33	0.0000000000e+00
1.3238000000e-32	1.3238000000e-32	0.0000000000e+00
9.4280000000e-32	9.4280000000e-32	0.0000000000e+00
6.3238000000e-31	6.3238000000e-31	0.0000000000e+00
3.9948000000e-30	3.9948000000e-30	0.0000000000e+00
2.3767000000e-29	2.3767000000e-29	0.0000000000e+00
1.3317000000e-28	1.3317000000e-28	0.0000000000e+00
7.0273000000e-28	7.0273000000e-28	0.0000000000e+00
2.3015000000e-265	0.0000000000e+00	NA
2.5100000000e-259	0.0000000000e+00	NA
1.8001000000e-253	0.0000000000e+00	NA
8.6266000000e-248	0.0000000000e+00	NA
2.7774000000e-242	0.0000000000e+00	NA
6.0573000000e-237	0.0000000000e+00	NA
8.9632000000e-232	0.0000000000e+00	NA
9.0142000000e-227	0.0000000000e+00	NA
6.1897000000e-222	0.0000000000e+00	NA
2.9402000000e-217	0.0000000000e+00	NA
9.8374000000e-213	0.0000000000e+00	NA
2.3455000000e-208	0.0000000000e+00	NA
3.9330000000e-204	0.0000000000e+00	NA
4.4043000000e-200	0.0000000000e+00	NA
2.9176000000e-196	0.0000000000e+00	NA
7.8942000000e-193	0.0000000000e+00	NA
1.3690000000e-190	0.0000000000e+00	NA
1.9541000000e-189	0.0000000000e+00	NA
8.3469000000e-189	0.0000000000e+00	NA
3.3424000000e-188	0.0000000000e+00	NA
3.7985000000e-186	0.0000000000e+00	NA
4.9679000000e-182	0.0000000000e+00	NA
1.7176000000e-177	0.0000000000e+00	NA
1.6463000000e-180	0.0000000000e+00	NA
2.7447000000e-171	0.0000000000e+00	NA
9.1909000000e-165	0.0000000000e+00	NA
9.9105000000e-160	0.0000000000e+00	NA
2.4106000000e-156	0.0000000000e+00	NA
2.6513000000e-154	0.0000000000e+00	NA
1.2889000000e-151	0.0000000000e+00	NA
5.8970000000e-149	0.0000000000e+00	NA
2.0880000000e-145	0.0000000000e+00	NA
3.4240000000e-143	0.0000000000e+00	NA
1.9580000000e-140	0.0000000000e+00	NA
3.0672000000e-138	0.0000000000e+00	NA
5.2385000000e-136	0.0000000000e+00	NA
3.1484000000e-133	0.0000000000e+00	NA
1.0660000000e-130	0.0000000000e+00	NA
3.3105000000e-128	0.0000000000e+00	NA
9.3934000000e-126	0.0000000000e+00	NA
3.5544000000e-123	0.0000000000e+00	NA
5.1445000000e-121	0.0000000000e+00	NA
9.8297000000e-119	0.0000000000e+00	NA
2.0890000000e-116	0.0000000000e+00	NA
4.9933000000e-114	0.0000000000e+00	NA
1.0409000000e-111	0.0000000000e+00	NA
1.6489000000e-109	0.0000000000e+00	NA
2.4751000000e-107	0.0000000000e+00	NA
3.6207000000e-105	0.0000000000e+00	NA
4.6529000000e-103	0.0000000000e+00	NA
5.4065000000e-101	0.0000000000e+00	NA
6.4203000000e-99	0.0000000000e+00	NA
6.8938000000e-97	0.0000000000e+00	NA
6.9719000000e-95	0.0000000000e+00	NA
6.6411000000e-93	0.0000000000e+00	NA
5.9582000000e-91	0.0000000000e+00	NA
5.0228000000e-89	0.0000000000e+00	NA
4.0071000000e-87	0.0000000000e+00	NA
3.0038000000e-85	0.0000000000e+00	NA
2.1208000000e-83	0.0000000000e+00	NA
1.3640000000e-81	0.0000000000e+00	NA
8.2754000000e-80	0.0000000000e+00	NA
4.7413000000e-78	0.0000000000e+00	NA
2.7022000000e-76	0.0000000000e+00	NA
6.1187000000e-75	0.0000000000e+00	NA
2.3416000000e-73	0.0000000000e+00	NA
1.6297000000e-71	0.0000000000e+00	NA
1.1574000000e-69	0.0000000000e+00	NA
4.3348000000e-68	0.0000000000e+00	NA
1.3398000000e-66	0.0000000000e+00	NA
6.0197000000e-66	0.0000000000e+00	NA
1.6762000000e-64	0.0000000000e+00	NA
2.1961000000e-62	0.0000000000e+00	NA
9.4675000000e-61	0.0000000000e+00	NA
5.3114000000e-59	0.0000000000e+00	NA
2.2565000000e-57	0.0000000000e+00	NA
5.8298000000e-56	0.0000000000e+00	NA
1.4358000000e-54	0.0000000000e+00	NA
3.2481000000e-53	0.0000000000e+00	NA
6.9204000000e-52	0.0000000000e+00	NA
1.3887000000e-50	0.0000000000e+00	NA
2.6247000000e-49	0.0000000000e+00	NA
4.6721000000e-48	0.0000000000e+00	NA
7.8328000000e-47	0.0000000000e+00	NA
1.2368000000e-45	0.0000000000e+00	NA
1.8393000000e-44	0.0000000000e+00	NA
2.5762000000e-43	2.3402000000e-43	4.1726600884e-02
3.3984000000e-42	3.3785000000e-42	2.5505718044e-03
4.2223000000e-41	4.2185000000e-41	3.9103382208e-04
4.9406000000e-40	4.9401000000e-40	4.3953817267e-05
5.4448000000e-39	5.4448000000e-39	0.0000000000e+00
5.6513000000e-38	5.6513000000e-38	0.0000000000e+00
5.5244000000e-37	5.5244000000e-37	0.0000000000e+00
5.0861000000e-36	5.0861000000e-36	0.0000000000e+00
4.4101000000e-35	4.4101000000e-35	0.0000000000e+00
3.6014000000e-34	3.6014000000e-34	0.0000000000e+00
2.7699000000e-33	2.7699000000e-33	0.0000000000e+00
2.0064000000e-32	2.0064000000e-32	0.0000000000e+00
1.3688000000e-31	1.3688000000e-31	0.0000000000e+00
8.7941000000e-31	8.7941000000e-31	0.0000000000e+00
5.3213000000e-30	5.3213000000e-30	0.0000000000e+00
2.4828000000e-272	0.0000000000e+00	NA
2.7363000000e-266	0.0000000000e+00	NA
1.9935000000e-260	0.0000000000e+00	NA
9.7568000000e-255	0.0000000000e+00	NA
3.2246000000e-249	0.0000000000e+00	NA
7.2781000000e-244	0.0000000000e+00	NA
1.1198000000e-238	0.0000000000e+00	NA
1.1833000000e-233	0.0000000000e+00	NA
8.5980000000e-229	0.0000000000e+00	NA
4.3661000000e-224	0.0000000000e+00	NA
1.5596000000e-219	0.0000000000e+00	NA
3.9562000000e-215	0.0000000000e+00	NA
6.9937000000e-211	0.0000000000e+00	NA
8.1292000000e-207	0.0000000000e+00	NA
5.5015000000e-203	0.0000000000e+00	NA
1.7335000000e-199	0.0000000000e+00	NA
2.2772000000e-196	0.0000000000e+00	NA
2.6210000000e-194	0.0000000000e+00	NA
5.4502000000e-192	0.0000000000e+00	NA
1.7531000000e-191	0.0000000000e+00	NA
2.4526000000e-188	0.0000000000e+00	NA
1.3839000000e-186	0.0000000000e+00	NA
8.3620000000e-183	0.0000000000e+00	NA
1.8479000000e-182	0.0000000000e+00	NA
6.4164000000e-176	0.0000000000e+00	NA
6.4104000000e-171	0.0000000000e+00	NA
4.5118000000e-166	0.0000000000e+00	NA
3.0890000000e-163	0.0000000000e+00	NA
9.3879000000e-161	0.0000000000e+00	NA
5.3129000000e-158	0.0000000000e+00	NA
2.6368000000e-155	0.0000000000e+00	NA
1.4034000000e-152	0.0000000000e+00	NA
2.1719000000e-149	0.0000000000e+00	NA
2.1129000000e-146	0.0000000000e+00	NA
5.7264000000e-144	0.0000000000e+00	NA
1.7783000000e-141	0.0000000000e+00	NA
2.7283000000e-139	0.0000000000e+00	NA
1.0200000000e-136	0.0000000000e+00	NA
7.1835000000e-134	0.0000000000e+00	NA
1.2775000000e-131	0.0000000000e+00	NA
3.8240000000e-129	0.0000000000e+00	NA
1.5018000000e-126	0.0000000000e+00	NA
2.3146000000e-124	0.0000000000e+00	NA
5.1935000000e-122	0.0000000000e+00	NA
1.4316000000e-119	0.0000000000e+00	NA
3.3989000000e-117	0.0000000000e+00	NA
6.2275000000e-115	0.0000000000e+00	NA
1.0472000000e-112	0.0000000000e+00	NA
1.6381000000e-110	0.0000000000e+00	NA
2.3785000000e-108	0.0000000000e+00	NA
3.3491000000e-106	0.0000000000e+00	NA
4.3773000000e-104	0.0000000000e+00	NA
5.3887000000e-102	0.0000000000e+00	NA
6.2481000000e-100	0.0000000000e+00	NA
6.8234000000e-98	0.0000000000e+00	NA
7.0184000000e-96	0.0000000000e+00	NA
6.7994000000e-94	0.0000000000e+00	NA
6.2043000000e-92	0.0000000000e+00	NA
5.3322000000e-90	0.0000000000e+00	NA
4.3163000000e-88	0.0000000000e+00	NA
3.1154000000e-86	0.0000000000e+00	NA
2.1932000000e-84	0.0000000000e+00	NA
1.0105000000e-82	0.0000000000e+00	NA
9.1858000000e-81	0.0000000000e+00	NA
2.7866000000e-79	0.0000000000e+00	NA
2.3634000000e-77	0.0000000000e+00	NA
1.5377000000e-75	0.0000000000e+00	NA
6.8414000000e-74	0.0000000000e+00	NA
1.9207000000e-72	0.0000000000e+00	NA
5.8203000000e-71	0.0000000000e+00	NA
3.1699000000e-69	0.0000000000e+00	NA
3.6371000000e-69	0.0000000000e+00	NA
9.0434000000e-68	0.0000000000e+00	NA
6.0135000000e-66	0.0000000000e+00	NA
1.1569000000e-63	0.0000000000e+00	NA
1.5395000000e-61	0.0000000000e+00	NA
1.2431000000e-59	0.0000000000e+00	NA
3.4231000000e-58	0.0000000000e+00	NA
8.8785000000e-57	0.0000000000e+00	NA
2.1689000000e-55	0.0000000000e+00	NA
4.9900000000e-54	0.0000000000e+00	NA
1.0813000000e-52	0.0000000000e+00	NA
2.2069000000e-51	0.0000000000e+00	NA
4.2421000000e-50	0.0000000000e+00	NA
7.6799000000e-49	0.0000000000e+00	NA
1.3095000000e-47	0.0000000000e+00	NA
2.1030000000e-46	0.0000000000e+00	NA
3.1808000000e-45	0.0000000000e+00	NA
4.5311000000e-44	3.6434000000e-44	9.4696793041e-02
6.0791000000e-43	5.8434000000e-43	1.7173671285e-02
7.6816000000e-42	7.6581000000e-42	1.3306555290e-03
9.1418000000e-41	9.1367000000e-41	2.4235051182e-04
1.0247000000e-39	1.0246000000e-39	4.2384666203e-05
1.0817000000e-38	1.0817000000e-38	0.0000000000e+00
1.0754000000e-37	1.0754000000e-37	0.0000000000e+00
1.0070000000e-36	1.0070000000e-36	0.0000000000e+00
8.8805000000e-36	8.8805000000e-36	0.0000000000e+00
7.3759000000e-35	7.3759000000e-35	0.0000000000e+00
5.7697000000e-34	5.7697000000e-34	0.0000000000e+00
4.2506000000e-33	4.2506000000e-33	0.0000000000e+00
2.9493000000e-32	2.9493000000e-32	0.0000000000e+00
1.8334000000e-279	0.0000000000e+00	NA
2.0295000000e-273	0.0000000000e+00	NA
1.4940000000e-267	0.0000000000e+00	NA
7.4318000000e-262	0.0000000000e+00	NA
2.5107000000e-256	0.0000000000e+00	NA
5.7878000000e-251	0.0000000000e+00	NA
9.1746000000e-246	0.0000000000e+00	NA
1.0043000000e-240	0.0000000000e+00	NA
7.6222000000e-236	0.0000000000e+00	NA
4.0400000000e-231	0.0000000000e+00	NA
1.5059000000e-226	0.0000000000e+00	NA
3.9750000000e-222	0.0000000000e+00	NA
7.3977000000e-218	0.0000000000e+00	NA
9.4025000000e-214	0.0000000000e+00	NA
8.0887000000e-210	0.0000000000e+00	NA
4.7962000000e-206	0.0000000000e+00	NA
1.8520000000e-202	0.0000000000e+00	NA
7.5197000000e-200	0.0000000000e+00	NA
8.9580000000e-198	0.0000000000e+00	NA
1.4574000000e-196	0.0000000000e+00	NA
1.5862000000e-193	0.0000000000e+00	NA
1.3239000000e-189	0.0000000000e+00	NA
2.7072000000e-188	0.0000000000e+00	NA
9.7100000000e-188	0.0000000000e+00	NA
4.3477000000e-182	0.0000000000e+00	NA
9.8472000000e-176	0.0000000000e+00	NA
1.4999000000e-172	0.0000000000e+00	NA
4.2685000000e-170	0.0000000000e+00	NA
2.6268000000e-167	0.0000000000e+00	NA
1.6971000000e-164	0.0000000000e+00	NA
9.4995000000e-162	0.0000000000e+00	NA
5.3625000000e-159	0.0000000000e+00	NA
2.9857000000e-156	0.0000000000e+00	NA
1.9125000000e-153	0.0000000000e+00	NA
1.1567000000e-150	0.0000000000e+00	NA
1.0581000000e-147	0.0000000000e+00	NA
1.9182000000e-145	0.0000000000e+00	NA
8.8844000000e-143	0.0000000000e+00	NA
4.2693000000e-140	0.0000000000e+00	NA
2.4973000000e-137	0.0000000000e+00	NA
4.5280000000e-135	0.0000000000e+00	NA
1.3777000000e-132	0.0000000000e+00	NA
3.8235000000e-130	0.0000000000e+00	NA
9.6121000000e-128	0.0000000000e+00	NA
2.8684000000e-125	0.0000000000e+00	NA
7.5261000000e-123	0.0000000000e+00	NA
1.5886000000e-120	0.0000000000e+00	NA
3.0249000000e-118	0.0000000000e+00	NA
5.4250000000e-116	0.0000000000e+00	NA
9.1636000000e-114	0.0000000000e+00	NA
1.4579000000e-111	0.0000000000e+00	NA
2.1847000000e-109	0.0000000000e+00	NA
3.0834000000e-107	0.0000000000e+00	NA
4.0988000000e-105	0.0000000000e+00	NA
5.1320000000e-103	0.0000000000e+00	NA
6.0520000000e-101	0.0000000000e+00	NA
6.7220000000e-99	0.0000000000e+00	NA
7.0322000000e-97	0.0000000000e+00	NA
6.9291000000e-95	0.0000000000e+00	NA
6.4305000000e-93	0.0000000000e+00	NA
5.6209000000e-91	0.0000000000e+00	NA
4.6276000000e-89	0.0000000000e+00	NA
2.7769000000e-87	0.0000000000e+00	NA
2.5483000000e-85	0.0000000000e+00	NA
1.6661000000e-83	0.0000000000e+00	NA
8.3215000000e-82	0.0000000000e+00	NA
6.3355000000e-80	0.0000000000e+00	NA
3.3665000000e-78	0.0000000000e+00	NA
9.7044000000e-77	0.0000000000e+00	NA
4.5044000000e-75	0.0000000000e+00	NA
2.9507000000e-74	0.0000000000e+00	NA
1.4692000000e-72	0.0000000000e+00	NA
2.8283000000e-70	0.0000000000e+00	NA
1.1302000000e-68	0.0000000000e+00	NA
3.0743000000e-67	0.0000000000e+00	NA
6.7228000000e-66	0.0000000000e+00	NA
1.8923000000e-63	0.0000000000e+00	NA
5.9746000000e-62	0.0000000000e+00	NA
1.7767000000e-60	0.0000000000e+00	NA
4.9760000000e-59	0.0000000000e+00	NA
1.3126000000e-57	0.0000000000e+00	NA
3.2612000000e-56	0.0000000000e+00	NA
7.6312000000e-55	0.0000000000e+00	NA
1.6818000000e-53	0.0000000000e+00	NA
3.4910000000e-52	0.0000000000e+00	NA
6.8249000000e-51	0.0000000000e+00	NA
1.2567000000e-49	0.0000000000e+00	NA
2.1793000000e-48	0.0000000000e+00	NA
3.5595000000e-47	0.0000000000e+00	NA
5.4756000000e-46	0.0000000000e+00	NA
7.9331000000e-45	0.0000000000e+00	NA
1.0825000000e-43	8.9683000000e-44	8.1717777543e-02
1.3912000000e-42	1.3607000000e-42	9.6271842073e-03
1.6839000000e-41	1.6809000000e-41	7.7441975210e-04
1.9196000000e-40	1.9193000000e-40	6.7877957142e-05
2.0610000000e-39	2.0609000000e-39	2.1072538489e-05
2.0840000000e-38	2.0840000000e-38	0.0000000000e+00
1.9847000000e-37	1.9847000000e-37	0.0000000000e+00
1.7802000000e-36	1.7802000000e-36	0.0000000000e+00
1.5038000000e-35	1.5038000000e-35	0.0000000000e+00
1.1964000000e-34	1.1964000000e-34	0.0000000000e+00
