CPU	GPU	log10(CPU/GPU)
3.5028000000e-24	3.5028000000e-24	0.0000000000e+00
6.3890000000e-24	6.3890000000e-24	0.0000000000e+00
1.1240000000e-23	1.1240000000e-23	0.0000000000e+00
1.9251000000e-23	1.9251000000e-23	0.0000000000e+00
3.2113000000e-23	3.2113000000e-23	0.0000000000e+00
5.2340000000e-23	5.2339000000e-23	8.2976429259e-06
8.2913000000e-23	8.2913000000e-23	0.0000000000e+00
1.2803000000e-22	1.2803000000e-22	0.0000000000e+00
1.9218000000e-22	1.9218000000e-22	0.0000000000e+00
2.8038000000e-22	2.8038000000e-22	0.0000000000e+00
3.9633000000e-22	3.9633000000e-22	0.0000000000e+00
5.4255000000e-22	5.4255000000e-22	0.0000000000e+00
7.2287000000e-22	7.2287000000e-22	0.0000000000e+00
9.3941000000e-22	9.3941000000e-22	0.0000000000e+00
1.2002000000e-21	1.2002000000e-21	0.0000000000e+00
1.5199000000e-21	1.5199000000e-21	0.0000000000e+00
1.9234000000e-21	1.9234000000e-21	0.0000000000e+00
2.4681000000e-21	2.4681000000e-21	0.0000000000e+00
3.2699000000e-21	3.2699000000e-21	0.0000000000e+00
4.5118000000e-21	4.5118000000e-21	0.0000000000e+00
6.3197000000e-21	6.3197000000e-21	0.0000000000e+00
8.9104000000e-21	8.9104000000e-21	0.0000000000e+00
1.2547000000e-20	1.2547000000e-20	0.0000000000e+00
1.7461000000e-20	1.7461000000e-20	0.0000000000e+00
2.4004000000e-20	2.4004000000e-20	0.0000000000e+00
3.2257000000e-20	3.2257000000e-20	0.0000000000e+00
4.2463000000e-20	4.2463000000e-20	0.0000000000e+00
5.4599000000e-20	5.4599000000e-20	0.0000000000e+00
6.8557000000e-20	6.8557000000e-20	0.0000000000e+00
8.3630000000e-20	8.3630000000e-20	0.0000000000e+00
1.0013000000e-19	1.0013000000e-19	0.0000000000e+00
1.1923000000e-19	1.1923000000e-19	0.0000000000e+00
1.3841000000e-19	1.3840000000e-19	3.1378525494e-05
1.5617000000e-19	1.5617000000e-19	0.0000000000e+00
1.7170000000e-19	1.7170000000e-19	0.0000000000e+00
1.8402000000e-19	1.8402000000e-19	0.0000000000e+00
1.9276000000e-19	1.9276000000e-19	0.0000000000e+00
1.9873000000e-19	1.9873000000e-19	0.0000000000e+00
2.0353000000e-19	2.0353000000e-19	0.0000000000e+00
2.0348000000e-19	2.0348000000e-19	0.0000000000e+00
2.0080000000e-19	2.0080000000e-19	0.0000000000e+00
1.9696000000e-19	1.9696000000e-19	0.0000000000e+00
1.9637000000e-19	1.9637000000e-19	0.0000000000e+00
2.0699000000e-19	2.0699000000e-19	0.0000000000e+00
2.3115000000e-19	2.3115000000e-19	0.0000000000e+00
2.8024000000e-19	2.8024000000e-19	0.0000000000e+00
3.7757000000e-19	3.7757000000e-19	0.0000000000e+00
5.7110000000e-19	5.7110000000e-19	0.0000000000e+00
9.7248000000e-19	9.7248000000e-19	0.0000000000e+00
1.8408000000e-18	1.8408000000e-18	0.0000000000e+00
3.7955000000e-18	3.7955000000e-18	0.0000000000e+00
8.3226000000e-18	8.3227000000e-18	-5.2182235454e-06
2.0204000000e-17	2.0204000000e-17	0.0000000000e+00
4.8145000000e-17	4.8145000000e-17	0.0000000000e+00
1.1466000000e-16	1.1466000000e-16	0.0000000000e+00
2.6901000000e-16	2.6901000000e-16	0.0000000000e+00
6.4280000000e-16	6.4280000000e-16	0.0000000000e+00
1.4473000000e-15	1.4473000000e-15	0.0000000000e+00
3.1077000000e-15	3.1077000000e-15	0.0000000000e+00
6.7789000000e-15	6.7789000000e-15	0.0000000000e+00
1.3510000000e-14	1.3510000000e-14	0.0000000000e+00
2.5091000000e-14	2.5091000000e-14	0.0000000000e+00
4.4228000000e-14	4.4228000000e-14	0.0000000000e+00
7.5848000000e-14	7.5848000000e-14	0.0000000000e+00
1.2084000000e-13	1.2084000000e-13	0.0000000000e+00
1.8073000000e-13	1.8073000000e-13	0.0000000000e+00
2.5559000000e-13	2.5559000000e-13	0.0000000000e+00
3.4493000000e-13	3.4493000000e-13	0.0000000000e+00
4.4660000000e-13	4.4660000000e-13	0.0000000000e+00
5.5885000000e-13	5.5885000000e-13	0.0000000000e+00
6.7862000000e-13	6.7862000000e-13	0.0000000000e+00
8.0465000000e-13	8.0465000000e-13	0.0000000000e+00
9.3470000000e-13	9.3470000000e-13	0.0000000000e+00
1.0712000000e-12	1.0712000000e-12	0.0000000000e+00
1.2181000000e-12	1.2181000000e-12	0.0000000000e+00
1.3867000000e-12	1.3867000000e-12	0.0000000000e+00
1.5808000000e-12	1.5808000000e-12	0.0000000000e+00
1.8134000000e-12	1.8134000000e-12	0.0000000000e+00
2.0829000000e-12	2.0829000000e-12	0.0000000000e+00
2.3898000000e-12	2.3898000000e-12	0.0000000000e+00
2.7325000000e-12	2.7325000000e-12	0.0000000000e+00
3.0990000000e-12	3.0990000000e-12	0.0000000000e+00
3.4831000000e-12	3.4831000000e-12	0.0000000000e+00
3.8899000000e-12	3.8899000000e-12	0.0000000000e+00
4.3074000000e-12	4.3074000000e-12	0.0000000000e+00
4.7417000000e-12	4.7417000000e-12	0.0000000000e+00
5.1602000000e-12	5.1602000000e-12	0.0000000000e+00
5.5985000000e-12	5.5985000000e-12	0.0000000000e+00
6.0564000000e-12	6.0564000000e-12	0.0000000000e+00
6.5332000000e-12	6.5332000000e-12	0.0000000000e+00
7.0282000000e-12	7.0282000000e-12	0.0000000000e+00
7.5403000000e-12	7.5404000000e-12	-5.7596064097e-06
8.0686000000e-12	8.0686000000e-12	0.0000000000e+00
8.6115000000e-12	8.6115000000e-12	0.0000000000e+00
9.1674000000e-12	9.1674000000e-12	0.0000000000e+00
9.7344000000e-12	9.7344000000e-12	0.0000000000e+00
1.0310000000e-11	1.0310000000e-11	0.0000000000e+00
1.0893000000e-11	1.0893000000e-11	0.0000000000e+00
1.1479000000e-11	1.1479000000e-11	0.0000000000e+00
1.2066000000e-11	1.2066000000e-11	0.0000000000e+00
1.2650000000e-11	1.2650000000e-11	0.0000000000e+00
5.7817000000e-24	5.7817000000e-24	0.0000000000e+00
1.0571000000e-23	1.0571000000e-23	0.0000000000e+00
1.8604000000e-23	1.8604000000e-23	0.0000000000e+00
3.1893000000e-23	3.1893000000e-23	0.0000000000e+00
5.3138000000e-23	5.3138000000e-23	0.0000000000e+00
8.6322000000e-23	8.6322000000e-23	0.0000000000e+00
1.3675000000e-22	1.3675000000e-22	0.0000000000e+00
2.1010000000e-22	2.1010000000e-22	0.0000000000e+00
3.1390000000e-22	3.1390000000e-22	0.0000000000e+00
4.5209000000e-22	4.5209000000e-22	0.0000000000e+00
6.3084000000e-22	6.3084000000e-22	0.0000000000e+00
8.4984000000e-22	8.4984000000e-22	0.0000000000e+00
1.1074000000e-21	1.1074000000e-21	0.0000000000e+00
1.3984000000e-21	1.3984000000e-21	0.0000000000e+00
1.7247000000e-21	1.7247000000e-21	0.0000000000e+00
2.0938000000e-21	2.0938000000e-21	0.0000000000e+00
2.5611000000e-21	2.5611000000e-21	0.0000000000e+00
3.2807000000e-21	3.2807000000e-21	0.0000000000e+00
4.4058000000e-21	4.4058000000e-21	0.0000000000e+00
6.0982000000e-21	6.0982000000e-21	0.0000000000e+00
8.6534000000e-21	8.6534000000e-21	0.0000000000e+00
1.2426000000e-20	1.2426000000e-20	0.0000000000e+00
1.7867000000e-20	1.7867000000e-20	0.0000000000e+00
2.5379000000e-20	2.5379000000e-20	0.0000000000e+00
3.5501000000e-20	3.5501000000e-20	0.0000000000e+00
4.8750000000e-20	4.8750000000e-20	0.0000000000e+00
6.5686000000e-20	6.5686000000e-20	0.0000000000e+00
8.7034000000e-20	8.7034000000e-20	0.0000000000e+00
1.1308000000e-19	1.1308000000e-19	0.0000000000e+00
1.4262000000e-19	1.4262000000e-19	0.0000000000e+00
1.8046000000e-19	1.8046000000e-19	0.0000000000e+00
2.2397000000e-19	2.2397000000e-19	0.0000000000e+00
2.7121000000e-19	2.7121000000e-19	0.0000000000e+00
3.1972000000e-19	3.1972000000e-19	0.0000000000e+00
3.6966000000e-19	3.6966000000e-19	0.0000000000e+00
4.1750000000e-19	4.1750000000e-19	0.0000000000e+00
4.6094000000e-19	4.6094000000e-19	0.0000000000e+00
4.8955000000e-19	4.8955000000e-19	0.0000000000e+00
5.2504000000e-19	5.2504000000e-19	0.0000000000e+00
5.4481000000e-19	5.4481000000e-19	0.0000000000e+00
5.5022000000e-19	5.5022000000e-19	0.0000000000e+00
5.4455000000e-19	5.4455000000e-19	0.0000000000e+00
5.2450000000e-19	5.2450000000e-19	0.0000000000e+00
5.4098000000e-19	5.4098000000e-19	0.0000000000e+00
5.8665000000e-19	5.8665000000e-19	0.0000000000e+00
6.8836000000e-19	6.8836000000e-19	0.0000000000e+00
9.0001000000e-19	9.0001000000e-19	0.0000000000e+00
1.3327000000e-18	1.3327000000e-18	0.0000000000e+00
2.2447000000e-18	2.2447000000e-18	0.0000000000e+00
4.2262000000e-18	4.2262000000e-18	0.0000000000e+00
8.6617000000e-18	8.6617000000e-18	0.0000000000e+00
1.8801000000e-17	1.8801000000e-17	0.0000000000e+00
4.5905000000e-17	4.5905000000e-17	0.0000000000e+00
1.0696000000e-16	1.0696000000e-16	0.0000000000e+00
2.4820000000e-16	2.4820000000e-16	0.0000000000e+00
5.6985000000e-16	5.6985000000e-16	0.0000000000e+00
1.3476000000e-15	1.3476000000e-15	0.0000000000e+00
2.9900000000e-15	2.9900000000e-15	0.0000000000e+00
6.3541000000e-15	6.3541000000e-15	0.0000000000e+00
1.3949000000e-14	1.3948000000e-14	3.1135568849e-05
2.7587000000e-14	2.7587000000e-14	0.0000000000e+00
5.0866000000e-14	5.0866000000e-14	0.0000000000e+00
8.9484000000e-14	8.9484000000e-14	0.0000000000e+00
1.5183000000e-13	1.5183000000e-13	0.0000000000e+00
2.3960000000e-13	2.3960000000e-13	0.0000000000e+00
3.5374000000e-13	3.5374000000e-13	0.0000000000e+00
4.9438000000e-13	4.9438000000e-13	0.0000000000e+00
6.6080000000e-13	6.6080000000e-13	0.0000000000e+00
8.4903000000e-13	8.4903000000e-13	0.0000000000e+00
1.0562000000e-12	1.0562000000e-12	0.0000000000e+00
1.2737000000e-12	1.2737000000e-12	0.0000000000e+00
1.4962000000e-12	1.4962000000e-12	0.0000000000e+00
1.7178000000e-12	1.7178000000e-12	0.0000000000e+00
1.9410000000e-12	1.9410000000e-12	0.0000000000e+00
2.1814000000e-12	2.1814000000e-12	0.0000000000e+00
2.4541000000e-12	2.4541000000e-12	0.0000000000e+00
2.7879000000e-12	2.7879000000e-12	0.0000000000e+00
3.1977000000e-12	3.1977000000e-12	0.0000000000e+00
3.6845000000e-12	3.6845000000e-12	0.0000000000e+00
4.2444000000e-12	4.2444000000e-12	0.0000000000e+00
4.8659000000e-12	4.8659000000e-12	0.0000000000e+00
5.5200000000e-12	5.5200000000e-12	0.0000000000e+00
6.1909000000e-12	6.1909000000e-12	0.0000000000e+00
6.8745000000e-12	6.8745000000e-12	0.0000000000e+00
7.5693000000e-12	7.5693000000e-12	0.0000000000e+00
8.2088000000e-12	8.2088000000e-12	0.0000000000e+00
8.8752000000e-12	8.8752000000e-12	0.0000000000e+00
9.5679000000e-12	9.5679000000e-12	0.0000000000e+00
1.0286000000e-11	1.0286000000e-11	0.0000000000e+00
1.1029000000e-11	1.1029000000e-11	0.0000000000e+00
1.1794000000e-11	1.1794000000e-11	0.0000000000e+00
1.2582000000e-11	1.2582000000e-11	0.0000000000e+00
1.3389000000e-11	1.3389000000e-11	0.0000000000e+00
1.4214000000e-11	1.4214000000e-11	0.0000000000e+00
1.5055000000e-11	1.5055000000e-11	0.0000000000e+00
1.5908000000e-11	1.5908000000e-11	0.0000000000e+00
1.6771000000e-11	1.6771000000e-11	0.0000000000e+00
1.7639000000e-11	1.7639000000e-11	0.0000000000e+00
1.8510000000e-11	1.8510000000e-11	0.0000000000e+00
1.9378000000e-11	1.9378000000e-11	0.0000000000e+00
2.0239000000e-11	2.0239000000e-11	0.0000000000e+00
9.4271000000e-24	9.4271000000e-24	0.0000000000e+00
1.7246000000e-23	1.7246000000e-23	0.0000000000e+00
3.0306000000e-23	3.0306000000e-23	0.0000000000e+00
5.1772000000e-23	5.1772000000e-23	0.0000000000e+00
8.6019000000e-23	8.6019000000e-23	0.0000000000e+00
1.3905000000e-22	1.3905000000e-22	0.0000000000e+00
2.1870000000e-22	2.1870000000e-22	0.0000000000e+00
3.3281000000e-22	3.3281000000e-22	0.0000000000e+00
4.8847000000e-22	4.8847000000e-22	0.0000000000e+00
6.9299000000e-22	6.9299000000e-22	0.0000000000e+00
9.4411000000e-22	9.4411000000e-22	0.0000000000e+00
1.2337000000e-21	1.2337000000e-21	0.0000000000e+00
1.5441000000e-21	1.5441000000e-21	0.0000000000e+00
1.8536000000e-21	1.8536000000e-21	0.0000000000e+00
2.1499000000e-21	2.1499000000e-21	0.0000000000e+00
2.4382000000e-21	2.4382000000e-21	0.0000000000e+00
2.9577000000e-21	2.9577000000e-21	0.0000000000e+00
3.6916000000e-21	3.6916000000e-21	0.0000000000e+00
4.8346000000e-21	4.8346000000e-21	0.0000000000e+00
6.6850000000e-21	6.6850000000e-21	0.0000000000e+00
9.6380000000e-21	9.6380000000e-21	0.0000000000e+00
1.4222000000e-20	1.4222000000e-20	0.0000000000e+00
2.1019000000e-20	2.1019000000e-20	0.0000000000e+00
3.0677000000e-20	3.0677000000e-20	0.0000000000e+00
4.4068000000e-20	4.4068000000e-20	0.0000000000e+00
6.2093000000e-20	6.2092000000e-20	6.9943146421e-06
8.6468000000e-20	8.6468000000e-20	0.0000000000e+00
1.1900000000e-19	1.1900000000e-19	0.0000000000e+00
1.6279000000e-19	1.6279000000e-19	0.0000000000e+00
2.2474000000e-19	2.2474000000e-19	0.0000000000e+00
3.0440000000e-19	3.0440000000e-19	0.0000000000e+00
4.0177000000e-19	4.0177000000e-19	0.0000000000e+00
5.1794000000e-19	5.1794000000e-19	0.0000000000e+00
6.5392000000e-19	6.5392000000e-19	0.0000000000e+00
8.1088000000e-19	8.1088000000e-19	0.0000000000e+00
9.9299000000e-19	9.9299000000e-19	0.0000000000e+00
1.1934000000e-18	1.1934000000e-18	0.0000000000e+00
1.3927000000e-18	1.3927000000e-18	0.0000000000e+00
1.5220000000e-18	1.5220000000e-18	0.0000000000e+00
1.6681000000e-18	1.6681000000e-18	0.0000000000e+00
1.7368000000e-18	1.7368000000e-18	0.0000000000e+00
1.7253000000e-18	1.7253000000e-18	0.0000000000e+00
1.6713000000e-18	1.6713000000e-18	0.0000000000e+00
1.5612000000e-18	1.5612000000e-18	0.0000000000e+00
1.6082000000e-18	1.6082000000e-18	0.0000000000e+00
1.7866000000e-18	1.7866000000e-18	0.0000000000e+00
2.2170000000e-18	2.2170000000e-18	0.0000000000e+00
3.1686000000e-18	3.1686000000e-18	0.0000000000e+00
5.2462000000e-18	5.2462000000e-18	0.0000000000e+00
9.8390000000e-18	9.8390000000e-18	0.0000000000e+00
2.0104000000e-17	2.0104000000e-17	0.0000000000e+00
4.3244000000e-17	4.3244000000e-17	0.0000000000e+00
1.0605000000e-16	1.0605000000e-16	0.0000000000e+00
2.4024000000e-16	2.4024000000e-16	0.0000000000e+00
5.3878000000e-16	5.3878000000e-16	0.0000000000e+00
1.1972000000e-15	1.1972000000e-15	0.0000000000e+00
2.7937000000e-15	2.7937000000e-15	0.0000000000e+00
6.1114000000e-15	6.1114000000e-15	0.0000000000e+00
1.2896000000e-14	1.2896000000e-14	0.0000000000e+00
2.8566000000e-14	2.8566000000e-14	0.0000000000e+00
5.6372000000e-14	5.6372000000e-14	0.0000000000e+00
1.0343000000e-13	1.0343000000e-13	0.0000000000e+00
1.8129000000e-13	1.8129000000e-13	0.0000000000e+00
3.0428000000e-13	3.0427000000e-13	1.4273091182e-05
4.7349000000e-13	4.7349000000e-13	0.0000000000e+00
6.8929000000e-13	6.8929000000e-13	0.0000000000e+00
9.4967000000e-13	9.4967000000e-13	0.0000000000e+00
1.2541000000e-12	1.2541000000e-12	0.0000000000e+00
1.5994000000e-12	1.5994000000e-12	0.0000000000e+00
1.9780000000e-12	1.9780000000e-12	0.0000000000e+00
2.3722000000e-12	2.3722000000e-12	0.0000000000e+00
2.7579000000e-12	2.7579000000e-12	0.0000000000e+00
3.1187000000e-12	3.1187000000e-12	0.0000000000e+00
3.4587000000e-12	3.4587000000e-12	0.0000000000e+00
3.8147000000e-12	3.8147000000e-12	0.0000000000e+00
4.2369000000e-12	4.2369000000e-12	0.0000000000e+00
4.7906000000e-12	4.7906000000e-12	0.0000000000e+00
5.5127000000e-12	5.5127000000e-12	0.0000000000e+00
6.4073000000e-12	6.4073000000e-12	0.0000000000e+00
7.4593000000e-12	7.4593000000e-12	0.0000000000e+00
8.6091000000e-12	8.6091000000e-12	0.0000000000e+00
9.7979000000e-12	9.7979000000e-12	0.0000000000e+00
1.0987000000e-11	1.0987000000e-11	0.0000000000e+00
1.2155000000e-11	1.2155000000e-11	0.0000000000e+00
1.3303000000e-11	1.3303000000e-11	0.0000000000e+00
1.4325000000e-11	1.4325000000e-11	0.0000000000e+00
1.5380000000e-11	1.5380000000e-11	0.0000000000e+00
1.6467000000e-11	1.6467000000e-11	0.0000000000e+00
1.7584000000e-11	1.7584000000e-11	0.0000000000e+00
1.8729000000e-11	1.8729000000e-11	0.0000000000e+00
1.9902000000e-11	1.9902000000e-11	0.0000000000e+00
2.1099000000e-11	2.1099000000e-11	0.0000000000e+00
2.2319000000e-11	2.2319000000e-11	0.0000000000e+00
2.3557000000e-11	2.3557000000e-11	0.0000000000e+00
2.4812000000e-11	2.4812000000e-11	0.0000000000e+00
2.6078000000e-11	2.6078000000e-11	0.0000000000e+00
2.7352000000e-11	2.7352000000e-11	0.0000000000e+00
2.8628000000e-11	2.8628000000e-11	0.0000000000e+00
2.9901000000e-11	2.9901000000e-11	0.0000000000e+00
3.1166000000e-11	3.1166000000e-11	0.0000000000e+00
3.2414000000e-11	3.2414000000e-11	0.0000000000e+00
1.5195000000e-23	1.5195000000e-23	0.0000000000e+00
2.7843000000e-23	2.7843000000e-23	0.0000000000e+00
4.8909000000e-23	4.8909000000e-23	0.0000000000e+00
8.3352000000e-23	8.3352000000e-23	0.0000000000e+00
1.3787000000e-22	1.3787000000e-22	0.0000000000e+00
2.2140000000e-22	2.2140000000e-22	0.0000000000e+00
3.4320000000e-22	3.4320000000e-22	0.0000000000e+00
5.1486000000e-22	5.1486000000e-22	0.0000000000e+00
7.4493000000e-22	7.4493000000e-22	0.0000000000e+00
1.0326000000e-21	1.0326000000e-21	0.0000000000e+00
1.3654000000e-21	1.3654000000e-21	0.0000000000e+00
1.7193000000e-21	1.7193000000e-21	0.0000000000e+00
2.0453000000e-21	2.0453000000e-21	0.0000000000e+00
2.3000000000e-21	2.3000000000e-21	0.0000000000e+00
2.4569000000e-21	2.4569000000e-21	0.0000000000e+00
2.7410000000e-21	2.7410000000e-21	0.0000000000e+00
3.0612000000e-21	3.0612000000e-21	0.0000000000e+00
3.5430000000e-21	3.5430000000e-21	0.0000000000e+00
4.4341000000e-21	4.4341000000e-21	0.0000000000e+00
6.0825000000e-21	6.0825000000e-21	0.0000000000e+00
9.0113000000e-21	9.0113000000e-21	0.0000000000e+00
1.3838000000e-20	1.3838000000e-20	0.0000000000e+00
2.1235000000e-20	2.1235000000e-20	0.0000000000e+00
3.1993000000e-20	3.1993000000e-20	0.0000000000e+00
4.6434000000e-20	4.6434000000e-20	0.0000000000e+00
6.7902000000e-20	6.7902000000e-20	0.0000000000e+00
9.9904000000e-20	9.9905000000e-20	-4.3470962960e-06
1.4833000000e-19	1.4833000000e-19	0.0000000000e+00
2.2246000000e-19	2.2246000000e-19	0.0000000000e+00
3.3353000000e-19	3.3353000000e-19	0.0000000000e+00
4.9115000000e-19	4.9115000000e-19	0.0000000000e+00
7.0172000000e-19	7.0172000000e-19	0.0000000000e+00
9.7759000000e-19	9.7759000000e-19	0.0000000000e+00
1.3413000000e-18	1.3413000000e-18	0.0000000000e+00
1.8262000000e-18	1.8262000000e-18	0.0000000000e+00
2.4801000000e-18	2.4801000000e-18	0.0000000000e+00
3.3377000000e-18	3.3377000000e-18	0.0000000000e+00
4.3416000000e-18	4.3416000000e-18	0.0000000000e+00
5.3425000000e-18	5.3425000000e-18	0.0000000000e+00
5.7161000000e-18	5.7161000000e-18	0.0000000000e+00
6.1263000000e-18	6.1263000000e-18	0.0000000000e+00
6.1006000000e-18	6.1006000000e-18	0.0000000000e+00
5.7218000000e-18	5.7218000000e-18	0.0000000000e+00
5.2309000000e-18	5.2309000000e-18	0.0000000000e+00
4.6249000000e-18	4.6249000000e-18	0.0000000000e+00
4.7072000000e-18	4.7072000000e-18	0.0000000000e+00
5.4184000000e-18	5.4184000000e-18	0.0000000000e+00
7.3781000000e-18	7.3781000000e-18	0.0000000000e+00
1.2039000000e-17	1.2039000000e-17	0.0000000000e+00
2.2752000000e-17	2.2752000000e-17	0.0000000000e+00
4.6926000000e-17	4.6926000000e-17	0.0000000000e+00
1.0054000000e-16	1.0054000000e-16	0.0000000000e+00
2.4979000000e-16	2.4979000000e-16	0.0000000000e+00
5.4987000000e-16	5.4987000000e-16	0.0000000000e+00
1.1822000000e-15	1.1822000000e-15	0.0000000000e+00
2.5236000000e-15	2.5236000000e-15	0.0000000000e+00
5.8375000000e-15	5.8375000000e-15	0.0000000000e+00
1.2656000000e-14	1.2656000000e-14	0.0000000000e+00
2.6611000000e-14	2.6611000000e-14	0.0000000000e+00
5.9783000000e-14	5.9783000000e-14	0.0000000000e+00
1.1751000000e-13	1.1751000000e-13	0.0000000000e+00
2.1423000000e-13	2.1423000000e-13	0.0000000000e+00
3.7261000000e-13	3.7261000000e-13	0.0000000000e+00
6.1965000000e-13	6.1965000000e-13	0.0000000000e+00
9.4914000000e-13	9.4914000000e-13	0.0000000000e+00
1.3549000000e-12	1.3549000000e-12	0.0000000000e+00
1.8282000000e-12	1.8282000000e-12	0.0000000000e+00
2.3766000000e-12	2.3766000000e-12	0.0000000000e+00
3.0049000000e-12	3.0049000000e-12	0.0000000000e+00
3.7135000000e-12	3.7135000000e-12	0.0000000000e+00
4.4455000000e-12	4.4455000000e-12	0.0000000000e+00
5.1288000000e-12	5.1288000000e-12	0.0000000000e+00
5.6943000000e-12	5.6943000000e-12	0.0000000000e+00
6.1563000000e-12	6.1563000000e-12	0.0000000000e+00
6.6027000000e-12	6.6027000000e-12	0.0000000000e+00
7.1893000000e-12	7.1893000000e-12	0.0000000000e+00
8.0812000000e-12	8.0812000000e-12	0.0000000000e+00
9.3604000000e-12	9.3604000000e-12	0.0000000000e+00
1.1007000000e-11	1.1007000000e-11	0.0000000000e+00
1.2985000000e-11	1.2985000000e-11	0.0000000000e+00
1.5196000000e-11	1.5196000000e-11	0.0000000000e+00
1.7436000000e-11	1.7436000000e-11	0.0000000000e+00
1.9561000000e-11	1.9561000000e-11	0.0000000000e+00
2.1529000000e-11	2.1529000000e-11	0.0000000000e+00
2.3441000000e-11	2.3441000000e-11	0.0000000000e+00
2.5200000000e-11	2.5200000000e-11	0.0000000000e+00
2.6856000000e-11	2.6856000000e-11	0.0000000000e+00
2.8543000000e-11	2.8543000000e-11	0.0000000000e+00
3.0261000000e-11	3.0261000000e-11	0.0000000000e+00
3.2007000000e-11	3.2007000000e-11	0.0000000000e+00
3.3778000000e-11	3.3778000000e-11	0.0000000000e+00
3.5571000000e-11	3.5571000000e-11	0.0000000000e+00
3.7384000000e-11	3.7384000000e-11	0.0000000000e+00
3.9212000000e-11	3.9212000000e-11	0.0000000000e+00
4.1051000000e-11	4.1051000000e-11	0.0000000000e+00
4.2897000000e-11	4.2897000000e-11	0.0000000000e+00
4.4743000000e-11	4.4743000000e-11	0.0000000000e+00
4.6582000000e-11	4.6582000000e-11	0.0000000000e+00
4.8408000000e-11	4.8408000000e-11	0.0000000000e+00
5.0212000000e-11	5.0212000000e-11	0.0000000000e+00
5.1984000000e-11	5.1984000000e-11	0.0000000000e+00
2.4366000000e-23	2.4367000000e-23	-1.7823424865e-05
4.4770000000e-23	4.4770000000e-23	0.0000000000e+00
7.8703000000e-23	7.8703000000e-23	0.0000000000e+00
1.3359000000e-22	1.3359000000e-22	0.0000000000e+00
2.1962000000e-22	2.1962000000e-22	0.0000000000e+00
3.4875000000e-22	3.4875000000e-22	0.0000000000e+00
5.3635000000e-22	5.3635000000e-22	0.0000000000e+00
7.9157000000e-22	7.9157000000e-22	0.0000000000e+00
1.1199000000e-21	1.1199000000e-21	0.0000000000e+00
1.5124000000e-21	1.5124000000e-21	0.0000000000e+00
1.9343000000e-21	1.9343000000e-21	0.0000000000e+00
2.3373000000e-21	2.3373000000e-21	0.0000000000e+00
2.6286000000e-21	2.6286000000e-21	0.0000000000e+00
2.7343000000e-21	2.7343000000e-21	0.0000000000e+00
2.8679000000e-21	2.8679000000e-21	0.0000000000e+00
2.8677000000e-21	2.8677000000e-21	0.0000000000e+00
2.8090000000e-21	2.8090000000e-21	0.0000000000e+00
2.8659000000e-21	2.8659000000e-21	0.0000000000e+00
3.3046000000e-21	3.3046000000e-21	0.0000000000e+00
4.5715000000e-21	4.5715000000e-21	0.0000000000e+00
7.1828000000e-21	7.1828000000e-21	0.0000000000e+00
1.1796000000e-20	1.1796000000e-20	0.0000000000e+00
1.9164000000e-20	1.9164000000e-20	0.0000000000e+00
3.0069000000e-20	3.0069000000e-20	0.0000000000e+00
4.5992000000e-20	4.5992000000e-20	0.0000000000e+00
6.9232000000e-20	6.9232000000e-20	0.0000000000e+00
1.0544000000e-19	1.0544000000e-19	0.0000000000e+00
1.6663000000e-19	1.6663000000e-19	0.0000000000e+00
2.7498000000e-19	2.7498000000e-19	0.0000000000e+00
4.6354000000e-19	4.6354000000e-19	0.0000000000e+00
7.6548000000e-19	7.6548000000e-19	0.0000000000e+00
1.2075000000e-18	1.2075000000e-18	0.0000000000e+00
1.8385000000e-18	1.8385000000e-18	0.0000000000e+00
2.7639000000e-18	2.7639000000e-18	0.0000000000e+00
4.1930000000e-18	4.1930000000e-18	0.0000000000e+00
6.4619000000e-18	6.4619000000e-18	0.0000000000e+00
1.0036000000e-17	1.0036000000e-17	0.0000000000e+00
1.5063000000e-17	1.5063000000e-17	0.0000000000e+00
2.0817000000e-17	2.0817000000e-17	0.0000000000e+00
2.5310000000e-17	2.5310000000e-17	0.0000000000e+00
2.5774000000e-17	2.5774000000e-17	0.0000000000e+00
2.3586000000e-17	2.3586000000e-17	0.0000000000e+00
2.1227000000e-17	2.1227000000e-17	0.0000000000e+00
1.7911000000e-17	1.7911000000e-17	0.0000000000e+00
1.3518000000e-17	1.3518000000e-17	0.0000000000e+00
1.2104000000e-17	1.2104000000e-17	0.0000000000e+00
1.2372000000e-17	1.2372000000e-17	0.0000000000e+00
1.5580000000e-17	1.5580000000e-17	0.0000000000e+00
2.5454000000e-17	2.5454000000e-17	0.0000000000e+00
5.0586000000e-17	5.0586000000e-17	0.0000000000e+00
1.0762000000e-16	1.0762000000e-16	0.0000000000e+00
2.3208000000e-16	2.3208000000e-16	0.0000000000e+00
5.9766000000e-16	5.9766000000e-16	0.0000000000e+00
1.3031000000e-15	1.3031000000e-15	0.0000000000e+00
2.6639000000e-15	2.6639000000e-15	0.0000000000e+00
5.4021000000e-15	5.4021000000e-15	0.0000000000e+00
1.2488000000e-14	1.2488000000e-14	0.0000000000e+00
2.7350000000e-14	2.7350000000e-14	0.0000000000e+00
5.7865000000e-14	5.7864000000e-14	7.5053699922e-06
1.3229000000e-13	1.3229000000e-13	0.0000000000e+00
2.5806000000e-13	2.5806000000e-13	0.0000000000e+00
4.6209000000e-13	4.6209000000e-13	0.0000000000e+00
7.9779000000e-13	7.9778000000e-13	5.4437534161e-06
1.3026000000e-12	1.3026000000e-12	0.0000000000e+00
1.9598000000e-12	1.9598000000e-12	0.0000000000e+00
2.7174000000e-12	2.7174000000e-12	0.0000000000e+00
3.5555000000e-12	3.5555000000e-12	0.0000000000e+00
4.5112000000e-12	4.5112000000e-12	0.0000000000e+00
5.6626000000e-12	5.6626000000e-12	0.0000000000e+00
7.0344000000e-12	7.0344000000e-12	0.0000000000e+00
8.4857000000e-12	8.4857000000e-12	0.0000000000e+00
9.7739000000e-12	9.7739000000e-12	0.0000000000e+00
1.0635000000e-11	1.0635000000e-11	0.0000000000e+00
1.1087000000e-11	1.1087000000e-11	0.0000000000e+00
1.1382000000e-11	1.1382000000e-11	0.0000000000e+00
1.1984000000e-11	1.1984000000e-11	0.0000000000e+00
1.3360000000e-11	1.3360000000e-11	0.0000000000e+00
1.5628000000e-11	1.5628000000e-11	0.0000000000e+00
1.8585000000e-11	1.8585000000e-11	0.0000000000e+00
2.2303000000e-11	2.2303000000e-11	0.0000000000e+00
2.6796000000e-11	2.6796000000e-11	0.0000000000e+00
3.1247000000e-11	3.1247000000e-11	0.0000000000e+00
3.4970000000e-11	3.4970000000e-11	0.0000000000e+00
3.8277000000e-11	3.8277000000e-11	0.0000000000e+00
4.1451000000e-11	4.1451000000e-11	0.0000000000e+00
4.4681000000e-11	4.4681000000e-11	0.0000000000e+00
4.7247000000e-11	4.7247000000e-11	0.0000000000e+00
4.9831000000e-11	4.9831000000e-11	0.0000000000e+00
5.2431000000e-11	5.2431000000e-11	0.0000000000e+00
5.5044000000e-11	5.5044000000e-11	0.0000000000e+00
5.7667000000e-11	5.7667000000e-11	0.0000000000e+00
6.0298000000e-11	6.0298000000e-11	0.0000000000e+00
6.2934000000e-11	6.2934000000e-11	0.0000000000e+00
6.5570000000e-11	6.5570000000e-11	0.0000000000e+00
6.8202000000e-11	6.8202000000e-11	0.0000000000e+00
7.0824000000e-11	7.0824000000e-11	0.0000000000e+00
7.3430000000e-11	7.3430000000e-11	0.0000000000e+00
7.6011000000e-11	7.6011000000e-11	0.0000000000e+00
7.8558000000e-11	7.8558000000e-11	0.0000000000e+00
8.1060000000e-11	8.1060000000e-11	0.0000000000e+00
8.3505000000e-11	8.3505000000e-11	0.0000000000e+00
3.9122000000e-23	3.9122000000e-23	0.0000000000e+00
7.1956000000e-23	7.1956000000e-23	0.0000000000e+00
1.2638000000e-22	1.2638000000e-22	0.0000000000e+00
2.1390000000e-22	2.1390000000e-22	0.0000000000e+00
3.4893000000e-22	3.4893000000e-22	0.0000000000e+00
5.5170000000e-22	5.5170000000e-22	0.0000000000e+00
8.3537000000e-22	8.3537000000e-22	0.0000000000e+00
1.2137000000e-21	1.2137000000e-21	0.0000000000e+00
1.6795000000e-21	1.6795000000e-21	0.0000000000e+00
2.2093000000e-21	2.2093000000e-21	0.0000000000e+00
2.7310000000e-21	2.7310000000e-21	0.0000000000e+00
3.1621000000e-21	3.1621000000e-21	0.0000000000e+00
3.3636000000e-21	3.3636000000e-21	0.0000000000e+00
3.4558000000e-21	3.4558000000e-21	0.0000000000e+00
3.3351000000e-21	3.3351000000e-21	0.0000000000e+00
2.9061000000e-21	2.9061000000e-21	0.0000000000e+00
2.3430000000e-21	2.3430000000e-21	0.0000000000e+00
2.0392000000e-21	2.0393000000e-21	-2.1296774892e-05
2.1526000000e-21	2.1526000000e-21	0.0000000000e+00
2.9766000000e-21	2.9766000000e-21	0.0000000000e+00
5.0910000000e-21	5.0910000000e-21	0.0000000000e+00
9.1804000000e-21	9.1804000000e-21	0.0000000000e+00
1.5595000000e-20	1.5595000000e-20	0.0000000000e+00
2.5062000000e-20	2.5062000000e-20	0.0000000000e+00
3.8900000000e-20	3.8900000000e-20	0.0000000000e+00
5.9540000000e-20	5.9540000000e-20	0.0000000000e+00
9.2795000000e-20	9.2795000000e-20	0.0000000000e+00
1.5669000000e-19	1.5669000000e-19	0.0000000000e+00
2.9860000000e-19	2.9860000000e-19	0.0000000000e+00
6.0687000000e-19	6.0687000000e-19	0.0000000000e+00
1.1729000000e-18	1.1729000000e-18	0.0000000000e+00
2.0762000000e-18	2.0762000000e-18	0.0000000000e+00
3.4437000000e-18	3.4437000000e-18	0.0000000000e+00
5.6917000000e-18	5.6917000000e-18	0.0000000000e+00
9.6694000000e-18	9.6694000000e-18	0.0000000000e+00
1.7290000000e-17	1.7290000000e-17	0.0000000000e+00
3.2229000000e-17	3.2229000000e-17	0.0000000000e+00
5.8394000000e-17	5.8394000000e-17	0.0000000000e+00
9.2324000000e-17	9.2324000000e-17	0.0000000000e+00
1.1966000000e-16	1.1966000000e-16	0.0000000000e+00
1.2758000000e-16	1.2758000000e-16	0.0000000000e+00
1.1574000000e-16	1.1574000000e-16	0.0000000000e+00
8.3516000000e-17	8.3516000000e-17	0.0000000000e+00
6.3468000000e-17	6.3468000000e-17	0.0000000000e+00
4.3624000000e-17	4.3624000000e-17	0.0000000000e+00
2.8881000000e-17	2.8881000000e-17	0.0000000000e+00
2.4483000000e-17	2.4483000000e-17	0.0000000000e+00
2.6571000000e-17	2.6571000000e-17	0.0000000000e+00
4.5135000000e-17	4.5135000000e-17	0.0000000000e+00
1.0488000000e-16	1.0488000000e-16	0.0000000000e+00
2.4027000000e-16	2.4027000000e-16	0.0000000000e+00
5.0844000000e-16	5.0844000000e-16	0.0000000000e+00
1.4498000000e-15	1.4498000000e-15	0.0000000000e+00
3.3587000000e-15	3.3587000000e-15	0.0000000000e+00
6.2395000000e-15	6.2395000000e-15	0.0000000000e+00
1.1687000000e-14	1.1687000000e-14	0.0000000000e+00
2.7886000000e-14	2.7886000000e-14	0.0000000000e+00
6.4810000000e-14	6.4810000000e-14	0.0000000000e+00
1.4039000000e-13	1.4039000000e-13	0.0000000000e+00
3.1896000000e-13	3.1896000000e-13	0.0000000000e+00
6.1953000000e-13	6.1953000000e-13	0.0000000000e+00
1.0653000000e-12	1.0653000000e-12	0.0000000000e+00
1.7851000000e-12	1.7851000000e-12	0.0000000000e+00
2.8794000000e-12	2.8794000000e-12	0.0000000000e+00
4.2613000000e-12	4.2613000000e-12	0.0000000000e+00
5.6591000000e-12	5.6591000000e-12	0.0000000000e+00
7.0331000000e-12	7.0331000000e-12	0.0000000000e+00
8.5667000000e-12	8.5667000000e-12	0.0000000000e+00
1.0652000000e-11	1.0652000000e-11	0.0000000000e+00
1.3487000000e-11	1.3487000000e-11	0.0000000000e+00
1.6712000000e-11	1.6712000000e-11	0.0000000000e+00
1.9457000000e-11	1.9457000000e-11	0.0000000000e+00
2.0743000000e-11	2.0743000000e-11	0.0000000000e+00
2.0529000000e-11	2.0529000000e-11	0.0000000000e+00
1.9721000000e-11	1.9721000000e-11	0.0000000000e+00
1.9470000000e-11	1.9470000000e-11	0.0000000000e+00
2.1636000000e-11	2.1636000000e-11	0.0000000000e+00
2.5997000000e-11	2.5997000000e-11	0.0000000000e+00
3.0687000000e-11	3.0687000000e-11	0.0000000000e+00
3.7321000000e-11	3.7321000000e-11	0.0000000000e+00
4.7465000000e-11	4.7465000000e-11	0.0000000000e+00
5.6724000000e-11	5.6724000000e-11	0.0000000000e+00
6.3025000000e-11	6.3025000000e-11	0.0000000000e+00
6.8203000000e-11	6.8203000000e-11	0.0000000000e+00
7.3361000000e-11	7.3361000000e-11	0.0000000000e+00
7.8811000000e-11	7.8811000000e-11	0.0000000000e+00
8.3721000000e-11	8.3721000000e-11	0.0000000000e+00
8.7597000000e-11	8.7597000000e-11	0.0000000000e+00
9.1440000000e-11	9.1440000000e-11	0.0000000000e+00
9.5251000000e-11	9.5251000000e-11	0.0000000000e+00
9.9030000000e-11	9.9030000000e-11	0.0000000000e+00
1.0277000000e-10	1.0277000000e-10	0.0000000000e+00
1.0649000000e-10	1.0649000000e-10	0.0000000000e+00
1.1016000000e-10	1.1016000000e-10	0.0000000000e+00
1.1380000000e-10	1.1380000000e-10	0.0000000000e+00
1.1739000000e-10	1.1739000000e-10	0.0000000000e+00
1.2093000000e-10	1.2093000000e-10	0.0000000000e+00
1.2441000000e-10	1.2441000000e-10	0.0000000000e+00
1.2782000000e-10	1.2782000000e-10	0.0000000000e+00
1.3115000000e-10	1.3115000000e-10	0.0000000000e+00
1.3439000000e-10	1.3439000000e-10	0.0000000000e+00
6.2756000000e-23	6.2756000000e-23	0.0000000000e+00
1.1602000000e-22	1.1602000000e-22	0.0000000000e+00
2.0327000000e-22	2.0327000000e-22	0.0000000000e+00
3.4348000000e-22	3.4348000000e-22	0.0000000000e+00
5.5821000000e-22	5.5821000000e-22	0.0000000000e+00
8.7468000000e-22	8.7468000000e-22	0.0000000000e+00
1.3088000000e-21	1.3088000000e-21	0.0000000000e+00
1.8730000000e-21	1.8730000000e-21	0.0000000000e+00
2.5356000000e-21	2.5356000000e-21	0.0000000000e+00
3.2385000000e-21	3.2385000000e-21	0.0000000000e+00
3.8656000000e-21	3.8656000000e-21	0.0000000000e+00
4.2816000000e-21	4.2816000000e-21	0.0000000000e+00
4.4453000000e-21	4.4453000000e-21	0.0000000000e+00
4.5168000000e-21	4.5168000000e-21	0.0000000000e+00
4.0723000000e-21	4.0723000000e-21	0.0000000000e+00
3.0743000000e-21	3.0743000000e-21	0.0000000000e+00
2.0209000000e-21	2.0209000000e-21	0.0000000000e+00
1.2715000000e-21	1.2715000000e-21	0.0000000000e+00
9.9066000000e-22	9.9066000000e-22	0.0000000000e+00
1.3158000000e-21	1.3158000000e-21	0.0000000000e+00
2.7259000000e-21	2.7259000000e-21	0.0000000000e+00
6.0528000000e-21	6.0528000000e-21	0.0000000000e+00
1.0089000000e-20	1.0089000000e-20	0.0000000000e+00
1.5673000000e-20	1.5673000000e-20	0.0000000000e+00
2.4560000000e-20	2.4560000000e-20	0.0000000000e+00
3.7449000000e-20	3.7449000000e-20	0.0000000000e+00
5.7290000000e-20	5.7290000000e-20	0.0000000000e+00
9.7870000000e-20	9.7870000000e-20	0.0000000000e+00
2.2777000000e-19	2.2777000000e-19	0.0000000000e+00
6.9429000000e-19	6.9428000000e-19	6.2552767511e-06
1.8356000000e-18	1.8356000000e-18	0.0000000000e+00
3.6587000000e-18	3.6587000000e-18	0.0000000000e+00
6.3649000000e-18	6.3649000000e-18	0.0000000000e+00
1.1574000000e-17	1.1574000000e-17	0.0000000000e+00
2.1903000000e-17	2.1903000000e-17	0.0000000000e+00
4.6289000000e-17	4.6289000000e-17	0.0000000000e+00
1.0808000000e-16	1.0808000000e-16	0.0000000000e+00
2.5038000000e-16	2.5039000000e-16	-1.7345067874e-05
4.5983000000e-16	4.5983000000e-16	0.0000000000e+00
6.0969000000e-16	6.0969000000e-16	0.0000000000e+00
6.3876000000e-16	6.3876000000e-16	0.0000000000e+00
5.4421000000e-16	5.4421000000e-16	0.0000000000e+00
4.1650000000e-16	4.1650000000e-16	0.0000000000e+00
2.2306000000e-16	2.2306000000e-16	0.0000000000e+00
1.1819000000e-16	1.1819000000e-16	0.0000000000e+00
6.4963000000e-17	6.4963000000e-17	0.0000000000e+00
4.4441000000e-17	4.4441000000e-17	0.0000000000e+00
2.9309000000e-17	2.9309000000e-17	0.0000000000e+00
5.4262000000e-17	5.4262000000e-17	0.0000000000e+00
2.2176000000e-16	2.2176000000e-16	0.0000000000e+00
5.9681000000e-16	5.9681000000e-16	0.0000000000e+00
1.0005000000e-15	1.0005000000e-15	0.0000000000e+00
3.6971000000e-15	3.6971000000e-15	0.0000000000e+00
1.1164000000e-14	1.1164000000e-14	0.0000000000e+00
1.4995000000e-14	1.4995000000e-14	0.0000000000e+00
2.4434000000e-14	2.4434000000e-14	0.0000000000e+00
6.6349000000e-14	6.6349000000e-14	0.0000000000e+00
1.7113000000e-13	1.7113000000e-13	0.0000000000e+00
4.3175000000e-13	4.3175000000e-13	0.0000000000e+00
7.9074000000e-13	7.9074000000e-13	0.0000000000e+00
1.7063000000e-12	1.7063000000e-12	0.0000000000e+00
2.8064000000e-12	2.8064000000e-12	0.0000000000e+00
4.1842000000e-12	4.1842000000e-12	0.0000000000e+00
6.9697000000e-12	6.9697000000e-12	0.0000000000e+00
1.0194000000e-11	1.0194000000e-11	0.0000000000e+00
1.2444000000e-11	1.2444000000e-11	0.0000000000e+00
1.4492000000e-11	1.4492000000e-11	0.0000000000e+00
1.6452000000e-11	1.6452000000e-11	0.0000000000e+00
1.9584000000e-11	1.9584000000e-11	0.0000000000e+00
2.5905000000e-11	2.5905000000e-11	0.0000000000e+00
3.4088000000e-11	3.4088000000e-11	0.0000000000e+00
4.1142000000e-11	4.1142000000e-11	0.0000000000e+00
4.3224000000e-11	4.3224000000e-11	0.0000000000e+00
3.7839000000e-11	3.7839000000e-11	0.0000000000e+00
3.4746000000e-11	3.4746000000e-11	0.0000000000e+00
3.1646000000e-11	3.1646000000e-11	0.0000000000e+00
3.7295000000e-11	3.7295000000e-11	0.0000000000e+00
4.6980000000e-11	4.6980000000e-11	0.0000000000e+00
5.0644000000e-11	5.0644000000e-11	0.0000000000e+00
6.1431000000e-11	6.1431000000e-11	0.0000000000e+00
8.9177000000e-11	8.9177000000e-11	0.0000000000e+00
1.0611000000e-10	1.0611000000e-10	0.0000000000e+00
1.1389000000e-10	1.1390000000e-10	-3.8131127985e-05
1.2133000000e-10	1.2133000000e-10	0.0000000000e+00
1.3004000000e-10	1.3004000000e-10	0.0000000000e+00
1.3872000000e-10	1.3872000000e-10	0.0000000000e+00
1.4934000000e-10	1.4934000000e-10	0.0000000000e+00
1.5498000000e-10	1.5498000000e-10	0.0000000000e+00
1.6046000000e-10	1.6046000000e-10	0.0000000000e+00
1.6581000000e-10	1.6581000000e-10	0.0000000000e+00
1.7102000000e-10	1.7102000000e-10	0.0000000000e+00
1.7611000000e-10	1.7611000000e-10	0.0000000000e+00
1.8108000000e-10	1.8108000000e-10	0.0000000000e+00
1.8594000000e-10	1.8594000000e-10	0.0000000000e+00
1.9068000000e-10	1.9068000000e-10	0.0000000000e+00
1.9532000000e-10	1.9532000000e-10	0.0000000000e+00
1.9985000000e-10	1.9985000000e-10	0.0000000000e+00
2.0427000000e-10	2.0427000000e-10	0.0000000000e+00
2.0856000000e-10	2.0856000000e-10	0.0000000000e+00
2.1271000000e-10	2.1271000000e-10	0.0000000000e+00
2.1670000000e-10	2.1670000000e-10	0.0000000000e+00
1.0093000000e-22	1.0093000000e-22	0.0000000000e+00
1.8725000000e-22	1.8725000000e-22	0.0000000000e+00
3.2957000000e-22	3.2957000000e-22	0.0000000000e+00
5.5511000000e-22	5.5511000000e-22	0.0000000000e+00
8.9986000000e-22	8.9986000000e-22	0.0000000000e+00
1.3988000000e-21	1.3988000000e-21	0.0000000000e+00
2.0763000000e-21	2.0763000000e-21	0.0000000000e+00
2.9107000000e-21	2.9107000000e-21	0.0000000000e+00
3.8551000000e-21	3.8551000000e-21	0.0000000000e+00
4.7780000000e-21	4.7780000000e-21	0.0000000000e+00
5.5015000000e-21	5.5015000000e-21	0.0000000000e+00
5.8374000000e-21	5.8374000000e-21	0.0000000000e+00
6.1611000000e-21	6.1611000000e-21	0.0000000000e+00
6.1169000000e-21	6.1169000000e-21	0.0000000000e+00
5.4621000000e-21	5.4621000000e-21	0.0000000000e+00
3.7644000000e-21	3.7644000000e-21	0.0000000000e+00
1.9085000000e-21	1.9085000000e-21	0.0000000000e+00
6.1704000000e-22	6.1704000000e-22	0.0000000000e+00
2.6359000000e-22	2.6359000000e-22	0.0000000000e+00
3.5396000000e-22	3.5396000000e-22	0.0000000000e+00
1.2050000000e-21	1.2050000000e-21	0.0000000000e+00
3.7191000000e-21	3.7191000000e-21	0.0000000000e+00
5.7785000000e-21	5.7785000000e-21	0.0000000000e+00
9.3564000000e-21	9.3564000000e-21	0.0000000000e+00
1.5954000000e-20	1.5954000000e-20	0.0000000000e+00
2.0542000000e-20	2.0542000000e-20	0.0000000000e+00
2.8912000000e-20	2.8912000000e-20	0.0000000000e+00
3.8008000000e-20	3.8008000000e-20	0.0000000000e+00
1.4263000000e-19	1.4263000000e-19	0.0000000000e+00
7.2763000000e-19	7.2763000000e-19	0.0000000000e+00
2.4479000000e-18	2.4479000000e-18	0.0000000000e+00
7.1588000000e-18	7.1588000000e-18	0.0000000000e+00
9.9663000000e-18	9.9663000000e-18	0.0000000000e+00
2.3711000000e-17	2.3711000000e-17	0.0000000000e+00
4.4228000000e-17	4.4228000000e-17	0.0000000000e+00
1.2564000000e-16	1.2564000000e-16	0.0000000000e+00
3.5589000000e-16	3.5589000000e-16	0.0000000000e+00
1.5036000000e-15	1.5036000000e-15	0.0000000000e+00
3.1691000000e-15	3.1691000000e-15	0.0000000000e+00
3.7959000000e-15	3.7959000000e-15	0.0000000000e+00
3.4104000000e-15	3.4104000000e-15	0.0000000000e+00
2.1184000000e-15	2.1184000000e-15	0.0000000000e+00
1.6395000000e-15	1.6395000000e-15	0.0000000000e+00
5.9084000000e-16	5.9084000000e-16	0.0000000000e+00
2.9993000000e-16	2.9993000000e-16	0.0000000000e+00
1.7665000000e-16	1.7665000000e-16	0.0000000000e+00
1.5766000000e-16	1.5766000000e-16	0.0000000000e+00
3.8968000000e-17	3.8968000000e-17	0.0000000000e+00
7.2966000000e-17	7.2966000000e-17	0.0000000000e+00
6.2462000000e-16	6.2462000000e-16	0.0000000000e+00
4.4242000000e-15	4.4242000000e-15	0.0000000000e+00
1.6846000000e-15	1.6846000000e-15	0.0000000000e+00
1.2340000000e-14	1.2340000000e-14	0.0000000000e+00
9.7814000000e-14	9.7814000000e-14	0.0000000000e+00
3.0082000000e-14	3.0082000000e-14	0.0000000000e+00
4.4914000000e-14	4.4914000000e-14	0.0000000000e+00
1.7720000000e-13	1.7720000000e-13	0.0000000000e+00
4.2856000000e-13	4.2856000000e-13	0.0000000000e+00
1.1055000000e-12	1.1055000000e-12	0.0000000000e+00
1.2557000000e-12	1.2557000000e-12	0.0000000000e+00
7.5734000000e-12	7.5734000000e-12	0.0000000000e+00
9.1877000000e-12	9.1877000000e-12	0.0000000000e+00
1.0231000000e-11	1.0231000000e-11	0.0000000000e+00
2.0577000000e-11	2.0577000000e-11	0.0000000000e+00
2.7701000000e-11	2.7701000000e-11	0.0000000000e+00
3.0163000000e-11	3.0163000000e-11	0.0000000000e+00
3.3696000000e-11	3.3696000000e-11	0.0000000000e+00
3.6880000000e-11	3.6880000000e-11	0.0000000000e+00
3.1050000000e-11	3.1050000000e-11	0.0000000000e+00
4.8726000000e-11	4.8726000000e-11	0.0000000000e+00
7.4798000000e-11	7.4798000000e-11	0.0000000000e+00
8.9080000000e-11	8.9080000000e-11	0.0000000000e+00
1.0067000000e-10	1.0067000000e-10	0.0000000000e+00
7.4183000000e-11	7.4183000000e-11	0.0000000000e+00
8.6479000000e-11	8.6479000000e-11	0.0000000000e+00
5.2620000000e-11	5.2620000000e-11	0.0000000000e+00
7.8870000000e-11	7.8870000000e-11	0.0000000000e+00
8.5741000000e-11	8.5741000000e-11	0.0000000000e+00
1.1456000000e-10	1.1456000000e-10	0.0000000000e+00
8.3835000000e-11	8.3835000000e-11	0.0000000000e+00
1.7548000000e-10	1.7548000000e-10	0.0000000000e+00
1.9781000000e-10	1.9781000000e-10	0.0000000000e+00
2.0754000000e-10	2.0754000000e-10	0.0000000000e+00
2.1616000000e-10	2.1616000000e-10	0.0000000000e+00
2.3224000000e-10	2.3224000000e-10	0.0000000000e+00
2.4706000000e-10	2.4706000000e-10	0.0000000000e+00
2.6799000000e-10	2.6799000000e-10	0.0000000000e+00
2.7579000000e-10	2.7579000000e-10	0.0000000000e+00
2.8319000000e-10	2.8319000000e-10	0.0000000000e+00
2.9022000000e-10	2.9022000000e-10	0.0000000000e+00
2.9691000000e-10	2.9691000000e-10	0.0000000000e+00
3.0330000000e-10	3.0330000000e-10	0.0000000000e+00
3.0940000000e-10	3.0940000000e-10	0.0000000000e+00
3.1525000000e-10	3.1525000000e-10	0.0000000000e+00
3.2087000000e-10	3.2087000000e-10	0.0000000000e+00
3.2627000000e-10	3.2627000000e-10	0.0000000000e+00
3.3146000000e-10	3.3146000000e-10	0.0000000000e+00
3.3646000000e-10	3.3646000000e-10	0.0000000000e+00
3.4125000000e-10	3.4125000000e-10	0.0000000000e+00
3.4584000000e-10	3.4584000000e-10	0.0000000000e+00
3.5019000000e-10	3.5019000000e-10	0.0000000000e+00
1.6285000000e-22	1.6285000000e-22	0.0000000000e+00
3.0449000000e-22	3.0449000000e-22	0.0000000000e+00
5.3750000000e-22	5.3750000000e-22	0.0000000000e+00
9.0886000000e-22	9.0886000000e-22	0.0000000000e+00
1.4714000000e-21	1.4714000000e-21	0.0000000000e+00
2.2712000000e-21	2.2712000000e-21	0.0000000000e+00
3.3369000000e-21	3.3369000000e-21	0.0000000000e+00
4.6122000000e-21	4.6122000000e-21	0.0000000000e+00
5.9579000000e-21	5.9579000000e-21	0.0000000000e+00
7.1621000000e-21	7.1621000000e-21	0.0000000000e+00
7.9206000000e-21	7.9206000000e-21	0.0000000000e+00
8.2100000000e-21	8.2100000000e-21	0.0000000000e+00
8.4815000000e-21	8.4815000000e-21	0.0000000000e+00
8.1105000000e-21	8.1105000000e-21	0.0000000000e+00
7.5666000000e-21	7.5665000000e-21	5.7396631478e-06
6.7698000000e-21	6.7698000000e-21	0.0000000000e+00
2.0795000000e-21	2.0795000000e-21	0.0000000000e+00
4.3357000000e-22	4.3357000000e-22	0.0000000000e+00
3.5296000000e-23	3.5296000000e-23	0.0000000000e+00
3.0161000000e-23	3.0161000000e-23	0.0000000000e+00
1.5235000000e-22	1.5235000000e-22	0.0000000000e+00
1.8040000000e-21	1.8040000000e-21	0.0000000000e+00
1.9343000000e-21	1.9343000000e-21	0.0000000000e+00
7.2028000000e-21	7.2028000000e-21	0.0000000000e+00
1.4552000000e-20	1.4552000000e-20	0.0000000000e+00
4.4174000000e-21	4.4174000000e-21	0.0000000000e+00
7.9846000000e-21	7.9846000000e-21	0.0000000000e+00
2.4967000000e-21	2.4967000000e-21	0.0000000000e+00
4.4721000000e-20	4.4721000000e-20	0.0000000000e+00
9.7062000000e-19	9.7062000000e-19	0.0000000000e+00
3.1399000000e-18	3.1399000000e-18	0.0000000000e+00
8.1819000000e-18	8.1818000000e-18	5.3080230254e-06
5.9854000000e-18	5.9854000000e-18	0.0000000000e+00
6.5961000000e-17	6.5961000000e-17	0.0000000000e+00
1.1616000000e-16	1.1616000000e-16	0.0000000000e+00
5.8349000000e-16	5.8349000000e-16	0.0000000000e+00
1.3993000000e-15	1.3993000000e-15	0.0000000000e+00
4.2521000000e-15	4.2521000000e-15	0.0000000000e+00
2.9093000000e-15	2.9093000000e-15	0.0000000000e+00
9.8802000000e-15	9.8802000000e-15	0.0000000000e+00
2.4787000000e-14	2.4787000000e-14	0.0000000000e+00
1.8594000000e-14	1.8594000000e-14	0.0000000000e+00
4.4495000000e-15	4.4495000000e-15	0.0000000000e+00
6.8271000000e-17	6.8271000000e-17	0.0000000000e+00
1.6504000000e-16	1.6504000000e-16	0.0000000000e+00
4.3367000000e-16	4.3367000000e-16	0.0000000000e+00
7.9929000000e-15	7.9929000000e-15	0.0000000000e+00
7.0429000000e-16	7.0429000000e-16	0.0000000000e+00
5.6902000000e-16	5.6902000000e-16	0.0000000000e+00
9.3276000000e-15	9.3276000000e-15	0.0000000000e+00
2.2755000000e-14	2.2755000000e-14	0.0000000000e+00
2.9150000000e-14	2.9150000000e-14	0.0000000000e+00
1.8303000000e-14	1.8303000000e-14	0.0000000000e+00
8.4820000000e-14	8.4820000000e-14	0.0000000000e+00
4.4429000000e-13	4.4429000000e-13	0.0000000000e+00
3.8502000000e-13	3.8502000000e-13	0.0000000000e+00
3.8155000000e-13	3.8155000000e-13	0.0000000000e+00
1.0831000000e-12	1.0831000000e-12	0.0000000000e+00
1.1148000000e-11	1.1148000000e-11	0.0000000000e+00
3.8120000000e-12	3.8120000000e-12	0.0000000000e+00
9.1728000000e-12	9.1728000000e-12	0.0000000000e+00
3.1676000000e-11	3.1676000000e-11	0.0000000000e+00
4.0627000000e-11	4.0627000000e-11	0.0000000000e+00
5.0617000000e-11	5.0617000000e-11	0.0000000000e+00
6.1961000000e-11	6.1961000000e-11	0.0000000000e+00
7.3306000000e-11	7.3306000000e-11	0.0000000000e+00
8.8280000000e-11	8.8280000000e-11	0.0000000000e+00
1.0291000000e-10	1.0291000000e-10	0.0000000000e+00
1.0262000000e-10	1.0262000000e-10	0.0000000000e+00
8.9795000000e-11	8.9795000000e-11	0.0000000000e+00
1.5444000000e-10	1.5444000000e-10	0.0000000000e+00
1.2385000000e-10	1.2385000000e-10	0.0000000000e+00
1.8870000000e-10	1.8870000000e-10	0.0000000000e+00
1.9523000000e-10	1.9523000000e-10	0.0000000000e+00
1.5653000000e-10	1.5653000000e-10	0.0000000000e+00
1.7141000000e-10	1.7141000000e-10	0.0000000000e+00
1.7955000000e-10	1.7955000000e-10	0.0000000000e+00
2.0573000000e-10	2.0573000000e-10	0.0000000000e+00
1.7663000000e-10	1.7663000000e-10	0.0000000000e+00
1.9541000000e-10	1.9541000000e-10	0.0000000000e+00
2.2437000000e-10	2.2437000000e-10	0.0000000000e+00
3.7681000000e-10	3.7681000000e-10	0.0000000000e+00
3.8726000000e-10	3.8726000000e-10	0.0000000000e+00
3.9578000000e-10	3.9578000000e-10	0.0000000000e+00
4.1781000000e-10	4.1781000000e-10	0.0000000000e+00
4.7247000000e-10	4.7247000000e-10	0.0000000000e+00
4.8336000000e-10	4.8336000000e-10	0.0000000000e+00
4.9326000000e-10	4.9326000000e-10	0.0000000000e+00
5.0227000000e-10	5.0227000000e-10	0.0000000000e+00
5.1046000000e-10	5.1046000000e-10	0.0000000000e+00
5.1793000000e-10	5.1793000000e-10	0.0000000000e+00
5.2475000000e-10	5.2475000000e-10	0.0000000000e+00
5.3099000000e-10	5.3099000000e-10	0.0000000000e+00
5.3675000000e-10	5.3675000000e-10	0.0000000000e+00
5.4207000000e-10	5.4207000000e-10	0.0000000000e+00
5.4702000000e-10	5.4702000000e-10	0.0000000000e+00
5.5163000000e-10	5.5163000000e-10	0.0000000000e+00
5.5594000000e-10	5.5594000000e-10	0.0000000000e+00
5.5996000000e-10	5.5996000000e-10	0.0000000000e+00
5.6370000000e-10	5.6370000000e-10	0.0000000000e+00
5.6715000000e-10	5.6715000000e-10	0.0000000000e+00
2.6374000000e-22	2.6374000000e-22	0.0000000000e+00
4.9765000000e-22	4.9765000000e-22	0.0000000000e+00
8.8482000000e-22	8.8482000000e-22	0.0000000000e+00
1.4994000000e-21	1.4994000000e-21	0.0000000000e+00
2.4340000000e-21	2.4340000000e-21	0.0000000000e+00
3.7569000000e-21	3.7569000000e-21	0.0000000000e+00
5.4673000000e-21	5.4673000000e-21	0.0000000000e+00
7.4773000000e-21	7.4773000000e-21	0.0000000000e+00
9.4506000000e-21	9.4506000000e-21	0.0000000000e+00
1.0979000000e-20	1.0979000000e-20	0.0000000000e+00
1.1531000000e-20	1.1531000000e-20	0.0000000000e+00
1.1875000000e-20	1.1875000000e-20	0.0000000000e+00
1.1257000000e-20	1.1257000000e-20	0.0000000000e+00
9.4919000000e-21	9.4919000000e-21	0.0000000000e+00
7.7494000000e-21	7.7494000000e-21	0.0000000000e+00
9.8934000000e-21	9.8934000000e-21	0.0000000000e+00
1.9526000000e-20	1.9526000000e-20	0.0000000000e+00
1.2500000000e-22	1.2500000000e-22	0.0000000000e+00
1.3990000000e-23	1.3990000000e-23	0.0000000000e+00
9.9891000000e-24	9.9891000000e-24	0.0000000000e+00
6.5807000000e-24	6.5807000000e-24	0.0000000000e+00
2.4421000000e-22	2.4421000000e-22	0.0000000000e+00
5.9430000000e-22	5.9430000000e-22	0.0000000000e+00
4.5160000000e-22	4.5160000000e-22	0.0000000000e+00
1.3766000000e-21	1.3766000000e-21	0.0000000000e+00
6.3658000000e-22	6.3658000000e-22	0.0000000000e+00
1.6391000000e-22	1.6391000000e-22	0.0000000000e+00
2.2319000000e-21	2.2319000000e-21	0.0000000000e+00
7.2911000000e-21	7.2911000000e-21	0.0000000000e+00
2.0099000000e-19	2.0099000000e-19	0.0000000000e+00
7.3289000000e-19	7.3289000000e-19	0.0000000000e+00
7.0648000000e-18	7.0648000000e-18	0.0000000000e+00
2.2669000000e-17	2.2669000000e-17	0.0000000000e+00
2.4956000000e-17	2.4956000000e-17	0.0000000000e+00
4.3123000000e-16	4.3123000000e-16	0.0000000000e+00
3.5238000000e-15	3.5238000000e-15	0.0000000000e+00
7.7164000000e-15	7.7164000000e-15	0.0000000000e+00
1.2409000000e-14	1.2409000000e-14	0.0000000000e+00
1.1097000000e-14	1.1097000000e-14	0.0000000000e+00
5.3581000000e-14	5.3581000000e-14	0.0000000000e+00
6.2237000000e-14	6.2237000000e-14	0.0000000000e+00
1.3315000000e-14	1.3315000000e-14	0.0000000000e+00
1.4096000000e-14	1.4096000000e-14	0.0000000000e+00
4.4483000000e-14	4.4483000000e-14	0.0000000000e+00
2.8664000000e-14	2.8664000000e-14	0.0000000000e+00
5.8526000000e-14	5.8526000000e-14	0.0000000000e+00
1.1914000000e-13	1.1914000000e-13	0.0000000000e+00
1.0150000000e-13	1.0150000000e-13	0.0000000000e+00
3.6972000000e-15	3.6972000000e-15	0.0000000000e+00
1.4438000000e-14	1.4438000000e-14	0.0000000000e+00
1.3790000000e-15	1.3790000000e-15	0.0000000000e+00
5.5197000000e-14	5.5197000000e-14	0.0000000000e+00
2.0241000000e-13	2.0241000000e-13	0.0000000000e+00
2.6026000000e-14	2.6026000000e-14	0.0000000000e+00
3.0610000000e-13	3.0610000000e-13	0.0000000000e+00
5.2649000000e-13	5.2649000000e-13	0.0000000000e+00
1.7809000000e-12	1.7809000000e-12	0.0000000000e+00
4.3830000000e-12	4.3830000000e-12	0.0000000000e+00
7.2957000000e-12	7.2957000000e-12	0.0000000000e+00
2.6204000000e-11	2.6204000000e-11	0.0000000000e+00
5.5445000000e-12	5.5446000000e-12	-7.8328174859e-06
1.0282000000e-11	1.0282000000e-11	0.0000000000e+00
4.7532000000e-11	4.7532000000e-11	0.0000000000e+00
4.9379000000e-11	4.9379000000e-11	0.0000000000e+00
8.0627000000e-11	8.0627000000e-11	0.0000000000e+00
4.8006000000e-11	4.8006000000e-11	0.0000000000e+00
8.2412000000e-11	8.2412000000e-11	0.0000000000e+00
1.3754000000e-10	1.3754000000e-10	0.0000000000e+00
2.3452000000e-10	2.3452000000e-10	0.0000000000e+00
2.7290000000e-10	2.7290000000e-10	0.0000000000e+00
2.8804000000e-10	2.8804000000e-10	0.0000000000e+00
3.2846000000e-10	3.2847000000e-10	-1.3221940905e-05
4.0110000000e-10	4.0109000000e-10	1.0827721161e-05
4.0110000000e-10	4.0110000000e-10	0.0000000000e+00
4.2057000000e-10	4.2057000000e-10	0.0000000000e+00
4.5254000000e-10	4.5254000000e-10	0.0000000000e+00
4.2720000000e-10	4.2720000000e-10	0.0000000000e+00
3.6391000000e-10	3.6391000000e-10	0.0000000000e+00
2.7135000000e-10	2.7135000000e-10	0.0000000000e+00
5.2167000000e-10	5.2167000000e-10	0.0000000000e+00
4.3534000000e-10	4.3534000000e-10	0.0000000000e+00
6.9330000000e-10	6.9330000000e-10	0.0000000000e+00
7.1930000000e-10	7.1930000000e-10	0.0000000000e+00
7.3747000000e-10	7.3747000000e-10	0.0000000000e+00
6.8102000000e-10	6.8102000000e-10	0.0000000000e+00
8.6279000000e-10	8.6279000000e-10	0.0000000000e+00
8.7537000000e-10	8.7537000000e-10	0.0000000000e+00
8.8589000000e-10	8.8589000000e-10	0.0000000000e+00
8.9455000000e-10	8.9455000000e-10	0.0000000000e+00
9.0156000000e-10	9.0156000000e-10	0.0000000000e+00
9.0715000000e-10	9.0715000000e-10	0.0000000000e+00
9.1152000000e-10	9.1152000000e-10	0.0000000000e+00
9.1485000000e-10	9.1485000000e-10	0.0000000000e+00
9.1732000000e-10	9.1732000000e-10	0.0000000000e+00
9.1908000000e-10	9.1908000000e-10	0.0000000000e+00
9.2026000000e-10	9.2026000000e-10	0.0000000000e+00
9.2098000000e-10	9.2098000000e-10	0.0000000000e+00
9.2131000000e-10	9.2131000000e-10	0.0000000000e+00
9.2132000000e-10	9.2132000000e-10	0.0000000000e+00
9.2104000000e-10	9.2104000000e-10	0.0000000000e+00
9.2048000000e-10	9.2048000000e-10	0.0000000000e+00
4.3139000000e-22	4.3139000000e-22	0.0000000000e+00
8.2014000000e-22	8.2014000000e-22	0.0000000000e+00
1.4706000000e-21	1.4706000000e-21	0.0000000000e+00
2.5152000000e-21	2.5152000000e-21	0.0000000000e+00
4.0987000000e-21	4.0987000000e-21	0.0000000000e+00
6.3316000000e-21	6.3316000000e-21	0.0000000000e+00
9.1890000000e-21	9.1890000000e-21	0.0000000000e+00
1.2442000000e-20	1.2442000000e-20	0.0000000000e+00
1.5438000000e-20	1.5438000000e-20	0.0000000000e+00
1.7382000000e-20	1.7382000000e-20	0.0000000000e+00
1.7497000000e-20	1.7497000000e-20	0.0000000000e+00
1.7480000000e-20	1.7480000000e-20	0.0000000000e+00
1.4640000000e-20	1.4640000000e-20	0.0000000000e+00
9.3996000000e-21	9.3996000000e-21	0.0000000000e+00
5.4596000000e-21	5.4596000000e-21	0.0000000000e+00
4.7819000000e-21	4.7819000000e-21	0.0000000000e+00
8.0751000000e-22	8.0751000000e-22	0.0000000000e+00
8.3151000000e-22	8.3151000000e-22	0.0000000000e+00
1.8001000000e-23	1.8001000000e-23	0.0000000000e+00
4.7726000000e-24	4.7726000000e-24	0.0000000000e+00
4.6493000000e-25	4.6493000000e-25	0.0000000000e+00
3.1946000000e-23	3.1946000000e-23	0.0000000000e+00
4.3781000000e-23	4.3781000000e-23	0.0000000000e+00
2.1622000000e-23	2.1622000000e-23	0.0000000000e+00
2.4881000000e-23	2.4881000000e-23	0.0000000000e+00
1.4631000000e-23	1.4631000000e-23	0.0000000000e+00
3.3966000000e-23	3.3966000000e-23	0.0000000000e+00
5.6517000000e-22	5.6517000000e-22	0.0000000000e+00
1.4991000000e-20	1.4991000000e-20	0.0000000000e+00
4.2768000000e-20	4.2768000000e-20	0.0000000000e+00
4.1812000000e-19	4.1812000000e-19	0.0000000000e+00
9.2133000000e-18	9.2133000000e-18	0.0000000000e+00
2.8741000000e-17	2.8741000000e-17	0.0000000000e+00
1.8889000000e-16	1.8889000000e-16	0.0000000000e+00
1.2836000000e-15	1.2836000000e-15	0.0000000000e+00
6.2013000000e-15	6.2013000000e-15	0.0000000000e+00
2.1990000000e-14	2.1990000000e-14	0.0000000000e+00
4.1511000000e-14	4.1510000000e-14	1.0462280192e-05
3.4634000000e-14	3.4634000000e-14	0.0000000000e+00
4.4144000000e-14	4.4144000000e-14	0.0000000000e+00
1.1590000000e-13	1.1590000000e-13	0.0000000000e+00
8.3265000000e-15	8.3265000000e-15	0.0000000000e+00
1.8268000000e-13	1.8268000000e-13	0.0000000000e+00
3.0899000000e-13	3.0899000000e-13	0.0000000000e+00
5.5401000000e-13	5.5401000000e-13	0.0000000000e+00
3.0943000000e-13	3.0943000000e-13	0.0000000000e+00
6.8279000000e-13	6.8279000000e-13	0.0000000000e+00
6.3712000000e-13	6.3712000000e-13	0.0000000000e+00
4.1899000000e-13	4.1899000000e-13	0.0000000000e+00
2.5809000000e-13	2.5809000000e-13	0.0000000000e+00
6.8913000000e-13	6.8913000000e-13	0.0000000000e+00
2.9445000000e-13	2.9445000000e-13	0.0000000000e+00
2.0706000000e-13	2.0706000000e-13	0.0000000000e+00
8.9383000000e-13	8.9383000000e-13	0.0000000000e+00
1.9640000000e-12	1.9640000000e-12	0.0000000000e+00
6.3384000000e-12	6.3384000000e-12	0.0000000000e+00
1.0441000000e-11	1.0441000000e-11	0.0000000000e+00
1.2771000000e-11	1.2771000000e-11	0.0000000000e+00
1.0782000000e-11	1.0782000000e-11	0.0000000000e+00
7.7156000000e-11	7.7156000000e-11	0.0000000000e+00
1.3740000000e-11	1.3740000000e-11	0.0000000000e+00
2.0294000000e-11	2.0294000000e-11	0.0000000000e+00
6.3110000000e-11	6.3110000000e-11	0.0000000000e+00
1.1904000000e-10	1.1904000000e-10	0.0000000000e+00
1.3740000000e-10	1.3740000000e-10	0.0000000000e+00
1.9387000000e-10	1.9387000000e-10	0.0000000000e+00
1.6045000000e-10	1.6045000000e-10	0.0000000000e+00
2.9189000000e-10	2.9189000000e-10	0.0000000000e+00
3.6918000000e-10	3.6918000000e-10	0.0000000000e+00
5.4128000000e-10	5.4128000000e-10	0.0000000000e+00
3.9212000000e-10	3.9212000000e-10	0.0000000000e+00
5.2664000000e-10	5.2664000000e-10	0.0000000000e+00
6.9992000000e-10	6.9992000000e-10	0.0000000000e+00
8.6423000000e-10	8.6423000000e-10	0.0000000000e+00
8.4604000000e-10	8.4604000000e-10	0.0000000000e+00
9.8863000000e-10	9.8863000000e-10	0.0000000000e+00
9.3850000000e-10	9.3850000000e-10	0.0000000000e+00
8.5353000000e-10	8.5353000000e-10	0.0000000000e+00
9.8382000000e-10	9.8382000000e-10	0.0000000000e+00
6.1147000000e-10	6.1147000000e-10	0.0000000000e+00
6.5790000000e-10	6.5790000000e-10	0.0000000000e+00
1.0673000000e-09	1.0673000000e-09	0.0000000000e+00
1.2965000000e-09	1.2965000000e-09	0.0000000000e+00
1.3781000000e-09	1.3781000000e-09	0.0000000000e+00
1.4142000000e-09	1.4142000000e-09	0.0000000000e+00
1.5802000000e-09	1.5802000000e-09	0.0000000000e+00
1.5902000000e-09	1.5902000000e-09	0.0000000000e+00
1.5961000000e-09	1.5961000000e-09	0.0000000000e+00
1.5984000000e-09	1.5984000000e-09	0.0000000000e+00
1.5976000000e-09	1.5976000000e-09	0.0000000000e+00
1.5942000000e-09	1.5942000000e-09	0.0000000000e+00
1.5886000000e-09	1.5886000000e-09	0.0000000000e+00
1.5814000000e-09	1.5814000000e-09	0.0000000000e+00
1.5728000000e-09	1.5728000000e-09	0.0000000000e+00
1.5632000000e-09	1.5632000000e-09	0.0000000000e+00
1.5528000000e-09	1.5528000000e-09	0.0000000000e+00
1.5420000000e-09	1.5420000000e-09	0.0000000000e+00
1.5309000000e-09	1.5309000000e-09	0.0000000000e+00
1.5197000000e-09	1.5197000000e-09	0.0000000000e+00
1.5083000000e-09	1.5083000000e-09	0.0000000000e+00
1.4970000000e-09	1.4970000000e-09	0.0000000000e+00
7.0658000000e-22	7.0658000000e-22	0.0000000000e+00
1.3630000000e-21	1.3630000000e-21	0.0000000000e+00
2.4749000000e-21	2.4749000000e-21	0.0000000000e+00
4.2639000000e-21	4.2639000000e-21	0.0000000000e+00
7.0019000000e-21	7.0019000000e-21	0.0000000000e+00
1.0901000000e-20	1.0901000000e-20	0.0000000000e+00
1.5837000000e-20	1.5837000000e-20	0.0000000000e+00
2.1376000000e-20	2.1376000000e-20	0.0000000000e+00
2.6222000000e-20	2.6222000000e-20	0.0000000000e+00
2.8814000000e-20	2.8814000000e-20	0.0000000000e+00
2.8855000000e-20	2.8855000000e-20	0.0000000000e+00
2.7494000000e-20	2.7494000000e-20	0.0000000000e+00
2.0654000000e-20	2.0654000000e-20	0.0000000000e+00
1.0542000000e-20	1.0542000000e-20	0.0000000000e+00
3.3758000000e-21	3.3758000000e-21	0.0000000000e+00
1.5008000000e-22	1.5008000000e-22	0.0000000000e+00
5.9309000000e-23	5.9309000000e-23	0.0000000000e+00
6.1131000000e-22	6.1131000000e-22	0.0000000000e+00
6.8148000000e-24	6.8148000000e-24	0.0000000000e+00
4.1018000000e-24	4.1018000000e-24	0.0000000000e+00
7.0536000000e-24	7.0536000000e-24	0.0000000000e+00
6.2821000000e-24	6.2821000000e-24	0.0000000000e+00
2.3288000000e-26	2.3288000000e-26	0.0000000000e+00
1.4985000000e-25	1.4985000000e-25	0.0000000000e+00
3.0689000000e-24	3.0689000000e-24	0.0000000000e+00
3.0286000000e-25	3.0286000000e-25	0.0000000000e+00
8.3452000000e-26	8.3452000000e-26	0.0000000000e+00
1.5483000000e-23	1.5483000000e-23	0.0000000000e+00
5.4331000000e-22	5.4331000000e-22	0.0000000000e+00
3.3515000000e-20	3.3515000000e-20	0.0000000000e+00
3.8205000000e-19	3.8205000000e-19	0.0000000000e+00
3.2139000000e-18	3.2139000000e-18	0.0000000000e+00
2.0917000000e-17	2.0917000000e-17	0.0000000000e+00
1.7920000000e-16	1.7920000000e-16	0.0000000000e+00
3.5758000000e-15	3.5758000000e-15	0.0000000000e+00
1.2364000000e-14	1.2364000000e-14	0.0000000000e+00
3.6457000000e-14	3.6457000000e-14	0.0000000000e+00
1.0498000000e-13	1.0498000000e-13	0.0000000000e+00
1.3541000000e-13	1.3541000000e-13	0.0000000000e+00
1.7080000000e-13	1.7080000000e-13	0.0000000000e+00
3.2121000000e-13	3.2121000000e-13	0.0000000000e+00
5.7159000000e-13	5.7159000000e-13	0.0000000000e+00
4.6853000000e-13	4.6853000000e-13	0.0000000000e+00
1.4203000000e-13	1.4203000000e-13	0.0000000000e+00
8.3567000000e-13	8.3567000000e-13	0.0000000000e+00
1.4054000000e-12	1.4054000000e-12	0.0000000000e+00
1.7037000000e-12	1.7037000000e-12	0.0000000000e+00
2.9885000000e-12	2.9885000000e-12	0.0000000000e+00
2.8254000000e-12	2.8254000000e-12	0.0000000000e+00
1.8239000000e-12	1.8239000000e-12	0.0000000000e+00
5.2275000000e-12	5.2275000000e-12	0.0000000000e+00
8.6211000000e-12	8.6211000000e-12	0.0000000000e+00
1.1803000000e-11	1.1803000000e-11	0.0000000000e+00
7.6606000000e-12	7.6606000000e-12	0.0000000000e+00
1.2588000000e-11	1.2588000000e-11	0.0000000000e+00
1.3282000000e-11	1.3282000000e-11	0.0000000000e+00
2.5012000000e-11	2.5012000000e-11	0.0000000000e+00
2.7349000000e-11	2.7350000000e-11	-1.5879430408e-05
3.1498000000e-11	3.1498000000e-11	0.0000000000e+00
4.1903000000e-11	4.1903000000e-11	0.0000000000e+00
1.3270000000e-10	1.3270000000e-10	0.0000000000e+00
3.2160000000e-11	3.2160000000e-11	0.0000000000e+00
1.0548000000e-10	1.0548000000e-10	0.0000000000e+00
1.0438000000e-10	1.0438000000e-10	0.0000000000e+00
3.2198000000e-10	3.2198000000e-10	0.0000000000e+00
5.7581000000e-10	5.7581000000e-10	0.0000000000e+00
4.5114000000e-10	4.5114000000e-10	0.0000000000e+00
8.0982000000e-10	8.0982000000e-10	0.0000000000e+00
9.0895000000e-10	9.0895000000e-10	0.0000000000e+00
5.7890000000e-10	5.7890000000e-10	0.0000000000e+00
7.0568000000e-10	7.0568000000e-10	0.0000000000e+00
1.2508000000e-09	1.2508000000e-09	0.0000000000e+00
9.0916000000e-10	9.0916000000e-10	0.0000000000e+00
1.0565000000e-09	1.0565000000e-09	0.0000000000e+00
1.7617000000e-09	1.7617000000e-09	0.0000000000e+00
1.9675000000e-09	1.9675000000e-09	0.0000000000e+00
1.8605000000e-09	1.8605000000e-09	0.0000000000e+00
2.1400000000e-09	2.1400000000e-09	0.0000000000e+00
1.9427000000e-09	1.9427000000e-09	0.0000000000e+00
2.1048000000e-09	2.1048000000e-09	0.0000000000e+00
2.3995000000e-09	2.3995000000e-09	0.0000000000e+00
2.3350000000e-09	2.3350000000e-09	0.0000000000e+00
2.4901000000e-09	2.4901000000e-09	0.0000000000e+00
2.4936000000e-09	2.4936000000e-09	0.0000000000e+00
2.7491000000e-09	2.7491000000e-09	0.0000000000e+00
2.8990000000e-09	2.8990000000e-09	0.0000000000e+00
2.8942000000e-09	2.8942000000e-09	0.0000000000e+00
2.8816000000e-09	2.8816000000e-09	0.0000000000e+00
2.8624000000e-09	2.8624000000e-09	0.0000000000e+00
2.8376000000e-09	2.8376000000e-09	0.0000000000e+00
2.8084000000e-09	2.8084000000e-09	0.0000000000e+00
2.7758000000e-09	2.7758000000e-09	0.0000000000e+00
2.7406000000e-09	2.7406000000e-09	0.0000000000e+00
2.7036000000e-09	2.7036000000e-09	0.0000000000e+00
2.6655000000e-09	2.6655000000e-09	0.0000000000e+00
2.6269000000e-09	2.6269000000e-09	0.0000000000e+00
2.5882000000e-09	2.5882000000e-09	0.0000000000e+00
2.5499000000e-09	2.5499000000e-09	0.0000000000e+00
2.5121000000e-09	2.5121000000e-09	0.0000000000e+00
2.4751000000e-09	2.4751000000e-09	0.0000000000e+00
2.4391000000e-09	2.4391000000e-09	0.0000000000e+00
1.1656000000e-21	1.1656000000e-21	0.0000000000e+00
2.2839000000e-21	2.2839000000e-21	0.0000000000e+00
4.2033000000e-21	4.2033000000e-21	0.0000000000e+00
7.3448000000e-21	7.3448000000e-21	0.0000000000e+00
1.2200000000e-20	1.2200000000e-20	0.0000000000e+00
1.9153000000e-20	1.9153000000e-20	0.0000000000e+00
2.8050000000e-20	2.8050000000e-20	0.0000000000e+00
3.8013000000e-20	3.8013000000e-20	0.0000000000e+00
4.6600000000e-20	4.6600000000e-20	0.0000000000e+00
5.0892000000e-20	5.0892000000e-20	0.0000000000e+00
5.1136000000e-20	5.1136000000e-20	0.0000000000e+00
4.8114000000e-20	4.8114000000e-20	0.0000000000e+00
3.5351000000e-20	3.5351000000e-20	0.0000000000e+00
1.8025000000e-20	1.8025000000e-20	0.0000000000e+00
7.2219000000e-21	7.2219000000e-21	0.0000000000e+00
5.3165000000e-21	5.3165000000e-21	0.0000000000e+00
1.0791000000e-22	1.0791000000e-22	0.0000000000e+00
4.7129000000e-23	4.7129000000e-23	0.0000000000e+00
2.5747000000e-24	2.5747000000e-24	0.0000000000e+00
3.0164000000e-28	3.0164000000e-28	0.0000000000e+00
2.1477000000e-25	2.1477000000e-25	0.0000000000e+00
3.9208000000e-26	3.9208000000e-26	0.0000000000e+00
2.8186000000e-28	2.8186000000e-28	0.0000000000e+00
4.3788000000e-29	4.3788000000e-29	0.0000000000e+00
5.5421000000e-28	5.5421000000e-28	0.0000000000e+00
1.4221000000e-27	1.4221000000e-27	0.0000000000e+00
2.1392000000e-28	2.1392000000e-28	0.0000000000e+00
5.0289000000e-24	5.0289000000e-24	0.0000000000e+00
1.7280000000e-22	1.7280000000e-22	0.0000000000e+00
5.5539000000e-21	5.5539000000e-21	0.0000000000e+00
4.6495000000e-21	4.6495000000e-21	0.0000000000e+00
8.5317000000e-20	8.5317000000e-20	0.0000000000e+00
4.7420000000e-18	4.7420000000e-18	0.0000000000e+00
2.6701000000e-16	2.6701000000e-16	0.0000000000e+00
3.1565000000e-15	3.1565000000e-15	0.0000000000e+00
1.9507000000e-14	1.9506000000e-14	2.2264090534e-05
7.3893000000e-14	7.3893000000e-14	0.0000000000e+00
2.5037000000e-13	2.5037000000e-13	0.0000000000e+00
3.8800000000e-13	3.8800000000e-13	0.0000000000e+00
8.4561000000e-13	8.4561000000e-13	0.0000000000e+00
7.0754000000e-13	7.0754000000e-13	0.0000000000e+00
1.2594000000e-12	1.2594000000e-12	0.0000000000e+00
1.6529000000e-12	1.6529000000e-12	0.0000000000e+00
1.5854000000e-12	1.5854000000e-12	0.0000000000e+00
3.7154000000e-12	3.7154000000e-12	0.0000000000e+00
3.3289000000e-12	3.3289000000e-12	0.0000000000e+00
7.0629000000e-12	7.0629000000e-12	0.0000000000e+00
6.3849000000e-12	6.3849000000e-12	0.0000000000e+00
8.2345000000e-12	8.2345000000e-12	0.0000000000e+00
1.5499000000e-11	1.5499000000e-11	0.0000000000e+00
2.0595000000e-11	2.0595000000e-11	0.0000000000e+00
7.0350000000e-12	7.0350000000e-12	0.0000000000e+00
2.8542000000e-11	2.8542000000e-11	0.0000000000e+00
8.6905000000e-12	8.6905000000e-12	0.0000000000e+00
3.5567000000e-11	3.5567000000e-11	0.0000000000e+00
3.5657000000e-11	3.5657000000e-11	0.0000000000e+00
6.3609000000e-11	6.3609000000e-11	0.0000000000e+00
7.7475000000e-11	7.7475000000e-11	0.0000000000e+00
6.5088000000e-11	6.5088000000e-11	0.0000000000e+00
1.6948000000e-10	1.6948000000e-10	0.0000000000e+00
1.7914000000e-10	1.7914000000e-10	0.0000000000e+00
5.7688000000e-10	5.7688000000e-10	0.0000000000e+00
3.7242000000e-10	3.7242000000e-10	0.0000000000e+00
5.0864000000e-10	5.0864000000e-10	0.0000000000e+00
8.8351000000e-10	8.8351000000e-10	0.0000000000e+00
1.0001000000e-09	1.0001000000e-09	0.0000000000e+00
7.9145000000e-10	7.9145000000e-10	0.0000000000e+00
1.5999000000e-09	1.5999000000e-09	0.0000000000e+00
1.8822000000e-09	1.8822000000e-09	0.0000000000e+00
1.5634000000e-09	1.5634000000e-09	0.0000000000e+00
1.6956000000e-09	1.6956000000e-09	0.0000000000e+00
1.6891000000e-09	1.6891000000e-09	0.0000000000e+00
2.8040000000e-09	2.8040000000e-09	0.0000000000e+00
3.1564000000e-09	3.1564000000e-09	0.0000000000e+00
3.6849000000e-09	3.6849000000e-09	0.0000000000e+00
3.8552000000e-09	3.8552000000e-09	0.0000000000e+00
4.1511000000e-09	4.1511000000e-09	0.0000000000e+00
4.2731000000e-09	4.2731000000e-09	0.0000000000e+00
3.3384000000e-09	3.3384000000e-09	0.0000000000e+00
4.3300000000e-09	4.3300000000e-09	0.0000000000e+00
4.5848000000e-09	4.5848000000e-09	0.0000000000e+00
4.6892000000e-09	4.6892000000e-09	0.0000000000e+00
4.5673000000e-09	4.5673000000e-09	0.0000000000e+00
4.9568000000e-09	4.9568000000e-09	0.0000000000e+00
5.3543000000e-09	5.3543000000e-09	0.0000000000e+00
5.3217000000e-09	5.3217000000e-09	0.0000000000e+00
5.2720000000e-09	5.2720000000e-09	0.0000000000e+00
5.2080000000e-09	5.2080000000e-09	0.0000000000e+00
5.1323000000e-09	5.1323000000e-09	0.0000000000e+00
5.0473000000e-09	5.0473000000e-09	0.0000000000e+00
4.9553000000e-09	4.9553000000e-09	0.0000000000e+00
4.8583000000e-09	4.8583000000e-09	0.0000000000e+00
4.7581000000e-09	4.7581000000e-09	0.0000000000e+00
4.6562000000e-09	4.6562000000e-09	0.0000000000e+00
4.5539000000e-09	4.5539000000e-09	0.0000000000e+00
4.4524000000e-09	4.4524000000e-09	0.0000000000e+00
4.3525000000e-09	4.3525000000e-09	0.0000000000e+00
4.2549000000e-09	4.2549000000e-09	0.0000000000e+00
4.1602000000e-09	4.1602000000e-09	0.0000000000e+00
4.0686000000e-09	4.0686000000e-09	0.0000000000e+00
3.9804000000e-09	3.9804000000e-09	0.0000000000e+00
1.9358000000e-21	1.9358000000e-21	0.0000000000e+00
3.8445000000e-21	3.8445000000e-21	0.0000000000e+00
7.1979000000e-21	7.1979000000e-21	0.0000000000e+00
1.2763000000e-20	1.2763000000e-20	0.0000000000e+00
2.1519000000e-20	2.1519000000e-20	0.0000000000e+00
3.4294000000e-20	3.4294000000e-20	0.0000000000e+00
5.0974000000e-20	5.0974000000e-20	0.0000000000e+00
6.9858000000e-20	6.9858000000e-20	0.0000000000e+00
8.6833000000e-20	8.6833000000e-20	0.0000000000e+00
9.6067000000e-20	9.6067000000e-20	0.0000000000e+00
9.7895000000e-20	9.7895000000e-20	0.0000000000e+00
9.4616000000e-20	9.4616000000e-20	0.0000000000e+00
7.3884000000e-20	7.3885000000e-20	-5.8780188255e-06
4.1437000000e-20	4.1437000000e-20	0.0000000000e+00
1.9539000000e-20	1.9539000000e-20	0.0000000000e+00
4.5147000000e-21	4.5147000000e-21	0.0000000000e+00
4.4252000000e-21	4.4252000000e-21	0.0000000000e+00
6.6004000000e-23	6.6004000000e-23	0.0000000000e+00
4.0758000000e-25	4.0758000000e-25	0.0000000000e+00
1.3384000000e-28	1.3384000000e-28	0.0000000000e+00
6.2236000000e-28	6.2236000000e-28	0.0000000000e+00
9.0323000000e-27	9.0323000000e-27	0.0000000000e+00
2.3187000000e-27	2.3187000000e-27	0.0000000000e+00
1.4247000000e-29	1.4247000000e-29	0.0000000000e+00
4.9632000000e-30	4.9632000000e-30	0.0000000000e+00
5.9513000000e-29	5.9513000000e-29	0.0000000000e+00
8.0530000000e-28	8.0530000000e-28	0.0000000000e+00
2.0331000000e-25	2.0331000000e-25	0.0000000000e+00
1.2214000000e-23	1.2214000000e-23	0.0000000000e+00
1.5339000000e-22	1.5339000000e-22	0.0000000000e+00
3.2520000000e-25	3.2520000000e-25	0.0000000000e+00
2.5569000000e-24	2.5569000000e-24	0.0000000000e+00
7.9288000000e-19	7.9288000000e-19	0.0000000000e+00
4.4610000000e-17	4.4610000000e-17	0.0000000000e+00
6.9664000000e-16	6.9664000000e-16	0.0000000000e+00
3.2540000000e-14	3.2540000000e-14	0.0000000000e+00
1.0577000000e-13	1.0577000000e-13	0.0000000000e+00
8.0474000000e-13	8.0474000000e-13	0.0000000000e+00
1.0348000000e-12	1.0348000000e-12	0.0000000000e+00
2.6782000000e-12	2.6782000000e-12	0.0000000000e+00
2.3305000000e-12	2.3305000000e-12	0.0000000000e+00
3.6113000000e-12	3.6113000000e-12	0.0000000000e+00
3.5528000000e-12	3.5528000000e-12	0.0000000000e+00
7.7423000000e-12	7.7423000000e-12	0.0000000000e+00
1.6671000000e-12	1.6671000000e-12	0.0000000000e+00
1.5329000000e-11	1.5329000000e-11	0.0000000000e+00
1.0305000000e-11	1.0305000000e-11	0.0000000000e+00
1.6329000000e-11	1.6329000000e-11	0.0000000000e+00
2.0618000000e-11	2.0618000000e-11	0.0000000000e+00
2.5191000000e-11	2.5191000000e-11	0.0000000000e+00
3.2645000000e-11	3.2645000000e-11	0.0000000000e+00
5.8159000000e-11	5.8159000000e-11	0.0000000000e+00
4.6184000000e-11	4.6184000000e-11	0.0000000000e+00
1.0735000000e-10	1.0735000000e-10	0.0000000000e+00
7.3558000000e-11	7.3558000000e-11	0.0000000000e+00
1.0365000000e-10	1.0365000000e-10	0.0000000000e+00
1.0460000000e-10	1.0460000000e-10	0.0000000000e+00
3.3523000000e-10	3.3523000000e-10	0.0000000000e+00
2.0502000000e-10	2.0502000000e-10	0.0000000000e+00
1.8055000000e-10	1.8055000000e-10	0.0000000000e+00
2.2371000000e-10	2.2371000000e-10	0.0000000000e+00
3.6157000000e-10	3.6157000000e-10	0.0000000000e+00
7.3244000000e-10	7.3244000000e-10	0.0000000000e+00
1.3161000000e-09	1.3161000000e-09	0.0000000000e+00
1.8356000000e-09	1.8356000000e-09	0.0000000000e+00
1.4922000000e-09	1.4922000000e-09	0.0000000000e+00
1.8780000000e-09	1.8780000000e-09	0.0000000000e+00
2.0571000000e-09	2.0571000000e-09	0.0000000000e+00
3.7160000000e-09	3.7160000000e-09	0.0000000000e+00
4.5614000000e-09	4.5614000000e-09	0.0000000000e+00
3.2460000000e-09	3.2460000000e-09	0.0000000000e+00
4.8879000000e-09	4.8879000000e-09	0.0000000000e+00
6.0914000000e-09	6.0914000000e-09	0.0000000000e+00
6.1655000000e-09	6.1655000000e-09	0.0000000000e+00
6.5446000000e-09	6.5446000000e-09	0.0000000000e+00
7.2347000000e-09	7.2347000000e-09	0.0000000000e+00
7.6215000000e-09	7.6215000000e-09	0.0000000000e+00
8.4673000000e-09	8.4673000000e-09	0.0000000000e+00
6.8915000000e-09	6.8915000000e-09	0.0000000000e+00
8.3306000000e-09	8.3306000000e-09	0.0000000000e+00
8.7944000000e-09	8.7944000000e-09	0.0000000000e+00
8.9624000000e-09	8.9624000000e-09	0.0000000000e+00
9.2643000000e-09	9.2642000000e-09	4.6878536515e-06
9.0975000000e-09	9.0975000000e-09	0.0000000000e+00
9.8943000000e-09	9.8943000000e-09	0.0000000000e+00
9.7629000000e-09	9.7629000000e-09	0.0000000000e+00
9.6002000000e-09	9.6002000000e-09	0.0000000000e+00
9.4122000000e-09	9.4122000000e-09	0.0000000000e+00
9.2044000000e-09	9.2044000000e-09	0.0000000000e+00
8.9818000000e-09	8.9818000000e-09	0.0000000000e+00
8.7491000000e-09	8.7491000000e-09	0.0000000000e+00
8.5103000000e-09	8.5103000000e-09	0.0000000000e+00
8.2689000000e-09	8.2689000000e-09	0.0000000000e+00
8.0278000000e-09	8.0278000000e-09	0.0000000000e+00
7.7896000000e-09	7.7896000000e-09	0.0000000000e+00
7.5563000000e-09	7.5563000000e-09	0.0000000000e+00
7.3293000000e-09	7.3293000000e-09	0.0000000000e+00
7.1099000000e-09	7.1099000000e-09	0.0000000000e+00
6.8988000000e-09	6.8988000000e-09	0.0000000000e+00
6.6967000000e-09	6.6967000000e-09	0.0000000000e+00
6.5036000000e-09	6.5036000000e-09	0.0000000000e+00
3.2152000000e-21	3.2152000000e-21	0.0000000000e+00
6.5142000000e-21	6.5142000000e-21	0.0000000000e+00
1.2374000000e-20	1.2374000000e-20	0.0000000000e+00
2.2407000000e-20	2.2407000000e-20	0.0000000000e+00
3.8472000000e-20	3.8472000000e-20	0.0000000000e+00
6.2444000000e-20	6.2444000000e-20	0.0000000000e+00
9.4525000000e-20	9.4525000000e-20	0.0000000000e+00
1.3237000000e-19	1.3237000000e-19	0.0000000000e+00
1.6812000000e-19	1.6812000000e-19	0.0000000000e+00
1.8754000000e-19	1.8754000000e-19	0.0000000000e+00
2.0012000000e-19	2.0012000000e-19	0.0000000000e+00
2.0544000000e-19	2.0544000000e-19	0.0000000000e+00
1.7889000000e-19	1.7889000000e-19	0.0000000000e+00
1.1542000000e-19	1.1542000000e-19	0.0000000000e+00
7.2987000000e-20	7.2987000000e-20	0.0000000000e+00
2.7690000000e-20	2.7690000000e-20	0.0000000000e+00
3.5223000000e-21	3.5223000000e-21	0.0000000000e+00
1.2990000000e-22	1.2990000000e-22	0.0000000000e+00
4.0852000000e-24	4.0852000000e-24	0.0000000000e+00
3.1204000000e-27	3.1204000000e-27	0.0000000000e+00
2.4359000000e-28	2.4359000000e-28	0.0000000000e+00
2.4113000000e-27	2.4113000000e-27	0.0000000000e+00
1.5361000000e-27	1.5361000000e-27	0.0000000000e+00
3.6777000000e-29	3.6778000000e-29	-1.1808700481e-05
1.4222000000e-28	1.4222000000e-28	0.0000000000e+00
3.8008000000e-29	3.8008000000e-29	0.0000000000e+00
1.1289000000e-29	1.1289000000e-29	0.0000000000e+00
2.3562000000e-27	2.3562000000e-27	0.0000000000e+00
9.7927000000e-26	9.7927000000e-26	0.0000000000e+00
9.0756000000e-25	9.0756000000e-25	0.0000000000e+00
1.0685000000e-25	1.0685000000e-25	0.0000000000e+00
1.7343000000e-23	1.7343000000e-23	0.0000000000e+00
2.0668000000e-20	2.0668000000e-20	0.0000000000e+00
7.4839000000e-18	7.4839000000e-18	0.0000000000e+00
3.3852000000e-16	3.3852000000e-16	0.0000000000e+00
6.5149000000e-15	6.5149000000e-15	0.0000000000e+00
2.4491000000e-14	2.4491000000e-14	0.0000000000e+00
6.0183000000e-13	6.0183000000e-13	0.0000000000e+00
2.9665000000e-12	2.9665000000e-12	0.0000000000e+00
4.7683000000e-12	4.7683000000e-12	0.0000000000e+00
9.5329000000e-12	9.5329000000e-12	0.0000000000e+00
6.7228000000e-12	6.7228000000e-12	0.0000000000e+00
8.1091000000e-12	8.1091000000e-12	0.0000000000e+00
1.1209000000e-11	1.1209000000e-11	0.0000000000e+00
1.5280000000e-11	1.5280000000e-11	0.0000000000e+00
5.5072000000e-12	5.5072000000e-12	0.0000000000e+00
3.5371000000e-11	3.5371000000e-11	0.0000000000e+00
5.8267000000e-11	5.8267000000e-11	0.0000000000e+00
4.0495000000e-11	4.0495000000e-11	0.0000000000e+00
5.9586000000e-11	5.9586000000e-11	0.0000000000e+00
1.2255000000e-10	1.2255000000e-10	0.0000000000e+00
1.6056000000e-10	1.6056000000e-10	0.0000000000e+00
1.7013000000e-10	1.7013000000e-10	0.0000000000e+00
2.3283000000e-10	2.3283000000e-10	0.0000000000e+00
4.2371000000e-10	4.2371000000e-10	0.0000000000e+00
2.6344000000e-10	2.6344000000e-10	0.0000000000e+00
3.7905000000e-10	3.7905000000e-10	0.0000000000e+00
8.6502000000e-10	8.6502000000e-10	0.0000000000e+00
5.0868000000e-10	5.0868000000e-10	0.0000000000e+00
4.1578000000e-10	4.1578000000e-10	0.0000000000e+00
5.7641000000e-10	5.7641000000e-10	0.0000000000e+00
9.5378000000e-10	9.5378000000e-10	0.0000000000e+00
1.7017000000e-09	1.7017000000e-09	0.0000000000e+00
3.7885000000e-09	3.7885000000e-09	0.0000000000e+00
2.8593000000e-09	2.8593000000e-09	0.0000000000e+00
3.1006000000e-09	3.1006000000e-09	0.0000000000e+00
5.6956000000e-09	5.6956000000e-09	0.0000000000e+00
2.5106000000e-09	2.5106000000e-09	0.0000000000e+00
5.0228000000e-09	5.0228000000e-09	0.0000000000e+00
8.2175000000e-09	8.2175000000e-09	0.0000000000e+00
9.7108000000e-09	9.7108000000e-09	0.0000000000e+00
1.0557000000e-08	1.0557000000e-08	0.0000000000e+00
1.0262000000e-08	1.0262000000e-08	0.0000000000e+00
1.0553000000e-08	1.0553000000e-08	0.0000000000e+00
1.3162000000e-08	1.3162000000e-08	0.0000000000e+00
1.4710000000e-08	1.4710000000e-08	0.0000000000e+00
1.5470000000e-08	1.5470000000e-08	0.0000000000e+00
1.5453000000e-08	1.5453000000e-08	0.0000000000e+00
1.5976000000e-08	1.5976000000e-08	0.0000000000e+00
1.6223000000e-08	1.6223000000e-08	0.0000000000e+00
1.7012000000e-08	1.7012000000e-08	0.0000000000e+00
1.6557000000e-08	1.6557000000e-08	0.0000000000e+00
1.7399000000e-08	1.7399000000e-08	0.0000000000e+00
1.7134000000e-08	1.7134000000e-08	0.0000000000e+00
1.8245000000e-08	1.8245000000e-08	0.0000000000e+00
1.7879000000e-08	1.7879000000e-08	0.0000000000e+00
1.7457000000e-08	1.7457000000e-08	0.0000000000e+00
1.6991000000e-08	1.6991000000e-08	0.0000000000e+00
1.6494000000e-08	1.6494000000e-08	0.0000000000e+00
1.5975000000e-08	1.5975000000e-08	0.0000000000e+00
1.5443000000e-08	1.5443000000e-08	0.0000000000e+00
1.4906000000e-08	1.4906000000e-08	0.0000000000e+00
1.4372000000e-08	1.4372000000e-08	0.0000000000e+00
1.3845000000e-08	1.3845000000e-08	0.0000000000e+00
1.3331000000e-08	1.3331000000e-08	0.0000000000e+00
1.2832000000e-08	1.2832000000e-08	0.0000000000e+00
1.2351000000e-08	1.2351000000e-08	0.0000000000e+00
1.1890000000e-08	1.1890000000e-08	0.0000000000e+00
1.1450000000e-08	1.1450000000e-08	0.0000000000e+00
1.1032000000e-08	1.1032000000e-08	0.0000000000e+00
1.0635000000e-08	1.0635000000e-08	0.0000000000e+00
5.3347000000e-21	5.3347000000e-21	0.0000000000e+00
1.1029000000e-20	1.1029000000e-20	0.0000000000e+00
2.1385000000e-20	2.1385000000e-20	0.0000000000e+00
3.9418000000e-20	3.9418000000e-20	0.0000000000e+00
6.9122000000e-20	6.9122000000e-20	0.0000000000e+00
1.1459000000e-19	1.1459000000e-19	0.0000000000e+00
1.7779000000e-19	1.7779000000e-19	0.0000000000e+00
2.5524000000e-19	2.5524000000e-19	0.0000000000e+00
3.3485000000e-19	3.3485000000e-19	0.0000000000e+00
3.8353000000e-19	3.8353000000e-19	0.0000000000e+00
4.2738000000e-19	4.2738000000e-19	0.0000000000e+00
4.7240000000e-19	4.7240000000e-19	0.0000000000e+00
4.6995000000e-19	4.6995000000e-19	0.0000000000e+00
3.5822000000e-19	3.5822000000e-19	0.0000000000e+00
3.1928000000e-19	3.1928000000e-19	0.0000000000e+00
2.5670000000e-19	2.5670000000e-19	0.0000000000e+00
7.6171000000e-20	7.6171000000e-20	0.0000000000e+00
8.8867000000e-23	8.8867000000e-23	0.0000000000e+00
2.4708000000e-24	2.4708000000e-24	0.0000000000e+00
1.5075000000e-25	1.5075000000e-25	0.0000000000e+00
1.0471000000e-25	1.0471000000e-25	0.0000000000e+00
4.5058000000e-26	4.5058000000e-26	0.0000000000e+00
1.8364000000e-27	1.8364000000e-27	0.0000000000e+00
2.4473000000e-29	2.4473000000e-29	0.0000000000e+00
2.6032000000e-28	2.6032000000e-28	0.0000000000e+00
2.7862000000e-29	2.7862000000e-29	0.0000000000e+00
5.2357000000e-30	5.2357000000e-30	0.0000000000e+00
3.5340000000e-29	3.5340000000e-29	0.0000000000e+00
1.3691000000e-26	1.3691000000e-26	0.0000000000e+00
8.6623000000e-26	8.6623000000e-26	0.0000000000e+00
1.0957000000e-26	1.0957000000e-26	0.0000000000e+00
5.3946000000e-24	5.3946000000e-24	0.0000000000e+00
4.3020000000e-21	4.3020000000e-21	0.0000000000e+00
1.6279000000e-18	1.6279000000e-18	0.0000000000e+00
4.8985000000e-16	4.8985000000e-16	0.0000000000e+00
2.3831000000e-15	2.3831000000e-15	0.0000000000e+00
1.3903000000e-14	1.3903000000e-14	0.0000000000e+00
5.6469000000e-13	5.6469000000e-13	0.0000000000e+00
2.7770000000e-12	2.7770000000e-12	0.0000000000e+00
3.6124000000e-12	3.6124000000e-12	0.0000000000e+00
1.3154000000e-11	1.3154000000e-11	0.0000000000e+00
1.1514000000e-11	1.1514000000e-11	0.0000000000e+00
1.8575000000e-11	1.8575000000e-11	0.0000000000e+00
2.7746000000e-11	2.7746000000e-11	0.0000000000e+00
5.1201000000e-11	5.1201000000e-11	0.0000000000e+00
4.3594000000e-11	4.3594000000e-11	0.0000000000e+00
8.8212000000e-11	8.8212000000e-11	0.0000000000e+00
6.9822000000e-11	6.9822000000e-11	0.0000000000e+00
1.6186000000e-10	1.6186000000e-10	0.0000000000e+00
2.3614000000e-10	2.3614000000e-10	0.0000000000e+00
2.7927000000e-10	2.7927000000e-10	0.0000000000e+00
1.4562000000e-10	1.4562000000e-10	0.0000000000e+00
2.5272000000e-10	2.5272000000e-10	0.0000000000e+00
4.0873000000e-10	4.0873000000e-10	0.0000000000e+00
3.4465000000e-10	3.4465000000e-10	0.0000000000e+00
3.2396000000e-10	3.2396000000e-10	0.0000000000e+00
4.3344000000e-10	4.3344000000e-10	0.0000000000e+00
4.3905000000e-10	4.3905000000e-10	0.0000000000e+00
4.0279000000e-10	4.0279000000e-10	0.0000000000e+00
2.8029000000e-09	2.8029000000e-09	0.0000000000e+00
1.0218000000e-09	1.0218000000e-09	0.0000000000e+00
1.5481000000e-09	1.5481000000e-09	0.0000000000e+00
6.5306000000e-09	6.5306000000e-09	0.0000000000e+00
2.3967000000e-09	2.3967000000e-09	0.0000000000e+00
2.6914000000e-09	2.6914000000e-09	0.0000000000e+00
5.0195000000e-09	5.0195000000e-09	0.0000000000e+00
4.1833000000e-09	4.1833000000e-09	0.0000000000e+00
4.8982000000e-09	4.8982000000e-09	0.0000000000e+00
1.1544000000e-08	1.1544000000e-08	0.0000000000e+00
1.0431000000e-08	1.0431000000e-08	0.0000000000e+00
1.2816000000e-08	1.2816000000e-08	0.0000000000e+00
1.9638000000e-08	1.9638000000e-08	0.0000000000e+00
2.0335000000e-08	2.0335000000e-08	0.0000000000e+00
2.1142000000e-08	2.1142000000e-08	0.0000000000e+00
2.3023000000e-08	2.3023000000e-08	0.0000000000e+00
2.7306000000e-08	2.7306000000e-08	0.0000000000e+00
2.2332000000e-08	2.2332000000e-08	0.0000000000e+00
3.0508000000e-08	3.0508000000e-08	0.0000000000e+00
3.1493000000e-08	3.1493000000e-08	0.0000000000e+00
3.1034000000e-08	3.1034000000e-08	0.0000000000e+00
3.2199000000e-08	3.2199000000e-08	0.0000000000e+00
3.1623000000e-08	3.1623000000e-08	0.0000000000e+00
3.2693000000e-08	3.2693000000e-08	0.0000000000e+00
3.1579000000e-08	3.1579000000e-08	0.0000000000e+00
3.3537000000e-08	3.3537000000e-08	0.0000000000e+00
3.2650000000e-08	3.2650000000e-08	0.0000000000e+00
3.1665000000e-08	3.1665000000e-08	0.0000000000e+00
3.0608000000e-08	3.0608000000e-08	0.0000000000e+00
2.9502000000e-08	2.9502000000e-08	0.0000000000e+00
2.8368000000e-08	2.8368000000e-08	0.0000000000e+00
2.7224000000e-08	2.7224000000e-08	0.0000000000e+00
2.6085000000e-08	2.6085000000e-08	0.0000000000e+00
2.4962000000e-08	2.4962000000e-08	0.0000000000e+00
2.3867000000e-08	2.3867000000e-08	0.0000000000e+00
2.2807000000e-08	2.2807000000e-08	0.0000000000e+00
2.1788000000e-08	2.1788000000e-08	0.0000000000e+00
2.0813000000e-08	2.0813000000e-08	0.0000000000e+00
1.9886000000e-08	1.9886000000e-08	0.0000000000e+00
1.9008000000e-08	1.9008000000e-08	0.0000000000e+00
1.8179000000e-08	1.8179000000e-08	0.0000000000e+00
1.7398000000e-08	1.7398000000e-08	0.0000000000e+00
8.8303000000e-21	8.8303000000e-21	0.0000000000e+00
1.8625000000e-20	1.8625000000e-20	0.0000000000e+00
3.6853000000e-20	3.6853000000e-20	0.0000000000e+00
6.9333000000e-20	6.9333000000e-20	0.0000000000e+00
1.2449000000e-19	1.2449000000e-19	0.0000000000e+00
2.1068000000e-19	2.1068000000e-19	0.0000000000e+00
3.3592000000e-19	3.3592000000e-19	0.0000000000e+00
4.9590000000e-19	4.9590000000e-19	0.0000000000e+00
6.7644000000e-19	6.7644000000e-19	0.0000000000e+00
8.0426000000e-19	8.0426000000e-19	0.0000000000e+00
9.2729000000e-19	9.2729000000e-19	0.0000000000e+00
1.0995000000e-18	1.0995000000e-18	0.0000000000e+00
1.2240000000e-18	1.2240000000e-18	0.0000000000e+00
1.3306000000e-18	1.3306000000e-18	0.0000000000e+00
1.2160000000e-18	1.2160000000e-18	0.0000000000e+00
1.2873000000e-18	1.2873000000e-18	0.0000000000e+00
1.3539000000e-18	1.3539000000e-18	0.0000000000e+00
7.2674000000e-21	7.2674000000e-21	0.0000000000e+00
2.1348000000e-23	2.1348000000e-23	0.0000000000e+00
1.6739000000e-23	1.6739000000e-23	0.0000000000e+00
4.2251000000e-25	4.2251000000e-25	0.0000000000e+00
2.8471000000e-26	2.8471000000e-26	0.0000000000e+00
1.0539000000e-26	1.0539000000e-26	0.0000000000e+00
2.3377000000e-27	2.3377000000e-27	0.0000000000e+00
4.9747000000e-28	4.9747000000e-28	0.0000000000e+00
4.2270000000e-29	4.2270000000e-29	0.0000000000e+00
4.2125000000e-29	4.2125000000e-29	0.0000000000e+00
2.0789000000e-24	2.0789000000e-24	0.0000000000e+00
1.8926000000e-20	1.8926000000e-20	0.0000000000e+00
9.4653000000e-19	9.4653000000e-19	0.0000000000e+00
2.5494000000e-19	2.5494000000e-19	0.0000000000e+00
1.2172000000e-20	1.2172000000e-20	0.0000000000e+00
2.6484000000e-19	2.6484000000e-19	0.0000000000e+00
1.6041000000e-18	1.6041000000e-18	0.0000000000e+00
3.6104000000e-17	3.6103000000e-17	1.2029151798e-05
4.8510000000e-14	4.8510000000e-14	0.0000000000e+00
7.8239000000e-13	7.8239000000e-13	0.0000000000e+00
2.2434000000e-12	2.2434000000e-12	0.0000000000e+00
6.3389000000e-12	6.3389000000e-12	0.0000000000e+00
7.0821000000e-12	7.0821000000e-12	0.0000000000e+00
1.3506000000e-11	1.3506000000e-11	0.0000000000e+00
2.5905000000e-11	2.5905000000e-11	0.0000000000e+00
6.7813000000e-11	6.7813000000e-11	0.0000000000e+00
6.1450000000e-11	6.1450000000e-11	0.0000000000e+00
3.0277000000e-11	3.0277000000e-11	0.0000000000e+00
1.0730000000e-10	1.0730000000e-10	0.0000000000e+00
1.8678000000e-10	1.8678000000e-10	0.0000000000e+00
1.8040000000e-10	1.8040000000e-10	0.0000000000e+00
9.1550000000e-11	9.1550000000e-11	0.0000000000e+00
2.8793000000e-10	2.8793000000e-10	0.0000000000e+00
2.8233000000e-10	2.8233000000e-10	0.0000000000e+00
5.1471000000e-10	5.1471000000e-10	0.0000000000e+00
1.8034000000e-09	1.8034000000e-09	0.0000000000e+00
7.0191000000e-10	7.0191000000e-10	0.0000000000e+00
6.5484000000e-10	6.5484000000e-10	0.0000000000e+00
9.2244000000e-10	9.2244000000e-10	0.0000000000e+00
1.2547000000e-09	1.2547000000e-09	0.0000000000e+00
1.3476000000e-09	1.3476000000e-09	0.0000000000e+00
1.8307000000e-09	1.8307000000e-09	0.0000000000e+00
2.8994000000e-09	2.8994000000e-09	0.0000000000e+00
3.0220000000e-09	3.0220000000e-09	0.0000000000e+00
3.5149000000e-09	3.5149000000e-09	0.0000000000e+00
7.0994000000e-09	7.0994000000e-09	0.0000000000e+00
1.2718000000e-08	1.2718000000e-08	0.0000000000e+00
3.6532000000e-09	3.6532000000e-09	0.0000000000e+00
1.9881000000e-09	1.9881000000e-09	0.0000000000e+00
2.9406000000e-09	2.9406000000e-09	0.0000000000e+00
7.3549000000e-09	7.3549000000e-09	0.0000000000e+00
1.7818000000e-08	1.7818000000e-08	0.0000000000e+00
1.6165000000e-08	1.6165000000e-08	0.0000000000e+00
3.0800000000e-08	3.0800000000e-08	0.0000000000e+00
3.4100000000e-08	3.4100000000e-08	0.0000000000e+00
2.5839000000e-08	2.5839000000e-08	0.0000000000e+00
4.1129000000e-08	4.1129000000e-08	0.0000000000e+00
3.6007000000e-08	3.6007000000e-08	0.0000000000e+00
4.5894000000e-08	4.5894000000e-08	0.0000000000e+00
5.2341000000e-08	5.2341000000e-08	0.0000000000e+00
5.8096000000e-08	5.8096000000e-08	0.0000000000e+00
5.8789000000e-08	5.8789000000e-08	0.0000000000e+00
5.9184000000e-08	5.9184000000e-08	0.0000000000e+00
5.9380000000e-08	5.9380000000e-08	0.0000000000e+00
6.0086000000e-08	6.0086000000e-08	0.0000000000e+00
6.0580000000e-08	6.0580000000e-08	0.0000000000e+00
6.2768000000e-08	6.2768000000e-08	0.0000000000e+00
6.0921000000e-08	6.0921000000e-08	0.0000000000e+00
5.9390000000e-08	5.9390000000e-08	0.0000000000e+00
5.7234000000e-08	5.7234000000e-08	0.0000000000e+00
5.4963000000e-08	5.4963000000e-08	0.0000000000e+00
5.2623000000e-08	5.2623000000e-08	0.0000000000e+00
5.0254000000e-08	5.0254000000e-08	0.0000000000e+00
4.7891000000e-08	4.7891000000e-08	0.0000000000e+00
4.5561000000e-08	4.5561000000e-08	0.0000000000e+00
4.3288000000e-08	4.3288000000e-08	0.0000000000e+00
4.1089000000e-08	4.1089000000e-08	0.0000000000e+00
3.8978000000e-08	3.8978000000e-08	0.0000000000e+00
3.6964000000e-08	3.6964000000e-08	0.0000000000e+00
3.5052000000e-08	3.5052000000e-08	0.0000000000e+00
3.3245000000e-08	3.3245000000e-08	0.0000000000e+00
3.1545000000e-08	3.1545000000e-08	0.0000000000e+00
2.9951000000e-08	2.9951000000e-08	0.0000000000e+00
2.8459000000e-08	2.8459000000e-08	0.0000000000e+00
1.4605000000e-20	1.4605000000e-20	0.0000000000e+00
3.1415000000e-20	3.1415000000e-20	0.0000000000e+00
6.3398000000e-20	6.3398000000e-20	0.0000000000e+00
1.2164000000e-19	1.2164000000e-19	0.0000000000e+00
2.2276000000e-19	2.2276000000e-19	0.0000000000e+00
3.8698000000e-19	3.8698000000e-19	0.0000000000e+00
6.3358000000e-19	6.3358000000e-19	0.0000000000e+00
9.6425000000e-19	9.6425000000e-19	0.0000000000e+00
1.3621000000e-18	1.3621000000e-18	0.0000000000e+00
1.6806000000e-18	1.6806000000e-18	0.0000000000e+00
1.9952000000e-18	1.9952000000e-18	0.0000000000e+00
2.5035000000e-18	2.5035000000e-18	0.0000000000e+00
2.9700000000e-18	2.9700000000e-18	0.0000000000e+00
3.4016000000e-18	3.4016000000e-18	0.0000000000e+00
3.0482000000e-18	3.0482000000e-18	0.0000000000e+00
3.7223000000e-18	3.7223000000e-18	0.0000000000e+00
9.2198000000e-20	9.2198000000e-20	0.0000000000e+00
1.8182000000e-20	1.8182000000e-20	0.0000000000e+00
2.3016000000e-20	2.3016000000e-20	0.0000000000e+00
1.6691000000e-22	1.6691000000e-22	0.0000000000e+00
2.0293000000e-23	2.0293000000e-23	0.0000000000e+00
8.1182000000e-26	8.1182000000e-26	0.0000000000e+00
1.1646000000e-25	1.1646000000e-25	0.0000000000e+00
2.4511000000e-26	2.4511000000e-26	0.0000000000e+00
4.7137000000e-27	4.7137000000e-27	0.0000000000e+00
7.4191000000e-28	7.4191000000e-28	0.0000000000e+00
6.2602000000e-24	6.2603000000e-24	-6.9373344821e-06
5.8386000000e-19	5.8386000000e-19	0.0000000000e+00
1.0057000000e-09	1.0057000000e-09	0.0000000000e+00
1.2204000000e-09	1.2204000000e-09	0.0000000000e+00
2.9619000000e-14	2.9619000000e-14	0.0000000000e+00
1.3375000000e-15	1.3375000000e-15	0.0000000000e+00
4.7052000000e-15	4.7052000000e-15	0.0000000000e+00
7.3921000000e-15	7.3921000000e-15	0.0000000000e+00
6.5667000000e-15	6.5667000000e-15	0.0000000000e+00
9.2326000000e-14	9.2327000000e-14	-4.7038984680e-06
1.9668000000e-12	1.9668000000e-12	0.0000000000e+00
7.3507000000e-12	7.3507000000e-12	0.0000000000e+00
1.7995000000e-11	1.7995000000e-11	0.0000000000e+00
1.7745000000e-11	1.7744000000e-11	2.4474878527e-05
9.3145000000e-11	9.3145000000e-11	0.0000000000e+00
1.4720000000e-10	1.4720000000e-10	0.0000000000e+00
1.3869000000e-10	1.3869000000e-10	0.0000000000e+00
1.4737000000e-10	1.4737000000e-10	0.0000000000e+00
5.4410000000e-11	5.4410000000e-11	0.0000000000e+00
8.4455000000e-12	8.4455000000e-12	0.0000000000e+00
3.1922000000e-10	3.1922000000e-10	0.0000000000e+00
5.7194000000e-10	5.7194000000e-10	0.0000000000e+00
7.0120000000e-10	7.0120000000e-10	0.0000000000e+00
6.4435000000e-10	6.4435000000e-10	0.0000000000e+00
4.9534000000e-11	4.9534000000e-11	0.0000000000e+00
7.2410000000e-10	7.2410000000e-10	0.0000000000e+00
1.5352000000e-09	1.5352000000e-09	0.0000000000e+00
3.7428000000e-10	3.7428000000e-10	0.0000000000e+00
3.9960000000e-10	3.9960000000e-10	0.0000000000e+00
9.7640000000e-10	9.7640000000e-10	0.0000000000e+00
2.8712000000e-09	2.8712000000e-09	0.0000000000e+00
1.2229000000e-09	1.2229000000e-09	0.0000000000e+00
2.5941000000e-09	2.5941000000e-09	0.0000000000e+00
2.0042000000e-09	2.0042000000e-09	0.0000000000e+00
4.2441000000e-09	4.2441000000e-09	0.0000000000e+00
1.1418000000e-08	1.1418000000e-08	0.0000000000e+00
2.1650000000e-08	2.1650000000e-08	0.0000000000e+00
8.2281000000e-09	8.2281000000e-09	0.0000000000e+00
1.3586000000e-08	1.3586000000e-08	0.0000000000e+00
5.0686000000e-09	5.0686000000e-09	0.0000000000e+00
3.2212000000e-09	3.2212000000e-09	0.0000000000e+00
4.9635000000e-09	4.9635000000e-09	0.0000000000e+00
1.4711000000e-08	1.4711000000e-08	0.0000000000e+00
2.3114000000e-08	2.3114000000e-08	0.0000000000e+00
4.9104000000e-08	4.9104000000e-08	0.0000000000e+00
4.9035000000e-08	4.9035000000e-08	0.0000000000e+00
5.5611000000e-08	5.5611000000e-08	0.0000000000e+00
6.9712000000e-08	6.9712000000e-08	0.0000000000e+00
8.0798000000e-08	8.0798000000e-08	0.0000000000e+00
8.3129000000e-08	8.3129000000e-08	0.0000000000e+00
9.9792000000e-08	9.9792000000e-08	0.0000000000e+00
1.0171000000e-07	1.0171000000e-07	0.0000000000e+00
1.1091000000e-07	1.1091000000e-07	0.0000000000e+00
1.1046000000e-07	1.1046000000e-07	0.0000000000e+00
1.1198000000e-07	1.1198000000e-07	0.0000000000e+00
1.1180000000e-07	1.1180000000e-07	0.0000000000e+00
1.1205000000e-07	1.1205000000e-07	0.0000000000e+00
1.1216000000e-07	1.1216000000e-07	0.0000000000e+00
1.1174000000e-07	1.1174000000e-07	0.0000000000e+00
1.0750000000e-07	1.0750000000e-07	0.0000000000e+00
1.0299000000e-07	1.0299000000e-07	0.0000000000e+00
9.8294000000e-08	9.8294000000e-08	0.0000000000e+00
9.3513000000e-08	9.3513000000e-08	0.0000000000e+00
8.8724000000e-08	8.8724000000e-08	0.0000000000e+00
8.3990000000e-08	8.3990000000e-08	0.0000000000e+00
7.9364000000e-08	7.9364000000e-08	0.0000000000e+00
7.4887000000e-08	7.4887000000e-08	0.0000000000e+00
7.0589000000e-08	7.0589000000e-08	0.0000000000e+00
6.6493000000e-08	6.6493000000e-08	0.0000000000e+00
6.2611000000e-08	6.2611000000e-08	0.0000000000e+00
5.8951000000e-08	5.8951000000e-08	0.0000000000e+00
5.5515000000e-08	5.5515000000e-08	0.0000000000e+00
5.2302000000e-08	5.2302000000e-08	0.0000000000e+00
4.9306000000e-08	4.9306000000e-08	0.0000000000e+00
4.6520000000e-08	4.6520000000e-08	0.0000000000e+00
2.3949000000e-20	2.3949000000e-20	0.0000000000e+00
5.2498000000e-20	5.2499000000e-20	-8.2725122035e-06
1.0830000000e-19	1.0830000000e-19	0.0000000000e+00
2.1241000000e-19	2.1241000000e-19	0.0000000000e+00
3.9758000000e-19	3.9758000000e-19	0.0000000000e+00
7.0599000000e-19	7.0599000000e-19	0.0000000000e+00
1.1818000000e-18	1.1818000000e-18	0.0000000000e+00
1.8522000000e-18	1.8522000000e-18	0.0000000000e+00
2.7065000000e-18	2.7065000000e-18	0.0000000000e+00
3.4446000000e-18	3.4446000000e-18	0.0000000000e+00
4.1966000000e-18	4.1966000000e-18	0.0000000000e+00
5.5124000000e-18	5.5124000000e-18	0.0000000000e+00
6.7493000000e-18	6.7493000000e-18	0.0000000000e+00
7.5278000000e-18	7.5277000000e-18	5.7692468787e-06
5.4955000000e-18	5.4955000000e-18	0.0000000000e+00
4.0893000000e-18	4.0893000000e-18	0.0000000000e+00
7.0852000000e-18	7.0851000000e-18	6.1296441418e-06
3.7788000000e-18	3.7788000000e-18	0.0000000000e+00
4.7008000000e-19	4.7008000000e-19	0.0000000000e+00
2.0429000000e-22	2.0429000000e-22	0.0000000000e+00
1.6027000000e-21	1.6027000000e-21	0.0000000000e+00
1.3355000000e-23	1.3355000000e-23	0.0000000000e+00
1.7095000000e-23	1.7095000000e-23	0.0000000000e+00
4.2256000000e-24	4.2256000000e-24	0.0000000000e+00
1.7537000000e-25	1.7537000000e-25	0.0000000000e+00
1.3087000000e-25	1.3087000000e-25	0.0000000000e+00
1.8175000000e-21	1.8175000000e-21	0.0000000000e+00
7.8538000000e-13	7.8538000000e-13	0.0000000000e+00
1.7311000000e-02	1.7311000000e-02	0.0000000000e+00
1.0993000000e-03	1.0993000000e-03	0.0000000000e+00
5.2624000000e-10	5.2623000000e-10	8.2528619708e-06
5.8269000000e-09	5.8269000000e-09	0.0000000000e+00
1.3425000000e-11	1.3425000000e-11	0.0000000000e+00
1.5308000000e-11	1.5308000000e-11	0.0000000000e+00
5.7645000000e-12	5.7645000000e-12	0.0000000000e+00
2.3200000000e-12	2.3200000000e-12	0.0000000000e+00
5.9083000000e-12	5.9083000000e-12	0.0000000000e+00
1.4993000000e-11	1.4993000000e-11	0.0000000000e+00
4.9858000000e-11	4.9858000000e-11	0.0000000000e+00
1.3993000000e-10	1.3993000000e-10	0.0000000000e+00
8.3028000000e-11	8.3028000000e-11	0.0000000000e+00
1.3825000000e-10	1.3825000000e-10	0.0000000000e+00
2.6489000000e-10	2.6489000000e-10	0.0000000000e+00
6.0579000000e-10	6.0579000000e-10	0.0000000000e+00
6.5346000000e-10	6.5346000000e-10	0.0000000000e+00
8.6064000000e-10	8.6064000000e-10	0.0000000000e+00
1.1660000000e-09	1.1660000000e-09	0.0000000000e+00
3.3618000000e-10	3.3618000000e-10	0.0000000000e+00
1.4542000000e-09	1.4542000000e-09	0.0000000000e+00
1.8205000000e-09	1.8205000000e-09	0.0000000000e+00
5.6530000000e-10	5.6530000000e-10	0.0000000000e+00
2.4390000000e-09	2.4390000000e-09	0.0000000000e+00
3.1302000000e-09	3.1302000000e-09	0.0000000000e+00
5.8411000000e-10	5.8411000000e-10	0.0000000000e+00
7.3439000000e-10	7.3439000000e-10	0.0000000000e+00
1.1514000000e-09	1.1514000000e-09	0.0000000000e+00
4.9448000000e-09	4.9448000000e-09	0.0000000000e+00
2.0260000000e-09	2.0260000000e-09	0.0000000000e+00
2.5436000000e-09	2.5436000000e-09	0.0000000000e+00
7.4566000000e-09	7.4566000000e-09	0.0000000000e+00
4.7536000000e-09	4.7536000000e-09	0.0000000000e+00
8.5315000000e-09	8.5315000000e-09	0.0000000000e+00
1.6071000000e-08	1.6071000000e-08	0.0000000000e+00
1.4135000000e-08	1.4135000000e-08	0.0000000000e+00
1.0870000000e-08	1.0870000000e-08	0.0000000000e+00
3.6766000000e-09	3.6766000000e-09	0.0000000000e+00
3.8221000000e-09	3.8221000000e-09	0.0000000000e+00
5.0897000000e-09	5.0897000000e-09	0.0000000000e+00
2.5908000000e-08	2.5908000000e-08	0.0000000000e+00
4.0326000000e-08	4.0326000000e-08	0.0000000000e+00
7.8026000000e-08	7.8026000000e-08	0.0000000000e+00
9.9675000000e-08	9.9675000000e-08	0.0000000000e+00
1.3478000000e-07	1.3478000000e-07	0.0000000000e+00
9.2316000000e-08	9.2316000000e-08	0.0000000000e+00
1.0413000000e-07	1.0413000000e-07	0.0000000000e+00
1.2961000000e-07	1.2961000000e-07	0.0000000000e+00
1.2683000000e-07	1.2683000000e-07	0.0000000000e+00
1.6646000000e-07	1.6646000000e-07	0.0000000000e+00
1.5916000000e-07	1.5916000000e-07	0.0000000000e+00
2.0382000000e-07	2.0382000000e-07	0.0000000000e+00
2.0548000000e-07	2.0548000000e-07	0.0000000000e+00
2.0471000000e-07	2.0471000000e-07	0.0000000000e+00
1.9767000000e-07	1.9767000000e-07	0.0000000000e+00
2.0541000000e-07	2.0541000000e-07	0.0000000000e+00
2.0217000000e-07	2.0217000000e-07	0.0000000000e+00
1.9347000000e-07	1.9347000000e-07	0.0000000000e+00
1.8431000000e-07	1.8431000000e-07	0.0000000000e+00
1.7490000000e-07	1.7490000000e-07	0.0000000000e+00
1.6541000000e-07	1.6541000000e-07	0.0000000000e+00
1.5598000000e-07	1.5598000000e-07	0.0000000000e+00
1.4673000000e-07	1.4673000000e-07	0.0000000000e+00
1.3776000000e-07	1.3776000000e-07	0.0000000000e+00
1.2914000000e-07	1.2914000000e-07	0.0000000000e+00
1.2092000000e-07	1.2092000000e-07	0.0000000000e+00
1.1314000000e-07	1.1314000000e-07	0.0000000000e+00
1.0581000000e-07	1.0581000000e-07	0.0000000000e+00
9.8942000000e-08	9.8942000000e-08	0.0000000000e+00
9.2535000000e-08	9.2535000000e-08	0.0000000000e+00
8.6579000000e-08	8.6579000000e-08	0.0000000000e+00
8.1058000000e-08	8.1058000000e-08	0.0000000000e+00
7.5953000000e-08	7.5953000000e-08	0.0000000000e+00
3.9110000000e-20	3.9110000000e-20	0.0000000000e+00
8.7573000000e-20	8.7573000000e-20	0.0000000000e+00
1.8392000000e-19	1.8392000000e-19	0.0000000000e+00
3.6715000000e-19	3.6715000000e-19	0.0000000000e+00
7.0163000000e-19	7.0163000000e-19	0.0000000000e+00
1.2762000000e-18	1.2762000000e-18	0.0000000000e+00
2.1889000000e-18	2.1889000000e-18	0.0000000000e+00
3.5174000000e-18	3.5174000000e-18	0.0000000000e+00
5.2751000000e-18	5.2751000000e-18	0.0000000000e+00
6.7767000000e-18	6.7767000000e-18	0.0000000000e+00
8.5877000000e-18	8.5877000000e-18	0.0000000000e+00
1.1719000000e-17	1.1719000000e-17	0.0000000000e+00
1.4950000000e-17	1.4950000000e-17	0.0000000000e+00
1.7393000000e-17	1.7393000000e-17	0.0000000000e+00
1.3827000000e-17	1.3827000000e-17	0.0000000000e+00
3.4879000000e-17	3.4879000000e-17	0.0000000000e+00
2.4684000000e-16	2.4684000000e-16	0.0000000000e+00
3.5442000000e-17	3.5442000000e-17	0.0000000000e+00
2.7887000000e-18	2.7887000000e-18	0.0000000000e+00
8.8890000000e-19	8.8890000000e-19	0.0000000000e+00
1.5059000000e-19	1.5059000000e-19	0.0000000000e+00
5.7326000000e-21	5.7326000000e-21	0.0000000000e+00
3.0634000000e-22	3.0634000000e-22	0.0000000000e+00
6.1222000000e-23	6.1222000000e-23	0.0000000000e+00
1.3809000000e-22	1.3809000000e-22	0.0000000000e+00
2.5225000000e-23	2.5225000000e-23	0.0000000000e+00
9.8941000000e-19	9.8940000000e-19	4.3894510531e-06
6.8044000000e-12	6.8044000000e-12	0.0000000000e+00
1.0684000000e-05	1.0684000000e-05	0.0000000000e+00
6.2089000000e-01	6.2089000000e-01	0.0000000000e+00
5.2439000000e-06	5.2439000000e-06	0.0000000000e+00
6.7243000000e-07	6.7243000000e-07	0.0000000000e+00
4.4146000000e-08	4.4146000000e-08	0.0000000000e+00
1.2312000000e-08	1.2312000000e-08	0.0000000000e+00
3.5635000000e-09	3.5635000000e-09	0.0000000000e+00
5.5567000000e-10	5.5567000000e-10	0.0000000000e+00
8.5395000000e-11	8.5395000000e-11	0.0000000000e+00
5.0465000000e-11	5.0465000000e-11	0.0000000000e+00
1.7086000000e-10	1.7086000000e-10	0.0000000000e+00
2.9416000000e-10	2.9416000000e-10	0.0000000000e+00
1.1338000000e-10	1.1338000000e-10	0.0000000000e+00
6.0436000000e-10	6.0436000000e-10	0.0000000000e+00
9.5284000000e-10	9.5284000000e-10	0.0000000000e+00
1.2562000000e-09	1.2562000000e-09	0.0000000000e+00
1.5746000000e-09	1.5746000000e-09	0.0000000000e+00
2.0524000000e-10	2.0524000000e-10	0.0000000000e+00
1.6142000000e-09	1.6142000000e-09	0.0000000000e+00
3.4301000000e-09	3.4301000000e-09	0.0000000000e+00
3.6023000000e-09	3.6023000000e-09	0.0000000000e+00
3.9737000000e-09	3.9737000000e-09	0.0000000000e+00
4.6878000000e-09	4.6878000000e-09	0.0000000000e+00
5.1925000000e-09	5.1925000000e-09	0.0000000000e+00
6.2066000000e-09	6.2066000000e-09	0.0000000000e+00
2.4150000000e-09	2.4150000000e-09	0.0000000000e+00
2.3161000000e-09	2.3161000000e-09	0.0000000000e+00
2.6108000000e-09	2.6108000000e-09	0.0000000000e+00
9.3089000000e-09	9.3089000000e-09	0.0000000000e+00
1.8592000000e-09	1.8592000000e-09	0.0000000000e+00
5.2215000000e-09	5.2215000000e-09	0.0000000000e+00
5.1208000000e-09	5.1208000000e-09	0.0000000000e+00
1.5870000000e-08	1.5870000000e-08	0.0000000000e+00
1.8661000000e-08	1.8661000000e-08	0.0000000000e+00
3.9660000000e-08	3.9660000000e-08	0.0000000000e+00
1.6214000000e-08	1.6214000000e-08	0.0000000000e+00
1.2594000000e-08	1.2594000000e-08	0.0000000000e+00
6.8434000000e-09	6.8434000000e-09	0.0000000000e+00
7.7335000000e-09	7.7335000000e-09	0.0000000000e+00
9.7520000000e-09	9.7520000000e-09	0.0000000000e+00
6.0670000000e-08	6.0670000000e-08	0.0000000000e+00
1.0217000000e-07	1.0217000000e-07	0.0000000000e+00
1.1435000000e-07	1.1435000000e-07	0.0000000000e+00
1.6419000000e-07	1.6419000000e-07	0.0000000000e+00
1.2883000000e-07	1.2883000000e-07	0.0000000000e+00
1.4810000000e-07	1.4810000000e-07	0.0000000000e+00
1.6215000000e-07	1.6215000000e-07	0.0000000000e+00
2.9326000000e-07	2.9326000000e-07	0.0000000000e+00
3.3662000000e-07	3.3662000000e-07	0.0000000000e+00
2.7519000000e-07	2.7519000000e-07	0.0000000000e+00
3.7037000000e-07	3.7037000000e-07	0.0000000000e+00
3.7295000000e-07	3.7295000000e-07	0.0000000000e+00
3.7780000000e-07	3.7780000000e-07	0.0000000000e+00
3.7264000000e-07	3.7264000000e-07	0.0000000000e+00
3.6629000000e-07	3.6629000000e-07	0.0000000000e+00
3.7937000000e-07	3.7937000000e-07	0.0000000000e+00
3.6317000000e-07	3.6317000000e-07	0.0000000000e+00
3.4584000000e-07	3.4584000000e-07	0.0000000000e+00
3.2779000000e-07	3.2779000000e-07	0.0000000000e+00
3.0939000000e-07	3.0939000000e-07	0.0000000000e+00
2.9098000000e-07	2.9098000000e-07	0.0000000000e+00
2.7282000000e-07	2.7282000000e-07	0.0000000000e+00
2.5513000000e-07	2.5513000000e-07	0.0000000000e+00
2.3808000000e-07	2.3808000000e-07	0.0000000000e+00
2.2180000000e-07	2.2180000000e-07	0.0000000000e+00
2.0638000000e-07	2.0638000000e-07	0.0000000000e+00
1.9186000000e-07	1.9186000000e-07	0.0000000000e+00
1.7827000000e-07	1.7827000000e-07	0.0000000000e+00
1.6561000000e-07	1.6561000000e-07	0.0000000000e+00
1.5386000000e-07	1.5386000000e-07	0.0000000000e+00
1.4301000000e-07	1.4301000000e-07	0.0000000000e+00
1.3300000000e-07	1.3300000000e-07	0.0000000000e+00
1.2379000000e-07	1.2379000000e-07	0.0000000000e+00
6.3504000000e-20	6.3504000000e-20	0.0000000000e+00
1.4464000000e-19	1.4464000000e-19	0.0000000000e+00
3.0892000000e-19	3.0892000000e-19	0.0000000000e+00
6.3098000000e-19	6.3097000000e-19	6.8829110807e-06
1.2297000000e-18	1.2297000000e-18	0.0000000000e+00
2.2737000000e-18	2.2737000000e-18	0.0000000000e+00
3.9911000000e-18	3.9911000000e-18	0.0000000000e+00
6.5679000000e-18	6.5679000000e-18	0.0000000000e+00
1.0098000000e-17	1.0098000000e-17	0.0000000000e+00
1.2814000000e-17	1.2814000000e-17	0.0000000000e+00
1.7072000000e-17	1.7072000000e-17	0.0000000000e+00
2.4027000000e-17	2.4027000000e-17	0.0000000000e+00
3.2043000000e-17	3.2043000000e-17	0.0000000000e+00
4.0272000000e-17	4.0272000000e-17	0.0000000000e+00
3.3652000000e-17	3.3652000000e-17	0.0000000000e+00
8.1313000000e-17	8.1312000000e-17	5.3410543509e-06
7.8210000000e-17	7.8210000000e-17	0.0000000000e+00
2.1523000000e-17	2.1523000000e-17	0.0000000000e+00
1.3235000000e-17	1.3235000000e-17	0.0000000000e+00
2.4370000000e-17	2.4370000000e-17	0.0000000000e+00
4.5750000000e-18	4.5750000000e-18	0.0000000000e+00
2.9581000000e-19	2.9581000000e-19	0.0000000000e+00
1.7840000000e-19	1.7840000000e-19	0.0000000000e+00
5.5479000000e-19	5.5479000000e-19	0.0000000000e+00
7.6905000000e-22	7.6905000000e-22	0.0000000000e+00
2.0060000000e-20	2.0060000000e-20	0.0000000000e+00
7.6846000000e-16	7.6847000000e-16	-5.6514542876e-06
1.2608000000e-11	1.2608000000e-11	0.0000000000e+00
2.5875000000e-07	2.5875000000e-07	0.0000000000e+00
1.1670000000e-02	1.1670000000e-02	0.0000000000e+00
4.1512000000e-03	4.1512000000e-03	0.0000000000e+00
1.1589000000e-02	1.1589000000e-02	0.0000000000e+00
1.8936000000e-04	1.8936000000e-04	0.0000000000e+00
2.8222000000e-06	2.8222000000e-06	0.0000000000e+00
3.5396000000e-07	3.5396000000e-07	0.0000000000e+00
4.6941000000e-08	4.6941000000e-08	0.0000000000e+00
9.6098000000e-09	9.6098000000e-09	0.0000000000e+00
8.8045000000e-10	8.8045000000e-10	0.0000000000e+00
1.4711000000e-10	1.4711000000e-10	0.0000000000e+00
1.1087000000e-10	1.1087000000e-10	0.0000000000e+00
4.9766000000e-10	4.9766000000e-10	0.0000000000e+00
4.2611000000e-10	4.2610000000e-10	1.0192193988e-05
7.6860000000e-10	7.6860000000e-10	0.0000000000e+00
2.1324000000e-09	2.1324000000e-09	0.0000000000e+00
3.3113000000e-09	3.3113000000e-09	0.0000000000e+00
1.0914000000e-09	1.0914000000e-09	0.0000000000e+00
6.3430000000e-10	6.3430000000e-10	0.0000000000e+00
4.3042000000e-09	4.3042000000e-09	0.0000000000e+00
9.0725000000e-09	9.0725000000e-09	0.0000000000e+00
9.2783000000e-09	9.2783000000e-09	0.0000000000e+00
8.4394000000e-09	8.4394000000e-09	0.0000000000e+00
1.3127000000e-08	1.3127000000e-08	0.0000000000e+00
4.2275000000e-09	4.2275000000e-09	0.0000000000e+00
1.4929000000e-08	1.4929000000e-08	0.0000000000e+00
8.0273000000e-09	8.0273000000e-09	0.0000000000e+00
9.0745000000e-09	9.0745000000e-09	0.0000000000e+00
9.8298000000e-09	9.8298000000e-09	0.0000000000e+00
6.2574000000e-09	6.2574000000e-09	0.0000000000e+00
9.6576000000e-09	9.6576000000e-09	0.0000000000e+00
2.4556000000e-08	2.4556000000e-08	0.0000000000e+00
1.2867000000e-08	1.2867000000e-08	0.0000000000e+00
3.5755000000e-08	3.5755000000e-08	0.0000000000e+00
9.8673000000e-08	9.8673000000e-08	0.0000000000e+00
8.2958000000e-08	8.2958000000e-08	0.0000000000e+00
6.6191000000e-08	6.6191000000e-08	0.0000000000e+00
3.3654000000e-08	3.3654000000e-08	0.0000000000e+00
3.3196000000e-08	3.3196000000e-08	0.0000000000e+00
3.5968000000e-08	3.5968000000e-08	0.0000000000e+00
1.2404000000e-07	1.2404000000e-07	0.0000000000e+00
1.3295000000e-07	1.3295000000e-07	0.0000000000e+00
1.7209000000e-07	1.7209000000e-07	0.0000000000e+00
1.9759000000e-07	1.9759000000e-07	0.0000000000e+00
2.7107000000e-07	2.7107000000e-07	0.0000000000e+00
3.1857000000e-07	3.1857000000e-07	0.0000000000e+00
3.3877000000e-07	3.3877000000e-07	0.0000000000e+00
4.1083000000e-07	4.1083000000e-07	0.0000000000e+00
4.6199000000e-07	4.6199000000e-07	0.0000000000e+00
4.7520000000e-07	4.7520000000e-07	0.0000000000e+00
6.2700000000e-07	6.2700000000e-07	0.0000000000e+00
5.5259000000e-07	5.5259000000e-07	0.0000000000e+00
6.8148000000e-07	6.8148000000e-07	0.0000000000e+00
6.6573000000e-07	6.6573000000e-07	0.0000000000e+00
6.3976000000e-07	6.3976000000e-07	0.0000000000e+00
6.7899000000e-07	6.7899000000e-07	0.0000000000e+00
6.4722000000e-07	6.4722000000e-07	0.0000000000e+00
6.1358000000e-07	6.1358000000e-07	0.0000000000e+00
5.7882000000e-07	5.7882000000e-07	0.0000000000e+00
5.4365000000e-07	5.4365000000e-07	0.0000000000e+00
5.0867000000e-07	5.0867000000e-07	0.0000000000e+00
4.7438000000e-07	4.7438000000e-07	0.0000000000e+00
4.4118000000e-07	4.4118000000e-07	0.0000000000e+00
4.0937000000e-07	4.0937000000e-07	0.0000000000e+00
3.7916000000e-07	3.7916000000e-07	0.0000000000e+00
3.5070000000e-07	3.5070000000e-07	0.0000000000e+00
3.2405000000e-07	3.2405000000e-07	0.0000000000e+00
2.9924000000e-07	2.9924000000e-07	0.0000000000e+00
2.7626000000e-07	2.7626000000e-07	0.0000000000e+00
2.5505000000e-07	2.5505000000e-07	0.0000000000e+00
2.3554000000e-07	2.3554000000e-07	0.0000000000e+00
2.1766000000e-07	2.1766000000e-07	0.0000000000e+00
2.0129000000e-07	2.0129000000e-07	0.0000000000e+00
1.0236000000e-19	1.0236000000e-19	0.0000000000e+00
2.3690000000e-19	2.3690000000e-19	0.0000000000e+00
5.1556000000e-19	5.1556000000e-19	0.0000000000e+00
1.0728000000e-18	1.0728000000e-18	0.0000000000e+00
2.1295000000e-18	2.1295000000e-18	0.0000000000e+00
4.0238000000e-18	4.0238000000e-18	0.0000000000e+00
7.1741000000e-18	7.1741000000e-18	0.0000000000e+00
1.2076000000e-17	1.2076000000e-17	0.0000000000e+00
1.8950000000e-17	1.8950000000e-17	0.0000000000e+00
2.3754000000e-17	2.3754000000e-17	0.0000000000e+00
3.2940000000e-17	3.2940000000e-17	0.0000000000e+00
4.7486000000e-17	4.7486000000e-17	0.0000000000e+00
6.5688000000e-17	6.5688000000e-17	0.0000000000e+00
8.7324000000e-17	8.7324000000e-17	0.0000000000e+00
7.6344000000e-17	7.6344000000e-17	0.0000000000e+00
1.6775000000e-16	1.6775000000e-16	0.0000000000e+00
2.2466000000e-16	2.2466000000e-16	0.0000000000e+00
2.8496000000e-17	2.8496000000e-17	0.0000000000e+00
5.5011000000e-16	5.5011000000e-16	0.0000000000e+00
3.6358000000e-16	3.6358000000e-16	0.0000000000e+00
1.1222000000e-17	1.1222000000e-17	0.0000000000e+00
1.3421000000e-17	1.3421000000e-17	0.0000000000e+00
4.2040000000e-18	4.2040000000e-18	0.0000000000e+00
7.9089000000e-17	7.9089000000e-17	0.0000000000e+00
1.3660000000e-19	1.3660000000e-19	0.0000000000e+00
9.2589000000e-19	9.2588000000e-19	4.6905877286e-06
1.2410000000e-13	1.2410000000e-13	0.0000000000e+00
2.4007000000e-10	2.4007000000e-10	0.0000000000e+00
3.8489000000e-07	3.8489000000e-07	0.0000000000e+00
4.0518000000e-04	4.0518000000e-04	0.0000000000e+00
7.3762000000e-02	7.3762000000e-02	0.0000000000e+00
1.6487000000e-01	1.6487000000e-01	0.0000000000e+00
8.1814000000e-03	8.1814000000e-03	0.0000000000e+00
2.3545000000e-04	2.3545000000e-04	0.0000000000e+00
3.0402000000e-05	3.0402000000e-05	0.0000000000e+00
5.2745000000e-06	5.2745000000e-06	0.0000000000e+00
7.4673000000e-07	7.4673000000e-07	0.0000000000e+00
2.9904000000e-08	2.9904000000e-08	0.0000000000e+00
8.2929000000e-10	8.2929000000e-10	0.0000000000e+00
1.7195000000e-10	1.7195000000e-10	0.0000000000e+00
1.9588000000e-11	1.9588000000e-11	0.0000000000e+00
6.8322000000e-10	6.8322000000e-10	0.0000000000e+00
1.9932000000e-09	1.9932000000e-09	0.0000000000e+00
4.6857000000e-09	4.6857000000e-09	0.0000000000e+00
7.4627000000e-09	7.4627000000e-09	0.0000000000e+00
1.0628000000e-08	1.0628000000e-08	0.0000000000e+00
3.3369000000e-09	3.3369000000e-09	0.0000000000e+00
1.3227000000e-08	1.3227000000e-08	0.0000000000e+00
1.8149000000e-08	1.8149000000e-08	0.0000000000e+00
2.2999000000e-08	2.2999000000e-08	0.0000000000e+00
2.1377000000e-08	2.1377000000e-08	0.0000000000e+00
2.5660000000e-08	2.5660000000e-08	0.0000000000e+00
1.8336000000e-08	1.8336000000e-08	0.0000000000e+00
2.8198000000e-08	2.8198000000e-08	0.0000000000e+00
1.2040000000e-08	1.2040000000e-08	0.0000000000e+00
1.3318000000e-08	1.3318000000e-08	0.0000000000e+00
1.3797000000e-08	1.3797000000e-08	0.0000000000e+00
3.6030000000e-09	3.6030000000e-09	0.0000000000e+00
1.6307000000e-08	1.6307000000e-08	0.0000000000e+00
1.0876000000e-08	1.0876000000e-08	0.0000000000e+00
2.4804000000e-08	2.4804000000e-08	0.0000000000e+00
3.1829000000e-08	3.1829000000e-08	0.0000000000e+00
1.0333000000e-07	1.0333000000e-07	0.0000000000e+00
1.3398000000e-07	1.3398000000e-07	0.0000000000e+00
1.4257000000e-07	1.4257000000e-07	0.0000000000e+00
1.3655000000e-07	1.3655000000e-07	0.0000000000e+00
3.9580000000e-08	3.9580000000e-08	0.0000000000e+00
7.7152000000e-08	7.7152000000e-08	0.0000000000e+00
2.3708000000e-07	2.3708000000e-07	0.0000000000e+00
4.2589000000e-07	4.2589000000e-07	0.0000000000e+00
4.1316000000e-07	4.1316000000e-07	0.0000000000e+00
5.3068000000e-07	5.3068000000e-07	0.0000000000e+00
4.7044000000e-07	4.7044000000e-07	0.0000000000e+00
6.0049000000e-07	6.0049000000e-07	0.0000000000e+00
6.2727000000e-07	6.2727000000e-07	0.0000000000e+00
7.0627000000e-07	7.0627000000e-07	0.0000000000e+00
9.8582000000e-07	9.8582000000e-07	0.0000000000e+00
9.7003000000e-07	9.7003000000e-07	0.0000000000e+00
9.6385000000e-07	9.6385000000e-07	0.0000000000e+00
1.1566000000e-06	1.1566000000e-06	0.0000000000e+00
1.1755000000e-06	1.1755000000e-06	0.0000000000e+00
1.1829000000e-06	1.1829000000e-06	0.0000000000e+00
1.1202000000e-06	1.1202000000e-06	0.0000000000e+00
1.2042000000e-06	1.2042000000e-06	0.0000000000e+00
1.1435000000e-06	1.1435000000e-06	0.0000000000e+00
1.0796000000e-06	1.0796000000e-06	0.0000000000e+00
1.0141000000e-06	1.0141000000e-06	0.0000000000e+00
9.4819000000e-07	9.4819000000e-07	0.0000000000e+00
8.8300000000e-07	8.8300000000e-07	0.0000000000e+00
8.1943000000e-07	8.1943000000e-07	0.0000000000e+00
7.5818000000e-07	7.5818000000e-07	0.0000000000e+00
6.9980000000e-07	6.9980000000e-07	0.0000000000e+00
6.4464000000e-07	6.4464000000e-07	0.0000000000e+00
5.9292000000e-07	5.9292000000e-07	0.0000000000e+00
5.4475000000e-07	5.4475000000e-07	0.0000000000e+00
5.0012000000e-07	5.0012000000e-07	0.0000000000e+00
4.5898000000e-07	4.5898000000e-07	0.0000000000e+00
4.2120000000e-07	4.2120000000e-07	0.0000000000e+00
3.8664000000e-07	3.8664000000e-07	0.0000000000e+00
3.5509000000e-07	3.5509000000e-07	0.0000000000e+00
3.2637000000e-07	3.2637000000e-07	0.0000000000e+00
1.6457000000e-19	1.6457000000e-19	0.0000000000e+00
3.8657000000e-19	3.8657000000e-19	0.0000000000e+00
8.5622000000e-19	8.5622000000e-19	0.0000000000e+00
1.8128000000e-18	1.8128000000e-18	0.0000000000e+00
3.6496000000e-18	3.6496000000e-18	0.0000000000e+00
7.0388000000e-18	7.0388000000e-18	0.0000000000e+00
1.2815000000e-17	1.2815000000e-17	0.0000000000e+00
2.1901000000e-17	2.1901000000e-17	0.0000000000e+00
3.4928000000e-17	3.4928000000e-17	0.0000000000e+00
4.3234000000e-17	4.3234000000e-17	0.0000000000e+00
6.2125000000e-17	6.2125000000e-17	0.0000000000e+00
9.0675000000e-17	9.0676000000e-17	-4.7895460395e-06
1.2780000000e-16	1.2780000000e-16	0.0000000000e+00
1.7478000000e-16	1.7478000000e-16	0.0000000000e+00
1.5021000000e-16	1.5021000000e-16	0.0000000000e+00
2.0200000000e-16	2.0199000000e-16	2.1500259016e-05
1.7742000000e-16	1.7742000000e-16	0.0000000000e+00
6.5054000000e-16	6.5054000000e-16	0.0000000000e+00
3.4943000000e-15	3.4943000000e-15	0.0000000000e+00
2.4735000000e-15	2.4735000000e-15	0.0000000000e+00
2.5047000000e-17	2.5047000000e-17	0.0000000000e+00
3.9804000000e-17	3.9804000000e-17	0.0000000000e+00
1.3376000000e-16	1.3376000000e-16	0.0000000000e+00
1.5975000000e-16	1.5975000000e-16	0.0000000000e+00
1.2671000000e-18	1.2671000000e-18	0.0000000000e+00
6.7646000000e-17	6.7646000000e-17	0.0000000000e+00
3.7719000000e-12	3.7719000000e-12	0.0000000000e+00
4.1052000000e-09	4.1052000000e-09	0.0000000000e+00
2.0238000000e-06	2.0238000000e-06	0.0000000000e+00
4.1824000000e-04	4.1824000000e-04	0.0000000000e+00
1.7492000000e-02	1.7492000000e-02	0.0000000000e+00
5.2394000000e-02	5.2394000000e-02	0.0000000000e+00
3.8043000000e-02	3.8043000000e-02	0.0000000000e+00
7.8421000000e-03	7.8421000000e-03	0.0000000000e+00
1.1744000000e-03	1.1744000000e-03	0.0000000000e+00
1.7390000000e-04	1.7390000000e-04	0.0000000000e+00
1.9320000000e-05	1.9320000000e-05	0.0000000000e+00
1.2766000000e-06	1.2766000000e-06	0.0000000000e+00
6.8482000000e-08	6.8482000000e-08	0.0000000000e+00
5.6315000000e-09	5.6315000000e-09	0.0000000000e+00
8.5908000000e-10	8.5907000000e-10	5.0553733016e-06
4.2004000000e-11	4.2004000000e-11	0.0000000000e+00
1.1643000000e-10	1.1643000000e-10	0.0000000000e+00
3.8415000000e-09	3.8415000000e-09	0.0000000000e+00
1.2721000000e-08	1.2721000000e-08	0.0000000000e+00
2.3642000000e-08	2.3642000000e-08	0.0000000000e+00
2.4234000000e-08	2.4234000000e-08	0.0000000000e+00
2.9175000000e-08	2.9175000000e-08	0.0000000000e+00
3.3610000000e-08	3.3610000000e-08	0.0000000000e+00
4.4445000000e-08	4.4445000000e-08	0.0000000000e+00
5.0242000000e-08	5.0242000000e-08	0.0000000000e+00
4.7466000000e-08	4.7466000000e-08	0.0000000000e+00
4.6825000000e-08	4.6825000000e-08	0.0000000000e+00
5.1189000000e-08	5.1189000000e-08	0.0000000000e+00
2.2576000000e-08	2.2576000000e-08	0.0000000000e+00
3.4926000000e-08	3.4926000000e-08	0.0000000000e+00
2.2972000000e-08	2.2972000000e-08	0.0000000000e+00
2.7733000000e-08	2.7733000000e-08	0.0000000000e+00
9.4841000000e-09	9.4841000000e-09	0.0000000000e+00
3.7553000000e-08	3.7553000000e-08	0.0000000000e+00
2.9713000000e-08	2.9713000000e-08	0.0000000000e+00
2.9645000000e-08	2.9645000000e-08	0.0000000000e+00
3.4045000000e-08	3.4045000000e-08	0.0000000000e+00
1.9837000000e-07	1.9837000000e-07	0.0000000000e+00
1.8862000000e-07	1.8862000000e-07	0.0000000000e+00
1.5268000000e-07	1.5268000000e-07	0.0000000000e+00
1.2258000000e-07	1.2258000000e-07	0.0000000000e+00
2.6303000000e-07	2.6303000000e-07	0.0000000000e+00
3.8223000000e-07	3.8223000000e-07	0.0000000000e+00
5.2769000000e-07	5.2769000000e-07	0.0000000000e+00
5.5938000000e-07	5.5938000000e-07	0.0000000000e+00
6.9921000000e-07	6.9921000000e-07	0.0000000000e+00
8.1484000000e-07	8.1484000000e-07	0.0000000000e+00
1.1204000000e-06	1.1204000000e-06	0.0000000000e+00
1.5060000000e-06	1.5060000000e-06	0.0000000000e+00
1.5681000000e-06	1.5681000000e-06	0.0000000000e+00
1.5450000000e-06	1.5450000000e-06	0.0000000000e+00
1.4213000000e-06	1.4213000000e-06	0.0000000000e+00
1.6966000000e-06	1.6966000000e-06	0.0000000000e+00
1.9360000000e-06	1.9360000000e-06	0.0000000000e+00
1.8647000000e-06	1.8647000000e-06	0.0000000000e+00
2.0808000000e-06	2.0808000000e-06	0.0000000000e+00
2.1070000000e-06	2.1070000000e-06	0.0000000000e+00
2.1149000000e-06	2.1149000000e-06	0.0000000000e+00
2.0013000000e-06	2.0013000000e-06	0.0000000000e+00
1.8827000000e-06	1.8827000000e-06	0.0000000000e+00
1.7615000000e-06	1.7615000000e-06	0.0000000000e+00
1.6403000000e-06	1.6403000000e-06	0.0000000000e+00
1.5210000000e-06	1.5210000000e-06	0.0000000000e+00
1.4051000000e-06	1.4051000000e-06	0.0000000000e+00
1.2940000000e-06	1.2940000000e-06	0.0000000000e+00
1.1885000000e-06	1.1885000000e-06	0.0000000000e+00
1.0893000000e-06	1.0893000000e-06	0.0000000000e+00
9.9671000000e-07	9.9671000000e-07	0.0000000000e+00
9.1084000000e-07	9.1084000000e-07	0.0000000000e+00
8.3166000000e-07	8.3166000000e-07	0.0000000000e+00
7.5901000000e-07	7.5901000000e-07	0.0000000000e+00
6.9260000000e-07	6.9260000000e-07	0.0000000000e+00
6.3211000000e-07	6.3211000000e-07	0.0000000000e+00
5.7716000000e-07	5.7716000000e-07	0.0000000000e+00
5.2737000000e-07	5.2737000000e-07	0.0000000000e+00
2.6271000000e-19	2.6271000000e-19	0.0000000000e+00
6.2751000000e-19	6.2751000000e-19	0.0000000000e+00
1.4129000000e-18	1.4129000000e-18	0.0000000000e+00
3.0401000000e-18	3.0401000000e-18	0.0000000000e+00
6.2393000000e-18	6.2393000000e-18	0.0000000000e+00
1.2230000000e-17	1.2230000000e-17	0.0000000000e+00
2.2639000000e-17	2.2639000000e-17	0.0000000000e+00
3.9495000000e-17	3.9495000000e-17	0.0000000000e+00
6.4167000000e-17	6.4167000000e-17	0.0000000000e+00
7.8778000000e-17	7.8778000000e-17	0.0000000000e+00
1.1560000000e-16	1.1560000000e-16	0.0000000000e+00
1.7072000000e-16	1.7072000000e-16	0.0000000000e+00
2.4307000000e-16	2.4307000000e-16	0.0000000000e+00
3.3519000000e-16	3.3519000000e-16	0.0000000000e+00
2.9259000000e-16	2.9259000000e-16	0.0000000000e+00
5.0198000000e-16	5.0198000000e-16	0.0000000000e+00
1.7532000000e-15	1.7532000000e-15	0.0000000000e+00
5.7061000000e-15	5.7061000000e-15	0.0000000000e+00
6.5361000000e-15	6.5361000000e-15	0.0000000000e+00
5.7030000000e-16	5.7030000000e-16	0.0000000000e+00
9.8794000000e-17	9.8794000000e-17	0.0000000000e+00
8.6374000000e-16	8.6374000000e-16	0.0000000000e+00
2.0711000000e-14	2.0711000000e-14	0.0000000000e+00
4.8400000000e-15	4.8400000000e-15	0.0000000000e+00
9.9170000000e-16	9.9170000000e-16	0.0000000000e+00
1.8017000000e-14	1.8017000000e-14	0.0000000000e+00
3.1500000000e-11	3.1500000000e-11	0.0000000000e+00
1.8152000000e-08	1.8152000000e-08	0.0000000000e+00
5.5563000000e-06	5.5563000000e-06	0.0000000000e+00
5.7932000000e-04	5.7932000000e-04	0.0000000000e+00
1.0240000000e-02	1.0240000000e-02	0.0000000000e+00
4.8822000000e-02	4.8822000000e-02	0.0000000000e+00
7.5324000000e-02	7.5324000000e-02	0.0000000000e+00
4.4246000000e-02	4.4246000000e-02	0.0000000000e+00
1.1845000000e-02	1.1845000000e-02	0.0000000000e+00
1.8977000000e-03	1.8977000000e-03	0.0000000000e+00
2.3885000000e-04	2.3885000000e-04	0.0000000000e+00
2.3969000000e-05	2.3969000000e-05	0.0000000000e+00
1.8854000000e-06	1.8854000000e-06	0.0000000000e+00
8.5753000000e-08	8.5753000000e-08	0.0000000000e+00
8.2989000000e-09	8.2989000000e-09	0.0000000000e+00
3.2841000000e-09	3.2841000000e-09	0.0000000000e+00
1.0776000000e-10	1.0776000000e-10	0.0000000000e+00
3.0726000000e-10	3.0726000000e-10	0.0000000000e+00
3.2790000000e-08	3.2790000000e-08	0.0000000000e+00
4.2500000000e-08	4.2500000000e-08	0.0000000000e+00
6.2122000000e-08	6.2122000000e-08	0.0000000000e+00
6.1210000000e-08	6.1210000000e-08	0.0000000000e+00
6.7173000000e-08	6.7173000000e-08	0.0000000000e+00
9.2704000000e-08	9.2704000000e-08	0.0000000000e+00
1.1875000000e-07	1.1875000000e-07	0.0000000000e+00
1.1725000000e-07	1.1725000000e-07	0.0000000000e+00
1.0369000000e-07	1.0369000000e-07	0.0000000000e+00
1.0658000000e-07	1.0658000000e-07	0.0000000000e+00
1.2573000000e-07	1.2573000000e-07	0.0000000000e+00
4.8607000000e-08	4.8607000000e-08	0.0000000000e+00
1.3235000000e-07	1.3235000000e-07	0.0000000000e+00
5.2268000000e-08	5.2268000000e-08	0.0000000000e+00
5.7199000000e-08	5.7199000000e-08	0.0000000000e+00
2.5815000000e-08	2.5815000000e-08	0.0000000000e+00
3.2914000000e-08	3.2914000000e-08	0.0000000000e+00
7.2500000000e-08	7.2500000000e-08	0.0000000000e+00
3.3959000000e-07	3.3959000000e-07	0.0000000000e+00
4.3104000000e-07	4.3104000000e-07	0.0000000000e+00
2.0326000000e-07	2.0326000000e-07	0.0000000000e+00
4.6782000000e-07	4.6782000000e-07	0.0000000000e+00
6.2034000000e-07	6.2034000000e-07	0.0000000000e+00
6.6569000000e-07	6.6569000000e-07	0.0000000000e+00
1.0852000000e-06	1.0852000000e-06	0.0000000000e+00
1.1326000000e-06	1.1326000000e-06	0.0000000000e+00
1.2124000000e-06	1.2124000000e-06	0.0000000000e+00
1.3415000000e-06	1.3415000000e-06	0.0000000000e+00
1.3249000000e-06	1.3249000000e-06	0.0000000000e+00
2.0524000000e-06	2.0524000000e-06	0.0000000000e+00
2.4914000000e-06	2.4914000000e-06	0.0000000000e+00
2.6802000000e-06	2.6802000000e-06	0.0000000000e+00
3.0311000000e-06	3.0311000000e-06	0.0000000000e+00
2.4104000000e-06	2.4104000000e-06	0.0000000000e+00
3.0818000000e-06	3.0818000000e-06	0.0000000000e+00
2.9150000000e-06	2.9150000000e-06	0.0000000000e+00
3.5556000000e-06	3.5556000000e-06	0.0000000000e+00
3.7884000000e-06	3.7884000000e-06	0.0000000000e+00
3.4346000000e-06	3.4346000000e-06	0.0000000000e+00
3.6760000000e-06	3.6760000000e-06	0.0000000000e+00
3.4679000000e-06	3.4679000000e-06	0.0000000000e+00
3.2516000000e-06	3.2516000000e-06	0.0000000000e+00
3.0318000000e-06	3.0318000000e-06	0.0000000000e+00
2.8128000000e-06	2.8128000000e-06	0.0000000000e+00
2.5979000000e-06	2.5979000000e-06	0.0000000000e+00
2.3902000000e-06	2.3902000000e-06	0.0000000000e+00
2.1917000000e-06	2.1917000000e-06	0.0000000000e+00
2.0041000000e-06	2.0041000000e-06	0.0000000000e+00
1.8283000000e-06	1.8283000000e-06	0.0000000000e+00
1.6648000000e-06	1.6648000000e-06	0.0000000000e+00
1.5139000000e-06	1.5139000000e-06	0.0000000000e+00
1.3753000000e-06	1.3753000000e-06	0.0000000000e+00
1.2486000000e-06	1.2486000000e-06	0.0000000000e+00
1.1333000000e-06	1.1333000000e-06	0.0000000000e+00
1.0287000000e-06	1.0287000000e-06	0.0000000000e+00
9.3414000000e-07	9.3414000000e-07	0.0000000000e+00
8.4881000000e-07	8.4881000000e-07	0.0000000000e+00
4.1845000000e-19	4.1845000000e-19	0.0000000000e+00
1.0151000000e-18	1.0151000000e-18	0.0000000000e+00
2.3278000000e-18	2.3278000000e-18	0.0000000000e+00
5.0841000000e-18	5.0841000000e-18	0.0000000000e+00
1.0624000000e-17	1.0624000000e-17	0.0000000000e+00
2.1141000000e-17	2.1141000000e-17	0.0000000000e+00
3.9995000000e-17	3.9995000000e-17	0.0000000000e+00
7.0929000000e-17	7.0929000000e-17	0.0000000000e+00
1.1729000000e-16	1.1729000000e-16	0.0000000000e+00
1.4458000000e-16	1.4458000000e-16	0.0000000000e+00
2.1566000000e-16	2.1566000000e-16	0.0000000000e+00
3.2296000000e-16	3.2296000000e-16	0.0000000000e+00
4.6924000000e-16	4.6924000000e-16	0.0000000000e+00
6.6653000000e-16	6.6653000000e-16	0.0000000000e+00
5.8948000000e-16	5.8948000000e-16	0.0000000000e+00
1.1501000000e-15	1.1501000000e-15	0.0000000000e+00
2.0697000000e-14	2.0697000000e-14	0.0000000000e+00
6.1992000000e-15	6.1992000000e-15	0.0000000000e+00
1.7908000000e-14	1.7908000000e-14	0.0000000000e+00
2.1470000000e-14	2.1470000000e-14	0.0000000000e+00
2.1361000000e-14	2.1361000000e-14	0.0000000000e+00
8.6861000000e-14	8.6861000000e-14	0.0000000000e+00
1.5020000000e-13	1.5020000000e-13	0.0000000000e+00
2.0432000000e-14	2.0432000000e-14	0.0000000000e+00
2.7917000000e-14	2.7917000000e-14	0.0000000000e+00
1.3194000000e-13	1.3194000000e-13	0.0000000000e+00
9.5612000000e-11	9.5612000000e-11	0.0000000000e+00
3.6099000000e-08	3.6099000000e-08	0.0000000000e+00
5.8819000000e-06	5.8819000000e-06	0.0000000000e+00
5.4846000000e-04	5.4846000000e-04	0.0000000000e+00
1.3703000000e-02	1.3703000000e-02	0.0000000000e+00
6.7827000000e-02	6.7827000000e-02	0.0000000000e+00
1.5117000000e-01	1.5117000000e-01	0.0000000000e+00
1.1292000000e-01	1.1292000000e-01	0.0000000000e+00
5.4205000000e-02	5.4205000000e-02	0.0000000000e+00
1.3621000000e-02	1.3621000000e-02	0.0000000000e+00
2.6373000000e-03	2.6373000000e-03	0.0000000000e+00
3.6859000000e-04	3.6859000000e-04	0.0000000000e+00
2.5346000000e-05	2.5346000000e-05	0.0000000000e+00
2.5636000000e-06	2.5636000000e-06	0.0000000000e+00
1.6462000000e-07	1.6462000000e-07	0.0000000000e+00
1.0618000000e-08	1.0618000000e-08	0.0000000000e+00
3.8211000000e-08	3.8211000000e-08	0.0000000000e+00
8.1720000000e-10	8.1720000000e-10	0.0000000000e+00
1.1216000000e-08	1.1216000000e-08	0.0000000000e+00
7.8983000000e-08	7.8983000000e-08	0.0000000000e+00
9.6400000000e-08	9.6400000000e-08	0.0000000000e+00
1.3471000000e-07	1.3471000000e-07	0.0000000000e+00
1.2573000000e-07	1.2573000000e-07	0.0000000000e+00
1.6860000000e-07	1.6860000000e-07	0.0000000000e+00
2.2206000000e-07	2.2206000000e-07	0.0000000000e+00
2.3422000000e-07	2.3422000000e-07	0.0000000000e+00
2.3964000000e-07	2.3964000000e-07	0.0000000000e+00
2.5756000000e-07	2.5756000000e-07	0.0000000000e+00
2.5511000000e-07	2.5511000000e-07	0.0000000000e+00
2.7279000000e-07	2.7279000000e-07	0.0000000000e+00
7.4374000000e-08	7.4374000000e-08	0.0000000000e+00
9.4093000000e-08	9.4093000000e-08	0.0000000000e+00
3.8871000000e-08	3.8871000000e-08	0.0000000000e+00
3.9685000000e-09	3.9685000000e-09	0.0000000000e+00
1.3570000000e-07	1.3570000000e-07	0.0000000000e+00
1.8129000000e-07	1.8129000000e-07	0.0000000000e+00
2.7508000000e-07	2.7508000000e-07	0.0000000000e+00
2.9255000000e-07	2.9255000000e-07	0.0000000000e+00
8.6553000000e-07	8.6553000000e-07	0.0000000000e+00
1.0057000000e-06	1.0057000000e-06	0.0000000000e+00
1.2083000000e-06	1.2083000000e-06	0.0000000000e+00
1.6919000000e-06	1.6919000000e-06	0.0000000000e+00
2.2065000000e-06	2.2065000000e-06	0.0000000000e+00
1.7813000000e-06	1.7813000000e-06	0.0000000000e+00
2.0476000000e-06	2.0476000000e-06	0.0000000000e+00
2.3992000000e-06	2.3992000000e-06	0.0000000000e+00
3.0409000000e-06	3.0409000000e-06	0.0000000000e+00
3.4188000000e-06	3.4188000000e-06	0.0000000000e+00
3.8329000000e-06	3.8329000000e-06	0.0000000000e+00
4.0950000000e-06	4.0950000000e-06	0.0000000000e+00
5.0446000000e-06	5.0446000000e-06	0.0000000000e+00
5.5116000000e-06	5.5116000000e-06	0.0000000000e+00
6.0959000000e-06	6.0959000000e-06	0.0000000000e+00
6.5566000000e-06	6.5567000000e-06	-6.6237252547e-06
6.0787000000e-06	6.0787000000e-06	0.0000000000e+00
6.5198000000e-06	6.5198000000e-06	0.0000000000e+00
5.9781000000e-06	5.9781000000e-06	0.0000000000e+00
6.3198000000e-06	6.3198000000e-06	0.0000000000e+00
5.9459000000e-06	5.9459000000e-06	0.0000000000e+00
5.5589000000e-06	5.5589000000e-06	0.0000000000e+00
5.1672000000e-06	5.1672000000e-06	0.0000000000e+00
4.7781000000e-06	4.7781000000e-06	0.0000000000e+00
4.3977000000e-06	4.3977000000e-06	0.0000000000e+00
4.0312000000e-06	4.0312000000e-06	0.0000000000e+00
3.6821000000e-06	3.6821000000e-06	0.0000000000e+00
3.3532000000e-06	3.3532000000e-06	0.0000000000e+00
3.0460000000e-06	3.0460000000e-06	0.0000000000e+00
2.7615000000e-06	2.7615000000e-06	0.0000000000e+00
2.4996000000e-06	2.4996000000e-06	0.0000000000e+00
2.2601000000e-06	2.2601000000e-06	0.0000000000e+00
2.0420000000e-06	2.0420000000e-06	0.0000000000e+00
1.8443000000e-06	1.8443000000e-06	0.0000000000e+00
1.6656000000e-06	1.6656000000e-06	0.0000000000e+00
1.5047000000e-06	1.5047000000e-06	0.0000000000e+00
1.3601000000e-06	1.3601000000e-06	0.0000000000e+00
6.6632000000e-19	6.6632000000e-19	0.0000000000e+00
1.6395000000e-18	1.6395000000e-18	0.0000000000e+00
3.8122000000e-18	3.8122000000e-18	0.0000000000e+00
8.4674000000e-18	8.4674000000e-18	0.0000000000e+00
1.8049000000e-17	1.8049000000e-17	0.0000000000e+00
3.6642000000e-17	3.6642000000e-17	0.0000000000e+00
7.0544000000e-17	7.0544000000e-17	0.0000000000e+00
1.2744000000e-16	1.2744000000e-16	0.0000000000e+00
2.1496000000e-16	2.1496000000e-16	0.0000000000e+00
2.6724000000e-16	2.6724000000e-16	0.0000000000e+00
4.0454000000e-16	4.0454000000e-16	0.0000000000e+00
6.2005000000e-16	6.2005000000e-16	0.0000000000e+00
9.3977000000e-16	9.3977000000e-16	0.0000000000e+00
1.4531000000e-15	1.4531000000e-15	0.0000000000e+00
1.4929000000e-15	1.4929000000e-15	0.0000000000e+00
2.6763000000e-15	2.6763000000e-15	0.0000000000e+00
2.5033000000e-14	2.5033000000e-14	0.0000000000e+00
1.8976000000e-14	1.8976000000e-14	0.0000000000e+00
1.6005000000e-14	1.6005000000e-14	0.0000000000e+00
3.8904000000e-13	3.8904000000e-13	0.0000000000e+00
8.0177000000e-13	8.0177000000e-13	0.0000000000e+00
2.9604000000e-13	2.9604000000e-13	0.0000000000e+00
2.6973000000e-13	2.6973000000e-13	0.0000000000e+00
6.0387000000e-14	6.0387000000e-14	0.0000000000e+00
1.8883000000e-13	1.8883000000e-13	0.0000000000e+00
4.2897000000e-13	4.2897000000e-13	0.0000000000e+00
1.5624000000e-10	1.5624000000e-10	0.0000000000e+00
4.1769000000e-08	4.1769000000e-08	0.0000000000e+00
6.0524000000e-06	6.0524000000e-06	0.0000000000e+00
3.3884000000e-04	3.3884000000e-04	0.0000000000e+00
5.9504000000e-03	5.9504000000e-03	0.0000000000e+00
4.8576000000e-02	4.8576000000e-02	0.0000000000e+00
1.9245000000e-01	1.9245000000e-01	0.0000000000e+00
2.1638000000e-01	2.1638000000e-01	0.0000000000e+00
1.3822000000e-01	1.3822000000e-01	0.0000000000e+00
5.0497000000e-02	5.0497000000e-02	0.0000000000e+00
1.3082000000e-02	1.3082000000e-02	0.0000000000e+00
2.5859000000e-03	2.5859000000e-03	0.0000000000e+00
2.9216000000e-04	2.9216000000e-04	0.0000000000e+00
3.2954000000e-05	3.2954000000e-05	0.0000000000e+00
2.8934000000e-06	2.8934000000e-06	0.0000000000e+00
1.6770000000e-07	1.6770000000e-07	0.0000000000e+00
4.0510000000e-08	4.0510000000e-08	0.0000000000e+00
4.8806000000e-08	4.8806000000e-08	0.0000000000e+00
7.9323000000e-08	7.9323000000e-08	0.0000000000e+00
1.4324000000e-07	1.4324000000e-07	0.0000000000e+00
1.7933000000e-07	1.7933000000e-07	0.0000000000e+00
2.6967000000e-07	2.6967000000e-07	0.0000000000e+00
3.0862000000e-07	3.0862000000e-07	0.0000000000e+00
3.3639000000e-07	3.3639000000e-07	0.0000000000e+00
4.3541000000e-07	4.3541000000e-07	0.0000000000e+00
3.9768000000e-07	3.9768000000e-07	0.0000000000e+00
4.2234000000e-07	4.2234000000e-07	0.0000000000e+00
3.6740000000e-08	3.6740000000e-08	0.0000000000e+00
4.8833000000e-07	4.8833000000e-07	0.0000000000e+00
2.6361000000e-07	2.6361000000e-07	0.0000000000e+00
1.6831000000e-07	1.6831000000e-07	0.0000000000e+00
1.9088000000e-07	1.9088000000e-07	0.0000000000e+00
7.8349000000e-08	7.8349000000e-08	0.0000000000e+00
9.4556000000e-08	9.4556000000e-08	0.0000000000e+00
1.2406000000e-07	1.2406000000e-07	0.0000000000e+00
3.6917000000e-07	3.6917000000e-07	0.0000000000e+00
4.1936000000e-07	4.1936000000e-07	0.0000000000e+00
4.6395000000e-07	4.6395000000e-07	0.0000000000e+00
1.3150000000e-06	1.3150000000e-06	0.0000000000e+00
1.6298000000e-06	1.6298000000e-06	0.0000000000e+00
2.6127000000e-06	2.6127000000e-06	0.0000000000e+00
2.8692000000e-06	2.8692000000e-06	0.0000000000e+00
2.8912000000e-06	2.8912000000e-06	0.0000000000e+00
3.7547000000e-06	3.7547000000e-06	0.0000000000e+00
3.4016000000e-06	3.4016000000e-06	0.0000000000e+00
4.0751000000e-06	4.0751000000e-06	0.0000000000e+00
4.3925000000e-06	4.3925000000e-06	0.0000000000e+00
5.5076000000e-06	5.5076000000e-06	0.0000000000e+00
6.5312000000e-06	6.5312000000e-06	0.0000000000e+00
7.0285000000e-06	7.0285000000e-06	0.0000000000e+00
7.6679000000e-06	7.6679000000e-06	0.0000000000e+00
7.9862000000e-06	7.9862000000e-06	0.0000000000e+00
8.1477000000e-06	8.1477000000e-06	0.0000000000e+00
1.0862000000e-05	1.0862000000e-05	0.0000000000e+00
1.0964000000e-05	1.0964000000e-05	0.0000000000e+00
1.0446000000e-05	1.0446000000e-05	0.0000000000e+00
1.0960000000e-05	1.0960000000e-05	0.0000000000e+00
1.0741000000e-05	1.0741000000e-05	0.0000000000e+00
1.0082000000e-05	1.0082000000e-05	0.0000000000e+00
9.4020000000e-06	9.4020000000e-06	0.0000000000e+00
8.7158000000e-06	8.7158000000e-06	0.0000000000e+00
8.0361000000e-06	8.0361000000e-06	0.0000000000e+00
7.3736000000e-06	7.3736000000e-06	0.0000000000e+00
6.7367000000e-06	6.7367000000e-06	0.0000000000e+00
6.1320000000e-06	6.1320000000e-06	0.0000000000e+00
5.5638000000e-06	5.5638000000e-06	0.0000000000e+00
5.0348000000e-06	5.0348000000e-06	0.0000000000e+00
4.5462000000e-06	4.5462000000e-06	0.0000000000e+00
4.0980000000e-06	4.0980000000e-06	0.0000000000e+00
3.6893000000e-06	3.6893000000e-06	0.0000000000e+00
3.3184000000e-06	3.3184000000e-06	0.0000000000e+00
2.9834000000e-06	2.9834000000e-06	0.0000000000e+00
2.6817000000e-06	2.6817000000e-06	0.0000000000e+00
2.4110000000e-06	2.4110000000e-06	0.0000000000e+00
2.1686000000e-06	2.1686000000e-06	0.0000000000e+00
1.0561000000e-18	1.0561000000e-18	0.0000000000e+00
2.6486000000e-18	2.6486000000e-18	0.0000000000e+00
6.2557000000e-18	6.2557000000e-18	0.0000000000e+00
1.4155000000e-17	1.4155000000e-17	0.0000000000e+00
3.0641000000e-17	3.0641000000e-17	0.0000000000e+00
6.3384000000e-17	6.3384000000e-17	0.0000000000e+00
1.2441000000e-16	1.2441000000e-16	0.0000000000e+00
2.3004000000e-16	2.3004000000e-16	0.0000000000e+00
3.9659000000e-16	3.9659000000e-16	0.0000000000e+00
5.0350000000e-16	5.0350000000e-16	0.0000000000e+00
7.5949000000e-16	7.5949000000e-16	0.0000000000e+00
1.1929000000e-15	1.1929000000e-15	0.0000000000e+00
1.9050000000e-15	1.9050000000e-15	0.0000000000e+00
3.3311000000e-15	3.3311000000e-15	0.0000000000e+00
6.8918000000e-15	6.8918000000e-15	0.0000000000e+00
1.9756000000e-14	1.9756000000e-14	0.0000000000e+00
4.7551000000e-14	4.7551000000e-14	0.0000000000e+00
1.5056000000e-14	1.5056000000e-14	0.0000000000e+00
5.7137000000e-14	5.7137000000e-14	0.0000000000e+00
1.1319000000e-12	1.1319000000e-12	0.0000000000e+00
1.2498000000e-13	1.2498000000e-13	0.0000000000e+00
5.8705000000e-13	5.8704000000e-13	7.3979759970e-06
1.4167000000e-12	1.4167000000e-12	0.0000000000e+00
1.7298000000e-13	1.7298000000e-13	0.0000000000e+00
3.9691000000e-12	3.9691000000e-12	0.0000000000e+00
1.1324000000e-12	1.1324000000e-12	0.0000000000e+00
9.0735000000e-11	9.0735000000e-11	0.0000000000e+00
2.2246000000e-08	2.2246000000e-08	0.0000000000e+00
3.0974000000e-06	3.0974000000e-06	0.0000000000e+00
1.7380000000e-04	1.7380000000e-04	0.0000000000e+00
3.7501000000e-03	3.7501000000e-03	0.0000000000e+00
3.1226000000e-02	3.1226000000e-02	0.0000000000e+00
1.2817000000e-01	1.2817000000e-01	0.0000000000e+00
2.2435000000e-01	2.2435000000e-01	0.0000000000e+00
2.4259000000e-01	2.4259000000e-01	0.0000000000e+00
1.2068000000e-01	1.2068000000e-01	0.0000000000e+00
4.3928000000e-02	4.3928000000e-02	0.0000000000e+00
1.0666000000e-02	1.0666000000e-02	0.0000000000e+00
1.8719000000e-03	1.8719000000e-03	0.0000000000e+00
2.3574000000e-04	2.3574000000e-04	0.0000000000e+00
2.9991000000e-05	2.9991000000e-05	0.0000000000e+00
2.8117000000e-06	2.8117000000e-06	0.0000000000e+00
1.9659000000e-07	1.9659000000e-07	0.0000000000e+00
7.2424000000e-08	7.2424000000e-08	0.0000000000e+00
2.3489000000e-07	2.3489000000e-07	0.0000000000e+00
2.8752000000e-07	2.8752000000e-07	0.0000000000e+00
3.6140000000e-07	3.6140000000e-07	0.0000000000e+00
4.5261000000e-07	4.5261000000e-07	0.0000000000e+00
6.3562000000e-07	6.3562000000e-07	0.0000000000e+00
6.0157000000e-07	6.0157000000e-07	0.0000000000e+00
8.0214000000e-07	8.0214000000e-07	0.0000000000e+00
8.3793000000e-07	8.3793000000e-07	0.0000000000e+00
8.6638000000e-07	8.6638000000e-07	0.0000000000e+00
2.3239000000e-07	2.3239000000e-07	0.0000000000e+00
4.0229000000e-07	4.0229000000e-07	0.0000000000e+00
8.0593000000e-07	8.0593000000e-07	0.0000000000e+00
3.9203000000e-07	3.9203000000e-07	0.0000000000e+00
1.4129000000e-07	1.4129000000e-07	0.0000000000e+00
1.2070000000e-07	1.2070000000e-07	0.0000000000e+00
1.8483000000e-07	1.8483000000e-07	0.0000000000e+00
1.8967000000e-07	1.8967000000e-07	0.0000000000e+00
5.7775000000e-07	5.7775000000e-07	0.0000000000e+00
6.7482000000e-07	6.7482000000e-07	0.0000000000e+00
9.1822000000e-07	9.1822000000e-07	0.0000000000e+00
1.2059000000e-06	1.2059000000e-06	0.0000000000e+00
2.6778000000e-06	2.6778000000e-06	0.0000000000e+00
3.6404000000e-06	3.6404000000e-06	0.0000000000e+00
4.1007000000e-06	4.1007000000e-06	0.0000000000e+00
5.0468000000e-06	5.0468000000e-06	0.0000000000e+00
5.9289000000e-06	5.9289000000e-06	0.0000000000e+00
5.5343000000e-06	5.5343000000e-06	0.0000000000e+00
5.9354000000e-06	5.9354000000e-06	0.0000000000e+00
2.2597000000e-06	2.2597000000e-06	0.0000000000e+00
5.7088000000e-06	5.7088000000e-06	0.0000000000e+00
9.6199000000e-06	9.6199000000e-06	0.0000000000e+00
1.0191000000e-05	1.0191000000e-05	0.0000000000e+00
1.1924000000e-05	1.1924000000e-05	0.0000000000e+00
1.3348000000e-05	1.3348000000e-05	0.0000000000e+00
1.3428000000e-05	1.3428000000e-05	0.0000000000e+00
1.6086000000e-05	1.6086000000e-05	0.0000000000e+00
1.4284000000e-05	1.4284000000e-05	0.0000000000e+00
1.8181000000e-05	1.8181000000e-05	0.0000000000e+00
1.7916000000e-05	1.7916000000e-05	0.0000000000e+00
1.8039000000e-05	1.8039000000e-05	0.0000000000e+00
1.6898000000e-05	1.6898000000e-05	0.0000000000e+00
1.5725000000e-05	1.5725000000e-05	0.0000000000e+00
1.4543000000e-05	1.4543000000e-05	0.0000000000e+00
1.3375000000e-05	1.3375000000e-05	0.0000000000e+00
1.2239000000e-05	1.2239000000e-05	0.0000000000e+00
1.1150000000e-05	1.1150000000e-05	0.0000000000e+00
1.0118000000e-05	1.0118000000e-05	0.0000000000e+00
9.1503000000e-06	9.1503000000e-06	0.0000000000e+00
8.2518000000e-06	8.2518000000e-06	0.0000000000e+00
7.4242000000e-06	7.4242000000e-06	0.0000000000e+00
6.6670000000e-06	6.6670000000e-06	0.0000000000e+00
5.9786000000e-06	5.9786000000e-06	0.0000000000e+00
5.3558000000e-06	5.3558000000e-06	0.0000000000e+00
4.7948000000e-06	4.7948000000e-06	0.0000000000e+00
4.2914000000e-06	4.2914000000e-06	0.0000000000e+00
3.8410000000e-06	3.8410000000e-06	0.0000000000e+00
3.4391000000e-06	3.4391000000e-06	0.0000000000e+00
1.6798000000e-18	1.6798000000e-18	0.0000000000e+00
4.2614000000e-18	4.2614000000e-18	0.0000000000e+00
1.0210000000e-17	1.0210000000e-17	0.0000000000e+00
2.3574000000e-17	2.3574000000e-17	0.0000000000e+00
5.2070000000e-17	5.2070000000e-17	0.0000000000e+00
1.1025000000e-16	1.1025000000e-16	0.0000000000e+00
2.2095000000e-16	2.2095000000e-16	0.0000000000e+00
4.1638000000e-16	4.1638000000e-16	0.0000000000e+00
7.3489000000e-16	7.3489000000e-16	0.0000000000e+00
9.7312000000e-16	9.7312000000e-16	0.0000000000e+00
1.4244000000e-15	1.4244000000e-15	0.0000000000e+00
2.2680000000e-15	2.2680000000e-15	0.0000000000e+00
3.7251000000e-15	3.7251000000e-15	0.0000000000e+00
7.0020000000e-15	7.0020000000e-15	0.0000000000e+00
1.6668000000e-14	1.6668000000e-14	0.0000000000e+00
4.7690000000e-14	4.7690000000e-14	0.0000000000e+00
1.6184000000e-13	1.6184000000e-13	0.0000000000e+00
1.5425000000e-13	1.5425000000e-13	0.0000000000e+00
1.1201000000e-12	1.1201000000e-12	0.0000000000e+00
1.6906000000e-12	1.6906000000e-12	0.0000000000e+00
2.2617000000e-12	2.2617000000e-12	0.0000000000e+00
7.6155000000e-12	7.6155000000e-12	0.0000000000e+00
2.7907000000e-12	2.7907000000e-12	0.0000000000e+00
2.4637000000e-12	2.4637000000e-12	0.0000000000e+00
9.5006000000e-12	9.5006000000e-12	0.0000000000e+00
1.5278000000e-12	1.5278000000e-12	0.0000000000e+00
4.2563000000e-11	4.2563000000e-11	0.0000000000e+00
9.0617000000e-09	9.0617000000e-09	0.0000000000e+00
8.6941000000e-07	8.6941000000e-07	0.0000000000e+00
6.0659000000e-05	6.0659000000e-05	0.0000000000e+00
1.5660000000e-03	1.5660000000e-03	0.0000000000e+00
1.5964000000e-02	1.5964000000e-02	0.0000000000e+00
8.2193000000e-02	8.2193000000e-02	0.0000000000e+00
1.9824000000e-01	1.9824000000e-01	0.0000000000e+00
2.6677000000e-01	2.6677000000e-01	0.0000000000e+00
2.0814000000e-01	2.0814000000e-01	0.0000000000e+00
1.0038000000e-01	1.0038000000e-01	0.0000000000e+00
3.5486000000e-02	3.5486000000e-02	0.0000000000e+00
8.6274000000e-03	8.6274000000e-03	0.0000000000e+00
1.3597000000e-03	1.3597000000e-03	0.0000000000e+00
1.7464000000e-04	1.7464000000e-04	0.0000000000e+00
1.8968000000e-05	1.8968000000e-05	0.0000000000e+00
2.6815000000e-06	2.6815000000e-06	0.0000000000e+00
4.1308000000e-07	4.1308000000e-07	0.0000000000e+00
4.6116000000e-07	4.6116000000e-07	0.0000000000e+00
5.9143000000e-07	5.9143000000e-07	0.0000000000e+00
7.1231000000e-07	7.1231000000e-07	0.0000000000e+00
8.2734000000e-07	8.2734000000e-07	0.0000000000e+00
1.2536000000e-06	1.2536000000e-06	0.0000000000e+00
1.1019000000e-06	1.1019000000e-06	0.0000000000e+00
1.3771000000e-06	1.3771000000e-06	0.0000000000e+00
1.7011000000e-06	1.7011000000e-06	0.0000000000e+00
1.5209000000e-06	1.5209000000e-06	0.0000000000e+00
7.1886000000e-07	7.1885000000e-07	6.0414754284e-06
5.6224000000e-07	5.6224000000e-07	0.0000000000e+00
7.1431000000e-07	7.1431000000e-07	0.0000000000e+00
6.7971000000e-07	6.7971000000e-07	0.0000000000e+00
2.8253000000e-07	2.8253000000e-07	0.0000000000e+00
7.3808000000e-07	7.3808000000e-07	0.0000000000e+00
3.1314000000e-07	3.1314000000e-07	0.0000000000e+00
9.0294000000e-07	9.0294000000e-07	0.0000000000e+00
1.1205000000e-06	1.1205000000e-06	0.0000000000e+00
2.2809000000e-07	2.2809000000e-07	0.0000000000e+00
1.5619000000e-06	1.5619000000e-06	0.0000000000e+00
1.8941000000e-06	1.8941000000e-06	0.0000000000e+00
5.4664000000e-06	5.4664000000e-06	0.0000000000e+00
5.6903000000e-06	5.6903000000e-06	0.0000000000e+00
6.8309000000e-06	6.8309000000e-06	0.0000000000e+00
7.7909000000e-06	7.7909000000e-06	0.0000000000e+00
7.6885000000e-06	7.6885000000e-06	0.0000000000e+00
1.7857000000e-06	1.7857000000e-06	0.0000000000e+00
1.9966000000e-06	1.9966000000e-06	0.0000000000e+00
2.8920000000e-06	2.8920000000e-06	0.0000000000e+00
1.1927000000e-05	1.1927000000e-05	0.0000000000e+00
1.3105000000e-05	1.3105000000e-05	0.0000000000e+00
1.3005000000e-05	1.3005000000e-05	0.0000000000e+00
2.1346000000e-05	2.1346000000e-05	0.0000000000e+00
2.6131000000e-05	2.6131000000e-05	0.0000000000e+00
1.7496000000e-05	1.7496000000e-05	0.0000000000e+00
2.9740000000e-05	2.9740000000e-05	0.0000000000e+00
3.1391000000e-05	3.1391000000e-05	0.0000000000e+00
3.0446000000e-05	3.0446000000e-05	0.0000000000e+00
3.0755000000e-05	3.0755000000e-05	0.0000000000e+00
2.9925000000e-05	2.9925000000e-05	0.0000000000e+00
2.7986000000e-05	2.7986000000e-05	0.0000000000e+00
2.5994000000e-05	2.5994000000e-05	0.0000000000e+00
2.3993000000e-05	2.3993000000e-05	0.0000000000e+00
2.2018000000e-05	2.2018000000e-05	0.0000000000e+00
2.0102000000e-05	2.0102000000e-05	0.0000000000e+00
1.8267000000e-05	1.8267000000e-05	0.0000000000e+00
1.6532000000e-05	1.6532000000e-05	0.0000000000e+00
1.4908000000e-05	1.4908000000e-05	0.0000000000e+00
1.3404000000e-05	1.3404000000e-05	0.0000000000e+00
1.2021000000e-05	1.2021000000e-05	0.0000000000e+00
1.0759000000e-05	1.0759000000e-05	0.0000000000e+00
9.6137000000e-06	9.6137000000e-06	0.0000000000e+00
8.5805000000e-06	8.5805000000e-06	0.0000000000e+00
7.6525000000e-06	7.6525000000e-06	0.0000000000e+00
6.8219000000e-06	6.8219000000e-06	0.0000000000e+00
6.0811000000e-06	6.0811000000e-06	0.0000000000e+00
5.4219000000e-06	5.4219000000e-06	0.0000000000e+00
2.6618000000e-18	2.6618000000e-18	0.0000000000e+00
6.8421000000e-18	6.8421000000e-18	0.0000000000e+00
1.6708000000e-17	1.6708000000e-17	0.0000000000e+00
3.9185000000e-17	3.9185000000e-17	0.0000000000e+00
8.8440000000e-17	8.8440000000e-17	0.0000000000e+00
1.9136000000e-16	1.9136000000e-16	0.0000000000e+00
3.9326000000e-16	3.9326000000e-16	0.0000000000e+00
7.6074000000e-16	7.6074000000e-16	0.0000000000e+00
1.3725000000e-15	1.3725000000e-15	0.0000000000e+00
2.0323000000e-15	2.0323000000e-15	0.0000000000e+00
2.6903000000e-15	2.6903000000e-15	0.0000000000e+00
4.2943000000e-15	4.2943000000e-15	0.0000000000e+00
6.9682000000e-15	6.9682000000e-15	0.0000000000e+00
1.2579000000e-14	1.2579000000e-14	0.0000000000e+00
2.8650000000e-14	2.8650000000e-14	0.0000000000e+00
9.2367000000e-14	9.2367000000e-14	0.0000000000e+00
1.3732000000e-13	1.3732000000e-13	0.0000000000e+00
3.9878000000e-12	3.9878000000e-12	0.0000000000e+00
1.5297000000e-12	1.5297000000e-12	0.0000000000e+00
3.6678000000e-13	3.6678000000e-13	0.0000000000e+00
4.4990000000e-12	4.4990000000e-12	0.0000000000e+00
9.5562000000e-12	9.5562000000e-12	0.0000000000e+00
4.9455000000e-12	4.9455000000e-12	0.0000000000e+00
6.5522000000e-12	6.5522000000e-12	0.0000000000e+00
1.2788000000e-11	1.2788000000e-11	0.0000000000e+00
3.6623000000e-11	3.6623000000e-11	0.0000000000e+00
1.6952000000e-11	1.6952000000e-11	0.0000000000e+00
2.9867000000e-09	2.9867000000e-09	0.0000000000e+00
2.1616000000e-07	2.1616000000e-07	0.0000000000e+00
1.6074000000e-05	1.6074000000e-05	0.0000000000e+00
5.6002000000e-04	5.6002000000e-04	0.0000000000e+00
6.9964000000e-03	6.9964000000e-03	0.0000000000e+00
4.2318000000e-02	4.2318000000e-02	0.0000000000e+00
1.3726000000e-01	1.3726000000e-01	0.0000000000e+00
2.4496000000e-01	2.4496000000e-01	0.0000000000e+00
2.7092000000e-01	2.7092000000e-01	0.0000000000e+00
1.8115000000e-01	1.8115000000e-01	0.0000000000e+00
8.2835000000e-02	8.2835000000e-02	0.0000000000e+00
2.5514000000e-02	2.5514000000e-02	0.0000000000e+00
6.1553000000e-03	6.1553000000e-03	0.0000000000e+00
1.2101000000e-03	1.2101000000e-03	0.0000000000e+00
1.5542000000e-04	1.5542000000e-04	0.0000000000e+00
1.7750000000e-05	1.7750000000e-05	0.0000000000e+00
2.9480000000e-06	2.9480000000e-06	0.0000000000e+00
9.8839000000e-07	9.8839000000e-07	0.0000000000e+00
1.0909000000e-06	1.0909000000e-06	0.0000000000e+00
1.2292000000e-06	1.2292000000e-06	0.0000000000e+00
1.4836000000e-06	1.4836000000e-06	0.0000000000e+00
1.9121000000e-06	1.9120000000e-06	2.2713552575e-05
2.1203000000e-06	2.1203000000e-06	0.0000000000e+00
2.7366000000e-06	2.7366000000e-06	0.0000000000e+00
3.0107000000e-06	3.0107000000e-06	0.0000000000e+00
2.8484000000e-06	2.8484000000e-06	0.0000000000e+00
2.5068000000e-06	2.5068000000e-06	0.0000000000e+00
3.4668000000e-07	3.4668000000e-07	0.0000000000e+00
2.6651000000e-06	2.6651000000e-06	0.0000000000e+00
1.1849000000e-06	1.1849000000e-06	0.0000000000e+00
1.1599000000e-06	1.1599000000e-06	0.0000000000e+00
1.1487000000e-06	1.1487000000e-06	0.0000000000e+00
1.4295000000e-06	1.4295000000e-06	0.0000000000e+00
1.0416000000e-06	1.0416000000e-06	0.0000000000e+00
1.4469000000e-06	1.4469000000e-06	0.0000000000e+00
1.0819000000e-06	1.0819000000e-06	0.0000000000e+00
1.2153000000e-06	1.2153000000e-06	0.0000000000e+00
4.0525000000e-06	4.0525000000e-06	0.0000000000e+00
3.7980000000e-06	3.7980000000e-06	0.0000000000e+00
9.3877000000e-06	9.3877000000e-06	0.0000000000e+00
4.1540000000e-06	4.1540000000e-06	0.0000000000e+00
1.1620000000e-05	1.1620000000e-05	0.0000000000e+00
1.0913000000e-06	1.0913000000e-06	0.0000000000e+00
5.6038000000e-06	5.6038000000e-06	0.0000000000e+00
9.6710000000e-07	9.6710000000e-07	0.0000000000e+00
5.8046000000e-06	5.8046000000e-06	0.0000000000e+00
8.1340000000e-06	8.1340000000e-06	0.0000000000e+00
2.2917000000e-05	2.2917000000e-05	0.0000000000e+00
3.0058000000e-05	3.0058000000e-05	0.0000000000e+00
2.5920000000e-05	2.5920000000e-05	0.0000000000e+00
2.3019000000e-05	2.3019000000e-05	0.0000000000e+00
2.1025000000e-05	2.1025000000e-05	0.0000000000e+00
2.2804000000e-05	2.2804000000e-05	0.0000000000e+00
3.6931000000e-05	3.6931000000e-05	0.0000000000e+00
3.0913000000e-05	3.0913000000e-05	0.0000000000e+00
3.7894000000e-05	3.7894000000e-05	0.0000000000e+00
4.9017000000e-05	4.9017000000e-05	0.0000000000e+00
4.5777000000e-05	4.5777000000e-05	0.0000000000e+00
4.2456000000e-05	4.2456000000e-05	0.0000000000e+00
3.9122000000e-05	3.9122000000e-05	0.0000000000e+00
3.5839000000e-05	3.5839000000e-05	0.0000000000e+00
3.2655000000e-05	3.2655000000e-05	0.0000000000e+00
2.9611000000e-05	2.9611000000e-05	0.0000000000e+00
2.6737000000e-05	2.6737000000e-05	0.0000000000e+00
2.4052000000e-05	2.4052000000e-05	0.0000000000e+00
2.1568000000e-05	2.1568000000e-05	0.0000000000e+00
1.9289000000e-05	1.9289000000e-05	0.0000000000e+00
1.7212000000e-05	1.7212000000e-05	0.0000000000e+00
1.5332000000e-05	1.5332000000e-05	0.0000000000e+00
1.3640000000e-05	1.3640000000e-05	0.0000000000e+00
1.2123000000e-05	1.2123000000e-05	0.0000000000e+00
1.0769000000e-05	1.0769000000e-05	0.0000000000e+00
9.5636000000e-06	9.5636000000e-06	0.0000000000e+00
8.4942000000e-06	8.4942000000e-06	0.0000000000e+00
4.1979000000e-18	4.1979000000e-18	0.0000000000e+00
1.0951000000e-17	1.0951000000e-17	0.0000000000e+00
2.7213000000e-17	2.7213000000e-17	0.0000000000e+00
6.5122000000e-17	6.5122000000e-17	0.0000000000e+00
1.4994000000e-16	1.4994000000e-16	0.0000000000e+00
3.3286000000e-16	3.3286000000e-16	0.0000000000e+00
7.0216000000e-16	7.0216000000e-16	0.0000000000e+00
1.3995000000e-15	1.3995000000e-15	0.0000000000e+00
2.6058000000e-15	2.6058000000e-15	0.0000000000e+00
4.4926000000e-15	4.4926000000e-15	0.0000000000e+00
5.2313000000e-15	5.2313000000e-15	0.0000000000e+00
8.3318000000e-15	8.3318000000e-15	0.0000000000e+00
1.3107000000e-14	1.3107000000e-14	0.0000000000e+00
2.0792000000e-14	2.0792000000e-14	0.0000000000e+00
3.4190000000e-14	3.4190000000e-14	0.0000000000e+00
6.9415000000e-14	6.9415000000e-14	0.0000000000e+00
1.6270000000e-13	1.6270000000e-13	0.0000000000e+00
1.0710000000e-12	1.0710000000e-12	0.0000000000e+00
1.9728000000e-12	1.9728000000e-12	0.0000000000e+00
1.7465000000e-12	1.7465000000e-12	0.0000000000e+00
3.9328000000e-12	3.9327000000e-12	1.1043022870e-05
4.3014000000e-12	4.3014000000e-12	0.0000000000e+00
4.3546000000e-11	4.3546000000e-11	0.0000000000e+00
9.5239000000e-12	9.5239000000e-12	0.0000000000e+00
2.3609000000e-11	2.3609000000e-11	0.0000000000e+00
4.4557000000e-11	4.4557000000e-11	0.0000000000e+00
8.6674000000e-12	8.6674000000e-12	0.0000000000e+00
4.4128000000e-10	4.4128000000e-10	0.0000000000e+00
4.6905000000e-08	4.6905000000e-08	0.0000000000e+00
5.6358000000e-06	5.6358000000e-06	0.0000000000e+00
1.6025000000e-04	1.6025000000e-04	0.0000000000e+00
2.5718000000e-03	2.5718000000e-03	0.0000000000e+00
1.9623000000e-02	1.9623000000e-02	0.0000000000e+00
8.1516000000e-02	8.1516000000e-02	0.0000000000e+00
1.9009000000e-01	1.9009000000e-01	0.0000000000e+00
2.7008000000e-01	2.7008000000e-01	0.0000000000e+00
2.4999000000e-01	2.4999000000e-01	0.0000000000e+00
1.5107000000e-01	1.5107000000e-01	0.0000000000e+00
6.3007000000e-02	6.3007000000e-02	0.0000000000e+00
2.0489000000e-02	2.0489000000e-02	0.0000000000e+00
4.4866000000e-03	4.4866000000e-03	0.0000000000e+00
8.2075000000e-04	8.2075000000e-04	0.0000000000e+00
1.4754000000e-04	1.4754000000e-04	0.0000000000e+00
1.7147000000e-05	1.7147000000e-05	0.0000000000e+00
3.5734000000e-06	3.5734000000e-06	0.0000000000e+00
2.1850000000e-06	2.1850000000e-06	0.0000000000e+00
2.7823000000e-06	2.7823000000e-06	0.0000000000e+00
3.0512000000e-06	3.0512000000e-06	0.0000000000e+00
3.2425000000e-06	3.2425000000e-06	0.0000000000e+00
3.9323000000e-06	3.9323000000e-06	0.0000000000e+00
4.3281000000e-06	4.3281000000e-06	0.0000000000e+00
4.9523000000e-06	4.9523000000e-06	0.0000000000e+00
4.3878000000e-06	4.3878000000e-06	0.0000000000e+00
4.4724000000e-06	4.4724000000e-06	0.0000000000e+00
4.3742000000e-06	4.3742000000e-06	0.0000000000e+00
5.2765000000e-06	5.2765000000e-06	0.0000000000e+00
2.0264000000e-06	2.0264000000e-06	0.0000000000e+00
5.6256000000e-06	5.6256000000e-06	0.0000000000e+00
3.1812000000e-06	3.1812000000e-06	0.0000000000e+00
1.4973000000e-06	1.4973000000e-06	0.0000000000e+00
1.0900000000e-06	1.0900000000e-06	0.0000000000e+00
1.4323000000e-06	1.4323000000e-06	0.0000000000e+00
2.2577000000e-06	2.2577000000e-06	0.0000000000e+00
1.1493000000e-06	1.1493000000e-06	0.0000000000e+00
2.6996000000e-06	2.6996000000e-06	0.0000000000e+00
1.3394000000e-06	1.3394000000e-06	0.0000000000e+00
6.2660000000e-06	6.2660000000e-06	0.0000000000e+00
5.1375000000e-06	5.1375000000e-06	0.0000000000e+00
7.8906000000e-06	7.8906000000e-06	0.0000000000e+00
8.7964000000e-07	8.7964000000e-07	0.0000000000e+00
1.2046000000e-06	1.2046000000e-06	0.0000000000e+00
7.1457000000e-06	7.1457000000e-06	0.0000000000e+00
9.1322000000e-06	9.1322000000e-06	0.0000000000e+00
1.2700000000e-05	1.2700000000e-05	0.0000000000e+00
3.2356000000e-05	3.2356000000e-05	0.0000000000e+00
1.3499000000e-05	1.3499000000e-05	0.0000000000e+00
1.3083000000e-05	1.3083000000e-05	0.0000000000e+00
3.7927000000e-05	3.7927000000e-05	0.0000000000e+00
2.5260000000e-05	2.5260000000e-05	0.0000000000e+00
1.5265000000e-05	1.5265000000e-05	0.0000000000e+00
5.0097000000e-05	5.0097000000e-05	0.0000000000e+00
3.8418000000e-05	3.8418000000e-05	0.0000000000e+00
3.7214000000e-05	3.7214000000e-05	0.0000000000e+00
4.8467000000e-05	4.8467000000e-05	0.0000000000e+00
7.3933000000e-05	7.3933000000e-05	0.0000000000e+00
6.8487000000e-05	6.8487000000e-05	0.0000000000e+00
6.3028000000e-05	6.3028000000e-05	0.0000000000e+00
5.7654000000e-05	5.7653000000e-05	7.5328381090e-06
5.2448000000e-05	5.2448000000e-05	0.0000000000e+00
4.7476000000e-05	4.7476000000e-05	0.0000000000e+00
4.2786000000e-05	4.2786000000e-05	0.0000000000e+00
3.8410000000e-05	3.8410000000e-05	0.0000000000e+00
3.4366000000e-05	3.4366000000e-05	0.0000000000e+00
3.0660000000e-05	3.0660000000e-05	0.0000000000e+00
2.7289000000e-05	2.7289000000e-05	0.0000000000e+00
2.4243000000e-05	2.4243000000e-05	0.0000000000e+00
2.1504000000e-05	2.1504000000e-05	0.0000000000e+00
1.9055000000e-05	1.9055000000e-05	0.0000000000e+00
1.6872000000e-05	1.6872000000e-05	0.0000000000e+00
1.4934000000e-05	1.4934000000e-05	0.0000000000e+00
1.3219000000e-05	1.3219000000e-05	0.0000000000e+00
6.6030000000e-18	6.6030000000e-18	0.0000000000e+00
1.7457000000e-17	1.7457000000e-17	0.0000000000e+00
4.4077000000e-17	4.4077000000e-17	0.0000000000e+00
1.0745000000e-16	1.0745000000e-16	0.0000000000e+00
2.5340000000e-16	2.5340000000e-16	0.0000000000e+00
5.7609000000e-16	5.7609000000e-16	0.0000000000e+00
1.2517000000e-15	1.2517000000e-15	0.0000000000e+00
2.5786000000e-15	2.5786000000e-15	0.0000000000e+00
4.9970000000e-15	4.9970000000e-15	0.0000000000e+00
8.9881000000e-15	8.9881000000e-15	0.0000000000e+00
1.1342000000e-14	1.1342000000e-14	0.0000000000e+00
1.7156000000e-14	1.7156000000e-14	0.0000000000e+00
2.7182000000e-14	2.7182000000e-14	0.0000000000e+00
4.0168000000e-14	4.0168000000e-14	0.0000000000e+00
3.5190000000e-14	3.5190000000e-14	0.0000000000e+00
4.1704000000e-14	4.1704000000e-14	0.0000000000e+00
6.2807000000e-13	6.2807000000e-13	0.0000000000e+00
1.3821000000e-12	1.3821000000e-12	0.0000000000e+00
2.6271000000e-11	2.6271000000e-11	0.0000000000e+00
1.8982000000e-11	1.8982000000e-11	0.0000000000e+00
1.6677000000e-11	1.6677000000e-11	0.0000000000e+00
8.0635000000e-12	8.0635000000e-12	0.0000000000e+00
1.2080000000e-11	1.2080000000e-11	0.0000000000e+00
3.0898000000e-11	3.0898000000e-11	0.0000000000e+00
3.1324000000e-11	3.1324000000e-11	0.0000000000e+00
9.2156000000e-11	9.2156000000e-11	0.0000000000e+00
1.1020000000e-11	1.1020000000e-11	0.0000000000e+00
2.3135000000e-10	2.3135000000e-10	0.0000000000e+00
1.0252000000e-08	1.0252000000e-08	0.0000000000e+00
9.0926000000e-07	9.0926000000e-07	0.0000000000e+00
2.2710000000e-05	2.2710000000e-05	0.0000000000e+00
6.8145000000e-04	6.8145000000e-04	0.0000000000e+00
7.6231000000e-03	7.6231000000e-03	0.0000000000e+00
4.0267000000e-02	4.0267000000e-02	0.0000000000e+00
1.2584000000e-01	1.2584000000e-01	0.0000000000e+00
2.3158000000e-01	2.3158000000e-01	0.0000000000e+00
2.7953000000e-01	2.7953000000e-01	0.0000000000e+00
2.2181000000e-01	2.2181000000e-01	0.0000000000e+00
1.2487000000e-01	1.2487000000e-01	0.0000000000e+00
5.0234000000e-02	5.0234000000e-02	0.0000000000e+00
1.5976000000e-02	1.5976000000e-02	0.0000000000e+00
3.9599000000e-03	3.9599000000e-03	0.0000000000e+00
8.0975000000e-04	8.0975000000e-04	0.0000000000e+00
1.3401000000e-04	1.3401000000e-04	0.0000000000e+00
2.0969000000e-05	2.0969000000e-05	0.0000000000e+00
5.3430000000e-06	5.3430000000e-06	0.0000000000e+00
4.2025000000e-06	4.2025000000e-06	0.0000000000e+00
4.5807000000e-06	4.5807000000e-06	0.0000000000e+00
6.8291000000e-06	6.8291000000e-06	0.0000000000e+00
7.7082000000e-06	7.7082000000e-06	0.0000000000e+00
8.5823000000e-06	8.5823000000e-06	0.0000000000e+00
8.5148000000e-06	8.5148000000e-06	0.0000000000e+00
8.3455000000e-06	8.3455000000e-06	0.0000000000e+00
8.3496000000e-06	8.3495000000e-06	5.2014118354e-06
8.6269000000e-06	8.6269000000e-06	0.0000000000e+00
8.4673000000e-06	8.4673000000e-06	0.0000000000e+00
9.2617000000e-06	9.2617000000e-06	0.0000000000e+00
3.5398000000e-06	3.5398000000e-06	0.0000000000e+00
1.5415000000e-06	1.5415000000e-06	0.0000000000e+00
2.0171000000e-06	2.0171000000e-06	0.0000000000e+00
2.0997000000e-06	2.0997000000e-06	0.0000000000e+00
9.1661000000e-08	9.1661000000e-08	0.0000000000e+00
1.9212000000e-06	1.9212000000e-06	0.0000000000e+00
1.5334000000e-06	1.5334000000e-06	0.0000000000e+00
3.0504000000e-06	3.0504000000e-06	0.0000000000e+00
6.8606000000e-07	6.8606000000e-07	0.0000000000e+00
5.4996000000e-06	5.4996000000e-06	0.0000000000e+00
5.4927000000e-06	5.4927000000e-06	0.0000000000e+00
1.1520000000e-05	1.1520000000e-05	0.0000000000e+00
9.2547000000e-06	9.2547000000e-06	0.0000000000e+00
4.2602000000e-06	4.2602000000e-06	0.0000000000e+00
4.0163000000e-06	4.0163000000e-06	0.0000000000e+00
1.3002000000e-05	1.3002000000e-05	0.0000000000e+00
2.5333000000e-05	2.5333000000e-05	0.0000000000e+00
2.1379000000e-05	2.1379000000e-05	0.0000000000e+00
1.6411000000e-05	1.6411000000e-05	0.0000000000e+00
5.9567000000e-05	5.9567000000e-05	0.0000000000e+00
7.9243000000e-05	7.9243000000e-05	0.0000000000e+00
1.8492000000e-05	1.8492000000e-05	0.0000000000e+00
2.8152000000e-05	2.8152000000e-05	0.0000000000e+00
3.0993000000e-05	3.0993000000e-05	0.0000000000e+00
4.2869000000e-05	4.2869000000e-05	0.0000000000e+00
5.3590000000e-05	5.3590000000e-05	0.0000000000e+00
7.1717000000e-05	7.1717000000e-05	0.0000000000e+00
1.0305000000e-04	1.0305000000e-04	0.0000000000e+00
1.0908000000e-04	1.0908000000e-04	0.0000000000e+00
1.0029000000e-04	1.0029000000e-04	0.0000000000e+00
9.1634000000e-05	9.1634000000e-05	0.0000000000e+00
8.3256000000e-05	8.3256000000e-05	0.0000000000e+00
7.5258000000e-05	7.5258000000e-05	0.0000000000e+00
6.7719000000e-05	6.7719000000e-05	0.0000000000e+00
6.0690000000e-05	6.0690000000e-05	0.0000000000e+00
5.4200000000e-05	5.4199000000e-05	8.0128872391e-06
4.8258000000e-05	4.8258000000e-05	0.0000000000e+00
4.2859000000e-05	4.2859000000e-05	0.0000000000e+00
3.7985000000e-05	3.7985000000e-05	0.0000000000e+00
3.3611000000e-05	3.3611000000e-05	0.0000000000e+00
2.9704000000e-05	2.9704000000e-05	0.0000000000e+00
2.6228000000e-05	2.6228000000e-05	0.0000000000e+00
2.3147000000e-05	2.3147000000e-05	0.0000000000e+00
2.0425000000e-05	2.0425000000e-05	0.0000000000e+00
1.0350000000e-17	1.0350000000e-17	0.0000000000e+00
2.7608000000e-17	2.7608000000e-17	0.0000000000e+00
7.0727000000e-17	7.0727000000e-17	0.0000000000e+00
1.7637000000e-16	1.7637000000e-16	0.0000000000e+00
4.2523000000e-16	4.2523000000e-16	0.0000000000e+00
9.9078000000e-16	9.9078000000e-16	0.0000000000e+00
2.2243000000e-15	2.2243000000e-15	0.0000000000e+00
4.7484000000e-15	4.7484000000e-15	0.0000000000e+00
9.6206000000e-15	9.6206000000e-15	0.0000000000e+00
1.8319000000e-14	1.8319000000e-14	0.0000000000e+00
3.2880000000e-14	3.2880000000e-14	0.0000000000e+00
3.8829000000e-14	3.8829000000e-14	0.0000000000e+00
6.4250000000e-14	6.4250000000e-14	0.0000000000e+00
1.0522000000e-13	1.0522000000e-13	0.0000000000e+00
1.7588000000e-13	1.7589000000e-13	-2.4691956791e-05
4.8031000000e-13	4.8030000000e-13	9.0420562334e-06
1.2002000000e-11	1.2002000000e-11	0.0000000000e+00
2.4712000000e-12	2.4712000000e-12	0.0000000000e+00
5.1221000000e-11	5.1221000000e-11	0.0000000000e+00
4.4086000000e-12	4.4086000000e-12	0.0000000000e+00
5.8192000000e-12	5.8192000000e-12	0.0000000000e+00
1.9741000000e-11	1.9741000000e-11	0.0000000000e+00
1.0869000000e-10	1.0869000000e-10	0.0000000000e+00
3.2232000000e-11	3.2232000000e-11	0.0000000000e+00
7.6346000000e-11	7.6346000000e-11	0.0000000000e+00
1.6319000000e-10	1.6319000000e-10	0.0000000000e+00
1.6190000000e-11	1.6190000000e-11	0.0000000000e+00
1.4315000000e-10	1.4315000000e-10	0.0000000000e+00
1.8545000000e-09	1.8545000000e-09	0.0000000000e+00
1.2427000000e-07	1.2427000000e-07	0.0000000000e+00
8.4291000000e-06	8.4291000000e-06	0.0000000000e+00
2.1056000000e-04	2.1056000000e-04	0.0000000000e+00
2.4372000000e-03	2.4372000000e-03	0.0000000000e+00
1.6856000000e-02	1.6856000000e-02	0.0000000000e+00
6.7328000000e-02	6.7328000000e-02	0.0000000000e+00
1.6312000000e-01	1.6312000000e-01	0.0000000000e+00
2.5718000000e-01	2.5718000000e-01	0.0000000000e+00
2.6622000000e-01	2.6622000000e-01	0.0000000000e+00
1.9681000000e-01	1.9681000000e-01	0.0000000000e+00
1.0436000000e-01	1.0436000000e-01	0.0000000000e+00
4.1546000000e-02	4.1546000000e-02	0.0000000000e+00
1.3013000000e-02	1.3013000000e-02	0.0000000000e+00
3.3704000000e-03	3.3704000000e-03	0.0000000000e+00
7.1615000000e-04	7.1615000000e-04	0.0000000000e+00
1.3166000000e-04	1.3166000000e-04	0.0000000000e+00
2.5693000000e-05	2.5693000000e-05	0.0000000000e+00
1.0572000000e-05	1.0572000000e-05	0.0000000000e+00
1.1668000000e-05	1.1668000000e-05	0.0000000000e+00
1.2199000000e-05	1.2199000000e-05	0.0000000000e+00
1.2645000000e-05	1.2645000000e-05	0.0000000000e+00
1.3775000000e-05	1.3775000000e-05	0.0000000000e+00
1.3489000000e-05	1.3489000000e-05	0.0000000000e+00
1.3462000000e-05	1.3462000000e-05	0.0000000000e+00
1.3858000000e-05	1.3858000000e-05	0.0000000000e+00
1.4331000000e-05	1.4331000000e-05	0.0000000000e+00
1.4354000000e-05	1.4354000000e-05	0.0000000000e+00
6.3681000000e-06	6.3681000000e-06	0.0000000000e+00
6.3089000000e-06	6.3089000000e-06	0.0000000000e+00
9.4578000000e-06	9.4578000000e-06	0.0000000000e+00
1.5288000000e-06	1.5288000000e-06	0.0000000000e+00
8.4447000000e-08	8.4447000000e-08	0.0000000000e+00
5.9103000000e-09	5.9103000000e-09	0.0000000000e+00
1.6402000000e-06	1.6402000000e-06	0.0000000000e+00
1.9380000000e-06	1.9380000000e-06	0.0000000000e+00
1.3911000000e-07	1.3911000000e-07	0.0000000000e+00
3.4501000000e-07	3.4501000000e-07	0.0000000000e+00
9.4946000000e-06	9.4946000000e-06	0.0000000000e+00
1.7602000000e-05	1.7602000000e-05	0.0000000000e+00
2.0375000000e-06	2.0375000000e-06	0.0000000000e+00
2.5610000000e-06	2.5610000000e-06	0.0000000000e+00
6.7182000000e-06	6.7182000000e-06	0.0000000000e+00
3.4115000000e-06	3.4115000000e-06	0.0000000000e+00
3.1851000000e-05	3.1851000000e-05	0.0000000000e+00
4.4433000000e-05	4.4433000000e-05	0.0000000000e+00
3.7918000000e-05	3.7918000000e-05	0.0000000000e+00
6.2790000000e-05	6.2790000000e-05	0.0000000000e+00
5.1772000000e-05	5.1772000000e-05	0.0000000000e+00
3.8068000000e-05	3.8068000000e-05	0.0000000000e+00
9.2652000000e-06	9.2652000000e-06	0.0000000000e+00
3.7221000000e-05	3.7221000000e-05	0.0000000000e+00
4.3246000000e-05	4.3246000000e-05	0.0000000000e+00
3.9990000000e-05	3.9990000000e-05	0.0000000000e+00
8.9549000000e-05	8.9549000000e-05	0.0000000000e+00
1.2045000000e-04	1.2045000000e-04	0.0000000000e+00
1.5480000000e-04	1.5480000000e-04	0.0000000000e+00
1.0380000000e-04	1.0380000000e-04	0.0000000000e+00
1.5756000000e-04	1.5756000000e-04	0.0000000000e+00
1.4385000000e-04	1.4385000000e-04	0.0000000000e+00
1.3058000000e-04	1.3058000000e-04	0.0000000000e+00
1.1791000000e-04	1.1791000000e-04	0.0000000000e+00
1.0597000000e-04	1.0597000000e-04	0.0000000000e+00
9.4847000000e-05	9.4847000000e-05	0.0000000000e+00
8.4579000000e-05	8.4579000000e-05	0.0000000000e+00
7.5184000000e-05	7.5184000000e-05	0.0000000000e+00
6.6654000000e-05	6.6654000000e-05	0.0000000000e+00
5.8960000000e-05	5.8960000000e-05	0.0000000000e+00
5.2061000000e-05	5.2061000000e-05	0.0000000000e+00
4.5905000000e-05	4.5905000000e-05	0.0000000000e+00
4.0436000000e-05	4.0436000000e-05	0.0000000000e+00
3.5596000000e-05	3.5596000000e-05	0.0000000000e+00
3.1324000000e-05	3.1324000000e-05	0.0000000000e+00
1.6058000000e-17	1.6058000000e-17	0.0000000000e+00
4.3289000000e-17	4.3289000000e-17	0.0000000000e+00
1.1268000000e-16	1.1268000000e-16	0.0000000000e+00
2.8531000000e-16	2.8531000000e-16	0.0000000000e+00
7.0401000000e-16	7.0401000000e-16	0.0000000000e+00
1.6869000000e-15	1.6869000000e-15	0.0000000000e+00
3.8926000000e-15	3.8926000000e-15	0.0000000000e+00
8.6533000000e-15	8.6533000000e-15	0.0000000000e+00
1.8353000000e-14	1.8353000000e-14	0.0000000000e+00
3.7267000000e-14	3.7267000000e-14	0.0000000000e+00
7.2498000000e-14	7.2498000000e-14	0.0000000000e+00
1.3717000000e-13	1.3717000000e-13	0.0000000000e+00
1.7658000000e-13	1.7658000000e-13	0.0000000000e+00
3.1088000000e-13	3.1088000000e-13	0.0000000000e+00
6.5259000000e-13	6.5259000000e-13	0.0000000000e+00
2.0448000000e-12	2.0448000000e-12	0.0000000000e+00
9.6365000000e-11	9.6365000000e-11	0.0000000000e+00
1.0070000000e-10	1.0070000000e-10	0.0000000000e+00
1.3087000000e-10	1.3087000000e-10	0.0000000000e+00
5.4644000000e-12	5.4644000000e-12	0.0000000000e+00
1.9499000000e-11	1.9499000000e-11	0.0000000000e+00
3.1250000000e-11	3.1250000000e-11	0.0000000000e+00
3.2742000000e-11	3.2742000000e-11	0.0000000000e+00
5.6612000000e-11	5.6611000000e-11	7.6714886890e-06
1.1457000000e-10	1.1457000000e-10	0.0000000000e+00
5.0850000000e-11	5.0850000000e-11	0.0000000000e+00
2.5911000000e-10	2.5911000000e-10	0.0000000000e+00
1.3585000000e-10	1.3585000000e-10	0.0000000000e+00
6.4422000000e-10	6.4422000000e-10	0.0000000000e+00
3.1995000000e-08	3.1995000000e-08	0.0000000000e+00
1.7151000000e-06	1.7151000000e-06	0.0000000000e+00
4.1813000000e-05	4.1813000000e-05	0.0000000000e+00
7.6146000000e-04	7.6146000000e-04	0.0000000000e+00
6.1763000000e-03	6.1763000000e-03	0.0000000000e+00
3.1100000000e-02	3.1100000000e-02	0.0000000000e+00
9.6881000000e-02	9.6881000000e-02	0.0000000000e+00
1.9587000000e-01	1.9587000000e-01	0.0000000000e+00
2.6413000000e-01	2.6413000000e-01	0.0000000000e+00
2.4846000000e-01	2.4846000000e-01	0.0000000000e+00
1.7363000000e-01	1.7363000000e-01	0.0000000000e+00
9.0515000000e-02	9.0515000000e-02	0.0000000000e+00
3.6411000000e-02	3.6411000000e-02	0.0000000000e+00
1.2000000000e-02	1.2000000000e-02	0.0000000000e+00
3.2756000000e-03	3.2756000000e-03	0.0000000000e+00
7.4772000000e-04	7.4772000000e-04	0.0000000000e+00
1.5636000000e-04	1.5636000000e-04	0.0000000000e+00
3.9153000000e-05	3.9153000000e-05	0.0000000000e+00
2.1995000000e-05	2.1995000000e-05	0.0000000000e+00
1.9604000000e-05	1.9604000000e-05	0.0000000000e+00
2.0566000000e-05	2.0566000000e-05	0.0000000000e+00
2.1685000000e-05	2.1685000000e-05	0.0000000000e+00
2.3662000000e-05	2.3662000000e-05	0.0000000000e+00
2.3390000000e-05	2.3390000000e-05	0.0000000000e+00
2.2973000000e-05	2.2973000000e-05	0.0000000000e+00
2.4879000000e-05	2.4879000000e-05	0.0000000000e+00
2.5969000000e-05	2.5969000000e-05	0.0000000000e+00
9.8688000000e-06	9.8688000000e-06	0.0000000000e+00
1.0901000000e-05	1.0901000000e-05	0.0000000000e+00
4.1642000000e-06	4.1642000000e-06	0.0000000000e+00
8.2714000000e-07	8.2714000000e-07	0.0000000000e+00
8.8112000000e-09	8.8112000000e-09	0.0000000000e+00
1.0310000000e-08	1.0310000000e-08	0.0000000000e+00
1.5604000000e-06	1.5604000000e-06	0.0000000000e+00
9.2639000000e-08	9.2639000000e-08	0.0000000000e+00
2.1459000000e-08	2.1459000000e-08	0.0000000000e+00
1.6291000000e-07	1.6291000000e-07	0.0000000000e+00
2.6754000000e-06	2.6754000000e-06	0.0000000000e+00
1.9637000000e-05	1.9637000000e-05	0.0000000000e+00
3.9709000000e-06	3.9709000000e-06	0.0000000000e+00
4.4626000000e-06	4.4626000000e-06	0.0000000000e+00
2.1569000000e-05	2.1569000000e-05	0.0000000000e+00
2.7011000000e-05	2.7011000000e-05	0.0000000000e+00
3.2372000000e-05	3.2372000000e-05	0.0000000000e+00
1.4576000000e-05	1.4576000000e-05	0.0000000000e+00
4.1975000000e-05	4.1975000000e-05	0.0000000000e+00
6.6546000000e-05	6.6546000000e-05	0.0000000000e+00
5.0647000000e-05	5.0647000000e-05	0.0000000000e+00
6.8100000000e-06	6.8100000000e-06	0.0000000000e+00
4.8810000000e-05	4.8810000000e-05	0.0000000000e+00
2.0318000000e-05	2.0318000000e-05	0.0000000000e+00
2.3659000000e-05	2.3659000000e-05	0.0000000000e+00
6.7396000000e-05	6.7396000000e-05	0.0000000000e+00
1.8451000000e-04	1.8451000000e-04	0.0000000000e+00
1.4161000000e-04	1.4161000000e-04	0.0000000000e+00
1.3993000000e-04	1.3993000000e-04	0.0000000000e+00
1.9032000000e-04	1.9032000000e-04	0.0000000000e+00
2.4437000000e-04	2.4437000000e-04	0.0000000000e+00
2.2299000000e-04	2.2299000000e-04	0.0000000000e+00
2.0229000000e-04	2.0229000000e-04	0.0000000000e+00
1.8253000000e-04	1.8253000000e-04	0.0000000000e+00
1.6392000000e-04	1.6392000000e-04	0.0000000000e+00
1.4656000000e-04	1.4656000000e-04	0.0000000000e+00
1.3055000000e-04	1.3055000000e-04	0.0000000000e+00
1.1590000000e-04	1.1590000000e-04	0.0000000000e+00
1.0261000000e-04	1.0261000000e-04	0.0000000000e+00
9.0626000000e-05	9.0626000000e-05	0.0000000000e+00
7.9885000000e-05	7.9885000000e-05	0.0000000000e+00
7.0309000000e-05	7.0309000000e-05	0.0000000000e+00
6.1808000000e-05	6.1808000000e-05	0.0000000000e+00
5.4291000000e-05	5.4291000000e-05	0.0000000000e+00
4.7665000000e-05	4.7665000000e-05	0.0000000000e+00
2.4649000000e-17	2.4649000000e-17	0.0000000000e+00
6.7067000000e-17	6.7067000000e-17	0.0000000000e+00
1.7711000000e-16	1.7711000000e-16	0.0000000000e+00
4.5597000000e-16	4.5597000000e-16	0.0000000000e+00
1.1463000000e-15	1.1463000000e-15	0.0000000000e+00
2.8114000000e-15	2.8114000000e-15	0.0000000000e+00
6.7051000000e-15	6.7051000000e-15	0.0000000000e+00
1.5433000000e-14	1.5433000000e-14	0.0000000000e+00
3.4298000000e-14	3.4297000000e-14	1.2662569631e-05
7.3820000000e-14	7.3820000000e-14	0.0000000000e+00
1.5505000000e-13	1.5505000000e-13	0.0000000000e+00
3.2372000000e-13	3.2372000000e-13	0.0000000000e+00
6.9096000000e-13	6.9096000000e-13	0.0000000000e+00
1.5622000000e-12	1.5622000000e-12	0.0000000000e+00
3.9857000000e-12	3.9857000000e-12	0.0000000000e+00
1.5797000000e-11	1.5797000000e-11	0.0000000000e+00
1.6976000000e-10	1.6976000000e-10	0.0000000000e+00
3.2133000000e-10	3.2133000000e-10	0.0000000000e+00
1.6400000000e-10	1.6400000000e-10	0.0000000000e+00
8.1941000000e-10	8.1941000000e-10	0.0000000000e+00
3.7117000000e-10	3.7117000000e-10	0.0000000000e+00
3.4039000000e-11	3.4039000000e-11	0.0000000000e+00
3.5688000000e-09	3.5688000000e-09	0.0000000000e+00
1.4723000000e-10	1.4723000000e-10	0.0000000000e+00
2.3114000000e-10	2.3114000000e-10	0.0000000000e+00
2.1159000000e-10	2.1159000000e-10	0.0000000000e+00
5.0341000000e-11	5.0341000000e-11	0.0000000000e+00
9.2501000000e-11	9.2501000000e-11	0.0000000000e+00
7.0068000000e-11	7.0068000000e-11	0.0000000000e+00
8.2347000000e-09	8.2347000000e-09	0.0000000000e+00
4.0518000000e-07	4.0518000000e-07	0.0000000000e+00
1.1898000000e-05	1.1898000000e-05	0.0000000000e+00
2.1252000000e-04	2.1252000000e-04	0.0000000000e+00
2.0287000000e-03	2.0287000000e-03	0.0000000000e+00
1.2893000000e-02	1.2893000000e-02	0.0000000000e+00
4.9781000000e-02	4.9782000000e-02	-8.7240135777e-06
1.2503000000e-01	1.2503000000e-01	0.0000000000e+00
2.1388000000e-01	2.1388000000e-01	0.0000000000e+00
2.6000000000e-01	2.6000000000e-01	0.0000000000e+00
2.3540000000e-01	2.3540000000e-01	0.0000000000e+00
1.5555000000e-01	1.5555000000e-01	0.0000000000e+00
8.0761000000e-02	8.0761000000e-02	0.0000000000e+00
3.3726000000e-02	3.3726000000e-02	0.0000000000e+00
1.1625000000e-02	1.1625000000e-02	0.0000000000e+00
3.4033000000e-03	3.4033000000e-03	0.0000000000e+00
8.8054000000e-04	8.8054000000e-04	0.0000000000e+00
2.2165000000e-04	2.2165000000e-04	0.0000000000e+00
6.8867000000e-05	6.8867000000e-05	0.0000000000e+00
3.8058000000e-05	3.8058000000e-05	0.0000000000e+00
3.3464000000e-05	3.3464000000e-05	0.0000000000e+00
3.2737000000e-05	3.2737000000e-05	0.0000000000e+00
3.8536000000e-05	3.8536000000e-05	0.0000000000e+00
4.0224000000e-05	4.0224000000e-05	0.0000000000e+00
3.6560000000e-05	3.6560000000e-05	0.0000000000e+00
3.8487000000e-05	3.8487000000e-05	0.0000000000e+00
3.9530000000e-05	3.9530000000e-05	0.0000000000e+00
3.4699000000e-05	3.4699000000e-05	0.0000000000e+00
4.8586000000e-06	4.8585000000e-06	8.9387673672e-06
7.1867000000e-06	7.1867000000e-06	0.0000000000e+00
1.5916000000e-08	1.5916000000e-08	0.0000000000e+00
1.0130000000e-07	1.0130000000e-07	0.0000000000e+00
1.4917000000e-06	1.4917000000e-06	0.0000000000e+00
1.5232000000e-07	1.5232000000e-07	0.0000000000e+00
2.9136000000e-08	2.9135000000e-08	1.4906024676e-05
4.3428000000e-08	4.3428000000e-08	0.0000000000e+00
4.4421000000e-09	4.4421000000e-09	0.0000000000e+00
7.4286000000e-08	7.4286000000e-08	0.0000000000e+00
5.2416000000e-06	5.2416000000e-06	0.0000000000e+00
4.8090000000e-06	4.8090000000e-06	0.0000000000e+00
8.1453000000e-06	8.1453000000e-06	0.0000000000e+00
7.0173000000e-05	7.0173000000e-05	0.0000000000e+00
4.8582000000e-05	4.8582000000e-05	0.0000000000e+00
3.1687000000e-05	3.1687000000e-05	0.0000000000e+00
5.8949000000e-05	5.8949000000e-05	0.0000000000e+00
5.3891000000e-05	5.3891000000e-05	0.0000000000e+00
1.0221000000e-04	1.0221000000e-04	0.0000000000e+00
4.5364000000e-05	4.5364000000e-05	0.0000000000e+00
5.6925000000e-06	5.6925000000e-06	0.0000000000e+00
3.0401000000e-05	3.0401000000e-05	0.0000000000e+00
8.2633000000e-05	8.2633000000e-05	0.0000000000e+00
2.1765000000e-04	2.1765000000e-04	0.0000000000e+00
2.4058000000e-04	2.4058000000e-04	0.0000000000e+00
1.1680000000e-04	1.1680000000e-04	0.0000000000e+00
2.0322000000e-04	2.0322000000e-04	0.0000000000e+00
3.7953000000e-04	3.7953000000e-04	0.0000000000e+00
4.0734000000e-04	4.0734000000e-04	0.0000000000e+00
3.7403000000e-04	3.7403000000e-04	0.0000000000e+00
3.4124000000e-04	3.4124000000e-04	0.0000000000e+00
3.0947000000e-04	3.0947000000e-04	0.0000000000e+00
2.7913000000e-04	2.7913000000e-04	0.0000000000e+00
2.5053000000e-04	2.5053000000e-04	0.0000000000e+00
2.2387000000e-04	2.2387000000e-04	0.0000000000e+00
1.9926000000e-04	1.9926000000e-04	0.0000000000e+00
1.7675000000e-04	1.7675000000e-04	0.0000000000e+00
1.5632000000e-04	1.5632000000e-04	0.0000000000e+00
1.3790000000e-04	1.3790000000e-04	0.0000000000e+00
1.2139000000e-04	1.2139000000e-04	0.0000000000e+00
1.0668000000e-04	1.0668000000e-04	0.0000000000e+00
9.3632000000e-05	9.3632000000e-05	0.0000000000e+00
8.2098000000e-05	8.2098000000e-05	0.0000000000e+00
7.1939000000e-05	7.1939000000e-05	0.0000000000e+00
3.7311000000e-17	3.7311000000e-17	0.0000000000e+00
1.0234000000e-16	1.0234000000e-16	0.0000000000e+00
2.7308000000e-16	2.7308000000e-16	0.0000000000e+00
7.1575000000e-16	7.1576000000e-16	-6.0676416079e-06
1.8305000000e-15	1.8305000000e-15	0.0000000000e+00
4.5868000000e-15	4.5868000000e-15	0.0000000000e+00
1.1223000000e-14	1.1223000000e-14	0.0000000000e+00
2.6738000000e-14	2.6738000000e-14	0.0000000000e+00
6.1877000000e-14	6.1877000000e-14	0.0000000000e+00
1.4010000000e-13	1.4010000000e-13	0.0000000000e+00
3.1241000000e-13	3.1241000000e-13	0.0000000000e+00
7.0068000000e-13	7.0068000000e-13	0.0000000000e+00
1.6297000000e-12	1.6297000000e-12	0.0000000000e+00
4.0779000000e-12	4.0779000000e-12	0.0000000000e+00
1.1635000000e-11	1.1635000000e-11	0.0000000000e+00
3.8659000000e-11	3.8659000000e-11	0.0000000000e+00
2.3884000000e-10	2.3884000000e-10	0.0000000000e+00
1.5454000000e-10	1.5454000000e-10	0.0000000000e+00
7.4060000000e-10	7.4060000000e-10	0.0000000000e+00
1.6486000000e-09	1.6486000000e-09	0.0000000000e+00
1.2783000000e-09	1.2783000000e-09	0.0000000000e+00
5.1196000000e-09	5.1196000000e-09	0.0000000000e+00
4.9148000000e-09	4.9148000000e-09	0.0000000000e+00
1.6950000000e-10	1.6950000000e-10	0.0000000000e+00
3.2210000000e-10	3.2210000000e-10	0.0000000000e+00
5.1745000000e-10	5.1745000000e-10	0.0000000000e+00
4.7076000000e-10	4.7076000000e-10	0.0000000000e+00
2.2470000000e-11	2.2470000000e-11	0.0000000000e+00
2.3788000000e-11	2.3787000000e-11	1.8257256205e-05
1.7534000000e-09	1.7534000000e-09	0.0000000000e+00
1.0611000000e-07	1.0611000000e-07	0.0000000000e+00
2.7894000000e-06	2.7894000000e-06	0.0000000000e+00
5.9196000000e-05	5.9196000000e-05	0.0000000000e+00
6.1188000000e-04	6.1188000000e-04	0.0000000000e+00
4.5659000000e-03	4.5659000000e-03	0.0000000000e+00
2.2152000000e-02	2.2152000000e-02	0.0000000000e+00
6.9753000000e-02	6.9752000000e-02	6.2262210231e-06
1.4988000000e-01	1.4988000000e-01	0.0000000000e+00
2.2918000000e-01	2.2918000000e-01	0.0000000000e+00
2.5389000000e-01	2.5389000000e-01	0.0000000000e+00
2.1508000000e-01	2.1508000000e-01	0.0000000000e+00
1.4168000000e-01	1.4168000000e-01	0.0000000000e+00
7.4594000000e-02	7.4594000000e-02	0.0000000000e+00
3.2139000000e-02	3.2139000000e-02	0.0000000000e+00
1.1714000000e-02	1.1714000000e-02	0.0000000000e+00
3.7294000000e-03	3.7294000000e-03	0.0000000000e+00
1.0945000000e-03	1.0945000000e-03	0.0000000000e+00
3.1803000000e-04	3.1803000000e-04	0.0000000000e+00
1.1345000000e-04	1.1345000000e-04	0.0000000000e+00
6.3358000000e-05	6.3358000000e-05	0.0000000000e+00
5.3709000000e-05	5.3709000000e-05	0.0000000000e+00
6.0624000000e-05	6.0624000000e-05	0.0000000000e+00
6.0290000000e-05	6.0290000000e-05	0.0000000000e+00
6.3717000000e-05	6.3717000000e-05	0.0000000000e+00
6.3438000000e-05	6.3438000000e-05	0.0000000000e+00
6.3625000000e-05	6.3625000000e-05	0.0000000000e+00
1.5899000000e-05	1.5899000000e-05	0.0000000000e+00
5.7875000000e-06	5.7875000000e-06	0.0000000000e+00
4.4788000000e-06	4.4788000000e-06	0.0000000000e+00
5.8638000000e-07	5.8638000000e-07	0.0000000000e+00
5.8404000000e-06	5.8404000000e-06	0.0000000000e+00
6.7567000000e-07	6.7567000000e-07	0.0000000000e+00
2.0359000000e-07	2.0359000000e-07	0.0000000000e+00
3.2611000000e-07	3.2611000000e-07	0.0000000000e+00
4.3675000000e-07	4.3675000000e-07	0.0000000000e+00
1.3571000000e-07	1.3571000000e-07	0.0000000000e+00
1.1550000000e-06	1.1550000000e-06	0.0000000000e+00
2.6504000000e-06	2.6504000000e-06	0.0000000000e+00
1.0791000000e-05	1.0791000000e-05	0.0000000000e+00
2.4212000000e-05	2.4212000000e-05	0.0000000000e+00
7.4011000000e-05	7.4011000000e-05	0.0000000000e+00
1.2364000000e-04	1.2364000000e-04	0.0000000000e+00
9.0724000000e-05	9.0724000000e-05	0.0000000000e+00
9.7716000000e-05	9.7716000000e-05	0.0000000000e+00
1.1645000000e-04	1.1645000000e-04	0.0000000000e+00
4.4281000000e-05	4.4281000000e-05	0.0000000000e+00
1.1851000000e-04	1.1851000000e-04	0.0000000000e+00
2.6558000000e-05	2.6558000000e-05	0.0000000000e+00
1.3407000000e-04	1.3407000000e-04	0.0000000000e+00
1.6425000000e-04	1.6425000000e-04	0.0000000000e+00
1.7116000000e-04	1.7116000000e-04	0.0000000000e+00
1.4205000000e-04	1.4205000000e-04	0.0000000000e+00
3.5062000000e-04	3.5062000000e-04	0.0000000000e+00
4.6061000000e-04	4.6061000000e-04	0.0000000000e+00
6.6516000000e-04	6.6516000000e-04	0.0000000000e+00
6.1512000000e-04	6.1512000000e-04	0.0000000000e+00
5.6489000000e-04	5.6489000000e-04	0.0000000000e+00
5.1540000000e-04	5.1540000000e-04	0.0000000000e+00
4.6741000000e-04	4.6741000000e-04	0.0000000000e+00
4.2156000000e-04	4.2156000000e-04	0.0000000000e+00
3.7829000000e-04	3.7829000000e-04	0.0000000000e+00
3.3794000000e-04	3.3794000000e-04	0.0000000000e+00
3.0067000000e-04	3.0067000000e-04	0.0000000000e+00
2.6656000000e-04	2.6656000000e-04	0.0000000000e+00
2.3558000000e-04	2.3558000000e-04	0.0000000000e+00
2.0766000000e-04	2.0766000000e-04	0.0000000000e+00
1.8263000000e-04	1.8263000000e-04	0.0000000000e+00
1.6032000000e-04	1.6032000000e-04	0.0000000000e+00
1.4054000000e-04	1.4054000000e-04	0.0000000000e+00
1.2305000000e-04	1.2305000000e-04	0.0000000000e+00
1.0766000000e-04	1.0766000000e-04	0.0000000000e+00
5.5682000000e-17	5.5682000000e-17	0.0000000000e+00
1.5379000000e-16	1.5379000000e-16	0.0000000000e+00
4.1526000000e-16	4.1526000000e-16	0.0000000000e+00
1.0977000000e-15	1.0977000000e-15	0.0000000000e+00
2.8520000000e-15	2.8520000000e-15	0.0000000000e+00
7.2902000000e-15	7.2902000000e-15	0.0000000000e+00
1.8222000000e-14	1.8222000000e-14	0.0000000000e+00
4.4614000000e-14	4.4614000000e-14	0.0000000000e+00
1.0693000000e-13	1.0693000000e-13	0.0000000000e+00
2.5138000000e-13	2.5138000000e-13	0.0000000000e+00
5.8432000000e-13	5.8432000000e-13	0.0000000000e+00
1.3719000000e-12	1.3719000000e-12	0.0000000000e+00
3.3182000000e-12	3.3182000000e-12	0.0000000000e+00
8.4999000000e-12	8.4999000000e-12	0.0000000000e+00
2.3756000000e-11	2.3756000000e-11	0.0000000000e+00
6.0748000000e-11	6.0748000000e-11	0.0000000000e+00
4.1172000000e-10	4.1172000000e-10	0.0000000000e+00
2.6307000000e-10	2.6307000000e-10	0.0000000000e+00
1.6370000000e-09	1.6370000000e-09	0.0000000000e+00
1.8316000000e-09	1.8316000000e-09	0.0000000000e+00
1.7410000000e-09	1.7410000000e-09	0.0000000000e+00
3.3119000000e-10	3.3119000000e-10	0.0000000000e+00
7.4115000000e-10	7.4115000000e-10	0.0000000000e+00
2.4007000000e-09	2.4007000000e-09	0.0000000000e+00
3.1930000000e-09	3.1930000000e-09	0.0000000000e+00
3.8360000000e-10	3.8359000000e-10	1.1321692982e-05
1.0685000000e-10	1.0685000000e-10	0.0000000000e+00
8.4817000000e-11	8.4817000000e-11	0.0000000000e+00
3.6194000000e-10	3.6194000000e-10	0.0000000000e+00
1.4427000000e-09	1.4427000000e-09	0.0000000000e+00
1.9639000000e-08	1.9639000000e-08	0.0000000000e+00
5.0527000000e-07	5.0527000000e-07	0.0000000000e+00
1.0575000000e-05	1.0575000000e-05	0.0000000000e+00
1.6597000000e-04	1.6597000000e-04	0.0000000000e+00
1.4818000000e-03	1.4818000000e-03	0.0000000000e+00
8.9112000000e-03	8.9112000000e-03	0.0000000000e+00
3.2531000000e-02	3.2531000000e-02	0.0000000000e+00
8.8593000000e-02	8.8593000000e-02	0.0000000000e+00
1.6871000000e-01	1.6871000000e-01	0.0000000000e+00
2.3843000000e-01	2.3843000000e-01	0.0000000000e+00
2.5280000000e-01	2.5280000000e-01	0.0000000000e+00
2.0459000000e-01	2.0459000000e-01	0.0000000000e+00
1.3410000000e-01	1.3410000000e-01	0.0000000000e+00
7.1946000000e-02	7.1946000000e-02	0.0000000000e+00
3.2631000000e-02	3.2631000000e-02	0.0000000000e+00
1.2808000000e-02	1.2808000000e-02	0.0000000000e+00
4.4931000000e-03	4.4931000000e-03	0.0000000000e+00
1.4639000000e-03	1.4639000000e-03	0.0000000000e+00
4.8038000000e-04	4.8038000000e-04	0.0000000000e+00
1.8715000000e-04	1.8715000000e-04	0.0000000000e+00
9.7255000000e-05	9.7255000000e-05	0.0000000000e+00
9.2752000000e-05	9.2752000000e-05	0.0000000000e+00
9.2782000000e-05	9.2782000000e-05	0.0000000000e+00
9.4762000000e-05	9.4762000000e-05	0.0000000000e+00
4.1042000000e-05	4.1042000000e-05	0.0000000000e+00
2.5546000000e-05	2.5546000000e-05	0.0000000000e+00
1.2305000000e-05	1.2305000000e-05	0.0000000000e+00
6.5483000000e-06	6.5483000000e-06	0.0000000000e+00
2.3475000000e-05	2.3475000000e-05	0.0000000000e+00
3.6121000000e-05	3.6121000000e-05	0.0000000000e+00
1.7378000000e-05	1.7378000000e-05	0.0000000000e+00
1.1871000000e-05	1.1871000000e-05	0.0000000000e+00
1.5510000000e-06	1.5510000000e-06	0.0000000000e+00
1.6000000000e-05	1.6000000000e-05	0.0000000000e+00
6.2876000000e-07	6.2876000000e-07	0.0000000000e+00
1.8157000000e-07	1.8157000000e-07	0.0000000000e+00
2.2402000000e-05	2.2402000000e-05	0.0000000000e+00
3.0943000000e-05	3.0943000000e-05	0.0000000000e+00
2.2403000000e-05	2.2403000000e-05	0.0000000000e+00
2.7648000000e-05	2.7648000000e-05	0.0000000000e+00
1.4020000000e-04	1.4020000000e-04	0.0000000000e+00
2.7495000000e-04	2.7495000000e-04	0.0000000000e+00
2.0492000000e-04	2.0492000000e-04	0.0000000000e+00
1.8273000000e-04	1.8273000000e-04	0.0000000000e+00
6.4435000000e-05	6.4435000000e-05	0.0000000000e+00
1.9198000000e-04	1.9198000000e-04	0.0000000000e+00
1.8674000000e-04	1.8674000000e-04	0.0000000000e+00
3.5265000000e-05	3.5265000000e-05	0.0000000000e+00
4.1292000000e-05	4.1292000000e-05	0.0000000000e+00
1.3365000000e-04	1.3365000000e-04	0.0000000000e+00
2.0715000000e-04	2.0715000000e-04	0.0000000000e+00
5.3606000000e-04	5.3606000000e-04	0.0000000000e+00
4.9762000000e-04	4.9762000000e-04	0.0000000000e+00
6.3596000000e-04	6.3596000000e-04	0.0000000000e+00
9.9025000000e-04	9.9025000000e-04	0.0000000000e+00
9.1615000000e-04	9.1615000000e-04	0.0000000000e+00
8.4166000000e-04	8.4166000000e-04	0.0000000000e+00
7.6818000000e-04	7.6818000000e-04	0.0000000000e+00
6.9685000000e-04	6.9685000000e-04	0.0000000000e+00
6.2862000000e-04	6.2862000000e-04	0.0000000000e+00
5.6417000000e-04	5.6417000000e-04	0.0000000000e+00
5.0400000000e-04	5.0400000000e-04	0.0000000000e+00
4.4838000000e-04	4.4838000000e-04	0.0000000000e+00
3.9743000000e-04	3.9743000000e-04	0.0000000000e+00
3.5114000000e-04	3.5114000000e-04	0.0000000000e+00
3.0938000000e-04	3.0938000000e-04	0.0000000000e+00
2.7194000000e-04	2.7194000000e-04	0.0000000000e+00
2.3855000000e-04	2.3855000000e-04	0.0000000000e+00
2.0892000000e-04	2.0892000000e-04	0.0000000000e+00
1.8274000000e-04	1.8274000000e-04	0.0000000000e+00
1.5969000000e-04	1.5969000000e-04	0.0000000000e+00
8.1919000000e-17	8.1919000000e-17	0.0000000000e+00
2.2695000000e-16	2.2695000000e-16	0.0000000000e+00
6.1614000000e-16	6.1614000000e-16	0.0000000000e+00
1.6454000000e-15	1.6454000000e-15	0.0000000000e+00
4.3377000000e-15	4.3377000000e-15	0.0000000000e+00
1.1213000000e-14	1.1213000000e-14	0.0000000000e+00
2.8594000000e-14	2.8594000000e-14	0.0000000000e+00
7.1492000000e-14	7.1492000000e-14	0.0000000000e+00
1.7551000000e-13	1.7551000000e-13	0.0000000000e+00
4.2455000000e-13	4.2455000000e-13	0.0000000000e+00
1.0171000000e-12	1.0171000000e-12	0.0000000000e+00
2.4380000000e-12	2.4380000000e-12	0.0000000000e+00
5.9627000000e-12	5.9627000000e-12	0.0000000000e+00
1.5141000000e-11	1.5141000000e-11	0.0000000000e+00
4.1449000000e-11	4.1449000000e-11	0.0000000000e+00
1.4875000000e-10	1.4875000000e-10	0.0000000000e+00
5.7764000000e-10	5.7764000000e-10	0.0000000000e+00
1.0398000000e-09	1.0398000000e-09	0.0000000000e+00
1.5909000000e-09	1.5909000000e-09	0.0000000000e+00
1.6556000000e-09	1.6556000000e-09	0.0000000000e+00
3.1022000000e-10	3.1022000000e-10	0.0000000000e+00
2.2759000000e-09	2.2759000000e-09	0.0000000000e+00
3.6151000000e-09	3.6151000000e-09	0.0000000000e+00
4.9258000000e-09	4.9258000000e-09	0.0000000000e+00
5.4320000000e-09	5.4320000000e-09	0.0000000000e+00
1.8743000000e-09	1.8743000000e-09	0.0000000000e+00
7.3934000000e-10	7.3934000000e-10	0.0000000000e+00
2.2569000000e-10	2.2569000000e-10	0.0000000000e+00
6.0194000000e-10	6.0194000000e-10	0.0000000000e+00
6.4027000000e-10	6.4027000000e-10	0.0000000000e+00
5.4896000000e-09	5.4896000000e-09	0.0000000000e+00
9.1935000000e-08	9.1935000000e-08	0.0000000000e+00
2.1254000000e-06	2.1254000000e-06	0.0000000000e+00
3.1265000000e-05	3.1265000000e-05	0.0000000000e+00
4.2993000000e-04	4.2993000000e-04	0.0000000000e+00
3.0376000000e-03	3.0376000000e-03	0.0000000000e+00
1.3819000000e-02	1.3819000000e-02	0.0000000000e+00
4.5205000000e-02	4.5205000000e-02	0.0000000000e+00
1.0544000000e-01	1.0544000000e-01	0.0000000000e+00
1.8237000000e-01	1.8237000000e-01	0.0000000000e+00
2.3798000000e-01	2.3798000000e-01	0.0000000000e+00
2.4024000000e-01	2.4024000000e-01	0.0000000000e+00
1.9426000000e-01	1.9426000000e-01	0.0000000000e+00
1.2954000000e-01	1.2954000000e-01	0.0000000000e+00
7.2322000000e-02	7.2322000000e-02	0.0000000000e+00
3.4686000000e-02	3.4686000000e-02	0.0000000000e+00
1.4714000000e-02	1.4714000000e-02	0.0000000000e+00
5.6886000000e-03	5.6886000000e-03	0.0000000000e+00
2.0720000000e-03	2.0720000000e-03	0.0000000000e+00
7.5846000000e-04	7.5846000000e-04	0.0000000000e+00
3.2388000000e-04	3.2388000000e-04	0.0000000000e+00
1.6612000000e-04	1.6612000000e-04	0.0000000000e+00
1.2124000000e-04	1.2124000000e-04	0.0000000000e+00
1.3412000000e-04	1.3412000000e-04	0.0000000000e+00
1.4196000000e-04	1.4196000000e-04	0.0000000000e+00
7.6047000000e-05	7.6047000000e-05	0.0000000000e+00
9.4368000000e-06	9.4368000000e-06	0.0000000000e+00
2.9741000000e-05	2.9741000000e-05	0.0000000000e+00
7.4553000000e-05	7.4553000000e-05	0.0000000000e+00
4.2539000000e-05	4.2539000000e-05	0.0000000000e+00
4.6793000000e-05	4.6793000000e-05	0.0000000000e+00
5.2131000000e-05	5.2131000000e-05	0.0000000000e+00
5.9527000000e-05	5.9527000000e-05	0.0000000000e+00
5.2254000000e-05	5.2254000000e-05	0.0000000000e+00
4.1230000000e-06	4.1230000000e-06	0.0000000000e+00
3.6203000000e-05	3.6203000000e-05	0.0000000000e+00
6.8885000000e-05	6.8885000000e-05	0.0000000000e+00
2.4100000000e-05	2.4100000000e-05	0.0000000000e+00
7.9050000000e-06	7.9050000000e-06	0.0000000000e+00
5.4587000000e-06	5.4587000000e-06	0.0000000000e+00
2.2624000000e-04	2.2624000000e-04	0.0000000000e+00
3.8385000000e-04	3.8385000000e-04	0.0000000000e+00
4.0124000000e-04	4.0124000000e-04	0.0000000000e+00
2.3830000000e-04	2.3830000000e-04	0.0000000000e+00
2.6923000000e-04	2.6923000000e-04	0.0000000000e+00
6.5390000000e-04	6.5390000000e-04	0.0000000000e+00
2.7916000000e-04	2.7916000000e-04	0.0000000000e+00
1.2223000000e-04	1.2223000000e-04	0.0000000000e+00
4.6156000000e-04	4.6156000000e-04	0.0000000000e+00
1.3281000000e-04	1.3281000000e-04	0.0000000000e+00
7.2584000000e-04	7.2584000000e-04	0.0000000000e+00
9.1202000000e-04	9.1202000000e-04	0.0000000000e+00
3.9717000000e-04	3.9717000000e-04	0.0000000000e+00
9.1854000000e-04	9.1854000000e-04	0.0000000000e+00
1.4535000000e-03	1.4535000000e-03	0.0000000000e+00
1.3456000000e-03	1.3456000000e-03	0.0000000000e+00
1.2370000000e-03	1.2370000000e-03	0.0000000000e+00
1.1297000000e-03	1.1297000000e-03	0.0000000000e+00
1.0253000000e-03	1.0253000000e-03	0.0000000000e+00
9.2538000000e-04	9.2538000000e-04	0.0000000000e+00
8.3086000000e-04	8.3086000000e-04	0.0000000000e+00
7.4249000000e-04	7.4249000000e-04	0.0000000000e+00
6.6071000000e-04	6.6071000000e-04	0.0000000000e+00
5.8572000000e-04	5.8572000000e-04	0.0000000000e+00
5.1752000000e-04	5.1752000000e-04	0.0000000000e+00
4.5593000000e-04	4.5593000000e-04	0.0000000000e+00
4.0066000000e-04	4.0066000000e-04	0.0000000000e+00
3.5134000000e-04	3.5134000000e-04	0.0000000000e+00
3.0755000000e-04	3.0755000000e-04	0.0000000000e+00
2.6884000000e-04	2.6884000000e-04	0.0000000000e+00
2.3474000000e-04	2.3474000000e-04	0.0000000000e+00
1.1815000000e-16	1.1815000000e-16	0.0000000000e+00
3.2895000000e-16	3.2895000000e-16	0.0000000000e+00
8.9704000000e-16	8.9704000000e-16	0.0000000000e+00
2.4115000000e-15	2.4115000000e-15	0.0000000000e+00
6.3958000000e-15	6.3958000000e-15	0.0000000000e+00
1.6748000000e-14	1.6748000000e-14	0.0000000000e+00
4.3230000000e-14	4.3229000000e-14	1.0046252719e-05
1.0981000000e-13	1.0981000000e-13	0.0000000000e+00
2.7418000000e-13	2.7418000000e-13	0.0000000000e+00
6.7641000000e-13	6.7641000000e-13	0.0000000000e+00
1.6499000000e-12	1.6499000000e-12	0.0000000000e+00
4.0137000000e-12	4.0137000000e-12	0.0000000000e+00
9.8451000000e-12	9.8451000000e-12	0.0000000000e+00
2.4820000000e-11	2.4820000000e-11	0.0000000000e+00
6.6824000000e-11	6.6824000000e-11	0.0000000000e+00
2.1344000000e-10	2.1344000000e-10	0.0000000000e+00
7.3192000000e-10	7.3192000000e-10	0.0000000000e+00
1.4215000000e-09	1.4215000000e-09	0.0000000000e+00
2.6639000000e-09	2.6639000000e-09	0.0000000000e+00
2.2367000000e-10	2.2367000000e-10	0.0000000000e+00
3.5615000000e-09	3.5615000000e-09	0.0000000000e+00
7.1637000000e-09	7.1637000000e-09	0.0000000000e+00
1.1306000000e-08	1.1306000000e-08	0.0000000000e+00
5.0206000000e-09	5.0206000000e-09	0.0000000000e+00
3.7877000000e-09	3.7877000000e-09	0.0000000000e+00
3.0282000000e-09	3.0281000000e-09	1.4341907830e-05
4.2579000000e-10	4.2579000000e-10	0.0000000000e+00
1.4666000000e-10	1.4666000000e-10	0.0000000000e+00
2.7985000000e-11	2.7985000000e-11	0.0000000000e+00
2.9947000000e-10	2.9947000000e-10	0.0000000000e+00
8.7251000000e-10	8.7251000000e-10	0.0000000000e+00
1.9707000000e-08	1.9707000000e-08	0.0000000000e+00
4.0975000000e-07	4.0975000000e-07	0.0000000000e+00
1.0358000000e-05	1.0358000000e-05	0.0000000000e+00
8.9683000000e-05	8.9683000000e-05	0.0000000000e+00
9.6474000000e-04	9.6474000000e-04	0.0000000000e+00
5.2315000000e-03	5.2315000000e-03	0.0000000000e+00
2.1468000000e-02	2.1468000000e-02	0.0000000000e+00
5.7683000000e-02	5.7683000000e-02	0.0000000000e+00
1.2004000000e-01	1.2004000000e-01	0.0000000000e+00
1.9142000000e-01	1.9142000000e-01	0.0000000000e+00
2.3669000000e-01	2.3669000000e-01	0.0000000000e+00
2.3457000000e-01	2.3457000000e-01	0.0000000000e+00
1.9001000000e-01	1.9001000000e-01	0.0000000000e+00
1.2891000000e-01	1.2891000000e-01	0.0000000000e+00
7.4638000000e-02	7.4638000000e-02	0.0000000000e+00
3.8348000000e-02	3.8348000000e-02	0.0000000000e+00
1.7711000000e-02	1.7711000000e-02	0.0000000000e+00
7.5307000000e-03	7.5307000000e-03	0.0000000000e+00
3.0475000000e-03	3.0475000000e-03	0.0000000000e+00
1.2340000000e-03	1.2340000000e-03	0.0000000000e+00
5.5195000000e-04	5.5195000000e-04	0.0000000000e+00
3.1448000000e-04	3.1448000000e-04	0.0000000000e+00
2.4123000000e-04	2.4123000000e-04	0.0000000000e+00
2.0159000000e-04	2.0159000000e-04	0.0000000000e+00
1.0500000000e-04	1.0500000000e-04	0.0000000000e+00
1.0707000000e-04	1.0707000000e-04	0.0000000000e+00
1.2779000000e-04	1.2779000000e-04	0.0000000000e+00
5.0615000000e-05	5.0615000000e-05	0.0000000000e+00
3.7689000000e-05	3.7688000000e-05	1.1523262585e-05
7.0245000000e-05	7.0245000000e-05	0.0000000000e+00
3.0818000000e-05	3.0818000000e-05	0.0000000000e+00
3.2863000000e-06	3.2863000000e-06	0.0000000000e+00
4.9252000000e-06	4.9252000000e-06	0.0000000000e+00
7.2573000000e-06	7.2573000000e-06	0.0000000000e+00
2.5283000000e-04	2.5283000000e-04	0.0000000000e+00
5.3576000000e-05	5.3576000000e-05	0.0000000000e+00
1.0200000000e-04	1.0200000000e-04	0.0000000000e+00
2.1270000000e-04	2.1270000000e-04	0.0000000000e+00
2.6097000000e-05	2.6097000000e-05	0.0000000000e+00
2.6979000000e-04	2.6979000000e-04	0.0000000000e+00
1.0228000000e-03	1.0228000000e-03	0.0000000000e+00
3.9630000000e-04	3.9630000000e-04	0.0000000000e+00
3.5006000000e-04	3.5006000000e-04	0.0000000000e+00
5.5215000000e-04	5.5215000000e-04	0.0000000000e+00
1.1600000000e-03	1.1600000000e-03	0.0000000000e+00
4.5560000000e-04	4.5560000000e-04	0.0000000000e+00
1.4174000000e-04	1.4174000000e-04	0.0000000000e+00
5.8946000000e-04	5.8946000000e-04	0.0000000000e+00
1.2296000000e-03	1.2296000000e-03	0.0000000000e+00
5.6832000000e-04	5.6832000000e-04	0.0000000000e+00
5.6490000000e-04	5.6490000000e-04	0.0000000000e+00
1.1442000000e-03	1.1442000000e-03	0.0000000000e+00
1.1315000000e-03	1.1315000000e-03	0.0000000000e+00
2.1032000000e-03	2.1032000000e-03	0.0000000000e+00
1.9488000000e-03	1.9488000000e-03	0.0000000000e+00
1.7931000000e-03	1.7931000000e-03	0.0000000000e+00
1.6389000000e-03	1.6389000000e-03	0.0000000000e+00
1.4887000000e-03	1.4887000000e-03	0.0000000000e+00
1.3446000000e-03	1.3446000000e-03	0.0000000000e+00
1.2081000000e-03	1.2081000000e-03	0.0000000000e+00
1.0803000000e-03	1.0803000000e-03	0.0000000000e+00
9.6184000000e-04	9.6184000000e-04	0.0000000000e+00
8.5307000000e-04	8.5307000000e-04	0.0000000000e+00
7.5400000000e-04	7.5400000000e-04	0.0000000000e+00
6.6443000000e-04	6.6443000000e-04	0.0000000000e+00
5.8396000000e-04	5.8396000000e-04	0.0000000000e+00
5.1208000000e-04	5.1208000000e-04	0.0000000000e+00
4.4819000000e-04	4.4819000000e-04	0.0000000000e+00
3.9166000000e-04	3.9166000000e-04	0.0000000000e+00
3.4183000000e-04	3.4183000000e-04	0.0000000000e+00
1.6756000000e-16	1.6756000000e-16	0.0000000000e+00
4.6591000000e-16	4.6591000000e-16	0.0000000000e+00
1.2753000000e-15	1.2753000000e-15	0.0000000000e+00
3.4397000000e-15	3.4397000000e-15	0.0000000000e+00
9.1955000000e-15	9.1955000000e-15	0.0000000000e+00
2.4261000000e-14	2.4262000000e-14	-1.7900561876e-05
6.3080000000e-14	6.3080000000e-14	0.0000000000e+00
1.6214000000e-13	1.6214000000e-13	0.0000000000e+00
4.1049000000e-13	4.1049000000e-13	0.0000000000e+00
1.0269000000e-12	1.0269000000e-12	0.0000000000e+00
2.5473000000e-12	2.5473000000e-12	0.0000000000e+00
6.2782000000e-12	6.2782000000e-12	0.0000000000e+00
1.5557000000e-11	1.5557000000e-11	0.0000000000e+00
3.9301000000e-11	3.9301000000e-11	0.0000000000e+00
1.0235000000e-10	1.0235000000e-10	0.0000000000e+00
2.7036000000e-10	2.7037000000e-10	-1.6063265658e-05
6.9936000000e-10	6.9936000000e-10	0.0000000000e+00
2.3707000000e-09	2.3707000000e-09	0.0000000000e+00
5.2583000000e-09	5.2583000000e-09	0.0000000000e+00
2.0957000000e-09	2.0957000000e-09	0.0000000000e+00
1.5059000000e-08	1.5059000000e-08	0.0000000000e+00
6.8313000000e-09	6.8313000000e-09	0.0000000000e+00
2.5442000000e-09	2.5442000000e-09	0.0000000000e+00
6.3397000000e-09	6.3397000000e-09	0.0000000000e+00
2.1412000000e-09	2.1412000000e-09	0.0000000000e+00
2.9883000000e-09	2.9883000000e-09	0.0000000000e+00
5.0850000000e-10	5.0850000000e-10	0.0000000000e+00
1.9317000000e-10	1.9317000000e-10	0.0000000000e+00
4.6106000000e-10	4.6106000000e-10	0.0000000000e+00
9.0424000000e-10	9.0424000000e-10	0.0000000000e+00
5.1015000000e-11	5.1015000000e-11	0.0000000000e+00
1.7583000000e-08	1.7583000000e-08	0.0000000000e+00
1.3646000000e-07	1.3646000000e-07	0.0000000000e+00
1.8779000000e-06	1.8779000000e-06	0.0000000000e+00
3.0873000000e-05	3.0873000000e-05	0.0000000000e+00
3.2397000000e-04	3.2397000000e-04	0.0000000000e+00
1.9049000000e-03	1.9049000000e-03	0.0000000000e+00
8.7352000000e-03	8.7352000000e-03	0.0000000000e+00
2.8416000000e-02	2.8416000000e-02	0.0000000000e+00
7.0407000000e-02	7.0407000000e-02	0.0000000000e+00
1.3201000000e-01	1.3201000000e-01	0.0000000000e+00
1.9616000000e-01	1.9616000000e-01	0.0000000000e+00
2.3435000000e-01	2.3435000000e-01	0.0000000000e+00
2.2889000000e-01	2.2889000000e-01	0.0000000000e+00
1.8751000000e-01	1.8751000000e-01	0.0000000000e+00
1.3054000000e-01	1.3054000000e-01	0.0000000000e+00
8.0024000000e-02	8.0024000000e-02	0.0000000000e+00
4.3957000000e-02	4.3957000000e-02	0.0000000000e+00
2.1978000000e-02	2.1978000000e-02	0.0000000000e+00
1.0259000000e-02	1.0259000000e-02	0.0000000000e+00
4.5869000000e-03	4.5869000000e-03	0.0000000000e+00
2.0448000000e-03	2.0448000000e-03	0.0000000000e+00
9.8053000000e-04	9.8053000000e-04	0.0000000000e+00
4.4356000000e-04	4.4356000000e-04	0.0000000000e+00
2.3028000000e-04	2.3028000000e-04	0.0000000000e+00
1.9364000000e-04	1.9364000000e-04	0.0000000000e+00
1.8299000000e-04	1.8299000000e-04	0.0000000000e+00
1.9438000000e-04	1.9438000000e-04	0.0000000000e+00
6.2904000000e-05	6.2904000000e-05	0.0000000000e+00
3.7397000000e-05	3.7397000000e-05	0.0000000000e+00
1.5447000000e-05	1.5447000000e-05	0.0000000000e+00
2.4309000000e-05	2.4309000000e-05	0.0000000000e+00
2.0951000000e-05	2.0951000000e-05	0.0000000000e+00
3.3047000000e-06	3.3047000000e-06	0.0000000000e+00
1.8266000000e-04	1.8266000000e-04	0.0000000000e+00
1.5107000000e-04	1.5107000000e-04	0.0000000000e+00
6.8876000000e-06	6.8876000000e-06	0.0000000000e+00
1.1558000000e-04	1.1558000000e-04	0.0000000000e+00
7.5395000000e-04	7.5395000000e-04	0.0000000000e+00
1.5381000000e-04	1.5381000000e-04	0.0000000000e+00
9.2122000000e-04	9.2122000000e-04	0.0000000000e+00
1.5822000000e-03	1.5822000000e-03	0.0000000000e+00
4.9045000000e-04	4.9045000000e-04	0.0000000000e+00
7.6266000000e-04	7.6266000000e-04	0.0000000000e+00
1.1277000000e-03	1.1277000000e-03	0.0000000000e+00
2.0128000000e-03	2.0128000000e-03	0.0000000000e+00
6.8845000000e-04	6.8845000000e-04	0.0000000000e+00
2.1520000000e-04	2.1520000000e-04	0.0000000000e+00
3.0179000000e-04	3.0179000000e-04	0.0000000000e+00
8.6240000000e-04	8.6240000000e-04	0.0000000000e+00
2.0239000000e-03	2.0239000000e-03	0.0000000000e+00
8.5188000000e-04	8.5188000000e-04	0.0000000000e+00
1.6608000000e-03	1.6608000000e-03	0.0000000000e+00
2.5061000000e-03	2.5061000000e-03	0.0000000000e+00
3.0001000000e-03	3.0001000000e-03	0.0000000000e+00
2.7828000000e-03	2.7828000000e-03	0.0000000000e+00
2.5632000000e-03	2.5632000000e-03	0.0000000000e+00
2.3453000000e-03	2.3453000000e-03	0.0000000000e+00
2.1326000000e-03	2.1326000000e-03	0.0000000000e+00
1.9282000000e-03	1.9282000000e-03	0.0000000000e+00
1.7341000000e-03	1.7341000000e-03	0.0000000000e+00
1.5521000000e-03	1.5521000000e-03	0.0000000000e+00
1.3831000000e-03	1.3831000000e-03	0.0000000000e+00
1.2276000000e-03	1.2276000000e-03	0.0000000000e+00
1.0858000000e-03	1.0858000000e-03	0.0000000000e+00
9.5734000000e-04	9.5734000000e-04	0.0000000000e+00
8.4178000000e-04	8.4178000000e-04	0.0000000000e+00
7.3841000000e-04	7.3841000000e-04	0.0000000000e+00
6.4642000000e-04	6.4642000000e-04	0.0000000000e+00
5.6493000000e-04	5.6493000000e-04	0.0000000000e+00
4.9301000000e-04	4.9301000000e-04	0.0000000000e+00
2.3307000000e-16	2.3307000000e-16	0.0000000000e+00
6.4684000000e-16	6.4684000000e-16	0.0000000000e+00
1.7713000000e-15	1.7713000000e-15	0.0000000000e+00
4.7904000000e-15	4.7904000000e-15	0.0000000000e+00
1.2838000000e-14	1.2838000000e-14	0.0000000000e+00
3.4037000000e-14	3.4037000000e-14	0.0000000000e+00
8.9166000000e-14	8.9166000000e-14	0.0000000000e+00
2.3111000000e-13	2.3111000000e-13	0.0000000000e+00
5.9217000000e-13	5.9217000000e-13	0.0000000000e+00
1.4988000000e-12	1.4988000000e-12	0.0000000000e+00
3.7754000000e-12	3.7754000000e-12	0.0000000000e+00
9.4775000000e-12	9.4775000000e-12	0.0000000000e+00
2.3935000000e-11	2.3935000000e-11	0.0000000000e+00
6.1187000000e-11	6.1187000000e-11	0.0000000000e+00
1.5774000000e-10	1.5774000000e-10	0.0000000000e+00
4.0538000000e-10	4.0538000000e-10	0.0000000000e+00
9.9440000000e-10	9.9440000000e-10	0.0000000000e+00
3.0572000000e-09	3.0572000000e-09	0.0000000000e+00
6.7969000000e-09	6.7969000000e-09	0.0000000000e+00
1.1256000000e-08	1.1256000000e-08	0.0000000000e+00
2.5388000000e-08	2.5388000000e-08	0.0000000000e+00
1.1086000000e-08	1.1086000000e-08	0.0000000000e+00
2.5014000000e-08	2.5014000000e-08	0.0000000000e+00
7.0927000000e-09	7.0927000000e-09	0.0000000000e+00
1.3780000000e-08	1.3780000000e-08	0.0000000000e+00
2.9894000000e-08	2.9894000000e-08	0.0000000000e+00
7.0337000000e-10	7.0337000000e-10	0.0000000000e+00
1.2901000000e-09	1.2901000000e-09	0.0000000000e+00
1.1057000000e-09	1.1057000000e-09	0.0000000000e+00
5.0982000000e-09	5.0982000000e-09	0.0000000000e+00
8.3309000000e-09	8.3309000000e-09	0.0000000000e+00
8.5943000000e-10	8.5943000000e-10	0.0000000000e+00
2.3205000000e-08	2.3205000000e-08	0.0000000000e+00
1.2614000000e-06	1.2614000000e-06	0.0000000000e+00
9.4070000000e-06	9.4070000000e-06	0.0000000000e+00
8.0072000000e-05	8.0072000000e-05	0.0000000000e+00
6.2757000000e-04	6.2757000000e-04	0.0000000000e+00
3.1911000000e-03	3.1911000000e-03	0.0000000000e+00
1.2586000000e-02	1.2586000000e-02	0.0000000000e+00
3.5383000000e-02	3.5383000000e-02	0.0000000000e+00
7.8625000000e-02	7.8625000000e-02	0.0000000000e+00
1.3926000000e-01	1.3926000000e-01	0.0000000000e+00
1.9804000000e-01	1.9804000000e-01	0.0000000000e+00
2.3072000000e-01	2.3072000000e-01	0.0000000000e+00
2.2503000000e-01	2.2503000000e-01	0.0000000000e+00
1.8638000000e-01	1.8638000000e-01	0.0000000000e+00
1.3562000000e-01	1.3562000000e-01	0.0000000000e+00
8.7693000000e-02	8.7693000000e-02	0.0000000000e+00
5.1484000000e-02	5.1484000000e-02	0.0000000000e+00
2.7971000000e-02	2.7971000000e-02	0.0000000000e+00
1.4276000000e-02	1.4276000000e-02	0.0000000000e+00
7.0104000000e-03	7.0104000000e-03	0.0000000000e+00
3.5053000000e-03	3.5053000000e-03	0.0000000000e+00
1.8942000000e-03	1.8942000000e-03	0.0000000000e+00
8.6060000000e-04	8.6060000000e-04	0.0000000000e+00
4.3501000000e-04	4.3501000000e-04	0.0000000000e+00
2.5209000000e-04	2.5209000000e-04	0.0000000000e+00
1.2912000000e-04	1.2912000000e-04	0.0000000000e+00
7.5930000000e-05	7.5930000000e-05	0.0000000000e+00
4.9934000000e-05	4.9934000000e-05	0.0000000000e+00
1.9202000000e-05	1.9202000000e-05	0.0000000000e+00
1.3453000000e-05	1.3453000000e-05	0.0000000000e+00
1.3019000000e-05	1.3019000000e-05	0.0000000000e+00
3.5133000000e-04	3.5133000000e-04	0.0000000000e+00
1.3472000000e-04	1.3472000000e-04	0.0000000000e+00
5.7862000000e-04	5.7862000000e-04	0.0000000000e+00
1.4612000000e-04	1.4612000000e-04	0.0000000000e+00
8.6774000000e-05	8.6774000000e-05	0.0000000000e+00
6.1257000000e-04	6.1257000000e-04	0.0000000000e+00
8.9434000000e-04	8.9434000000e-04	0.0000000000e+00
1.5562000000e-03	1.5562000000e-03	0.0000000000e+00
1.1729000000e-03	1.1729000000e-03	0.0000000000e+00
2.0733000000e-03	2.0733000000e-03	0.0000000000e+00
1.1904000000e-03	1.1904000000e-03	0.0000000000e+00
8.6845000000e-04	8.6845000000e-04	0.0000000000e+00
3.3085000000e-03	3.3085000000e-03	0.0000000000e+00
1.1285000000e-03	1.1285000000e-03	0.0000000000e+00
4.2618000000e-04	4.2618000000e-04	0.0000000000e+00
1.0955000000e-03	1.0955000000e-03	0.0000000000e+00
1.1520000000e-03	1.1520000000e-03	0.0000000000e+00
1.8854000000e-03	1.8855000000e-03	-2.3033996235e-05
2.4599000000e-03	2.4599000000e-03	0.0000000000e+00
4.1821000000e-03	4.1821000000e-03	0.0000000000e+00
4.3051000000e-03	4.3051000000e-03	0.0000000000e+00
4.2180000000e-03	4.2180000000e-03	0.0000000000e+00
3.9177000000e-03	3.9177000000e-03	0.0000000000e+00
3.6132000000e-03	3.6132000000e-03	0.0000000000e+00
3.3103000000e-03	3.3103000000e-03	0.0000000000e+00
3.0140000000e-03	3.0140000000e-03	0.0000000000e+00
2.7285000000e-03	2.7285000000e-03	0.0000000000e+00
2.4570000000e-03	2.4570000000e-03	0.0000000000e+00
2.2017000000e-03	2.2017000000e-03	0.0000000000e+00
1.9641000000e-03	1.9641000000e-03	0.0000000000e+00
1.7452000000e-03	1.7452000000e-03	0.0000000000e+00
1.5451000000e-03	1.5451000000e-03	0.0000000000e+00
1.3635000000e-03	1.3635000000e-03	0.0000000000e+00
1.1999000000e-03	1.1999000000e-03	0.0000000000e+00
1.0532000000e-03	1.0532000000e-03	0.0000000000e+00
9.2253000000e-04	9.2253000000e-04	0.0000000000e+00
8.0655000000e-04	8.0655000000e-04	0.0000000000e+00
7.0407000000e-04	7.0407000000e-04	0.0000000000e+00
3.1810000000e-16	3.1810000000e-16	0.0000000000e+00
8.8061000000e-16	8.8061000000e-16	0.0000000000e+00
2.4049000000e-15	2.4049000000e-15	0.0000000000e+00
6.5177000000e-15	6.5177000000e-15	0.0000000000e+00
1.7459000000e-14	1.7459000000e-14	0.0000000000e+00
4.6392000000e-14	4.6392000000e-14	0.0000000000e+00
1.2189000000e-13	1.2189000000e-13	0.0000000000e+00
3.1810000000e-13	3.1810000000e-13	0.0000000000e+00
8.2052000000e-13	8.2052000000e-13	0.0000000000e+00
2.1089000000e-12	2.1089000000e-12	0.0000000000e+00
5.3904000000e-12	5.3904000000e-12	0.0000000000e+00
1.3810000000e-11	1.3810000000e-11	0.0000000000e+00
3.5554000000e-11	3.5554000000e-11	0.0000000000e+00
9.2122000000e-11	9.2122000000e-11	0.0000000000e+00
2.4292000000e-10	2.4292000000e-10	0.0000000000e+00
6.6438000000e-10	6.6438000000e-10	0.0000000000e+00
1.7803000000e-09	1.7803000000e-09	0.0000000000e+00
3.7590000000e-09	3.7590000000e-09	0.0000000000e+00
8.1686000000e-09	8.1686000000e-09	0.0000000000e+00
1.7735000000e-08	1.7735000000e-08	0.0000000000e+00
2.3081000000e-10	2.3081000000e-10	0.0000000000e+00
5.2356000000e-10	5.2356000000e-10	0.0000000000e+00
7.3713000000e-09	7.3713000000e-09	0.0000000000e+00
2.5649000000e-09	2.5649000000e-09	0.0000000000e+00
5.0149000000e-09	5.0149000000e-09	0.0000000000e+00
8.3952000000e-09	8.3952000000e-09	0.0000000000e+00
9.1828000000e-10	9.1828000000e-10	0.0000000000e+00
1.7961000000e-09	1.7961000000e-09	0.0000000000e+00
3.6868000000e-09	3.6868000000e-09	0.0000000000e+00
1.1540000000e-08	1.1540000000e-08	0.0000000000e+00
1.5713000000e-08	1.5713000000e-08	0.0000000000e+00
3.2457000000e-08	3.2457000000e-08	0.0000000000e+00
5.9421000000e-08	5.9421000000e-08	0.0000000000e+00
8.6024000000e-07	8.6024000000e-07	0.0000000000e+00
4.5630000000e-06	4.5630000000e-06	0.0000000000e+00
3.3486000000e-05	3.3486000000e-05	0.0000000000e+00
1.9952000000e-04	1.9952000000e-04	0.0000000000e+00
1.1748000000e-03	1.1748000000e-03	0.0000000000e+00
4.8051000000e-03	4.8051000000e-03	0.0000000000e+00
1.5443000000e-02	1.5443000000e-02	0.0000000000e+00
4.1541000000e-02	4.1541000000e-02	0.0000000000e+00
8.6591000000e-02	8.6591000000e-02	0.0000000000e+00
1.4432000000e-01	1.4432000000e-01	0.0000000000e+00
1.9732000000e-01	1.9732000000e-01	0.0000000000e+00
2.2639000000e-01	2.2639000000e-01	0.0000000000e+00
2.2133000000e-01	2.2133000000e-01	0.0000000000e+00
1.8874000000e-01	1.8874000000e-01	0.0000000000e+00
1.4297000000e-01	1.4297000000e-01	0.0000000000e+00
9.7803000000e-02	9.7803000000e-02	0.0000000000e+00
6.1462000000e-02	6.1461000000e-02	7.0661224004e-06
3.5962000000e-02	3.5962000000e-02	0.0000000000e+00
2.0094000000e-02	2.0094000000e-02	0.0000000000e+00
1.1378000000e-02	1.1378000000e-02	0.0000000000e+00
5.9964000000e-03	5.9964000000e-03	0.0000000000e+00
4.7354000000e-03	4.7354000000e-03	0.0000000000e+00
1.7599000000e-03	1.7599000000e-03	0.0000000000e+00
1.1530000000e-03	1.1530000000e-03	0.0000000000e+00
5.4142000000e-04	5.4142000000e-04	0.0000000000e+00
3.6793000000e-04	3.6793000000e-04	0.0000000000e+00
2.7720000000e-04	2.7720000000e-04	0.0000000000e+00
1.2600000000e-04	1.2600000000e-04	0.0000000000e+00
8.4733000000e-05	8.4733000000e-05	0.0000000000e+00
7.1595000000e-05	7.1595000000e-05	0.0000000000e+00
3.8550000000e-04	3.8550000000e-04	0.0000000000e+00
1.7487000000e-05	1.7487000000e-05	0.0000000000e+00
1.1164000000e-04	1.1164000000e-04	0.0000000000e+00
1.2938000000e-03	1.2938000000e-03	0.0000000000e+00
6.0205000000e-04	6.0205000000e-04	0.0000000000e+00
6.7961000000e-04	6.7961000000e-04	0.0000000000e+00
2.3928000000e-03	2.3928000000e-03	0.0000000000e+00
2.6121000000e-03	2.6121000000e-03	0.0000000000e+00
2.8805000000e-03	2.8805000000e-03	0.0000000000e+00
3.6683000000e-03	3.6683000000e-03	0.0000000000e+00
1.5776000000e-03	1.5776000000e-03	0.0000000000e+00
1.5535000000e-03	1.5535000000e-03	0.0000000000e+00
4.4787000000e-03	4.4787000000e-03	0.0000000000e+00
2.0704000000e-03	2.0704000000e-03	0.0000000000e+00
1.4348000000e-03	1.4348000000e-03	0.0000000000e+00
1.7573000000e-03	1.7573000000e-03	0.0000000000e+00
1.7770000000e-03	1.7770000000e-03	0.0000000000e+00
3.9407000000e-03	3.9407000000e-03	0.0000000000e+00
3.9036000000e-03	3.9036000000e-03	0.0000000000e+00
3.7892000000e-03	3.7892000000e-03	0.0000000000e+00
4.7533000000e-03	4.7533000000e-03	0.0000000000e+00
5.8452000000e-03	5.8452000000e-03	0.0000000000e+00
5.4371000000e-03	5.4371000000e-03	0.0000000000e+00
5.0221000000e-03	5.0221000000e-03	0.0000000000e+00
4.6081000000e-03	4.6081000000e-03	0.0000000000e+00
4.2021000000e-03	4.2021000000e-03	0.0000000000e+00
3.8098000000e-03	3.8098000000e-03	0.0000000000e+00
3.4357000000e-03	3.4357000000e-03	0.0000000000e+00
3.0832000000e-03	3.0832000000e-03	0.0000000000e+00
2.7544000000e-03	2.7544000000e-03	0.0000000000e+00
2.4507000000e-03	2.4507000000e-03	0.0000000000e+00
2.1724000000e-03	2.1724000000e-03	0.0000000000e+00
1.9194000000e-03	1.9194000000e-03	0.0000000000e+00
1.6909000000e-03	1.6909000000e-03	0.0000000000e+00
1.4857000000e-03	1.4857000000e-03	0.0000000000e+00
1.3025000000e-03	1.3025000000e-03	0.0000000000e+00
1.1396000000e-03	1.1396000000e-03	0.0000000000e+00
9.9538000000e-04	9.9538000000e-04	0.0000000000e+00
4.2507000000e-16	4.2507000000e-16	0.0000000000e+00
1.1732000000e-15	1.1732000000e-15	0.0000000000e+00
3.2016000000e-15	3.2016000000e-15	0.0000000000e+00
8.6272000000e-15	8.6272000000e-15	0.0000000000e+00
2.3091000000e-14	2.3091000000e-14	0.0000000000e+00
6.1326000000e-14	6.1326000000e-14	0.0000000000e+00
1.6156000000e-13	1.6156000000e-13	0.0000000000e+00
4.2241000000e-13	4.2241000000e-13	0.0000000000e+00
1.1001000000e-12	1.1001000000e-12	0.0000000000e+00
2.8493000000e-12	2.8493000000e-12	0.0000000000e+00
7.3923000000e-12	7.3923000000e-12	0.0000000000e+00
1.9240000000e-11	1.9240000000e-11	0.0000000000e+00
4.9975000000e-11	4.9975000000e-11	0.0000000000e+00
1.3126000000e-10	1.3126000000e-10	0.0000000000e+00
3.4389000000e-10	3.4389000000e-10	0.0000000000e+00
8.9882000000e-10	8.9882000000e-10	0.0000000000e+00
2.0694000000e-09	2.0694000000e-09	0.0000000000e+00
5.5197000000e-09	5.5197000000e-09	0.0000000000e+00
1.2455000000e-08	1.2455000000e-08	0.0000000000e+00
2.7274000000e-08	2.7274000000e-08	0.0000000000e+00
5.2995000000e-08	5.2995000000e-08	0.0000000000e+00
5.4482000000e-09	5.4482000000e-09	0.0000000000e+00
1.5031000000e-09	1.5031000000e-09	0.0000000000e+00
1.2481000000e-08	1.2481000000e-08	0.0000000000e+00
9.6726000000e-10	9.6726000000e-10	0.0000000000e+00
8.9789000000e-09	8.9789000000e-09	0.0000000000e+00
6.8024000000e-09	6.8024000000e-09	0.0000000000e+00
2.9996000000e-09	2.9996000000e-09	0.0000000000e+00
1.2586000000e-09	1.2586000000e-09	0.0000000000e+00
3.8359000000e-09	3.8359000000e-09	0.0000000000e+00
2.5285000000e-08	2.5285000000e-08	0.0000000000e+00
5.3435000000e-08	5.3435000000e-08	0.0000000000e+00
2.6223000000e-07	2.6223000000e-07	0.0000000000e+00
2.5038000000e-06	2.5038000000e-06	0.0000000000e+00
3.2286000000e-06	3.2286000000e-06	0.0000000000e+00
8.7746000000e-06	8.7746000000e-06	0.0000000000e+00
7.1295000000e-05	7.1294000000e-05	6.0915565985e-06
3.9459000000e-04	3.9459000000e-04	0.0000000000e+00
1.7752000000e-03	1.7752000000e-03	0.0000000000e+00
5.7168000000e-03	5.7168000000e-03	0.0000000000e+00
1.9452000000e-02	1.9452000000e-02	0.0000000000e+00
4.6699000000e-02	4.6699000000e-02	0.0000000000e+00
9.1532000000e-02	9.1532000000e-02	0.0000000000e+00
1.4644000000e-01	1.4644000000e-01	0.0000000000e+00
1.9474000000e-01	1.9474000000e-01	0.0000000000e+00
2.2198000000e-01	2.2198000000e-01	0.0000000000e+00
2.1990000000e-01	2.1990000000e-01	0.0000000000e+00
1.9311000000e-01	1.9311000000e-01	0.0000000000e+00
1.5272000000e-01	1.5272000000e-01	0.0000000000e+00
1.1059000000e-01	1.1059000000e-01	0.0000000000e+00
7.4634000000e-02	7.4634000000e-02	0.0000000000e+00
5.1146000000e-02	5.1146000000e-02	0.0000000000e+00
2.9806000000e-02	2.9806000000e-02	0.0000000000e+00
1.8406000000e-02	1.8406000000e-02	0.0000000000e+00
1.2965000000e-02	1.2965000000e-02	0.0000000000e+00
6.5409000000e-03	6.5409000000e-03	0.0000000000e+00
4.8507000000e-03	4.8507000000e-03	0.0000000000e+00
4.1703000000e-03	4.1703000000e-03	0.0000000000e+00
1.5051000000e-03	1.5051000000e-03	0.0000000000e+00
7.6864000000e-04	7.6864000000e-04	0.0000000000e+00
5.8427000000e-04	5.8427000000e-04	0.0000000000e+00
3.5759000000e-04	3.5759000000e-04	0.0000000000e+00
2.3803000000e-04	2.3803000000e-04	0.0000000000e+00
2.6847000000e-04	2.6847000000e-04	0.0000000000e+00
4.7093000000e-04	4.7093000000e-04	0.0000000000e+00
4.6417000000e-04	4.6417000000e-04	0.0000000000e+00
4.6123000000e-04	4.6123000000e-04	0.0000000000e+00
2.7630000000e-03	2.7630000000e-03	0.0000000000e+00
1.5243000000e-03	1.5243000000e-03	0.0000000000e+00
2.1775000000e-03	2.1775000000e-03	0.0000000000e+00
1.4082000000e-03	1.4082000000e-03	0.0000000000e+00
4.6845000000e-03	4.6845000000e-03	0.0000000000e+00
5.3222000000e-03	5.3222000000e-03	0.0000000000e+00
5.3408000000e-03	5.3408000000e-03	0.0000000000e+00
6.4852000000e-03	6.4852000000e-03	0.0000000000e+00
7.1714000000e-03	7.1714000000e-03	0.0000000000e+00
5.5444000000e-03	5.5444000000e-03	0.0000000000e+00
1.2981000000e-03	1.2981000000e-03	0.0000000000e+00
8.9089000000e-04	8.9089000000e-04	0.0000000000e+00
2.5019000000e-03	2.5019000000e-03	0.0000000000e+00
2.5127000000e-03	2.5127000000e-03	0.0000000000e+00
5.1764000000e-03	5.1764000000e-03	0.0000000000e+00
4.7441000000e-03	4.7441000000e-03	0.0000000000e+00
7.3048000000e-03	7.3048000000e-03	0.0000000000e+00
7.9835000000e-03	7.9835000000e-03	0.0000000000e+00
7.4386000000e-03	7.4386000000e-03	0.0000000000e+00
6.8825000000e-03	6.8825000000e-03	0.0000000000e+00
6.3261000000e-03	6.3261000000e-03	0.0000000000e+00
5.7788000000e-03	5.7788000000e-03	0.0000000000e+00
5.2484000000e-03	5.2484000000e-03	0.0000000000e+00
4.7412000000e-03	4.7412000000e-03	0.0000000000e+00
4.2620000000e-03	4.2620000000e-03	0.0000000000e+00
3.8139000000e-03	3.8139000000e-03	0.0000000000e+00
3.3988000000e-03	3.3988000000e-03	0.0000000000e+00
3.0176000000e-03	3.0176000000e-03	0.0000000000e+00
2.6701000000e-03	2.6701000000e-03	0.0000000000e+00
2.3555000000e-03	2.3555000000e-03	0.0000000000e+00
2.0723000000e-03	2.0723000000e-03	0.0000000000e+00
1.8189000000e-03	1.8189000000e-03	0.0000000000e+00
1.5931000000e-03	1.5931000000e-03	0.0000000000e+00
1.3928000000e-03	1.3928000000e-03	0.0000000000e+00
5.5641000000e-16	5.5641000000e-16	0.0000000000e+00
1.5304000000e-15	1.5304000000e-15	0.0000000000e+00
4.1511000000e-15	4.1511000000e-15	0.0000000000e+00
1.1172000000e-14	1.1172000000e-14	0.0000000000e+00
2.9863000000e-14	2.9863000000e-14	0.0000000000e+00
7.9043000000e-14	7.9043000000e-14	0.0000000000e+00
2.0766000000e-13	2.0766000000e-13	0.0000000000e+00
5.4341000000e-13	5.4341000000e-13	0.0000000000e+00
1.4193000000e-12	1.4193000000e-12	0.0000000000e+00
3.6959000000e-12	3.6959000000e-12	0.0000000000e+00
9.6701000000e-12	9.6701000000e-12	0.0000000000e+00
2.5332000000e-11	2.5332000000e-11	0.0000000000e+00
6.6600000000e-11	6.6600000000e-11	0.0000000000e+00
1.7509000000e-10	1.7509000000e-10	0.0000000000e+00
4.5197000000e-10	4.5197000000e-10	0.0000000000e+00
1.1368000000e-09	1.1368000000e-09	0.0000000000e+00
2.7527000000e-09	2.7527000000e-09	0.0000000000e+00
6.2808000000e-09	6.2808000000e-09	0.0000000000e+00
1.4021000000e-08	1.4021000000e-08	0.0000000000e+00
3.0585000000e-08	3.0585000000e-08	0.0000000000e+00
6.5129000000e-08	6.5129000000e-08	0.0000000000e+00
8.1508000000e-08	8.1508000000e-08	0.0000000000e+00
9.4569000000e-09	9.4569000000e-09	0.0000000000e+00
4.1291000000e-09	4.1291000000e-09	0.0000000000e+00
6.3941000000e-10	6.3941000000e-10	0.0000000000e+00
1.0257000000e-09	1.0257000000e-09	0.0000000000e+00
3.3237000000e-10	3.3237000000e-10	0.0000000000e+00
1.0649000000e-09	1.0649000000e-09	0.0000000000e+00
8.7600000000e-09	8.7600000000e-09	0.0000000000e+00
1.7135000000e-08	1.7135000000e-08	0.0000000000e+00
3.1089000000e-08	3.1089000000e-08	0.0000000000e+00
6.1306000000e-07	6.1306000000e-07	0.0000000000e+00
1.0384000000e-06	1.0384000000e-06	0.0000000000e+00
1.8422000000e-06	1.8422000000e-06	0.0000000000e+00
3.0931000000e-06	3.0931000000e-06	0.0000000000e+00
9.3701000000e-06	9.3701000000e-06	0.0000000000e+00
2.0713000000e-05	2.0713000000e-05	0.0000000000e+00
1.1432000000e-04	1.1432000000e-04	0.0000000000e+00
5.7162000000e-04	5.7162000000e-04	0.0000000000e+00
2.5779000000e-03	2.5779000000e-03	0.0000000000e+00
8.4573000000e-03	8.4573000000e-03	0.0000000000e+00
2.3214000000e-02	2.3214000000e-02	0.0000000000e+00
5.3037000000e-02	5.3037000000e-02	0.0000000000e+00
9.5162000000e-02	9.5161000000e-02	4.5637624660e-06
1.4587000000e-01	1.4587000000e-01	0.0000000000e+00
1.9034000000e-01	1.9034000000e-01	0.0000000000e+00
2.1680000000e-01	2.1680000000e-01	0.0000000000e+00
2.1840000000e-01	2.1840000000e-01	0.0000000000e+00
1.9782000000e-01	1.9782000000e-01	0.0000000000e+00
1.6779000000e-01	1.6779000000e-01	0.0000000000e+00
1.3208000000e-01	1.3208000000e-01	0.0000000000e+00
9.6499000000e-02	9.6499000000e-02	0.0000000000e+00
7.9578000000e-02	7.9578000000e-02	0.0000000000e+00
4.1906000000e-02	4.1906000000e-02	0.0000000000e+00
3.0823000000e-02	3.0823000000e-02	0.0000000000e+00
3.2492000000e-02	3.2492000000e-02	0.0000000000e+00
2.1987000000e-02	2.1987000000e-02	0.0000000000e+00
8.1141000000e-03	8.1141000000e-03	0.0000000000e+00
4.7098000000e-03	4.7098000000e-03	0.0000000000e+00
2.8560000000e-03	2.8560000000e-03	0.0000000000e+00
1.6745000000e-03	1.6745000000e-03	0.0000000000e+00
1.2269000000e-03	1.2269000000e-03	0.0000000000e+00
7.1652000000e-04	7.1652000000e-04	0.0000000000e+00
6.6695000000e-04	6.6695000000e-04	0.0000000000e+00
3.6891000000e-04	3.6891000000e-04	0.0000000000e+00
2.1768000000e-04	2.1768000000e-04	0.0000000000e+00
1.6599000000e-04	1.6599000000e-04	0.0000000000e+00
1.3673000000e-03	1.3673000000e-03	0.0000000000e+00
2.3642000000e-03	2.3642000000e-03	0.0000000000e+00
3.0887000000e-03	3.0887000000e-03	0.0000000000e+00
5.1116000000e-03	5.1116000000e-03	0.0000000000e+00
2.3357000000e-03	2.3357000000e-03	0.0000000000e+00
5.8663000000e-03	5.8663000000e-03	0.0000000000e+00
3.1978000000e-03	3.1978000000e-03	0.0000000000e+00
4.8878000000e-03	4.8878000000e-03	0.0000000000e+00
7.8905000000e-03	7.8905000000e-03	0.0000000000e+00
1.0738000000e-02	1.0738000000e-02	0.0000000000e+00
7.4466000000e-03	7.4466000000e-03	0.0000000000e+00
3.0164000000e-03	3.0164000000e-03	0.0000000000e+00
3.9321000000e-03	3.9321000000e-03	0.0000000000e+00
3.1743000000e-03	3.1743000000e-03	0.0000000000e+00
3.5425000000e-03	3.5425000000e-03	0.0000000000e+00
7.0722000000e-03	7.0722000000e-03	0.0000000000e+00
8.1345000000e-03	8.1345000000e-03	0.0000000000e+00
1.0747000000e-02	1.0747000000e-02	0.0000000000e+00
1.0032000000e-02	1.0032000000e-02	0.0000000000e+00
9.2998000000e-03	9.2998000000e-03	0.0000000000e+00
8.5644000000e-03	8.5644000000e-03	0.0000000000e+00
7.8387000000e-03	7.8387000000e-03	0.0000000000e+00
7.1332000000e-03	7.1332000000e-03	0.0000000000e+00
6.4565000000e-03	6.4565000000e-03	0.0000000000e+00
5.8151000000e-03	5.8151000000e-03	0.0000000000e+00
5.2137000000e-03	5.2137000000e-03	0.0000000000e+00
4.6550000000e-03	4.6550000000e-03	0.0000000000e+00
4.1404000000e-03	4.1404000000e-03	0.0000000000e+00
3.6700000000e-03	3.6700000000e-03	0.0000000000e+00
3.2430000000e-03	3.2430000000e-03	0.0000000000e+00
2.8576000000e-03	2.8576000000e-03	0.0000000000e+00
2.5118000000e-03	2.5118000000e-03	0.0000000000e+00
2.2031000000e-03	2.2031000000e-03	0.0000000000e+00
1.9285000000e-03	1.9285000000e-03	0.0000000000e+00
7.1387000000e-16	7.1387000000e-16	0.0000000000e+00
1.9559000000e-15	1.9559000000e-15	0.0000000000e+00
5.2840000000e-15	5.2840000000e-15	0.0000000000e+00
1.4129000000e-14	1.4129000000e-14	0.0000000000e+00
3.7528000000e-14	3.7528000000e-14	0.0000000000e+00
9.9169000000e-14	9.9169000000e-14	0.0000000000e+00
2.5959000000e-13	2.5959000000e-13	0.0000000000e+00
6.7716000000e-13	6.7716000000e-13	0.0000000000e+00
1.7696000000e-12	1.7696000000e-12	0.0000000000e+00
4.6036000000e-12	4.6036000000e-12	0.0000000000e+00
1.2095000000e-11	1.2095000000e-11	0.0000000000e+00
3.1731000000e-11	3.1731000000e-11	0.0000000000e+00
8.3560000000e-11	8.3560000000e-11	0.0000000000e+00
2.1861000000e-10	2.1861000000e-10	0.0000000000e+00
5.6061000000e-10	5.6061000000e-10	0.0000000000e+00
1.3222000000e-09	1.3222000000e-09	0.0000000000e+00
3.0616000000e-09	3.0616000000e-09	0.0000000000e+00
6.9490000000e-09	6.9490000000e-09	0.0000000000e+00
1.5439000000e-08	1.5439000000e-08	0.0000000000e+00
3.3540000000e-08	3.3540000000e-08	0.0000000000e+00
7.1161000000e-08	7.1161000000e-08	0.0000000000e+00
1.4733000000e-07	1.4733000000e-07	0.0000000000e+00
5.2538000000e-08	5.2538000000e-08	0.0000000000e+00
3.9992000000e-09	3.9992000000e-09	0.0000000000e+00
7.6890000000e-10	7.6890000000e-10	0.0000000000e+00
1.5812000000e-09	1.5812000000e-09	0.0000000000e+00
2.5008000000e-09	2.5008000000e-09	0.0000000000e+00
3.7836000000e-09	3.7836000000e-09	0.0000000000e+00
1.1723000000e-08	1.1723000000e-08	0.0000000000e+00
1.8121000000e-07	1.8121000000e-07	0.0000000000e+00
4.3909000000e-08	4.3909000000e-08	0.0000000000e+00
7.3550000000e-08	7.3550000000e-08	0.0000000000e+00
1.2396000000e-06	1.2396000000e-06	0.0000000000e+00
8.4379000000e-07	8.4379000000e-07	0.0000000000e+00
3.8366000000e-06	3.8366000000e-06	0.0000000000e+00
7.1790000000e-06	7.1790000000e-06	0.0000000000e+00
2.1018000000e-05	2.1018000000e-05	0.0000000000e+00
5.4753000000e-05	5.4753000000e-05	0.0000000000e+00
2.3784000000e-04	2.3784000000e-04	0.0000000000e+00
9.5988000000e-04	9.5988000000e-04	0.0000000000e+00
3.5704000000e-03	3.5704000000e-03	0.0000000000e+00
1.1121000000e-02	1.1121000000e-02	0.0000000000e+00
2.7700000000e-02	2.7700000000e-02	0.0000000000e+00
5.5784000000e-02	5.5784000000e-02	0.0000000000e+00
9.6646000000e-02	9.6646000000e-02	0.0000000000e+00
1.4312000000e-01	1.4312000000e-01	0.0000000000e+00
1.8452000000e-01	1.8452000000e-01	0.0000000000e+00
2.1058000000e-01	2.1058000000e-01	0.0000000000e+00
2.1641000000e-01	2.1641000000e-01	0.0000000000e+00
2.0548000000e-01	2.0548000000e-01	0.0000000000e+00
1.8283000000e-01	1.8283000000e-01	0.0000000000e+00
1.6682000000e-01	1.6682000000e-01	0.0000000000e+00
1.3927000000e-01	1.3927000000e-01	0.0000000000e+00
9.1834000000e-02	9.1834000000e-02	0.0000000000e+00
7.1839000000e-02	7.1839000000e-02	0.0000000000e+00
5.5989000000e-02	5.5989000000e-02	0.0000000000e+00
3.3515000000e-02	3.3515000000e-02	0.0000000000e+00
2.0592000000e-02	2.0592000000e-02	0.0000000000e+00
1.2240000000e-02	1.2240000000e-02	0.0000000000e+00
1.0580000000e-02	1.0580000000e-02	0.0000000000e+00
4.9837000000e-03	4.9837000000e-03	0.0000000000e+00
4.6327000000e-03	4.6327000000e-03	0.0000000000e+00
2.7447000000e-03	2.7447000000e-03	0.0000000000e+00
2.1140000000e-03	2.1140000000e-03	0.0000000000e+00
1.7700000000e-03	1.7700000000e-03	0.0000000000e+00
1.0381000000e-03	1.0381000000e-03	0.0000000000e+00
8.6655000000e-04	8.6655000000e-04	0.0000000000e+00
9.0612000000e-04	9.0612000000e-04	0.0000000000e+00
8.8186000000e-04	8.8186000000e-04	0.0000000000e+00
1.8024000000e-03	1.8024000000e-03	0.0000000000e+00
6.3694000000e-03	6.3694000000e-03	0.0000000000e+00
2.2133000000e-03	2.2133000000e-03	0.0000000000e+00
3.4547000000e-03	3.4547000000e-03	0.0000000000e+00
4.1660000000e-03	4.1660000000e-03	0.0000000000e+00
9.4040000000e-03	9.4040000000e-03	0.0000000000e+00
1.5366000000e-02	1.5366000000e-02	0.0000000000e+00
9.9106000000e-03	9.9106000000e-03	0.0000000000e+00
9.7253000000e-03	9.7253000000e-03	0.0000000000e+00
4.1730000000e-03	4.1730000000e-03	0.0000000000e+00
4.7290000000e-03	4.7290000000e-03	0.0000000000e+00
8.4691000000e-03	8.4691000000e-03	0.0000000000e+00
6.1923000000e-03	6.1923000000e-03	0.0000000000e+00
9.3133000000e-03	9.3133000000e-03	0.0000000000e+00
1.5132000000e-02	1.5132000000e-02	0.0000000000e+00
1.4258000000e-02	1.4258000000e-02	0.0000000000e+00
1.3337000000e-02	1.3337000000e-02	0.0000000000e+00
1.2389000000e-02	1.2389000000e-02	0.0000000000e+00
1.1434000000e-02	1.1434000000e-02	0.0000000000e+00
1.0488000000e-02	1.0488000000e-02	0.0000000000e+00
9.5644000000e-03	9.5644000000e-03	0.0000000000e+00
8.6759000000e-03	8.6759000000e-03	0.0000000000e+00
7.8310000000e-03	7.8310000000e-03	0.0000000000e+00
7.0361000000e-03	7.0361000000e-03	0.0000000000e+00
6.2954000000e-03	6.2954000000e-03	0.0000000000e+00
5.6111000000e-03	5.6111000000e-03	0.0000000000e+00
4.9836000000e-03	4.9836000000e-03	0.0000000000e+00
4.4123000000e-03	4.4123000000e-03	0.0000000000e+00
3.8953000000e-03	3.8953000000e-03	0.0000000000e+00
3.4300000000e-03	3.4300000000e-03	0.0000000000e+00
3.0133000000e-03	3.0133000000e-03	0.0000000000e+00
2.6419000000e-03	2.6419000000e-03	0.0000000000e+00
9.0047000000e-16	9.0047000000e-16	0.0000000000e+00
2.4446000000e-15	2.4446000000e-15	0.0000000000e+00
6.5604000000e-15	6.5604000000e-15	0.0000000000e+00
1.7466000000e-14	1.7466000000e-14	0.0000000000e+00
4.6185000000e-14	4.6185000000e-14	0.0000000000e+00
1.2094000000e-13	1.2094000000e-13	0.0000000000e+00
3.1587000000e-13	3.1587000000e-13	0.0000000000e+00
8.2016000000e-13	8.2016000000e-13	0.0000000000e+00
2.1271000000e-12	2.1271000000e-12	0.0000000000e+00
5.5251000000e-12	5.5251000000e-12	0.0000000000e+00
1.4397000000e-11	1.4397000000e-11	0.0000000000e+00
3.7780000000e-11	3.7779000000e-11	1.1495506344e-05
9.9149000000e-11	9.9149000000e-11	0.0000000000e+00
2.5860000000e-10	2.5860000000e-10	0.0000000000e+00
6.1926000000e-10	6.1926000000e-10	0.0000000000e+00
1.4506000000e-09	1.4506000000e-09	0.0000000000e+00
3.3379000000e-09	3.3379000000e-09	0.0000000000e+00
7.5332000000e-09	7.5332000000e-09	0.0000000000e+00
1.6652000000e-08	1.6652000000e-08	0.0000000000e+00
3.6010000000e-08	3.6010000000e-08	0.0000000000e+00
7.6098000000e-08	7.6098000000e-08	0.0000000000e+00
1.5700000000e-07	1.5700000000e-07	0.0000000000e+00
3.1599000000e-07	3.1599000000e-07	0.0000000000e+00
3.7207000000e-08	3.7207000000e-08	0.0000000000e+00
1.1085000000e-08	1.1085000000e-08	0.0000000000e+00
2.8591000000e-10	2.8591000000e-10	0.0000000000e+00
3.6437000000e-09	3.6437000000e-09	0.0000000000e+00
1.1622000000e-08	1.1622000000e-08	0.0000000000e+00
4.9206000000e-08	4.9205000000e-08	8.8261369545e-06
4.4303000000e-08	4.4303000000e-08	0.0000000000e+00
6.4626000000e-08	6.4626000000e-08	0.0000000000e+00
1.9615000000e-07	1.9615000000e-07	0.0000000000e+00
9.2657000000e-07	9.2657000000e-07	0.0000000000e+00
2.2390000000e-06	2.2390000000e-06	0.0000000000e+00
5.4200000000e-06	5.4200000000e-06	0.0000000000e+00
8.2004000000e-06	8.2004000000e-06	0.0000000000e+00
1.4384000000e-05	1.4384000000e-05	0.0000000000e+00
4.3939000000e-05	4.3939000000e-05	0.0000000000e+00
1.3638000000e-04	1.3638000000e-04	0.0000000000e+00
4.7724000000e-04	4.7724000000e-04	0.0000000000e+00
1.4798000000e-03	1.4798000000e-03	0.0000000000e+00
4.8918000000e-03	4.8918000000e-03	0.0000000000e+00
1.3439000000e-02	1.3439000000e-02	0.0000000000e+00
2.9950000000e-02	2.9950000000e-02	0.0000000000e+00
5.7897000000e-02	5.7897000000e-02	0.0000000000e+00
9.5937000000e-02	9.5937000000e-02	0.0000000000e+00
1.3792000000e-01	1.3792000000e-01	0.0000000000e+00
1.7242000000e-01	1.7242000000e-01	0.0000000000e+00
2.0267000000e-01	2.0267000000e-01	0.0000000000e+00
2.1336000000e-01	2.1336000000e-01	0.0000000000e+00
2.1604000000e-01	2.1604000000e-01	0.0000000000e+00
2.0598000000e-01	2.0598000000e-01	0.0000000000e+00
1.7876000000e-01	1.7876000000e-01	0.0000000000e+00
1.7980000000e-01	1.7980000000e-01	0.0000000000e+00
1.4726000000e-01	1.4726000000e-01	0.0000000000e+00
1.3005000000e-01	1.3005000000e-01	0.0000000000e+00
8.0054000000e-02	8.0054000000e-02	0.0000000000e+00
4.5075000000e-02	4.5075000000e-02	0.0000000000e+00
2.8503000000e-02	2.8503000000e-02	0.0000000000e+00
2.7514000000e-02	2.7514000000e-02	0.0000000000e+00
2.1513000000e-02	2.1513000000e-02	0.0000000000e+00
9.7675000000e-03	9.7675000000e-03	0.0000000000e+00
7.9914000000e-03	7.9914000000e-03	0.0000000000e+00
4.9411000000e-03	4.9411000000e-03	0.0000000000e+00
4.5703000000e-03	4.5703000000e-03	0.0000000000e+00
2.6856000000e-03	2.6856000000e-03	0.0000000000e+00
2.1301000000e-03	2.1301000000e-03	0.0000000000e+00
1.7910000000e-03	1.7910000000e-03	0.0000000000e+00
1.6956000000e-03	1.6956000000e-03	0.0000000000e+00
3.2994000000e-03	3.2994000000e-03	0.0000000000e+00
4.2141000000e-03	4.2141000000e-03	0.0000000000e+00
3.9893000000e-03	3.9893000000e-03	0.0000000000e+00
1.8485000000e-03	1.8485000000e-03	0.0000000000e+00
5.5572000000e-03	5.5572000000e-03	0.0000000000e+00
1.4723000000e-02	1.4723000000e-02	0.0000000000e+00
2.0399000000e-02	2.0399000000e-02	0.0000000000e+00
1.5844000000e-02	1.5844000000e-02	0.0000000000e+00
9.7935000000e-03	9.7935000000e-03	0.0000000000e+00
4.5400000000e-03	4.5400000000e-03	0.0000000000e+00
9.5761000000e-03	9.5761000000e-03	0.0000000000e+00
1.2742000000e-02	1.2742000000e-02	0.0000000000e+00
1.2307000000e-02	1.2307000000e-02	0.0000000000e+00
1.9967000000e-02	1.9967000000e-02	0.0000000000e+00
1.1727000000e-02	1.1727000000e-02	0.0000000000e+00
1.8644000000e-02	1.8644000000e-02	0.0000000000e+00
1.7478000000e-02	1.7478000000e-02	0.0000000000e+00
1.6273000000e-02	1.6273000000e-02	0.0000000000e+00
1.5053000000e-02	1.5053000000e-02	0.0000000000e+00
1.3839000000e-02	1.3839000000e-02	0.0000000000e+00
1.2651000000e-02	1.2651000000e-02	0.0000000000e+00
1.1503000000e-02	1.1503000000e-02	0.0000000000e+00
1.0408000000e-02	1.0408000000e-02	0.0000000000e+00
9.3735000000e-03	9.3735000000e-03	0.0000000000e+00
8.4065000000e-03	8.4065000000e-03	0.0000000000e+00
7.5100000000e-03	7.5100000000e-03	0.0000000000e+00
6.6853000000e-03	6.6853000000e-03	0.0000000000e+00
5.9319000000e-03	5.9319000000e-03	0.0000000000e+00
5.2479000000e-03	5.2479000000e-03	0.0000000000e+00
4.6305000000e-03	4.6305000000e-03	0.0000000000e+00
4.0759000000e-03	4.0759000000e-03	0.0000000000e+00
3.5800000000e-03	3.5800000000e-03	0.0000000000e+00
1.1118000000e-15	1.1118000000e-15	0.0000000000e+00
2.9976000000e-15	2.9976000000e-15	0.0000000000e+00
7.9886000000e-15	7.9886000000e-15	0.0000000000e+00
2.1120000000e-14	2.1120000000e-14	0.0000000000e+00
5.5457000000e-14	5.5457000000e-14	0.0000000000e+00
1.4419000000e-13	1.4419000000e-13	0.0000000000e+00
3.7373000000e-13	3.7373000000e-13	0.0000000000e+00
9.6218000000e-13	9.6218000000e-13	0.0000000000e+00
2.4776000000e-12	2.4776000000e-12	0.0000000000e+00
6.3835000000e-12	6.3835000000e-12	0.0000000000e+00
1.6490000000e-11	1.6490000000e-11	0.0000000000e+00
4.2704000000e-11	4.2704000000e-11	0.0000000000e+00
1.1164000000e-10	1.1164000000e-10	0.0000000000e+00
2.8446000000e-10	2.8446000000e-10	0.0000000000e+00
6.7196000000e-10	6.7196000000e-10	0.0000000000e+00
1.5627000000e-09	1.5627000000e-09	0.0000000000e+00
3.5717000000e-09	3.5717000000e-09	0.0000000000e+00
8.0119000000e-09	8.0119000000e-09	0.0000000000e+00
1.7613000000e-08	1.7613000000e-08	0.0000000000e+00
3.7902000000e-08	3.7902000000e-08	0.0000000000e+00
7.9750000000e-08	7.9750000000e-08	0.0000000000e+00
1.6392000000e-07	1.6392000000e-07	0.0000000000e+00
3.2884000000e-07	3.2884000000e-07	0.0000000000e+00
4.7913000000e-08	4.7913000000e-08	0.0000000000e+00
1.3782000000e-09	1.3782000000e-09	0.0000000000e+00
2.2494000000e-09	2.2494000000e-09	0.0000000000e+00
4.7523000000e-09	4.7523000000e-09	0.0000000000e+00
1.0092000000e-08	1.0092000000e-08	0.0000000000e+00
2.2002000000e-08	2.2003000000e-08	-1.9738415270e-05
3.5711000000e-07	3.5711000000e-07	0.0000000000e+00
2.0928000000e-07	2.0928000000e-07	0.0000000000e+00
5.0721000000e-07	5.0721000000e-07	0.0000000000e+00
2.1727000000e-06	2.1727000000e-06	0.0000000000e+00
3.9255000000e-06	3.9255000000e-06	0.0000000000e+00
6.6167000000e-06	6.6167000000e-06	0.0000000000e+00
9.7710000000e-06	9.7710000000e-06	0.0000000000e+00
1.5596000000e-05	1.5596000000e-05	0.0000000000e+00
4.1495000000e-05	4.1495000000e-05	0.0000000000e+00
9.5597000000e-05	9.5597000000e-05	0.0000000000e+00
2.4480000000e-04	2.4480000000e-04	0.0000000000e+00
8.1543000000e-04	8.1543000000e-04	0.0000000000e+00
2.2694000000e-03	2.2694000000e-03	0.0000000000e+00
6.1696000000e-03	6.1696000000e-03	0.0000000000e+00
1.4999000000e-02	1.4999000000e-02	0.0000000000e+00
3.2032000000e-02	3.2032000000e-02	0.0000000000e+00
5.7396000000e-02	5.7396000000e-02	0.0000000000e+00
9.1401000000e-02	9.1401000000e-02	0.0000000000e+00
1.1749000000e-01	1.1749000000e-01	0.0000000000e+00
1.5978000000e-01	1.5978000000e-01	0.0000000000e+00
1.8779000000e-01	1.8779000000e-01	0.0000000000e+00
2.0309000000e-01	2.0309000000e-01	0.0000000000e+00
2.1128000000e-01	2.1128000000e-01	0.0000000000e+00
2.0852000000e-01	2.0852000000e-01	0.0000000000e+00
2.0662000000e-01	2.0662000000e-01	0.0000000000e+00
1.7830000000e-01	1.7830000000e-01	0.0000000000e+00
1.6225000000e-01	1.6225000000e-01	0.0000000000e+00
1.3505000000e-01	1.3505000000e-01	0.0000000000e+00
8.5813000000e-02	8.5813000000e-02	0.0000000000e+00
7.8587000000e-02	7.8587000000e-02	0.0000000000e+00
3.7901000000e-02	3.7901000000e-02	0.0000000000e+00
3.5980000000e-02	3.5980000000e-02	0.0000000000e+00
2.0630000000e-02	2.0630000000e-02	0.0000000000e+00
1.6717000000e-02	1.6717000000e-02	0.0000000000e+00
1.1831000000e-02	1.1831000000e-02	0.0000000000e+00
9.2083000000e-03	9.2083000000e-03	0.0000000000e+00
7.6327000000e-03	7.6327000000e-03	0.0000000000e+00
5.7551000000e-03	5.7551000000e-03	0.0000000000e+00
6.9916000000e-03	6.9916000000e-03	0.0000000000e+00
6.1373000000e-03	6.1373000000e-03	0.0000000000e+00
1.2411000000e-02	1.2411000000e-02	0.0000000000e+00
1.2137000000e-02	1.2137000000e-02	0.0000000000e+00
6.4160000000e-03	6.4160000000e-03	0.0000000000e+00
9.8480000000e-03	9.8480000000e-03	0.0000000000e+00
1.2802000000e-02	1.2802000000e-02	0.0000000000e+00
1.3670000000e-02	1.3670000000e-02	0.0000000000e+00
2.7706000000e-02	2.7706000000e-02	0.0000000000e+00
2.6956000000e-02	2.6956000000e-02	0.0000000000e+00
2.0820000000e-02	2.0820000000e-02	0.0000000000e+00
8.0037000000e-03	8.0037000000e-03	0.0000000000e+00
7.9688000000e-03	7.9688000000e-03	0.0000000000e+00
8.1095000000e-03	8.1095000000e-03	0.0000000000e+00
1.5380000000e-02	1.5380000000e-02	0.0000000000e+00
1.5407000000e-02	1.5407000000e-02	0.0000000000e+00
2.1954000000e-02	2.1954000000e-02	0.0000000000e+00
2.4028000000e-02	2.4028000000e-02	0.0000000000e+00
2.2579000000e-02	2.2579000000e-02	0.0000000000e+00
2.1074000000e-02	2.1074000000e-02	0.0000000000e+00
1.9542000000e-02	1.9542000000e-02	0.0000000000e+00
1.8012000000e-02	1.8012000000e-02	0.0000000000e+00
1.6508000000e-02	1.6508000000e-02	0.0000000000e+00
1.5049000000e-02	1.5049000000e-02	0.0000000000e+00
1.3651000000e-02	1.3651000000e-02	0.0000000000e+00
1.2326000000e-02	1.2326000000e-02	0.0000000000e+00
1.1083000000e-02	1.1083000000e-02	0.0000000000e+00
9.9263000000e-03	9.9263000000e-03	0.0000000000e+00
8.8583000000e-03	8.8583000000e-03	0.0000000000e+00
7.8793000000e-03	7.8793000000e-03	0.0000000000e+00
6.9873000000e-03	6.9873000000e-03	0.0000000000e+00
6.1794000000e-03	6.1794000000e-03	0.0000000000e+00
5.4513000000e-03	5.4513000000e-03	0.0000000000e+00
4.7982000000e-03	4.7982000000e-03	0.0000000000e+00
1.3446000000e-15	1.3446000000e-15	0.0000000000e+00
3.5996000000e-15	3.5996000000e-15	0.0000000000e+00
9.5249000000e-15	9.5249000000e-15	0.0000000000e+00
2.4946000000e-14	2.4946000000e-14	0.0000000000e+00
6.4891000000e-14	6.4891000000e-14	0.0000000000e+00
1.6786000000e-13	1.6786000000e-13	0.0000000000e+00
4.3068000000e-13	4.3068000000e-13	0.0000000000e+00
1.0988000000e-12	1.0988000000e-12	0.0000000000e+00
2.7983000000e-12	2.7983000000e-12	0.0000000000e+00
7.1132000000e-12	7.1132000000e-12	0.0000000000e+00
1.8204000000e-11	1.8204000000e-11	0.0000000000e+00
4.6727000000e-11	4.6727000000e-11	0.0000000000e+00
1.2010000000e-10	1.2010000000e-10	0.0000000000e+00
3.0609000000e-10	3.0609000000e-10	0.0000000000e+00
7.1712000000e-10	7.1712000000e-10	0.0000000000e+00
1.6549000000e-09	1.6549000000e-09	0.0000000000e+00
3.7558000000e-09	3.7558000000e-09	0.0000000000e+00
8.3704000000e-09	8.3704000000e-09	0.0000000000e+00
1.8294000000e-08	1.8294000000e-08	0.0000000000e+00
3.9159000000e-08	3.9159000000e-08	0.0000000000e+00
8.2012000000e-08	8.2012000000e-08	0.0000000000e+00
1.6788000000e-07	1.6788000000e-07	0.0000000000e+00
3.3563000000e-07	3.3563000000e-07	0.0000000000e+00
3.6275000000e-07	3.6275000000e-07	0.0000000000e+00
2.1120000000e-09	2.1120000000e-09	0.0000000000e+00
2.8676000000e-09	2.8676000000e-09	0.0000000000e+00
7.2493000000e-09	7.2493000000e-09	0.0000000000e+00
1.4320000000e-08	1.4320000000e-08	0.0000000000e+00
2.7492000000e-08	2.7492000000e-08	0.0000000000e+00
5.8611000000e-08	5.8611000000e-08	0.0000000000e+00
3.4789000000e-07	3.4789000000e-07	0.0000000000e+00
1.4412000000e-06	1.4412000000e-06	0.0000000000e+00
2.8225000000e-06	2.8225000000e-06	0.0000000000e+00
4.3642000000e-06	4.3642000000e-06	0.0000000000e+00
1.5878000000e-05	1.5878000000e-05	0.0000000000e+00
3.3239000000e-05	3.3239000000e-05	0.0000000000e+00
4.7586000000e-05	4.7586000000e-05	0.0000000000e+00
3.8169000000e-05	3.8169000000e-05	0.0000000000e+00
9.8729000000e-05	9.8729000000e-05	0.0000000000e+00
1.9222000000e-04	1.9222000000e-04	0.0000000000e+00
4.7256000000e-04	4.7256000000e-04	0.0000000000e+00
1.1429000000e-03	1.1429000000e-03	0.0000000000e+00
3.0543000000e-03	3.0543000000e-03	0.0000000000e+00
7.3391000000e-03	7.3391000000e-03	0.0000000000e+00
1.6236000000e-02	1.6236000000e-02	0.0000000000e+00
3.1671000000e-02	3.1671000000e-02	0.0000000000e+00
4.9217000000e-02	4.9217000000e-02	0.0000000000e+00
8.2237000000e-02	8.2237000000e-02	0.0000000000e+00
1.1075000000e-01	1.1075000000e-01	0.0000000000e+00
1.4280000000e-01	1.4280000000e-01	0.0000000000e+00
1.7027000000e-01	1.7027000000e-01	0.0000000000e+00
1.9574000000e-01	1.9574000000e-01	0.0000000000e+00
2.0637000000e-01	2.0637000000e-01	0.0000000000e+00
2.1046000000e-01	2.1046000000e-01	0.0000000000e+00
2.0414000000e-01	2.0414000000e-01	0.0000000000e+00
1.7864000000e-01	1.7864000000e-01	0.0000000000e+00
1.5716000000e-01	1.5716000000e-01	0.0000000000e+00
1.4814000000e-01	1.4814000000e-01	0.0000000000e+00
1.1002000000e-01	1.1002000000e-01	0.0000000000e+00
8.7938000000e-02	8.7938000000e-02	0.0000000000e+00
5.4127000000e-02	5.4127000000e-02	0.0000000000e+00
4.3523000000e-02	4.3523000000e-02	0.0000000000e+00
3.5569000000e-02	3.5569000000e-02	0.0000000000e+00
2.6130000000e-02	2.6130000000e-02	0.0000000000e+00
2.1034000000e-02	2.1034000000e-02	0.0000000000e+00
1.8607000000e-02	1.8607000000e-02	0.0000000000e+00
1.3800000000e-02	1.3800000000e-02	0.0000000000e+00
1.1595000000e-02	1.1595000000e-02	0.0000000000e+00
1.6356000000e-02	1.6356000000e-02	0.0000000000e+00
2.0535000000e-02	2.0535000000e-02	0.0000000000e+00
1.8158000000e-02	1.8158000000e-02	0.0000000000e+00
1.8784000000e-02	1.8784000000e-02	0.0000000000e+00
2.6636000000e-02	2.6636000000e-02	0.0000000000e+00
2.7855000000e-02	2.7855000000e-02	0.0000000000e+00
1.9664000000e-02	1.9664000000e-02	0.0000000000e+00
3.3390000000e-02	3.3390000000e-02	0.0000000000e+00
3.5822000000e-02	3.5822000000e-02	0.0000000000e+00
3.1853000000e-02	3.1853000000e-02	0.0000000000e+00
1.6088000000e-02	1.6088000000e-02	0.0000000000e+00
1.3003000000e-02	1.3003000000e-02	0.0000000000e+00
1.2840000000e-02	1.2840000000e-02	0.0000000000e+00
1.7337000000e-02	1.7337000000e-02	0.0000000000e+00
1.9642000000e-02	1.9642000000e-02	0.0000000000e+00
2.1856000000e-02	2.1856000000e-02	0.0000000000e+00
2.6712000000e-02	2.6712000000e-02	0.0000000000e+00
2.8756000000e-02	2.8756000000e-02	0.0000000000e+00
2.6908000000e-02	2.6908000000e-02	0.0000000000e+00
2.5019000000e-02	2.5019000000e-02	0.0000000000e+00
2.3123000000e-02	2.3123000000e-02	0.0000000000e+00
2.1250000000e-02	2.1250000000e-02	0.0000000000e+00
1.9426000000e-02	1.9426000000e-02	0.0000000000e+00
1.7670000000e-02	1.7670000000e-02	0.0000000000e+00
1.6000000000e-02	1.6000000000e-02	0.0000000000e+00
1.4426000000e-02	1.4426000000e-02	0.0000000000e+00
1.2956000000e-02	1.2956000000e-02	0.0000000000e+00
1.1594000000e-02	1.1594000000e-02	0.0000000000e+00
1.0340000000e-02	1.0340000000e-02	0.0000000000e+00
9.1932000000e-03	9.1932000000e-03	0.0000000000e+00
8.1509000000e-03	8.1509000000e-03	0.0000000000e+00
7.2082000000e-03	7.2082000000e-03	0.0000000000e+00
6.3596000000e-03	6.3596000000e-03	0.0000000000e+00
1.5976000000e-15	1.5976000000e-15	0.0000000000e+00
4.2462000000e-15	4.2462000000e-15	0.0000000000e+00
1.1128000000e-14	1.1128000000e-14	0.0000000000e+00
2.8869000000e-14	2.8869000000e-14	0.0000000000e+00
7.4391000000e-14	7.4391000000e-14	0.0000000000e+00
1.9020000000e-13	1.9020000000e-13	0.0000000000e+00
4.8316000000e-13	4.8315000000e-13	8.9887196017e-06
1.2216000000e-12	1.2216000000e-12	0.0000000000e+00
3.0767000000e-12	3.0767000000e-12	0.0000000000e+00
7.7328000000e-12	7.7328000000e-12	0.0000000000e+00
1.9450000000e-11	1.9450000000e-11	0.0000000000e+00
4.9092000000e-11	4.9092000000e-11	0.0000000000e+00
1.2502000000e-10	1.2502000000e-10	0.0000000000e+00
3.1850000000e-10	3.1850000000e-10	0.0000000000e+00
7.5359000000e-10	7.5359000000e-10	0.0000000000e+00
1.7252000000e-09	1.7252000000e-09	0.0000000000e+00
3.8862000000e-09	3.8862000000e-09	0.0000000000e+00
8.6017000000e-09	8.6017000000e-09	0.0000000000e+00
1.8682000000e-08	1.8682000000e-08	0.0000000000e+00
3.9768000000e-08	3.9768000000e-08	0.0000000000e+00
8.2875000000e-08	8.2875000000e-08	0.0000000000e+00
1.6891000000e-07	1.6891000000e-07	0.0000000000e+00
3.3642000000e-07	3.3642000000e-07	0.0000000000e+00
1.7360000000e-07	1.7360000000e-07	0.0000000000e+00
2.0549000000e-09	2.0549000000e-09	0.0000000000e+00
1.2698000000e-09	1.2698000000e-09	0.0000000000e+00
7.4359000000e-09	7.4359000000e-09	0.0000000000e+00
7.6388000000e-08	7.6388000000e-08	0.0000000000e+00
1.0719000000e-07	1.0719000000e-07	0.0000000000e+00
1.8533000000e-07	1.8533000000e-07	0.0000000000e+00
1.7102000000e-07	1.7102000000e-07	0.0000000000e+00
9.2825000000e-07	9.2825000000e-07	0.0000000000e+00
3.0847000000e-06	3.0847000000e-06	0.0000000000e+00
5.5437000000e-06	5.5437000000e-06	0.0000000000e+00
8.7293000000e-06	8.7293000000e-06	0.0000000000e+00
1.6184000000e-05	1.6184000000e-05	0.0000000000e+00
5.4639000000e-05	5.4639000000e-05	0.0000000000e+00
4.8505000000e-05	4.8505000000e-05	0.0000000000e+00
1.2702000000e-04	1.2702000000e-04	0.0000000000e+00
1.8382000000e-04	1.8382000000e-04	0.0000000000e+00
3.7250000000e-04	3.7250000000e-04	0.0000000000e+00
6.9051000000e-04	6.9051000000e-04	0.0000000000e+00
1.5832000000e-03	1.5832000000e-03	0.0000000000e+00
3.8298000000e-03	3.8298000000e-03	0.0000000000e+00
8.2772000000e-03	8.2772000000e-03	0.0000000000e+00
1.6166000000e-02	1.6166000000e-02	0.0000000000e+00
3.1921000000e-02	3.1921000000e-02	0.0000000000e+00
4.7567000000e-02	4.7567000000e-02	0.0000000000e+00
7.2627000000e-02	7.2627000000e-02	0.0000000000e+00
1.0880000000e-01	1.0880000000e-01	0.0000000000e+00
1.4123000000e-01	1.4123000000e-01	0.0000000000e+00
1.5999000000e-01	1.5999000000e-01	0.0000000000e+00
1.8413000000e-01	1.8413000000e-01	0.0000000000e+00
2.0084000000e-01	2.0084000000e-01	0.0000000000e+00
2.0334000000e-01	2.0334000000e-01	0.0000000000e+00
2.0303000000e-01	2.0303000000e-01	0.0000000000e+00
1.9419000000e-01	1.9419000000e-01	0.0000000000e+00
1.9151000000e-01	1.9151000000e-01	0.0000000000e+00
1.8099000000e-01	1.8099000000e-01	0.0000000000e+00
1.4666000000e-01	1.4666000000e-01	0.0000000000e+00
1.0251000000e-01	1.0251000000e-01	0.0000000000e+00
7.9489000000e-02	7.9489000000e-02	0.0000000000e+00
6.2151000000e-02	6.2151000000e-02	0.0000000000e+00
5.1101000000e-02	5.1101000000e-02	0.0000000000e+00
4.1973000000e-02	4.1973000000e-02	0.0000000000e+00
3.6285000000e-02	3.6285000000e-02	0.0000000000e+00
3.2555000000e-02	3.2555000000e-02	0.0000000000e+00
2.7771000000e-02	2.7771000000e-02	0.0000000000e+00
2.2437000000e-02	2.2437000000e-02	0.0000000000e+00
2.4966000000e-02	2.4966000000e-02	0.0000000000e+00
2.5423000000e-02	2.5423000000e-02	0.0000000000e+00
2.8026000000e-02	2.8026000000e-02	0.0000000000e+00
2.6063000000e-02	2.6063000000e-02	0.0000000000e+00
4.1667000000e-02	4.1667000000e-02	0.0000000000e+00
4.3777000000e-02	4.3777000000e-02	0.0000000000e+00
4.5308000000e-02	4.5308000000e-02	0.0000000000e+00
4.1803000000e-02	4.1803000000e-02	0.0000000000e+00
4.4179000000e-02	4.4179000000e-02	0.0000000000e+00
2.4388000000e-02	2.4388000000e-02	0.0000000000e+00
2.2123000000e-02	2.2123000000e-02	0.0000000000e+00
2.0457000000e-02	2.0457000000e-02	0.0000000000e+00
2.4866000000e-02	2.4866000000e-02	0.0000000000e+00
3.5490000000e-02	3.5490000000e-02	0.0000000000e+00
4.0178000000e-02	4.0178000000e-02	0.0000000000e+00
3.8220000000e-02	3.8220000000e-02	0.0000000000e+00
3.6103000000e-02	3.6103000000e-02	0.0000000000e+00
3.3877000000e-02	3.3877000000e-02	0.0000000000e+00
3.1588000000e-02	3.1588000000e-02	0.0000000000e+00
2.9278000000e-02	2.9278000000e-02	0.0000000000e+00
2.6985000000e-02	2.6985000000e-02	0.0000000000e+00
2.4741000000e-02	2.4741000000e-02	0.0000000000e+00
2.2573000000e-02	2.2573000000e-02	0.0000000000e+00
2.0500000000e-02	2.0500000000e-02	0.0000000000e+00
1.8538000000e-02	1.8538000000e-02	0.0000000000e+00
1.6698000000e-02	1.6698000000e-02	0.0000000000e+00
1.4986000000e-02	1.4986000000e-02	0.0000000000e+00
1.3404000000e-02	1.3404000000e-02	0.0000000000e+00
1.1951000000e-02	1.1951000000e-02	0.0000000000e+00
1.0626000000e-02	1.0626000000e-02	0.0000000000e+00
9.4221000000e-03	9.4221000000e-03	0.0000000000e+00
8.3346000000e-03	8.3346000000e-03	0.0000000000e+00
1.8662000000e-15	1.8662000000e-15	0.0000000000e+00
4.9121000000e-15	4.9121000000e-15	0.0000000000e+00
1.2721000000e-14	1.2721000000e-14	0.0000000000e+00
3.2688000000e-14	3.2688000000e-14	0.0000000000e+00
8.3263000000e-14	8.3263000000e-14	0.0000000000e+00
2.1047000000e-13	2.1047000000e-13	0.0000000000e+00
5.2956000000e-13	5.2956000000e-13	0.0000000000e+00
1.3251000000e-12	1.3251000000e-12	0.0000000000e+00
3.2966000000e-12	3.2966000000e-12	0.0000000000e+00
8.1774000000e-12	8.1774000000e-12	0.0000000000e+00
2.0271000000e-11	2.0271000000e-11	0.0000000000e+00
5.0394000000e-11	5.0394000000e-11	0.0000000000e+00
1.2657000000e-10	1.2657000000e-10	0.0000000000e+00
3.1876000000e-10	3.1876000000e-10	0.0000000000e+00
7.8073000000e-10	7.8073000000e-10	0.0000000000e+00
1.7724000000e-09	1.7724000000e-09	0.0000000000e+00
3.9617000000e-09	3.9617000000e-09	0.0000000000e+00
8.7061000000e-09	8.7061000000e-09	0.0000000000e+00
1.8786000000e-08	1.8786000000e-08	0.0000000000e+00
3.9753000000e-08	3.9753000000e-08	0.0000000000e+00
8.2408000000e-08	8.2408000000e-08	0.0000000000e+00
1.6719000000e-07	1.6719000000e-07	0.0000000000e+00
3.7421000000e-08	3.7421000000e-08	0.0000000000e+00
1.0523000000e-08	1.0523000000e-08	0.0000000000e+00
1.0435000000e-09	1.0435000000e-09	0.0000000000e+00
2.6786000000e-09	2.6786000000e-09	0.0000000000e+00
3.6415000000e-09	3.6415000000e-09	0.0000000000e+00
1.2026000000e-08	1.2026000000e-08	0.0000000000e+00
4.8643000000e-08	4.8643000000e-08	0.0000000000e+00
1.0641000000e-07	1.0641000000e-07	0.0000000000e+00
7.0103000000e-07	7.0103000000e-07	0.0000000000e+00
7.6846000000e-07	7.6846000000e-07	0.0000000000e+00
3.5156000000e-06	3.5156000000e-06	0.0000000000e+00
6.0927000000e-06	6.0927000000e-06	0.0000000000e+00
1.0604000000e-05	1.0604000000e-05	0.0000000000e+00
3.3899000000e-05	3.3899000000e-05	0.0000000000e+00
6.6985000000e-05	6.6985000000e-05	0.0000000000e+00
8.2887000000e-05	8.2887000000e-05	0.0000000000e+00
1.8046000000e-04	1.8046000000e-04	0.0000000000e+00
2.0991000000e-04	2.0991000000e-04	0.0000000000e+00
3.2968000000e-04	3.2968000000e-04	0.0000000000e+00
5.9977000000e-04	5.9977000000e-04	0.0000000000e+00
9.8417000000e-04	9.8417000000e-04	0.0000000000e+00
1.7710000000e-03	1.7710000000e-03	0.0000000000e+00
4.4141000000e-03	4.4141000000e-03	0.0000000000e+00
8.9299000000e-03	8.9299000000e-03	0.0000000000e+00
1.6740000000e-02	1.6740000000e-02	0.0000000000e+00
2.8905000000e-02	2.8905000000e-02	0.0000000000e+00
4.2747000000e-02	4.2747000000e-02	0.0000000000e+00
6.8063000000e-02	6.8063000000e-02	0.0000000000e+00
1.0101000000e-01	1.0101000000e-01	0.0000000000e+00
1.2894000000e-01	1.2894000000e-01	0.0000000000e+00
1.6114000000e-01	1.6114000000e-01	0.0000000000e+00
1.7173000000e-01	1.7173000000e-01	0.0000000000e+00
1.8443000000e-01	1.8443000000e-01	0.0000000000e+00
1.9811000000e-01	1.9811000000e-01	0.0000000000e+00
2.0534000000e-01	2.0534000000e-01	0.0000000000e+00
2.0591000000e-01	2.0591000000e-01	0.0000000000e+00
1.9737000000e-01	1.9737000000e-01	0.0000000000e+00
1.8912000000e-01	1.8912000000e-01	0.0000000000e+00
1.8222000000e-01	1.8222000000e-01	0.0000000000e+00
1.3963000000e-01	1.3963000000e-01	0.0000000000e+00
1.0392000000e-01	1.0392000000e-01	0.0000000000e+00
8.9034000000e-02	8.9034000000e-02	0.0000000000e+00
7.7635000000e-02	7.7635000000e-02	0.0000000000e+00
6.4539000000e-02	6.4539000000e-02	0.0000000000e+00
5.7457000000e-02	5.7457000000e-02	0.0000000000e+00
5.6536000000e-02	5.6536000000e-02	0.0000000000e+00
4.7312000000e-02	4.7312000000e-02	0.0000000000e+00
4.3982000000e-02	4.3982000000e-02	0.0000000000e+00
5.7175000000e-02	5.7175000000e-02	0.0000000000e+00
5.2575000000e-02	5.2575000000e-02	0.0000000000e+00
5.7977000000e-02	5.7977000000e-02	0.0000000000e+00
5.7450000000e-02	5.7450000000e-02	0.0000000000e+00
5.7411000000e-02	5.7411000000e-02	0.0000000000e+00
5.6898000000e-02	5.6898000000e-02	0.0000000000e+00
5.6818000000e-02	5.6818000000e-02	0.0000000000e+00
5.4231000000e-02	5.4230000000e-02	8.0083067999e-06
5.4634000000e-02	5.4634000000e-02	0.0000000000e+00
3.9215000000e-02	3.9215000000e-02	0.0000000000e+00
4.4106000000e-02	4.4106000000e-02	0.0000000000e+00
3.2027000000e-02	3.2027000000e-02	0.0000000000e+00
4.9660000000e-02	4.9660000000e-02	0.0000000000e+00
3.9544000000e-02	3.9544000000e-02	0.0000000000e+00
4.7180000000e-02	4.7180000000e-02	0.0000000000e+00
4.4692000000e-02	4.4692000000e-02	0.0000000000e+00
4.2058000000e-02	4.2058000000e-02	0.0000000000e+00
3.9332000000e-02	3.9332000000e-02	0.0000000000e+00
3.6567000000e-02	3.6567000000e-02	0.0000000000e+00
3.3807000000e-02	3.3807000000e-02	0.0000000000e+00
3.1093000000e-02	3.1093000000e-02	0.0000000000e+00
2.8457000000e-02	2.8457000000e-02	0.0000000000e+00
2.5925000000e-02	2.5925000000e-02	0.0000000000e+00
2.3519000000e-02	2.3519000000e-02	0.0000000000e+00
2.1251000000e-02	2.1251000000e-02	0.0000000000e+00
1.9132000000e-02	1.9132000000e-02	0.0000000000e+00
1.7165000000e-02	1.7165000000e-02	0.0000000000e+00
1.5351000000e-02	1.5351000000e-02	0.0000000000e+00
1.3689000000e-02	1.3689000000e-02	0.0000000000e+00
1.2174000000e-02	1.2174000000e-02	0.0000000000e+00
1.0799000000e-02	1.0799000000e-02	0.0000000000e+00
2.1393000000e-15	2.1393000000e-15	0.0000000000e+00
5.5634000000e-15	5.5634000000e-15	0.0000000000e+00
1.4269000000e-14	1.4269000000e-14	0.0000000000e+00
3.6160000000e-14	3.6160000000e-14	0.0000000000e+00
9.0869000000e-14	9.0869000000e-14	0.0000000000e+00
2.2716000000e-13	2.2716000000e-13	0.0000000000e+00
5.6530000000e-13	5.6530000000e-13	0.0000000000e+00
1.3958000000e-12	1.3958000000e-12	0.0000000000e+00
3.4363000000e-12	3.4363000000e-12	0.0000000000e+00
8.4313000000e-12	8.4313000000e-12	0.0000000000e+00
2.0679000000e-11	2.0679000000e-11	0.0000000000e+00
5.0646000000e-11	5.0646000000e-11	0.0000000000e+00
1.2506000000e-10	1.2506000000e-10	0.0000000000e+00
3.1162000000e-10	3.1162000000e-10	0.0000000000e+00
7.8261000000e-10	7.8262000000e-10	-5.5492736774e-06
1.7968000000e-09	1.7968000000e-09	0.0000000000e+00
3.9840000000e-09	3.9840000000e-09	0.0000000000e+00
8.6902000000e-09	8.6902000000e-09	0.0000000000e+00
1.8624000000e-08	1.8624000000e-08	0.0000000000e+00
3.9167000000e-08	3.9167000000e-08	0.0000000000e+00
8.0745000000e-08	8.0745000000e-08	0.0000000000e+00
3.7098000000e-08	3.7098000000e-08	0.0000000000e+00
5.4764000000e-10	5.4764000000e-10	0.0000000000e+00
2.0231000000e-09	2.0231000000e-09	0.0000000000e+00
1.3462000000e-09	1.3462000000e-09	0.0000000000e+00
5.6125000000e-09	5.6125000000e-09	0.0000000000e+00
1.4190000000e-08	1.4190000000e-08	0.0000000000e+00
4.4353000000e-08	4.4353000000e-08	0.0000000000e+00
8.2492000000e-08	8.2492000000e-08	0.0000000000e+00
7.7743000000e-07	7.7743000000e-07	0.0000000000e+00
1.2345000000e-06	1.2345000000e-06	0.0000000000e+00
2.2499000000e-06	2.2499000000e-06	0.0000000000e+00
4.0355000000e-06	4.0355000000e-06	0.0000000000e+00
6.9186000000e-06	6.9186000000e-06	0.0000000000e+00
2.5031000000e-05	2.5031000000e-05	0.0000000000e+00
3.4831000000e-05	3.4831000000e-05	0.0000000000e+00
4.9135000000e-05	4.9135000000e-05	0.0000000000e+00
8.4701000000e-05	8.4701000000e-05	0.0000000000e+00
1.4618000000e-04	1.4618000000e-04	0.0000000000e+00
2.2744000000e-04	2.2744000000e-04	0.0000000000e+00
4.9322000000e-04	4.9322000000e-04	0.0000000000e+00
6.5972000000e-04	6.5972000000e-04	0.0000000000e+00
9.1623000000e-04	9.1623000000e-04	0.0000000000e+00
1.1443000000e-03	1.1443000000e-03	0.0000000000e+00
2.2144000000e-03	2.2144000000e-03	0.0000000000e+00
4.8339000000e-03	4.8339000000e-03	0.0000000000e+00
8.9939000000e-03	8.9939000000e-03	0.0000000000e+00
1.6887000000e-02	1.6887000000e-02	0.0000000000e+00
2.7717000000e-02	2.7717000000e-02	0.0000000000e+00
4.4816000000e-02	4.4816000000e-02	0.0000000000e+00
6.7693000000e-02	6.7693000000e-02	0.0000000000e+00
9.4177000000e-02	9.4177000000e-02	0.0000000000e+00
1.2108000000e-01	1.2108000000e-01	0.0000000000e+00
1.4191000000e-01	1.4191000000e-01	0.0000000000e+00
1.5425000000e-01	1.5425000000e-01	0.0000000000e+00
1.7259000000e-01	1.7259000000e-01	0.0000000000e+00
1.8881000000e-01	1.8881000000e-01	0.0000000000e+00
2.0029000000e-01	2.0029000000e-01	0.0000000000e+00
2.0319000000e-01	2.0319000000e-01	0.0000000000e+00
2.0074000000e-01	2.0074000000e-01	0.0000000000e+00
2.1341000000e-01	2.1341000000e-01	0.0000000000e+00
1.9094000000e-01	1.9094000000e-01	0.0000000000e+00
1.6715000000e-01	1.6715000000e-01	0.0000000000e+00
1.5282000000e-01	1.5282000000e-01	0.0000000000e+00
1.5213000000e-01	1.5213000000e-01	0.0000000000e+00
1.1423000000e-01	1.1423000000e-01	0.0000000000e+00
1.0226000000e-01	1.0226000000e-01	0.0000000000e+00
8.8246000000e-02	8.8246000000e-02	0.0000000000e+00
8.4401000000e-02	8.4401000000e-02	0.0000000000e+00
7.7250000000e-02	7.7250000000e-02	0.0000000000e+00
9.0088000000e-02	9.0088000000e-02	0.0000000000e+00
8.4720000000e-02	8.4720000000e-02	0.0000000000e+00
8.4035000000e-02	8.4035000000e-02	0.0000000000e+00
8.0056000000e-02	8.0056000000e-02	0.0000000000e+00
7.4463000000e-02	7.4463000000e-02	0.0000000000e+00
7.3434000000e-02	7.3434000000e-02	0.0000000000e+00
7.1416000000e-02	7.1416000000e-02	0.0000000000e+00
6.9924000000e-02	6.9924000000e-02	0.0000000000e+00
6.8664000000e-02	6.8664000000e-02	0.0000000000e+00
4.1243000000e-02	4.1243000000e-02	0.0000000000e+00
6.5424000000e-02	6.5424000000e-02	0.0000000000e+00
5.2155000000e-02	5.2155000000e-02	0.0000000000e+00
3.8945000000e-02	3.8945000000e-02	0.0000000000e+00
6.0064000000e-02	6.0064000000e-02	0.0000000000e+00
5.7432000000e-02	5.7432000000e-02	0.0000000000e+00
5.4555000000e-02	5.4555000000e-02	0.0000000000e+00
5.1492000000e-02	5.1492000000e-02	0.0000000000e+00
4.8304000000e-02	4.8304000000e-02	0.0000000000e+00
4.5050000000e-02	4.5050000000e-02	0.0000000000e+00
4.1785000000e-02	4.1785000000e-02	0.0000000000e+00
3.8556000000e-02	3.8556000000e-02	0.0000000000e+00
3.5404000000e-02	3.5404000000e-02	0.0000000000e+00
3.2362000000e-02	3.2362000000e-02	0.0000000000e+00
2.9456000000e-02	2.9456000000e-02	0.0000000000e+00
2.6705000000e-02	2.6705000000e-02	0.0000000000e+00
2.4121000000e-02	2.4121000000e-02	0.0000000000e+00
2.1712000000e-02	2.1712000000e-02	0.0000000000e+00
1.9481000000e-02	1.9481000000e-02	0.0000000000e+00
1.7427000000e-02	1.7427000000e-02	0.0000000000e+00
1.5547000000e-02	1.5547000000e-02	0.0000000000e+00
1.3833000000e-02	1.3833000000e-02	0.0000000000e+00
2.4136000000e-15	2.4136000000e-15	0.0000000000e+00
6.2019000000e-15	6.2019000000e-15	0.0000000000e+00
1.5683000000e-14	1.5683000000e-14	0.0000000000e+00
3.9198000000e-14	3.9198000000e-14	0.0000000000e+00
9.7190000000e-14	9.7190000000e-14	0.0000000000e+00
2.3933000000e-13	2.3933000000e-13	0.0000000000e+00
5.8700000000e-13	5.8700000000e-13	0.0000000000e+00
1.4346000000e-12	1.4346000000e-12	0.0000000000e+00
3.4948000000e-12	3.4948000000e-12	0.0000000000e+00
8.4897000000e-12	8.4897000000e-12	0.0000000000e+00
2.0590000000e-11	2.0590000000e-11	0.0000000000e+00
5.0014000000e-11	5.0014000000e-11	0.0000000000e+00
1.2177000000e-10	1.2177000000e-10	0.0000000000e+00
2.9957000000e-10	2.9957000000e-10	0.0000000000e+00
7.4685000000e-10	7.4685000000e-10	0.0000000000e+00
1.7995000000e-09	1.7995000000e-09	0.0000000000e+00
3.9570000000e-09	3.9570000000e-09	0.0000000000e+00
8.5651000000e-09	8.5651000000e-09	0.0000000000e+00
1.8226000000e-08	1.8226000000e-08	0.0000000000e+00
3.8085000000e-08	3.8085000000e-08	0.0000000000e+00
7.8064000000e-08	7.8064000000e-08	0.0000000000e+00
6.9891000000e-09	6.9891000000e-09	0.0000000000e+00
1.5210000000e-10	1.5210000000e-10	0.0000000000e+00
4.0200000000e-10	4.0200000000e-10	0.0000000000e+00
3.1025000000e-09	3.1025000000e-09	0.0000000000e+00
8.0778000000e-09	8.0778000000e-09	0.0000000000e+00
1.4797000000e-08	1.4797000000e-08	0.0000000000e+00
1.1272000000e-07	1.1272000000e-07	0.0000000000e+00
1.4253000000e-07	1.4253000000e-07	0.0000000000e+00
2.9450000000e-07	2.9450000000e-07	0.0000000000e+00
6.3798000000e-07	6.3798000000e-07	0.0000000000e+00
2.9195000000e-06	2.9195000000e-06	0.0000000000e+00
4.8529000000e-06	4.8529000000e-06	0.0000000000e+00
1.0703000000e-05	1.0703000000e-05	0.0000000000e+00
1.8123000000e-05	1.8123000000e-05	0.0000000000e+00
3.7071000000e-05	3.7071000000e-05	0.0000000000e+00
9.1448000000e-05	9.1448000000e-05	0.0000000000e+00
9.9948000000e-05	9.9948000000e-05	0.0000000000e+00
1.6821000000e-04	1.6821000000e-04	0.0000000000e+00
2.4436000000e-04	2.4436000000e-04	0.0000000000e+00
5.6511000000e-04	5.6511000000e-04	0.0000000000e+00
6.5099000000e-04	6.5099000000e-04	0.0000000000e+00
7.7291000000e-04	7.7291000000e-04	0.0000000000e+00
1.2552000000e-03	1.2552000000e-03	0.0000000000e+00
1.5063000000e-03	1.5063000000e-03	0.0000000000e+00
2.6369000000e-03	2.6369000000e-03	0.0000000000e+00
4.8408000000e-03	4.8408000000e-03	0.0000000000e+00
9.5581000000e-03	9.5580000000e-03	4.5437561208e-06
1.5648000000e-02	1.5648000000e-02	0.0000000000e+00
2.6468000000e-02	2.6468000000e-02	0.0000000000e+00
4.2242000000e-02	4.2242000000e-02	0.0000000000e+00
6.0666000000e-02	6.0666000000e-02	0.0000000000e+00
8.6776000000e-02	8.6776000000e-02	0.0000000000e+00
1.0400000000e-01	1.0400000000e-01	0.0000000000e+00
1.1782000000e-01	1.1782000000e-01	0.0000000000e+00
1.4392000000e-01	1.4392000000e-01	0.0000000000e+00
1.7215000000e-01	1.7215000000e-01	0.0000000000e+00
1.8722000000e-01	1.8722000000e-01	0.0000000000e+00
1.9927000000e-01	1.9927000000e-01	0.0000000000e+00
2.0447000000e-01	2.0447000000e-01	0.0000000000e+00
2.1240000000e-01	2.1240000000e-01	0.0000000000e+00
2.0885000000e-01	2.0885000000e-01	0.0000000000e+00
1.9996000000e-01	1.9996000000e-01	0.0000000000e+00
1.9764000000e-01	1.9764000000e-01	0.0000000000e+00
2.2920000000e-01	2.2920000000e-01	0.0000000000e+00
1.8397000000e-01	1.8397000000e-01	0.0000000000e+00
1.6104000000e-01	1.6105000000e-01	-2.6967275112e-05
1.4680000000e-01	1.4680000000e-01	0.0000000000e+00
1.4677000000e-01	1.4677000000e-01	0.0000000000e+00
1.4553000000e-01	1.4553000000e-01	0.0000000000e+00
1.3890000000e-01	1.3890000000e-01	0.0000000000e+00
1.3768000000e-01	1.3768000000e-01	0.0000000000e+00
1.2946000000e-01	1.2946000000e-01	0.0000000000e+00
1.1673000000e-01	1.1673000000e-01	0.0000000000e+00
1.0933000000e-01	1.0933000000e-01	0.0000000000e+00
9.8675000000e-02	9.8675000000e-02	0.0000000000e+00
9.2392000000e-02	9.2392000000e-02	0.0000000000e+00
8.7730000000e-02	8.7730000000e-02	0.0000000000e+00
8.4925000000e-02	8.4925000000e-02	0.0000000000e+00
8.1073000000e-02	8.1073000000e-02	0.0000000000e+00
7.9672000000e-02	7.9672000000e-02	0.0000000000e+00
7.7246000000e-02	7.7246000000e-02	0.0000000000e+00
7.4755000000e-02	7.4755000000e-02	0.0000000000e+00
7.2036000000e-02	7.2036000000e-02	0.0000000000e+00
6.9003000000e-02	6.9003000000e-02	0.0000000000e+00
6.5706000000e-02	6.5706000000e-02	0.0000000000e+00
6.2192000000e-02	6.2192000000e-02	0.0000000000e+00
5.8521000000e-02	5.8521000000e-02	0.0000000000e+00
5.4756000000e-02	5.4756000000e-02	0.0000000000e+00
5.0957000000e-02	5.0957000000e-02	0.0000000000e+00
4.7180000000e-02	4.7180000000e-02	0.0000000000e+00
4.3473000000e-02	4.3473000000e-02	0.0000000000e+00
3.9877000000e-02	3.9877000000e-02	0.0000000000e+00
3.6423000000e-02	3.6423000000e-02	0.0000000000e+00
3.3136000000e-02	3.3136000000e-02	0.0000000000e+00
3.0034000000e-02	3.0034000000e-02	0.0000000000e+00
2.7128000000e-02	2.7128000000e-02	0.0000000000e+00
2.4424000000e-02	2.4424000000e-02	0.0000000000e+00
2.1922000000e-02	2.1922000000e-02	0.0000000000e+00
1.9622000000e-02	1.9622000000e-02	0.0000000000e+00
1.7516000000e-02	1.7516000000e-02	0.0000000000e+00
2.6755000000e-15	2.6755000000e-15	0.0000000000e+00
6.7932000000e-15	6.7932000000e-15	0.0000000000e+00
1.6939000000e-14	1.6939000000e-14	0.0000000000e+00
4.1668000000e-14	4.1668000000e-14	0.0000000000e+00
1.0152000000e-13	1.0152000000e-13	0.0000000000e+00
2.4631000000e-13	2.4631000000e-13	0.0000000000e+00
5.9444000000e-13	5.9444000000e-13	0.0000000000e+00
1.4306000000e-12	1.4306000000e-12	0.0000000000e+00
3.4407000000e-12	3.4407000000e-12	0.0000000000e+00
8.2817000000e-12	8.2817000000e-12	0.0000000000e+00
1.9979000000e-11	1.9979000000e-11	0.0000000000e+00
4.8250000000e-11	4.8250000000e-11	0.0000000000e+00
1.1667000000e-10	1.1667000000e-10	0.0000000000e+00
2.8475000000e-10	2.8475000000e-10	0.0000000000e+00
7.0338000000e-10	7.0339000000e-10	-6.1743494944e-06
1.7522000000e-09	1.7522000000e-09	0.0000000000e+00
3.8859000000e-09	3.8859000000e-09	0.0000000000e+00
8.3453000000e-09	8.3453000000e-09	0.0000000000e+00
1.7630000000e-08	1.7630000000e-08	0.0000000000e+00
3.6596000000e-08	3.6596000000e-08	0.0000000000e+00
7.4564000000e-08	7.4564000000e-08	0.0000000000e+00
4.0074000000e-09	4.0074000000e-09	0.0000000000e+00
7.0148000000e-10	7.0148000000e-10	0.0000000000e+00
3.6348000000e-10	3.6348000000e-10	0.0000000000e+00
1.9887000000e-09	1.9887000000e-09	0.0000000000e+00
9.6472000000e-09	9.6472000000e-09	0.0000000000e+00
1.8039000000e-08	1.8039000000e-08	0.0000000000e+00
4.7144000000e-08	4.7144000000e-08	0.0000000000e+00
5.3590000000e-07	5.3590000000e-07	0.0000000000e+00
3.6392000000e-07	3.6392000000e-07	0.0000000000e+00
1.0389000000e-06	1.0389000000e-06	0.0000000000e+00
1.5090000000e-06	1.5090000000e-06	0.0000000000e+00
4.9454000000e-06	4.9454000000e-06	0.0000000000e+00
2.0456000000e-05	2.0456000000e-05	0.0000000000e+00
1.6149000000e-05	1.6149000000e-05	0.0000000000e+00
4.9993000000e-05	4.9993000000e-05	0.0000000000e+00
7.3133000000e-05	7.3133000000e-05	0.0000000000e+00
1.1640000000e-04	1.1640000000e-04	0.0000000000e+00
1.7368000000e-04	1.7368000000e-04	0.0000000000e+00
2.6582000000e-04	2.6582000000e-04	0.0000000000e+00
3.6443000000e-04	3.6443000000e-04	0.0000000000e+00
7.4607000000e-04	7.4607000000e-04	0.0000000000e+00
9.0469000000e-04	9.0469000000e-04	0.0000000000e+00
1.0151000000e-03	1.0151000000e-03	0.0000000000e+00
1.4146000000e-03	1.4146000000e-03	0.0000000000e+00
1.8697000000e-03	1.8697000000e-03	0.0000000000e+00
3.3238000000e-03	3.3238000000e-03	0.0000000000e+00
5.0139000000e-03	5.0139000000e-03	0.0000000000e+00
8.7796000000e-03	8.7796000000e-03	0.0000000000e+00
1.4660000000e-02	1.4660000000e-02	0.0000000000e+00
2.3932000000e-02	2.3932000000e-02	0.0000000000e+00
3.8152000000e-02	3.8152000000e-02	0.0000000000e+00
5.4952000000e-02	5.4952000000e-02	0.0000000000e+00
7.7385000000e-02	7.7385000000e-02	0.0000000000e+00
9.3699000000e-02	9.3699000000e-02	0.0000000000e+00
1.2136000000e-01	1.2136000000e-01	0.0000000000e+00
1.3735000000e-01	1.3735000000e-01	0.0000000000e+00
1.6221000000e-01	1.6221000000e-01	0.0000000000e+00
1.8301000000e-01	1.8301000000e-01	0.0000000000e+00
1.9295000000e-01	1.9295000000e-01	0.0000000000e+00
1.9839000000e-01	1.9839000000e-01	0.0000000000e+00
2.1331000000e-01	2.1331000000e-01	0.0000000000e+00
2.2132000000e-01	2.2132000000e-01	0.0000000000e+00
2.2697000000e-01	2.2697000000e-01	0.0000000000e+00
2.4634000000e-01	2.4634000000e-01	0.0000000000e+00
2.4528000000e-01	2.4528000000e-01	0.0000000000e+00
2.1921000000e-01	2.1921000000e-01	0.0000000000e+00
2.0429000000e-01	2.0429000000e-01	0.0000000000e+00
2.3134000000e-01	2.3134000000e-01	0.0000000000e+00
2.2771000000e-01	2.2771000000e-01	0.0000000000e+00
2.1950000000e-01	2.1950000000e-01	0.0000000000e+00
2.0105000000e-01	2.0105000000e-01	0.0000000000e+00
1.8323000000e-01	1.8323000000e-01	0.0000000000e+00
1.7728000000e-01	1.7728000000e-01	0.0000000000e+00
1.4143000000e-01	1.4143000000e-01	0.0000000000e+00
1.4512000000e-01	1.4512000000e-01	0.0000000000e+00
1.2426000000e-01	1.2426000000e-01	0.0000000000e+00
1.1940000000e-01	1.1940000000e-01	0.0000000000e+00
7.7360000000e-02	7.7360000000e-02	0.0000000000e+00
1.0138000000e-01	1.0138000000e-01	0.0000000000e+00
9.6264000000e-02	9.6264000000e-02	0.0000000000e+00
9.2576000000e-02	9.2576000000e-02	0.0000000000e+00
8.9113000000e-02	8.9113000000e-02	0.0000000000e+00
8.5634000000e-02	8.5634000000e-02	0.0000000000e+00
8.2009000000e-02	8.2009000000e-02	0.0000000000e+00
7.8185000000e-02	7.8185000000e-02	0.0000000000e+00
7.4163000000e-02	7.4163000000e-02	0.0000000000e+00
6.9977000000e-02	6.9977000000e-02	0.0000000000e+00
6.5679000000e-02	6.5679000000e-02	0.0000000000e+00
6.1326000000e-02	6.1326000000e-02	0.0000000000e+00
5.6978000000e-02	5.6978000000e-02	0.0000000000e+00
5.2688000000e-02	5.2688000000e-02	0.0000000000e+00
4.8504000000e-02	4.8504000000e-02	0.0000000000e+00
4.4464000000e-02	4.4464000000e-02	0.0000000000e+00
4.0599000000e-02	4.0599000000e-02	0.0000000000e+00
3.6932000000e-02	3.6932000000e-02	0.0000000000e+00
3.3479000000e-02	3.3479000000e-02	0.0000000000e+00
3.0250000000e-02	3.0250000000e-02	0.0000000000e+00
2.7248000000e-02	2.7248000000e-02	0.0000000000e+00
2.4474000000e-02	2.4474000000e-02	0.0000000000e+00
2.1923000000e-02	2.1923000000e-02	0.0000000000e+00
2.9291000000e-15	2.9291000000e-15	0.0000000000e+00
7.3488000000e-15	7.3488000000e-15	0.0000000000e+00
1.7990000000e-14	1.7990000000e-14	0.0000000000e+00
4.3464000000e-14	4.3464000000e-14	0.0000000000e+00
1.0384000000e-13	1.0384000000e-13	0.0000000000e+00
2.4677000000e-13	2.4677000000e-13	0.0000000000e+00
5.8502000000e-13	5.8502000000e-13	0.0000000000e+00
1.3818000000e-12	1.3818000000e-12	0.0000000000e+00
3.2776000000e-12	3.2776000000e-12	0.0000000000e+00
7.8018000000e-12	7.8018000000e-12	0.0000000000e+00
1.8715000000e-11	1.8715000000e-11	0.0000000000e+00
4.5168000000e-11	4.5168000000e-11	0.0000000000e+00
1.0948000000e-10	1.0948000000e-10	0.0000000000e+00
2.6665000000e-10	2.6665000000e-10	0.0000000000e+00
6.5660000000e-10	6.5660000000e-10	0.0000000000e+00
1.6362000000e-09	1.6362000000e-09	0.0000000000e+00
3.7771000000e-09	3.7771000000e-09	0.0000000000e+00
8.0467000000e-09	8.0467000000e-09	0.0000000000e+00
1.6873000000e-08	1.6873000000e-08	0.0000000000e+00
3.4788000000e-08	3.4788000000e-08	0.0000000000e+00
1.8589000000e-08	1.8589000000e-08	0.0000000000e+00
1.4833000000e-08	1.4833000000e-08	0.0000000000e+00
9.7859000000e-10	9.7859000000e-10	0.0000000000e+00
8.9566000000e-11	8.9566000000e-11	0.0000000000e+00
7.0453000000e-10	7.0453000000e-10	0.0000000000e+00
1.1177000000e-08	1.1177000000e-08	0.0000000000e+00
2.1205000000e-08	2.1205000000e-08	0.0000000000e+00
4.4053000000e-08	4.4053000000e-08	0.0000000000e+00
1.7758000000e-07	1.7758000000e-07	0.0000000000e+00
4.5707000000e-07	4.5707000000e-07	0.0000000000e+00
1.5710000000e-06	1.5710000000e-06	0.0000000000e+00
2.8073000000e-06	2.8073000000e-06	0.0000000000e+00
5.8948000000e-06	5.8948000000e-06	0.0000000000e+00
1.9164000000e-05	1.9164000000e-05	0.0000000000e+00
2.0551000000e-05	2.0551000000e-05	0.0000000000e+00
4.7606000000e-05	4.7606000000e-05	0.0000000000e+00
8.1568000000e-05	8.1568000000e-05	0.0000000000e+00
1.1048000000e-04	1.1048000000e-04	0.0000000000e+00
2.8363000000e-04	2.8363000000e-04	0.0000000000e+00
3.9452000000e-04	3.9452000000e-04	0.0000000000e+00
3.8435000000e-04	3.8435000000e-04	0.0000000000e+00
4.9486000000e-04	4.9486000000e-04	0.0000000000e+00
7.0945000000e-04	7.0945000000e-04	0.0000000000e+00
1.0414000000e-03	1.0414000000e-03	0.0000000000e+00
1.4771000000e-03	1.4771000000e-03	0.0000000000e+00
1.9615000000e-03	1.9615000000e-03	0.0000000000e+00
2.9955000000e-03	2.9955000000e-03	0.0000000000e+00
3.3165000000e-03	3.3165000000e-03	0.0000000000e+00
5.1961000000e-03	5.1961000000e-03	0.0000000000e+00
8.4647000000e-03	8.4647000000e-03	0.0000000000e+00
1.3828000000e-02	1.3828000000e-02	0.0000000000e+00
2.1908000000e-02	2.1908000000e-02	0.0000000000e+00
3.4064000000e-02	3.4064000000e-02	0.0000000000e+00
5.0945000000e-02	5.0945000000e-02	0.0000000000e+00
6.9329000000e-02	6.9329000000e-02	0.0000000000e+00
9.1460000000e-02	9.1460000000e-02	0.0000000000e+00
1.0973000000e-01	1.0973000000e-01	0.0000000000e+00
1.2916000000e-01	1.2916000000e-01	0.0000000000e+00
1.4547000000e-01	1.4547000000e-01	0.0000000000e+00
1.7501000000e-01	1.7501000000e-01	0.0000000000e+00
1.8445000000e-01	1.8445000000e-01	0.0000000000e+00
2.0049000000e-01	2.0049000000e-01	0.0000000000e+00
2.1869000000e-01	2.1869000000e-01	0.0000000000e+00
2.2983000000e-01	2.2983000000e-01	0.0000000000e+00
2.5208000000e-01	2.5208000000e-01	0.0000000000e+00
2.5647000000e-01	2.5647000000e-01	0.0000000000e+00
2.6517000000e-01	2.6517000000e-01	0.0000000000e+00
2.7401000000e-01	2.7401000000e-01	0.0000000000e+00
2.8335000000e-01	2.8335000000e-01	0.0000000000e+00
3.0064000000e-01	3.0064000000e-01	0.0000000000e+00
3.0805000000e-01	3.0805000000e-01	0.0000000000e+00
3.1219000000e-01	3.1219000000e-01	0.0000000000e+00
2.9346000000e-01	2.9346000000e-01	0.0000000000e+00
2.7390000000e-01	2.7390000000e-01	0.0000000000e+00
2.3885000000e-01	2.3885000000e-01	0.0000000000e+00
1.9551000000e-01	1.9551000000e-01	0.0000000000e+00
1.7276000000e-01	1.7276000000e-01	0.0000000000e+00
1.5422000000e-01	1.5422000000e-01	0.0000000000e+00
1.3963000000e-01	1.3963000000e-01	0.0000000000e+00
1.2728000000e-01	1.2728000000e-01	0.0000000000e+00
1.1891000000e-01	1.1891000000e-01	0.0000000000e+00
1.1224000000e-01	1.1224000000e-01	0.0000000000e+00
1.0664000000e-01	1.0664000000e-01	0.0000000000e+00
1.0164000000e-01	1.0164000000e-01	0.0000000000e+00
9.6902000000e-02	9.6902000000e-02	0.0000000000e+00
9.2229000000e-02	9.2229000000e-02	0.0000000000e+00
8.7508000000e-02	8.7508000000e-02	0.0000000000e+00
8.2700000000e-02	8.2700000000e-02	0.0000000000e+00
7.7810000000e-02	7.7810000000e-02	0.0000000000e+00
7.2871000000e-02	7.2871000000e-02	0.0000000000e+00
6.7931000000e-02	6.7931000000e-02	0.0000000000e+00
6.3039000000e-02	6.3039000000e-02	0.0000000000e+00
5.8246000000e-02	5.8246000000e-02	0.0000000000e+00
5.3594000000e-02	5.3594000000e-02	0.0000000000e+00
4.9119000000e-02	4.9119000000e-02	0.0000000000e+00
4.4852000000e-02	4.4852000000e-02	0.0000000000e+00
4.0811000000e-02	4.0811000000e-02	0.0000000000e+00
3.7013000000e-02	3.7013000000e-02	0.0000000000e+00
3.3463000000e-02	3.3463000000e-02	0.0000000000e+00
3.0166000000e-02	3.0166000000e-02	0.0000000000e+00
2.7119000000e-02	2.7119000000e-02	0.0000000000e+00
3.1756000000e-15	3.1756000000e-15	0.0000000000e+00
7.8376000000e-15	7.8376000000e-15	0.0000000000e+00
1.8838000000e-14	1.8838000000e-14	0.0000000000e+00
4.4611000000e-14	4.4611000000e-14	0.0000000000e+00
1.0432000000e-13	1.0432000000e-13	0.0000000000e+00
2.4230000000e-13	2.4230000000e-13	0.0000000000e+00
5.5983000000e-13	5.5984000000e-13	-7.7575443106e-06
1.2955000000e-12	1.2955000000e-12	0.0000000000e+00
3.0091000000e-12	3.0091000000e-12	0.0000000000e+00
7.0510000000e-12	7.0510000000e-12	0.0000000000e+00
1.6733000000e-11	1.6733000000e-11	0.0000000000e+00
4.0452000000e-11	4.0452000000e-11	0.0000000000e+00
9.8929000000e-11	9.8929000000e-11	0.0000000000e+00
2.4337000000e-10	2.4337000000e-10	0.0000000000e+00
6.0201000000e-10	6.0201000000e-10	0.0000000000e+00
1.5070000000e-09	1.5070000000e-09	0.0000000000e+00
3.6370000000e-09	3.6370000000e-09	0.0000000000e+00
7.6859000000e-09	7.6859000000e-09	0.0000000000e+00
1.5996000000e-08	1.5996000000e-08	0.0000000000e+00
3.2751000000e-08	3.2751000000e-08	0.0000000000e+00
9.4513000000e-09	9.4513000000e-09	0.0000000000e+00
7.9618000000e-09	7.9618000000e-09	0.0000000000e+00
9.9322000000e-09	9.9322000000e-09	0.0000000000e+00
5.5822000000e-10	5.5822000000e-10	0.0000000000e+00
7.1038000000e-10	7.1038000000e-10	0.0000000000e+00
2.2391000000e-09	2.2391000000e-09	0.0000000000e+00
2.5640000000e-08	2.5640000000e-08	0.0000000000e+00
2.0134000000e-07	2.0134000000e-07	0.0000000000e+00
1.7532000000e-07	1.7532000000e-07	0.0000000000e+00
8.7339000000e-07	8.7339000000e-07	0.0000000000e+00
1.6886000000e-06	1.6886000000e-06	0.0000000000e+00
2.8341000000e-06	2.8341000000e-06	0.0000000000e+00
5.0024000000e-06	5.0024000000e-06	0.0000000000e+00
1.1791000000e-05	1.1791000000e-05	0.0000000000e+00
3.7020000000e-05	3.7020000000e-05	0.0000000000e+00
3.5976000000e-05	3.5976000000e-05	0.0000000000e+00
8.4409000000e-05	8.4409000000e-05	0.0000000000e+00
1.2738000000e-04	1.2738000000e-04	0.0000000000e+00
1.8715000000e-04	1.8715000000e-04	0.0000000000e+00
3.0610000000e-04	3.0610000000e-04	0.0000000000e+00
5.7524000000e-04	5.7524000000e-04	0.0000000000e+00
7.0971000000e-04	7.0971000000e-04	0.0000000000e+00
1.0237000000e-03	1.0237000000e-03	0.0000000000e+00
1.3146000000e-03	1.3146000000e-03	0.0000000000e+00
1.3755000000e-03	1.3755000000e-03	0.0000000000e+00
2.1270000000e-03	2.1270000000e-03	0.0000000000e+00
2.3764000000e-03	2.3764000000e-03	0.0000000000e+00
1.7362000000e-03	1.7362000000e-03	0.0000000000e+00
2.7458000000e-03	2.7458000000e-03	0.0000000000e+00
5.4944000000e-03	5.4944000000e-03	0.0000000000e+00
7.8293000000e-03	7.8293000000e-03	0.0000000000e+00
1.2955000000e-02	1.2955000000e-02	0.0000000000e+00
2.0388000000e-02	2.0388000000e-02	0.0000000000e+00
3.2600000000e-02	3.2600000000e-02	0.0000000000e+00
4.4344000000e-02	4.4344000000e-02	0.0000000000e+00
5.5828000000e-02	5.5828000000e-02	0.0000000000e+00
8.1587000000e-02	8.1587000000e-02	0.0000000000e+00
1.0195000000e-01	1.0195000000e-01	0.0000000000e+00
1.1480000000e-01	1.1480000000e-01	0.0000000000e+00
1.3468000000e-01	1.3468000000e-01	0.0000000000e+00
1.6054000000e-01	1.6054000000e-01	0.0000000000e+00
1.7595000000e-01	1.7595000000e-01	0.0000000000e+00
1.9299000000e-01	1.9299000000e-01	0.0000000000e+00
2.1336000000e-01	2.1336000000e-01	0.0000000000e+00
2.3975000000e-01	2.3975000000e-01	0.0000000000e+00
2.6893000000e-01	2.6893000000e-01	0.0000000000e+00
2.7697000000e-01	2.7697000000e-01	0.0000000000e+00
3.1079000000e-01	3.1079000000e-01	0.0000000000e+00
3.5020000000e-01	3.5020000000e-01	0.0000000000e+00
3.6889000000e-01	3.6889000000e-01	0.0000000000e+00
3.8036000000e-01	3.8036000000e-01	0.0000000000e+00
4.0949000000e-01	4.0949000000e-01	0.0000000000e+00
4.1457000000e-01	4.1457000000e-01	0.0000000000e+00
3.5654000000e-01	3.5654000000e-01	0.0000000000e+00
3.5303000000e-01	3.5303000000e-01	0.0000000000e+00
2.7585000000e-01	2.7585000000e-01	0.0000000000e+00
2.7513000000e-01	2.7513000000e-01	0.0000000000e+00
2.1022000000e-01	2.1022000000e-01	0.0000000000e+00
1.8680000000e-01	1.8680000000e-01	0.0000000000e+00
1.6599000000e-01	1.6599000000e-01	0.0000000000e+00
1.5119000000e-01	1.5119000000e-01	0.0000000000e+00
1.3937000000e-01	1.3937000000e-01	0.0000000000e+00
1.2978000000e-01	1.2978000000e-01	0.0000000000e+00
1.2179000000e-01	1.2179000000e-01	0.0000000000e+00
1.1486000000e-01	1.1486000000e-01	0.0000000000e+00
1.0858000000e-01	1.0858000000e-01	0.0000000000e+00
1.0266000000e-01	1.0266000000e-01	0.0000000000e+00
9.6911000000e-02	9.6911000000e-02	0.0000000000e+00
9.1241000000e-02	9.1241000000e-02	0.0000000000e+00
8.5611000000e-02	8.5611000000e-02	0.0000000000e+00
8.0021000000e-02	8.0021000000e-02	0.0000000000e+00
7.4497000000e-02	7.4497000000e-02	0.0000000000e+00
6.9074000000e-02	6.9074000000e-02	0.0000000000e+00
6.3793000000e-02	6.3793000000e-02	0.0000000000e+00
5.8690000000e-02	5.8690000000e-02	0.0000000000e+00
5.3798000000e-02	5.3798000000e-02	0.0000000000e+00
4.9141000000e-02	4.9141000000e-02	0.0000000000e+00
4.4740000000e-02	4.4740000000e-02	0.0000000000e+00
4.0605000000e-02	4.0605000000e-02	0.0000000000e+00
3.6744000000e-02	3.6744000000e-02	0.0000000000e+00
3.3157000000e-02	3.3157000000e-02	0.0000000000e+00
3.4032000000e-15	3.4032000000e-15	0.0000000000e+00
8.2818000000e-15	8.2818000000e-15	0.0000000000e+00
1.9546000000e-14	1.9546000000e-14	0.0000000000e+00
4.5177000000e-14	4.5177000000e-14	0.0000000000e+00
1.0318000000e-13	1.0318000000e-13	0.0000000000e+00
2.3331000000e-13	2.3331000000e-13	0.0000000000e+00
5.2431000000e-13	5.2431000000e-13	0.0000000000e+00
1.1771000000e-12	1.1771000000e-12	0.0000000000e+00
2.6524000000e-12	2.6524000000e-12	0.0000000000e+00
6.0655000000e-12	6.0655000000e-12	0.0000000000e+00
1.4156000000e-11	1.4156000000e-11	0.0000000000e+00
3.3960000000e-11	3.3960000000e-11	0.0000000000e+00
8.3723000000e-11	8.3723000000e-11	0.0000000000e+00
2.1045000000e-10	2.1045000000e-10	0.0000000000e+00
5.3353000000e-10	5.3353000000e-10	0.0000000000e+00
1.3617000000e-09	1.3617000000e-09	0.0000000000e+00
3.4725000000e-09	3.4725000000e-09	0.0000000000e+00
7.2785000000e-09	7.2785000000e-09	0.0000000000e+00
1.5033000000e-08	1.5033000000e-08	0.0000000000e+00
3.0564000000e-08	3.0564000000e-08	0.0000000000e+00
8.0423000000e-09	8.0423000000e-09	0.0000000000e+00
1.0158000000e-09	1.0158000000e-09	0.0000000000e+00
1.5920000000e-10	1.5920000000e-10	0.0000000000e+00
2.1618000000e-10	2.1618000000e-10	0.0000000000e+00
1.6565000000e-09	1.6565000000e-09	0.0000000000e+00
1.4294000000e-08	1.4294000000e-08	0.0000000000e+00
2.8458000000e-08	2.8458000000e-08	0.0000000000e+00
5.5984000000e-08	5.5984000000e-08	0.0000000000e+00
4.2951000000e-07	4.2951000000e-07	0.0000000000e+00
8.5220000000e-07	8.5220000000e-07	0.0000000000e+00
1.6541000000e-06	1.6541000000e-06	0.0000000000e+00
4.0291000000e-06	4.0291000000e-06	0.0000000000e+00
1.0834000000e-05	1.0834000000e-05	0.0000000000e+00
9.1006000000e-06	9.1006000000e-06	0.0000000000e+00
2.6827000000e-05	2.6827000000e-05	0.0000000000e+00
5.2799000000e-05	5.2799000000e-05	0.0000000000e+00
6.9142000000e-05	6.9142000000e-05	0.0000000000e+00
1.2366000000e-04	1.2366000000e-04	0.0000000000e+00
1.8113000000e-04	1.8113000000e-04	0.0000000000e+00
2.5396000000e-04	2.5396000000e-04	0.0000000000e+00
3.6077000000e-04	3.6077000000e-04	0.0000000000e+00
5.2499000000e-04	5.2499000000e-04	0.0000000000e+00
8.2639000000e-04	8.2639000000e-04	0.0000000000e+00
1.2780000000e-03	1.2780000000e-03	0.0000000000e+00
1.4970000000e-03	1.4970000000e-03	0.0000000000e+00
2.0901000000e-03	2.0901000000e-03	0.0000000000e+00
2.1481000000e-03	2.1481000000e-03	0.0000000000e+00
2.3703000000e-03	2.3703000000e-03	0.0000000000e+00
3.1823000000e-03	3.1823000000e-03	0.0000000000e+00
5.3998000000e-03	5.3998000000e-03	0.0000000000e+00
5.6431000000e-03	5.6431000000e-03	0.0000000000e+00
8.5152000000e-03	8.5152000000e-03	0.0000000000e+00
1.3260000000e-02	1.3260000000e-02	0.0000000000e+00
2.1083000000e-02	2.1083000000e-02	0.0000000000e+00
2.6817000000e-02	2.6817000000e-02	0.0000000000e+00
3.8832000000e-02	3.8832000000e-02	0.0000000000e+00
5.4683000000e-02	5.4683000000e-02	0.0000000000e+00
7.1759000000e-02	7.1759000000e-02	0.0000000000e+00
8.3557000000e-02	8.3557000000e-02	0.0000000000e+00
1.0352000000e-01	1.0352000000e-01	0.0000000000e+00
1.1793000000e-01	1.1793000000e-01	0.0000000000e+00
1.4087000000e-01	1.4087000000e-01	0.0000000000e+00
1.6635000000e-01	1.6635000000e-01	0.0000000000e+00
1.8465000000e-01	1.8465000000e-01	0.0000000000e+00
2.0470000000e-01	2.0470000000e-01	0.0000000000e+00
2.4083000000e-01	2.4083000000e-01	0.0000000000e+00
2.6500000000e-01	2.6500000000e-01	0.0000000000e+00
3.1390000000e-01	3.1390000000e-01	0.0000000000e+00
3.5806000000e-01	3.5806000000e-01	0.0000000000e+00
4.0520000000e-01	4.0520000000e-01	0.0000000000e+00
4.2177000000e-01	4.2177000000e-01	0.0000000000e+00
4.5190000000e-01	4.5190000000e-01	0.0000000000e+00
4.3279000000e-01	4.3279000000e-01	0.0000000000e+00
5.1067000000e-01	5.1067000000e-01	0.0000000000e+00
3.9690000000e-01	3.9690000000e-01	0.0000000000e+00
3.6310000000e-01	3.6310000000e-01	0.0000000000e+00
3.2811000000e-01	3.2811000000e-01	0.0000000000e+00
3.3143000000e-01	3.3143000000e-01	0.0000000000e+00
2.4491000000e-01	2.4491000000e-01	0.0000000000e+00
2.1953000000e-01	2.1953000000e-01	0.0000000000e+00
1.9629000000e-01	1.9629000000e-01	0.0000000000e+00
1.7748000000e-01	1.7748000000e-01	0.0000000000e+00
1.6188000000e-01	1.6188000000e-01	0.0000000000e+00
1.4896000000e-01	1.4896000000e-01	0.0000000000e+00
1.3814000000e-01	1.3814000000e-01	0.0000000000e+00
1.2889000000e-01	1.2889000000e-01	0.0000000000e+00
1.2074000000e-01	1.2074000000e-01	0.0000000000e+00
1.1333000000e-01	1.1333000000e-01	0.0000000000e+00
1.0639000000e-01	1.0639000000e-01	0.0000000000e+00
9.9760000000e-02	9.9760000000e-02	0.0000000000e+00
9.3336000000e-02	9.3336000000e-02	0.0000000000e+00
8.7075000000e-02	8.7075000000e-02	0.0000000000e+00
8.0967000000e-02	8.0967000000e-02	0.0000000000e+00
7.5027000000e-02	7.5027000000e-02	0.0000000000e+00
6.9277000000e-02	6.9277000000e-02	0.0000000000e+00
6.3744000000e-02	6.3744000000e-02	0.0000000000e+00
5.8455000000e-02	5.8455000000e-02	0.0000000000e+00
5.3429000000e-02	5.3429000000e-02	0.0000000000e+00
4.8683000000e-02	4.8683000000e-02	0.0000000000e+00
4.4227000000e-02	4.4227000000e-02	0.0000000000e+00
4.0065000000e-02	4.0065000000e-02	0.0000000000e+00
3.6309000000e-15	3.6309000000e-15	0.0000000000e+00
8.6737000000e-15	8.6737000000e-15	0.0000000000e+00
2.0059000000e-14	2.0059000000e-14	0.0000000000e+00
4.5355000000e-14	4.5355000000e-14	0.0000000000e+00
1.0075000000e-13	1.0075000000e-13	0.0000000000e+00
2.2088000000e-13	2.2088000000e-13	0.0000000000e+00
4.7984000000e-13	4.7984000000e-13	0.0000000000e+00
1.0369000000e-12	1.0369000000e-12	0.0000000000e+00
2.2488000000e-12	2.2488000000e-12	0.0000000000e+00
4.9350000000e-12	4.9350000000e-12	0.0000000000e+00
1.1132000000e-11	1.1132000000e-11	0.0000000000e+00
2.6053000000e-11	2.6053000000e-11	0.0000000000e+00
6.3871000000e-11	6.3871000000e-11	0.0000000000e+00
1.6383000000e-10	1.6383000000e-10	0.0000000000e+00
4.3637000000e-10	4.3637000000e-10	0.0000000000e+00
1.1833000000e-09	1.1833000000e-09	0.0000000000e+00
3.2508000000e-09	3.2509000000e-09	-1.3359413136e-05
6.8393000000e-09	6.8393000000e-09	0.0000000000e+00
1.4018000000e-08	1.4018000000e-08	0.0000000000e+00
2.5087000000e-08	2.5087000000e-08	0.0000000000e+00
2.1831000000e-08	2.1831000000e-08	0.0000000000e+00
1.3221000000e-08	1.3221000000e-08	0.0000000000e+00
5.5661000000e-10	5.5661000000e-10	0.0000000000e+00
2.6609000000e-10	2.6609000000e-10	0.0000000000e+00
4.8096000000e-09	4.8096000000e-09	0.0000000000e+00
1.0541000000e-08	1.0541000000e-08	0.0000000000e+00
3.8381000000e-08	3.8381000000e-08	0.0000000000e+00
2.8328000000e-07	2.8328000000e-07	0.0000000000e+00
5.8762000000e-07	5.8762000000e-07	0.0000000000e+00
8.0137000000e-07	8.0137000000e-07	0.0000000000e+00
1.4984000000e-06	1.4984000000e-06	0.0000000000e+00
3.2820000000e-06	3.2820000000e-06	0.0000000000e+00
6.9787000000e-06	6.9787000000e-06	0.0000000000e+00
9.8816000000e-06	9.8816000000e-06	0.0000000000e+00
3.2334000000e-05	3.2334000000e-05	0.0000000000e+00
5.1466000000e-05	5.1466000000e-05	0.0000000000e+00
9.3410000000e-05	9.3410000000e-05	0.0000000000e+00
1.8587000000e-04	1.8587000000e-04	0.0000000000e+00
2.5765000000e-04	2.5765000000e-04	0.0000000000e+00
3.2875000000e-04	3.2875000000e-04	0.0000000000e+00
5.0009000000e-04	5.0009000000e-04	0.0000000000e+00
4.9407000000e-04	4.9407000000e-04	0.0000000000e+00
7.0588000000e-04	7.0588000000e-04	0.0000000000e+00
1.2373000000e-03	1.2373000000e-03	0.0000000000e+00
1.6654000000e-03	1.6654000000e-03	0.0000000000e+00
1.8280000000e-03	1.8280000000e-03	0.0000000000e+00
2.4934000000e-03	2.4934000000e-03	0.0000000000e+00
2.6984000000e-03	2.6984000000e-03	0.0000000000e+00
3.6790000000e-03	3.6790000000e-03	0.0000000000e+00
5.2219000000e-03	5.2219000000e-03	0.0000000000e+00
6.1452000000e-03	6.1452000000e-03	0.0000000000e+00
6.4143000000e-03	6.4143000000e-03	0.0000000000e+00
9.0611000000e-03	9.0611000000e-03	0.0000000000e+00
1.4804000000e-02	1.4804000000e-02	0.0000000000e+00
1.7784000000e-02	1.7784000000e-02	0.0000000000e+00
2.5708000000e-02	2.5708000000e-02	0.0000000000e+00
3.5949000000e-02	3.5949000000e-02	0.0000000000e+00
4.4984000000e-02	4.4984000000e-02	0.0000000000e+00
5.7898000000e-02	5.7898000000e-02	0.0000000000e+00
6.8385000000e-02	6.8385000000e-02	0.0000000000e+00
8.2601000000e-02	8.2601000000e-02	0.0000000000e+00
1.0455000000e-01	1.0455000000e-01	0.0000000000e+00
1.2265000000e-01	1.2265000000e-01	0.0000000000e+00
1.3793000000e-01	1.3793000000e-01	0.0000000000e+00
1.6435000000e-01	1.6435000000e-01	0.0000000000e+00
1.9206000000e-01	1.9206000000e-01	0.0000000000e+00
2.4629000000e-01	2.4629000000e-01	0.0000000000e+00
2.9564000000e-01	2.9564000000e-01	0.0000000000e+00
3.3296000000e-01	3.3296000000e-01	0.0000000000e+00
3.7134000000e-01	3.7134000000e-01	0.0000000000e+00
4.2818000000e-01	4.2818000000e-01	0.0000000000e+00
4.3873000000e-01	4.3873000000e-01	0.0000000000e+00
4.5478000000e-01	4.5478000000e-01	0.0000000000e+00
4.4902000000e-01	4.4902000000e-01	0.0000000000e+00
4.2946000000e-01	4.2946000000e-01	0.0000000000e+00
4.0431000000e-01	4.0431000000e-01	0.0000000000e+00
4.0677000000e-01	4.0677000000e-01	0.0000000000e+00
4.4338000000e-01	4.4338000000e-01	0.0000000000e+00
3.1139000000e-01	3.1139000000e-01	0.0000000000e+00
2.8138000000e-01	2.8138000000e-01	0.0000000000e+00
2.5329000000e-01	2.5329000000e-01	0.0000000000e+00
2.2785000000e-01	2.2785000000e-01	0.0000000000e+00
2.0545000000e-01	2.0545000000e-01	0.0000000000e+00
1.8614000000e-01	1.8614000000e-01	0.0000000000e+00
1.6970000000e-01	1.6970000000e-01	0.0000000000e+00
1.5576000000e-01	1.5576000000e-01	0.0000000000e+00
1.4384000000e-01	1.4384000000e-01	0.0000000000e+00
1.3350000000e-01	1.3350000000e-01	0.0000000000e+00
1.2434000000e-01	1.2434000000e-01	0.0000000000e+00
1.1601000000e-01	1.1601000000e-01	0.0000000000e+00
1.0828000000e-01	1.0828000000e-01	0.0000000000e+00
1.0098000000e-01	1.0098000000e-01	0.0000000000e+00
9.4010000000e-02	9.4010000000e-02	0.0000000000e+00
8.7307000000e-02	8.7307000000e-02	0.0000000000e+00
8.0855000000e-02	8.0855000000e-02	0.0000000000e+00
7.4653000000e-02	7.4653000000e-02	0.0000000000e+00
6.8713000000e-02	6.8713000000e-02	0.0000000000e+00
6.3050000000e-02	6.3050000000e-02	0.0000000000e+00
5.7678000000e-02	5.7678000000e-02	0.0000000000e+00
5.2608000000e-02	5.2608000000e-02	0.0000000000e+00
4.7848000000e-02	4.7848000000e-02	0.0000000000e+00
3.8579000000e-15	3.8579000000e-15	0.0000000000e+00
9.0871000000e-15	9.0871000000e-15	0.0000000000e+00
2.0592000000e-14	2.0592000000e-14	0.0000000000e+00
4.5350000000e-14	4.5350000000e-14	0.0000000000e+00
9.7984000000e-14	9.7984000000e-14	0.0000000000e+00
2.0737000000e-13	2.0737000000e-13	0.0000000000e+00
4.3277000000e-13	4.3277000000e-13	0.0000000000e+00
8.9250000000e-13	8.9250000000e-13	0.0000000000e+00
1.8332000000e-12	1.8332000000e-12	0.0000000000e+00
3.7920000000e-12	3.7920000000e-12	0.0000000000e+00
8.0365000000e-12	8.0365000000e-12	0.0000000000e+00
1.7716000000e-11	1.7716000000e-11	0.0000000000e+00
4.1467000000e-11	4.1467000000e-11	0.0000000000e+00
1.0472000000e-10	1.0472000000e-10	0.0000000000e+00
2.9401000000e-10	2.9401000000e-10	0.0000000000e+00
9.2520000000e-10	9.2520000000e-10	0.0000000000e+00
3.0287000000e-09	3.0287000000e-09	0.0000000000e+00
6.3812000000e-09	6.3812000000e-09	0.0000000000e+00
1.2979000000e-08	1.2979000000e-08	0.0000000000e+00
7.3781000000e-09	7.3781000000e-09	0.0000000000e+00
1.0706000000e-10	1.0706000000e-10	0.0000000000e+00
4.8062000000e-09	4.8062000000e-09	0.0000000000e+00
2.0042000000e-09	2.0042000000e-09	0.0000000000e+00
2.0496000000e-09	2.0496000000e-09	0.0000000000e+00
4.8531000000e-09	4.8531000000e-09	0.0000000000e+00
1.4167000000e-08	1.4167000000e-08	0.0000000000e+00
4.0647000000e-08	4.0647000000e-08	0.0000000000e+00
6.6307000000e-08	6.6307000000e-08	0.0000000000e+00
4.7622000000e-07	4.7622000000e-07	0.0000000000e+00
1.0273000000e-06	1.0273000000e-06	0.0000000000e+00
2.5807000000e-06	2.5807000000e-06	0.0000000000e+00
3.4002000000e-06	3.4002000000e-06	0.0000000000e+00
4.9838000000e-06	4.9838000000e-06	0.0000000000e+00
1.0692000000e-05	1.0692000000e-05	0.0000000000e+00
3.1298000000e-05	3.1298000000e-05	0.0000000000e+00
5.6749000000e-05	5.6749000000e-05	0.0000000000e+00
7.0643000000e-05	7.0643000000e-05	0.0000000000e+00
1.2016000000e-04	1.2016000000e-04	0.0000000000e+00
1.8943000000e-04	1.8943000000e-04	0.0000000000e+00
3.5950000000e-04	3.5950000000e-04	0.0000000000e+00
5.3304000000e-04	5.3304000000e-04	0.0000000000e+00
5.6595000000e-04	5.6595000000e-04	0.0000000000e+00
9.3615000000e-04	9.3615000000e-04	0.0000000000e+00
1.1779000000e-03	1.1779000000e-03	0.0000000000e+00
1.1445000000e-03	1.1445000000e-03	0.0000000000e+00
1.3036000000e-03	1.3036000000e-03	0.0000000000e+00
1.7906000000e-03	1.7906000000e-03	0.0000000000e+00
2.7178000000e-03	2.7178000000e-03	0.0000000000e+00
3.6132000000e-03	3.6132000000e-03	0.0000000000e+00
4.9516000000e-03	4.9516000000e-03	0.0000000000e+00
5.5063000000e-03	5.5063000000e-03	0.0000000000e+00
7.3059000000e-03	7.3059000000e-03	0.0000000000e+00
9.4069000000e-03	9.4069000000e-03	0.0000000000e+00
1.1814000000e-02	1.1814000000e-02	0.0000000000e+00
1.4881000000e-02	1.4881000000e-02	0.0000000000e+00
1.5105000000e-02	1.5105000000e-02	0.0000000000e+00
2.1926000000e-02	2.1926000000e-02	0.0000000000e+00
2.8458000000e-02	2.8458000000e-02	0.0000000000e+00
3.8276000000e-02	3.8276000000e-02	0.0000000000e+00
4.6871000000e-02	4.6871000000e-02	0.0000000000e+00
6.1545000000e-02	6.1545000000e-02	0.0000000000e+00
7.3121000000e-02	7.3121000000e-02	0.0000000000e+00
9.1380000000e-02	9.1380000000e-02	0.0000000000e+00
9.7264000000e-02	9.7264000000e-02	0.0000000000e+00
1.2042000000e-01	1.2042000000e-01	0.0000000000e+00
1.5641000000e-01	1.5641000000e-01	0.0000000000e+00
1.8932000000e-01	1.8932000000e-01	0.0000000000e+00
2.3065000000e-01	2.3065000000e-01	0.0000000000e+00
2.7041000000e-01	2.7041000000e-01	0.0000000000e+00
3.1117000000e-01	3.1117000000e-01	0.0000000000e+00
4.0590000000e-01	4.0590000000e-01	0.0000000000e+00
3.9088000000e-01	3.9088000000e-01	0.0000000000e+00
4.1636000000e-01	4.1636000000e-01	0.0000000000e+00
4.5936000000e-01	4.5936000000e-01	0.0000000000e+00
6.1461000000e-01	6.1461000000e-01	0.0000000000e+00
4.4441000000e-01	4.4441000000e-01	0.0000000000e+00
4.1351000000e-01	4.1351000000e-01	0.0000000000e+00
4.1226000000e-01	4.1226000000e-01	0.0000000000e+00
3.6817000000e-01	3.6817000000e-01	0.0000000000e+00
3.4275000000e-01	3.4275000000e-01	0.0000000000e+00
3.1406000000e-01	3.1406000000e-01	0.0000000000e+00
2.8596000000e-01	2.8596000000e-01	0.0000000000e+00
2.5895000000e-01	2.5895000000e-01	0.0000000000e+00
2.3394000000e-01	2.3394000000e-01	0.0000000000e+00
2.1146000000e-01	2.1146000000e-01	0.0000000000e+00
1.9170000000e-01	1.9170000000e-01	0.0000000000e+00
1.7457000000e-01	1.7457000000e-01	0.0000000000e+00
1.5979000000e-01	1.5979000000e-01	0.0000000000e+00
1.4701000000e-01	1.4701000000e-01	0.0000000000e+00
1.3583000000e-01	1.3583000000e-01	0.0000000000e+00
1.2590000000e-01	1.2590000000e-01	0.0000000000e+00
1.1690000000e-01	1.1690000000e-01	0.0000000000e+00
1.0860000000e-01	1.0860000000e-01	0.0000000000e+00
1.0084000000e-01	1.0084000000e-01	0.0000000000e+00
9.3510000000e-02	9.3510000000e-02	0.0000000000e+00
8.6538000000e-02	8.6538000000e-02	0.0000000000e+00
7.9893000000e-02	7.9893000000e-02	0.0000000000e+00
7.3563000000e-02	7.3563000000e-02	0.0000000000e+00
6.7548000000e-02	6.7548000000e-02	0.0000000000e+00
6.1853000000e-02	6.1853000000e-02	0.0000000000e+00
5.6482000000e-02	5.6482000000e-02	0.0000000000e+00
4.1105000000e-15	4.1105000000e-15	0.0000000000e+00
9.5039000000e-15	9.5039000000e-15	0.0000000000e+00
2.1104000000e-14	2.1104000000e-14	0.0000000000e+00
4.5466000000e-14	4.5466000000e-14	0.0000000000e+00
9.5141000000e-14	9.5141000000e-14	0.0000000000e+00
1.9476000000e-13	1.9476000000e-13	0.0000000000e+00
3.8871000000e-13	3.8871000000e-13	0.0000000000e+00
7.5993000000e-13	7.5993000000e-13	0.0000000000e+00
1.4560000000e-12	1.4560000000e-12	0.0000000000e+00
2.7671000000e-12	2.7671000000e-12	0.0000000000e+00
5.2872000000e-12	5.2872000000e-12	0.0000000000e+00
1.0423000000e-11	1.0423000000e-11	0.0000000000e+00
2.1603000000e-11	2.1603000000e-11	0.0000000000e+00
4.8099000000e-11	4.8099000000e-11	0.0000000000e+00
1.2353000000e-10	1.2353000000e-10	0.0000000000e+00
4.6003000000e-10	4.6003000000e-10	0.0000000000e+00
2.8922000000e-09	2.8922000000e-09	0.0000000000e+00
5.0517000000e-09	5.0517000000e-09	0.0000000000e+00
1.7978000000e-09	1.7978000000e-09	0.0000000000e+00
3.2392000000e-10	3.2392000000e-10	0.0000000000e+00
3.3510000000e-12	3.3509000000e-12	1.2960339066e-05
1.6067000000e-10	1.6067000000e-10	0.0000000000e+00
2.1188000000e-11	2.1188000000e-11	0.0000000000e+00
4.8436000000e-10	4.8436000000e-10	0.0000000000e+00
1.2839000000e-08	1.2839000000e-08	0.0000000000e+00
5.2238000000e-09	5.2238000000e-09	0.0000000000e+00
3.4470000000e-08	3.4470000000e-08	0.0000000000e+00
1.0984000000e-07	1.0984000000e-07	0.0000000000e+00
4.7983000000e-07	4.7983000000e-07	0.0000000000e+00
1.8903000000e-06	1.8903000000e-06	0.0000000000e+00
3.3504000000e-06	3.3504000000e-06	0.0000000000e+00
2.7857000000e-06	2.7858000000e-06	-1.5589858456e-05
5.6021000000e-06	5.6021000000e-06	0.0000000000e+00
1.0122000000e-05	1.0122000000e-05	0.0000000000e+00
1.8530000000e-05	1.8530000000e-05	0.0000000000e+00
4.2903000000e-05	4.2903000000e-05	0.0000000000e+00
6.8683000000e-05	6.8683000000e-05	0.0000000000e+00
1.0303000000e-04	1.0303000000e-04	0.0000000000e+00
1.5607000000e-04	1.5607000000e-04	0.0000000000e+00
2.7560000000e-04	2.7560000000e-04	0.0000000000e+00
5.0038000000e-04	5.0038000000e-04	0.0000000000e+00
6.6864000000e-04	6.6864000000e-04	0.0000000000e+00
9.2536000000e-04	9.2536000000e-04	0.0000000000e+00
1.0917000000e-03	1.0917000000e-03	0.0000000000e+00
1.3125000000e-03	1.3125000000e-03	0.0000000000e+00
1.3512000000e-03	1.3512000000e-03	0.0000000000e+00
1.2121000000e-03	1.2121000000e-03	0.0000000000e+00
2.0661000000e-03	2.0661000000e-03	0.0000000000e+00
3.3025000000e-03	3.3025000000e-03	0.0000000000e+00
4.8451000000e-03	4.8451000000e-03	0.0000000000e+00
5.6525000000e-03	5.6525000000e-03	0.0000000000e+00
6.8668000000e-03	6.8668000000e-03	0.0000000000e+00
8.3586000000e-03	8.3586000000e-03	0.0000000000e+00
1.0476000000e-02	1.0476000000e-02	0.0000000000e+00
1.2625000000e-02	1.2625000000e-02	0.0000000000e+00
1.2354000000e-02	1.2354000000e-02	0.0000000000e+00
1.5655000000e-02	1.5655000000e-02	0.0000000000e+00
2.3817000000e-02	2.3817000000e-02	0.0000000000e+00
2.6370000000e-02	2.6370000000e-02	0.0000000000e+00
3.4329000000e-02	3.4329000000e-02	0.0000000000e+00
4.4334000000e-02	4.4334000000e-02	0.0000000000e+00
4.9842000000e-02	4.9842000000e-02	0.0000000000e+00
6.4231000000e-02	6.4231000000e-02	0.0000000000e+00
7.1813000000e-02	7.1813000000e-02	0.0000000000e+00
8.6843000000e-02	8.6843000000e-02	0.0000000000e+00
1.1243000000e-01	1.1243000000e-01	0.0000000000e+00
1.3825000000e-01	1.3825000000e-01	0.0000000000e+00
1.6328000000e-01	1.6328000000e-01	0.0000000000e+00
2.0419000000e-01	2.0419000000e-01	0.0000000000e+00
2.4076000000e-01	2.4076000000e-01	0.0000000000e+00
3.1191000000e-01	3.1191000000e-01	0.0000000000e+00
3.9555000000e-01	3.9555000000e-01	0.0000000000e+00
4.9669000000e-01	4.9669000000e-01	0.0000000000e+00
5.4074000000e-01	5.4074000000e-01	0.0000000000e+00
3.9217000000e-01	3.9217000000e-01	0.0000000000e+00
4.4298000000e-01	4.4298000000e-01	0.0000000000e+00
4.0799000000e-01	4.0799000000e-01	0.0000000000e+00
4.0639000000e-01	4.0639000000e-01	0.0000000000e+00
3.9832000000e-01	3.9832000000e-01	0.0000000000e+00
3.8473000000e-01	3.8473000000e-01	0.0000000000e+00
3.6395000000e-01	3.6395000000e-01	0.0000000000e+00
3.4021000000e-01	3.4021000000e-01	0.0000000000e+00
3.1421000000e-01	3.1421000000e-01	0.0000000000e+00
2.8749000000e-01	2.8749000000e-01	0.0000000000e+00
2.6136000000e-01	2.6136000000e-01	0.0000000000e+00
2.3676000000e-01	2.3676000000e-01	0.0000000000e+00
2.1430000000e-01	2.1430000000e-01	0.0000000000e+00
1.9428000000e-01	1.9428000000e-01	0.0000000000e+00
1.7668000000e-01	1.7668000000e-01	0.0000000000e+00
1.6133000000e-01	1.6133000000e-01	0.0000000000e+00
1.4795000000e-01	1.4795000000e-01	0.0000000000e+00
1.3619000000e-01	1.3619000000e-01	0.0000000000e+00
1.2573000000e-01	1.2573000000e-01	0.0000000000e+00
1.1629000000e-01	1.1629000000e-01	0.0000000000e+00
1.0764000000e-01	1.0764000000e-01	0.0000000000e+00
9.9610000000e-02	9.9610000000e-02	0.0000000000e+00
9.2083000000e-02	9.2083000000e-02	0.0000000000e+00
8.4985000000e-02	8.4985000000e-02	0.0000000000e+00
7.8273000000e-02	7.8273000000e-02	0.0000000000e+00
7.1923000000e-02	7.1923000000e-02	0.0000000000e+00
6.5926000000e-02	6.5926000000e-02	0.0000000000e+00
4.3922000000e-15	4.3922000000e-15	0.0000000000e+00
1.0012000000e-14	1.0012000000e-14	0.0000000000e+00
2.1783000000e-14	2.1783000000e-14	0.0000000000e+00
4.5808000000e-14	4.5808000000e-14	0.0000000000e+00
9.3419000000e-14	9.3419000000e-14	0.0000000000e+00
1.8419000000e-13	1.8419000000e-13	0.0000000000e+00
3.5143000000e-13	3.5143000000e-13	0.0000000000e+00
6.4812000000e-13	6.4812000000e-13	0.0000000000e+00
1.1492000000e-12	1.1491000000e-12	3.7792671294e-05
1.9975000000e-12	1.9975000000e-12	0.0000000000e+00
3.4749000000e-12	3.4749000000e-12	0.0000000000e+00
5.9657000000e-12	5.9656000000e-12	7.2799189009e-06
1.0214000000e-11	1.0214000000e-11	0.0000000000e+00
1.7755000000e-11	1.7755000000e-11	0.0000000000e+00
3.2461000000e-11	3.2461000000e-11	0.0000000000e+00
6.7631000000e-11	6.7631000000e-11	0.0000000000e+00
1.4887000000e-10	1.4887000000e-10	0.0000000000e+00
1.7640000000e-10	1.7640000000e-10	0.0000000000e+00
1.9132000000e-10	1.9132000000e-10	0.0000000000e+00
9.0484000000e-13	9.0485000000e-13	-4.7996560948e-06
1.1221000000e-13	1.1221000000e-13	0.0000000000e+00
1.2595000000e-11	1.2595000000e-11	0.0000000000e+00
2.1550000000e-10	2.1550000000e-10	0.0000000000e+00
1.3376000000e-10	1.3376000000e-10	0.0000000000e+00
3.7493000000e-09	3.7493000000e-09	0.0000000000e+00
4.9671000000e-08	4.9671000000e-08	0.0000000000e+00
9.4220000000e-08	9.4220000000e-08	0.0000000000e+00
2.0476000000e-07	2.0476000000e-07	0.0000000000e+00
3.9938000000e-07	3.9938000000e-07	0.0000000000e+00
5.2345000000e-07	5.2345000000e-07	0.0000000000e+00
1.3862000000e-06	1.3862000000e-06	0.0000000000e+00
2.8157000000e-06	2.8157000000e-06	0.0000000000e+00
5.0566000000e-06	5.0566000000e-06	0.0000000000e+00
1.7741000000e-05	1.7741000000e-05	0.0000000000e+00
2.6670000000e-05	2.6670000000e-05	0.0000000000e+00
3.8181000000e-05	3.8181000000e-05	0.0000000000e+00
6.5076000000e-05	6.5076000000e-05	0.0000000000e+00
1.1125000000e-04	1.1125000000e-04	0.0000000000e+00
2.0278000000e-04	2.0278000000e-04	0.0000000000e+00
3.2245000000e-04	3.2245000000e-04	0.0000000000e+00
4.5900000000e-04	4.5900000000e-04	0.0000000000e+00
4.4584000000e-04	4.4584000000e-04	0.0000000000e+00
8.0229000000e-04	8.0229000000e-04	0.0000000000e+00
8.1684000000e-04	8.1684000000e-04	0.0000000000e+00
1.0814000000e-03	1.0814000000e-03	0.0000000000e+00
1.4310000000e-03	1.4310000000e-03	0.0000000000e+00
2.4084000000e-03	2.4084000000e-03	0.0000000000e+00
2.7906000000e-03	2.7906000000e-03	0.0000000000e+00
3.6401000000e-03	3.6401000000e-03	0.0000000000e+00
4.3565000000e-03	4.3565000000e-03	0.0000000000e+00
5.4352000000e-03	5.4352000000e-03	0.0000000000e+00
6.6584000000e-03	6.6584000000e-03	0.0000000000e+00
8.7499000000e-03	8.7499000000e-03	0.0000000000e+00
9.0328000000e-03	9.0328000000e-03	0.0000000000e+00
1.1485000000e-02	1.1485000000e-02	0.0000000000e+00
1.1592000000e-02	1.1592000000e-02	0.0000000000e+00
1.0389000000e-02	1.0389000000e-02	0.0000000000e+00
1.6282000000e-02	1.6282000000e-02	0.0000000000e+00
2.3246000000e-02	2.3246000000e-02	0.0000000000e+00
2.5900000000e-02	2.5900000000e-02	0.0000000000e+00
3.6194000000e-02	3.6194000000e-02	0.0000000000e+00
3.7992000000e-02	3.7992000000e-02	0.0000000000e+00
4.5933000000e-02	4.5933000000e-02	0.0000000000e+00
5.9876000000e-02	5.9876000000e-02	0.0000000000e+00
6.5939000000e-02	6.5939000000e-02	0.0000000000e+00
7.6617000000e-02	7.6617000000e-02	0.0000000000e+00
9.8376000000e-02	9.8376000000e-02	0.0000000000e+00
1.1664000000e-01	1.1664000000e-01	0.0000000000e+00
1.5886000000e-01	1.5886000000e-01	0.0000000000e+00
1.8473000000e-01	1.8473000000e-01	0.0000000000e+00
2.2220000000e-01	2.2220000000e-01	0.0000000000e+00
2.9803000000e-01	2.9803000000e-01	0.0000000000e+00
2.9610000000e-01	2.9610000000e-01	0.0000000000e+00
3.0732000000e-01	3.0732000000e-01	0.0000000000e+00
3.3096000000e-01	3.3096000000e-01	0.0000000000e+00
3.7694000000e-01	3.7694000000e-01	0.0000000000e+00
3.7450000000e-01	3.7450000000e-01	0.0000000000e+00
3.8533000000e-01	3.8533000000e-01	0.0000000000e+00
3.9342000000e-01	3.9342000000e-01	0.0000000000e+00
4.8879000000e-01	4.8879000000e-01	0.0000000000e+00
3.8830000000e-01	3.8830000000e-01	0.0000000000e+00
3.7570000000e-01	3.7570000000e-01	0.0000000000e+00
3.5772000000e-01	3.5772000000e-01	0.0000000000e+00
3.3575000000e-01	3.3575000000e-01	0.0000000000e+00
3.1130000000e-01	3.1130000000e-01	0.0000000000e+00
2.8582000000e-01	2.8582000000e-01	0.0000000000e+00
2.6056000000e-01	2.6056000000e-01	0.0000000000e+00
2.3649000000e-01	2.3649000000e-01	0.0000000000e+00
2.1425000000e-01	2.1425000000e-01	0.0000000000e+00
1.9420000000e-01	1.9420000000e-01	0.0000000000e+00
1.7640000000e-01	1.7640000000e-01	0.0000000000e+00
1.6076000000e-01	1.6076000000e-01	0.0000000000e+00
1.4703000000e-01	1.4703000000e-01	0.0000000000e+00
1.3494000000e-01	1.3494000000e-01	0.0000000000e+00
1.2419000000e-01	1.2419000000e-01	0.0000000000e+00
1.1450000000e-01	1.1450000000e-01	0.0000000000e+00
1.0568000000e-01	1.0568000000e-01	0.0000000000e+00
9.7531000000e-02	9.7531000000e-02	0.0000000000e+00
8.9947000000e-02	8.9947000000e-02	0.0000000000e+00
8.2841000000e-02	8.2841000000e-02	0.0000000000e+00
7.6162000000e-02	7.6162000000e-02	0.0000000000e+00
4.7173000000e-15	4.7173000000e-15	0.0000000000e+00
1.0623000000e-14	1.0623000000e-14	0.0000000000e+00
2.2693000000e-14	2.2693000000e-14	0.0000000000e+00
4.6778000000e-14	4.6778000000e-14	0.0000000000e+00
9.2965000000e-14	9.2965000000e-14	0.0000000000e+00
1.7760000000e-13	1.7760000000e-13	0.0000000000e+00
3.2519000000e-13	3.2519000000e-13	0.0000000000e+00
5.6534000000e-13	5.6534000000e-13	0.0000000000e+00
9.3721000000e-13	9.3721000000e-13	0.0000000000e+00
1.5156000000e-12	1.5156000000e-12	0.0000000000e+00
2.2923000000e-12	2.2923000000e-12	0.0000000000e+00
3.2168000000e-12	3.2168000000e-12	0.0000000000e+00
4.0663000000e-12	4.0663000000e-12	0.0000000000e+00
5.0541000000e-12	5.0541000000e-12	0.0000000000e+00
4.9387000000e-12	4.9387000000e-12	0.0000000000e+00
4.1240000000e-12	4.1240000000e-12	0.0000000000e+00
2.5190000000e-12	2.5190000000e-12	0.0000000000e+00
8.6736000000e-13	8.6736000000e-13	0.0000000000e+00
6.1996000000e-13	6.1996000000e-13	0.0000000000e+00
1.3322000000e-12	1.3322000000e-12	0.0000000000e+00
7.4020000000e-14	7.4020000000e-14	0.0000000000e+00
2.7758000000e-13	2.7758000000e-13	0.0000000000e+00
6.0289000000e-10	6.0289000000e-10	0.0000000000e+00
7.2641000000e-10	7.2641000000e-10	0.0000000000e+00
2.0029000000e-09	2.0029000000e-09	0.0000000000e+00
4.6151000000e-09	4.6151000000e-09	0.0000000000e+00
1.4075000000e-07	1.4075000000e-07	0.0000000000e+00
1.7152000000e-07	1.7152000000e-07	0.0000000000e+00
4.6777000000e-07	4.6777000000e-07	0.0000000000e+00
7.7815000000e-07	7.7815000000e-07	0.0000000000e+00
2.9454000000e-06	2.9454000000e-06	0.0000000000e+00
4.9283000000e-06	4.9283000000e-06	0.0000000000e+00
4.5884000000e-06	4.5884000000e-06	0.0000000000e+00
1.3745000000e-05	1.3745000000e-05	0.0000000000e+00
2.6374000000e-05	2.6374000000e-05	0.0000000000e+00
3.8458000000e-05	3.8458000000e-05	0.0000000000e+00
6.3357000000e-05	6.3357000000e-05	0.0000000000e+00
1.0838000000e-04	1.0838000000e-04	0.0000000000e+00
2.0985000000e-04	2.0985000000e-04	0.0000000000e+00
2.6685000000e-04	2.6685000000e-04	0.0000000000e+00
3.9784000000e-04	3.9784000000e-04	0.0000000000e+00
4.7913000000e-04	4.7913000000e-04	0.0000000000e+00
7.8447000000e-04	7.8447000000e-04	0.0000000000e+00
9.4112000000e-04	9.4112000000e-04	0.0000000000e+00
1.0738000000e-03	1.0738000000e-03	0.0000000000e+00
1.5387000000e-03	1.5387000000e-03	0.0000000000e+00
2.1965000000e-03	2.1965000000e-03	0.0000000000e+00
2.6481000000e-03	2.6481000000e-03	0.0000000000e+00
3.4280000000e-03	3.4280000000e-03	0.0000000000e+00
4.5452000000e-03	4.5452000000e-03	0.0000000000e+00
5.0943000000e-03	5.0943000000e-03	0.0000000000e+00
6.2106000000e-03	6.2106000000e-03	0.0000000000e+00
7.6836000000e-03	7.6836000000e-03	0.0000000000e+00
9.2175000000e-03	9.2175000000e-03	0.0000000000e+00
1.0796000000e-02	1.0796000000e-02	0.0000000000e+00
1.2996000000e-02	1.2996000000e-02	0.0000000000e+00
1.1716000000e-02	1.1716000000e-02	0.0000000000e+00
1.7965000000e-02	1.7965000000e-02	0.0000000000e+00
2.1237000000e-02	2.1237000000e-02	0.0000000000e+00
2.4781000000e-02	2.4781000000e-02	0.0000000000e+00
3.2773000000e-02	3.2773000000e-02	0.0000000000e+00
4.0327000000e-02	4.0327000000e-02	0.0000000000e+00
4.6299000000e-02	4.6299000000e-02	0.0000000000e+00
4.6072000000e-02	4.6072000000e-02	0.0000000000e+00
5.2734000000e-02	5.2734000000e-02	0.0000000000e+00
6.1409000000e-02	6.1409000000e-02	0.0000000000e+00
8.0779000000e-02	8.0779000000e-02	0.0000000000e+00
8.8893000000e-02	8.8893000000e-02	0.0000000000e+00
1.0711000000e-01	1.0711000000e-01	0.0000000000e+00
1.4555000000e-01	1.4555000000e-01	0.0000000000e+00
1.6997000000e-01	1.6997000000e-01	0.0000000000e+00
1.9905000000e-01	1.9905000000e-01	0.0000000000e+00
2.1803000000e-01	2.1803000000e-01	0.0000000000e+00
2.4974000000e-01	2.4974000000e-01	0.0000000000e+00
3.6909000000e-01	3.6909000000e-01	0.0000000000e+00
2.9294000000e-01	2.9294000000e-01	0.0000000000e+00
3.2401000000e-01	3.2401000000e-01	0.0000000000e+00
3.3954000000e-01	3.3954000000e-01	0.0000000000e+00
3.5886000000e-01	3.5886000000e-01	0.0000000000e+00
5.4226000000e-01	5.4226000000e-01	0.0000000000e+00
3.8098000000e-01	3.8098000000e-01	0.0000000000e+00
3.8226000000e-01	3.8226000000e-01	0.0000000000e+00
3.7693000000e-01	3.7693000000e-01	0.0000000000e+00
3.6551000000e-01	3.6551000000e-01	0.0000000000e+00
3.4895000000e-01	3.4895000000e-01	0.0000000000e+00
3.2847000000e-01	3.2847000000e-01	0.0000000000e+00
3.0544000000e-01	3.0544000000e-01	0.0000000000e+00
2.8119000000e-01	2.8119000000e-01	0.0000000000e+00
2.5690000000e-01	2.5690000000e-01	0.0000000000e+00
2.3353000000e-01	2.3353000000e-01	0.0000000000e+00
2.1173000000e-01	2.1173000000e-01	0.0000000000e+00
1.9190000000e-01	1.9190000000e-01	0.0000000000e+00
1.7416000000e-01	1.7416000000e-01	0.0000000000e+00
1.5846000000e-01	1.5846000000e-01	0.0000000000e+00
1.4464000000e-01	1.4464000000e-01	0.0000000000e+00
1.3242000000e-01	1.3242000000e-01	0.0000000000e+00
1.2157000000e-01	1.2157000000e-01	0.0000000000e+00
1.1182000000e-01	1.1182000000e-01	0.0000000000e+00
1.0296000000e-01	1.0296000000e-01	0.0000000000e+00
9.4823000000e-02	9.4823000000e-02	0.0000000000e+00
8.7289000000e-02	8.7289000000e-02	0.0000000000e+00
5.1144000000e-15	5.1144000000e-15	0.0000000000e+00
1.1375000000e-14	1.1375000000e-14	0.0000000000e+00
2.4012000000e-14	2.4012000000e-14	0.0000000000e+00
4.8613000000e-14	4.8613000000e-14	0.0000000000e+00
9.4725000000e-14	9.4725000000e-14	0.0000000000e+00
1.7642000000e-13	1.7642000000e-13	0.0000000000e+00
3.1185000000e-13	3.1185000000e-13	0.0000000000e+00
5.1720000000e-13	5.1720000000e-13	0.0000000000e+00
8.2012000000e-13	8.2012000000e-13	0.0000000000e+00
1.2182000000e-12	1.2182000000e-12	0.0000000000e+00
1.6081000000e-12	1.6081000000e-12	0.0000000000e+00
1.8209000000e-12	1.8209000000e-12	0.0000000000e+00
1.8951000000e-12	1.8951000000e-12	0.0000000000e+00
1.3655000000e-12	1.3655000000e-12	0.0000000000e+00
8.5263000000e-13	8.5263000000e-13	0.0000000000e+00
2.9949000000e-13	2.9949000000e-13	0.0000000000e+00
2.3147000000e-14	2.3147000000e-14	0.0000000000e+00
2.5203000000e-13	2.5203000000e-13	0.0000000000e+00
1.4250000000e-12	1.4250000000e-12	0.0000000000e+00
9.5419000000e-11	9.5419000000e-11	0.0000000000e+00
4.3481000000e-11	4.3482000000e-11	-9.9880289761e-06
7.0518000000e-10	7.0518000000e-10	0.0000000000e+00
4.3969000000e-09	4.3969000000e-09	0.0000000000e+00
4.0727000000e-09	4.0727000000e-09	0.0000000000e+00
4.5336000000e-09	4.5336000000e-09	0.0000000000e+00
3.1790000000e-08	3.1790000000e-08	0.0000000000e+00
3.0824000000e-08	3.0824000000e-08	0.0000000000e+00
1.9626000000e-07	1.9626000000e-07	0.0000000000e+00
8.2290000000e-07	8.2290000000e-07	0.0000000000e+00
7.4999000000e-07	7.4999000000e-07	0.0000000000e+00
1.7322000000e-06	1.7322000000e-06	0.0000000000e+00
4.7063000000e-06	4.7063000000e-06	0.0000000000e+00
9.0655000000e-06	9.0655000000e-06	0.0000000000e+00
1.0324000000e-05	1.0324000000e-05	0.0000000000e+00
2.2712000000e-05	2.2712000000e-05	0.0000000000e+00
3.3151000000e-05	3.3151000000e-05	0.0000000000e+00
7.4985000000e-05	7.4985000000e-05	0.0000000000e+00
8.1543000000e-05	8.1543000000e-05	0.0000000000e+00
1.5502000000e-04	1.5502000000e-04	0.0000000000e+00
2.0564000000e-04	2.0564000000e-04	0.0000000000e+00
3.8236000000e-04	3.8236000000e-04	0.0000000000e+00
5.3483000000e-04	5.3483000000e-04	0.0000000000e+00
4.9666000000e-04	4.9666000000e-04	0.0000000000e+00
8.4373000000e-04	8.4373000000e-04	0.0000000000e+00
1.1569000000e-03	1.1569000000e-03	0.0000000000e+00
1.4005000000e-03	1.4005000000e-03	0.0000000000e+00
1.9178000000e-03	1.9178000000e-03	0.0000000000e+00
2.5864000000e-03	2.5864000000e-03	0.0000000000e+00
3.1305000000e-03	3.1305000000e-03	0.0000000000e+00
3.9535000000e-03	3.9535000000e-03	0.0000000000e+00
4.8220000000e-03	4.8220000000e-03	0.0000000000e+00
5.8399000000e-03	5.8399000000e-03	0.0000000000e+00
7.7849000000e-03	7.7849000000e-03	0.0000000000e+00
8.4044000000e-03	8.4044000000e-03	0.0000000000e+00
1.0655000000e-02	1.0655000000e-02	0.0000000000e+00
1.2518000000e-02	1.2518000000e-02	0.0000000000e+00
1.4450000000e-02	1.4450000000e-02	0.0000000000e+00
1.7752000000e-02	1.7752000000e-02	0.0000000000e+00
1.9667000000e-02	1.9667000000e-02	0.0000000000e+00
2.2754000000e-02	2.2754000000e-02	0.0000000000e+00
2.7358000000e-02	2.7358000000e-02	0.0000000000e+00
3.9790000000e-02	3.9790000000e-02	0.0000000000e+00
3.8845000000e-02	3.8845000000e-02	0.0000000000e+00
4.8648000000e-02	4.8648000000e-02	0.0000000000e+00
5.7497000000e-02	5.7497000000e-02	0.0000000000e+00
5.5096000000e-02	5.5096000000e-02	0.0000000000e+00
7.5939000000e-02	7.5939000000e-02	0.0000000000e+00
6.9611000000e-02	6.9611000000e-02	0.0000000000e+00
8.6617000000e-02	8.6617000000e-02	0.0000000000e+00
1.2671000000e-01	1.2671000000e-01	0.0000000000e+00
1.2671000000e-01	1.2671000000e-01	0.0000000000e+00
1.7191000000e-01	1.7191000000e-01	0.0000000000e+00
1.8978000000e-01	1.8978000000e-01	0.0000000000e+00
2.3620000000e-01	2.3620000000e-01	0.0000000000e+00
2.1605000000e-01	2.1605000000e-01	0.0000000000e+00
2.4002000000e-01	2.4002000000e-01	0.0000000000e+00
2.7705000000e-01	2.7705000000e-01	0.0000000000e+00
2.8686000000e-01	2.8686000000e-01	0.0000000000e+00
3.1012000000e-01	3.1012000000e-01	0.0000000000e+00
3.8885000000e-01	3.8885000000e-01	0.0000000000e+00
3.4820000000e-01	3.4820000000e-01	0.0000000000e+00
3.6070000000e-01	3.6070000000e-01	0.0000000000e+00
3.6767000000e-01	3.6767000000e-01	0.0000000000e+00
3.6867000000e-01	3.6867000000e-01	0.0000000000e+00
3.6369000000e-01	3.6369000000e-01	0.0000000000e+00
3.5313000000e-01	3.5313000000e-01	0.0000000000e+00
3.3777000000e-01	3.3777000000e-01	0.0000000000e+00
3.1867000000e-01	3.1867000000e-01	0.0000000000e+00
2.9703000000e-01	2.9703000000e-01	0.0000000000e+00
2.7407000000e-01	2.7407000000e-01	0.0000000000e+00
2.5088000000e-01	2.5088000000e-01	0.0000000000e+00
2.2838000000e-01	2.2838000000e-01	0.0000000000e+00
2.0722000000e-01	2.0722000000e-01	0.0000000000e+00
1.8783000000e-01	1.8783000000e-01	0.0000000000e+00
1.7037000000e-01	1.7037000000e-01	0.0000000000e+00
1.5484000000e-01	1.5484000000e-01	0.0000000000e+00
1.4111000000e-01	1.4111000000e-01	0.0000000000e+00
1.2896000000e-01	1.2896000000e-01	0.0000000000e+00
1.1815000000e-01	1.1815000000e-01	0.0000000000e+00
1.0846000000e-01	1.0846000000e-01	0.0000000000e+00
9.9691000000e-02	9.9691000000e-02	0.0000000000e+00
5.5964000000e-15	5.5964000000e-15	0.0000000000e+00
1.2318000000e-14	1.2318000000e-14	0.0000000000e+00
2.5742000000e-14	2.5742000000e-14	0.0000000000e+00
5.1500000000e-14	5.1500000000e-14	0.0000000000e+00
9.8991000000e-14	9.8991000000e-14	0.0000000000e+00
1.8120000000e-13	1.8120000000e-13	0.0000000000e+00
3.1365000000e-13	3.1365000000e-13	0.0000000000e+00
5.0549000000e-13	5.0549000000e-13	0.0000000000e+00
7.7612000000e-13	7.7612000000e-13	0.0000000000e+00
1.0860000000e-12	1.0860000000e-12	0.0000000000e+00
1.3069000000e-12	1.3069000000e-12	0.0000000000e+00
1.3323000000e-12	1.3323000000e-12	0.0000000000e+00
1.1379000000e-12	1.1379000000e-12	0.0000000000e+00
6.7401000000e-13	6.7401000000e-13	0.0000000000e+00
2.7330000000e-13	2.7330000000e-13	0.0000000000e+00
6.0236000000e-14	6.0236000000e-14	0.0000000000e+00
1.0517000000e-14	1.0517000000e-14	0.0000000000e+00
2.6977000000e-13	2.6977000000e-13	0.0000000000e+00
1.8402000000e-12	1.8402000000e-12	0.0000000000e+00
1.1895000000e-11	1.1895000000e-11	0.0000000000e+00
6.5061000000e-12	6.5061000000e-12	0.0000000000e+00
9.5317000000e-11	9.5317000000e-11	0.0000000000e+00
3.2599000000e-10	3.2599000000e-10	0.0000000000e+00
3.8720000000e-09	3.8720000000e-09	0.0000000000e+00
5.2033000000e-08	5.2033000000e-08	0.0000000000e+00
1.3714000000e-07	1.3714000000e-07	0.0000000000e+00
1.3985000000e-07	1.3985000000e-07	0.0000000000e+00
2.1486000000e-07	2.1486000000e-07	0.0000000000e+00
3.7968000000e-07	3.7968000000e-07	0.0000000000e+00
1.4358000000e-06	1.4358000000e-06	0.0000000000e+00
2.7369000000e-06	2.7369000000e-06	0.0000000000e+00
4.8495000000e-06	4.8495000000e-06	0.0000000000e+00
7.0732000000e-06	7.0732000000e-06	0.0000000000e+00
1.1417000000e-05	1.1417000000e-05	0.0000000000e+00
2.3937000000e-05	2.3937000000e-05	0.0000000000e+00
2.8931000000e-05	2.8931000000e-05	0.0000000000e+00
4.4594000000e-05	4.4594000000e-05	0.0000000000e+00
7.9052000000e-05	7.9052000000e-05	0.0000000000e+00
1.1735000000e-04	1.1735000000e-04	0.0000000000e+00
1.7208000000e-04	1.7208000000e-04	0.0000000000e+00
3.0955000000e-04	3.0955000000e-04	0.0000000000e+00
4.8662000000e-04	4.8662000000e-04	0.0000000000e+00
6.1977000000e-04	6.1977000000e-04	0.0000000000e+00
7.4199000000e-04	7.4199000000e-04	0.0000000000e+00
1.0804000000e-03	1.0804000000e-03	0.0000000000e+00
1.3428000000e-03	1.3428000000e-03	0.0000000000e+00
1.7459000000e-03	1.7459000000e-03	0.0000000000e+00
2.3376000000e-03	2.3376000000e-03	0.0000000000e+00
3.0165000000e-03	3.0165000000e-03	0.0000000000e+00
3.7339000000e-03	3.7339000000e-03	0.0000000000e+00
5.1984000000e-03	5.1984000000e-03	0.0000000000e+00
5.4823000000e-03	5.4823000000e-03	0.0000000000e+00
6.7957000000e-03	6.7957000000e-03	0.0000000000e+00
9.4131000000e-03	9.4131000000e-03	0.0000000000e+00
1.0381000000e-02	1.0381000000e-02	0.0000000000e+00
1.1500000000e-02	1.1500000000e-02	0.0000000000e+00
1.3690000000e-02	1.3690000000e-02	0.0000000000e+00
1.4120000000e-02	1.4120000000e-02	0.0000000000e+00
1.5212000000e-02	1.5212000000e-02	0.0000000000e+00
1.9108000000e-02	1.9108000000e-02	0.0000000000e+00
2.4214000000e-02	2.4214000000e-02	0.0000000000e+00
3.6726000000e-02	3.6726000000e-02	0.0000000000e+00
3.9067000000e-02	3.9067000000e-02	0.0000000000e+00
4.7577000000e-02	4.7577000000e-02	0.0000000000e+00
5.6603000000e-02	5.6603000000e-02	0.0000000000e+00
4.9036000000e-02	4.9036000000e-02	0.0000000000e+00
6.2003000000e-02	6.2003000000e-02	0.0000000000e+00
6.3421000000e-02	6.3421000000e-02	0.0000000000e+00
7.3302000000e-02	7.3302000000e-02	0.0000000000e+00
9.2356000000e-02	9.2356000000e-02	0.0000000000e+00
1.2467000000e-01	1.2467000000e-01	0.0000000000e+00
1.4611000000e-01	1.4611000000e-01	0.0000000000e+00
1.6271000000e-01	1.6271000000e-01	0.0000000000e+00
1.8928000000e-01	1.8928000000e-01	0.0000000000e+00
1.8487000000e-01	1.8487000000e-01	0.0000000000e+00
2.3373000000e-01	2.3373000000e-01	0.0000000000e+00
2.2108000000e-01	2.2108000000e-01	0.0000000000e+00
2.4223000000e-01	2.4223000000e-01	0.0000000000e+00
2.6332000000e-01	2.6332000000e-01	0.0000000000e+00
2.8440000000e-01	2.8440000000e-01	0.0000000000e+00
3.0489000000e-01	3.0489000000e-01	0.0000000000e+00
3.2210000000e-01	3.2210000000e-01	0.0000000000e+00
3.3672000000e-01	3.3672000000e-01	0.0000000000e+00
3.4727000000e-01	3.4727000000e-01	0.0000000000e+00
3.5302000000e-01	3.5302000000e-01	0.0000000000e+00
3.5352000000e-01	3.5352000000e-01	0.0000000000e+00
3.4870000000e-01	3.4870000000e-01	0.0000000000e+00
3.3884000000e-01	3.3884000000e-01	0.0000000000e+00
3.2458000000e-01	3.2458000000e-01	0.0000000000e+00
3.0681000000e-01	3.0681000000e-01	0.0000000000e+00
2.8658000000e-01	2.8658000000e-01	0.0000000000e+00
2.6497000000e-01	2.6497000000e-01	0.0000000000e+00
2.4299000000e-01	2.4299000000e-01	0.0000000000e+00
2.2152000000e-01	2.2152000000e-01	0.0000000000e+00
2.0119000000e-01	2.0119000000e-01	0.0000000000e+00
1.8242000000e-01	1.8242000000e-01	0.0000000000e+00
1.6542000000e-01	1.6542000000e-01	0.0000000000e+00
1.5023000000e-01	1.5023000000e-01	0.0000000000e+00
1.3675000000e-01	1.3675000000e-01	0.0000000000e+00
1.2480000000e-01	1.2480000000e-01	0.0000000000e+00
1.1417000000e-01	1.1417000000e-01	0.0000000000e+00
6.1791000000e-15	6.1791000000e-15	0.0000000000e+00
1.3485000000e-14	1.3485000000e-14	0.0000000000e+00
2.8009000000e-14	2.8009000000e-14	0.0000000000e+00
5.5704000000e-14	5.5704000000e-14	0.0000000000e+00
1.0646000000e-13	1.0646000000e-13	0.0000000000e+00
1.9381000000e-13	1.9381000000e-13	0.0000000000e+00
3.3317000000e-13	3.3317000000e-13	0.0000000000e+00
5.3150000000e-13	5.3150000000e-13	0.0000000000e+00
8.0250000000e-13	8.0250000000e-13	0.0000000000e+00
1.1068000000e-12	1.1068000000e-12	0.0000000000e+00
1.3067000000e-12	1.3067000000e-12	0.0000000000e+00
1.3004000000e-12	1.3004000000e-12	0.0000000000e+00
1.0698000000e-12	1.0698000000e-12	0.0000000000e+00
6.2060000000e-13	6.2060000000e-13	0.0000000000e+00
2.4401000000e-13	2.4401000000e-13	0.0000000000e+00
5.6887000000e-14	5.6887000000e-14	0.0000000000e+00
4.8893000000e-14	4.8894000000e-14	-8.8824584437e-06
4.3577000000e-13	4.3577000000e-13	0.0000000000e+00
1.8391000000e-12	1.8391000000e-12	0.0000000000e+00
4.2199000000e-12	4.2199000000e-12	0.0000000000e+00
6.9604000000e-13	6.9604000000e-13	0.0000000000e+00
7.0353000000e-12	7.0352000000e-12	6.1731208118e-06
3.2797000000e-10	3.2797000000e-10	0.0000000000e+00
2.2007000000e-11	2.2007000000e-11	0.0000000000e+00
3.6181000000e-09	3.6181000000e-09	0.0000000000e+00
1.2355000000e-08	1.2355000000e-08	0.0000000000e+00
1.2701000000e-07	1.2701000000e-07	0.0000000000e+00
4.0888000000e-07	4.0888000000e-07	0.0000000000e+00
3.0246000000e-07	3.0246000000e-07	0.0000000000e+00
7.2777000000e-07	7.2777000000e-07	0.0000000000e+00
1.7638000000e-06	1.7638000000e-06	0.0000000000e+00
2.1727000000e-06	2.1727000000e-06	0.0000000000e+00
4.4389000000e-06	4.4389000000e-06	0.0000000000e+00
9.7812000000e-06	9.7812000000e-06	0.0000000000e+00
1.5688000000e-05	1.5688000000e-05	0.0000000000e+00
2.4069000000e-05	2.4069000000e-05	0.0000000000e+00
4.0949000000e-05	4.0949000000e-05	0.0000000000e+00
4.5047000000e-05	4.5047000000e-05	0.0000000000e+00
9.0746000000e-05	9.0746000000e-05	0.0000000000e+00
1.4679000000e-04	1.4679000000e-04	0.0000000000e+00
2.2304000000e-04	2.2304000000e-04	0.0000000000e+00
3.6419000000e-04	3.6419000000e-04	0.0000000000e+00
6.9424000000e-04	6.9424000000e-04	0.0000000000e+00
6.3092000000e-04	6.3092000000e-04	0.0000000000e+00
7.1930000000e-04	7.1930000000e-04	0.0000000000e+00
1.1610000000e-03	1.1610000000e-03	0.0000000000e+00
1.7020000000e-03	1.7020000000e-03	0.0000000000e+00
2.1016000000e-03	2.1016000000e-03	0.0000000000e+00
2.8641000000e-03	2.8641000000e-03	0.0000000000e+00
3.3754000000e-03	3.3754000000e-03	0.0000000000e+00
4.1432000000e-03	4.1432000000e-03	0.0000000000e+00
5.6510000000e-03	5.6510000000e-03	0.0000000000e+00
6.5713000000e-03	6.5713000000e-03	0.0000000000e+00
8.5951000000e-03	8.5951000000e-03	0.0000000000e+00
9.2584000000e-03	9.2584000000e-03	0.0000000000e+00
9.6462000000e-03	9.6462000000e-03	0.0000000000e+00
9.5566000000e-03	9.5566000000e-03	0.0000000000e+00
8.3859000000e-03	8.3859000000e-03	0.0000000000e+00
9.4745000000e-03	9.4745000000e-03	0.0000000000e+00
8.2386000000e-03	8.2386000000e-03	0.0000000000e+00
9.6903000000e-03	9.6903000000e-03	0.0000000000e+00
2.6908000000e-02	2.6908000000e-02	0.0000000000e+00
4.0991000000e-02	4.0991000000e-02	0.0000000000e+00
4.3822000000e-02	4.3822000000e-02	0.0000000000e+00
5.4859000000e-02	5.4859000000e-02	0.0000000000e+00
5.7844000000e-02	5.7844000000e-02	0.0000000000e+00
6.6297000000e-02	6.6297000000e-02	0.0000000000e+00
7.3998000000e-02	7.3998000000e-02	0.0000000000e+00
6.3389000000e-02	6.3389000000e-02	0.0000000000e+00
7.7242000000e-02	7.7242000000e-02	0.0000000000e+00
1.0003000000e-01	1.0003000000e-01	0.0000000000e+00
1.1389000000e-01	1.1389000000e-01	0.0000000000e+00
1.4107000000e-01	1.4107000000e-01	0.0000000000e+00
1.5524000000e-01	1.5524000000e-01	0.0000000000e+00
1.5755000000e-01	1.5755000000e-01	0.0000000000e+00
1.8012000000e-01	1.8012000000e-01	0.0000000000e+00
1.9416000000e-01	1.9416000000e-01	0.0000000000e+00
2.1053000000e-01	2.1053000000e-01	0.0000000000e+00
2.2780000000e-01	2.2780000000e-01	0.0000000000e+00
2.4537000000e-01	2.4537000000e-01	0.0000000000e+00
2.6327000000e-01	2.6327000000e-01	0.0000000000e+00
2.8077000000e-01	2.8077000000e-01	0.0000000000e+00
2.9728000000e-01	2.9728000000e-01	0.0000000000e+00
3.1198000000e-01	3.1198000000e-01	0.0000000000e+00
3.2402000000e-01	3.2402000000e-01	0.0000000000e+00
3.3261000000e-01	3.3261000000e-01	0.0000000000e+00
3.3709000000e-01	3.3709000000e-01	0.0000000000e+00
3.3703000000e-01	3.3703000000e-01	0.0000000000e+00
3.3230000000e-01	3.3230000000e-01	0.0000000000e+00
3.2309000000e-01	3.2309000000e-01	0.0000000000e+00
3.0988000000e-01	3.0988000000e-01	0.0000000000e+00
2.9342000000e-01	2.9342000000e-01	0.0000000000e+00
2.7461000000e-01	2.7461000000e-01	0.0000000000e+00
2.5441000000e-01	2.5441000000e-01	0.0000000000e+00
2.3374000000e-01	2.3374000000e-01	0.0000000000e+00
2.1341000000e-01	2.1341000000e-01	0.0000000000e+00
1.9403000000e-01	1.9403000000e-01	0.0000000000e+00
1.7603000000e-01	1.7603000000e-01	0.0000000000e+00
1.5964000000e-01	1.5964000000e-01	0.0000000000e+00
1.4492000000e-01	1.4492000000e-01	0.0000000000e+00
1.3181000000e-01	1.3181000000e-01	0.0000000000e+00
6.8677000000e-15	6.8677000000e-15	0.0000000000e+00
1.4920000000e-14	1.4920000000e-14	0.0000000000e+00
3.0854000000e-14	3.0854000000e-14	0.0000000000e+00
6.1350000000e-14	6.1350000000e-14	0.0000000000e+00
1.1724000000e-13	1.1724000000e-13	0.0000000000e+00
2.1431000000e-13	2.1431000000e-13	0.0000000000e+00
3.7084000000e-13	3.7084000000e-13	0.0000000000e+00
6.0078000000e-13	6.0078000000e-13	0.0000000000e+00
9.0627000000e-13	9.0627000000e-13	0.0000000000e+00
1.2919000000e-12	1.2919000000e-12	0.0000000000e+00
1.6142000000e-12	1.6142000000e-12	0.0000000000e+00
1.7119000000e-12	1.7119000000e-12	0.0000000000e+00
1.6237000000e-12	1.6237000000e-12	0.0000000000e+00
1.1584000000e-12	1.1584000000e-12	0.0000000000e+00
6.5707000000e-13	6.5707000000e-13	0.0000000000e+00
2.6643000000e-13	2.6643000000e-13	0.0000000000e+00
1.0320000000e-13	1.0320000000e-13	0.0000000000e+00
2.1309000000e-11	2.1309000000e-11	0.0000000000e+00
1.9954000000e-12	1.9954000000e-12	0.0000000000e+00
2.9838000000e-12	2.9838000000e-12	0.0000000000e+00
1.5626000000e-12	1.5626000000e-12	0.0000000000e+00
8.3495000000e-14	8.3495000000e-14	0.0000000000e+00
5.9052000000e-12	5.9052000000e-12	0.0000000000e+00
1.0465000000e-12	1.0465000000e-12	0.0000000000e+00
1.1248000000e-10	1.1248000000e-10	0.0000000000e+00
1.1574000000e-08	1.1574000000e-08	0.0000000000e+00
2.2756000000e-07	2.2756000000e-07	0.0000000000e+00
3.6984000000e-07	3.6984000000e-07	0.0000000000e+00
4.8906000000e-07	4.8906000000e-07	0.0000000000e+00
1.0377000000e-06	1.0377000000e-06	0.0000000000e+00
2.0940000000e-06	2.0940000000e-06	0.0000000000e+00
2.1198000000e-06	2.1198000000e-06	0.0000000000e+00
4.3660000000e-06	4.3660000000e-06	0.0000000000e+00
6.7767000000e-06	6.7767000000e-06	0.0000000000e+00
1.2093000000e-05	1.2093000000e-05	0.0000000000e+00
2.0702000000e-05	2.0702000000e-05	0.0000000000e+00
3.4793000000e-05	3.4793000000e-05	0.0000000000e+00
5.3945000000e-05	5.3945000000e-05	0.0000000000e+00
1.0266000000e-04	1.0266000000e-04	0.0000000000e+00
1.3574000000e-04	1.3574000000e-04	0.0000000000e+00
1.8674000000e-04	1.8674000000e-04	0.0000000000e+00
3.6668000000e-04	3.6668000000e-04	0.0000000000e+00
4.7681000000e-04	4.7681000000e-04	0.0000000000e+00
6.4927000000e-04	6.4927000000e-04	0.0000000000e+00
7.6937000000e-04	7.6937000000e-04	0.0000000000e+00
7.5344000000e-04	7.5344000000e-04	0.0000000000e+00
1.4379000000e-03	1.4379000000e-03	0.0000000000e+00
2.2545000000e-03	2.2545000000e-03	0.0000000000e+00
2.7147000000e-03	2.7147000000e-03	0.0000000000e+00
3.0341000000e-03	3.0341000000e-03	0.0000000000e+00
3.9966000000e-03	3.9966000000e-03	0.0000000000e+00
4.7858000000e-03	4.7858000000e-03	0.0000000000e+00
6.6479000000e-03	6.6479000000e-03	0.0000000000e+00
6.6606000000e-03	6.6606000000e-03	0.0000000000e+00
5.9483000000e-03	5.9483000000e-03	0.0000000000e+00
9.8933000000e-03	9.8933000000e-03	0.0000000000e+00
5.9036000000e-03	5.9036000000e-03	0.0000000000e+00
1.0018000000e-02	1.0018000000e-02	0.0000000000e+00
1.5329000000e-02	1.5329000000e-02	0.0000000000e+00
1.7113000000e-02	1.7113000000e-02	0.0000000000e+00
1.6266000000e-02	1.6266000000e-02	0.0000000000e+00
2.5426000000e-02	2.5426000000e-02	0.0000000000e+00
3.4575000000e-02	3.4575000000e-02	0.0000000000e+00
4.1799000000e-02	4.1799000000e-02	0.0000000000e+00
5.0109000000e-02	5.0109000000e-02	0.0000000000e+00
5.8731000000e-02	5.8731000000e-02	0.0000000000e+00
4.9748000000e-02	4.9748000000e-02	0.0000000000e+00
5.6712000000e-02	5.6712000000e-02	0.0000000000e+00
6.4087000000e-02	6.4087000000e-02	0.0000000000e+00
6.7751000000e-02	6.7751000000e-02	0.0000000000e+00
9.2484000000e-02	9.2485000000e-02	-4.6958623543e-06
8.9342000000e-02	8.9342000000e-02	0.0000000000e+00
1.0014000000e-01	1.0014000000e-01	0.0000000000e+00
1.1643000000e-01	1.1643000000e-01	0.0000000000e+00
1.3106000000e-01	1.3106000000e-01	0.0000000000e+00
1.4110000000e-01	1.4110000000e-01	0.0000000000e+00
1.5968000000e-01	1.5968000000e-01	0.0000000000e+00
1.9086000000e-01	1.9086000000e-01	0.0000000000e+00
2.0424000000e-01	2.0424000000e-01	0.0000000000e+00
2.1804000000e-01	2.1804000000e-01	0.0000000000e+00
2.3265000000e-01	2.3265000000e-01	0.0000000000e+00
2.4685000000e-01	2.4685000000e-01	0.0000000000e+00
2.6121000000e-01	2.6121000000e-01	0.0000000000e+00
2.7537000000e-01	2.7537000000e-01	0.0000000000e+00
2.8868000000e-01	2.8868000000e-01	0.0000000000e+00
3.0050000000e-01	3.0050000000e-01	0.0000000000e+00
3.1012000000e-01	3.1012000000e-01	0.0000000000e+00
3.1688000000e-01	3.1688000000e-01	0.0000000000e+00
3.2017000000e-01	3.2017000000e-01	0.0000000000e+00
3.1959000000e-01	3.1959000000e-01	0.0000000000e+00
3.1494000000e-01	3.1494000000e-01	0.0000000000e+00
3.0634000000e-01	3.0634000000e-01	0.0000000000e+00
2.9416000000e-01	2.9416000000e-01	0.0000000000e+00
2.7899000000e-01	2.7899000000e-01	0.0000000000e+00
2.6161000000e-01	2.6161000000e-01	0.0000000000e+00
2.4285000000e-01	2.4285000000e-01	0.0000000000e+00
2.2354000000e-01	2.2354000000e-01	0.0000000000e+00
2.0443000000e-01	2.0443000000e-01	0.0000000000e+00
1.8610000000e-01	1.8610000000e-01	0.0000000000e+00
1.6896000000e-01	1.6896000000e-01	0.0000000000e+00
1.5328000000e-01	1.5328000000e-01	0.0000000000e+00
7.6660000000e-15	7.6660000000e-15	0.0000000000e+00
1.6608000000e-14	1.6608000000e-14	0.0000000000e+00
3.4324000000e-14	3.4324000000e-14	0.0000000000e+00
6.8481000000e-14	6.8481000000e-14	0.0000000000e+00
1.3156000000e-13	1.3156000000e-13	0.0000000000e+00
2.4368000000e-13	2.4368000000e-13	0.0000000000e+00
4.2985000000e-13	4.2985000000e-13	0.0000000000e+00
7.1740000000e-13	7.1740000000e-13	0.0000000000e+00
1.1161000000e-12	1.1161000000e-12	0.0000000000e+00
1.6641000000e-12	1.6641000000e-12	0.0000000000e+00
2.3157000000e-12	2.3157000000e-12	0.0000000000e+00
2.9036000000e-12	2.9036000000e-12	0.0000000000e+00
3.3449000000e-12	3.3449000000e-12	0.0000000000e+00
3.8010000000e-12	3.8010000000e-12	0.0000000000e+00
4.3270000000e-12	4.3270000000e-12	0.0000000000e+00
6.1323000000e-12	6.1323000000e-12	0.0000000000e+00
1.8459000000e-11	1.8459000000e-11	0.0000000000e+00
9.0218000000e-13	9.0218000000e-13	0.0000000000e+00
1.4047000000e-12	1.4047000000e-12	0.0000000000e+00
4.4479000000e-12	4.4479000000e-12	0.0000000000e+00
6.3822000000e-12	6.3822000000e-12	0.0000000000e+00
1.4354000000e-12	1.4354000000e-12	0.0000000000e+00
3.0208000000e-14	3.0208000000e-14	0.0000000000e+00
4.4260000000e-16	4.4260000000e-16	0.0000000000e+00
1.8977000000e-10	1.8977000000e-10	0.0000000000e+00
7.4907000000e-09	7.4907000000e-09	0.0000000000e+00
2.5802000000e-08	2.5802000000e-08	0.0000000000e+00
4.8491000000e-07	4.8491000000e-07	0.0000000000e+00
4.9487000000e-07	4.9487000000e-07	0.0000000000e+00
1.0567000000e-06	1.0567000000e-06	0.0000000000e+00
1.3868000000e-06	1.3868000000e-06	0.0000000000e+00
1.7390000000e-06	1.7390000000e-06	0.0000000000e+00
3.8316000000e-06	3.8316000000e-06	0.0000000000e+00
5.6470000000e-06	5.6470000000e-06	0.0000000000e+00
1.0721000000e-05	1.0721000000e-05	0.0000000000e+00
1.7114000000e-05	1.7114000000e-05	0.0000000000e+00
2.6459000000e-05	2.6459000000e-05	0.0000000000e+00
5.3858000000e-05	5.3858000000e-05	0.0000000000e+00
8.2141000000e-05	8.2141000000e-05	0.0000000000e+00
1.3693000000e-04	1.3693000000e-04	0.0000000000e+00
2.0171000000e-04	2.0171000000e-04	0.0000000000e+00
2.2876000000e-04	2.2876000000e-04	0.0000000000e+00
3.9201000000e-04	3.9201000000e-04	0.0000000000e+00
6.1395000000e-04	6.1395000000e-04	0.0000000000e+00
7.4893000000e-04	7.4893000000e-04	0.0000000000e+00
9.9085000000e-04	9.9085000000e-04	0.0000000000e+00
1.2776000000e-03	1.2776000000e-03	0.0000000000e+00
2.0172000000e-03	2.0172000000e-03	0.0000000000e+00
2.1233000000e-03	2.1233000000e-03	0.0000000000e+00
2.8197000000e-03	2.8197000000e-03	0.0000000000e+00
3.4373000000e-03	3.4373000000e-03	0.0000000000e+00
4.3714000000e-03	4.3714000000e-03	0.0000000000e+00
5.5822000000e-03	5.5822000000e-03	0.0000000000e+00
6.3988000000e-03	6.3988000000e-03	0.0000000000e+00
5.8718000000e-03	5.8718000000e-03	0.0000000000e+00
8.8451000000e-03	8.8451000000e-03	0.0000000000e+00
9.6301000000e-03	9.6301000000e-03	0.0000000000e+00
9.9978000000e-03	9.9978000000e-03	0.0000000000e+00
1.1415000000e-02	1.1415000000e-02	0.0000000000e+00
1.4734000000e-02	1.4734000000e-02	0.0000000000e+00
1.2135000000e-02	1.2135000000e-02	0.0000000000e+00
2.5823000000e-02	2.5823000000e-02	0.0000000000e+00
3.2924000000e-02	3.2924000000e-02	0.0000000000e+00
3.9267000000e-02	3.9267000000e-02	0.0000000000e+00
4.4336000000e-02	4.4336000000e-02	0.0000000000e+00
4.9863000000e-02	4.9863000000e-02	0.0000000000e+00
4.4632000000e-02	4.4632000000e-02	0.0000000000e+00
5.3422000000e-02	5.3422000000e-02	0.0000000000e+00
5.9466000000e-02	5.9466000000e-02	0.0000000000e+00
6.3940000000e-02	6.3940000000e-02	0.0000000000e+00
7.5248000000e-02	7.5248000000e-02	0.0000000000e+00
1.0880000000e-01	1.0880000000e-01	0.0000000000e+00
9.2829000000e-02	9.2829000000e-02	0.0000000000e+00
1.0353000000e-01	1.0353000000e-01	0.0000000000e+00
1.1312000000e-01	1.1312000000e-01	0.0000000000e+00
1.2510000000e-01	1.2510000000e-01	0.0000000000e+00
1.3744000000e-01	1.3744000000e-01	0.0000000000e+00
1.7829000000e-01	1.7829000000e-01	0.0000000000e+00
1.8937000000e-01	1.8937000000e-01	0.0000000000e+00
2.0044000000e-01	2.0044000000e-01	0.0000000000e+00
2.1157000000e-01	2.1157000000e-01	0.0000000000e+00
2.2281000000e-01	2.2281000000e-01	0.0000000000e+00
2.3418000000e-01	2.3418000000e-01	0.0000000000e+00
2.4564000000e-01	2.4564000000e-01	0.0000000000e+00
2.5706000000e-01	2.5706000000e-01	0.0000000000e+00
2.6818000000e-01	2.6818000000e-01	0.0000000000e+00
2.7860000000e-01	2.7860000000e-01	0.0000000000e+00
2.8783000000e-01	2.8783000000e-01	0.0000000000e+00
2.9530000000e-01	2.9530000000e-01	0.0000000000e+00
3.0041000000e-01	3.0041000000e-01	0.0000000000e+00
3.0264000000e-01	3.0264000000e-01	0.0000000000e+00
3.0160000000e-01	3.0160000000e-01	0.0000000000e+00
2.9706000000e-01	2.9706000000e-01	0.0000000000e+00
2.8906000000e-01	2.8906000000e-01	0.0000000000e+00
2.7787000000e-01	2.7787000000e-01	0.0000000000e+00
2.6397000000e-01	2.6397000000e-01	0.0000000000e+00
2.4799000000e-01	2.4799000000e-01	0.0000000000e+00
2.3068000000e-01	2.3068000000e-01	0.0000000000e+00
2.1276000000e-01	2.1276000000e-01	0.0000000000e+00
1.9490000000e-01	1.9490000000e-01	0.0000000000e+00
1.7768000000e-01	1.7768000000e-01	0.0000000000e+00
8.5752000000e-15	8.5752000000e-15	0.0000000000e+00
1.8522000000e-14	1.8522000000e-14	0.0000000000e+00
3.8397000000e-14	3.8397000000e-14	0.0000000000e+00
7.6978000000e-14	7.6978000000e-14	0.0000000000e+00
1.4973000000e-13	1.4973000000e-13	0.0000000000e+00
2.8126000000e-13	2.8126000000e-13	0.0000000000e+00
5.0990000000e-13	5.0990000000e-13	0.0000000000e+00
8.8317000000e-13	8.8317000000e-13	0.0000000000e+00
1.4601000000e-12	1.4601000000e-12	0.0000000000e+00
2.2836000000e-12	2.2836000000e-12	0.0000000000e+00
3.5145000000e-12	3.5145000000e-12	0.0000000000e+00
5.2769000000e-12	5.2769000000e-12	0.0000000000e+00
7.7603000000e-12	7.7603000000e-12	0.0000000000e+00
1.1856000000e-11	1.1856000000e-11	0.0000000000e+00
2.1488000000e-11	2.1488000000e-11	0.0000000000e+00
5.8316000000e-11	5.8316000000e-11	0.0000000000e+00
1.6877000000e-10	1.6877000000e-10	0.0000000000e+00
1.2273000000e-11	1.2273000000e-11	0.0000000000e+00
2.5386000000e-10	2.5386000000e-10	0.0000000000e+00
3.3205000000e-11	3.3205000000e-11	0.0000000000e+00
1.7654000000e-11	1.7654000000e-11	0.0000000000e+00
2.2958000000e-12	2.2958000000e-12	0.0000000000e+00
4.8453000000e-14	4.8453000000e-14	0.0000000000e+00
4.6583000000e-17	4.6583000000e-17	0.0000000000e+00
1.8145000000e-14	1.8145000000e-14	0.0000000000e+00
2.4905000000e-09	2.4905000000e-09	0.0000000000e+00
1.2944000000e-08	1.2944000000e-08	0.0000000000e+00
2.0701000000e-07	2.0701000000e-07	0.0000000000e+00
8.8722000000e-07	8.8722000000e-07	0.0000000000e+00
1.2562000000e-06	1.2562000000e-06	0.0000000000e+00
1.7062000000e-06	1.7062000000e-06	0.0000000000e+00
1.9100000000e-06	1.9100000000e-06	0.0000000000e+00
3.1871000000e-06	3.1871000000e-06	0.0000000000e+00
5.5493000000e-06	5.5493000000e-06	0.0000000000e+00
9.7504000000e-06	9.7504000000e-06	0.0000000000e+00
1.5018000000e-05	1.5018000000e-05	0.0000000000e+00
2.1324000000e-05	2.1324000000e-05	0.0000000000e+00
3.3684000000e-05	3.3684000000e-05	0.0000000000e+00
8.2054000000e-05	8.2054000000e-05	0.0000000000e+00
1.2210000000e-04	1.2210000000e-04	0.0000000000e+00
1.7783000000e-04	1.7783000000e-04	0.0000000000e+00
2.5382000000e-04	2.5382000000e-04	0.0000000000e+00
3.4655000000e-04	3.4655000000e-04	0.0000000000e+00
5.8054000000e-04	5.8054000000e-04	0.0000000000e+00
6.8209000000e-04	6.8209000000e-04	0.0000000000e+00
8.6527000000e-04	8.6527000000e-04	0.0000000000e+00
1.1173000000e-03	1.1173000000e-03	0.0000000000e+00
1.6995000000e-03	1.6995000000e-03	0.0000000000e+00
1.9158000000e-03	1.9158000000e-03	0.0000000000e+00
2.4204000000e-03	2.4204000000e-03	0.0000000000e+00
3.4725000000e-03	3.4725000000e-03	0.0000000000e+00
4.0935000000e-03	4.0935000000e-03	0.0000000000e+00
4.9137000000e-03	4.9137000000e-03	0.0000000000e+00
4.5975000000e-03	4.5975000000e-03	0.0000000000e+00
4.5038000000e-03	4.5038000000e-03	0.0000000000e+00
6.6673000000e-03	6.6673000000e-03	0.0000000000e+00
9.1808000000e-03	9.1808000000e-03	0.0000000000e+00
1.1332000000e-02	1.1332000000e-02	0.0000000000e+00
1.3033000000e-02	1.3033000000e-02	0.0000000000e+00
1.3375000000e-02	1.3375000000e-02	0.0000000000e+00
1.9398000000e-02	1.9398000000e-02	0.0000000000e+00
2.2906000000e-02	2.2906000000e-02	0.0000000000e+00
3.2569000000e-02	3.2569000000e-02	0.0000000000e+00
3.8620000000e-02	3.8620000000e-02	0.0000000000e+00
4.3994000000e-02	4.3994000000e-02	0.0000000000e+00
4.8627000000e-02	4.8627000000e-02	0.0000000000e+00
4.3669000000e-02	4.3669000000e-02	0.0000000000e+00
4.6433000000e-02	4.6433000000e-02	0.0000000000e+00
5.6840000000e-02	5.6840000000e-02	0.0000000000e+00
6.3903000000e-02	6.3903000000e-02	0.0000000000e+00
9.0285000000e-02	9.0285000000e-02	0.0000000000e+00
9.4661000000e-02	9.4661000000e-02	0.0000000000e+00
1.1587000000e-01	1.1587000000e-01	0.0000000000e+00
1.1691000000e-01	1.1691000000e-01	0.0000000000e+00
1.1956000000e-01	1.1956000000e-01	0.0000000000e+00
1.1491000000e-01	1.1491000000e-01	0.0000000000e+00
1.5833000000e-01	1.5833000000e-01	0.0000000000e+00
1.7372000000e-01	1.7372000000e-01	0.0000000000e+00
1.7869000000e-01	1.7869000000e-01	0.0000000000e+00
1.8839000000e-01	1.8839000000e-01	0.0000000000e+00
1.9778000000e-01	1.9778000000e-01	0.0000000000e+00
2.0690000000e-01	2.0690000000e-01	0.0000000000e+00
2.1584000000e-01	2.1584000000e-01	0.0000000000e+00
2.2468000000e-01	2.2468000000e-01	0.0000000000e+00
2.3348000000e-01	2.3348000000e-01	0.0000000000e+00
2.4226000000e-01	2.4226000000e-01	0.0000000000e+00
2.5095000000e-01	2.5095000000e-01	0.0000000000e+00
2.5939000000e-01	2.5939000000e-01	0.0000000000e+00
2.6730000000e-01	2.6730000000e-01	0.0000000000e+00
2.7428000000e-01	2.7428000000e-01	0.0000000000e+00
2.7986000000e-01	2.7986000000e-01	0.0000000000e+00
2.8355000000e-01	2.8355000000e-01	0.0000000000e+00
2.8487000000e-01	2.8487000000e-01	0.0000000000e+00
2.8344000000e-01	2.8344000000e-01	0.0000000000e+00
2.7904000000e-01	2.7904000000e-01	0.0000000000e+00
2.7163000000e-01	2.7163000000e-01	0.0000000000e+00
2.6140000000e-01	2.6140000000e-01	0.0000000000e+00
2.4872000000e-01	2.4872000000e-01	0.0000000000e+00
2.3412000000e-01	2.3412000000e-01	0.0000000000e+00
2.1822000000e-01	2.1822000000e-01	0.0000000000e+00
2.0167000000e-01	2.0167000000e-01	0.0000000000e+00
9.5728000000e-15	9.5728000000e-15	0.0000000000e+00
2.0694000000e-14	2.0694000000e-14	0.0000000000e+00
4.2930000000e-14	4.2930000000e-14	0.0000000000e+00
8.6776000000e-14	8.6776000000e-14	0.0000000000e+00
1.7076000000e-13	1.7076000000e-13	0.0000000000e+00
3.2683000000e-13	3.2683000000e-13	0.0000000000e+00
6.0793000000e-13	6.0793000000e-13	0.0000000000e+00
1.0980000000e-12	1.0980000000e-12	0.0000000000e+00
1.9204000000e-12	1.9204000000e-12	0.0000000000e+00
3.2664000000e-12	3.2664000000e-12	0.0000000000e+00
5.4435000000e-12	5.4435000000e-12	0.0000000000e+00
9.0297000000e-12	9.0297000000e-12	0.0000000000e+00
1.5649000000e-11	1.5649000000e-11	0.0000000000e+00
2.8586000000e-11	2.8586000000e-11	0.0000000000e+00
5.8670000000e-11	5.8670000000e-11	0.0000000000e+00
1.4331000000e-10	1.4331000000e-10	0.0000000000e+00
6.4701000000e-10	6.4701000000e-10	0.0000000000e+00
8.9524000000e-10	8.9524000000e-10	0.0000000000e+00
1.3814000000e-10	1.3814000000e-10	0.0000000000e+00
1.3587000000e-12	1.3587000000e-12	0.0000000000e+00
3.3262000000e-12	3.3262000000e-12	0.0000000000e+00
1.9816000000e-12	1.9816000000e-12	0.0000000000e+00
3.3181000000e-13	3.3181000000e-13	0.0000000000e+00
2.4788000000e-16	2.4788000000e-16	0.0000000000e+00
2.5031000000e-11	2.5031000000e-11	0.0000000000e+00
2.2793000000e-10	2.2793000000e-10	0.0000000000e+00
1.3226000000e-08	1.3226000000e-08	0.0000000000e+00
2.1851000000e-07	2.1851000000e-07	0.0000000000e+00
4.3759000000e-07	4.3759000000e-07	0.0000000000e+00
1.4946000000e-06	1.4946000000e-06	0.0000000000e+00
1.2013000000e-06	1.2013000000e-06	0.0000000000e+00
2.3631000000e-06	2.3631000000e-06	0.0000000000e+00
3.5184000000e-06	3.5184000000e-06	0.0000000000e+00
5.9423000000e-06	5.9423000000e-06	0.0000000000e+00
7.9747000000e-06	7.9747000000e-06	0.0000000000e+00
1.3178000000e-05	1.3178000000e-05	0.0000000000e+00
2.2082000000e-05	2.2082000000e-05	0.0000000000e+00
4.1643000000e-05	4.1643000000e-05	0.0000000000e+00
7.2264000000e-05	7.2264000000e-05	0.0000000000e+00
1.0589000000e-04	1.0589000000e-04	0.0000000000e+00
1.5529000000e-04	1.5529000000e-04	0.0000000000e+00
2.1641000000e-04	2.1641000000e-04	0.0000000000e+00
3.0214000000e-04	3.0214000000e-04	0.0000000000e+00
4.1375000000e-04	4.1375000000e-04	0.0000000000e+00
6.8393000000e-04	6.8393000000e-04	0.0000000000e+00
7.5430000000e-04	7.5430000000e-04	0.0000000000e+00
1.0239000000e-03	1.0239000000e-03	0.0000000000e+00
1.5488000000e-03	1.5488000000e-03	0.0000000000e+00
1.6853000000e-03	1.6853000000e-03	0.0000000000e+00
2.5137000000e-03	2.5137000000e-03	0.0000000000e+00
3.2806000000e-03	3.2806000000e-03	0.0000000000e+00
4.1076000000e-03	4.1076000000e-03	0.0000000000e+00
4.4210000000e-03	4.4210000000e-03	0.0000000000e+00
5.5926000000e-03	5.5926000000e-03	0.0000000000e+00
4.9468000000e-03	4.9468000000e-03	0.0000000000e+00
7.1288000000e-03	7.1288000000e-03	0.0000000000e+00
7.6441000000e-03	7.6441000000e-03	0.0000000000e+00
6.8318000000e-03	6.8318000000e-03	0.0000000000e+00
1.2838000000e-02	1.2838000000e-02	0.0000000000e+00
1.4695000000e-02	1.4695000000e-02	0.0000000000e+00
1.9731000000e-02	1.9731000000e-02	0.0000000000e+00
2.1782000000e-02	2.1782000000e-02	0.0000000000e+00
2.9005000000e-02	2.9005000000e-02	0.0000000000e+00
3.5110000000e-02	3.5110000000e-02	0.0000000000e+00
4.0027000000e-02	4.0027000000e-02	0.0000000000e+00
3.5341000000e-02	3.5341000000e-02	0.0000000000e+00
4.1124000000e-02	4.1124000000e-02	0.0000000000e+00
4.6272000000e-02	4.6272000000e-02	0.0000000000e+00
5.4037000000e-02	5.4037000000e-02	0.0000000000e+00
5.7795000000e-02	5.7795000000e-02	0.0000000000e+00
6.6971000000e-02	6.6971000000e-02	0.0000000000e+00
9.2008000000e-02	9.2008000000e-02	0.0000000000e+00
8.2801000000e-02	8.2801000000e-02	0.0000000000e+00
1.1766000000e-01	1.1766000000e-01	0.0000000000e+00
1.2892000000e-01	1.2892000000e-01	0.0000000000e+00
1.3919000000e-01	1.3919000000e-01	0.0000000000e+00
1.4950000000e-01	1.4950000000e-01	0.0000000000e+00
1.5953000000e-01	1.5953000000e-01	0.0000000000e+00
1.6919000000e-01	1.6919000000e-01	0.0000000000e+00
1.7840000000e-01	1.7840000000e-01	0.0000000000e+00
1.8710000000e-01	1.8710000000e-01	0.0000000000e+00
1.9528000000e-01	1.9528000000e-01	0.0000000000e+00
2.0298000000e-01	2.0298000000e-01	0.0000000000e+00
2.1024000000e-01	2.1024000000e-01	0.0000000000e+00
2.1716000000e-01	2.1716000000e-01	0.0000000000e+00
2.2385000000e-01	2.2385000000e-01	0.0000000000e+00
2.3040000000e-01	2.3040000000e-01	0.0000000000e+00
2.3685000000e-01	2.3685000000e-01	0.0000000000e+00
2.4320000000e-01	2.4320000000e-01	0.0000000000e+00
2.4935000000e-01	2.4935000000e-01	0.0000000000e+00
2.5511000000e-01	2.5511000000e-01	0.0000000000e+00
2.6017000000e-01	2.6017000000e-01	0.0000000000e+00
2.6415000000e-01	2.6415000000e-01	0.0000000000e+00
2.6663000000e-01	2.6663000000e-01	0.0000000000e+00
2.6718000000e-01	2.6718000000e-01	0.0000000000e+00
2.6545000000e-01	2.6545000000e-01	0.0000000000e+00
2.6121000000e-01	2.6121000000e-01	0.0000000000e+00
2.5438000000e-01	2.5438000000e-01	0.0000000000e+00
2.4506000000e-01	2.4506000000e-01	0.0000000000e+00
2.3354000000e-01	2.3354000000e-01	0.0000000000e+00
2.2026000000e-01	2.2026000000e-01	0.0000000000e+00
1.0645000000e-14	1.0645000000e-14	0.0000000000e+00
2.2935000000e-14	2.2935000000e-14	0.0000000000e+00
4.7790000000e-14	4.7790000000e-14	0.0000000000e+00
9.7174000000e-14	9.7174000000e-14	0.0000000000e+00
1.9370000000e-13	1.9370000000e-13	0.0000000000e+00
3.7737000000e-13	3.7737000000e-13	0.0000000000e+00
7.2043000000e-13	7.2043000000e-13	0.0000000000e+00
1.3463000000e-12	1.3463000000e-12	0.0000000000e+00
2.4727000000e-12	2.4727000000e-12	0.0000000000e+00
4.4807000000e-12	4.4807000000e-12	0.0000000000e+00
8.1060000000e-12	8.1060000000e-12	0.0000000000e+00
1.4803000000e-11	1.4803000000e-11	0.0000000000e+00
2.7438000000e-11	2.7438000000e-11	0.0000000000e+00
5.1459000000e-11	5.1459000000e-11	0.0000000000e+00
9.7505000000e-11	9.7505000000e-11	0.0000000000e+00
1.6884000000e-10	1.6884000000e-10	0.0000000000e+00
1.3835000000e-10	1.3835000000e-10	0.0000000000e+00
1.4064000000e-11	1.4064000000e-11	0.0000000000e+00
1.1810000000e-12	1.1810000000e-12	0.0000000000e+00
4.1532000000e-13	4.1532000000e-13	0.0000000000e+00
2.6620000000e-13	2.6620000000e-13	0.0000000000e+00
1.6322000000e-13	1.6322000000e-13	0.0000000000e+00
1.4514000000e-15	1.4514000000e-15	0.0000000000e+00
5.0616000000e-13	5.0616000000e-13	0.0000000000e+00
4.9524000000e-12	4.9524000000e-12	0.0000000000e+00
5.6080000000e-10	5.6080000000e-10	0.0000000000e+00
3.1860000000e-08	3.1860000000e-08	0.0000000000e+00
1.9352000000e-07	1.9352000000e-07	0.0000000000e+00
3.0977000000e-07	3.0977000000e-07	0.0000000000e+00
8.5048000000e-07	8.5048000000e-07	0.0000000000e+00
2.0915000000e-06	2.0915000000e-06	0.0000000000e+00
2.0954000000e-06	2.0954000000e-06	0.0000000000e+00
3.3991000000e-06	3.3991000000e-06	0.0000000000e+00
6.9570000000e-06	6.9570000000e-06	0.0000000000e+00
8.0778000000e-06	8.0778000000e-06	0.0000000000e+00
1.2701000000e-05	1.2701000000e-05	0.0000000000e+00
2.5320000000e-05	2.5320000000e-05	0.0000000000e+00
3.3945000000e-05	3.3945000000e-05	0.0000000000e+00
6.0825000000e-05	6.0825000000e-05	0.0000000000e+00
1.0133000000e-04	1.0133000000e-04	0.0000000000e+00
1.3335000000e-04	1.3335000000e-04	0.0000000000e+00
1.8960000000e-04	1.8960000000e-04	0.0000000000e+00
2.5759000000e-04	2.5759000000e-04	0.0000000000e+00
3.5821000000e-04	3.5821000000e-04	0.0000000000e+00
5.8316000000e-04	5.8316000000e-04	0.0000000000e+00
6.9220000000e-04	6.9220000000e-04	0.0000000000e+00
8.6774000000e-04	8.6774000000e-04	0.0000000000e+00
1.1964000000e-03	1.1964000000e-03	0.0000000000e+00
1.7215000000e-03	1.7215000000e-03	0.0000000000e+00
2.2280000000e-03	2.2280000000e-03	0.0000000000e+00
2.8033000000e-03	2.8033000000e-03	0.0000000000e+00
3.5286000000e-03	3.5286000000e-03	0.0000000000e+00
4.3809000000e-03	4.3809000000e-03	0.0000000000e+00
5.3991000000e-03	5.3991000000e-03	0.0000000000e+00
6.6089000000e-03	6.6089000000e-03	0.0000000000e+00
7.5865000000e-03	7.5865000000e-03	0.0000000000e+00
8.7327000000e-03	8.7327000000e-03	0.0000000000e+00
1.0631000000e-02	1.0631000000e-02	0.0000000000e+00
1.3123000000e-02	1.3123000000e-02	0.0000000000e+00
1.6329000000e-02	1.6329000000e-02	0.0000000000e+00
1.9587000000e-02	1.9587000000e-02	0.0000000000e+00
2.2045000000e-02	2.2045000000e-02	0.0000000000e+00
2.6945000000e-02	2.6945000000e-02	0.0000000000e+00
3.1532000000e-02	3.1532000000e-02	0.0000000000e+00
2.6860000000e-02	2.6860000000e-02	0.0000000000e+00
3.2670000000e-02	3.2670000000e-02	0.0000000000e+00
3.9029000000e-02	3.9029000000e-02	0.0000000000e+00
4.3822000000e-02	4.3822000000e-02	0.0000000000e+00
4.7780000000e-02	4.7780000000e-02	0.0000000000e+00
5.3438000000e-02	5.3438000000e-02	0.0000000000e+00
4.9919000000e-02	4.9919000000e-02	0.0000000000e+00
7.6308000000e-02	7.6308000000e-02	0.0000000000e+00
9.5484000000e-02	9.5484000000e-02	0.0000000000e+00
1.0942000000e-01	1.0942000000e-01	0.0000000000e+00
1.1975000000e-01	1.1975000000e-01	0.0000000000e+00
1.2998000000e-01	1.2998000000e-01	0.0000000000e+00
1.4006000000e-01	1.4006000000e-01	0.0000000000e+00
1.4992000000e-01	1.4992000000e-01	0.0000000000e+00
1.5945000000e-01	1.5945000000e-01	0.0000000000e+00
1.6853000000e-01	1.6853000000e-01	0.0000000000e+00
1.7709000000e-01	1.7709000000e-01	0.0000000000e+00
1.8504000000e-01	1.8504000000e-01	0.0000000000e+00
1.9237000000e-01	1.9237000000e-01	0.0000000000e+00
1.9905000000e-01	1.9905000000e-01	0.0000000000e+00
2.0515000000e-01	2.0515000000e-01	0.0000000000e+00
2.1072000000e-01	2.1072000000e-01	0.0000000000e+00
2.1586000000e-01	2.1586000000e-01	0.0000000000e+00
2.2068000000e-01	2.2068000000e-01	0.0000000000e+00
2.2529000000e-01	2.2529000000e-01	0.0000000000e+00
2.2978000000e-01	2.2978000000e-01	0.0000000000e+00
2.3417000000e-01	2.3417000000e-01	0.0000000000e+00
2.3841000000e-01	2.3841000000e-01	0.0000000000e+00
2.4238000000e-01	2.4238000000e-01	0.0000000000e+00
2.4583000000e-01	2.4583000000e-01	0.0000000000e+00
2.4847000000e-01	2.4847000000e-01	0.0000000000e+00
2.4993000000e-01	2.4993000000e-01	0.0000000000e+00
2.4985000000e-01	2.4985000000e-01	0.0000000000e+00
2.4789000000e-01	2.4789000000e-01	0.0000000000e+00
2.4383000000e-01	2.4383000000e-01	0.0000000000e+00
2.3754000000e-01	2.3754000000e-01	0.0000000000e+00
2.2908000000e-01	2.2908000000e-01	0.0000000000e+00
1.1746000000e-14	1.1746000000e-14	0.0000000000e+00
2.5273000000e-14	2.5273000000e-14	0.0000000000e+00
5.2783000000e-14	5.2783000000e-14	0.0000000000e+00
1.0793000000e-13	1.0793000000e-13	0.0000000000e+00
2.1663000000e-13	2.1663000000e-13	0.0000000000e+00
4.2854000000e-13	4.2853000000e-13	1.0134399336e-05
8.3577000000e-13	8.3577000000e-13	0.0000000000e+00
1.6075000000e-12	1.6075000000e-12	0.0000000000e+00
3.0553000000e-12	3.0553000000e-12	0.0000000000e+00
5.7765000000e-12	5.7765000000e-12	0.0000000000e+00
1.0965000000e-11	1.0965000000e-11	0.0000000000e+00
2.1006000000e-11	2.1006000000e-11	0.0000000000e+00
4.0254000000e-11	4.0254000000e-11	0.0000000000e+00
7.4877000000e-11	7.4877000000e-11	0.0000000000e+00
1.2639000000e-10	1.2639000000e-10	0.0000000000e+00
1.5700000000e-10	1.5700000000e-10	0.0000000000e+00
6.1862000000e-11	6.1863000000e-11	-7.0203189640e-06
6.9534000000e-12	6.9534000000e-12	0.0000000000e+00
1.6832000000e-13	1.6832000000e-13	0.0000000000e+00
2.1992000000e-15	2.1992000000e-15	0.0000000000e+00
4.3149000000e-16	4.3149000000e-16	0.0000000000e+00
1.3189000000e-14	1.3189000000e-14	0.0000000000e+00
7.0568000000e-13	7.0568000000e-13	0.0000000000e+00
5.2104000000e-17	5.2104000000e-17	0.0000000000e+00
1.0342000000e-11	1.0342000000e-11	0.0000000000e+00
4.9921000000e-09	4.9921000000e-09	0.0000000000e+00
8.7193000000e-08	8.7193000000e-08	0.0000000000e+00
2.7136000000e-07	2.7136000000e-07	0.0000000000e+00
2.8269000000e-07	2.8269000000e-07	0.0000000000e+00
5.0086000000e-07	5.0086000000e-07	0.0000000000e+00
8.7153000000e-07	8.7153000000e-07	0.0000000000e+00
2.9372000000e-06	2.9372000000e-06	0.0000000000e+00
3.6680000000e-06	3.6680000000e-06	0.0000000000e+00
6.7640000000e-06	6.7640000000e-06	0.0000000000e+00
8.5583000000e-06	8.5583000000e-06	0.0000000000e+00
1.0897000000e-05	1.0897000000e-05	0.0000000000e+00
2.1040000000e-05	2.1040000000e-05	0.0000000000e+00
3.3317000000e-05	3.3317000000e-05	0.0000000000e+00
5.1334000000e-05	5.1334000000e-05	0.0000000000e+00
7.7061000000e-05	7.7061000000e-05	0.0000000000e+00
1.2304000000e-04	1.2304000000e-04	0.0000000000e+00
1.5872000000e-04	1.5872000000e-04	0.0000000000e+00
2.1845000000e-04	2.1845000000e-04	0.0000000000e+00
3.0638000000e-04	3.0638000000e-04	0.0000000000e+00
4.4472000000e-04	4.4472000000e-04	0.0000000000e+00
6.3838000000e-04	6.3838000000e-04	0.0000000000e+00
8.4919000000e-04	8.4919000000e-04	0.0000000000e+00
1.1202000000e-03	1.1202000000e-03	0.0000000000e+00
1.4804000000e-03	1.4804000000e-03	0.0000000000e+00
1.8915000000e-03	1.8915000000e-03	0.0000000000e+00
2.3624000000e-03	2.3624000000e-03	0.0000000000e+00
3.0081000000e-03	3.0081000000e-03	0.0000000000e+00
3.7484000000e-03	3.7484000000e-03	0.0000000000e+00
4.6369000000e-03	4.6369000000e-03	0.0000000000e+00
5.6973000000e-03	5.6973000000e-03	0.0000000000e+00
6.9563000000e-03	6.9563000000e-03	0.0000000000e+00
8.4372000000e-03	8.4372000000e-03	0.0000000000e+00
1.0193000000e-02	1.0193000000e-02	0.0000000000e+00
1.2240000000e-02	1.2240000000e-02	0.0000000000e+00
1.4625000000e-02	1.4625000000e-02	0.0000000000e+00
1.7212000000e-02	1.7212000000e-02	0.0000000000e+00
2.0176000000e-02	2.0176000000e-02	0.0000000000e+00
2.3563000000e-02	2.3563000000e-02	0.0000000000e+00
2.7843000000e-02	2.7843000000e-02	0.0000000000e+00
2.5891000000e-02	2.5891000000e-02	0.0000000000e+00
2.9474000000e-02	2.9474000000e-02	0.0000000000e+00
3.4879000000e-02	3.4879000000e-02	0.0000000000e+00
4.7281000000e-02	4.7281000000e-02	0.0000000000e+00
5.2381000000e-02	5.2381000000e-02	0.0000000000e+00
5.4144000000e-02	5.4144000000e-02	0.0000000000e+00
4.1081000000e-02	4.1081000000e-02	0.0000000000e+00
4.5596000000e-02	4.5596000000e-02	0.0000000000e+00
7.0351000000e-02	7.0351000000e-02	0.0000000000e+00
7.9453000000e-02	7.9453000000e-02	0.0000000000e+00
9.8142000000e-02	9.8142000000e-02	0.0000000000e+00
1.2002000000e-01	1.2002000000e-01	0.0000000000e+00
1.2992000000e-01	1.2992000000e-01	0.0000000000e+00
1.3965000000e-01	1.3965000000e-01	0.0000000000e+00
1.4905000000e-01	1.4905000000e-01	0.0000000000e+00
1.5809000000e-01	1.5809000000e-01	0.0000000000e+00
1.6665000000e-01	1.6665000000e-01	0.0000000000e+00
1.7466000000e-01	1.7466000000e-01	0.0000000000e+00
1.8203000000e-01	1.8203000000e-01	0.0000000000e+00
1.8872000000e-01	1.8872000000e-01	0.0000000000e+00
1.9470000000e-01	1.9470000000e-01	0.0000000000e+00
2.0000000000e-01	2.0000000000e-01	0.0000000000e+00
2.0465000000e-01	2.0465000000e-01	0.0000000000e+00
2.0873000000e-01	2.0873000000e-01	0.0000000000e+00
2.1234000000e-01	2.1234000000e-01	0.0000000000e+00
2.1559000000e-01	2.1559000000e-01	0.0000000000e+00
2.1860000000e-01	2.1860000000e-01	0.0000000000e+00
2.2146000000e-01	2.2146000000e-01	0.0000000000e+00
2.2423000000e-01	2.2423000000e-01	0.0000000000e+00
2.2691000000e-01	2.2691000000e-01	0.0000000000e+00
2.2939000000e-01	2.2939000000e-01	0.0000000000e+00
2.3152000000e-01	2.3152000000e-01	0.0000000000e+00
2.3305000000e-01	2.3305000000e-01	0.0000000000e+00
2.3368000000e-01	2.3368000000e-01	0.0000000000e+00
2.3308000000e-01	2.3308000000e-01	0.0000000000e+00
2.3096000000e-01	2.3096000000e-01	0.0000000000e+00
2.2708000000e-01	2.2708000000e-01	0.0000000000e+00
1.2792000000e-14	1.2792000000e-14	0.0000000000e+00
2.7436000000e-14	2.7436000000e-14	0.0000000000e+00
5.7328000000e-14	5.7328000000e-14	0.0000000000e+00
1.1767000000e-13	1.1767000000e-13	0.0000000000e+00
2.3779000000e-13	2.3779000000e-13	0.0000000000e+00
4.7575000000e-13	4.7575000000e-13	0.0000000000e+00
9.4081000000e-13	9.4081000000e-13	0.0000000000e+00
1.8452000000e-12	1.8452000000e-12	0.0000000000e+00
3.5887000000e-12	3.5887000000e-12	0.0000000000e+00
6.9753000000e-12	6.9753000000e-12	0.0000000000e+00
1.3580000000e-11	1.3580000000e-11	0.0000000000e+00
2.6576000000e-11	2.6576000000e-11	0.0000000000e+00
5.1676000000e-11	5.1676000000e-11	0.0000000000e+00
9.6785000000e-11	9.6785000000e-11	0.0000000000e+00
1.6411000000e-10	1.6411000000e-10	0.0000000000e+00
2.2427000000e-10	2.2427000000e-10	0.0000000000e+00
2.3065000000e-10	2.3065000000e-10	0.0000000000e+00
9.6681000000e-11	9.6681000000e-11	0.0000000000e+00
5.9673000000e-11	5.9673000000e-11	0.0000000000e+00
3.2763000000e-12	3.2763000000e-12	0.0000000000e+00
7.2576000000e-12	7.2576000000e-12	0.0000000000e+00
1.8998000000e-12	1.8998000000e-12	0.0000000000e+00
1.8483000000e-11	1.8483000000e-11	0.0000000000e+00
5.0029000000e-13	5.0029000000e-13	0.0000000000e+00
4.1436000000e-10	4.1436000000e-10	0.0000000000e+00
8.4553000000e-09	8.4553000000e-09	0.0000000000e+00
9.8169000000e-08	9.8169000000e-08	0.0000000000e+00
1.8199000000e-07	1.8199000000e-07	0.0000000000e+00
2.6174000000e-07	2.6174000000e-07	0.0000000000e+00
4.6190000000e-07	4.6190000000e-07	0.0000000000e+00
7.8467000000e-07	7.8467000000e-07	0.0000000000e+00
1.3605000000e-06	1.3605000000e-06	0.0000000000e+00
3.3171000000e-06	3.3171000000e-06	0.0000000000e+00
6.7367000000e-06	6.7368000000e-06	-6.4466468536e-06
9.5437000000e-06	9.5437000000e-06	0.0000000000e+00
1.4113000000e-05	1.4113000000e-05	0.0000000000e+00
1.7588000000e-05	1.7588000000e-05	0.0000000000e+00
2.7558000000e-05	2.7558000000e-05	0.0000000000e+00
4.9398000000e-05	4.9398000000e-05	0.0000000000e+00
6.4814000000e-05	6.4814000000e-05	0.0000000000e+00
9.5212000000e-05	9.5212000000e-05	0.0000000000e+00
1.4952000000e-04	1.4952000000e-04	0.0000000000e+00
1.8907000000e-04	1.8907000000e-04	0.0000000000e+00
2.6149000000e-04	2.6149000000e-04	0.0000000000e+00
3.8149000000e-04	3.8149000000e-04	0.0000000000e+00
5.4756000000e-04	5.4756000000e-04	0.0000000000e+00
7.3192000000e-04	7.3192000000e-04	0.0000000000e+00
9.5993000000e-04	9.5993000000e-04	0.0000000000e+00
1.2416000000e-03	1.2416000000e-03	0.0000000000e+00
1.5834000000e-03	1.5834000000e-03	0.0000000000e+00
2.0213000000e-03	2.0213000000e-03	0.0000000000e+00
2.5469000000e-03	2.5469000000e-03	0.0000000000e+00
3.1845000000e-03	3.1845000000e-03	0.0000000000e+00
3.9531000000e-03	3.9531000000e-03	0.0000000000e+00
4.8744000000e-03	4.8744000000e-03	0.0000000000e+00
5.9727000000e-03	5.9727000000e-03	0.0000000000e+00
7.2757000000e-03	7.2757000000e-03	0.0000000000e+00
8.8138000000e-03	8.8138000000e-03	0.0000000000e+00
1.0621000000e-02	1.0621000000e-02	0.0000000000e+00
1.2734000000e-02	1.2734000000e-02	0.0000000000e+00
1.4938000000e-02	1.4938000000e-02	0.0000000000e+00
1.7633000000e-02	1.7633000000e-02	0.0000000000e+00
1.8475000000e-02	1.8475000000e-02	0.0000000000e+00
2.4307000000e-02	2.4307000000e-02	0.0000000000e+00
2.3466000000e-02	2.3466000000e-02	0.0000000000e+00
3.0388000000e-02	3.0388000000e-02	0.0000000000e+00
3.7568000000e-02	3.7568000000e-02	0.0000000000e+00
4.1769000000e-02	4.1769000000e-02	0.0000000000e+00
4.1117000000e-02	4.1117000000e-02	0.0000000000e+00
4.5935000000e-02	4.5935000000e-02	0.0000000000e+00
5.2645000000e-02	5.2645000000e-02	0.0000000000e+00
3.5355000000e-02	3.5355000000e-02	0.0000000000e+00
3.1250000000e-02	3.1250000000e-02	0.0000000000e+00
4.7751000000e-02	4.7751000000e-02	0.0000000000e+00
6.5128000000e-02	6.5128000000e-02	0.0000000000e+00
8.9293000000e-02	8.9293000000e-02	0.0000000000e+00
1.1954000000e-01	1.1954000000e-01	0.0000000000e+00
1.2889000000e-01	1.2889000000e-01	0.0000000000e+00
1.3808000000e-01	1.3808000000e-01	0.0000000000e+00
1.4701000000e-01	1.4701000000e-01	0.0000000000e+00
1.5556000000e-01	1.5556000000e-01	0.0000000000e+00
1.6364000000e-01	1.6364000000e-01	0.0000000000e+00
1.7116000000e-01	1.7116000000e-01	0.0000000000e+00
1.7805000000e-01	1.7805000000e-01	0.0000000000e+00
1.8424000000e-01	1.8424000000e-01	0.0000000000e+00
1.8972000000e-01	1.8972000000e-01	0.0000000000e+00
1.9448000000e-01	1.9448000000e-01	0.0000000000e+00
1.9852000000e-01	1.9852000000e-01	0.0000000000e+00
2.0191000000e-01	2.0191000000e-01	0.0000000000e+00
2.0472000000e-01	2.0472000000e-01	0.0000000000e+00
2.0705000000e-01	2.0705000000e-01	0.0000000000e+00
2.0900000000e-01	2.0900000000e-01	0.0000000000e+00
2.1070000000e-01	2.1070000000e-01	0.0000000000e+00
2.1225000000e-01	2.1225000000e-01	0.0000000000e+00
2.1372000000e-01	2.1372000000e-01	0.0000000000e+00
2.1512000000e-01	2.1512000000e-01	0.0000000000e+00
2.1641000000e-01	2.1641000000e-01	0.0000000000e+00
2.1747000000e-01	2.1747000000e-01	0.0000000000e+00
2.1809000000e-01	2.1809000000e-01	0.0000000000e+00
2.1804000000e-01	2.1804000000e-01	0.0000000000e+00
2.1704000000e-01	2.1704000000e-01	0.0000000000e+00
1.3703000000e-14	1.3703000000e-14	0.0000000000e+00
2.9195000000e-14	2.9195000000e-14	0.0000000000e+00
6.0823000000e-14	6.0823000000e-14	0.0000000000e+00
1.2489000000e-13	1.2489000000e-13	0.0000000000e+00
2.5328000000e-13	2.5328000000e-13	0.0000000000e+00
5.0825000000e-13	5.0825000000e-13	0.0000000000e+00
1.0125000000e-12	1.0125000000e-12	0.0000000000e+00
2.0053000000e-12	2.0053000000e-12	0.0000000000e+00
3.9531000000e-12	3.9531000000e-12	0.0000000000e+00
7.7771000000e-12	7.7771000000e-12	0.0000000000e+00
1.5303000000e-11	1.5303000000e-11	0.0000000000e+00
3.0175000000e-11	3.0175000000e-11	0.0000000000e+00
5.9378000000e-11	5.9377000000e-11	7.3141254164e-06
1.1461000000e-10	1.1461000000e-10	0.0000000000e+00
2.1573000000e-10	2.1573000000e-10	0.0000000000e+00
3.9847000000e-10	3.9847000000e-10	0.0000000000e+00
7.0173000000e-10	7.0173000000e-10	0.0000000000e+00
4.9656000000e-10	4.9656000000e-10	0.0000000000e+00
2.5519000000e-10	2.5519000000e-10	0.0000000000e+00
5.7923000000e-11	5.7923000000e-11	0.0000000000e+00
1.0480000000e-10	1.0480000000e-10	0.0000000000e+00
5.4091000000e-10	5.4091000000e-10	0.0000000000e+00
1.6670000000e-10	1.6670000000e-10	0.0000000000e+00
1.0723000000e-11	1.0723000000e-11	0.0000000000e+00
9.7018000000e-10	9.7018000000e-10	0.0000000000e+00
4.7417000000e-08	4.7417000000e-08	0.0000000000e+00
1.0990000000e-07	1.0990000000e-07	0.0000000000e+00
1.4330000000e-07	1.4330000000e-07	0.0000000000e+00
2.4594000000e-07	2.4594000000e-07	0.0000000000e+00
4.2973000000e-07	4.2973000000e-07	0.0000000000e+00
7.2148000000e-07	7.2148000000e-07	0.0000000000e+00
1.2168000000e-06	1.2168000000e-06	0.0000000000e+00
2.0484000000e-06	2.0484000000e-06	0.0000000000e+00
3.6410000000e-06	3.6410000000e-06	0.0000000000e+00
6.3013000000e-06	6.3013000000e-06	0.0000000000e+00
1.1946000000e-05	1.1946000000e-05	0.0000000000e+00
1.5037000000e-05	1.5037000000e-05	0.0000000000e+00
2.3908000000e-05	2.3908000000e-05	0.0000000000e+00
3.8008000000e-05	3.8008000000e-05	0.0000000000e+00
6.3273000000e-05	6.3273000000e-05	0.0000000000e+00
8.0345000000e-05	8.0345000000e-05	0.0000000000e+00
1.1504000000e-04	1.1504000000e-04	0.0000000000e+00
1.6170000000e-04	1.6170000000e-04	0.0000000000e+00
2.2286000000e-04	2.2286000000e-04	0.0000000000e+00
3.2118000000e-04	3.2118000000e-04	0.0000000000e+00
4.5518000000e-04	4.5518000000e-04	0.0000000000e+00
6.1019000000e-04	6.1019000000e-04	0.0000000000e+00
7.9876000000e-04	7.9876000000e-04	0.0000000000e+00
1.0358000000e-03	1.0358000000e-03	0.0000000000e+00
1.3310000000e-03	1.3310000000e-03	0.0000000000e+00
1.6958000000e-03	1.6958000000e-03	0.0000000000e+00
2.1433000000e-03	2.1433000000e-03	0.0000000000e+00
2.6883000000e-03	2.6883000000e-03	0.0000000000e+00
3.3480000000e-03	3.3480000000e-03	0.0000000000e+00
4.1419000000e-03	4.1419000000e-03	0.0000000000e+00
5.0922000000e-03	5.0922000000e-03	0.0000000000e+00
6.2237000000e-03	6.2237000000e-03	0.0000000000e+00
7.5645000000e-03	7.5645000000e-03	0.0000000000e+00
9.1454000000e-03	9.1454000000e-03	0.0000000000e+00
1.1000000000e-02	1.1000000000e-02	0.0000000000e+00
1.3165000000e-02	1.3165000000e-02	0.0000000000e+00
1.5676000000e-02	1.5676000000e-02	0.0000000000e+00
1.7207000000e-02	1.7207000000e-02	0.0000000000e+00
2.1724000000e-02	2.1724000000e-02	0.0000000000e+00
2.5124000000e-02	2.5124000000e-02	0.0000000000e+00
2.7158000000e-02	2.7158000000e-02	0.0000000000e+00
3.3692000000e-02	3.3692000000e-02	0.0000000000e+00
3.8085000000e-02	3.8085000000e-02	0.0000000000e+00
3.7057000000e-02	3.7057000000e-02	0.0000000000e+00
4.2074000000e-02	4.2074000000e-02	0.0000000000e+00
3.4867000000e-02	3.4867000000e-02	0.0000000000e+00
4.0298000000e-02	4.0298000000e-02	0.0000000000e+00
5.9506000000e-02	5.9506000000e-02	0.0000000000e+00
6.6474000000e-02	6.6474000000e-02	0.0000000000e+00
7.3023000000e-02	7.3023000000e-02	0.0000000000e+00
7.7031000000e-02	7.7031000000e-02	0.0000000000e+00
1.0895000000e-01	1.0895000000e-01	0.0000000000e+00
1.1790000000e-01	1.1790000000e-01	0.0000000000e+00
1.2678000000e-01	1.2678000000e-01	0.0000000000e+00
1.3550000000e-01	1.3550000000e-01	0.0000000000e+00
1.4395000000e-01	1.4395000000e-01	0.0000000000e+00
1.5202000000e-01	1.5202000000e-01	0.0000000000e+00
1.5964000000e-01	1.5964000000e-01	0.0000000000e+00
1.6672000000e-01	1.6672000000e-01	0.0000000000e+00
1.7318000000e-01	1.7318000000e-01	0.0000000000e+00
1.7898000000e-01	1.7898000000e-01	0.0000000000e+00
1.8407000000e-01	1.8407000000e-01	0.0000000000e+00
1.8845000000e-01	1.8845000000e-01	0.0000000000e+00
1.9210000000e-01	1.9210000000e-01	0.0000000000e+00
1.9506000000e-01	1.9506000000e-01	0.0000000000e+00
1.9738000000e-01	1.9738000000e-01	0.0000000000e+00
1.9913000000e-01	1.9913000000e-01	0.0000000000e+00
2.0041000000e-01	2.0041000000e-01	0.0000000000e+00
2.0132000000e-01	2.0132000000e-01	0.0000000000e+00
2.0197000000e-01	2.0197000000e-01	0.0000000000e+00
2.0248000000e-01	2.0248000000e-01	0.0000000000e+00
2.0291000000e-01	2.0291000000e-01	0.0000000000e+00
2.0330000000e-01	2.0330000000e-01	0.0000000000e+00
2.0364000000e-01	2.0364000000e-01	0.0000000000e+00
2.0384000000e-01	2.0384000000e-01	0.0000000000e+00
2.0374000000e-01	2.0374000000e-01	0.0000000000e+00
