resolution x y mass_100 mass_res abs_diff rel_diff
1000 650000 3550000 1.75540000e-07 1.75540000e-07 0.00000000e+00 0.00000000e+00
1000 651000 3550000 1.84400000e-07 1.84400000e-07 0.00000000e+00 0.00000000e+00
1000 652000 3550000 1.92650000e-07 1.92650000e-07 0.00000000e+00 0.00000000e+00
1000 653000 3550000 2.00480000e-07 2.00480000e-07 0.00000000e+00 0.00000000e+00
1000 654000 3550000 2.07780000e-07 2.07780000e-07 0.00000000e+00 0.00000000e+00
1000 655000 3550000 2.14580000e-07 2.14580000e-07 0.00000000e+00 0.00000000e+00
1000 656000 3550000 2.20570000e-07 2.20570000e-07 0.00000000e+00 0.00000000e+00
1000 657000 3550000 2.25750000e-07 2.25750000e-07 0.00000000e+00 0.00000000e+00
1000 658000 3550000 2.29910000e-07 2.29910000e-07 0.00000000e+00 0.00000000e+00
1000 659000 3550000 2.32920000e-07 2.32920000e-07 0.00000000e+00 0.00000000e+00
1000 660000 3550000 2.34550000e-07 2.34550000e-07 0.00000000e+00 0.00000000e+00
1000 661000 3550000 2.34680000e-07 2.34680000e-07 0.00000000e+00 0.00000000e+00
1000 662000 3550000 2.33480000e-07 2.33480000e-07 0.00000000e+00 0.00000000e+00
1000 663000 3550000 2.31010000e-07 2.31010000e-07 0.00000000e+00 0.00000000e+00
1000 664000 3550000 2.27620000e-07 2.27620000e-07 0.00000000e+00 0.00000000e+00
1000 665000 3550000 2.23700000e-07 2.23700000e-07 0.00000000e+00 0.00000000e+00
1000 666000 3550000 2.19640000e-07 2.19640000e-07 0.00000000e+00 0.00000000e+00
1000 667000 3550000 2.16170000e-07 2.16170000e-07 0.00000000e+00 0.00000000e+00
1000 668000 3550000 2.15100000e-07 2.15100000e-07 0.00000000e+00 0.00000000e+00
1000 669000 3550000 2.16820000e-07 2.16820000e-07 0.00000000e+00 0.00000000e+00
1000 670000 3550000 2.19200000e-07 2.19200000e-07 0.00000000e+00 0.00000000e+00
1000 671000 3550000 2.21930000e-07 2.21930000e-07 0.00000000e+00 0.00000000e+00
1000 672000 3550000 2.24710000e-07 2.24710000e-07 0.00000000e+00 0.00000000e+00
1000 673000 3550000 2.27040000e-07 2.27040000e-07 0.00000000e+00 0.00000000e+00
1000 674000 3550000 2.28860000e-07 2.28860000e-07 0.00000000e+00 0.00000000e+00
1000 675000 3550000 2.29600000e-07 2.29600000e-07 0.00000000e+00 0.00000000e+00
1000 676000 3550000 2.29300000e-07 2.29300000e-07 0.00000000e+00 0.00000000e+00
1000 677000 3550000 2.27730000e-07 2.27730000e-07 0.00000000e+00 0.00000000e+00
1000 678000 3550000 2.24800000e-07 2.24800000e-07 0.00000000e+00 0.00000000e+00
1000 679000 3550000 2.20180000e-07 2.20180000e-07 0.00000000e+00 0.00000000e+00
1000 680000 3550000 2.17010000e-07 2.17010000e-07 0.00000000e+00 0.00000000e+00
1000 681000 3550000 2.14060000e-07 2.14060000e-07 0.00000000e+00 0.00000000e+00
1000 682000 3550000 2.09600000e-07 2.09600000e-07 0.00000000e+00 0.00000000e+00
1000 683000 3550000 2.03430000e-07 2.03430000e-07 0.00000000e+00 0.00000000e+00
1000 684000 3550000 1.95590000e-07 1.95590000e-07 0.00000000e+00 0.00000000e+00
1000 685000 3550000 1.86070000e-07 1.86070000e-07 0.00000000e+00 0.00000000e+00
1000 686000 3550000 1.75020000e-07 1.75020000e-07 0.00000000e+00 0.00000000e+00
1000 687000 3550000 1.66530000e-07 1.66530000e-07 0.00000000e+00 0.00000000e+00
1000 688000 3550000 1.56790000e-07 1.56790000e-07 0.00000000e+00 0.00000000e+00
1000 689000 3550000 1.45640000e-07 1.45640000e-07 0.00000000e+00 0.00000000e+00
1000 690000 3550000 1.33610000e-07 1.33610000e-07 0.00000000e+00 0.00000000e+00
1000 691000 3550000 1.21110000e-07 1.21110000e-07 0.00000000e+00 0.00000000e+00
1000 692000 3550000 1.12040000e-07 1.12040000e-07 0.00000000e+00 0.00000000e+00
1000 693000 3550000 1.03910000e-07 1.03910000e-07 0.00000000e+00 0.00000000e+00
1000 694000 3550000 9.73530000e-08 9.73530000e-08 0.00000000e+00 0.00000000e+00
1000 695000 3550000 9.31250000e-08 9.31250000e-08 0.00000000e+00 0.00000000e+00
1000 696000 3550000 9.20140000e-08 9.20140000e-08 0.00000000e+00 0.00000000e+00
1000 697000 3550000 9.45820000e-08 9.45820000e-08 0.00000000e+00 0.00000000e+00
1000 698000 3550000 1.01460000e-07 1.01460000e-07 0.00000000e+00 0.00000000e+00
1000 699000 3550000 1.13100000e-07 1.13100000e-07 0.00000000e+00 0.00000000e+00
1000 700000 3550000 1.29900000e-07 1.29900000e-07 0.00000000e+00 0.00000000e+00
1000 701000 3550000 1.52140000e-07 1.52140000e-07 0.00000000e+00 0.00000000e+00
1000 702000 3550000 1.81120000e-07 1.81120000e-07 0.00000000e+00 0.00000000e+00
1000 703000 3550000 2.21490000e-07 2.21490000e-07 0.00000000e+00 0.00000000e+00
1000 704000 3550000 2.69280000e-07 2.69280000e-07 0.00000000e+00 0.00000000e+00
1000 705000 3550000 3.23980000e-07 3.23980000e-07 0.00000000e+00 0.00000000e+00
1000 706000 3550000 3.97640000e-07 3.97640000e-07 0.00000000e+00 0.00000000e+00
1000 707000 3550000 4.82000000e-07 4.82000000e-07 0.00000000e+00 0.00000000e+00
1000 708000 3550000 5.72730000e-07 5.72730000e-07 0.00000000e+00 0.00000000e+00
1000 709000 3550000 6.92030000e-07 6.92030000e-07 0.00000000e+00 0.00000000e+00
1000 710000 3550000 8.25300000e-07 8.25300000e-07 0.00000000e+00 0.00000000e+00
1000 711000 3550000 9.59040000e-07 9.59040000e-07 0.00000000e+00 0.00000000e+00
1000 712000 3550000 1.09610000e-06 1.09610000e-06 0.00000000e+00 0.00000000e+00
1000 713000 3550000 1.26040000e-06 1.26040000e-06 0.00000000e+00 0.00000000e+00
1000 714000 3550000 1.41080000e-06 1.41080000e-06 0.00000000e+00 0.00000000e+00
1000 715000 3550000 1.54450000e-06 1.54450000e-06 0.00000000e+00 0.00000000e+00
1000 716000 3550000 1.65930000e-06 1.65930000e-06 0.00000000e+00 0.00000000e+00
1000 717000 3550000 1.75560000e-06 1.75560000e-06 0.00000000e+00 0.00000000e+00
1000 718000 3550000 1.83310000e-06 1.83310000e-06 0.00000000e+00 0.00000000e+00
1000 719000 3550000 1.89390000e-06 1.89390000e-06 0.00000000e+00 0.00000000e+00
1000 720000 3550000 1.93880000e-06 1.93880000e-06 0.00000000e+00 0.00000000e+00
1000 721000 3550000 1.97080000e-06 1.97080000e-06 0.00000000e+00 0.00000000e+00
1000 722000 3550000 1.99160000e-06 1.99160000e-06 0.00000000e+00 0.00000000e+00
1000 723000 3550000 2.00600000e-06 2.00600000e-06 0.00000000e+00 0.00000000e+00
1000 724000 3550000 2.01790000e-06 2.01790000e-06 0.00000000e+00 0.00000000e+00
1000 725000 3550000 2.03440000e-06 2.03440000e-06 0.00000000e+00 0.00000000e+00
1000 726000 3550000 2.05560000e-06 2.05560000e-06 0.00000000e+00 0.00000000e+00
1000 727000 3550000 2.08580000e-06 2.08580000e-06 0.00000000e+00 0.00000000e+00
1000 728000 3550000 2.12100000e-06 2.12100000e-06 0.00000000e+00 0.00000000e+00
1000 729000 3550000 2.15930000e-06 2.15930000e-06 0.00000000e+00 0.00000000e+00
1000 730000 3550000 2.19850000e-06 2.19850000e-06 0.00000000e+00 0.00000000e+00
1000 731000 3550000 2.23430000e-06 2.23430000e-06 0.00000000e+00 0.00000000e+00
1000 732000 3550000 2.26550000e-06 2.26550000e-06 0.00000000e+00 0.00000000e+00
1000 733000 3550000 2.29420000e-06 2.29420000e-06 0.00000000e+00 0.00000000e+00
1000 734000 3550000 2.31810000e-06 2.31810000e-06 0.00000000e+00 0.00000000e+00
1000 735000 3550000 2.33930000e-06 2.33930000e-06 0.00000000e+00 0.00000000e+00
1000 736000 3550000 2.35220000e-06 2.35220000e-06 0.00000000e+00 0.00000000e+00
1000 737000 3550000 2.36480000e-06 2.36480000e-06 0.00000000e+00 0.00000000e+00
1000 738000 3550000 2.37690000e-06 2.37690000e-06 0.00000000e+00 0.00000000e+00
1000 739000 3550000 2.38870000e-06 2.38870000e-06 0.00000000e+00 0.00000000e+00
1000 740000 3550000 2.40030000e-06 2.40030000e-06 0.00000000e+00 0.00000000e+00
1000 741000 3550000 2.41150000e-06 2.41150000e-06 0.00000000e+00 0.00000000e+00
1000 742000 3550000 2.42260000e-06 2.42260000e-06 0.00000000e+00 0.00000000e+00
1000 743000 3550000 2.43360000e-06 2.43360000e-06 0.00000000e+00 0.00000000e+00
1000 744000 3550000 2.44450000e-06 2.44450000e-06 0.00000000e+00 0.00000000e+00
1000 745000 3550000 2.45530000e-06 2.45530000e-06 0.00000000e+00 0.00000000e+00
1000 746000 3550000 2.46610000e-06 2.46610000e-06 0.00000000e+00 0.00000000e+00
1000 747000 3550000 2.47700000e-06 2.47700000e-06 0.00000000e+00 0.00000000e+00
1000 748000 3550000 2.48790000e-06 2.48790000e-06 0.00000000e+00 0.00000000e+00
1000 749000 3550000 2.49900000e-06 2.49900000e-06 0.00000000e+00 0.00000000e+00
1000 750000 3550000 2.51020000e-06 2.51020000e-06 0.00000000e+00 0.00000000e+00
1000 650000 3549000 1.84820000e-07 1.84820000e-07 0.00000000e+00 0.00000000e+00
1000 651000 3549000 1.94270000e-07 1.94270000e-07 0.00000000e+00 0.00000000e+00
1000 652000 3549000 2.03000000e-07 2.03000000e-07 0.00000000e+00 0.00000000e+00
1000 653000 3549000 2.11290000e-07 2.11290000e-07 0.00000000e+00 0.00000000e+00
1000 654000 3549000 2.18940000e-07 2.18940000e-07 0.00000000e+00 0.00000000e+00
1000 655000 3549000 2.25940000e-07 2.25940000e-07 0.00000000e+00 0.00000000e+00
1000 656000 3549000 2.32190000e-07 2.32190000e-07 0.00000000e+00 0.00000000e+00
1000 657000 3549000 2.37350000e-07 2.37350000e-07 0.00000000e+00 0.00000000e+00
1000 658000 3549000 2.41400000e-07 2.41400000e-07 0.00000000e+00 0.00000000e+00
1000 659000 3549000 2.43820000e-07 2.43820000e-07 0.00000000e+00 0.00000000e+00
1000 660000 3549000 2.44750000e-07 2.44750000e-07 0.00000000e+00 0.00000000e+00
1000 661000 3549000 2.43910000e-07 2.43910000e-07 0.00000000e+00 0.00000000e+00
1000 662000 3549000 2.41350000e-07 2.41350000e-07 0.00000000e+00 0.00000000e+00
1000 663000 3549000 2.37120000e-07 2.37120000e-07 0.00000000e+00 0.00000000e+00
1000 664000 3549000 2.31600000e-07 2.31600000e-07 0.00000000e+00 0.00000000e+00
1000 665000 3549000 2.25180000e-07 2.25180000e-07 0.00000000e+00 0.00000000e+00
1000 666000 3549000 2.19020000e-07 2.19020000e-07 0.00000000e+00 0.00000000e+00
1000 667000 3549000 2.16720000e-07 2.16720000e-07 0.00000000e+00 0.00000000e+00
1000 668000 3549000 2.17000000e-07 2.17000000e-07 0.00000000e+00 0.00000000e+00
1000 669000 3549000 2.18510000e-07 2.18510000e-07 0.00000000e+00 0.00000000e+00
1000 670000 3549000 2.21130000e-07 2.21130000e-07 0.00000000e+00 0.00000000e+00
1000 671000 3549000 2.24390000e-07 2.24390000e-07 0.00000000e+00 0.00000000e+00
1000 672000 3549000 2.27850000e-07 2.27850000e-07 0.00000000e+00 0.00000000e+00
1000 673000 3549000 2.30880000e-07 2.30880000e-07 0.00000000e+00 0.00000000e+00
1000 674000 3549000 2.33270000e-07 2.33270000e-07 0.00000000e+00 0.00000000e+00
1000 675000 3549000 2.34820000e-07 2.34820000e-07 0.00000000e+00 0.00000000e+00
1000 676000 3549000 2.35440000e-07 2.35440000e-07 0.00000000e+00 0.00000000e+00
1000 677000 3549000 2.35170000e-07 2.35170000e-07 0.00000000e+00 0.00000000e+00
1000 678000 3549000 2.33810000e-07 2.33810000e-07 0.00000000e+00 0.00000000e+00
1000 679000 3549000 2.32420000e-07 2.32420000e-07 0.00000000e+00 0.00000000e+00
1000 680000 3549000 2.32750000e-07 2.32750000e-07 0.00000000e+00 0.00000000e+00
1000 681000 3549000 2.31640000e-07 2.31640000e-07 0.00000000e+00 0.00000000e+00
1000 682000 3549000 2.29040000e-07 2.29040000e-07 0.00000000e+00 0.00000000e+00
1000 683000 3549000 2.24730000e-07 2.24730000e-07 0.00000000e+00 0.00000000e+00
1000 684000 3549000 2.18960000e-07 2.18960000e-07 0.00000000e+00 0.00000000e+00
1000 685000 3549000 2.11440000e-07 2.11440000e-07 0.00000000e+00 0.00000000e+00
1000 686000 3549000 2.02160000e-07 2.02160000e-07 0.00000000e+00 0.00000000e+00
1000 687000 3549000 1.93600000e-07 1.93600000e-07 0.00000000e+00 0.00000000e+00
1000 688000 3549000 1.84860000e-07 1.84860000e-07 0.00000000e+00 0.00000000e+00
1000 689000 3549000 1.74010000e-07 1.74010000e-07 0.00000000e+00 0.00000000e+00
1000 690000 3549000 1.61330000e-07 1.61330000e-07 0.00000000e+00 0.00000000e+00
1000 691000 3549000 1.47260000e-07 1.47260000e-07 0.00000000e+00 0.00000000e+00
1000 692000 3549000 1.34190000e-07 1.34190000e-07 0.00000000e+00 0.00000000e+00
1000 693000 3549000 1.24010000e-07 1.24010000e-07 0.00000000e+00 0.00000000e+00
1000 694000 3549000 1.15310000e-07 1.15310000e-07 0.00000000e+00 0.00000000e+00
1000 695000 3549000 1.09180000e-07 1.09180000e-07 0.00000000e+00 0.00000000e+00
1000 696000 3549000 1.06760000e-07 1.06760000e-07 0.00000000e+00 0.00000000e+00
1000 697000 3549000 1.08890000e-07 1.08890000e-07 0.00000000e+00 0.00000000e+00
1000 698000 3549000 1.16390000e-07 1.16390000e-07 0.00000000e+00 0.00000000e+00
1000 699000 3549000 1.29620000e-07 1.29620000e-07 0.00000000e+00 0.00000000e+00
1000 700000 3549000 1.48810000e-07 1.48810000e-07 0.00000000e+00 0.00000000e+00
1000 701000 3549000 1.74110000e-07 1.74110000e-07 0.00000000e+00 0.00000000e+00
1000 702000 3549000 2.07260000e-07 2.07260000e-07 0.00000000e+00 0.00000000e+00
1000 703000 3549000 2.52420000e-07 2.52420000e-07 0.00000000e+00 0.00000000e+00
1000 704000 3549000 3.05520000e-07 3.05520000e-07 0.00000000e+00 0.00000000e+00
1000 705000 3549000 3.66720000e-07 3.66720000e-07 0.00000000e+00 0.00000000e+00
1000 706000 3549000 4.49250000e-07 4.49250000e-07 0.00000000e+00 0.00000000e+00
1000 707000 3549000 5.44810000e-07 5.44810000e-07 0.00000000e+00 0.00000000e+00
1000 708000 3549000 6.48570000e-07 6.48570000e-07 0.00000000e+00 0.00000000e+00
1000 709000 3549000 7.84880000e-07 7.84880000e-07 0.00000000e+00 0.00000000e+00
1000 710000 3549000 9.38470000e-07 9.38470000e-07 0.00000000e+00 0.00000000e+00
1000 711000 3549000 1.09310000e-06 1.09310000e-06 0.00000000e+00 0.00000000e+00
1000 712000 3549000 1.25400000e-06 1.25400000e-06 0.00000000e+00 0.00000000e+00
1000 713000 3549000 1.44300000e-06 1.44300000e-06 0.00000000e+00 0.00000000e+00
1000 714000 3549000 1.61610000e-06 1.61610000e-06 0.00000000e+00 0.00000000e+00
1000 715000 3549000 1.76740000e-06 1.76740000e-06 0.00000000e+00 0.00000000e+00
1000 716000 3549000 1.89690000e-06 1.89690000e-06 0.00000000e+00 0.00000000e+00
1000 717000 3549000 2.00630000e-06 2.00630000e-06 0.00000000e+00 0.00000000e+00
1000 718000 3549000 2.09530000e-06 2.09530000e-06 0.00000000e+00 0.00000000e+00
1000 719000 3549000 2.16620000e-06 2.16620000e-06 0.00000000e+00 0.00000000e+00
1000 720000 3549000 2.21780000e-06 2.21780000e-06 0.00000000e+00 0.00000000e+00
1000 721000 3549000 2.25240000e-06 2.25240000e-06 0.00000000e+00 0.00000000e+00
1000 722000 3549000 2.27170000e-06 2.27170000e-06 0.00000000e+00 0.00000000e+00
1000 723000 3549000 2.28110000e-06 2.28110000e-06 0.00000000e+00 0.00000000e+00
1000 724000 3549000 2.28990000e-06 2.28990000e-06 0.00000000e+00 0.00000000e+00
1000 725000 3549000 2.30380000e-06 2.30380000e-06 0.00000000e+00 0.00000000e+00
1000 726000 3549000 2.33120000e-06 2.33120000e-06 0.00000000e+00 0.00000000e+00
1000 727000 3549000 2.37230000e-06 2.37230000e-06 0.00000000e+00 0.00000000e+00
1000 728000 3549000 2.42290000e-06 2.42290000e-06 0.00000000e+00 0.00000000e+00
1000 729000 3549000 2.47820000e-06 2.47820000e-06 0.00000000e+00 0.00000000e+00
1000 730000 3549000 2.53360000e-06 2.53360000e-06 0.00000000e+00 0.00000000e+00
1000 731000 3549000 2.58270000e-06 2.58270000e-06 0.00000000e+00 0.00000000e+00
1000 732000 3549000 2.62370000e-06 2.62370000e-06 0.00000000e+00 0.00000000e+00
1000 733000 3549000 2.65770000e-06 2.65770000e-06 0.00000000e+00 0.00000000e+00
1000 734000 3549000 2.68590000e-06 2.68590000e-06 0.00000000e+00 0.00000000e+00
1000 735000 3549000 2.70030000e-06 2.70030000e-06 0.00000000e+00 0.00000000e+00
1000 736000 3549000 2.71400000e-06 2.71400000e-06 0.00000000e+00 0.00000000e+00
1000 737000 3549000 2.72700000e-06 2.72700000e-06 0.00000000e+00 0.00000000e+00
1000 738000 3549000 2.73940000e-06 2.73940000e-06 0.00000000e+00 0.00000000e+00
1000 739000 3549000 2.75110000e-06 2.75110000e-06 0.00000000e+00 0.00000000e+00
1000 740000 3549000 2.76240000e-06 2.76240000e-06 0.00000000e+00 0.00000000e+00
1000 741000 3549000 2.77320000e-06 2.77320000e-06 0.00000000e+00 0.00000000e+00
1000 742000 3549000 2.78370000e-06 2.78370000e-06 0.00000000e+00 0.00000000e+00
1000 743000 3549000 2.79380000e-06 2.79380000e-06 0.00000000e+00 0.00000000e+00
1000 744000 3549000 2.80370000e-06 2.80370000e-06 0.00000000e+00 0.00000000e+00
1000 745000 3549000 2.81340000e-06 2.81340000e-06 0.00000000e+00 0.00000000e+00
1000 746000 3549000 2.82300000e-06 2.82300000e-06 0.00000000e+00 0.00000000e+00
1000 747000 3549000 2.83260000e-06 2.83260000e-06 0.00000000e+00 0.00000000e+00
1000 748000 3549000 2.84220000e-06 2.84220000e-06 0.00000000e+00 0.00000000e+00
1000 749000 3549000 2.85190000e-06 2.85190000e-06 0.00000000e+00 0.00000000e+00
1000 750000 3549000 2.86180000e-06 2.86180000e-06 0.00000000e+00 0.00000000e+00
1000 650000 3548000 1.94240000e-07 1.94240000e-07 0.00000000e+00 0.00000000e+00
1000 651000 3548000 2.04220000e-07 2.04220000e-07 0.00000000e+00 0.00000000e+00
1000 652000 3548000 2.13340000e-07 2.13340000e-07 0.00000000e+00 0.00000000e+00
1000 653000 3548000 2.21890000e-07 2.21890000e-07 0.00000000e+00 0.00000000e+00
1000 654000 3548000 2.29750000e-07 2.29750000e-07 0.00000000e+00 0.00000000e+00
1000 655000 3548000 2.36800000e-07 2.36800000e-07 0.00000000e+00 0.00000000e+00
1000 656000 3548000 2.42920000e-07 2.42920000e-07 0.00000000e+00 0.00000000e+00
1000 657000 3548000 2.47730000e-07 2.47730000e-07 0.00000000e+00 0.00000000e+00
1000 658000 3548000 2.50920000e-07 2.50920000e-07 0.00000000e+00 0.00000000e+00
1000 659000 3548000 2.52480000e-07 2.52480000e-07 0.00000000e+00 0.00000000e+00
1000 660000 3548000 2.51990000e-07 2.51990000e-07 0.00000000e+00 0.00000000e+00
1000 661000 3548000 2.49310000e-07 2.49310000e-07 0.00000000e+00 0.00000000e+00
1000 662000 3548000 2.44320000e-07 2.44320000e-07 0.00000000e+00 0.00000000e+00
1000 663000 3548000 2.37090000e-07 2.37090000e-07 0.00000000e+00 0.00000000e+00
1000 664000 3548000 2.28050000e-07 2.28050000e-07 0.00000000e+00 0.00000000e+00
1000 665000 3548000 2.17970000e-07 2.17970000e-07 0.00000000e+00 0.00000000e+00
1000 666000 3548000 2.14030000e-07 2.14030000e-07 0.00000000e+00 0.00000000e+00
1000 667000 3548000 2.10870000e-07 2.10870000e-07 0.00000000e+00 0.00000000e+00
1000 668000 3548000 2.09520000e-07 2.09520000e-07 0.00000000e+00 0.00000000e+00
1000 669000 3548000 2.10370000e-07 2.10370000e-07 0.00000000e+00 0.00000000e+00
1000 670000 3548000 2.13040000e-07 2.13040000e-07 0.00000000e+00 0.00000000e+00
1000 671000 3548000 2.16860000e-07 2.16860000e-07 0.00000000e+00 0.00000000e+00
1000 672000 3548000 2.20930000e-07 2.20930000e-07 0.00000000e+00 0.00000000e+00
1000 673000 3548000 2.24610000e-07 2.24610000e-07 0.00000000e+00 0.00000000e+00
1000 674000 3548000 2.27690000e-07 2.27690000e-07 0.00000000e+00 0.00000000e+00
1000 675000 3548000 2.29950000e-07 2.29950000e-07 0.00000000e+00 0.00000000e+00
1000 676000 3548000 2.31730000e-07 2.31730000e-07 0.00000000e+00 0.00000000e+00
1000 677000 3548000 2.33660000e-07 2.33660000e-07 0.00000000e+00 0.00000000e+00
1000 678000 3548000 2.38170000e-07 2.38170000e-07 0.00000000e+00 0.00000000e+00
1000 679000 3548000 2.42330000e-07 2.42330000e-07 0.00000000e+00 0.00000000e+00
1000 680000 3548000 2.45590000e-07 2.45590000e-07 0.00000000e+00 0.00000000e+00
1000 681000 3548000 2.47560000e-07 2.47560000e-07 0.00000000e+00 0.00000000e+00
1000 682000 3548000 2.48200000e-07 2.48200000e-07 0.00000000e+00 0.00000000e+00
1000 683000 3548000 2.47500000e-07 2.47500000e-07 0.00000000e+00 0.00000000e+00
1000 684000 3548000 2.45470000e-07 2.45470000e-07 0.00000000e+00 0.00000000e+00
1000 685000 3548000 2.42310000e-07 2.42310000e-07 0.00000000e+00 0.00000000e+00
1000 686000 3548000 2.37510000e-07 2.37510000e-07 0.00000000e+00 0.00000000e+00
1000 687000 3548000 2.30300000e-07 2.30300000e-07 0.00000000e+00 0.00000000e+00
1000 688000 3548000 2.24110000e-07 2.24110000e-07 0.00000000e+00 0.00000000e+00
1000 689000 3548000 2.14930000e-07 2.14930000e-07 0.00000000e+00 0.00000000e+00
1000 690000 3548000 2.02180000e-07 2.02180000e-07 0.00000000e+00 0.00000000e+00
1000 691000 3548000 1.86060000e-07 1.86060000e-07 0.00000000e+00 0.00000000e+00
1000 692000 3548000 1.67970000e-07 1.67970000e-07 0.00000000e+00 0.00000000e+00
1000 693000 3548000 1.52510000e-07 1.52510000e-07 0.00000000e+00 0.00000000e+00
1000 694000 3548000 1.40060000e-07 1.40060000e-07 0.00000000e+00 0.00000000e+00
1000 695000 3548000 1.30510000e-07 1.30510000e-07 0.00000000e+00 0.00000000e+00
1000 696000 3548000 1.25410000e-07 1.25410000e-07 0.00000000e+00 0.00000000e+00
1000 697000 3548000 1.26310000e-07 1.26310000e-07 0.00000000e+00 0.00000000e+00
1000 698000 3548000 1.34220000e-07 1.34220000e-07 0.00000000e+00 0.00000000e+00
1000 699000 3548000 1.49460000e-07 1.49460000e-07 0.00000000e+00 0.00000000e+00
1000 700000 3548000 1.71760000e-07 1.71760000e-07 0.00000000e+00 0.00000000e+00
1000 701000 3548000 2.00870000e-07 2.00870000e-07 0.00000000e+00 0.00000000e+00
1000 702000 3548000 2.38840000e-07 2.38840000e-07 0.00000000e+00 0.00000000e+00
1000 703000 3548000 2.89160000e-07 2.89160000e-07 0.00000000e+00 0.00000000e+00
1000 704000 3548000 3.47530000e-07 3.47530000e-07 0.00000000e+00 0.00000000e+00
1000 705000 3548000 4.15010000e-07 4.15010000e-07 0.00000000e+00 0.00000000e+00
1000 706000 3548000 5.06050000e-07 5.06050000e-07 0.00000000e+00 0.00000000e+00
1000 707000 3548000 6.14630000e-07 6.14630000e-07 0.00000000e+00 0.00000000e+00
1000 708000 3548000 7.34680000e-07 7.34680000e-07 0.00000000e+00 0.00000000e+00
1000 709000 3548000 8.89560000e-07 8.89560000e-07 0.00000000e+00 0.00000000e+00
1000 710000 3548000 1.06950000e-06 1.06950000e-06 0.00000000e+00 0.00000000e+00
1000 711000 3548000 1.25030000e-06 1.25030000e-06 0.00000000e+00 0.00000000e+00
1000 712000 3548000 1.43940000e-06 1.43940000e-06 0.00000000e+00 0.00000000e+00
1000 713000 3548000 1.65790000e-06 1.65790000e-06 0.00000000e+00 0.00000000e+00
1000 714000 3548000 1.85530000e-06 1.85530000e-06 0.00000000e+00 0.00000000e+00
1000 715000 3548000 2.02650000e-06 2.02650000e-06 0.00000000e+00 0.00000000e+00
1000 716000 3548000 2.17140000e-06 2.17140000e-06 0.00000000e+00 0.00000000e+00
1000 717000 3548000 2.29410000e-06 2.29410000e-06 0.00000000e+00 0.00000000e+00
1000 718000 3548000 2.39690000e-06 2.39690000e-06 0.00000000e+00 0.00000000e+00
1000 719000 3548000 2.48050000e-06 2.48050000e-06 0.00000000e+00 0.00000000e+00
1000 720000 3548000 2.54180000e-06 2.54180000e-06 0.00000000e+00 0.00000000e+00
1000 721000 3548000 2.57820000e-06 2.57820000e-06 0.00000000e+00 0.00000000e+00
1000 722000 3548000 2.59150000e-06 2.59150000e-06 0.00000000e+00 0.00000000e+00
1000 723000 3548000 2.58930000e-06 2.58930000e-06 0.00000000e+00 0.00000000e+00
1000 724000 3548000 2.58620000e-06 2.58620000e-06 0.00000000e+00 0.00000000e+00
1000 725000 3548000 2.59550000e-06 2.59550000e-06 0.00000000e+00 0.00000000e+00
1000 726000 3548000 2.62920000e-06 2.62920000e-06 0.00000000e+00 0.00000000e+00
1000 727000 3548000 2.68810000e-06 2.68810000e-06 0.00000000e+00 0.00000000e+00
1000 728000 3548000 2.76470000e-06 2.76470000e-06 0.00000000e+00 0.00000000e+00
1000 729000 3548000 2.85030000e-06 2.85030000e-06 0.00000000e+00 0.00000000e+00
1000 730000 3548000 2.93210000e-06 2.93210000e-06 0.00000000e+00 0.00000000e+00
1000 731000 3548000 3.00230000e-06 3.00230000e-06 0.00000000e+00 0.00000000e+00
1000 732000 3548000 3.05870000e-06 3.05870000e-06 0.00000000e+00 0.00000000e+00
1000 733000 3548000 3.10230000e-06 3.10230000e-06 0.00000000e+00 0.00000000e+00
1000 734000 3548000 3.13560000e-06 3.13560000e-06 0.00000000e+00 0.00000000e+00
1000 735000 3548000 3.15090000e-06 3.15090000e-06 0.00000000e+00 0.00000000e+00
1000 736000 3548000 3.16490000e-06 3.16490000e-06 0.00000000e+00 0.00000000e+00
1000 737000 3548000 3.17790000e-06 3.17790000e-06 0.00000000e+00 0.00000000e+00
1000 738000 3548000 3.18990000e-06 3.18990000e-06 0.00000000e+00 0.00000000e+00
1000 739000 3548000 3.20090000e-06 3.20090000e-06 0.00000000e+00 0.00000000e+00
1000 740000 3548000 3.21100000e-06 3.21100000e-06 0.00000000e+00 0.00000000e+00
1000 741000 3548000 3.22040000e-06 3.22040000e-06 0.00000000e+00 0.00000000e+00
1000 742000 3548000 3.22910000e-06 3.22910000e-06 0.00000000e+00 0.00000000e+00
1000 743000 3548000 3.23730000e-06 3.23730000e-06 0.00000000e+00 0.00000000e+00
1000 744000 3548000 3.24510000e-06 3.24510000e-06 0.00000000e+00 0.00000000e+00
1000 745000 3548000 3.25250000e-06 3.25250000e-06 0.00000000e+00 0.00000000e+00
1000 746000 3548000 3.25960000e-06 3.25960000e-06 0.00000000e+00 0.00000000e+00
1000 747000 3548000 3.26670000e-06 3.26670000e-06 0.00000000e+00 0.00000000e+00
1000 748000 3548000 3.27370000e-06 3.27370000e-06 0.00000000e+00 0.00000000e+00
1000 749000 3548000 3.28070000e-06 3.28070000e-06 0.00000000e+00 0.00000000e+00
1000 750000 3548000 3.28780000e-06 3.28780000e-06 0.00000000e+00 0.00000000e+00
1000 650000 3547000 2.03800000e-07 2.03800000e-07 0.00000000e+00 0.00000000e+00
1000 651000 3547000 2.14320000e-07 2.14320000e-07 0.00000000e+00 0.00000000e+00
1000 652000 3547000 2.23840000e-07 2.23840000e-07 0.00000000e+00 0.00000000e+00
1000 653000 3547000 2.32640000e-07 2.32640000e-07 0.00000000e+00 0.00000000e+00
1000 654000 3547000 2.40590000e-07 2.40590000e-07 0.00000000e+00 0.00000000e+00
1000 655000 3547000 2.47540000e-07 2.47540000e-07 0.00000000e+00 0.00000000e+00
1000 656000 3547000 2.53090000e-07 2.53090000e-07 0.00000000e+00 0.00000000e+00
1000 657000 3547000 2.57180000e-07 2.57180000e-07 0.00000000e+00 0.00000000e+00
1000 658000 3547000 2.59530000e-07 2.59530000e-07 0.00000000e+00 0.00000000e+00
1000 659000 3547000 2.59670000e-07 2.59670000e-07 0.00000000e+00 0.00000000e+00
1000 660000 3547000 2.57300000e-07 2.57300000e-07 0.00000000e+00 0.00000000e+00
1000 661000 3547000 2.52270000e-07 2.52270000e-07 0.00000000e+00 0.00000000e+00
1000 662000 3547000 2.44190000e-07 2.44190000e-07 0.00000000e+00 0.00000000e+00
1000 663000 3547000 2.33180000e-07 2.33180000e-07 0.00000000e+00 0.00000000e+00
1000 664000 3547000 2.20300000e-07 2.20300000e-07 0.00000000e+00 0.00000000e+00
1000 665000 3547000 2.12620000e-07 2.12620000e-07 0.00000000e+00 0.00000000e+00
1000 666000 3547000 2.04620000e-07 2.04620000e-07 0.00000000e+00 0.00000000e+00
1000 667000 3547000 1.97810000e-07 1.97810000e-07 0.00000000e+00 0.00000000e+00
1000 668000 3547000 1.93930000e-07 1.93930000e-07 0.00000000e+00 0.00000000e+00
1000 669000 3547000 1.93620000e-07 1.93620000e-07 0.00000000e+00 0.00000000e+00
1000 670000 3547000 1.96480000e-07 1.96480000e-07 0.00000000e+00 0.00000000e+00
1000 671000 3547000 2.01030000e-07 2.01030000e-07 0.00000000e+00 0.00000000e+00
1000 672000 3547000 2.05800000e-07 2.05800000e-07 0.00000000e+00 0.00000000e+00
1000 673000 3547000 2.09980000e-07 2.09980000e-07 0.00000000e+00 0.00000000e+00
1000 674000 3547000 2.14980000e-07 2.14980000e-07 0.00000000e+00 0.00000000e+00
1000 675000 3547000 2.20520000e-07 2.20520000e-07 0.00000000e+00 0.00000000e+00
1000 676000 3547000 2.26350000e-07 2.26350000e-07 0.00000000e+00 0.00000000e+00
1000 677000 3547000 2.32900000e-07 2.32900000e-07 0.00000000e+00 0.00000000e+00
1000 678000 3547000 2.40360000e-07 2.40360000e-07 0.00000000e+00 0.00000000e+00
1000 679000 3547000 2.48330000e-07 2.48330000e-07 0.00000000e+00 0.00000000e+00
1000 680000 3547000 2.55890000e-07 2.55890000e-07 0.00000000e+00 0.00000000e+00
1000 681000 3547000 2.62250000e-07 2.62250000e-07 0.00000000e+00 0.00000000e+00
1000 682000 3547000 2.67470000e-07 2.67470000e-07 0.00000000e+00 0.00000000e+00
1000 683000 3547000 2.71970000e-07 2.71970000e-07 0.00000000e+00 0.00000000e+00
1000 684000 3547000 2.76080000e-07 2.76080000e-07 0.00000000e+00 0.00000000e+00
1000 685000 3547000 2.80080000e-07 2.80080000e-07 0.00000000e+00 0.00000000e+00
1000 686000 3547000 2.83430000e-07 2.83430000e-07 0.00000000e+00 0.00000000e+00
1000 687000 3547000 2.84140000e-07 2.84140000e-07 0.00000000e+00 0.00000000e+00
1000 688000 3547000 2.80190000e-07 2.80190000e-07 0.00000000e+00 0.00000000e+00
1000 689000 3547000 2.72620000e-07 2.72620000e-07 0.00000000e+00 0.00000000e+00
1000 690000 3547000 2.60260000e-07 2.60260000e-07 0.00000000e+00 0.00000000e+00
1000 691000 3547000 2.41860000e-07 2.41860000e-07 0.00000000e+00 0.00000000e+00
1000 692000 3547000 2.18410000e-07 2.18410000e-07 0.00000000e+00 0.00000000e+00
1000 693000 3547000 1.92570000e-07 1.92570000e-07 0.00000000e+00 0.00000000e+00
1000 694000 3547000 1.73010000e-07 1.73010000e-07 0.00000000e+00 0.00000000e+00
1000 695000 3547000 1.57150000e-07 1.57150000e-07 0.00000000e+00 0.00000000e+00
1000 696000 3547000 1.47240000e-07 1.47240000e-07 0.00000000e+00 0.00000000e+00
1000 697000 3547000 1.45710000e-07 1.45710000e-07 0.00000000e+00 0.00000000e+00
1000 698000 3547000 1.54100000e-07 1.54100000e-07 0.00000000e+00 0.00000000e+00
1000 699000 3547000 1.72360000e-07 1.72360000e-07 0.00000000e+00 0.00000000e+00
1000 700000 3547000 1.99260000e-07 1.99260000e-07 0.00000000e+00 0.00000000e+00
1000 701000 3547000 2.33390000e-07 2.33390000e-07 0.00000000e+00 0.00000000e+00
1000 702000 3547000 2.77920000e-07 2.77920000e-07 0.00000000e+00 0.00000000e+00
1000 703000 3547000 3.34400000e-07 3.34400000e-07 0.00000000e+00 0.00000000e+00
1000 704000 3547000 3.97870000e-07 3.97870000e-07 0.00000000e+00 0.00000000e+00
1000 705000 3547000 4.71430000e-07 4.71430000e-07 0.00000000e+00 0.00000000e+00
1000 706000 3547000 5.72800000e-07 5.72800000e-07 0.00000000e+00 0.00000000e+00
1000 707000 3547000 6.98420000e-07 6.98420000e-07 0.00000000e+00 0.00000000e+00
1000 708000 3547000 8.39560000e-07 8.39560000e-07 0.00000000e+00 0.00000000e+00
1000 709000 3547000 1.01930000e-06 1.01930000e-06 0.00000000e+00 0.00000000e+00
1000 710000 3547000 1.23200000e-06 1.23200000e-06 0.00000000e+00 0.00000000e+00
1000 711000 3547000 1.44560000e-06 1.44560000e-06 0.00000000e+00 0.00000000e+00
1000 712000 3547000 1.67070000e-06 1.67070000e-06 0.00000000e+00 0.00000000e+00
1000 713000 3547000 1.92610000e-06 1.92610000e-06 0.00000000e+00 0.00000000e+00
1000 714000 3547000 2.15270000e-06 2.15270000e-06 0.00000000e+00 0.00000000e+00
1000 715000 3547000 2.34340000e-06 2.34340000e-06 0.00000000e+00 0.00000000e+00
1000 716000 3547000 2.50030000e-06 2.50030000e-06 0.00000000e+00 0.00000000e+00
1000 717000 3547000 2.63510000e-06 2.63510000e-06 0.00000000e+00 0.00000000e+00
1000 718000 3547000 2.75380000e-06 2.75380000e-06 0.00000000e+00 0.00000000e+00
1000 719000 3547000 2.85920000e-06 2.85920000e-06 0.00000000e+00 0.00000000e+00
1000 720000 3547000 2.93770000e-06 2.93770000e-06 0.00000000e+00 0.00000000e+00
1000 721000 3547000 2.97970000e-06 2.97970000e-06 0.00000000e+00 0.00000000e+00
1000 722000 3547000 2.98070000e-06 2.98070000e-06 0.00000000e+00 0.00000000e+00
1000 723000 3547000 2.95450000e-06 2.95450000e-06 0.00000000e+00 0.00000000e+00
1000 724000 3547000 2.92410000e-06 2.92410000e-06 0.00000000e+00 0.00000000e+00
1000 725000 3547000 2.91830000e-06 2.91830000e-06 0.00000000e+00 0.00000000e+00
1000 726000 3547000 2.95840000e-06 2.95840000e-06 0.00000000e+00 0.00000000e+00
1000 727000 3547000 3.04410000e-06 3.04410000e-06 0.00000000e+00 0.00000000e+00
1000 728000 3547000 3.15870000e-06 3.15870000e-06 0.00000000e+00 0.00000000e+00
1000 729000 3547000 3.28770000e-06 3.28770000e-06 0.00000000e+00 0.00000000e+00
1000 730000 3547000 3.41510000e-06 3.41510000e-06 0.00000000e+00 0.00000000e+00
1000 731000 3547000 3.52150000e-06 3.52150000e-06 0.00000000e+00 0.00000000e+00
1000 732000 3547000 3.59960000e-06 3.59960000e-06 0.00000000e+00 0.00000000e+00
1000 733000 3547000 3.65320000e-06 3.65320000e-06 0.00000000e+00 0.00000000e+00
1000 734000 3547000 3.69440000e-06 3.69440000e-06 0.00000000e+00 0.00000000e+00
1000 735000 3547000 3.71910000e-06 3.71910000e-06 0.00000000e+00 0.00000000e+00
1000 736000 3547000 3.73300000e-06 3.73300000e-06 0.00000000e+00 0.00000000e+00
1000 737000 3547000 3.74500000e-06 3.74500000e-06 0.00000000e+00 0.00000000e+00
1000 738000 3547000 3.75550000e-06 3.75550000e-06 0.00000000e+00 0.00000000e+00
1000 739000 3547000 3.76450000e-06 3.76450000e-06 0.00000000e+00 0.00000000e+00
1000 740000 3547000 3.77210000e-06 3.77210000e-06 0.00000000e+00 0.00000000e+00
1000 741000 3547000 3.77860000e-06 3.77860000e-06 0.00000000e+00 0.00000000e+00
1000 742000 3547000 3.78400000e-06 3.78400000e-06 0.00000000e+00 0.00000000e+00
1000 743000 3547000 3.78850000e-06 3.78850000e-06 0.00000000e+00 0.00000000e+00
1000 744000 3547000 3.79230000e-06 3.79230000e-06 0.00000000e+00 0.00000000e+00
1000 745000 3547000 3.79550000e-06 3.79550000e-06 0.00000000e+00 0.00000000e+00
1000 746000 3547000 3.79830000e-06 3.79830000e-06 0.00000000e+00 0.00000000e+00
1000 747000 3547000 3.80080000e-06 3.80080000e-06 0.00000000e+00 0.00000000e+00
1000 748000 3547000 3.80320000e-06 3.80320000e-06 0.00000000e+00 0.00000000e+00
1000 749000 3547000 3.80560000e-06 3.80560000e-06 0.00000000e+00 0.00000000e+00
1000 750000 3547000 3.80800000e-06 3.80800000e-06 0.00000000e+00 0.00000000e+00
1000 650000 3546000 2.13660000e-07 2.13660000e-07 0.00000000e+00 0.00000000e+00
1000 651000 3546000 2.24760000e-07 2.24760000e-07 0.00000000e+00 0.00000000e+00
1000 652000 3546000 2.34710000e-07 2.34710000e-07 0.00000000e+00 0.00000000e+00
1000 653000 3546000 2.43650000e-07 2.43650000e-07 0.00000000e+00 0.00000000e+00
1000 654000 3546000 2.51540000e-07 2.51540000e-07 0.00000000e+00 0.00000000e+00
1000 655000 3546000 2.58090000e-07 2.58090000e-07 0.00000000e+00 0.00000000e+00
1000 656000 3546000 2.63240000e-07 2.63240000e-07 0.00000000e+00 0.00000000e+00
1000 657000 3546000 2.66390000e-07 2.66390000e-07 0.00000000e+00 0.00000000e+00
1000 658000 3546000 2.67340000e-07 2.67340000e-07 0.00000000e+00 0.00000000e+00
1000 659000 3546000 2.65760000e-07 2.65760000e-07 0.00000000e+00 0.00000000e+00
1000 660000 3546000 2.61170000e-07 2.61170000e-07 0.00000000e+00 0.00000000e+00
1000 661000 3546000 2.53450000e-07 2.53450000e-07 0.00000000e+00 0.00000000e+00
1000 662000 3546000 2.41910000e-07 2.41910000e-07 0.00000000e+00 0.00000000e+00
1000 663000 3546000 2.26580000e-07 2.26580000e-07 0.00000000e+00 0.00000000e+00
1000 664000 3546000 2.16280000e-07 2.16280000e-07 0.00000000e+00 0.00000000e+00
1000 665000 3546000 2.03530000e-07 2.03530000e-07 0.00000000e+00 0.00000000e+00
1000 666000 3546000 1.89860000e-07 1.89860000e-07 0.00000000e+00 0.00000000e+00
1000 667000 3546000 1.77710000e-07 1.77710000e-07 0.00000000e+00 0.00000000e+00
1000 668000 3546000 1.70560000e-07 1.70560000e-07 0.00000000e+00 0.00000000e+00
1000 669000 3546000 1.72150000e-07 1.72150000e-07 0.00000000e+00 0.00000000e+00
1000 670000 3546000 1.77510000e-07 1.77510000e-07 0.00000000e+00 0.00000000e+00
1000 671000 3546000 1.84670000e-07 1.84670000e-07 0.00000000e+00 0.00000000e+00
1000 672000 3546000 1.91930000e-07 1.91930000e-07 0.00000000e+00 0.00000000e+00
1000 673000 3546000 1.98360000e-07 1.98360000e-07 0.00000000e+00 0.00000000e+00
1000 674000 3546000 2.04210000e-07 2.04210000e-07 0.00000000e+00 0.00000000e+00
1000 675000 3546000 2.09750000e-07 2.09750000e-07 0.00000000e+00 0.00000000e+00
1000 676000 3546000 2.16160000e-07 2.16160000e-07 0.00000000e+00 0.00000000e+00
1000 677000 3546000 2.24740000e-07 2.24740000e-07 0.00000000e+00 0.00000000e+00
1000 678000 3546000 2.36160000e-07 2.36160000e-07 0.00000000e+00 0.00000000e+00
1000 679000 3546000 2.49780000e-07 2.49780000e-07 0.00000000e+00 0.00000000e+00
1000 680000 3546000 2.63590000e-07 2.63590000e-07 0.00000000e+00 0.00000000e+00
1000 681000 3546000 2.75970000e-07 2.75970000e-07 0.00000000e+00 0.00000000e+00
1000 682000 3546000 2.87180000e-07 2.87180000e-07 0.00000000e+00 0.00000000e+00
1000 683000 3546000 2.98420000e-07 2.98420000e-07 0.00000000e+00 0.00000000e+00
1000 684000 3546000 3.11220000e-07 3.11220000e-07 0.00000000e+00 0.00000000e+00
1000 685000 3546000 3.26270000e-07 3.26270000e-07 0.00000000e+00 0.00000000e+00
1000 686000 3546000 3.43230000e-07 3.43230000e-07 0.00000000e+00 0.00000000e+00
1000 687000 3546000 3.58550000e-07 3.58550000e-07 0.00000000e+00 0.00000000e+00
1000 688000 3546000 3.67040000e-07 3.67040000e-07 0.00000000e+00 0.00000000e+00
1000 689000 3546000 3.62900000e-07 3.62900000e-07 0.00000000e+00 0.00000000e+00
1000 690000 3546000 3.44470000e-07 3.44470000e-07 0.00000000e+00 0.00000000e+00
1000 691000 3546000 3.21260000e-07 3.21260000e-07 0.00000000e+00 0.00000000e+00
1000 692000 3546000 2.90060000e-07 2.90060000e-07 0.00000000e+00 0.00000000e+00
1000 693000 3546000 2.52500000e-07 2.52500000e-07 0.00000000e+00 0.00000000e+00
1000 694000 3546000 2.15380000e-07 2.15380000e-07 0.00000000e+00 0.00000000e+00
1000 695000 3546000 1.88430000e-07 1.88430000e-07 0.00000000e+00 0.00000000e+00
1000 696000 3546000 1.69340000e-07 1.69340000e-07 0.00000000e+00 0.00000000e+00
1000 697000 3546000 1.62540000e-07 1.62540000e-07 0.00000000e+00 0.00000000e+00
1000 698000 3546000 1.72020000e-07 1.72020000e-07 0.00000000e+00 0.00000000e+00
1000 699000 3546000 1.96630000e-07 1.96630000e-07 0.00000000e+00 0.00000000e+00
1000 700000 3546000 2.30740000e-07 2.30740000e-07 0.00000000e+00 0.00000000e+00
1000 701000 3546000 2.71870000e-07 2.71870000e-07 0.00000000e+00 0.00000000e+00
1000 702000 3546000 3.26810000e-07 3.26810000e-07 0.00000000e+00 0.00000000e+00
1000 703000 3546000 3.93530000e-07 3.93530000e-07 0.00000000e+00 0.00000000e+00
1000 704000 3546000 4.61810000e-07 4.61810000e-07 0.00000000e+00 0.00000000e+00
1000 705000 3546000 5.40370000e-07 5.40370000e-07 0.00000000e+00 0.00000000e+00
1000 706000 3546000 6.56530000e-07 6.56530000e-07 0.00000000e+00 0.00000000e+00
1000 707000 3546000 8.09620000e-07 8.09620000e-07 0.00000000e+00 0.00000000e+00
1000 708000 3546000 9.82040000e-07 9.82040000e-07 0.00000000e+00 0.00000000e+00
1000 709000 3546000 1.20060000e-06 1.20060000e-06 0.00000000e+00 0.00000000e+00
1000 710000 3546000 1.45650000e-06 1.45650000e-06 0.00000000e+00 0.00000000e+00
1000 711000 3546000 1.70800000e-06 1.70800000e-06 0.00000000e+00 0.00000000e+00
1000 712000 3546000 1.98120000e-06 1.98120000e-06 0.00000000e+00 0.00000000e+00
1000 713000 3546000 2.28270000e-06 2.28270000e-06 0.00000000e+00 0.00000000e+00
1000 714000 3546000 2.54580000e-06 2.54580000e-06 0.00000000e+00 0.00000000e+00
1000 715000 3546000 2.75090000e-06 2.75090000e-06 0.00000000e+00 0.00000000e+00
1000 716000 3546000 2.90990000e-06 2.90990000e-06 0.00000000e+00 0.00000000e+00
1000 717000 3546000 3.04820000e-06 3.04820000e-06 0.00000000e+00 0.00000000e+00
1000 718000 3546000 3.18860000e-06 3.18860000e-06 0.00000000e+00 0.00000000e+00
1000 719000 3546000 3.33120000e-06 3.33120000e-06 0.00000000e+00 0.00000000e+00
1000 720000 3546000 3.44690000e-06 3.44690000e-06 0.00000000e+00 0.00000000e+00
1000 721000 3546000 3.50580000e-06 3.50580000e-06 0.00000000e+00 0.00000000e+00
1000 722000 3546000 3.48710000e-06 3.48710000e-06 0.00000000e+00 0.00000000e+00
1000 723000 3546000 3.41130000e-06 3.41130000e-06 0.00000000e+00 0.00000000e+00
1000 724000 3546000 3.32070000e-06 3.32070000e-06 0.00000000e+00 0.00000000e+00
1000 725000 3546000 3.27450000e-06 3.27450000e-06 0.00000000e+00 0.00000000e+00
1000 726000 3546000 3.31890000e-06 3.31890000e-06 0.00000000e+00 0.00000000e+00
1000 727000 3546000 3.44370000e-06 3.44370000e-06 0.00000000e+00 0.00000000e+00
1000 728000 3546000 3.60620000e-06 3.60620000e-06 0.00000000e+00 0.00000000e+00
1000 729000 3546000 3.79810000e-06 3.79810000e-06 0.00000000e+00 0.00000000e+00
1000 730000 3546000 4.00830000e-06 4.00830000e-06 0.00000000e+00 0.00000000e+00
1000 731000 3546000 4.17860000e-06 4.17860000e-06 0.00000000e+00 0.00000000e+00
1000 732000 3546000 4.28070000e-06 4.28070000e-06 0.00000000e+00 0.00000000e+00
1000 733000 3546000 4.34690000e-06 4.34690000e-06 0.00000000e+00 0.00000000e+00
1000 734000 3546000 4.39750000e-06 4.39750000e-06 0.00000000e+00 0.00000000e+00
1000 735000 3546000 4.44320000e-06 4.44320000e-06 0.00000000e+00 0.00000000e+00
1000 736000 3546000 4.45560000e-06 4.45560000e-06 0.00000000e+00 0.00000000e+00
1000 737000 3546000 4.46540000e-06 4.46540000e-06 0.00000000e+00 0.00000000e+00
1000 738000 3546000 4.47260000e-06 4.47260000e-06 0.00000000e+00 0.00000000e+00
1000 739000 3546000 4.47770000e-06 4.47770000e-06 0.00000000e+00 0.00000000e+00
1000 740000 3546000 4.48060000e-06 4.48060000e-06 0.00000000e+00 0.00000000e+00
1000 741000 3546000 4.48180000e-06 4.48180000e-06 0.00000000e+00 0.00000000e+00
1000 742000 3546000 4.48130000e-06 4.48130000e-06 0.00000000e+00 0.00000000e+00
1000 743000 3546000 4.47950000e-06 4.47950000e-06 0.00000000e+00 0.00000000e+00
1000 744000 3546000 4.47660000e-06 4.47660000e-06 0.00000000e+00 0.00000000e+00
1000 745000 3546000 4.47280000e-06 4.47280000e-06 0.00000000e+00 0.00000000e+00
1000 746000 3546000 4.46840000e-06 4.46840000e-06 0.00000000e+00 0.00000000e+00
1000 747000 3546000 4.46340000e-06 4.46340000e-06 0.00000000e+00 0.00000000e+00
1000 748000 3546000 4.45830000e-06 4.45830000e-06 0.00000000e+00 0.00000000e+00
1000 749000 3546000 4.45300000e-06 4.45300000e-06 0.00000000e+00 0.00000000e+00
1000 750000 3546000 4.44790000e-06 4.44790000e-06 0.00000000e+00 0.00000000e+00
1000 650000 3545000 2.24080000e-07 2.24080000e-07 0.00000000e+00 0.00000000e+00
1000 651000 3545000 2.35680000e-07 2.35680000e-07 0.00000000e+00 0.00000000e+00
1000 652000 3545000 2.45950000e-07 2.45950000e-07 0.00000000e+00 0.00000000e+00
1000 653000 3545000 2.55020000e-07 2.55020000e-07 0.00000000e+00 0.00000000e+00
1000 654000 3545000 2.62700000e-07 2.62700000e-07 0.00000000e+00 0.00000000e+00
1000 655000 3545000 2.69060000e-07 2.69060000e-07 0.00000000e+00 0.00000000e+00
1000 656000 3545000 2.73330000e-07 2.73330000e-07 0.00000000e+00 0.00000000e+00
1000 657000 3545000 2.75430000e-07 2.75430000e-07 0.00000000e+00 0.00000000e+00
1000 658000 3545000 2.74840000e-07 2.74840000e-07 0.00000000e+00 0.00000000e+00
1000 659000 3545000 2.71360000e-07 2.71360000e-07 0.00000000e+00 0.00000000e+00
1000 660000 3545000 2.64370000e-07 2.64370000e-07 0.00000000e+00 0.00000000e+00
1000 661000 3545000 2.53750000e-07 2.53750000e-07 0.00000000e+00 0.00000000e+00
1000 662000 3545000 2.38740000e-07 2.38740000e-07 0.00000000e+00 0.00000000e+00
1000 663000 3545000 2.25960000e-07 2.25960000e-07 0.00000000e+00 0.00000000e+00
1000 664000 3545000 2.11290000e-07 2.11290000e-07 0.00000000e+00 0.00000000e+00
1000 665000 3545000 1.92560000e-07 1.92560000e-07 0.00000000e+00 0.00000000e+00
1000 666000 3545000 1.71260000e-07 1.71260000e-07 0.00000000e+00 0.00000000e+00
1000 667000 3545000 1.58230000e-07 1.58230000e-07 0.00000000e+00 0.00000000e+00
1000 668000 3545000 1.50980000e-07 1.50980000e-07 0.00000000e+00 0.00000000e+00
1000 669000 3545000 1.51240000e-07 1.51240000e-07 0.00000000e+00 0.00000000e+00
1000 670000 3545000 1.57930000e-07 1.57930000e-07 0.00000000e+00 0.00000000e+00
1000 671000 3545000 1.66820000e-07 1.66820000e-07 0.00000000e+00 0.00000000e+00
1000 672000 3545000 1.74350000e-07 1.74350000e-07 0.00000000e+00 0.00000000e+00
1000 673000 3545000 1.80410000e-07 1.80410000e-07 0.00000000e+00 0.00000000e+00
1000 674000 3545000 1.85540000e-07 1.85540000e-07 0.00000000e+00 0.00000000e+00
1000 675000 3545000 1.90440000e-07 1.90440000e-07 0.00000000e+00 0.00000000e+00
1000 676000 3545000 1.96440000e-07 1.96440000e-07 0.00000000e+00 0.00000000e+00
1000 677000 3545000 2.06550000e-07 2.06550000e-07 0.00000000e+00 0.00000000e+00
1000 678000 3545000 2.23630000e-07 2.23630000e-07 0.00000000e+00 0.00000000e+00
1000 679000 3545000 2.46360000e-07 2.46360000e-07 0.00000000e+00 0.00000000e+00
1000 680000 3545000 2.69220000e-07 2.69220000e-07 0.00000000e+00 0.00000000e+00
1000 681000 3545000 2.89350000e-07 2.89350000e-07 0.00000000e+00 0.00000000e+00
1000 682000 3545000 3.07260000e-07 3.07260000e-07 0.00000000e+00 0.00000000e+00
1000 683000 3545000 3.26840000e-07 3.26840000e-07 0.00000000e+00 0.00000000e+00
1000 684000 3545000 3.50830000e-07 3.50830000e-07 0.00000000e+00 0.00000000e+00
1000 685000 3545000 3.82280000e-07 3.82280000e-07 0.00000000e+00 0.00000000e+00
1000 686000 3545000 4.21940000e-07 4.21940000e-07 0.00000000e+00 0.00000000e+00
1000 687000 3545000 4.63810000e-07 4.63810000e-07 0.00000000e+00 0.00000000e+00
1000 688000 3545000 4.94270000e-07 4.94270000e-07 0.00000000e+00 0.00000000e+00
1000 689000 3545000 5.01630000e-07 5.01630000e-07 0.00000000e+00 0.00000000e+00
1000 690000 3545000 4.82570000e-07 4.82570000e-07 0.00000000e+00 0.00000000e+00
1000 691000 3545000 4.40080000e-07 4.40080000e-07 0.00000000e+00 0.00000000e+00
1000 692000 3545000 3.91320000e-07 3.91320000e-07 0.00000000e+00 0.00000000e+00
1000 693000 3545000 3.34690000e-07 3.34690000e-07 0.00000000e+00 0.00000000e+00
1000 694000 3545000 2.68510000e-07 2.68510000e-07 0.00000000e+00 0.00000000e+00
1000 695000 3545000 2.21490000e-07 2.21490000e-07 0.00000000e+00 0.00000000e+00
1000 696000 3545000 1.85360000e-07 1.85360000e-07 0.00000000e+00 0.00000000e+00
1000 697000 3545000 1.66710000e-07 1.66710000e-07 0.00000000e+00 0.00000000e+00
1000 698000 3545000 1.79200000e-07 1.79200000e-07 0.00000000e+00 0.00000000e+00
1000 699000 3545000 2.19230000e-07 2.19230000e-07 0.00000000e+00 0.00000000e+00
1000 700000 3545000 2.66020000e-07 2.66020000e-07 0.00000000e+00 0.00000000e+00
1000 701000 3545000 3.12940000e-07 3.12940000e-07 0.00000000e+00 0.00000000e+00
1000 702000 3545000 3.88950000e-07 3.88950000e-07 0.00000000e+00 0.00000000e+00
1000 703000 3545000 4.81460000e-07 4.81460000e-07 0.00000000e+00 0.00000000e+00
1000 704000 3545000 5.47180000e-07 5.47180000e-07 0.00000000e+00 0.00000000e+00
1000 705000 3545000 6.25110000e-07 6.25110000e-07 0.00000000e+00 0.00000000e+00
1000 706000 3545000 7.69920000e-07 7.69920000e-07 0.00000000e+00 0.00000000e+00
1000 707000 3545000 9.78770000e-07 9.78770000e-07 0.00000000e+00 0.00000000e+00
1000 708000 3545000 1.20060000e-06 1.20060000e-06 0.00000000e+00 0.00000000e+00
1000 709000 3545000 1.47800000e-06 1.47800000e-06 0.00000000e+00 0.00000000e+00
1000 710000 3545000 1.80070000e-06 1.80070000e-06 0.00000000e+00 0.00000000e+00
1000 711000 3545000 2.09320000e-06 2.09320000e-06 0.00000000e+00 0.00000000e+00
1000 712000 3545000 2.41940000e-06 2.41940000e-06 0.00000000e+00 0.00000000e+00
1000 713000 3545000 2.78960000e-06 2.78960000e-06 0.00000000e+00 0.00000000e+00
1000 714000 3545000 3.10590000e-06 3.10590000e-06 0.00000000e+00 0.00000000e+00
1000 715000 3545000 3.31000000e-06 3.31000000e-06 0.00000000e+00 0.00000000e+00
1000 716000 3545000 3.43900000e-06 3.43900000e-06 0.00000000e+00 0.00000000e+00
1000 717000 3545000 3.55370000e-06 3.55370000e-06 0.00000000e+00 0.00000000e+00
1000 718000 3545000 3.71810000e-06 3.71810000e-06 0.00000000e+00 0.00000000e+00
1000 719000 3545000 3.93440000e-06 3.93440000e-06 0.00000000e+00 0.00000000e+00
1000 720000 3545000 4.13700000e-06 4.13700000e-06 0.00000000e+00 0.00000000e+00
1000 721000 3545000 4.24390000e-06 4.24390000e-06 0.00000000e+00 0.00000000e+00
1000 722000 3545000 4.19610000e-06 4.19610000e-06 0.00000000e+00 0.00000000e+00
1000 723000 3545000 4.02060000e-06 4.02060000e-06 0.00000000e+00 0.00000000e+00
1000 724000 3545000 3.80640000e-06 3.80640000e-06 0.00000000e+00 0.00000000e+00
1000 725000 3545000 3.65390000e-06 3.65390000e-06 0.00000000e+00 0.00000000e+00
1000 726000 3545000 3.71120000e-06 3.71120000e-06 0.00000000e+00 0.00000000e+00
1000 727000 3545000 3.91590000e-06 3.91590000e-06 0.00000000e+00 0.00000000e+00
1000 728000 3545000 4.10510000e-06 4.10510000e-06 0.00000000e+00 0.00000000e+00
1000 729000 3545000 4.36980000e-06 4.36980000e-06 0.00000000e+00 0.00000000e+00
1000 730000 3545000 4.75510000e-06 4.75510000e-06 0.00000000e+00 0.00000000e+00
1000 731000 3545000 5.03320000e-06 5.03320000e-06 0.00000000e+00 0.00000000e+00
1000 732000 3545000 5.15660000e-06 5.15660000e-06 0.00000000e+00 0.00000000e+00
1000 733000 3545000 5.22540000e-06 5.22540000e-06 0.00000000e+00 0.00000000e+00
1000 734000 3545000 5.28490000e-06 5.28490000e-06 0.00000000e+00 0.00000000e+00
1000 735000 3545000 5.34530000e-06 5.34530000e-06 0.00000000e+00 0.00000000e+00
1000 736000 3545000 5.38330000e-06 5.38330000e-06 0.00000000e+00 0.00000000e+00
1000 737000 3545000 5.38840000e-06 5.38840000e-06 0.00000000e+00 0.00000000e+00
1000 738000 3545000 5.38970000e-06 5.38970000e-06 0.00000000e+00 0.00000000e+00
1000 739000 3545000 5.38770000e-06 5.38770000e-06 0.00000000e+00 0.00000000e+00
1000 740000 3545000 5.38270000e-06 5.38270000e-06 0.00000000e+00 0.00000000e+00
1000 741000 3545000 5.37500000e-06 5.37500000e-06 0.00000000e+00 0.00000000e+00
1000 742000 3545000 5.36490000e-06 5.36490000e-06 0.00000000e+00 0.00000000e+00
1000 743000 3545000 5.35280000e-06 5.35280000e-06 0.00000000e+00 0.00000000e+00
1000 744000 3545000 5.33910000e-06 5.33910000e-06 0.00000000e+00 0.00000000e+00
1000 745000 3545000 5.32410000e-06 5.32410000e-06 0.00000000e+00 0.00000000e+00
1000 746000 3545000 5.30810000e-06 5.30810000e-06 0.00000000e+00 0.00000000e+00
1000 747000 3545000 5.29150000e-06 5.29150000e-06 0.00000000e+00 0.00000000e+00
1000 748000 3545000 5.27450000e-06 5.27450000e-06 0.00000000e+00 0.00000000e+00
1000 749000 3545000 5.25740000e-06 5.25740000e-06 0.00000000e+00 0.00000000e+00
1000 750000 3545000 5.24040000e-06 5.24040000e-06 0.00000000e+00 0.00000000e+00
1000 650000 3544000 2.34940000e-07 2.34940000e-07 0.00000000e+00 0.00000000e+00
1000 651000 3544000 2.47210000e-07 2.47210000e-07 0.00000000e+00 0.00000000e+00
1000 652000 3544000 2.57690000e-07 2.57690000e-07 0.00000000e+00 0.00000000e+00
1000 653000 3544000 2.66890000e-07 2.66890000e-07 0.00000000e+00 0.00000000e+00
1000 654000 3544000 2.74470000e-07 2.74470000e-07 0.00000000e+00 0.00000000e+00
1000 655000 3544000 2.80320000e-07 2.80320000e-07 0.00000000e+00 0.00000000e+00
1000 656000 3544000 2.83760000e-07 2.83760000e-07 0.00000000e+00 0.00000000e+00
1000 657000 3544000 2.84700000e-07 2.84700000e-07 0.00000000e+00 0.00000000e+00
1000 658000 3544000 2.82420000e-07 2.82420000e-07 0.00000000e+00 0.00000000e+00
1000 659000 3544000 2.76720000e-07 2.76720000e-07 0.00000000e+00 0.00000000e+00
1000 660000 3544000 2.67130000e-07 2.67130000e-07 0.00000000e+00 0.00000000e+00
1000 661000 3544000 2.53430000e-07 2.53430000e-07 0.00000000e+00 0.00000000e+00
1000 662000 3544000 2.38820000e-07 2.38820000e-07 0.00000000e+00 0.00000000e+00
1000 663000 3544000 2.25740000e-07 2.25740000e-07 0.00000000e+00 0.00000000e+00
1000 664000 3544000 2.07540000e-07 2.07540000e-07 0.00000000e+00 0.00000000e+00
1000 665000 3544000 1.82670000e-07 1.82670000e-07 0.00000000e+00 0.00000000e+00
1000 666000 3544000 1.59590000e-07 1.59590000e-07 0.00000000e+00 0.00000000e+00
1000 667000 3544000 1.37690000e-07 1.37690000e-07 0.00000000e+00 0.00000000e+00
1000 668000 3544000 1.21850000e-07 1.21850000e-07 0.00000000e+00 0.00000000e+00
1000 669000 3544000 1.21820000e-07 1.21820000e-07 0.00000000e+00 0.00000000e+00
1000 670000 3544000 1.31700000e-07 1.31700000e-07 0.00000000e+00 0.00000000e+00
1000 671000 3544000 1.43130000e-07 1.43130000e-07 0.00000000e+00 0.00000000e+00
1000 672000 3544000 1.50290000e-07 1.50290000e-07 0.00000000e+00 0.00000000e+00
1000 673000 3544000 1.55880000e-07 1.55880000e-07 0.00000000e+00 0.00000000e+00
1000 674000 3544000 1.61300000e-07 1.61300000e-07 0.00000000e+00 0.00000000e+00
1000 675000 3544000 1.65960000e-07 1.65960000e-07 0.00000000e+00 0.00000000e+00
1000 676000 3544000 1.70980000e-07 1.70980000e-07 0.00000000e+00 0.00000000e+00
1000 677000 3544000 1.80500000e-07 1.80500000e-07 0.00000000e+00 0.00000000e+00
1000 678000 3544000 2.03960000e-07 2.03960000e-07 0.00000000e+00 0.00000000e+00
1000 679000 3544000 2.38020000e-07 2.38020000e-07 0.00000000e+00 0.00000000e+00
1000 680000 3544000 2.74840000e-07 2.74840000e-07 0.00000000e+00 0.00000000e+00
1000 681000 3544000 3.04080000e-07 3.04080000e-07 0.00000000e+00 0.00000000e+00
1000 682000 3544000 3.27020000e-07 3.27020000e-07 0.00000000e+00 0.00000000e+00
1000 683000 3544000 3.56640000e-07 3.56640000e-07 0.00000000e+00 0.00000000e+00
1000 684000 3544000 3.94090000e-07 3.94090000e-07 0.00000000e+00 0.00000000e+00
1000 685000 3544000 4.48880000e-07 4.48880000e-07 0.00000000e+00 0.00000000e+00
1000 686000 3544000 5.25440000e-07 5.25440000e-07 0.00000000e+00 0.00000000e+00
1000 687000 3544000 6.15920000e-07 6.15920000e-07 0.00000000e+00 0.00000000e+00
1000 688000 3544000 6.85220000e-07 6.85220000e-07 0.00000000e+00 0.00000000e+00
1000 689000 3544000 7.05060000e-07 7.05060000e-07 0.00000000e+00 0.00000000e+00
1000 690000 3544000 6.82680000e-07 6.82680000e-07 0.00000000e+00 0.00000000e+00
1000 691000 3544000 6.21920000e-07 6.21920000e-07 0.00000000e+00 0.00000000e+00
1000 692000 3544000 5.40410000e-07 5.40410000e-07 0.00000000e+00 0.00000000e+00
1000 693000 3544000 4.43530000e-07 4.43530000e-07 0.00000000e+00 0.00000000e+00
1000 694000 3544000 3.30530000e-07 3.30530000e-07 0.00000000e+00 0.00000000e+00
1000 695000 3544000 2.56700000e-07 2.56700000e-07 0.00000000e+00 0.00000000e+00
1000 696000 3544000 1.96200000e-07 1.96200000e-07 0.00000000e+00 0.00000000e+00
1000 697000 3544000 1.52820000e-07 1.52820000e-07 0.00000000e+00 0.00000000e+00
1000 698000 3544000 1.68990000e-07 1.68990000e-07 0.00000000e+00 0.00000000e+00
1000 699000 3544000 2.47270000e-07 2.47270000e-07 0.00000000e+00 0.00000000e+00
1000 700000 3544000 3.21660000e-07 3.21660000e-07 0.00000000e+00 0.00000000e+00
1000 701000 3544000 3.47990000e-07 3.47990000e-07 0.00000000e+00 0.00000000e+00
1000 702000 3544000 4.76540000e-07 4.76540000e-07 0.00000000e+00 0.00000000e+00
1000 703000 3544000 6.54350000e-07 6.54350000e-07 0.00000000e+00 0.00000000e+00
1000 704000 3544000 6.60370000e-07 6.60370000e-07 0.00000000e+00 0.00000000e+00
1000 705000 3544000 7.18790000e-07 7.18790000e-07 0.00000000e+00 0.00000000e+00
1000 706000 3544000 9.34880000e-07 9.34880000e-07 0.00000000e+00 0.00000000e+00
1000 707000 3544000 1.24660000e-06 1.24660000e-06 0.00000000e+00 0.00000000e+00
1000 708000 3544000 1.55830000e-06 1.55830000e-06 0.00000000e+00 0.00000000e+00
1000 709000 3544000 1.86150000e-06 1.86150000e-06 0.00000000e+00 0.00000000e+00
1000 710000 3544000 2.38830000e-06 2.38830000e-06 0.00000000e+00 0.00000000e+00
1000 711000 3544000 2.75000000e-06 2.75000000e-06 0.00000000e+00 0.00000000e+00
1000 712000 3544000 3.05080000e-06 3.05080000e-06 0.00000000e+00 0.00000000e+00
1000 713000 3544000 3.59010000e-06 3.59010000e-06 0.00000000e+00 0.00000000e+00
1000 714000 3544000 3.99810000e-06 3.99810000e-06 0.00000000e+00 0.00000000e+00
1000 715000 3544000 4.12410000e-06 4.12410000e-06 0.00000000e+00 0.00000000e+00
1000 716000 3544000 4.17970000e-06 4.17970000e-06 0.00000000e+00 0.00000000e+00
1000 717000 3544000 4.20130000e-06 4.20130000e-06 0.00000000e+00 0.00000000e+00
1000 718000 3544000 4.32880000e-06 4.32880000e-06 0.00000000e+00 0.00000000e+00
1000 719000 3544000 4.69570000e-06 4.69570000e-06 0.00000000e+00 0.00000000e+00
1000 720000 3544000 5.09930000e-06 5.09930000e-06 0.00000000e+00 0.00000000e+00
1000 721000 3544000 5.33950000e-06 5.33950000e-06 0.00000000e+00 0.00000000e+00
1000 722000 3544000 5.26170000e-06 5.26170000e-06 0.00000000e+00 0.00000000e+00
1000 723000 3544000 4.77460000e-06 4.77460000e-06 0.00000000e+00 0.00000000e+00
1000 724000 3544000 4.43350000e-06 4.43350000e-06 0.00000000e+00 0.00000000e+00
1000 725000 3544000 4.10400000e-06 4.10400000e-06 0.00000000e+00 0.00000000e+00
1000 726000 3544000 4.30340000e-06 4.30340000e-06 0.00000000e+00 0.00000000e+00
1000 727000 3544000 4.66640000e-06 4.66640000e-06 0.00000000e+00 0.00000000e+00
1000 728000 3544000 4.70660000e-06 4.70660000e-06 0.00000000e+00 0.00000000e+00
1000 729000 3544000 5.02820000e-06 5.02820000e-06 0.00000000e+00 0.00000000e+00
1000 730000 3544000 5.85280000e-06 5.85280000e-06 0.00000000e+00 0.00000000e+00
1000 731000 3544000 6.20670000e-06 6.20670000e-06 0.00000000e+00 0.00000000e+00
1000 732000 3544000 6.27970000e-06 6.27970000e-06 0.00000000e+00 0.00000000e+00
1000 733000 3544000 6.33690000e-06 6.33690000e-06 0.00000000e+00 0.00000000e+00
1000 734000 3544000 6.41570000e-06 6.41570000e-06 0.00000000e+00 0.00000000e+00
1000 735000 3544000 6.48510000e-06 6.48510000e-06 0.00000000e+00 0.00000000e+00
1000 736000 3544000 6.58360000e-06 6.58360000e-06 0.00000000e+00 0.00000000e+00
1000 737000 3544000 6.58030000e-06 6.58030000e-06 0.00000000e+00 0.00000000e+00
1000 738000 3544000 6.57160000e-06 6.57160000e-06 0.00000000e+00 0.00000000e+00
1000 739000 3544000 6.55790000e-06 6.55790000e-06 0.00000000e+00 0.00000000e+00
1000 740000 3544000 6.53990000e-06 6.53990000e-06 0.00000000e+00 0.00000000e+00
1000 741000 3544000 6.51790000e-06 6.51790000e-06 0.00000000e+00 0.00000000e+00
1000 742000 3544000 6.49260000e-06 6.49260000e-06 0.00000000e+00 0.00000000e+00
1000 743000 3544000 6.46440000e-06 6.46440000e-06 0.00000000e+00 0.00000000e+00
1000 744000 3544000 6.43390000e-06 6.43390000e-06 0.00000000e+00 0.00000000e+00
1000 745000 3544000 6.40150000e-06 6.40150000e-06 0.00000000e+00 0.00000000e+00
1000 746000 3544000 6.36790000e-06 6.36790000e-06 0.00000000e+00 0.00000000e+00
1000 747000 3544000 6.33330000e-06 6.33330000e-06 0.00000000e+00 0.00000000e+00
1000 748000 3544000 6.29830000e-06 6.29830000e-06 0.00000000e+00 0.00000000e+00
1000 749000 3544000 6.26310000e-06 6.26310000e-06 0.00000000e+00 0.00000000e+00
1000 750000 3544000 6.22820000e-06 6.22820000e-06 0.00000000e+00 0.00000000e+00
1000 650000 3543000 2.46400000e-07 2.46400000e-07 0.00000000e+00 0.00000000e+00
1000 651000 3543000 2.59250000e-07 2.59250000e-07 0.00000000e+00 0.00000000e+00
1000 652000 3543000 2.70230000e-07 2.70230000e-07 0.00000000e+00 0.00000000e+00
1000 653000 3543000 2.79430000e-07 2.79430000e-07 0.00000000e+00 0.00000000e+00
1000 654000 3543000 2.86890000e-07 2.86890000e-07 0.00000000e+00 0.00000000e+00
1000 655000 3543000 2.92170000e-07 2.92170000e-07 0.00000000e+00 0.00000000e+00
1000 656000 3543000 2.94870000e-07 2.94870000e-07 0.00000000e+00 0.00000000e+00
1000 657000 3543000 2.94200000e-07 2.94200000e-07 0.00000000e+00 0.00000000e+00
1000 658000 3543000 2.90080000e-07 2.90080000e-07 0.00000000e+00 0.00000000e+00
1000 659000 3543000 2.81960000e-07 2.81960000e-07 0.00000000e+00 0.00000000e+00
1000 660000 3543000 2.69570000e-07 2.69570000e-07 0.00000000e+00 0.00000000e+00
1000 661000 3543000 2.52760000e-07 2.52760000e-07 0.00000000e+00 0.00000000e+00
1000 662000 3543000 2.41310000e-07 2.41310000e-07 0.00000000e+00 0.00000000e+00
1000 663000 3543000 2.26320000e-07 2.26320000e-07 0.00000000e+00 0.00000000e+00
1000 664000 3543000 2.06830000e-07 2.06830000e-07 0.00000000e+00 0.00000000e+00
1000 665000 3543000 1.79580000e-07 1.79580000e-07 0.00000000e+00 0.00000000e+00
1000 666000 3543000 1.50430000e-07 1.50430000e-07 0.00000000e+00 0.00000000e+00
1000 667000 3543000 1.13710000e-07 1.13710000e-07 0.00000000e+00 0.00000000e+00
1000 668000 3543000 8.97420000e-08 8.97420000e-08 0.00000000e+00 0.00000000e+00
1000 669000 3543000 8.83350000e-08 8.83350000e-08 0.00000000e+00 0.00000000e+00
1000 670000 3543000 1.06520000e-07 1.06520000e-07 0.00000000e+00 0.00000000e+00
1000 671000 3543000 1.25510000e-07 1.25510000e-07 0.00000000e+00 0.00000000e+00
1000 672000 3543000 1.28530000e-07 1.28530000e-07 0.00000000e+00 0.00000000e+00
1000 673000 3543000 1.32860000e-07 1.32860000e-07 0.00000000e+00 0.00000000e+00
1000 674000 3543000 1.39040000e-07 1.39040000e-07 0.00000000e+00 0.00000000e+00
1000 675000 3543000 1.36790000e-07 1.36790000e-07 0.00000000e+00 0.00000000e+00
1000 676000 3543000 1.37110000e-07 1.37110000e-07 0.00000000e+00 0.00000000e+00
1000 677000 3543000 1.35000000e-07 1.35000000e-07 0.00000000e+00 0.00000000e+00
1000 678000 3543000 1.72000000e-07 1.72000000e-07 0.00000000e+00 0.00000000e+00
1000 679000 3543000 2.33830000e-07 2.33830000e-07 0.00000000e+00 0.00000000e+00
1000 680000 3543000 2.85410000e-07 2.85410000e-07 0.00000000e+00 0.00000000e+00
1000 681000 3543000 3.26920000e-07 3.26920000e-07 0.00000000e+00 0.00000000e+00
1000 682000 3543000 3.38220000e-07 3.38220000e-07 0.00000000e+00 0.00000000e+00
1000 683000 3543000 3.90040000e-07 3.90040000e-07 0.00000000e+00 0.00000000e+00
1000 684000 3543000 4.31180000e-07 4.31180000e-07 0.00000000e+00 0.00000000e+00
1000 685000 3543000 5.31430000e-07 5.31430000e-07 0.00000000e+00 0.00000000e+00
1000 686000 3543000 6.55860000e-07 6.55860000e-07 0.00000000e+00 0.00000000e+00
1000 687000 3543000 8.44100000e-07 8.44100000e-07 0.00000000e+00 0.00000000e+00
1000 688000 3543000 9.94940000e-07 9.94940000e-07 0.00000000e+00 0.00000000e+00
1000 689000 3543000 1.00050000e-06 1.00050000e-06 0.00000000e+00 0.00000000e+00
1000 690000 3543000 9.73150000e-07 9.73150000e-07 0.00000000e+00 0.00000000e+00
1000 691000 3543000 8.35250000e-07 8.35250000e-07 0.00000000e+00 0.00000000e+00
1000 692000 3543000 7.37720000e-07 7.37720000e-07 0.00000000e+00 0.00000000e+00
1000 693000 3543000 5.44440000e-07 5.44440000e-07 0.00000000e+00 0.00000000e+00
1000 694000 3543000 4.00660000e-07 4.00660000e-07 0.00000000e+00 0.00000000e+00
1000 695000 3543000 3.20140000e-07 3.20140000e-07 0.00000000e+00 0.00000000e+00
1000 696000 3543000 2.72650000e-07 2.72650000e-07 0.00000000e+00 0.00000000e+00
1000 697000 3543000 1.42080000e-07 1.42080000e-07 0.00000000e+00 0.00000000e+00
1000 698000 3543000 1.58530000e-07 1.58530000e-07 0.00000000e+00 0.00000000e+00
1000 699000 3543000 3.16390000e-07 3.16390000e-07 0.00000000e+00 0.00000000e+00
1000 700000 3543000 5.53560000e-07 5.53560000e-07 0.00000000e+00 0.00000000e+00
1000 701000 3543000 3.64530000e-07 3.64530000e-07 0.00000000e+00 0.00000000e+00
1000 702000 3543000 6.58030000e-07 6.58030000e-07 0.00000000e+00 0.00000000e+00
1000 703000 3543000 1.26070000e-06 1.26070000e-06 0.00000000e+00 0.00000000e+00
1000 704000 3543000 7.50370000e-07 7.50370000e-07 0.00000000e+00 0.00000000e+00
1000 705000 3543000 7.91000000e-07 7.91000000e-07 0.00000000e+00 0.00000000e+00
1000 706000 3543000 1.20560000e-06 1.20560000e-06 0.00000000e+00 0.00000000e+00
1000 707000 3543000 1.57560000e-06 1.57560000e-06 0.00000000e+00 0.00000000e+00
1000 708000 3543000 2.00540000e-06 2.00540000e-06 0.00000000e+00 0.00000000e+00
1000 709000 3543000 1.93750000e-06 1.93750000e-06 0.00000000e+00 0.00000000e+00
1000 710000 3543000 3.97880000e-06 3.97880000e-06 0.00000000e+00 0.00000000e+00
1000 711000 3543000 4.04910000e-06 4.04910000e-06 0.00000000e+00 0.00000000e+00
1000 712000 3543000 3.97450000e-06 3.97450000e-06 0.00000000e+00 0.00000000e+00
1000 713000 3543000 5.12090000e-06 5.12090000e-06 0.00000000e+00 0.00000000e+00
1000 714000 3543000 5.52710000e-06 5.52710000e-06 0.00000000e+00 0.00000000e+00
1000 715000 3543000 5.44050000e-06 5.44050000e-06 0.00000000e+00 0.00000000e+00
1000 716000 3543000 5.43340000e-06 5.43340000e-06 0.00000000e+00 0.00000000e+00
1000 717000 3543000 5.39180000e-06 5.39180000e-06 0.00000000e+00 0.00000000e+00
1000 718000 3543000 4.74230000e-06 4.74230000e-06 0.00000000e+00 0.00000000e+00
1000 719000 3543000 5.60890000e-06 5.60890000e-06 0.00000000e+00 0.00000000e+00
1000 720000 3543000 6.58030000e-06 6.58030000e-06 0.00000000e+00 0.00000000e+00
1000 721000 3543000 6.86660000e-06 6.86660000e-06 0.00000000e+00 0.00000000e+00
1000 722000 3543000 7.02010000e-06 7.02010000e-06 0.00000000e+00 0.00000000e+00
1000 723000 3543000 5.89900000e-06 5.89900000e-06 0.00000000e+00 0.00000000e+00
1000 724000 3543000 6.15230000e-06 6.15230000e-06 0.00000000e+00 0.00000000e+00
1000 725000 3543000 4.69510000e-06 4.69510000e-06 0.00000000e+00 0.00000000e+00
1000 726000 3543000 5.56260000e-06 5.56260000e-06 0.00000000e+00 0.00000000e+00
1000 727000 3543000 5.64400000e-06 5.64400000e-06 0.00000000e+00 0.00000000e+00
1000 728000 3543000 6.33650000e-06 6.33650000e-06 0.00000000e+00 0.00000000e+00
1000 729000 3543000 5.32210000e-06 5.32210000e-06 0.00000000e+00 0.00000000e+00
1000 730000 3543000 7.44300000e-06 7.44300000e-06 0.00000000e+00 0.00000000e+00
1000 731000 3543000 7.72050000e-06 7.72050000e-06 0.00000000e+00 0.00000000e+00
1000 732000 3543000 7.75210000e-06 7.75210000e-06 0.00000000e+00 0.00000000e+00
1000 733000 3543000 7.76230000e-06 7.76230000e-06 0.00000000e+00 0.00000000e+00
1000 734000 3543000 7.88850000e-06 7.88850000e-06 0.00000000e+00 0.00000000e+00
1000 735000 3543000 7.98290000e-06 7.98290000e-06 0.00000000e+00 0.00000000e+00
1000 736000 3543000 8.14690000e-06 8.14690000e-06 0.00000000e+00 0.00000000e+00
1000 737000 3543000 8.12960000e-06 8.12960000e-06 0.00000000e+00 0.00000000e+00
1000 738000 3543000 8.10460000e-06 8.10460000e-06 0.00000000e+00 0.00000000e+00
1000 739000 3543000 8.07240000e-06 8.07240000e-06 0.00000000e+00 0.00000000e+00
1000 740000 3543000 8.03380000e-06 8.03380000e-06 0.00000000e+00 0.00000000e+00
1000 741000 3543000 7.98980000e-06 7.98980000e-06 0.00000000e+00 0.00000000e+00
1000 742000 3543000 7.94090000e-06 7.94090000e-06 0.00000000e+00 0.00000000e+00
1000 743000 3543000 7.88810000e-06 7.88810000e-06 0.00000000e+00 0.00000000e+00
1000 744000 3543000 7.83210000e-06 7.83210000e-06 0.00000000e+00 0.00000000e+00
1000 745000 3543000 7.77360000e-06 7.77360000e-06 0.00000000e+00 0.00000000e+00
1000 746000 3543000 7.71330000e-06 7.71330000e-06 0.00000000e+00 0.00000000e+00
1000 747000 3543000 7.65190000e-06 7.65190000e-06 0.00000000e+00 0.00000000e+00
1000 748000 3543000 7.59000000e-06 7.59000000e-06 0.00000000e+00 0.00000000e+00
1000 749000 3543000 7.52810000e-06 7.52810000e-06 0.00000000e+00 0.00000000e+00
1000 750000 3543000 7.46670000e-06 7.46670000e-06 0.00000000e+00 0.00000000e+00
1000 650000 3542000 2.58500000e-07 2.58500000e-07 0.00000000e+00 0.00000000e+00
1000 651000 3542000 2.72110000e-07 2.72110000e-07 0.00000000e+00 0.00000000e+00
1000 652000 3542000 2.83490000e-07 2.83490000e-07 0.00000000e+00 0.00000000e+00
1000 653000 3542000 2.92990000e-07 2.92990000e-07 0.00000000e+00 0.00000000e+00
1000 654000 3542000 3.00320000e-07 3.00320000e-07 0.00000000e+00 0.00000000e+00
1000 655000 3542000 3.04990000e-07 3.04990000e-07 0.00000000e+00 0.00000000e+00
1000 656000 3542000 3.06700000e-07 3.06700000e-07 0.00000000e+00 0.00000000e+00
1000 657000 3542000 3.04630000e-07 3.04630000e-07 0.00000000e+00 0.00000000e+00
1000 658000 3542000 2.98320000e-07 2.98320000e-07 0.00000000e+00 0.00000000e+00
1000 659000 3542000 2.87580000e-07 2.87580000e-07 0.00000000e+00 0.00000000e+00
1000 660000 3542000 2.72000000e-07 2.72000000e-07 0.00000000e+00 0.00000000e+00
1000 661000 3542000 2.56750000e-07 2.56750000e-07 0.00000000e+00 0.00000000e+00
1000 662000 3542000 2.42840000e-07 2.42840000e-07 0.00000000e+00 0.00000000e+00
1000 663000 3542000 2.25290000e-07 2.25290000e-07 0.00000000e+00 0.00000000e+00
1000 664000 3542000 2.06680000e-07 2.06680000e-07 0.00000000e+00 0.00000000e+00
1000 665000 3542000 1.90480000e-07 1.90480000e-07 0.00000000e+00 0.00000000e+00
1000 666000 3542000 1.44610000e-07 1.44610000e-07 0.00000000e+00 0.00000000e+00
1000 667000 3542000 1.01060000e-07 1.01060000e-07 0.00000000e+00 0.00000000e+00
1000 668000 3542000 5.41940000e-08 5.41940000e-08 0.00000000e+00 0.00000000e+00
1000 669000 3542000 4.69120000e-08 4.69120000e-08 0.00000000e+00 0.00000000e+00
1000 670000 3542000 6.32840000e-08 6.32840000e-08 0.00000000e+00 0.00000000e+00
1000 671000 3542000 1.00150000e-07 1.00150000e-07 0.00000000e+00 0.00000000e+00
1000 672000 3542000 9.50200000e-08 9.50200000e-08 0.00000000e+00 0.00000000e+00
1000 673000 3542000 1.16350000e-07 1.16350000e-07 0.00000000e+00 0.00000000e+00
1000 674000 3542000 1.26190000e-07 1.26190000e-07 0.00000000e+00 0.00000000e+00
1000 675000 3542000 8.97330000e-08 8.97330000e-08 0.00000000e+00 0.00000000e+00
1000 676000 3542000 9.49020000e-08 9.49020000e-08 0.00000000e+00 0.00000000e+00
1000 677000 3542000 6.40160000e-08 6.40160000e-08 0.00000000e+00 0.00000000e+00
1000 678000 3542000 1.22690000e-07 1.22690000e-07 0.00000000e+00 0.00000000e+00
1000 679000 3542000 2.34020000e-07 2.34020000e-07 0.00000000e+00 0.00000000e+00
1000 680000 3542000 2.89260000e-07 2.89260000e-07 0.00000000e+00 0.00000000e+00
1000 681000 3542000 3.41720000e-07 3.41720000e-07 0.00000000e+00 0.00000000e+00
1000 682000 3542000 3.00700000e-07 3.00700000e-07 0.00000000e+00 0.00000000e+00
1000 683000 3542000 4.62310000e-07 4.62310000e-07 0.00000000e+00 0.00000000e+00
1000 684000 3542000 5.06310000e-07 5.06310000e-07 0.00000000e+00 0.00000000e+00
1000 685000 3542000 7.23980000e-07 7.23980000e-07 0.00000000e+00 0.00000000e+00
1000 686000 3542000 8.65890000e-07 8.65890000e-07 0.00000000e+00 0.00000000e+00
1000 687000 3542000 1.02630000e-06 1.02630000e-06 0.00000000e+00 0.00000000e+00
1000 688000 3542000 9.68350000e-07 9.68350000e-07 0.00000000e+00 0.00000000e+00
1000 689000 3542000 1.20000000e-06 1.20000000e-06 0.00000000e+00 0.00000000e+00
1000 690000 3542000 1.51140000e-06 1.51140000e-06 0.00000000e+00 0.00000000e+00
1000 691000 3542000 1.32670000e-06 1.32670000e-06 0.00000000e+00 0.00000000e+00
1000 692000 3542000 9.09250000e-07 9.09250000e-07 0.00000000e+00 0.00000000e+00
1000 693000 3542000 2.50480000e-07 2.50480000e-07 0.00000000e+00 0.00000000e+00
1000 694000 3542000 3.07910000e-07 3.07910000e-07 0.00000000e+00 0.00000000e+00
1000 695000 3542000 3.89100000e-07 3.89100000e-07 0.00000000e+00 0.00000000e+00
1000 696000 3542000 8.88040000e-07 8.88040000e-07 0.00000000e+00 0.00000000e+00
1000 697000 3542000 3.68180000e-07 3.68180000e-07 0.00000000e+00 0.00000000e+00
1000 698000 3542000 2.91650000e-07 2.91650000e-07 0.00000000e+00 0.00000000e+00
1000 699000 3542000 7.18730000e-07 7.18730000e-07 0.00000000e+00 0.00000000e+00
1000 700000 3542000 9.00390000e-07 9.00390000e-07 0.00000000e+00 0.00000000e+00
1000 701000 3542000 8.92450000e-07 8.92450000e-07 0.00000000e+00 0.00000000e+00
1000 702000 3542000 6.58850000e-07 6.58850000e-07 0.00000000e+00 0.00000000e+00
1000 703000 3542000 1.09220000e-06 1.09220000e-06 0.00000000e+00 0.00000000e+00
1000 704000 3542000 1.83150000e-06 1.83150000e-06 0.00000000e+00 0.00000000e+00
1000 705000 3542000 1.58850000e-06 1.58850000e-06 0.00000000e+00 0.00000000e+00
1000 706000 3542000 1.43740000e-06 1.43740000e-06 0.00000000e+00 0.00000000e+00
1000 707000 3542000 2.02340000e-06 2.02340000e-06 0.00000000e+00 0.00000000e+00
1000 708000 3542000 4.76380000e-06 4.76380000e-06 0.00000000e+00 0.00000000e+00
1000 709000 3542000 2.74680000e-06 2.74680000e-06 0.00000000e+00 0.00000000e+00
1000 710000 3542000 3.80890000e-06 3.80890000e-06 0.00000000e+00 0.00000000e+00
1000 711000 3542000 6.21750000e-06 6.21750000e-06 0.00000000e+00 0.00000000e+00
1000 712000 3542000 6.55330000e-06 6.55330000e-06 0.00000000e+00 0.00000000e+00
1000 713000 3542000 6.84240000e-06 6.84240000e-06 0.00000000e+00 0.00000000e+00
1000 714000 3542000 7.11130000e-06 7.11130000e-06 0.00000000e+00 0.00000000e+00
1000 715000 3542000 7.30050000e-06 7.30050000e-06 0.00000000e+00 0.00000000e+00
1000 716000 3542000 7.57980000e-06 7.57980000e-06 0.00000000e+00 0.00000000e+00
1000 717000 3542000 7.77930000e-06 7.77930000e-06 0.00000000e+00 0.00000000e+00
1000 718000 3542000 7.44690000e-06 7.44690000e-06 0.00000000e+00 0.00000000e+00
1000 719000 3542000 6.70580000e-06 6.70580000e-06 0.00000000e+00 0.00000000e+00
1000 720000 3542000 8.35830000e-06 8.35830000e-06 0.00000000e+00 0.00000000e+00
1000 721000 3542000 7.27060000e-06 7.27060000e-06 0.00000000e+00 0.00000000e+00
1000 722000 3542000 8.61410000e-06 8.61410000e-06 0.00000000e+00 0.00000000e+00
1000 723000 3542000 8.50730000e-06 8.50730000e-06 0.00000000e+00 0.00000000e+00
1000 724000 3542000 7.43140000e-06 7.43140000e-06 0.00000000e+00 0.00000000e+00
1000 725000 3542000 7.56660000e-06 7.56660000e-06 0.00000000e+00 0.00000000e+00
1000 726000 3542000 7.55330000e-06 7.55330000e-06 0.00000000e+00 0.00000000e+00
1000 727000 3542000 7.89160000e-06 7.89160000e-06 0.00000000e+00 0.00000000e+00
1000 728000 3542000 7.16770000e-06 7.16770000e-06 0.00000000e+00 0.00000000e+00
1000 729000 3542000 7.38330000e-06 7.38330000e-06 0.00000000e+00 0.00000000e+00
1000 730000 3542000 7.75430000e-06 7.75430000e-06 0.00000000e+00 0.00000000e+00
1000 731000 3542000 9.79540000e-06 9.79540000e-06 0.00000000e+00 0.00000000e+00
1000 732000 3542000 9.76950000e-06 9.76950000e-06 0.00000000e+00 0.00000000e+00
1000 733000 3542000 9.72060000e-06 9.72060000e-06 0.00000000e+00 0.00000000e+00
1000 734000 3542000 9.82270000e-06 9.82270000e-06 0.00000000e+00 0.00000000e+00
1000 735000 3542000 1.02220000e-05 1.02220000e-05 0.00000000e+00 0.00000000e+00
1000 736000 3542000 1.01940000e-05 1.01940000e-05 0.00000000e+00 0.00000000e+00
1000 737000 3542000 1.01540000e-05 1.01540000e-05 0.00000000e+00 0.00000000e+00
1000 738000 3542000 1.01040000e-05 1.01040000e-05 0.00000000e+00 0.00000000e+00
1000 739000 3542000 1.00430000e-05 1.00430000e-05 0.00000000e+00 0.00000000e+00
1000 740000 3542000 9.97290000e-06 9.97290000e-06 0.00000000e+00 0.00000000e+00
1000 741000 3542000 9.89530000e-06 9.89530000e-06 0.00000000e+00 0.00000000e+00
1000 742000 3542000 9.81110000e-06 9.81110000e-06 0.00000000e+00 0.00000000e+00
1000 743000 3542000 9.72130000e-06 9.72130000e-06 0.00000000e+00 0.00000000e+00
1000 744000 3542000 9.62730000e-06 9.62730000e-06 0.00000000e+00 0.00000000e+00
1000 745000 3542000 9.53000000e-06 9.53000000e-06 0.00000000e+00 0.00000000e+00
1000 746000 3542000 9.43050000e-06 9.43050000e-06 0.00000000e+00 0.00000000e+00
1000 747000 3542000 9.32960000e-06 9.32960000e-06 0.00000000e+00 0.00000000e+00
1000 748000 3542000 9.22830000e-06 9.22830000e-06 0.00000000e+00 0.00000000e+00
1000 749000 3542000 9.12730000e-06 9.12730000e-06 0.00000000e+00 0.00000000e+00
1000 750000 3542000 9.02730000e-06 9.02730000e-06 0.00000000e+00 0.00000000e+00
1000 650000 3541000 2.71260000e-07 2.71260000e-07 0.00000000e+00 0.00000000e+00
1000 651000 3541000 2.85710000e-07 2.85710000e-07 0.00000000e+00 0.00000000e+00
1000 652000 3541000 2.97670000e-07 2.97670000e-07 0.00000000e+00 0.00000000e+00
1000 653000 3541000 3.07340000e-07 3.07340000e-07 0.00000000e+00 0.00000000e+00
1000 654000 3541000 3.14690000e-07 3.14690000e-07 0.00000000e+00 0.00000000e+00
1000 655000 3541000 3.19040000e-07 3.19040000e-07 0.00000000e+00 0.00000000e+00
1000 656000 3541000 3.19680000e-07 3.19680000e-07 0.00000000e+00 0.00000000e+00
1000 657000 3541000 3.16260000e-07 3.16260000e-07 0.00000000e+00 0.00000000e+00
1000 658000 3541000 3.07760000e-07 3.07760000e-07 0.00000000e+00 0.00000000e+00
1000 659000 3541000 2.93990000e-07 2.93990000e-07 0.00000000e+00 0.00000000e+00
1000 660000 3541000 2.74400000e-07 2.74400000e-07 0.00000000e+00 0.00000000e+00
1000 661000 3541000 2.60960000e-07 2.60960000e-07 0.00000000e+00 0.00000000e+00
1000 662000 3541000 2.42090000e-07 2.42090000e-07 0.00000000e+00 0.00000000e+00
1000 663000 3541000 2.18120000e-07 2.18120000e-07 0.00000000e+00 0.00000000e+00
1000 664000 3541000 1.96790000e-07 1.96790000e-07 0.00000000e+00 0.00000000e+00
1000 665000 3541000 1.94530000e-07 1.94530000e-07 0.00000000e+00 0.00000000e+00
1000 666000 3541000 2.07060000e-07 2.07060000e-07 0.00000000e+00 0.00000000e+00
1000 667000 3541000 7.33070000e-08 7.33070000e-08 0.00000000e+00 0.00000000e+00
1000 668000 3541000 3.98870000e-08 3.98870000e-08 0.00000000e+00 0.00000000e+00
1000 669000 3541000 3.28430000e-08 3.28430000e-08 0.00000000e+00 0.00000000e+00
1000 670000 3541000 2.55270000e-08 2.55270000e-08 0.00000000e+00 0.00000000e+00
1000 671000 3541000 5.88100000e-08 5.88100000e-08 0.00000000e+00 0.00000000e+00
1000 672000 3541000 6.64060000e-08 6.64060000e-08 0.00000000e+00 0.00000000e+00
1000 673000 3541000 5.64580000e-08 5.64580000e-08 0.00000000e+00 0.00000000e+00
1000 674000 3541000 6.62660000e-08 6.62660000e-08 0.00000000e+00 0.00000000e+00
1000 675000 3541000 4.96920000e-08 4.96920000e-08 0.00000000e+00 0.00000000e+00
1000 676000 3541000 2.88670000e-08 2.88670000e-08 0.00000000e+00 0.00000000e+00
1000 677000 3541000 5.59360000e-08 5.59360000e-08 0.00000000e+00 0.00000000e+00
1000 678000 3541000 7.01190000e-08 7.01190000e-08 0.00000000e+00 0.00000000e+00
1000 679000 3541000 1.52090000e-07 1.52090000e-07 0.00000000e+00 0.00000000e+00
1000 680000 3541000 1.95620000e-07 1.95620000e-07 0.00000000e+00 0.00000000e+00
1000 681000 3541000 3.11820000e-07 3.11820000e-07 0.00000000e+00 0.00000000e+00
1000 682000 3541000 3.92250000e-07 3.92250000e-07 0.00000000e+00 0.00000000e+00
1000 683000 3541000 3.80640000e-07 3.80640000e-07 0.00000000e+00 0.00000000e+00
1000 684000 3541000 6.58440000e-07 6.58440000e-07 0.00000000e+00 0.00000000e+00
1000 685000 3541000 1.03990000e-06 1.03990000e-06 0.00000000e+00 0.00000000e+00
1000 686000 3541000 1.16160000e-06 1.16160000e-06 0.00000000e+00 0.00000000e+00
1000 687000 3541000 1.27700000e-06 1.27700000e-06 0.00000000e+00 0.00000000e+00
1000 688000 3541000 1.27720000e-06 1.27720000e-06 0.00000000e+00 0.00000000e+00
1000 689000 3541000 1.81810000e-06 1.81810000e-06 0.00000000e+00 0.00000000e+00
1000 690000 3541000 1.83070000e-06 1.83070000e-06 0.00000000e+00 0.00000000e+00
1000 691000 3541000 1.22010000e-06 1.22010000e-06 0.00000000e+00 0.00000000e+00
1000 692000 3541000 1.18530000e-06 1.18530000e-06 0.00000000e+00 0.00000000e+00
1000 693000 3541000 1.58570000e-06 1.58570000e-06 0.00000000e+00 0.00000000e+00
1000 694000 3541000 1.32370000e-06 1.32370000e-06 0.00000000e+00 0.00000000e+00
1000 695000 3541000 1.56130000e-06 1.56130000e-06 0.00000000e+00 0.00000000e+00
1000 696000 3541000 1.84880000e-06 1.84880000e-06 0.00000000e+00 0.00000000e+00
1000 697000 3541000 1.66000000e-06 1.66000000e-06 0.00000000e+00 0.00000000e+00
1000 698000 3541000 5.40730000e-07 5.40730000e-07 0.00000000e+00 0.00000000e+00
1000 699000 3541000 7.44120000e-07 7.44120000e-07 0.00000000e+00 0.00000000e+00
1000 700000 3541000 2.86500000e-07 2.86500000e-07 0.00000000e+00 0.00000000e+00
1000 701000 3541000 1.01090000e-06 1.01090000e-06 0.00000000e+00 0.00000000e+00
1000 702000 3541000 1.42700000e-06 1.42700000e-06 0.00000000e+00 0.00000000e+00
1000 703000 3541000 6.45140000e-07 6.45140000e-07 0.00000000e+00 0.00000000e+00
1000 704000 3541000 1.43240000e-06 1.43240000e-06 0.00000000e+00 0.00000000e+00
1000 705000 3541000 1.57470000e-06 1.57470000e-06 0.00000000e+00 0.00000000e+00
1000 706000 3541000 2.40620000e-06 2.40620000e-06 0.00000000e+00 0.00000000e+00
1000 707000 3541000 2.99670000e-06 2.99670000e-06 0.00000000e+00 0.00000000e+00
1000 708000 3541000 3.47210000e-06 3.47210000e-06 0.00000000e+00 0.00000000e+00
1000 709000 3541000 5.75320000e-06 5.75320000e-06 0.00000000e+00 0.00000000e+00
1000 710000 3541000 2.77330000e-06 2.77330000e-06 0.00000000e+00 0.00000000e+00
1000 711000 3541000 3.16010000e-06 3.16010000e-06 0.00000000e+00 0.00000000e+00
1000 712000 3541000 6.25220000e-06 6.25220000e-06 0.00000000e+00 0.00000000e+00
1000 713000 3541000 5.98950000e-06 5.98950000e-06 0.00000000e+00 0.00000000e+00
1000 714000 3541000 7.17360000e-06 7.17360000e-06 0.00000000e+00 0.00000000e+00
1000 715000 3541000 5.14320000e-06 5.14320000e-06 0.00000000e+00 0.00000000e+00
1000 716000 3541000 6.53540000e-06 6.53540000e-06 0.00000000e+00 0.00000000e+00
1000 717000 3541000 8.02630000e-06 8.02630000e-06 0.00000000e+00 0.00000000e+00
1000 718000 3541000 9.97580000e-06 9.97580000e-06 0.00000000e+00 0.00000000e+00
1000 719000 3541000 1.03300000e-05 1.03300000e-05 0.00000000e+00 0.00000000e+00
1000 720000 3541000 1.02630000e-05 1.02630000e-05 0.00000000e+00 0.00000000e+00
1000 721000 3541000 1.05940000e-05 1.05940000e-05 0.00000000e+00 0.00000000e+00
1000 722000 3541000 1.12680000e-05 1.12680000e-05 0.00000000e+00 0.00000000e+00
1000 723000 3541000 1.10390000e-05 1.10390000e-05 0.00000000e+00 0.00000000e+00
1000 724000 3541000 1.10260000e-05 1.10260000e-05 0.00000000e+00 0.00000000e+00
1000 725000 3541000 1.11710000e-05 1.11710000e-05 0.00000000e+00 0.00000000e+00
1000 726000 3541000 1.06260000e-05 1.06260000e-05 0.00000000e+00 0.00000000e+00
1000 727000 3541000 9.62030000e-06 9.62030000e-06 0.00000000e+00 0.00000000e+00
1000 728000 3541000 8.14720000e-06 8.14720000e-06 0.00000000e+00 0.00000000e+00
1000 729000 3541000 1.10960000e-05 1.10960000e-05 0.00000000e+00 0.00000000e+00
1000 730000 3541000 9.98010000e-06 9.98010000e-06 0.00000000e+00 0.00000000e+00
1000 731000 3541000 1.23560000e-05 1.23560000e-05 0.00000000e+00 0.00000000e+00
1000 732000 3541000 1.24030000e-05 1.24030000e-05 0.00000000e+00 0.00000000e+00
1000 733000 3541000 1.23870000e-05 1.23870000e-05 0.00000000e+00 0.00000000e+00
1000 734000 3541000 1.17600000e-05 1.17600000e-05 0.00000000e+00 0.00000000e+00
1000 735000 3541000 1.29430000e-05 1.29430000e-05 0.00000000e+00 0.00000000e+00
1000 736000 3541000 1.28860000e-05 1.28860000e-05 0.00000000e+00 0.00000000e+00
1000 737000 3541000 1.28120000e-05 1.28120000e-05 0.00000000e+00 0.00000000e+00
1000 738000 3541000 1.27210000e-05 1.27210000e-05 0.00000000e+00 0.00000000e+00
1000 739000 3541000 1.26170000e-05 1.26170000e-05 0.00000000e+00 0.00000000e+00
1000 740000 3541000 1.25000000e-05 1.25000000e-05 0.00000000e+00 0.00000000e+00
1000 741000 3541000 1.23730000e-05 1.23730000e-05 0.00000000e+00 0.00000000e+00
1000 742000 3541000 1.22360000e-05 1.22360000e-05 0.00000000e+00 0.00000000e+00
1000 743000 3541000 1.20920000e-05 1.20920000e-05 0.00000000e+00 0.00000000e+00
1000 744000 3541000 1.19420000e-05 1.19420000e-05 0.00000000e+00 0.00000000e+00
1000 745000 3541000 1.17880000e-05 1.17880000e-05 0.00000000e+00 0.00000000e+00
1000 746000 3541000 1.16320000e-05 1.16320000e-05 0.00000000e+00 0.00000000e+00
1000 747000 3541000 1.14740000e-05 1.14740000e-05 0.00000000e+00 0.00000000e+00
1000 748000 3541000 1.13150000e-05 1.13150000e-05 0.00000000e+00 0.00000000e+00
1000 749000 3541000 1.11580000e-05 1.11580000e-05 0.00000000e+00 0.00000000e+00
1000 750000 3541000 1.10020000e-05 1.10020000e-05 0.00000000e+00 0.00000000e+00
1000 650000 3540000 2.85030000e-07 2.85030000e-07 0.00000000e+00 0.00000000e+00
1000 651000 3540000 3.00230000e-07 3.00230000e-07 0.00000000e+00 0.00000000e+00
1000 652000 3540000 3.12840000e-07 3.12840000e-07 0.00000000e+00 0.00000000e+00
1000 653000 3540000 3.23040000e-07 3.23040000e-07 0.00000000e+00 0.00000000e+00
1000 654000 3540000 3.30430000e-07 3.30430000e-07 0.00000000e+00 0.00000000e+00
1000 655000 3540000 3.34450000e-07 3.34450000e-07 0.00000000e+00 0.00000000e+00
1000 656000 3540000 3.34310000e-07 3.34310000e-07 0.00000000e+00 0.00000000e+00
1000 657000 3540000 3.29440000e-07 3.29440000e-07 0.00000000e+00 0.00000000e+00
1000 658000 3540000 3.18740000e-07 3.18740000e-07 0.00000000e+00 0.00000000e+00
1000 659000 3540000 3.01850000e-07 3.01850000e-07 0.00000000e+00 0.00000000e+00
1000 660000 3540000 2.82770000e-07 2.82770000e-07 0.00000000e+00 0.00000000e+00
1000 661000 3540000 2.65490000e-07 2.65490000e-07 0.00000000e+00 0.00000000e+00
1000 662000 3540000 2.39690000e-07 2.39690000e-07 0.00000000e+00 0.00000000e+00
1000 663000 3540000 2.04570000e-07 2.04570000e-07 0.00000000e+00 0.00000000e+00
1000 664000 3540000 1.77180000e-07 1.77180000e-07 0.00000000e+00 0.00000000e+00
1000 665000 3540000 1.61730000e-07 1.61730000e-07 0.00000000e+00 0.00000000e+00
1000 666000 3540000 1.09980000e-07 1.09980000e-07 0.00000000e+00 0.00000000e+00
1000 667000 3540000 1.02350000e-07 1.02350000e-07 0.00000000e+00 0.00000000e+00
1000 668000 3540000 3.92570000e-08 3.92570000e-08 0.00000000e+00 0.00000000e+00
1000 669000 3540000 2.38250000e-08 2.38250000e-08 0.00000000e+00 0.00000000e+00
1000 670000 3540000 9.84240000e-09 9.84240000e-09 0.00000000e+00 0.00000000e+00
1000 671000 3540000 3.14810000e-08 3.14810000e-08 0.00000000e+00 0.00000000e+00
1000 672000 3540000 2.98300000e-08 2.98300000e-08 0.00000000e+00 0.00000000e+00
1000 673000 3540000 2.11390000e-08 2.11390000e-08 0.00000000e+00 0.00000000e+00
1000 674000 3540000 1.87750000e-08 1.87750000e-08 0.00000000e+00 0.00000000e+00
1000 675000 3540000 1.26540000e-08 1.26540000e-08 0.00000000e+00 0.00000000e+00
1000 676000 3540000 1.43110000e-08 1.43110000e-08 0.00000000e+00 0.00000000e+00
1000 677000 3540000 3.30750000e-08 3.30750000e-08 0.00000000e+00 0.00000000e+00
1000 678000 3540000 7.95010000e-08 7.95010000e-08 0.00000000e+00 0.00000000e+00
1000 679000 3540000 9.97960000e-08 9.97960000e-08 0.00000000e+00 0.00000000e+00
1000 680000 3540000 1.67210000e-07 1.67210000e-07 0.00000000e+00 0.00000000e+00
1000 681000 3540000 3.32180000e-07 3.32180000e-07 0.00000000e+00 0.00000000e+00
1000 682000 3540000 4.24830000e-07 4.24830000e-07 0.00000000e+00 0.00000000e+00
1000 683000 3540000 6.27870000e-07 6.27870000e-07 0.00000000e+00 0.00000000e+00
1000 684000 3540000 8.58580000e-07 8.58580000e-07 0.00000000e+00 0.00000000e+00
1000 685000 3540000 1.22410000e-06 1.22410000e-06 0.00000000e+00 0.00000000e+00
1000 686000 3540000 1.47610000e-06 1.47610000e-06 0.00000000e+00 0.00000000e+00
1000 687000 3540000 1.70040000e-06 1.70040000e-06 0.00000000e+00 0.00000000e+00
1000 688000 3540000 1.62500000e-06 1.62500000e-06 0.00000000e+00 0.00000000e+00
1000 689000 3540000 1.70920000e-06 1.70920000e-06 0.00000000e+00 0.00000000e+00
1000 690000 3540000 2.04650000e-06 2.04650000e-06 0.00000000e+00 0.00000000e+00
1000 691000 3540000 1.08230000e-06 1.08230000e-06 0.00000000e+00 0.00000000e+00
1000 692000 3540000 2.17630000e-06 2.17630000e-06 0.00000000e+00 0.00000000e+00
1000 693000 3540000 2.47930000e-06 2.47930000e-06 0.00000000e+00 0.00000000e+00
1000 694000 3540000 2.88240000e-06 2.88240000e-06 0.00000000e+00 0.00000000e+00
1000 695000 3540000 2.37480000e-06 2.37480000e-06 0.00000000e+00 0.00000000e+00
1000 696000 3540000 2.83070000e-06 2.83070000e-06 0.00000000e+00 0.00000000e+00
1000 697000 3540000 2.62140000e-06 2.62140000e-06 0.00000000e+00 0.00000000e+00
1000 698000 3540000 2.32790000e-06 2.32790000e-06 0.00000000e+00 0.00000000e+00
1000 699000 3540000 1.83650000e-06 1.83650000e-06 0.00000000e+00 0.00000000e+00
1000 700000 3540000 2.43110000e-06 2.43110000e-06 0.00000000e+00 0.00000000e+00
1000 701000 3540000 1.67320000e-06 1.67320000e-06 0.00000000e+00 0.00000000e+00
1000 702000 3540000 1.36090000e-06 1.36090000e-06 0.00000000e+00 0.00000000e+00
1000 703000 3540000 2.11020000e-06 2.11020000e-06 0.00000000e+00 0.00000000e+00
1000 704000 3540000 2.66060000e-06 2.66060000e-06 0.00000000e+00 0.00000000e+00
1000 705000 3540000 3.67110000e-06 3.67110000e-06 0.00000000e+00 0.00000000e+00
1000 706000 3540000 4.21680000e-06 4.21680000e-06 0.00000000e+00 0.00000000e+00
1000 707000 3540000 4.24870000e-06 4.24870000e-06 0.00000000e+00 0.00000000e+00
1000 708000 3540000 3.58250000e-06 3.58250000e-06 0.00000000e+00 0.00000000e+00
1000 709000 3540000 8.37800000e-06 8.37800000e-06 0.00000000e+00 0.00000000e+00
1000 710000 3540000 3.57240000e-06 3.57240000e-06 0.00000000e+00 0.00000000e+00
1000 711000 3540000 3.76370000e-06 3.76370000e-06 0.00000000e+00 0.00000000e+00
1000 712000 3540000 6.29300000e-06 6.29300000e-06 0.00000000e+00 0.00000000e+00
1000 713000 3540000 8.12810000e-06 8.12810000e-06 0.00000000e+00 0.00000000e+00
1000 714000 3540000 8.26260000e-06 8.26260000e-06 0.00000000e+00 0.00000000e+00
1000 715000 3540000 9.31620000e-06 9.31620000e-06 0.00000000e+00 0.00000000e+00
1000 716000 3540000 8.08130000e-06 8.08130000e-06 0.00000000e+00 0.00000000e+00
1000 717000 3540000 1.04410000e-05 1.04410000e-05 0.00000000e+00 0.00000000e+00
1000 718000 3540000 1.12840000e-05 1.12840000e-05 0.00000000e+00 0.00000000e+00
1000 719000 3540000 1.31540000e-05 1.31540000e-05 0.00000000e+00 0.00000000e+00
1000 720000 3540000 1.08610000e-05 1.08610000e-05 0.00000000e+00 0.00000000e+00
1000 721000 3540000 1.22160000e-05 1.22160000e-05 0.00000000e+00 0.00000000e+00
1000 722000 3540000 1.37090000e-05 1.37090000e-05 0.00000000e+00 0.00000000e+00
1000 723000 3540000 1.47370000e-05 1.47370000e-05 0.00000000e+00 0.00000000e+00
1000 724000 3540000 1.43720000e-05 1.43720000e-05 0.00000000e+00 0.00000000e+00
1000 725000 3540000 1.51410000e-05 1.51410000e-05 0.00000000e+00 0.00000000e+00
1000 726000 3540000 1.45600000e-05 1.45600000e-05 0.00000000e+00 0.00000000e+00
1000 727000 3540000 1.36420000e-05 1.36420000e-05 0.00000000e+00 0.00000000e+00
1000 728000 3540000 1.44180000e-05 1.44180000e-05 0.00000000e+00 0.00000000e+00
1000 729000 3540000 1.11760000e-05 1.11760000e-05 0.00000000e+00 0.00000000e+00
1000 730000 3540000 1.14360000e-05 1.14360000e-05 0.00000000e+00 0.00000000e+00
1000 731000 3540000 1.44010000e-05 1.44010000e-05 0.00000000e+00 0.00000000e+00
1000 732000 3540000 1.56660000e-05 1.56660000e-05 0.00000000e+00 0.00000000e+00
1000 733000 3540000 1.59400000e-05 1.59400000e-05 0.00000000e+00 0.00000000e+00
1000 734000 3540000 1.59600000e-05 1.59600000e-05 0.00000000e+00 0.00000000e+00
1000 735000 3540000 1.65390000e-05 1.65390000e-05 0.00000000e+00 0.00000000e+00
1000 736000 3540000 1.64360000e-05 1.64360000e-05 0.00000000e+00 0.00000000e+00
1000 737000 3540000 1.63090000e-05 1.63090000e-05 0.00000000e+00 0.00000000e+00
1000 738000 3540000 1.61600000e-05 1.61600000e-05 0.00000000e+00 0.00000000e+00
1000 739000 3540000 1.59910000e-05 1.59910000e-05 0.00000000e+00 0.00000000e+00
1000 740000 3540000 1.58050000e-05 1.58050000e-05 0.00000000e+00 0.00000000e+00
1000 741000 3540000 1.56040000e-05 1.56040000e-05 0.00000000e+00 0.00000000e+00
1000 742000 3540000 1.53910000e-05 1.53910000e-05 0.00000000e+00 0.00000000e+00
1000 743000 3540000 1.51680000e-05 1.51680000e-05 0.00000000e+00 0.00000000e+00
1000 744000 3540000 1.49370000e-05 1.49370000e-05 0.00000000e+00 0.00000000e+00
1000 745000 3540000 1.47020000e-05 1.47020000e-05 0.00000000e+00 0.00000000e+00
1000 746000 3540000 1.44630000e-05 1.44630000e-05 0.00000000e+00 0.00000000e+00
1000 747000 3540000 1.42230000e-05 1.42230000e-05 0.00000000e+00 0.00000000e+00
1000 748000 3540000 1.39830000e-05 1.39830000e-05 0.00000000e+00 0.00000000e+00
1000 749000 3540000 1.37460000e-05 1.37460000e-05 0.00000000e+00 0.00000000e+00
1000 750000 3540000 1.35110000e-05 1.35110000e-05 0.00000000e+00 0.00000000e+00
1000 650000 3539000 2.99420000e-07 2.99420000e-07 0.00000000e+00 0.00000000e+00
1000 651000 3539000 3.15760000e-07 3.15760000e-07 0.00000000e+00 0.00000000e+00
1000 652000 3539000 3.29250000e-07 3.29250000e-07 0.00000000e+00 0.00000000e+00
1000 653000 3539000 3.39860000e-07 3.39860000e-07 0.00000000e+00 0.00000000e+00
1000 654000 3539000 3.47510000e-07 3.47510000e-07 0.00000000e+00 0.00000000e+00
1000 655000 3539000 3.51570000e-07 3.51570000e-07 0.00000000e+00 0.00000000e+00
1000 656000 3539000 3.50800000e-07 3.50800000e-07 0.00000000e+00 0.00000000e+00
1000 657000 3539000 3.44760000e-07 3.44760000e-07 0.00000000e+00 0.00000000e+00
1000 658000 3539000 3.32080000e-07 3.32080000e-07 0.00000000e+00 0.00000000e+00
1000 659000 3539000 3.12200000e-07 3.12200000e-07 0.00000000e+00 0.00000000e+00
1000 660000 3539000 2.94080000e-07 2.94080000e-07 0.00000000e+00 0.00000000e+00
1000 661000 3539000 2.72860000e-07 2.72860000e-07 0.00000000e+00 0.00000000e+00
1000 662000 3539000 2.40300000e-07 2.40300000e-07 0.00000000e+00 0.00000000e+00
1000 663000 3539000 2.01250000e-07 2.01250000e-07 0.00000000e+00 0.00000000e+00
1000 664000 3539000 1.53200000e-07 1.53200000e-07 0.00000000e+00 0.00000000e+00
1000 665000 3539000 7.94380000e-08 7.94380000e-08 0.00000000e+00 0.00000000e+00
1000 666000 3539000 5.95010000e-08 5.95010000e-08 0.00000000e+00 0.00000000e+00
1000 667000 3539000 9.06770000e-08 9.06770000e-08 0.00000000e+00 0.00000000e+00
1000 668000 3539000 2.74100000e-08 2.74100000e-08 0.00000000e+00 0.00000000e+00
1000 669000 3539000 2.06270000e-08 2.06270000e-08 0.00000000e+00 0.00000000e+00
1000 670000 3539000 2.09220000e-08 2.09220000e-08 0.00000000e+00 0.00000000e+00
1000 671000 3539000 1.72420000e-08 1.72420000e-08 0.00000000e+00 0.00000000e+00
1000 672000 3539000 1.60110000e-09 1.60110000e-09 0.00000000e+00 0.00000000e+00
1000 673000 3539000 2.67040000e-09 2.67040000e-09 0.00000000e+00 0.00000000e+00
1000 674000 3539000 7.45170000e-09 7.45170000e-09 0.00000000e+00 0.00000000e+00
1000 675000 3539000 2.45200000e-09 2.45200000e-09 0.00000000e+00 0.00000000e+00
1000 676000 3539000 2.98270000e-09 2.98270000e-09 0.00000000e+00 0.00000000e+00
1000 677000 3539000 1.73510000e-08 1.73510000e-08 0.00000000e+00 0.00000000e+00
1000 678000 3539000 6.07200000e-08 6.07200000e-08 0.00000000e+00 0.00000000e+00
1000 679000 3539000 1.83420000e-07 1.83420000e-07 0.00000000e+00 0.00000000e+00
1000 680000 3539000 3.71370000e-07 3.71370000e-07 0.00000000e+00 0.00000000e+00
1000 681000 3539000 6.35730000e-07 6.35730000e-07 0.00000000e+00 0.00000000e+00
1000 682000 3539000 9.28070000e-07 9.28070000e-07 0.00000000e+00 0.00000000e+00
1000 683000 3539000 1.24470000e-06 1.24470000e-06 0.00000000e+00 0.00000000e+00
1000 684000 3539000 1.69000000e-06 1.69000000e-06 0.00000000e+00 0.00000000e+00
1000 685000 3539000 1.94670000e-06 1.94670000e-06 0.00000000e+00 0.00000000e+00
1000 686000 3539000 2.15270000e-06 2.15270000e-06 0.00000000e+00 0.00000000e+00
1000 687000 3539000 2.36150000e-06 2.36150000e-06 0.00000000e+00 0.00000000e+00
1000 688000 3539000 2.32180000e-06 2.32180000e-06 0.00000000e+00 0.00000000e+00
1000 689000 3539000 2.32450000e-06 2.32450000e-06 0.00000000e+00 0.00000000e+00
1000 690000 3539000 2.65990000e-06 2.65990000e-06 0.00000000e+00 0.00000000e+00
1000 691000 3539000 3.05400000e-06 3.05400000e-06 0.00000000e+00 0.00000000e+00
1000 692000 3539000 2.74010000e-06 2.74010000e-06 0.00000000e+00 0.00000000e+00
1000 693000 3539000 2.01120000e-06 2.01120000e-06 0.00000000e+00 0.00000000e+00
1000 694000 3539000 3.05520000e-06 3.05520000e-06 0.00000000e+00 0.00000000e+00
1000 695000 3539000 3.49980000e-06 3.49980000e-06 0.00000000e+00 0.00000000e+00
1000 696000 3539000 3.57890000e-06 3.57890000e-06 0.00000000e+00 0.00000000e+00
1000 697000 3539000 4.16690000e-06 4.16690000e-06 0.00000000e+00 0.00000000e+00
1000 698000 3539000 3.88960000e-06 3.88960000e-06 0.00000000e+00 0.00000000e+00
1000 699000 3539000 3.36630000e-06 3.36630000e-06 0.00000000e+00 0.00000000e+00
1000 700000 3539000 4.38170000e-06 4.38170000e-06 0.00000000e+00 0.00000000e+00
1000 701000 3539000 5.00460000e-06 5.00460000e-06 0.00000000e+00 0.00000000e+00
1000 702000 3539000 5.32710000e-06 5.32710000e-06 0.00000000e+00 0.00000000e+00
1000 703000 3539000 4.14950000e-06 4.14950000e-06 0.00000000e+00 0.00000000e+00
1000 704000 3539000 4.75810000e-06 4.75810000e-06 0.00000000e+00 0.00000000e+00
1000 705000 3539000 4.48570000e-06 4.48570000e-06 0.00000000e+00 0.00000000e+00
1000 706000 3539000 5.50750000e-06 5.50750000e-06 0.00000000e+00 0.00000000e+00
1000 707000 3539000 5.29290000e-06 5.29290000e-06 0.00000000e+00 0.00000000e+00
1000 708000 3539000 5.20490000e-06 5.20490000e-06 0.00000000e+00 0.00000000e+00
1000 709000 3539000 5.50280000e-06 5.50280000e-06 0.00000000e+00 0.00000000e+00
1000 710000 3539000 9.08630000e-06 9.08630000e-06 0.00000000e+00 0.00000000e+00
1000 711000 3539000 4.52730000e-06 4.52730000e-06 0.00000000e+00 0.00000000e+00
1000 712000 3539000 6.93970000e-06 6.93970000e-06 0.00000000e+00 0.00000000e+00
1000 713000 3539000 6.43280000e-06 6.43280000e-06 0.00000000e+00 0.00000000e+00
1000 714000 3539000 1.12710000e-05 1.12710000e-05 0.00000000e+00 0.00000000e+00
1000 715000 3539000 1.43810000e-05 1.43810000e-05 0.00000000e+00 0.00000000e+00
1000 716000 3539000 1.22030000e-05 1.22030000e-05 0.00000000e+00 0.00000000e+00
1000 717000 3539000 1.57470000e-05 1.57470000e-05 0.00000000e+00 0.00000000e+00
1000 718000 3539000 1.61140000e-05 1.61140000e-05 0.00000000e+00 0.00000000e+00
1000 719000 3539000 1.24040000e-05 1.24040000e-05 0.00000000e+00 0.00000000e+00
1000 720000 3539000 1.33120000e-05 1.33120000e-05 0.00000000e+00 0.00000000e+00
1000 721000 3539000 1.73290000e-05 1.73290000e-05 0.00000000e+00 0.00000000e+00
1000 722000 3539000 1.43770000e-05 1.43770000e-05 0.00000000e+00 0.00000000e+00
1000 723000 3539000 1.51770000e-05 1.51770000e-05 0.00000000e+00 0.00000000e+00
1000 724000 3539000 1.91870000e-05 1.91870000e-05 0.00000000e+00 0.00000000e+00
1000 725000 3539000 1.98160000e-05 1.98160000e-05 0.00000000e+00 0.00000000e+00
1000 726000 3539000 1.91450000e-05 1.91450000e-05 0.00000000e+00 0.00000000e+00
1000 727000 3539000 2.01320000e-05 2.01320000e-05 0.00000000e+00 0.00000000e+00
1000 728000 3539000 1.90230000e-05 1.90230000e-05 0.00000000e+00 0.00000000e+00
1000 729000 3539000 1.95560000e-05 1.95560000e-05 0.00000000e+00 0.00000000e+00
1000 730000 3539000 2.05640000e-05 2.05640000e-05 0.00000000e+00 0.00000000e+00
1000 731000 3539000 2.01290000e-05 2.01290000e-05 0.00000000e+00 0.00000000e+00
1000 732000 3539000 2.05400000e-05 2.05400000e-05 0.00000000e+00 0.00000000e+00
1000 733000 3539000 2.03710000e-05 2.03710000e-05 0.00000000e+00 0.00000000e+00
1000 734000 3539000 2.10530000e-05 2.10530000e-05 0.00000000e+00 0.00000000e+00
1000 735000 3539000 2.12980000e-05 2.12980000e-05 0.00000000e+00 0.00000000e+00
1000 736000 3539000 2.11260000e-05 2.11260000e-05 0.00000000e+00 0.00000000e+00
1000 737000 3539000 2.09210000e-05 2.09210000e-05 0.00000000e+00 0.00000000e+00
1000 738000 3539000 2.06850000e-05 2.06850000e-05 0.00000000e+00 0.00000000e+00
1000 739000 3539000 2.04210000e-05 2.04210000e-05 0.00000000e+00 0.00000000e+00
1000 740000 3539000 2.01340000e-05 2.01340000e-05 0.00000000e+00 0.00000000e+00
1000 741000 3539000 1.98270000e-05 1.98270000e-05 0.00000000e+00 0.00000000e+00
1000 742000 3539000 1.95040000e-05 1.95040000e-05 0.00000000e+00 0.00000000e+00
1000 743000 3539000 1.91680000e-05 1.91680000e-05 0.00000000e+00 0.00000000e+00
1000 744000 3539000 1.88220000e-05 1.88220000e-05 0.00000000e+00 0.00000000e+00
1000 745000 3539000 1.84700000e-05 1.84700000e-05 0.00000000e+00 0.00000000e+00
1000 746000 3539000 1.81150000e-05 1.81150000e-05 0.00000000e+00 0.00000000e+00
1000 747000 3539000 1.77590000e-05 1.77590000e-05 0.00000000e+00 0.00000000e+00
1000 748000 3539000 1.74040000e-05 1.74040000e-05 0.00000000e+00 0.00000000e+00
1000 749000 3539000 1.70530000e-05 1.70530000e-05 0.00000000e+00 0.00000000e+00
1000 750000 3539000 1.67080000e-05 1.67080000e-05 0.00000000e+00 0.00000000e+00
1000 650000 3538000 3.14770000e-07 3.14770000e-07 0.00000000e+00 0.00000000e+00
1000 651000 3538000 3.32370000e-07 3.32370000e-07 0.00000000e+00 0.00000000e+00
1000 652000 3538000 3.46830000e-07 3.46830000e-07 0.00000000e+00 0.00000000e+00
1000 653000 3538000 3.58290000e-07 3.58290000e-07 0.00000000e+00 0.00000000e+00
1000 654000 3538000 3.66440000e-07 3.66440000e-07 0.00000000e+00 0.00000000e+00
1000 655000 3538000 3.70590000e-07 3.70590000e-07 0.00000000e+00 0.00000000e+00
1000 656000 3538000 3.69600000e-07 3.69600000e-07 0.00000000e+00 0.00000000e+00
1000 657000 3538000 3.62760000e-07 3.62760000e-07 0.00000000e+00 0.00000000e+00
1000 658000 3538000 3.48590000e-07 3.48590000e-07 0.00000000e+00 0.00000000e+00
1000 659000 3538000 3.26500000e-07 3.26500000e-07 0.00000000e+00 0.00000000e+00
1000 660000 3538000 3.09300000e-07 3.09300000e-07 0.00000000e+00 0.00000000e+00
1000 661000 3538000 2.85570000e-07 2.85570000e-07 0.00000000e+00 0.00000000e+00
1000 662000 3538000 2.49530000e-07 2.49530000e-07 0.00000000e+00 0.00000000e+00
1000 663000 3538000 2.10840000e-07 2.10840000e-07 0.00000000e+00 0.00000000e+00
1000 664000 3538000 1.66710000e-07 1.66710000e-07 0.00000000e+00 0.00000000e+00
1000 665000 3538000 1.51930000e-07 1.51930000e-07 0.00000000e+00 0.00000000e+00
1000 666000 3538000 6.33780000e-08 6.33780000e-08 0.00000000e+00 0.00000000e+00
1000 667000 3538000 4.71880000e-08 4.71880000e-08 0.00000000e+00 0.00000000e+00
1000 668000 3538000 1.87030000e-08 1.87030000e-08 0.00000000e+00 0.00000000e+00
1000 669000 3538000 4.53430000e-10 4.53430000e-10 0.00000000e+00 0.00000000e+00
1000 670000 3538000 5.47200000e-09 5.47200000e-09 0.00000000e+00 0.00000000e+00
1000 671000 3538000 2.09940000e-09 2.09940000e-09 0.00000000e+00 0.00000000e+00
1000 672000 3538000 1.73420000e-10 1.73420000e-10 0.00000000e+00 0.00000000e+00
1000 673000 3538000 1.35630000e-10 1.35630000e-10 0.00000000e+00 0.00000000e+00
1000 674000 3538000 8.37910000e-10 8.37910000e-10 0.00000000e+00 0.00000000e+00
1000 675000 3538000 6.28270000e-09 6.28270000e-09 0.00000000e+00 0.00000000e+00
1000 676000 3538000 4.83470000e-08 4.83470000e-08 0.00000000e+00 0.00000000e+00
1000 677000 3538000 1.74650000e-07 1.74650000e-07 0.00000000e+00 0.00000000e+00
1000 678000 3538000 6.38260000e-07 6.38260000e-07 0.00000000e+00 0.00000000e+00
1000 679000 3538000 1.76230000e-06 1.76230000e-06 0.00000000e+00 0.00000000e+00
1000 680000 3538000 3.76250000e-06 3.76250000e-06 0.00000000e+00 0.00000000e+00
1000 681000 3538000 6.26870000e-06 6.26870000e-06 0.00000000e+00 0.00000000e+00
1000 682000 3538000 8.48010000e-06 8.48010000e-06 0.00000000e+00 0.00000000e+00
1000 683000 3538000 9.73970000e-06 9.73970000e-06 0.00000000e+00 0.00000000e+00
1000 684000 3538000 9.75270000e-06 9.75270000e-06 0.00000000e+00 0.00000000e+00
1000 685000 3538000 8.77640000e-06 8.77640000e-06 0.00000000e+00 0.00000000e+00
1000 686000 3538000 7.44920000e-06 7.44920000e-06 0.00000000e+00 0.00000000e+00
1000 687000 3538000 6.05730000e-06 6.05730000e-06 0.00000000e+00 0.00000000e+00
1000 688000 3538000 4.87010000e-06 4.87010000e-06 0.00000000e+00 0.00000000e+00
1000 689000 3538000 4.56370000e-06 4.56370000e-06 0.00000000e+00 0.00000000e+00
1000 690000 3538000 3.66970000e-06 3.66970000e-06 0.00000000e+00 0.00000000e+00
1000 691000 3538000 3.90070000e-06 3.90070000e-06 0.00000000e+00 0.00000000e+00
1000 692000 3538000 3.96760000e-06 3.96760000e-06 0.00000000e+00 0.00000000e+00
1000 693000 3538000 3.70770000e-06 3.70770000e-06 0.00000000e+00 0.00000000e+00
1000 694000 3538000 4.74440000e-06 4.74440000e-06 0.00000000e+00 0.00000000e+00
1000 695000 3538000 4.38740000e-06 4.38740000e-06 0.00000000e+00 0.00000000e+00
1000 696000 3538000 5.47330000e-06 5.47330000e-06 0.00000000e+00 0.00000000e+00
1000 697000 3538000 5.06990000e-06 5.06990000e-06 0.00000000e+00 0.00000000e+00
1000 698000 3538000 5.31160000e-06 5.31160000e-06 0.00000000e+00 0.00000000e+00
1000 699000 3538000 6.39800000e-06 6.39800000e-06 0.00000000e+00 0.00000000e+00
1000 700000 3538000 6.79860000e-06 6.79860000e-06 0.00000000e+00 0.00000000e+00
1000 701000 3538000 4.54570000e-06 4.54570000e-06 0.00000000e+00 0.00000000e+00
1000 702000 3538000 6.93180000e-06 6.93180000e-06 0.00000000e+00 0.00000000e+00
1000 703000 3538000 4.36580000e-06 4.36580000e-06 0.00000000e+00 0.00000000e+00
1000 704000 3538000 6.68180000e-06 6.68180000e-06 0.00000000e+00 0.00000000e+00
1000 705000 3538000 6.21390000e-06 6.21390000e-06 0.00000000e+00 0.00000000e+00
1000 706000 3538000 7.48780000e-06 7.48780000e-06 0.00000000e+00 0.00000000e+00
1000 707000 3538000 7.61180000e-06 7.61180000e-06 0.00000000e+00 0.00000000e+00
1000 708000 3538000 6.46700000e-06 6.46700000e-06 0.00000000e+00 0.00000000e+00
1000 709000 3538000 9.82420000e-06 9.82420000e-06 0.00000000e+00 0.00000000e+00
1000 710000 3538000 9.32680000e-06 9.32680000e-06 0.00000000e+00 0.00000000e+00
1000 711000 3538000 1.57150000e-05 1.57150000e-05 0.00000000e+00 0.00000000e+00
1000 712000 3538000 1.20370000e-05 1.20370000e-05 0.00000000e+00 0.00000000e+00
1000 713000 3538000 1.33860000e-05 1.33860000e-05 0.00000000e+00 0.00000000e+00
1000 714000 3538000 1.68560000e-05 1.68560000e-05 0.00000000e+00 0.00000000e+00
1000 715000 3538000 1.72080000e-05 1.72080000e-05 0.00000000e+00 0.00000000e+00
1000 716000 3538000 1.46910000e-05 1.46910000e-05 0.00000000e+00 0.00000000e+00
1000 717000 3538000 2.03010000e-05 2.03010000e-05 0.00000000e+00 0.00000000e+00
1000 718000 3538000 2.13170000e-05 2.13170000e-05 0.00000000e+00 0.00000000e+00
1000 719000 3538000 1.88370000e-05 1.88370000e-05 0.00000000e+00 0.00000000e+00
1000 720000 3538000 1.91160000e-05 1.91160000e-05 0.00000000e+00 0.00000000e+00
1000 721000 3538000 1.86210000e-05 1.86210000e-05 0.00000000e+00 0.00000000e+00
1000 722000 3538000 2.35940000e-05 2.35940000e-05 0.00000000e+00 0.00000000e+00
1000 723000 3538000 2.44960000e-05 2.44960000e-05 0.00000000e+00 0.00000000e+00
1000 724000 3538000 2.56940000e-05 2.56940000e-05 0.00000000e+00 0.00000000e+00
1000 725000 3538000 2.59850000e-05 2.59850000e-05 0.00000000e+00 0.00000000e+00
1000 726000 3538000 2.65170000e-05 2.65170000e-05 0.00000000e+00 0.00000000e+00
1000 727000 3538000 2.66830000e-05 2.66830000e-05 0.00000000e+00 0.00000000e+00
1000 728000 3538000 2.35720000e-05 2.35720000e-05 0.00000000e+00 0.00000000e+00
1000 729000 3538000 2.65240000e-05 2.65240000e-05 0.00000000e+00 0.00000000e+00
1000 730000 3538000 2.69640000e-05 2.69640000e-05 0.00000000e+00 0.00000000e+00
1000 731000 3538000 2.70380000e-05 2.70380000e-05 0.00000000e+00 0.00000000e+00
1000 732000 3538000 2.65600000e-05 2.65600000e-05 0.00000000e+00 0.00000000e+00
1000 733000 3538000 2.72810000e-05 2.72810000e-05 0.00000000e+00 0.00000000e+00
1000 734000 3538000 2.78210000e-05 2.78210000e-05 0.00000000e+00 0.00000000e+00
1000 735000 3538000 2.76000000e-05 2.76000000e-05 0.00000000e+00 0.00000000e+00
1000 736000 3538000 2.73280000e-05 2.73280000e-05 0.00000000e+00 0.00000000e+00
1000 737000 3538000 2.70070000e-05 2.70070000e-05 0.00000000e+00 0.00000000e+00
1000 738000 3538000 2.66450000e-05 2.66450000e-05 0.00000000e+00 0.00000000e+00
1000 739000 3538000 2.62450000e-05 2.62450000e-05 0.00000000e+00 0.00000000e+00
1000 740000 3538000 2.58130000e-05 2.58130000e-05 0.00000000e+00 0.00000000e+00
1000 741000 3538000 2.53550000e-05 2.53550000e-05 0.00000000e+00 0.00000000e+00
1000 742000 3538000 2.48750000e-05 2.48750000e-05 0.00000000e+00 0.00000000e+00
1000 743000 3538000 2.43780000e-05 2.43780000e-05 0.00000000e+00 0.00000000e+00
1000 744000 3538000 2.38690000e-05 2.38690000e-05 0.00000000e+00 0.00000000e+00
1000 745000 3538000 2.33520000e-05 2.33520000e-05 0.00000000e+00 0.00000000e+00
1000 746000 3538000 2.28330000e-05 2.28330000e-05 0.00000000e+00 0.00000000e+00
1000 747000 3538000 2.23140000e-05 2.23140000e-05 0.00000000e+00 0.00000000e+00
1000 748000 3538000 2.17980000e-05 2.17980000e-05 0.00000000e+00 0.00000000e+00
1000 749000 3538000 2.12890000e-05 2.12890000e-05 0.00000000e+00 0.00000000e+00
1000 750000 3538000 2.07900000e-05 2.07900000e-05 0.00000000e+00 0.00000000e+00
1000 650000 3537000 3.31150000e-07 3.31150000e-07 0.00000000e+00 0.00000000e+00
1000 651000 3537000 3.49940000e-07 3.49940000e-07 0.00000000e+00 0.00000000e+00
1000 652000 3537000 3.65660000e-07 3.65660000e-07 0.00000000e+00 0.00000000e+00
1000 653000 3537000 3.78070000e-07 3.78070000e-07 0.00000000e+00 0.00000000e+00
1000 654000 3537000 3.87020000e-07 3.87020000e-07 0.00000000e+00 0.00000000e+00
1000 655000 3537000 3.91740000e-07 3.91740000e-07 0.00000000e+00 0.00000000e+00
1000 656000 3537000 3.91020000e-07 3.91020000e-07 0.00000000e+00 0.00000000e+00
1000 657000 3537000 3.83820000e-07 3.83820000e-07 0.00000000e+00 0.00000000e+00
1000 658000 3537000 3.69010000e-07 3.69010000e-07 0.00000000e+00 0.00000000e+00
1000 659000 3537000 3.45680000e-07 3.45680000e-07 0.00000000e+00 0.00000000e+00
1000 660000 3537000 3.29670000e-07 3.29670000e-07 0.00000000e+00 0.00000000e+00
1000 661000 3537000 3.05210000e-07 3.05210000e-07 0.00000000e+00 0.00000000e+00
1000 662000 3537000 2.69130000e-07 2.69130000e-07 0.00000000e+00 0.00000000e+00
1000 663000 3537000 2.32340000e-07 2.32340000e-07 0.00000000e+00 0.00000000e+00
1000 664000 3537000 1.89500000e-07 1.89500000e-07 0.00000000e+00 0.00000000e+00
1000 665000 3537000 1.40300000e-07 1.40300000e-07 0.00000000e+00 0.00000000e+00
1000 666000 3537000 1.29420000e-07 1.29420000e-07 0.00000000e+00 0.00000000e+00
1000 667000 3537000 4.73570000e-08 4.73570000e-08 0.00000000e+00 0.00000000e+00
1000 668000 3537000 8.83710000e-09 8.83710000e-09 0.00000000e+00 0.00000000e+00
1000 669000 3537000 2.50490000e-10 2.50490000e-10 0.00000000e+00 0.00000000e+00
1000 670000 3537000 3.55080000e-10 3.55080000e-10 0.00000000e+00 0.00000000e+00
1000 671000 3537000 8.23780000e-10 8.23780000e-10 0.00000000e+00 0.00000000e+00
1000 672000 3537000 3.69730000e-10 3.69730000e-10 0.00000000e+00 0.00000000e+00
1000 673000 3537000 9.45430000e-10 9.45430000e-10 0.00000000e+00 0.00000000e+00
1000 674000 3537000 1.25110000e-08 1.25110000e-08 0.00000000e+00 0.00000000e+00
1000 675000 3537000 1.03170000e-07 1.03170000e-07 0.00000000e+00 0.00000000e+00
1000 676000 3537000 6.50620000e-07 6.50620000e-07 0.00000000e+00 0.00000000e+00
1000 677000 3537000 2.66620000e-06 2.66620000e-06 0.00000000e+00 0.00000000e+00
1000 678000 3537000 9.48900000e-06 9.48900000e-06 0.00000000e+00 0.00000000e+00
1000 679000 3537000 2.56620000e-05 2.56620000e-05 0.00000000e+00 0.00000000e+00
1000 680000 3537000 6.10550000e-05 6.10550000e-05 0.00000000e+00 0.00000000e+00
1000 681000 3537000 9.12920000e-05 9.12920000e-05 0.00000000e+00 0.00000000e+00
1000 682000 3537000 1.01050000e-04 1.01050000e-04 0.00000000e+00 0.00000000e+00
1000 683000 3537000 1.05350000e-04 1.05350000e-04 0.00000000e+00 0.00000000e+00
1000 684000 3537000 9.56130000e-05 9.56130000e-05 0.00000000e+00 0.00000000e+00
1000 685000 3537000 7.67110000e-05 7.67110000e-05 0.00000000e+00 0.00000000e+00
1000 686000 3537000 5.60290000e-05 5.60290000e-05 0.00000000e+00 0.00000000e+00
1000 687000 3537000 3.81910000e-05 3.81910000e-05 0.00000000e+00 0.00000000e+00
1000 688000 3537000 2.39180000e-05 2.39180000e-05 0.00000000e+00 0.00000000e+00
1000 689000 3537000 1.55700000e-05 1.55700000e-05 0.00000000e+00 0.00000000e+00
1000 690000 3537000 9.57910000e-06 9.57910000e-06 0.00000000e+00 0.00000000e+00
1000 691000 3537000 7.19420000e-06 7.19420000e-06 0.00000000e+00 0.00000000e+00
1000 692000 3537000 5.62890000e-06 5.62890000e-06 0.00000000e+00 0.00000000e+00
1000 693000 3537000 6.27930000e-06 6.27930000e-06 0.00000000e+00 0.00000000e+00
1000 694000 3537000 3.93710000e-06 3.93710000e-06 0.00000000e+00 0.00000000e+00
1000 695000 3537000 7.05350000e-06 7.05350000e-06 0.00000000e+00 0.00000000e+00
1000 696000 3537000 5.88170000e-06 5.88170000e-06 0.00000000e+00 0.00000000e+00
1000 697000 3537000 6.65260000e-06 6.65260000e-06 0.00000000e+00 0.00000000e+00
1000 698000 3537000 6.93950000e-06 6.93950000e-06 0.00000000e+00 0.00000000e+00
1000 699000 3537000 7.14540000e-06 7.14540000e-06 0.00000000e+00 0.00000000e+00
1000 700000 3537000 7.51380000e-06 7.51380000e-06 0.00000000e+00 0.00000000e+00
1000 701000 3537000 8.98850000e-06 8.98850000e-06 0.00000000e+00 0.00000000e+00
1000 702000 3537000 7.73320000e-06 7.73320000e-06 0.00000000e+00 0.00000000e+00
1000 703000 3537000 1.05030000e-05 1.05030000e-05 0.00000000e+00 0.00000000e+00
1000 704000 3537000 8.29200000e-06 8.29200000e-06 0.00000000e+00 0.00000000e+00
1000 705000 3537000 9.01280000e-06 9.01280000e-06 0.00000000e+00 0.00000000e+00
1000 706000 3537000 8.42550000e-06 8.42550000e-06 0.00000000e+00 0.00000000e+00
1000 707000 3537000 1.36120000e-05 1.36120000e-05 0.00000000e+00 0.00000000e+00
1000 708000 3537000 1.00130000e-05 1.00130000e-05 0.00000000e+00 0.00000000e+00
1000 709000 3537000 8.71070000e-06 8.71070000e-06 0.00000000e+00 0.00000000e+00
1000 710000 3537000 9.00040000e-06 9.00040000e-06 0.00000000e+00 0.00000000e+00
1000 711000 3537000 1.07320000e-05 1.07320000e-05 0.00000000e+00 0.00000000e+00
1000 712000 3537000 1.52470000e-05 1.52470000e-05 0.00000000e+00 0.00000000e+00
1000 713000 3537000 1.95830000e-05 1.95830000e-05 0.00000000e+00 0.00000000e+00
1000 714000 3537000 2.22230000e-05 2.22230000e-05 0.00000000e+00 0.00000000e+00
1000 715000 3537000 1.92370000e-05 1.92370000e-05 0.00000000e+00 0.00000000e+00
1000 716000 3537000 2.08730000e-05 2.08730000e-05 0.00000000e+00 0.00000000e+00
1000 717000 3537000 2.11620000e-05 2.11620000e-05 0.00000000e+00 0.00000000e+00
1000 718000 3537000 2.78410000e-05 2.78410000e-05 0.00000000e+00 0.00000000e+00
1000 719000 3537000 2.97290000e-05 2.97290000e-05 0.00000000e+00 0.00000000e+00
1000 720000 3537000 2.46930000e-05 2.46930000e-05 0.00000000e+00 0.00000000e+00
1000 721000 3537000 2.98670000e-05 2.98670000e-05 0.00000000e+00 0.00000000e+00
1000 722000 3537000 3.22310000e-05 3.22310000e-05 0.00000000e+00 0.00000000e+00
1000 723000 3537000 3.22420000e-05 3.22420000e-05 0.00000000e+00 0.00000000e+00
1000 724000 3537000 3.27770000e-05 3.27770000e-05 0.00000000e+00 0.00000000e+00
1000 725000 3537000 3.38340000e-05 3.38340000e-05 0.00000000e+00 0.00000000e+00
1000 726000 3537000 3.43360000e-05 3.43360000e-05 0.00000000e+00 0.00000000e+00
1000 727000 3537000 3.54060000e-05 3.54060000e-05 0.00000000e+00 0.00000000e+00
1000 728000 3537000 3.23370000e-05 3.23370000e-05 0.00000000e+00 0.00000000e+00
1000 729000 3537000 3.50530000e-05 3.50530000e-05 0.00000000e+00 0.00000000e+00
1000 730000 3537000 3.55970000e-05 3.55970000e-05 0.00000000e+00 0.00000000e+00
1000 731000 3537000 3.56880000e-05 3.56880000e-05 0.00000000e+00 0.00000000e+00
1000 732000 3537000 3.59320000e-05 3.59320000e-05 0.00000000e+00 0.00000000e+00
1000 733000 3537000 3.55360000e-05 3.55360000e-05 0.00000000e+00 0.00000000e+00
1000 734000 3537000 3.62950000e-05 3.62950000e-05 0.00000000e+00 0.00000000e+00
1000 735000 3537000 3.59460000e-05 3.59460000e-05 0.00000000e+00 0.00000000e+00
1000 736000 3537000 3.55250000e-05 3.55250000e-05 0.00000000e+00 0.00000000e+00
1000 737000 3537000 3.50400000e-05 3.50400000e-05 0.00000000e+00 0.00000000e+00
1000 738000 3537000 3.44960000e-05 3.44960000e-05 0.00000000e+00 0.00000000e+00
1000 739000 3537000 3.39020000e-05 3.39020000e-05 0.00000000e+00 0.00000000e+00
1000 740000 3537000 3.32650000e-05 3.32650000e-05 0.00000000e+00 0.00000000e+00
1000 741000 3537000 3.25910000e-05 3.25910000e-05 0.00000000e+00 0.00000000e+00
1000 742000 3537000 3.18900000e-05 3.18900000e-05 0.00000000e+00 0.00000000e+00
1000 743000 3537000 3.11670000e-05 3.11670000e-05 0.00000000e+00 0.00000000e+00
1000 744000 3537000 3.04300000e-05 3.04300000e-05 0.00000000e+00 0.00000000e+00
1000 745000 3537000 2.96840000e-05 2.96840000e-05 0.00000000e+00 0.00000000e+00
1000 746000 3537000 2.89350000e-05 2.89350000e-05 0.00000000e+00 0.00000000e+00
1000 747000 3537000 2.81890000e-05 2.81890000e-05 0.00000000e+00 0.00000000e+00
1000 748000 3537000 2.74500000e-05 2.74500000e-05 0.00000000e+00 0.00000000e+00
1000 749000 3537000 2.67220000e-05 2.67220000e-05 0.00000000e+00 0.00000000e+00
1000 750000 3537000 2.60090000e-05 2.60090000e-05 0.00000000e+00 0.00000000e+00
1000 650000 3536000 3.48280000e-07 3.48280000e-07 0.00000000e+00 0.00000000e+00
1000 651000 3536000 3.68740000e-07 3.68740000e-07 0.00000000e+00 0.00000000e+00
1000 652000 3536000 3.85650000e-07 3.85650000e-07 0.00000000e+00 0.00000000e+00
1000 653000 3536000 3.99540000e-07 3.99540000e-07 0.00000000e+00 0.00000000e+00
1000 654000 3536000 4.09630000e-07 4.09630000e-07 0.00000000e+00 0.00000000e+00
1000 655000 3536000 4.15280000e-07 4.15280000e-07 0.00000000e+00 0.00000000e+00
1000 656000 3536000 4.15170000e-07 4.15170000e-07 0.00000000e+00 0.00000000e+00
1000 657000 3536000 4.08410000e-07 4.08410000e-07 0.00000000e+00 0.00000000e+00
1000 658000 3536000 3.93490000e-07 3.93490000e-07 0.00000000e+00 0.00000000e+00
1000 659000 3536000 3.70730000e-07 3.70730000e-07 0.00000000e+00 0.00000000e+00
1000 660000 3536000 3.55690000e-07 3.55690000e-07 0.00000000e+00 0.00000000e+00
1000 661000 3536000 3.32430000e-07 3.32430000e-07 0.00000000e+00 0.00000000e+00
1000 662000 3536000 2.98860000e-07 2.98860000e-07 0.00000000e+00 0.00000000e+00
1000 663000 3536000 2.64890000e-07 2.64890000e-07 0.00000000e+00 0.00000000e+00
1000 664000 3536000 2.28790000e-07 2.28790000e-07 0.00000000e+00 0.00000000e+00
1000 665000 3536000 1.87760000e-07 1.87760000e-07 0.00000000e+00 0.00000000e+00
1000 666000 3536000 1.17500000e-07 1.17500000e-07 0.00000000e+00 0.00000000e+00
1000 667000 3536000 5.16000000e-08 5.16000000e-08 0.00000000e+00 0.00000000e+00
1000 668000 3536000 1.68420000e-08 1.68420000e-08 0.00000000e+00 0.00000000e+00
1000 669000 3536000 7.46680000e-10 7.46680000e-10 0.00000000e+00 0.00000000e+00
1000 670000 3536000 1.78440000e-10 1.78440000e-10 0.00000000e+00 0.00000000e+00
1000 671000 3536000 3.73590000e-10 3.73590000e-10 0.00000000e+00 0.00000000e+00
1000 672000 3536000 6.02760000e-10 6.02760000e-10 0.00000000e+00 0.00000000e+00
1000 673000 3536000 8.51300000e-09 8.51300000e-09 0.00000000e+00 0.00000000e+00
1000 674000 3536000 1.07800000e-07 1.07800000e-07 0.00000000e+00 0.00000000e+00
1000 675000 3536000 1.28390000e-06 1.28390000e-06 0.00000000e+00 0.00000000e+00
1000 676000 3536000 1.18440000e-05 1.18440000e-05 0.00000000e+00 0.00000000e+00
1000 677000 3536000 4.74420000e-05 4.74420000e-05 0.00000000e+00 0.00000000e+00
1000 678000 3536000 1.53310000e-04 1.53310000e-04 0.00000000e+00 0.00000000e+00
1000 679000 3536000 3.82560000e-04 3.82560000e-04 0.00000000e+00 0.00000000e+00
1000 680000 3536000 8.51680000e-04 8.51680000e-04 0.00000000e+00 0.00000000e+00
1000 681000 3536000 1.00480000e-03 1.00480000e-03 0.00000000e+00 0.00000000e+00
1000 682000 3536000 1.07780000e-03 1.07780000e-03 0.00000000e+00 0.00000000e+00
1000 683000 3536000 1.01870000e-03 1.01870000e-03 0.00000000e+00 0.00000000e+00
1000 684000 3536000 8.57610000e-04 8.57610000e-04 0.00000000e+00 0.00000000e+00
1000 685000 3536000 6.49750000e-04 6.49750000e-04 0.00000000e+00 0.00000000e+00
1000 686000 3536000 4.51510000e-04 4.51510000e-04 0.00000000e+00 0.00000000e+00
1000 687000 3536000 2.86360000e-04 2.86360000e-04 0.00000000e+00 0.00000000e+00
1000 688000 3536000 1.69590000e-04 1.69590000e-04 0.00000000e+00 0.00000000e+00
1000 689000 3536000 9.34790000e-05 9.34790000e-05 0.00000000e+00 0.00000000e+00
1000 690000 3536000 4.98470000e-05 4.98470000e-05 0.00000000e+00 0.00000000e+00
1000 691000 3536000 2.49650000e-05 2.49650000e-05 0.00000000e+00 0.00000000e+00
1000 692000 3536000 1.38240000e-05 1.38240000e-05 0.00000000e+00 0.00000000e+00
1000 693000 3536000 9.40880000e-06 9.40880000e-06 0.00000000e+00 0.00000000e+00
1000 694000 3536000 7.95110000e-06 7.95110000e-06 0.00000000e+00 0.00000000e+00
1000 695000 3536000 5.59100000e-06 5.59100000e-06 0.00000000e+00 0.00000000e+00
1000 696000 3536000 8.73340000e-06 8.73340000e-06 0.00000000e+00 0.00000000e+00
1000 697000 3536000 1.00130000e-05 1.00130000e-05 0.00000000e+00 0.00000000e+00
1000 698000 3536000 8.38050000e-06 8.38050000e-06 0.00000000e+00 0.00000000e+00
1000 699000 3536000 9.27090000e-06 9.27090000e-06 0.00000000e+00 0.00000000e+00
1000 700000 3536000 1.18530000e-05 1.18530000e-05 0.00000000e+00 0.00000000e+00
1000 701000 3536000 1.26730000e-05 1.26730000e-05 0.00000000e+00 0.00000000e+00
1000 702000 3536000 1.23320000e-05 1.23320000e-05 0.00000000e+00 0.00000000e+00
1000 703000 3536000 1.34680000e-05 1.34680000e-05 0.00000000e+00 0.00000000e+00
1000 704000 3536000 1.60000000e-05 1.60000000e-05 0.00000000e+00 0.00000000e+00
1000 705000 3536000 1.25030000e-05 1.25030000e-05 0.00000000e+00 0.00000000e+00
1000 706000 3536000 1.41490000e-05 1.41490000e-05 0.00000000e+00 0.00000000e+00
1000 707000 3536000 1.93320000e-05 1.93320000e-05 0.00000000e+00 0.00000000e+00
1000 708000 3536000 1.41840000e-05 1.41840000e-05 0.00000000e+00 0.00000000e+00
1000 709000 3536000 1.17600000e-05 1.17600000e-05 0.00000000e+00 0.00000000e+00
1000 710000 3536000 1.29430000e-05 1.29430000e-05 0.00000000e+00 0.00000000e+00
1000 711000 3536000 1.63210000e-05 1.63210000e-05 0.00000000e+00 0.00000000e+00
1000 712000 3536000 2.12680000e-05 2.12680000e-05 0.00000000e+00 0.00000000e+00
1000 713000 3536000 3.06830000e-05 3.06830000e-05 0.00000000e+00 0.00000000e+00
1000 714000 3536000 2.55420000e-05 2.55420000e-05 0.00000000e+00 0.00000000e+00
1000 715000 3536000 2.56880000e-05 2.56880000e-05 0.00000000e+00 0.00000000e+00
1000 716000 3536000 3.40690000e-05 3.40690000e-05 0.00000000e+00 0.00000000e+00
1000 717000 3536000 2.03140000e-05 2.03140000e-05 0.00000000e+00 0.00000000e+00
1000 718000 3536000 3.01440000e-05 3.01440000e-05 0.00000000e+00 0.00000000e+00
1000 719000 3536000 3.79230000e-05 3.79230000e-05 0.00000000e+00 0.00000000e+00
1000 720000 3536000 4.00310000e-05 4.00310000e-05 0.00000000e+00 0.00000000e+00
1000 721000 3536000 4.10390000e-05 4.10390000e-05 0.00000000e+00 0.00000000e+00
1000 722000 3536000 4.02960000e-05 4.02960000e-05 0.00000000e+00 0.00000000e+00
1000 723000 3536000 4.03210000e-05 4.03210000e-05 0.00000000e+00 0.00000000e+00
1000 724000 3536000 4.39120000e-05 4.39120000e-05 0.00000000e+00 0.00000000e+00
1000 725000 3536000 4.53910000e-05 4.53910000e-05 0.00000000e+00 0.00000000e+00
1000 726000 3536000 4.60890000e-05 4.60890000e-05 0.00000000e+00 0.00000000e+00
1000 727000 3536000 4.61090000e-05 4.61090000e-05 0.00000000e+00 0.00000000e+00
1000 728000 3536000 4.65430000e-05 4.65430000e-05 0.00000000e+00 0.00000000e+00
1000 729000 3536000 4.66980000e-05 4.66980000e-05 0.00000000e+00 0.00000000e+00
1000 730000 3536000 4.72820000e-05 4.72820000e-05 0.00000000e+00 0.00000000e+00
1000 731000 3536000 4.67570000e-05 4.67570000e-05 0.00000000e+00 0.00000000e+00
1000 732000 3536000 4.73260000e-05 4.73260000e-05 0.00000000e+00 0.00000000e+00
1000 733000 3536000 4.69110000e-05 4.69110000e-05 0.00000000e+00 0.00000000e+00
1000 734000 3536000 4.75170000e-05 4.75170000e-05 0.00000000e+00 0.00000000e+00
1000 735000 3536000 4.69830000e-05 4.69830000e-05 0.00000000e+00 0.00000000e+00
1000 736000 3536000 4.63510000e-05 4.63510000e-05 0.00000000e+00 0.00000000e+00
1000 737000 3536000 4.56300000e-05 4.56300000e-05 0.00000000e+00 0.00000000e+00
1000 738000 3536000 4.48300000e-05 4.48300000e-05 0.00000000e+00 0.00000000e+00
1000 739000 3536000 4.39610000e-05 4.39610000e-05 0.00000000e+00 0.00000000e+00
1000 740000 3536000 4.30350000e-05 4.30350000e-05 0.00000000e+00 0.00000000e+00
1000 741000 3536000 4.20620000e-05 4.20620000e-05 0.00000000e+00 0.00000000e+00
1000 742000 3536000 4.10510000e-05 4.10510000e-05 0.00000000e+00 0.00000000e+00
1000 743000 3536000 4.00140000e-05 4.00140000e-05 0.00000000e+00 0.00000000e+00
1000 744000 3536000 3.89590000e-05 3.89590000e-05 0.00000000e+00 0.00000000e+00
1000 745000 3536000 3.78940000e-05 3.78940000e-05 0.00000000e+00 0.00000000e+00
1000 746000 3536000 3.68290000e-05 3.68290000e-05 0.00000000e+00 0.00000000e+00
1000 747000 3536000 3.57700000e-05 3.57700000e-05 0.00000000e+00 0.00000000e+00
1000 748000 3536000 3.47230000e-05 3.47230000e-05 0.00000000e+00 0.00000000e+00
1000 749000 3536000 3.36940000e-05 3.36940000e-05 0.00000000e+00 0.00000000e+00
1000 750000 3536000 3.26880000e-05 3.26880000e-05 0.00000000e+00 0.00000000e+00
1000 650000 3535000 3.66150000e-07 3.66150000e-07 0.00000000e+00 0.00000000e+00
1000 651000 3535000 3.88430000e-07 3.88430000e-07 0.00000000e+00 0.00000000e+00
1000 652000 3535000 4.07060000e-07 4.07060000e-07 0.00000000e+00 0.00000000e+00
1000 653000 3535000 4.22390000e-07 4.22390000e-07 0.00000000e+00 0.00000000e+00
1000 654000 3535000 4.33990000e-07 4.33990000e-07 0.00000000e+00 0.00000000e+00
1000 655000 3535000 4.40980000e-07 4.40980000e-07 0.00000000e+00 0.00000000e+00
1000 656000 3535000 4.42140000e-07 4.42140000e-07 0.00000000e+00 0.00000000e+00
1000 657000 3535000 4.36270000e-07 4.36270000e-07 0.00000000e+00 0.00000000e+00
1000 658000 3535000 4.22190000e-07 4.22190000e-07 0.00000000e+00 0.00000000e+00
1000 659000 3535000 4.00590000e-07 4.00590000e-07 0.00000000e+00 0.00000000e+00
1000 660000 3535000 3.87350000e-07 3.87350000e-07 0.00000000e+00 0.00000000e+00
1000 661000 3535000 3.66610000e-07 3.66610000e-07 0.00000000e+00 0.00000000e+00
1000 662000 3535000 3.37900000e-07 3.37900000e-07 0.00000000e+00 0.00000000e+00
1000 663000 3535000 3.07620000e-07 3.07620000e-07 0.00000000e+00 0.00000000e+00
1000 664000 3535000 2.84620000e-07 2.84620000e-07 0.00000000e+00 0.00000000e+00
1000 665000 3535000 2.54570000e-07 2.54570000e-07 0.00000000e+00 0.00000000e+00
1000 666000 3535000 2.04140000e-07 2.04140000e-07 0.00000000e+00 0.00000000e+00
1000 667000 3535000 4.25260000e-08 4.25260000e-08 0.00000000e+00 0.00000000e+00
1000 668000 3535000 1.20420000e-08 1.20420000e-08 0.00000000e+00 0.00000000e+00
1000 669000 3535000 3.25110000e-09 3.25110000e-09 0.00000000e+00 0.00000000e+00
1000 670000 3535000 2.18030000e-09 2.18030000e-09 0.00000000e+00 0.00000000e+00
1000 671000 3535000 1.14680000e-09 1.14680000e-09 0.00000000e+00 0.00000000e+00
1000 672000 3535000 3.08730000e-09 3.08730000e-09 0.00000000e+00 0.00000000e+00
1000 673000 3535000 6.89400000e-08 6.89400000e-08 0.00000000e+00 0.00000000e+00
1000 674000 3535000 9.21130000e-07 9.21130000e-07 0.00000000e+00 0.00000000e+00
1000 675000 3535000 1.33670000e-05 1.33670000e-05 0.00000000e+00 0.00000000e+00
1000 676000 3535000 1.52260000e-04 1.52260000e-04 0.00000000e+00 0.00000000e+00
1000 677000 3535000 9.34010000e-04 9.34010000e-04 0.00000000e+00 0.00000000e+00
1000 678000 3535000 2.59580000e-03 2.59580000e-03 0.00000000e+00 0.00000000e+00
1000 679000 3535000 6.15660000e-03 6.15660000e-03 0.00000000e+00 0.00000000e+00
1000 680000 3535000 1.26200000e-02 1.26200000e-02 0.00000000e+00 0.00000000e+00
1000 681000 3535000 1.09280000e-02 1.09280000e-02 0.00000000e+00 0.00000000e+00
1000 682000 3535000 9.83220000e-03 9.83220000e-03 0.00000000e+00 0.00000000e+00
1000 683000 3535000 8.34960000e-03 8.34960000e-03 0.00000000e+00 0.00000000e+00
1000 684000 3535000 6.42510000e-03 6.42510000e-03 0.00000000e+00 0.00000000e+00
1000 685000 3535000 4.65410000e-03 4.65410000e-03 0.00000000e+00 0.00000000e+00
1000 686000 3535000 3.12680000e-03 3.12680000e-03 0.00000000e+00 0.00000000e+00
1000 687000 3535000 1.92420000e-03 1.92420000e-03 0.00000000e+00 0.00000000e+00
1000 688000 3535000 1.11360000e-03 1.11360000e-03 0.00000000e+00 0.00000000e+00
1000 689000 3535000 6.02590000e-04 6.02590000e-04 0.00000000e+00 0.00000000e+00
1000 690000 3535000 3.04010000e-04 3.04010000e-04 0.00000000e+00 0.00000000e+00
1000 691000 3535000 1.43310000e-04 1.43310000e-04 0.00000000e+00 0.00000000e+00
1000 692000 3535000 6.55570000e-05 6.55570000e-05 0.00000000e+00 0.00000000e+00
1000 693000 3535000 3.12130000e-05 3.12130000e-05 0.00000000e+00 0.00000000e+00
1000 694000 3535000 1.85230000e-05 1.85230000e-05 0.00000000e+00 0.00000000e+00
1000 695000 3535000 1.20800000e-05 1.20800000e-05 0.00000000e+00 0.00000000e+00
1000 696000 3535000 1.23790000e-05 1.23790000e-05 0.00000000e+00 0.00000000e+00
1000 697000 3535000 1.04040000e-05 1.04040000e-05 0.00000000e+00 0.00000000e+00
1000 698000 3535000 1.34360000e-05 1.34360000e-05 0.00000000e+00 0.00000000e+00
1000 699000 3535000 1.50660000e-05 1.50660000e-05 0.00000000e+00 0.00000000e+00
1000 700000 3535000 1.54600000e-05 1.54600000e-05 0.00000000e+00 0.00000000e+00
1000 701000 3535000 1.12090000e-05 1.12090000e-05 0.00000000e+00 0.00000000e+00
1000 702000 3535000 1.33550000e-05 1.33550000e-05 0.00000000e+00 0.00000000e+00
1000 703000 3535000 1.56640000e-05 1.56640000e-05 0.00000000e+00 0.00000000e+00
1000 704000 3535000 1.36710000e-05 1.36710000e-05 0.00000000e+00 0.00000000e+00
1000 705000 3535000 1.24690000e-05 1.24690000e-05 0.00000000e+00 0.00000000e+00
1000 706000 3535000 1.33560000e-05 1.33560000e-05 0.00000000e+00 0.00000000e+00
1000 707000 3535000 1.24860000e-05 1.24860000e-05 0.00000000e+00 0.00000000e+00
1000 708000 3535000 1.20750000e-05 1.20750000e-05 0.00000000e+00 0.00000000e+00
1000 709000 3535000 2.85060000e-05 2.85060000e-05 0.00000000e+00 0.00000000e+00
1000 710000 3535000 1.55090000e-05 1.55090000e-05 0.00000000e+00 0.00000000e+00
1000 711000 3535000 1.80930000e-05 1.80930000e-05 0.00000000e+00 0.00000000e+00
1000 712000 3535000 3.87440000e-05 3.87440000e-05 0.00000000e+00 0.00000000e+00
1000 713000 3535000 2.04830000e-05 2.04830000e-05 0.00000000e+00 0.00000000e+00
1000 714000 3535000 2.05340000e-05 2.05340000e-05 0.00000000e+00 0.00000000e+00
1000 715000 3535000 3.03930000e-05 3.03930000e-05 0.00000000e+00 0.00000000e+00
1000 716000 3535000 2.47130000e-05 2.47130000e-05 0.00000000e+00 0.00000000e+00
1000 717000 3535000 2.61610000e-05 2.61610000e-05 0.00000000e+00 0.00000000e+00
1000 718000 3535000 4.33070000e-05 4.33070000e-05 0.00000000e+00 0.00000000e+00
1000 719000 3535000 4.01900000e-05 4.01900000e-05 0.00000000e+00 0.00000000e+00
1000 720000 3535000 4.39160000e-05 4.39160000e-05 0.00000000e+00 0.00000000e+00
1000 721000 3535000 5.35470000e-05 5.35470000e-05 0.00000000e+00 0.00000000e+00
1000 722000 3535000 5.40270000e-05 5.40270000e-05 0.00000000e+00 0.00000000e+00
1000 723000 3535000 5.45580000e-05 5.45580000e-05 0.00000000e+00 0.00000000e+00
1000 724000 3535000 5.62630000e-05 5.62630000e-05 0.00000000e+00 0.00000000e+00
1000 725000 3535000 5.95720000e-05 5.95720000e-05 0.00000000e+00 0.00000000e+00
1000 726000 3535000 5.45790000e-05 5.45790000e-05 0.00000000e+00 0.00000000e+00
1000 727000 3535000 6.16220000e-05 6.16220000e-05 0.00000000e+00 0.00000000e+00
1000 728000 3535000 6.22100000e-05 6.22100000e-05 0.00000000e+00 0.00000000e+00
1000 729000 3535000 6.19930000e-05 6.19930000e-05 0.00000000e+00 0.00000000e+00
1000 730000 3535000 6.25570000e-05 6.25570000e-05 0.00000000e+00 0.00000000e+00
1000 731000 3535000 6.21340000e-05 6.21340000e-05 0.00000000e+00 0.00000000e+00
1000 732000 3535000 6.25210000e-05 6.25210000e-05 0.00000000e+00 0.00000000e+00
1000 733000 3535000 6.16800000e-05 6.16800000e-05 0.00000000e+00 0.00000000e+00
1000 734000 3535000 6.23510000e-05 6.23510000e-05 0.00000000e+00 0.00000000e+00
1000 735000 3535000 6.15540000e-05 6.15540000e-05 0.00000000e+00 0.00000000e+00
1000 736000 3535000 6.06220000e-05 6.06220000e-05 0.00000000e+00 0.00000000e+00
1000 737000 3535000 5.95700000e-05 5.95700000e-05 0.00000000e+00 0.00000000e+00
1000 738000 3535000 5.84100000e-05 5.84100000e-05 0.00000000e+00 0.00000000e+00
1000 739000 3535000 5.71590000e-05 5.71590000e-05 0.00000000e+00 0.00000000e+00
1000 740000 3535000 5.58310000e-05 5.58310000e-05 0.00000000e+00 0.00000000e+00
1000 741000 3535000 5.44410000e-05 5.44410000e-05 0.00000000e+00 0.00000000e+00
1000 742000 3535000 5.30030000e-05 5.30030000e-05 0.00000000e+00 0.00000000e+00
1000 743000 3535000 5.15310000e-05 5.15310000e-05 0.00000000e+00 0.00000000e+00
1000 744000 3535000 5.00390000e-05 5.00390000e-05 0.00000000e+00 0.00000000e+00
1000 745000 3535000 4.85370000e-05 4.85370000e-05 0.00000000e+00 0.00000000e+00
1000 746000 3535000 4.70380000e-05 4.70380000e-05 0.00000000e+00 0.00000000e+00
1000 747000 3535000 4.55500000e-05 4.55500000e-05 0.00000000e+00 0.00000000e+00
1000 748000 3535000 4.40830000e-05 4.40830000e-05 0.00000000e+00 0.00000000e+00
1000 749000 3535000 4.26430000e-05 4.26430000e-05 0.00000000e+00 0.00000000e+00
1000 750000 3535000 4.12390000e-05 4.12390000e-05 0.00000000e+00 0.00000000e+00
1000 650000 3534000 3.84790000e-07 3.84790000e-07 0.00000000e+00 0.00000000e+00
1000 651000 3534000 4.09020000e-07 4.09020000e-07 0.00000000e+00 0.00000000e+00
1000 652000 3534000 4.29540000e-07 4.29540000e-07 0.00000000e+00 0.00000000e+00
1000 653000 3534000 4.46680000e-07 4.46680000e-07 0.00000000e+00 0.00000000e+00
1000 654000 3534000 4.60250000e-07 4.60250000e-07 0.00000000e+00 0.00000000e+00
1000 655000 3534000 4.68770000e-07 4.68770000e-07 0.00000000e+00 0.00000000e+00
1000 656000 3534000 4.71740000e-07 4.71740000e-07 0.00000000e+00 0.00000000e+00
1000 657000 3534000 4.67250000e-07 4.67250000e-07 0.00000000e+00 0.00000000e+00
1000 658000 3534000 4.54900000e-07 4.54900000e-07 0.00000000e+00 0.00000000e+00
1000 659000 3534000 4.34720000e-07 4.34720000e-07 0.00000000e+00 0.00000000e+00
1000 660000 3534000 4.24030000e-07 4.24030000e-07 0.00000000e+00 0.00000000e+00
1000 661000 3534000 4.06400000e-07 4.06400000e-07 0.00000000e+00 0.00000000e+00
1000 662000 3534000 3.82760000e-07 3.82760000e-07 0.00000000e+00 0.00000000e+00
1000 663000 3534000 3.56340000e-07 3.56340000e-07 0.00000000e+00 0.00000000e+00
1000 664000 3534000 3.46590000e-07 3.46590000e-07 0.00000000e+00 0.00000000e+00
1000 665000 3534000 3.28940000e-07 3.28940000e-07 0.00000000e+00 0.00000000e+00
1000 666000 3534000 3.09340000e-07 3.09340000e-07 0.00000000e+00 0.00000000e+00
1000 667000 3534000 1.11360000e-07 1.11360000e-07 0.00000000e+00 0.00000000e+00
1000 668000 3534000 2.20780000e-08 2.20780000e-08 0.00000000e+00 0.00000000e+00
1000 669000 3534000 1.65790000e-08 1.65790000e-08 0.00000000e+00 0.00000000e+00
1000 670000 3534000 3.19290000e-09 3.19290000e-09 0.00000000e+00 0.00000000e+00
1000 671000 3534000 1.29270000e-09 1.29270000e-09 0.00000000e+00 0.00000000e+00
1000 672000 3534000 1.55870000e-08 1.55870000e-08 0.00000000e+00 0.00000000e+00
1000 673000 3534000 3.28620000e-07 3.28620000e-07 0.00000000e+00 0.00000000e+00
1000 674000 3534000 6.26620000e-06 6.26620000e-06 0.00000000e+00 0.00000000e+00
1000 675000 3534000 1.11830000e-04 1.11830000e-04 0.00000000e+00 0.00000000e+00
1000 676000 3534000 1.45940000e-03 1.45940000e-03 0.00000000e+00 0.00000000e+00
1000 677000 3534000 1.24460000e-02 1.24460000e-02 0.00000000e+00 0.00000000e+00
1000 678000 3534000 4.94900000e-02 4.94900000e-02 0.00000000e+00 0.00000000e+00
1000 679000 3534000 1.24280000e-01 1.24280000e-01 0.00000000e+00 0.00000000e+00
1000 680000 3534000 1.38710000e-01 1.38710000e-01 0.00000000e+00 0.00000000e+00
1000 681000 3534000 9.24230000e-02 9.24230000e-02 0.00000000e+00 0.00000000e+00
1000 682000 3534000 7.49690000e-02 7.49690000e-02 0.00000000e+00 0.00000000e+00
1000 683000 3534000 5.70970000e-02 5.70970000e-02 0.00000000e+00 0.00000000e+00
1000 684000 3534000 4.08270000e-02 4.08270000e-02 0.00000000e+00 0.00000000e+00
1000 685000 3534000 2.67580000e-02 2.67580000e-02 0.00000000e+00 0.00000000e+00
1000 686000 3534000 1.73400000e-02 1.73400000e-02 0.00000000e+00 0.00000000e+00
1000 687000 3534000 1.06780000e-02 1.06780000e-02 0.00000000e+00 0.00000000e+00
1000 688000 3534000 6.19480000e-03 6.19480000e-03 0.00000000e+00 0.00000000e+00
1000 689000 3534000 3.38500000e-03 3.38500000e-03 0.00000000e+00 0.00000000e+00
1000 690000 3534000 1.72330000e-03 1.72330000e-03 0.00000000e+00 0.00000000e+00
1000 691000 3534000 8.19970000e-04 8.19970000e-04 0.00000000e+00 0.00000000e+00
1000 692000 3534000 3.69300000e-04 3.69300000e-04 0.00000000e+00 0.00000000e+00
1000 693000 3534000 1.57290000e-04 1.57290000e-04 0.00000000e+00 0.00000000e+00
1000 694000 3534000 6.56380000e-05 6.56380000e-05 0.00000000e+00 0.00000000e+00
1000 695000 3534000 3.26630000e-05 3.26630000e-05 0.00000000e+00 0.00000000e+00
1000 696000 3534000 2.15150000e-05 2.15150000e-05 0.00000000e+00 0.00000000e+00
1000 697000 3534000 1.60630000e-05 1.60630000e-05 0.00000000e+00 0.00000000e+00
1000 698000 3534000 1.24190000e-05 1.24190000e-05 0.00000000e+00 0.00000000e+00
1000 699000 3534000 1.53950000e-05 1.53950000e-05 0.00000000e+00 0.00000000e+00
1000 700000 3534000 1.44970000e-05 1.44970000e-05 0.00000000e+00 0.00000000e+00
1000 701000 3534000 1.75800000e-05 1.75800000e-05 0.00000000e+00 0.00000000e+00
1000 702000 3534000 2.75340000e-05 2.75340000e-05 0.00000000e+00 0.00000000e+00
1000 703000 3534000 1.82380000e-05 1.82380000e-05 0.00000000e+00 0.00000000e+00
1000 704000 3534000 1.67910000e-05 1.67910000e-05 0.00000000e+00 0.00000000e+00
1000 705000 3534000 1.85030000e-05 1.85030000e-05 0.00000000e+00 0.00000000e+00
1000 706000 3534000 2.01510000e-05 2.01510000e-05 0.00000000e+00 0.00000000e+00
1000 707000 3534000 1.96180000e-05 1.96180000e-05 0.00000000e+00 0.00000000e+00
1000 708000 3534000 2.14630000e-05 2.14630000e-05 0.00000000e+00 0.00000000e+00
1000 709000 3534000 2.67540000e-05 2.67540000e-05 0.00000000e+00 0.00000000e+00
1000 710000 3534000 2.50170000e-05 2.50170000e-05 0.00000000e+00 0.00000000e+00
1000 711000 3534000 2.54170000e-05 2.54170000e-05 0.00000000e+00 0.00000000e+00
1000 712000 3534000 3.73110000e-05 3.73110000e-05 0.00000000e+00 0.00000000e+00
1000 713000 3534000 4.86640000e-05 4.86640000e-05 0.00000000e+00 0.00000000e+00
1000 714000 3534000 2.15760000e-05 2.15760000e-05 0.00000000e+00 0.00000000e+00
1000 715000 3534000 1.75450000e-05 1.75450000e-05 0.00000000e+00 0.00000000e+00
1000 716000 3534000 2.05640000e-05 2.05640000e-05 0.00000000e+00 0.00000000e+00
1000 717000 3534000 2.79250000e-05 2.79250000e-05 0.00000000e+00 0.00000000e+00
1000 718000 3534000 5.08610000e-05 5.08610000e-05 0.00000000e+00 0.00000000e+00
1000 719000 3534000 4.73940000e-05 4.73940000e-05 0.00000000e+00 0.00000000e+00
1000 720000 3534000 6.55890000e-05 6.55890000e-05 0.00000000e+00 0.00000000e+00
1000 721000 3534000 6.81210000e-05 6.81210000e-05 0.00000000e+00 0.00000000e+00
1000 722000 3534000 5.80690000e-05 5.80690000e-05 0.00000000e+00 0.00000000e+00
1000 723000 3534000 7.30400000e-05 7.30400000e-05 0.00000000e+00 0.00000000e+00
1000 724000 3534000 6.77470000e-05 6.77470000e-05 0.00000000e+00 0.00000000e+00
1000 725000 3534000 7.59190000e-05 7.59190000e-05 0.00000000e+00 0.00000000e+00
1000 726000 3534000 7.93710000e-05 7.93710000e-05 0.00000000e+00 0.00000000e+00
1000 727000 3534000 8.17220000e-05 8.17220000e-05 0.00000000e+00 0.00000000e+00
1000 728000 3534000 8.21450000e-05 8.21450000e-05 0.00000000e+00 0.00000000e+00
1000 729000 3534000 8.23600000e-05 8.23600000e-05 0.00000000e+00 0.00000000e+00
1000 730000 3534000 8.24030000e-05 8.24030000e-05 0.00000000e+00 0.00000000e+00
1000 731000 3534000 8.25170000e-05 8.25170000e-05 0.00000000e+00 0.00000000e+00
1000 732000 3534000 8.24520000e-05 8.24520000e-05 0.00000000e+00 0.00000000e+00
1000 733000 3534000 8.27700000e-05 8.27700000e-05 0.00000000e+00 0.00000000e+00
1000 734000 3534000 8.17710000e-05 8.17710000e-05 0.00000000e+00 0.00000000e+00
1000 735000 3534000 8.07390000e-05 8.07390000e-05 0.00000000e+00 0.00000000e+00
1000 736000 3534000 7.93880000e-05 7.93880000e-05 0.00000000e+00 0.00000000e+00
1000 737000 3534000 7.78740000e-05 7.78740000e-05 0.00000000e+00 0.00000000e+00
1000 738000 3534000 7.62170000e-05 7.62170000e-05 0.00000000e+00 0.00000000e+00
1000 739000 3534000 7.44370000e-05 7.44370000e-05 0.00000000e+00 0.00000000e+00
1000 740000 3534000 7.25550000e-05 7.25550000e-05 0.00000000e+00 0.00000000e+00
1000 741000 3534000 7.05930000e-05 7.05930000e-05 0.00000000e+00 0.00000000e+00
1000 742000 3534000 6.85690000e-05 6.85690000e-05 0.00000000e+00 0.00000000e+00
1000 743000 3534000 6.65040000e-05 6.65040000e-05 0.00000000e+00 0.00000000e+00
1000 744000 3534000 6.44140000e-05 6.44140000e-05 0.00000000e+00 0.00000000e+00
1000 745000 3534000 6.23160000e-05 6.23160000e-05 0.00000000e+00 0.00000000e+00
1000 746000 3534000 6.02260000e-05 6.02260000e-05 0.00000000e+00 0.00000000e+00
1000 747000 3534000 5.81560000e-05 5.81560000e-05 0.00000000e+00 0.00000000e+00
1000 748000 3534000 5.61190000e-05 5.61190000e-05 0.00000000e+00 0.00000000e+00
1000 749000 3534000 5.41240000e-05 5.41240000e-05 0.00000000e+00 0.00000000e+00
1000 750000 3534000 5.21800000e-05 5.21800000e-05 0.00000000e+00 0.00000000e+00
1000 650000 3533000 4.04400000e-07 4.04400000e-07 0.00000000e+00 0.00000000e+00
1000 651000 3533000 4.30760000e-07 4.30760000e-07 0.00000000e+00 0.00000000e+00
1000 652000 3533000 4.53340000e-07 4.53340000e-07 0.00000000e+00 0.00000000e+00
1000 653000 3533000 4.72490000e-07 4.72490000e-07 0.00000000e+00 0.00000000e+00
1000 654000 3533000 4.87990000e-07 4.87990000e-07 0.00000000e+00 0.00000000e+00
1000 655000 3533000 4.98830000e-07 4.98830000e-07 0.00000000e+00 0.00000000e+00
1000 656000 3533000 5.03910000e-07 5.03910000e-07 0.00000000e+00 0.00000000e+00
1000 657000 3533000 5.01440000e-07 5.01440000e-07 0.00000000e+00 0.00000000e+00
1000 658000 3533000 4.90920000e-07 4.90920000e-07 0.00000000e+00 0.00000000e+00
1000 659000 3533000 4.72620000e-07 4.72620000e-07 0.00000000e+00 0.00000000e+00
1000 660000 3533000 4.64910000e-07 4.64910000e-07 0.00000000e+00 0.00000000e+00
1000 661000 3533000 4.50310000e-07 4.50310000e-07 0.00000000e+00 0.00000000e+00
1000 662000 3533000 4.29470000e-07 4.29470000e-07 0.00000000e+00 0.00000000e+00
1000 663000 3533000 4.04260000e-07 4.04260000e-07 0.00000000e+00 0.00000000e+00
1000 664000 3533000 3.93350000e-07 3.93350000e-07 0.00000000e+00 0.00000000e+00
1000 665000 3533000 3.84540000e-07 3.84540000e-07 0.00000000e+00 0.00000000e+00
1000 666000 3533000 1.89820000e-07 1.89820000e-07 0.00000000e+00 0.00000000e+00
1000 667000 3533000 1.27970000e-07 1.27970000e-07 0.00000000e+00 0.00000000e+00
1000 668000 3533000 1.22290000e-07 1.22290000e-07 0.00000000e+00 0.00000000e+00
1000 669000 3533000 3.16330000e-08 3.16330000e-08 0.00000000e+00 0.00000000e+00
1000 670000 3533000 1.27640000e-08 1.27640000e-08 0.00000000e+00 0.00000000e+00
1000 671000 3533000 3.31660000e-09 3.31660000e-09 0.00000000e+00 0.00000000e+00
1000 672000 3533000 6.22410000e-08 6.22410000e-08 0.00000000e+00 0.00000000e+00
1000 673000 3533000 1.37790000e-06 1.37790000e-06 0.00000000e+00 0.00000000e+00
1000 674000 3533000 2.92450000e-05 2.92450000e-05 0.00000000e+00 0.00000000e+00
1000 675000 3533000 6.05720000e-04 6.05720000e-04 0.00000000e+00 0.00000000e+00
1000 676000 3533000 8.81920000e-03 8.81920000e-03 0.00000000e+00 0.00000000e+00
1000 677000 3533000 1.49990000e-01 1.49990000e-01 0.00000000e+00 0.00000000e+00
1000 678000 3533000 2.72080000e+00 2.72080000e+00 0.00000000e+00 0.00000000e+00
1000 679000 3533000 3.08320000e+00 3.08320000e+00 0.00000000e+00 0.00000000e+00
1000 680000 3533000 1.41400000e+00 1.41400000e+00 0.00000000e+00 0.00000000e+00
1000 681000 3533000 7.78210000e-01 7.78210000e-01 0.00000000e+00 0.00000000e+00
1000 682000 3533000 4.91220000e-01 4.91220000e-01 0.00000000e+00 0.00000000e+00
1000 683000 3533000 3.15180000e-01 3.15180000e-01 0.00000000e+00 0.00000000e+00
1000 684000 3533000 2.03560000e-01 2.03560000e-01 0.00000000e+00 0.00000000e+00
1000 685000 3533000 1.29170000e-01 1.29170000e-01 0.00000000e+00 0.00000000e+00
1000 686000 3533000 8.09230000e-02 8.09230000e-02 0.00000000e+00 0.00000000e+00
1000 687000 3533000 4.91210000e-02 4.91210000e-02 0.00000000e+00 0.00000000e+00
1000 688000 3533000 2.86860000e-02 2.86860000e-02 0.00000000e+00 0.00000000e+00
1000 689000 3533000 1.59270000e-02 1.59270000e-02 0.00000000e+00 0.00000000e+00
1000 690000 3533000 8.30250000e-03 8.30250000e-03 0.00000000e+00 0.00000000e+00
1000 691000 3533000 4.07500000e-03 4.07500000e-03 0.00000000e+00 0.00000000e+00
1000 692000 3533000 1.87080000e-03 1.87080000e-03 0.00000000e+00 0.00000000e+00
1000 693000 3533000 8.10950000e-04 8.10950000e-04 0.00000000e+00 0.00000000e+00
1000 694000 3533000 3.32550000e-04 3.32550000e-04 0.00000000e+00 0.00000000e+00
1000 695000 3533000 1.28940000e-04 1.28940000e-04 0.00000000e+00 0.00000000e+00
1000 696000 3533000 6.20610000e-05 6.20610000e-05 0.00000000e+00 0.00000000e+00
1000 697000 3533000 3.62600000e-05 3.62600000e-05 0.00000000e+00 0.00000000e+00
1000 698000 3533000 2.65780000e-05 2.65780000e-05 0.00000000e+00 0.00000000e+00
1000 699000 3533000 2.15340000e-05 2.15340000e-05 0.00000000e+00 0.00000000e+00
1000 700000 3533000 9.63200000e-06 9.63200000e-06 0.00000000e+00 0.00000000e+00
1000 701000 3533000 1.92660000e-05 1.92660000e-05 0.00000000e+00 0.00000000e+00
1000 702000 3533000 2.51700000e-05 2.51700000e-05 0.00000000e+00 0.00000000e+00
1000 703000 3533000 1.46880000e-05 1.46880000e-05 0.00000000e+00 0.00000000e+00
1000 704000 3533000 1.42050000e-05 1.42050000e-05 0.00000000e+00 0.00000000e+00
1000 705000 3533000 1.91830000e-05 1.91830000e-05 0.00000000e+00 0.00000000e+00
1000 706000 3533000 2.75930000e-05 2.75930000e-05 0.00000000e+00 0.00000000e+00
1000 707000 3533000 1.94920000e-05 1.94920000e-05 0.00000000e+00 0.00000000e+00
1000 708000 3533000 2.32160000e-05 2.32160000e-05 0.00000000e+00 0.00000000e+00
1000 709000 3533000 2.13890000e-05 2.13890000e-05 0.00000000e+00 0.00000000e+00
1000 710000 3533000 2.64630000e-05 2.64630000e-05 0.00000000e+00 0.00000000e+00
1000 711000 3533000 4.57500000e-05 4.57500000e-05 0.00000000e+00 0.00000000e+00
1000 712000 3533000 6.14230000e-05 6.14230000e-05 0.00000000e+00 0.00000000e+00
1000 713000 3533000 3.19730000e-05 3.19730000e-05 0.00000000e+00 0.00000000e+00
1000 714000 3533000 4.40050000e-05 4.40050000e-05 0.00000000e+00 0.00000000e+00
1000 715000 3533000 2.63270000e-05 2.63270000e-05 0.00000000e+00 0.00000000e+00
1000 716000 3533000 2.01110000e-05 2.01110000e-05 0.00000000e+00 0.00000000e+00
1000 717000 3533000 2.44790000e-05 2.44790000e-05 0.00000000e+00 0.00000000e+00
1000 718000 3533000 3.59900000e-05 3.59900000e-05 0.00000000e+00 0.00000000e+00
1000 719000 3533000 4.72250000e-05 4.72250000e-05 0.00000000e+00 0.00000000e+00
1000 720000 3533000 7.90520000e-05 7.90520000e-05 0.00000000e+00 0.00000000e+00
1000 721000 3533000 7.80010000e-05 7.80010000e-05 0.00000000e+00 0.00000000e+00
1000 722000 3533000 8.24580000e-05 8.24580000e-05 0.00000000e+00 0.00000000e+00
1000 723000 3533000 9.21930000e-05 9.21930000e-05 0.00000000e+00 0.00000000e+00
1000 724000 3533000 9.83060000e-05 9.83060000e-05 0.00000000e+00 0.00000000e+00
1000 725000 3533000 9.92830000e-05 9.92830000e-05 0.00000000e+00 0.00000000e+00
1000 726000 3533000 1.05580000e-04 1.05580000e-04 0.00000000e+00 0.00000000e+00
1000 727000 3533000 1.06430000e-04 1.06430000e-04 0.00000000e+00 0.00000000e+00
1000 728000 3533000 1.08890000e-04 1.08890000e-04 0.00000000e+00 0.00000000e+00
1000 729000 3533000 1.08960000e-04 1.08960000e-04 0.00000000e+00 0.00000000e+00
1000 730000 3533000 1.09290000e-04 1.09290000e-04 0.00000000e+00 0.00000000e+00
1000 731000 3533000 1.09080000e-04 1.09080000e-04 0.00000000e+00 0.00000000e+00
1000 732000 3533000 1.08820000e-04 1.08820000e-04 0.00000000e+00 0.00000000e+00
1000 733000 3533000 1.08350000e-04 1.08350000e-04 0.00000000e+00 0.00000000e+00
1000 734000 3533000 1.07610000e-04 1.07610000e-04 0.00000000e+00 0.00000000e+00
1000 735000 3533000 1.05920000e-04 1.05920000e-04 0.00000000e+00 0.00000000e+00
1000 736000 3533000 1.03990000e-04 1.03990000e-04 0.00000000e+00 0.00000000e+00
1000 737000 3533000 1.01840000e-04 1.01840000e-04 0.00000000e+00 0.00000000e+00
1000 738000 3533000 9.95010000e-05 9.95010000e-05 0.00000000e+00 0.00000000e+00
1000 739000 3533000 9.69970000e-05 9.69970000e-05 0.00000000e+00 0.00000000e+00
1000 740000 3533000 9.43600000e-05 9.43600000e-05 0.00000000e+00 0.00000000e+00
1000 741000 3533000 9.16180000e-05 9.16180000e-05 0.00000000e+00 0.00000000e+00
1000 742000 3533000 8.87980000e-05 8.87980000e-05 0.00000000e+00 0.00000000e+00
1000 743000 3533000 8.59260000e-05 8.59260000e-05 0.00000000e+00 0.00000000e+00
1000 744000 3533000 8.30270000e-05 8.30270000e-05 0.00000000e+00 0.00000000e+00
1000 745000 3533000 8.01230000e-05 8.01230000e-05 0.00000000e+00 0.00000000e+00
1000 746000 3533000 7.72350000e-05 7.72350000e-05 0.00000000e+00 0.00000000e+00
1000 747000 3533000 7.43810000e-05 7.43810000e-05 0.00000000e+00 0.00000000e+00
1000 748000 3533000 7.15770000e-05 7.15770000e-05 0.00000000e+00 0.00000000e+00
1000 749000 3533000 6.88350000e-05 6.88350000e-05 0.00000000e+00 0.00000000e+00
1000 750000 3533000 6.61680000e-05 6.61680000e-05 0.00000000e+00 0.00000000e+00
1000 650000 3532000 4.24570000e-07 4.24570000e-07 0.00000000e+00 0.00000000e+00
1000 651000 3532000 4.53210000e-07 4.53210000e-07 0.00000000e+00 0.00000000e+00
1000 652000 3532000 4.78270000e-07 4.78270000e-07 0.00000000e+00 0.00000000e+00
1000 653000 3532000 4.99900000e-07 4.99900000e-07 0.00000000e+00 0.00000000e+00
1000 654000 3532000 5.17860000e-07 5.17860000e-07 0.00000000e+00 0.00000000e+00
1000 655000 3532000 5.31040000e-07 5.31040000e-07 0.00000000e+00 0.00000000e+00
1000 656000 3532000 5.38230000e-07 5.38230000e-07 0.00000000e+00 0.00000000e+00
1000 657000 3532000 5.38150000e-07 5.38150000e-07 0.00000000e+00 0.00000000e+00
1000 658000 3532000 5.29890000e-07 5.29890000e-07 0.00000000e+00 0.00000000e+00
1000 659000 3532000 5.14230000e-07 5.14230000e-07 0.00000000e+00 0.00000000e+00
1000 660000 3532000 5.09420000e-07 5.09420000e-07 0.00000000e+00 0.00000000e+00
1000 661000 3532000 4.97900000e-07 4.97900000e-07 0.00000000e+00 0.00000000e+00
1000 662000 3532000 4.77960000e-07 4.77960000e-07 0.00000000e+00 0.00000000e+00
1000 663000 3532000 4.47270000e-07 4.47270000e-07 0.00000000e+00 0.00000000e+00
1000 664000 3532000 4.21870000e-07 4.21870000e-07 0.00000000e+00 0.00000000e+00
1000 665000 3532000 3.72450000e-07 3.72450000e-07 0.00000000e+00 0.00000000e+00
1000 666000 3532000 3.88220000e-07 3.88220000e-07 0.00000000e+00 0.00000000e+00
1000 667000 3532000 3.67290000e-07 3.67290000e-07 0.00000000e+00 0.00000000e+00
1000 668000 3532000 2.29710000e-07 2.29710000e-07 0.00000000e+00 0.00000000e+00
1000 669000 3532000 2.96830000e-08 2.96830000e-08 0.00000000e+00 0.00000000e+00
1000 670000 3532000 4.92950000e-08 4.92950000e-08 0.00000000e+00 0.00000000e+00
1000 671000 3532000 1.39300000e-08 1.39300000e-08 0.00000000e+00 0.00000000e+00
1000 672000 3532000 1.90070000e-07 1.90070000e-07 0.00000000e+00 0.00000000e+00
1000 673000 3532000 4.18690000e-06 4.18690000e-06 0.00000000e+00 0.00000000e+00
1000 674000 3532000 9.24540000e-05 9.24540000e-05 0.00000000e+00 0.00000000e+00
1000 675000 3532000 2.03380000e-03 2.03380000e-03 0.00000000e+00 0.00000000e+00
1000 676000 3532000 4.51480000e-02 4.51480000e-02 0.00000000e+00 0.00000000e+00
1000 677000 3532000 2.73740000e+00 2.73740000e+00 0.00000000e+00 0.00000000e+00
1000 678000 3532000 1.17420000e+03 1.17420000e+03 0.00000000e+00 0.00000000e+00
1000 679000 3532000 8.71860000e+01 8.71860000e+01 0.00000000e+00 0.00000000e+00
1000 680000 3532000 1.48660000e+01 1.48660000e+01 0.00000000e+00 0.00000000e+00
1000 681000 3532000 5.88280000e+00 5.88280000e+00 0.00000000e+00 0.00000000e+00
1000 682000 3532000 2.60540000e+00 2.60540000e+00 0.00000000e+00 0.00000000e+00
1000 683000 3532000 1.42630000e+00 1.42630000e+00 0.00000000e+00 0.00000000e+00
1000 684000 3532000 8.42490000e-01 8.42490000e-01 0.00000000e+00 0.00000000e+00
1000 685000 3532000 5.06290000e-01 5.06290000e-01 0.00000000e+00 0.00000000e+00
1000 686000 3532000 3.10010000e-01 3.10010000e-01 0.00000000e+00 0.00000000e+00
1000 687000 3532000 1.87870000e-01 1.87870000e-01 0.00000000e+00 0.00000000e+00
1000 688000 3532000 1.10540000e-01 1.10540000e-01 0.00000000e+00 0.00000000e+00
1000 689000 3532000 6.25190000e-02 6.25190000e-02 0.00000000e+00 0.00000000e+00
1000 690000 3532000 3.36550000e-02 3.36550000e-02 0.00000000e+00 0.00000000e+00
1000 691000 3532000 1.70800000e-02 1.70800000e-02 0.00000000e+00 0.00000000e+00
1000 692000 3532000 8.17430000e-03 8.17430000e-03 0.00000000e+00 0.00000000e+00
1000 693000 3532000 3.71750000e-03 3.71750000e-03 0.00000000e+00 0.00000000e+00
1000 694000 3532000 1.59920000e-03 1.59920000e-03 0.00000000e+00 0.00000000e+00
1000 695000 3532000 6.65830000e-04 6.65830000e-04 0.00000000e+00 0.00000000e+00
1000 696000 3532000 2.76530000e-04 2.76530000e-04 0.00000000e+00 0.00000000e+00
1000 697000 3532000 1.10930000e-04 1.10930000e-04 0.00000000e+00 0.00000000e+00
1000 698000 3532000 6.05740000e-05 6.05740000e-05 0.00000000e+00 0.00000000e+00
1000 699000 3532000 4.02210000e-05 4.02210000e-05 0.00000000e+00 0.00000000e+00
1000 700000 3532000 2.37310000e-05 2.37310000e-05 0.00000000e+00 0.00000000e+00
1000 701000 3532000 3.11140000e-05 3.11140000e-05 0.00000000e+00 0.00000000e+00
1000 702000 3532000 3.24190000e-05 3.24190000e-05 0.00000000e+00 0.00000000e+00
1000 703000 3532000 1.69980000e-05 1.69980000e-05 0.00000000e+00 0.00000000e+00
1000 704000 3532000 1.75540000e-05 1.75540000e-05 0.00000000e+00 0.00000000e+00
1000 705000 3532000 2.00830000e-05 2.00830000e-05 0.00000000e+00 0.00000000e+00
1000 706000 3532000 3.28440000e-05 3.28440000e-05 0.00000000e+00 0.00000000e+00
1000 707000 3532000 2.33480000e-05 2.33480000e-05 0.00000000e+00 0.00000000e+00
1000 708000 3532000 2.46480000e-05 2.46480000e-05 0.00000000e+00 0.00000000e+00
1000 709000 3532000 3.42650000e-05 3.42650000e-05 0.00000000e+00 0.00000000e+00
1000 710000 3532000 2.91590000e-05 2.91590000e-05 0.00000000e+00 0.00000000e+00
1000 711000 3532000 3.27960000e-05 3.27960000e-05 0.00000000e+00 0.00000000e+00
1000 712000 3532000 4.46270000e-05 4.46270000e-05 0.00000000e+00 0.00000000e+00
1000 713000 3532000 3.89540000e-05 3.89540000e-05 0.00000000e+00 0.00000000e+00
1000 714000 3532000 3.55410000e-05 3.55410000e-05 0.00000000e+00 0.00000000e+00
1000 715000 3532000 1.89760000e-05 1.89760000e-05 0.00000000e+00 0.00000000e+00
1000 716000 3532000 1.74810000e-05 1.74810000e-05 0.00000000e+00 0.00000000e+00
1000 717000 3532000 2.02630000e-05 2.02630000e-05 0.00000000e+00 0.00000000e+00
1000 718000 3532000 4.50120000e-05 4.50120000e-05 0.00000000e+00 0.00000000e+00
1000 719000 3532000 5.67700000e-05 5.67700000e-05 0.00000000e+00 0.00000000e+00
1000 720000 3532000 9.57710000e-05 9.57710000e-05 0.00000000e+00 0.00000000e+00
1000 721000 3532000 1.07840000e-04 1.07840000e-04 0.00000000e+00 0.00000000e+00
1000 722000 3532000 1.24790000e-04 1.24790000e-04 0.00000000e+00 0.00000000e+00
1000 723000 3532000 1.01880000e-04 1.01880000e-04 0.00000000e+00 0.00000000e+00
1000 724000 3532000 1.07880000e-04 1.07880000e-04 0.00000000e+00 0.00000000e+00
1000 725000 3532000 1.20470000e-04 1.20470000e-04 0.00000000e+00 0.00000000e+00
1000 726000 3532000 1.18590000e-04 1.18590000e-04 0.00000000e+00 0.00000000e+00
1000 727000 3532000 1.35530000e-04 1.35530000e-04 0.00000000e+00 0.00000000e+00
1000 728000 3532000 1.32800000e-04 1.32800000e-04 0.00000000e+00 0.00000000e+00
1000 729000 3532000 1.43850000e-04 1.43850000e-04 0.00000000e+00 0.00000000e+00
1000 730000 3532000 1.44090000e-04 1.44090000e-04 0.00000000e+00 0.00000000e+00
1000 731000 3532000 1.43740000e-04 1.43740000e-04 0.00000000e+00 0.00000000e+00
1000 732000 3532000 1.42200000e-04 1.42200000e-04 0.00000000e+00 0.00000000e+00
1000 733000 3532000 1.42650000e-04 1.42650000e-04 0.00000000e+00 0.00000000e+00
1000 734000 3532000 1.41240000e-04 1.41240000e-04 0.00000000e+00 0.00000000e+00
1000 735000 3532000 1.38850000e-04 1.38850000e-04 0.00000000e+00 0.00000000e+00
1000 736000 3532000 1.36130000e-04 1.36130000e-04 0.00000000e+00 0.00000000e+00
1000 737000 3532000 1.33110000e-04 1.33110000e-04 0.00000000e+00 0.00000000e+00
1000 738000 3532000 1.29840000e-04 1.29840000e-04 0.00000000e+00 0.00000000e+00
1000 739000 3532000 1.26360000e-04 1.26360000e-04 0.00000000e+00 0.00000000e+00
1000 740000 3532000 1.22700000e-04 1.22700000e-04 0.00000000e+00 0.00000000e+00
1000 741000 3532000 1.18910000e-04 1.18910000e-04 0.00000000e+00 0.00000000e+00
1000 742000 3532000 1.15010000e-04 1.15010000e-04 0.00000000e+00 0.00000000e+00
1000 743000 3532000 1.11060000e-04 1.11060000e-04 0.00000000e+00 0.00000000e+00
1000 744000 3532000 1.07070000e-04 1.07070000e-04 0.00000000e+00 0.00000000e+00
1000 745000 3532000 1.03080000e-04 1.03080000e-04 0.00000000e+00 0.00000000e+00
1000 746000 3532000 9.91280000e-05 9.91280000e-05 0.00000000e+00 0.00000000e+00
1000 747000 3532000 9.52240000e-05 9.52240000e-05 0.00000000e+00 0.00000000e+00
1000 748000 3532000 9.13940000e-05 9.13940000e-05 0.00000000e+00 0.00000000e+00
1000 749000 3532000 8.76560000e-05 8.76560000e-05 0.00000000e+00 0.00000000e+00
1000 750000 3532000 8.40260000e-05 8.40260000e-05 0.00000000e+00 0.00000000e+00
1000 650000 3531000 4.45730000e-07 4.45730000e-07 0.00000000e+00 0.00000000e+00
1000 651000 3531000 4.77090000e-07 4.77090000e-07 0.00000000e+00 0.00000000e+00
1000 652000 3531000 5.04610000e-07 5.04610000e-07 0.00000000e+00 0.00000000e+00
1000 653000 3531000 5.28690000e-07 5.28690000e-07 0.00000000e+00 0.00000000e+00
1000 654000 3531000 5.49370000e-07 5.49370000e-07 0.00000000e+00 0.00000000e+00
1000 655000 3531000 5.65510000e-07 5.65510000e-07 0.00000000e+00 0.00000000e+00
1000 656000 3531000 5.75480000e-07 5.75480000e-07 0.00000000e+00 0.00000000e+00
1000 657000 3531000 5.77880000e-07 5.77880000e-07 0.00000000e+00 0.00000000e+00
1000 658000 3531000 5.71610000e-07 5.71610000e-07 0.00000000e+00 0.00000000e+00
1000 659000 3531000 5.59050000e-07 5.59050000e-07 0.00000000e+00 0.00000000e+00
1000 660000 3531000 5.57520000e-07 5.57520000e-07 0.00000000e+00 0.00000000e+00
1000 661000 3531000 5.49270000e-07 5.49270000e-07 0.00000000e+00 0.00000000e+00
1000 662000 3531000 5.31990000e-07 5.31990000e-07 0.00000000e+00 0.00000000e+00
1000 663000 3531000 5.02510000e-07 5.02510000e-07 0.00000000e+00 0.00000000e+00
1000 664000 3531000 4.84660000e-07 4.84660000e-07 0.00000000e+00 0.00000000e+00
1000 665000 3531000 5.50630000e-07 5.50630000e-07 0.00000000e+00 0.00000000e+00
1000 666000 3531000 7.11510000e-07 7.11510000e-07 0.00000000e+00 0.00000000e+00
1000 667000 3531000 4.86760000e-07 4.86760000e-07 0.00000000e+00 0.00000000e+00
1000 668000 3531000 3.10910000e-07 3.10910000e-07 0.00000000e+00 0.00000000e+00
1000 669000 3531000 2.38170000e-07 2.38170000e-07 0.00000000e+00 0.00000000e+00
1000 670000 3531000 1.56630000e-07 1.56630000e-07 0.00000000e+00 0.00000000e+00
1000 671000 3531000 7.31850000e-08 7.31850000e-08 0.00000000e+00 0.00000000e+00
1000 672000 3531000 4.33590000e-07 4.33590000e-07 0.00000000e+00 0.00000000e+00
1000 673000 3531000 9.66640000e-06 9.66640000e-06 0.00000000e+00 0.00000000e+00
1000 674000 3531000 2.08660000e-04 2.08660000e-04 0.00000000e+00 0.00000000e+00
1000 675000 3531000 4.67970000e-03 4.67970000e-03 0.00000000e+00 0.00000000e+00
1000 676000 3531000 1.17980000e-01 1.17980000e-01 0.00000000e+00 0.00000000e+00
1000 677000 3531000 5.19820000e+00 5.19820000e+00 0.00000000e+00 0.00000000e+00
1000 678000 3531000 1.59290000e+02 1.59290000e+02 0.00000000e+00 0.00000000e+00
1000 679000 3531000 1.96430000e+02 1.96430000e+02 0.00000000e+00 0.00000000e+00
1000 680000 3531000 6.76810000e+01 6.76810000e+01 0.00000000e+00 0.00000000e+00
1000 681000 3531000 2.25850000e+01 2.25850000e+01 0.00000000e+00 0.00000000e+00
1000 682000 3531000 9.68860000e+00 9.68860000e+00 0.00000000e+00 0.00000000e+00
1000 683000 3531000 4.92800000e+00 4.92800000e+00 0.00000000e+00 0.00000000e+00
1000 684000 3531000 2.74190000e+00 2.74190000e+00 0.00000000e+00 0.00000000e+00
1000 685000 3531000 1.62470000e+00 1.62470000e+00 0.00000000e+00 0.00000000e+00
1000 686000 3531000 9.78330000e-01 9.78330000e-01 0.00000000e+00 0.00000000e+00
1000 687000 3531000 5.92150000e-01 5.92150000e-01 0.00000000e+00 0.00000000e+00
1000 688000 3531000 3.54790000e-01 3.54790000e-01 0.00000000e+00 0.00000000e+00
1000 689000 3531000 2.06240000e-01 2.06240000e-01 0.00000000e+00 0.00000000e+00
1000 690000 3531000 1.15210000e-01 1.15210000e-01 0.00000000e+00 0.00000000e+00
1000 691000 3531000 6.07620000e-02 6.07620000e-02 0.00000000e+00 0.00000000e+00
1000 692000 3531000 3.05160000e-02 3.05160000e-02 0.00000000e+00 0.00000000e+00
1000 693000 3531000 1.45410000e-02 1.45410000e-02 0.00000000e+00 0.00000000e+00
1000 694000 3531000 6.59630000e-03 6.59630000e-03 0.00000000e+00 0.00000000e+00
1000 695000 3531000 2.83870000e-03 2.83870000e-03 0.00000000e+00 0.00000000e+00
1000 696000 3531000 1.19660000e-03 1.19660000e-03 0.00000000e+00 0.00000000e+00
1000 697000 3531000 5.09250000e-04 5.09250000e-04 0.00000000e+00 0.00000000e+00
1000 698000 3531000 2.18510000e-04 2.18510000e-04 0.00000000e+00 0.00000000e+00
1000 699000 3531000 1.04980000e-04 1.04980000e-04 0.00000000e+00 0.00000000e+00
1000 700000 3531000 6.31660000e-05 6.31660000e-05 0.00000000e+00 0.00000000e+00
1000 701000 3531000 4.75060000e-05 4.75060000e-05 0.00000000e+00 0.00000000e+00
1000 702000 3531000 4.34720000e-05 4.34720000e-05 0.00000000e+00 0.00000000e+00
1000 703000 3531000 3.07830000e-05 3.07830000e-05 0.00000000e+00 0.00000000e+00
1000 704000 3531000 2.78790000e-05 2.78790000e-05 0.00000000e+00 0.00000000e+00
1000 705000 3531000 2.75530000e-05 2.75530000e-05 0.00000000e+00 0.00000000e+00
1000 706000 3531000 4.13500000e-05 4.13500000e-05 0.00000000e+00 0.00000000e+00
1000 707000 3531000 2.17580000e-05 2.17580000e-05 0.00000000e+00 0.00000000e+00
1000 708000 3531000 3.27670000e-05 3.27670000e-05 0.00000000e+00 0.00000000e+00
1000 709000 3531000 3.04350000e-05 3.04350000e-05 0.00000000e+00 0.00000000e+00
1000 710000 3531000 4.41000000e-05 4.41000000e-05 0.00000000e+00 0.00000000e+00
1000 711000 3531000 4.56400000e-05 4.56400000e-05 0.00000000e+00 0.00000000e+00
1000 712000 3531000 7.25730000e-05 7.25730000e-05 0.00000000e+00 0.00000000e+00
1000 713000 3531000 4.42000000e-05 4.42000000e-05 0.00000000e+00 0.00000000e+00
1000 714000 3531000 3.85940000e-05 3.85940000e-05 0.00000000e+00 0.00000000e+00
1000 715000 3531000 2.35960000e-05 2.35960000e-05 0.00000000e+00 0.00000000e+00
1000 716000 3531000 2.35830000e-05 2.35830000e-05 0.00000000e+00 0.00000000e+00
1000 717000 3531000 2.61420000e-05 2.61420000e-05 0.00000000e+00 0.00000000e+00
1000 718000 3531000 6.66020000e-05 6.66020000e-05 0.00000000e+00 0.00000000e+00
1000 719000 3531000 1.03090000e-04 1.03090000e-04 0.00000000e+00 0.00000000e+00
1000 720000 3531000 1.08910000e-04 1.08910000e-04 0.00000000e+00 0.00000000e+00
1000 721000 3531000 1.33960000e-04 1.33960000e-04 0.00000000e+00 0.00000000e+00
1000 722000 3531000 1.11440000e-04 1.11440000e-04 0.00000000e+00 0.00000000e+00
1000 723000 3531000 1.24060000e-04 1.24060000e-04 0.00000000e+00 0.00000000e+00
1000 724000 3531000 1.30740000e-04 1.30740000e-04 0.00000000e+00 0.00000000e+00
1000 725000 3531000 1.76050000e-04 1.76050000e-04 0.00000000e+00 0.00000000e+00
1000 726000 3531000 1.83710000e-04 1.83710000e-04 0.00000000e+00 0.00000000e+00
1000 727000 3531000 1.71330000e-04 1.71330000e-04 0.00000000e+00 0.00000000e+00
1000 728000 3531000 1.88980000e-04 1.88980000e-04 0.00000000e+00 0.00000000e+00
1000 729000 3531000 1.89540000e-04 1.89540000e-04 0.00000000e+00 0.00000000e+00
1000 730000 3531000 1.90000000e-04 1.90000000e-04 0.00000000e+00 0.00000000e+00
1000 731000 3531000 1.89130000e-04 1.89130000e-04 0.00000000e+00 0.00000000e+00
1000 732000 3531000 1.87810000e-04 1.87810000e-04 0.00000000e+00 0.00000000e+00
1000 733000 3531000 1.87960000e-04 1.87960000e-04 0.00000000e+00 0.00000000e+00
1000 734000 3531000 1.85090000e-04 1.85090000e-04 0.00000000e+00 0.00000000e+00
1000 735000 3531000 1.81740000e-04 1.81740000e-04 0.00000000e+00 0.00000000e+00
1000 736000 3531000 1.77940000e-04 1.77940000e-04 0.00000000e+00 0.00000000e+00
1000 737000 3531000 1.73760000e-04 1.73760000e-04 0.00000000e+00 0.00000000e+00
1000 738000 3531000 1.69240000e-04 1.69240000e-04 0.00000000e+00 0.00000000e+00
1000 739000 3531000 1.64440000e-04 1.64440000e-04 0.00000000e+00 0.00000000e+00
1000 740000 3531000 1.59410000e-04 1.59410000e-04 0.00000000e+00 0.00000000e+00
1000 741000 3531000 1.54200000e-04 1.54200000e-04 0.00000000e+00 0.00000000e+00
1000 742000 3531000 1.48880000e-04 1.48880000e-04 0.00000000e+00 0.00000000e+00
1000 743000 3531000 1.43470000e-04 1.43470000e-04 0.00000000e+00 0.00000000e+00
1000 744000 3531000 1.38040000e-04 1.38040000e-04 0.00000000e+00 0.00000000e+00
1000 745000 3531000 1.32610000e-04 1.32610000e-04 0.00000000e+00 0.00000000e+00
1000 746000 3531000 1.27230000e-04 1.27230000e-04 0.00000000e+00 0.00000000e+00
1000 747000 3531000 1.21930000e-04 1.21930000e-04 0.00000000e+00 0.00000000e+00
1000 748000 3531000 1.16740000e-04 1.16740000e-04 0.00000000e+00 0.00000000e+00
1000 749000 3531000 1.11690000e-04 1.11690000e-04 0.00000000e+00 0.00000000e+00
1000 750000 3531000 1.06780000e-04 1.06780000e-04 0.00000000e+00 0.00000000e+00
1000 650000 3530000 4.67890000e-07 4.67890000e-07 0.00000000e+00 0.00000000e+00
1000 651000 3530000 5.01920000e-07 5.01920000e-07 0.00000000e+00 0.00000000e+00
1000 652000 3530000 5.32110000e-07 5.32110000e-07 0.00000000e+00 0.00000000e+00
1000 653000 3530000 5.59480000e-07 5.59480000e-07 0.00000000e+00 0.00000000e+00
1000 654000 3530000 5.83200000e-07 5.83200000e-07 0.00000000e+00 0.00000000e+00
1000 655000 3530000 6.01990000e-07 6.01990000e-07 0.00000000e+00 0.00000000e+00
1000 656000 3530000 6.15150000e-07 6.15150000e-07 0.00000000e+00 0.00000000e+00
1000 657000 3530000 6.20430000e-07 6.20430000e-07 0.00000000e+00 0.00000000e+00
1000 658000 3530000 6.16590000e-07 6.16590000e-07 0.00000000e+00 0.00000000e+00
1000 659000 3530000 6.07190000e-07 6.07190000e-07 0.00000000e+00 0.00000000e+00
1000 660000 3530000 6.09320000e-07 6.09320000e-07 0.00000000e+00 0.00000000e+00
1000 661000 3530000 6.04460000e-07 6.04460000e-07 0.00000000e+00 0.00000000e+00
1000 662000 3530000 5.91380000e-07 5.91380000e-07 0.00000000e+00 0.00000000e+00
1000 663000 3530000 5.68710000e-07 5.68710000e-07 0.00000000e+00 0.00000000e+00
1000 664000 3530000 5.56830000e-07 5.56830000e-07 0.00000000e+00 0.00000000e+00
1000 665000 3530000 6.31330000e-07 6.31330000e-07 0.00000000e+00 0.00000000e+00
1000 666000 3530000 5.91800000e-07 5.91800000e-07 0.00000000e+00 0.00000000e+00
1000 667000 3530000 4.87940000e-07 4.87940000e-07 0.00000000e+00 0.00000000e+00
1000 668000 3530000 4.26920000e-07 4.26920000e-07 0.00000000e+00 0.00000000e+00
1000 669000 3530000 4.65710000e-07 4.65710000e-07 0.00000000e+00 0.00000000e+00
1000 670000 3530000 3.16830000e-07 3.16830000e-07 0.00000000e+00 0.00000000e+00
1000 671000 3530000 1.85690000e-07 1.85690000e-07 0.00000000e+00 0.00000000e+00
1000 672000 3530000 8.13130000e-07 8.13130000e-07 0.00000000e+00 0.00000000e+00
1000 673000 3530000 1.59750000e-05 1.59750000e-05 0.00000000e+00 0.00000000e+00
1000 674000 3530000 3.32080000e-04 3.32080000e-04 0.00000000e+00 0.00000000e+00
1000 675000 3530000 6.81910000e-03 6.81910000e-03 0.00000000e+00 0.00000000e+00
1000 676000 3530000 1.46130000e-01 1.46130000e-01 0.00000000e+00 0.00000000e+00
1000 677000 3530000 3.29600000e+00 3.29600000e+00 0.00000000e+00 0.00000000e+00
1000 678000 3530000 4.50770000e+01 4.50770000e+01 0.00000000e+00 0.00000000e+00
1000 679000 3530000 1.30020000e+02 1.30020000e+02 0.00000000e+00 0.00000000e+00
1000 680000 3530000 1.03810000e+02 1.03810000e+02 0.00000000e+00 0.00000000e+00
1000 681000 3530000 5.07020000e+01 5.07020000e+01 0.00000000e+00 0.00000000e+00
1000 682000 3530000 2.48250000e+01 2.48250000e+01 0.00000000e+00 0.00000000e+00
1000 683000 3530000 1.25550000e+01 1.25550000e+01 0.00000000e+00 0.00000000e+00
1000 684000 3530000 7.06850000e+00 7.06850000e+00 0.00000000e+00 0.00000000e+00
1000 685000 3530000 4.19240000e+00 4.19240000e+00 0.00000000e+00 0.00000000e+00
1000 686000 3530000 2.52570000e+00 2.52570000e+00 0.00000000e+00 0.00000000e+00
1000 687000 3530000 1.55810000e+00 1.55810000e+00 0.00000000e+00 0.00000000e+00
1000 688000 3530000 9.57780000e-01 9.57780000e-01 0.00000000e+00 0.00000000e+00
1000 689000 3530000 5.77980000e-01 5.77980000e-01 0.00000000e+00 0.00000000e+00
1000 690000 3530000 3.32010000e-01 3.32010000e-01 0.00000000e+00 0.00000000e+00
1000 691000 3530000 1.84200000e-01 1.84200000e-01 0.00000000e+00 0.00000000e+00
1000 692000 3530000 9.71660000e-02 9.71660000e-02 0.00000000e+00 0.00000000e+00
1000 693000 3530000 4.88390000e-02 4.88390000e-02 0.00000000e+00 0.00000000e+00
1000 694000 3530000 2.34990000e-02 2.34990000e-02 0.00000000e+00 0.00000000e+00
1000 695000 3530000 1.08020000e-02 1.08020000e-02 0.00000000e+00 0.00000000e+00
1000 696000 3530000 4.78330000e-03 4.78330000e-03 0.00000000e+00 0.00000000e+00
1000 697000 3530000 2.06560000e-03 2.06560000e-03 0.00000000e+00 0.00000000e+00
1000 698000 3530000 8.98670000e-04 8.98670000e-04 0.00000000e+00 0.00000000e+00
1000 699000 3530000 3.88430000e-04 3.88430000e-04 0.00000000e+00 0.00000000e+00
1000 700000 3530000 1.77140000e-04 1.77140000e-04 0.00000000e+00 0.00000000e+00
1000 701000 3530000 1.05560000e-04 1.05560000e-04 0.00000000e+00 0.00000000e+00
1000 702000 3530000 5.59070000e-05 5.59070000e-05 0.00000000e+00 0.00000000e+00
1000 703000 3530000 6.09390000e-05 6.09390000e-05 0.00000000e+00 0.00000000e+00
1000 704000 3530000 4.57020000e-05 4.57020000e-05 0.00000000e+00 0.00000000e+00
1000 705000 3530000 4.50460000e-05 4.50460000e-05 0.00000000e+00 0.00000000e+00
1000 706000 3530000 4.49680000e-05 4.49680000e-05 0.00000000e+00 0.00000000e+00
1000 707000 3530000 3.51190000e-05 3.51190000e-05 0.00000000e+00 0.00000000e+00
1000 708000 3530000 4.13030000e-05 4.13030000e-05 0.00000000e+00 0.00000000e+00
1000 709000 3530000 5.37370000e-05 5.37370000e-05 0.00000000e+00 0.00000000e+00
1000 710000 3530000 4.31450000e-05 4.31450000e-05 0.00000000e+00 0.00000000e+00
1000 711000 3530000 5.94420000e-05 5.94420000e-05 0.00000000e+00 0.00000000e+00
1000 712000 3530000 1.11310000e-04 1.11310000e-04 0.00000000e+00 0.00000000e+00
1000 713000 3530000 9.55440000e-05 9.55440000e-05 0.00000000e+00 0.00000000e+00
1000 714000 3530000 7.31880000e-05 7.31880000e-05 0.00000000e+00 0.00000000e+00
1000 715000 3530000 5.94550000e-05 5.94550000e-05 0.00000000e+00 0.00000000e+00
1000 716000 3530000 5.69750000e-05 5.69750000e-05 0.00000000e+00 0.00000000e+00
1000 717000 3530000 5.80650000e-05 5.80650000e-05 0.00000000e+00 0.00000000e+00
1000 718000 3530000 9.19760000e-05 9.19760000e-05 0.00000000e+00 0.00000000e+00
1000 719000 3530000 9.33150000e-05 9.33150000e-05 0.00000000e+00 0.00000000e+00
1000 720000 3530000 1.10740000e-04 1.10740000e-04 0.00000000e+00 0.00000000e+00
1000 721000 3530000 1.22640000e-04 1.22640000e-04 0.00000000e+00 0.00000000e+00
1000 722000 3530000 1.66300000e-04 1.66300000e-04 0.00000000e+00 0.00000000e+00
1000 723000 3530000 1.80270000e-04 1.80270000e-04 0.00000000e+00 0.00000000e+00
1000 724000 3530000 1.85570000e-04 1.85570000e-04 0.00000000e+00 0.00000000e+00
1000 725000 3530000 2.04860000e-04 2.04860000e-04 0.00000000e+00 0.00000000e+00
1000 726000 3530000 2.17750000e-04 2.17750000e-04 0.00000000e+00 0.00000000e+00
1000 727000 3530000 2.20730000e-04 2.20730000e-04 0.00000000e+00 0.00000000e+00
1000 728000 3530000 2.44920000e-04 2.44920000e-04 0.00000000e+00 0.00000000e+00
1000 729000 3530000 2.36690000e-04 2.36690000e-04 0.00000000e+00 0.00000000e+00
1000 730000 3530000 2.49360000e-04 2.49360000e-04 0.00000000e+00 0.00000000e+00
1000 731000 3530000 2.47740000e-04 2.47740000e-04 0.00000000e+00 0.00000000e+00
1000 732000 3530000 2.44880000e-04 2.44880000e-04 0.00000000e+00 0.00000000e+00
1000 733000 3530000 2.45980000e-04 2.45980000e-04 0.00000000e+00 0.00000000e+00
1000 734000 3530000 2.41980000e-04 2.41980000e-04 0.00000000e+00 0.00000000e+00
1000 735000 3530000 2.37330000e-04 2.37330000e-04 0.00000000e+00 0.00000000e+00
1000 736000 3530000 2.32100000e-04 2.32100000e-04 0.00000000e+00 0.00000000e+00
1000 737000 3530000 2.26360000e-04 2.26360000e-04 0.00000000e+00 0.00000000e+00
1000 738000 3530000 2.20170000e-04 2.20170000e-04 0.00000000e+00 0.00000000e+00
1000 739000 3530000 2.13620000e-04 2.13620000e-04 0.00000000e+00 0.00000000e+00
1000 740000 3530000 2.06770000e-04 2.06770000e-04 0.00000000e+00 0.00000000e+00
1000 741000 3530000 1.99690000e-04 1.99690000e-04 0.00000000e+00 0.00000000e+00
1000 742000 3530000 1.92460000e-04 1.92460000e-04 0.00000000e+00 0.00000000e+00
1000 743000 3530000 1.85140000e-04 1.85140000e-04 0.00000000e+00 0.00000000e+00
1000 744000 3530000 1.77790000e-04 1.77790000e-04 0.00000000e+00 0.00000000e+00
1000 745000 3530000 1.70460000e-04 1.70460000e-04 0.00000000e+00 0.00000000e+00
1000 746000 3530000 1.63200000e-04 1.63200000e-04 0.00000000e+00 0.00000000e+00
1000 747000 3530000 1.56070000e-04 1.56070000e-04 0.00000000e+00 0.00000000e+00
1000 748000 3530000 1.49080000e-04 1.49080000e-04 0.00000000e+00 0.00000000e+00
1000 749000 3530000 1.42290000e-04 1.42290000e-04 0.00000000e+00 0.00000000e+00
1000 750000 3530000 1.35710000e-04 1.35710000e-04 0.00000000e+00 0.00000000e+00
1000 650000 3529000 4.91080000e-07 4.91080000e-07 0.00000000e+00 0.00000000e+00
1000 651000 3529000 5.27990000e-07 5.27990000e-07 0.00000000e+00 0.00000000e+00
1000 652000 3529000 5.61380000e-07 5.61380000e-07 0.00000000e+00 0.00000000e+00
1000 653000 3529000 5.92060000e-07 5.92060000e-07 0.00000000e+00 0.00000000e+00
1000 654000 3529000 6.19160000e-07 6.19160000e-07 0.00000000e+00 0.00000000e+00
1000 655000 3529000 6.41680000e-07 6.41680000e-07 0.00000000e+00 0.00000000e+00
1000 656000 3529000 6.57700000e-07 6.57700000e-07 0.00000000e+00 0.00000000e+00
1000 657000 3529000 6.66340000e-07 6.66340000e-07 0.00000000e+00 0.00000000e+00
1000 658000 3529000 6.64980000e-07 6.64980000e-07 0.00000000e+00 0.00000000e+00
1000 659000 3529000 6.59710000e-07 6.59710000e-07 0.00000000e+00 0.00000000e+00
1000 660000 3529000 6.64880000e-07 6.64880000e-07 0.00000000e+00 0.00000000e+00
1000 661000 3529000 6.63450000e-07 6.63450000e-07 0.00000000e+00 0.00000000e+00
1000 662000 3529000 6.54860000e-07 6.54860000e-07 0.00000000e+00 0.00000000e+00
1000 663000 3529000 6.38540000e-07 6.38540000e-07 0.00000000e+00 0.00000000e+00
1000 664000 3529000 6.34640000e-07 6.34640000e-07 0.00000000e+00 0.00000000e+00
1000 665000 3529000 7.11040000e-07 7.11040000e-07 0.00000000e+00 0.00000000e+00
1000 666000 3529000 7.18270000e-07 7.18270000e-07 0.00000000e+00 0.00000000e+00
1000 667000 3529000 5.18530000e-07 5.18530000e-07 0.00000000e+00 0.00000000e+00
1000 668000 3529000 7.91260000e-07 7.91260000e-07 0.00000000e+00 0.00000000e+00
1000 669000 3529000 7.81360000e-07 7.81360000e-07 0.00000000e+00 0.00000000e+00
1000 670000 3529000 3.80580000e-07 3.80580000e-07 0.00000000e+00 0.00000000e+00
1000 671000 3529000 4.07280000e-07 4.07280000e-07 0.00000000e+00 0.00000000e+00
1000 672000 3529000 1.16090000e-06 1.16090000e-06 0.00000000e+00 0.00000000e+00
1000 673000 3529000 1.94030000e-05 1.94030000e-05 0.00000000e+00 0.00000000e+00
1000 674000 3529000 3.64950000e-04 3.64950000e-04 0.00000000e+00 0.00000000e+00
1000 675000 3529000 6.54590000e-03 6.54590000e-03 0.00000000e+00 0.00000000e+00
1000 676000 3529000 1.10800000e-01 1.10800000e-01 0.00000000e+00 0.00000000e+00
1000 677000 3529000 1.66840000e+00 1.66840000e+00 0.00000000e+00 0.00000000e+00
1000 678000 3529000 1.52650000e+01 1.52650000e+01 0.00000000e+00 0.00000000e+00
1000 679000 3529000 5.80810000e+01 5.80810000e+01 0.00000000e+00 0.00000000e+00
1000 680000 3529000 8.27080000e+01 8.27080000e+01 0.00000000e+00 0.00000000e+00
1000 681000 3529000 6.18220000e+01 6.18220000e+01 0.00000000e+00 0.00000000e+00
1000 682000 3529000 3.98810000e+01 3.98810000e+01 0.00000000e+00 0.00000000e+00
1000 683000 3529000 2.31550000e+01 2.31550000e+01 0.00000000e+00 0.00000000e+00
1000 684000 3529000 1.37270000e+01 1.37270000e+01 0.00000000e+00 0.00000000e+00
1000 685000 3529000 8.42320000e+00 8.42320000e+00 0.00000000e+00 0.00000000e+00
1000 686000 3529000 5.27940000e+00 5.27940000e+00 0.00000000e+00 0.00000000e+00
1000 687000 3529000 3.42070000e+00 3.42070000e+00 0.00000000e+00 0.00000000e+00
1000 688000 3529000 2.19650000e+00 2.19650000e+00 0.00000000e+00 0.00000000e+00
1000 689000 3529000 1.36050000e+00 1.36050000e+00 0.00000000e+00 0.00000000e+00
1000 690000 3529000 8.34860000e-01 8.34860000e-01 0.00000000e+00 0.00000000e+00
1000 691000 3529000 4.77390000e-01 4.77390000e-01 0.00000000e+00 0.00000000e+00
1000 692000 3529000 2.65430000e-01 2.65430000e-01 0.00000000e+00 0.00000000e+00
1000 693000 3529000 1.41550000e-01 1.41550000e-01 0.00000000e+00 0.00000000e+00
1000 694000 3529000 7.24370000e-02 7.24370000e-02 0.00000000e+00 0.00000000e+00
1000 695000 3529000 3.56440000e-02 3.56440000e-02 0.00000000e+00 0.00000000e+00
1000 696000 3529000 1.68250000e-02 1.68250000e-02 0.00000000e+00 0.00000000e+00
1000 697000 3529000 7.73990000e-03 7.73990000e-03 0.00000000e+00 0.00000000e+00
1000 698000 3529000 3.47060000e-03 3.47060000e-03 0.00000000e+00 0.00000000e+00
1000 699000 3529000 1.53390000e-03 1.53390000e-03 0.00000000e+00 0.00000000e+00
1000 700000 3529000 6.71310000e-04 6.71310000e-04 0.00000000e+00 0.00000000e+00
1000 701000 3529000 3.15190000e-04 3.15190000e-04 0.00000000e+00 0.00000000e+00
1000 702000 3529000 1.53110000e-04 1.53110000e-04 0.00000000e+00 0.00000000e+00
1000 703000 3529000 1.04790000e-04 1.04790000e-04 0.00000000e+00 0.00000000e+00
1000 704000 3529000 6.59500000e-05 6.59500000e-05 0.00000000e+00 0.00000000e+00
1000 705000 3529000 5.76750000e-05 5.76750000e-05 0.00000000e+00 0.00000000e+00
1000 706000 3529000 5.25550000e-05 5.25550000e-05 0.00000000e+00 0.00000000e+00
1000 707000 3529000 2.55310000e-05 2.55310000e-05 0.00000000e+00 0.00000000e+00
1000 708000 3529000 5.01990000e-05 5.01990000e-05 0.00000000e+00 0.00000000e+00
1000 709000 3529000 4.05700000e-05 4.05700000e-05 0.00000000e+00 0.00000000e+00
1000 710000 3529000 5.65830000e-05 5.65830000e-05 0.00000000e+00 0.00000000e+00
1000 711000 3529000 6.21240000e-05 6.21240000e-05 0.00000000e+00 0.00000000e+00
1000 712000 3529000 9.34670000e-05 9.34670000e-05 0.00000000e+00 0.00000000e+00
1000 713000 3529000 1.06600000e-04 1.06600000e-04 0.00000000e+00 0.00000000e+00
1000 714000 3529000 1.03830000e-04 1.03830000e-04 0.00000000e+00 0.00000000e+00
1000 715000 3529000 9.74380000e-05 9.74380000e-05 0.00000000e+00 0.00000000e+00
1000 716000 3529000 5.74620000e-05 5.74620000e-05 0.00000000e+00 0.00000000e+00
1000 717000 3529000 8.27440000e-05 8.27440000e-05 0.00000000e+00 0.00000000e+00
1000 718000 3529000 1.22980000e-04 1.22980000e-04 0.00000000e+00 0.00000000e+00
1000 719000 3529000 2.06630000e-04 2.06630000e-04 0.00000000e+00 0.00000000e+00
1000 720000 3529000 1.99270000e-04 1.99270000e-04 0.00000000e+00 0.00000000e+00
1000 721000 3529000 2.29200000e-04 2.29200000e-04 0.00000000e+00 0.00000000e+00
1000 722000 3529000 2.09730000e-04 2.09730000e-04 0.00000000e+00 0.00000000e+00
1000 723000 3529000 2.42770000e-04 2.42770000e-04 0.00000000e+00 0.00000000e+00
1000 724000 3529000 2.47840000e-04 2.47840000e-04 0.00000000e+00 0.00000000e+00
1000 725000 3529000 2.63390000e-04 2.63390000e-04 0.00000000e+00 0.00000000e+00
1000 726000 3529000 3.08510000e-04 3.08510000e-04 0.00000000e+00 0.00000000e+00
1000 727000 3529000 3.07950000e-04 3.07950000e-04 0.00000000e+00 0.00000000e+00
1000 728000 3529000 3.07850000e-04 3.07850000e-04 0.00000000e+00 0.00000000e+00
1000 729000 3529000 3.23340000e-04 3.23340000e-04 0.00000000e+00 0.00000000e+00
1000 730000 3529000 3.24190000e-04 3.24190000e-04 0.00000000e+00 0.00000000e+00
1000 731000 3529000 3.23740000e-04 3.23740000e-04 0.00000000e+00 0.00000000e+00
1000 732000 3529000 3.19100000e-04 3.19100000e-04 0.00000000e+00 0.00000000e+00
1000 733000 3529000 3.20930000e-04 3.20930000e-04 0.00000000e+00 0.00000000e+00
1000 734000 3529000 3.15420000e-04 3.15420000e-04 0.00000000e+00 0.00000000e+00
1000 735000 3529000 3.09050000e-04 3.09050000e-04 0.00000000e+00 0.00000000e+00
1000 736000 3529000 3.01920000e-04 3.01920000e-04 0.00000000e+00 0.00000000e+00
1000 737000 3529000 2.94110000e-04 2.94110000e-04 0.00000000e+00 0.00000000e+00
1000 738000 3529000 2.85720000e-04 2.85720000e-04 0.00000000e+00 0.00000000e+00
1000 739000 3529000 2.76850000e-04 2.76850000e-04 0.00000000e+00 0.00000000e+00
1000 740000 3529000 2.67600000e-04 2.67600000e-04 0.00000000e+00 0.00000000e+00
1000 741000 3529000 2.58060000e-04 2.58060000e-04 0.00000000e+00 0.00000000e+00
1000 742000 3529000 2.48330000e-04 2.48330000e-04 0.00000000e+00 0.00000000e+00
1000 743000 3529000 2.38490000e-04 2.38490000e-04 0.00000000e+00 0.00000000e+00
1000 744000 3529000 2.28620000e-04 2.28620000e-04 0.00000000e+00 0.00000000e+00
1000 745000 3529000 2.18800000e-04 2.18800000e-04 0.00000000e+00 0.00000000e+00
1000 746000 3529000 2.09090000e-04 2.09090000e-04 0.00000000e+00 0.00000000e+00
1000 747000 3529000 1.99540000e-04 1.99540000e-04 0.00000000e+00 0.00000000e+00
1000 748000 3529000 1.90220000e-04 1.90220000e-04 0.00000000e+00 0.00000000e+00
1000 749000 3529000 1.81150000e-04 1.81150000e-04 0.00000000e+00 0.00000000e+00
1000 750000 3529000 1.72380000e-04 1.72380000e-04 0.00000000e+00 0.00000000e+00
1000 650000 3528000 5.15870000e-07 5.15870000e-07 0.00000000e+00 0.00000000e+00
1000 651000 3528000 5.55920000e-07 5.55920000e-07 0.00000000e+00 0.00000000e+00
1000 652000 3528000 5.92830000e-07 5.92830000e-07 0.00000000e+00 0.00000000e+00
1000 653000 3528000 6.27190000e-07 6.27190000e-07 0.00000000e+00 0.00000000e+00
1000 654000 3528000 6.57690000e-07 6.57690000e-07 0.00000000e+00 0.00000000e+00
1000 655000 3528000 6.84410000e-07 6.84410000e-07 0.00000000e+00 0.00000000e+00
1000 656000 3528000 7.04580000e-07 7.04580000e-07 0.00000000e+00 0.00000000e+00
1000 657000 3528000 7.16270000e-07 7.16270000e-07 0.00000000e+00 0.00000000e+00
1000 658000 3528000 7.17390000e-07 7.17390000e-07 0.00000000e+00 0.00000000e+00
1000 659000 3528000 7.16890000e-07 7.16890000e-07 0.00000000e+00 0.00000000e+00
1000 660000 3528000 7.25330000e-07 7.25330000e-07 0.00000000e+00 0.00000000e+00
1000 661000 3528000 7.26480000e-07 7.26480000e-07 0.00000000e+00 0.00000000e+00
1000 662000 3528000 7.20820000e-07 7.20820000e-07 0.00000000e+00 0.00000000e+00
1000 663000 3528000 7.08270000e-07 7.08270000e-07 0.00000000e+00 0.00000000e+00
1000 664000 3528000 7.08420000e-07 7.08420000e-07 0.00000000e+00 0.00000000e+00
1000 665000 3528000 7.15400000e-07 7.15400000e-07 0.00000000e+00 0.00000000e+00
1000 666000 3528000 6.52620000e-07 6.52620000e-07 0.00000000e+00 0.00000000e+00
1000 667000 3528000 8.37500000e-07 8.37500000e-07 0.00000000e+00 0.00000000e+00
1000 668000 3528000 1.20150000e-06 1.20150000e-06 0.00000000e+00 0.00000000e+00
1000 669000 3528000 1.05190000e-06 1.05190000e-06 0.00000000e+00 0.00000000e+00
1000 670000 3528000 4.49600000e-07 4.49600000e-07 0.00000000e+00 0.00000000e+00
1000 671000 3528000 5.13350000e-07 5.13350000e-07 0.00000000e+00 0.00000000e+00
1000 672000 3528000 1.44970000e-06 1.44970000e-06 0.00000000e+00 0.00000000e+00
1000 673000 3528000 1.73470000e-05 1.73470000e-05 0.00000000e+00 0.00000000e+00
1000 674000 3528000 2.94280000e-04 2.94280000e-04 0.00000000e+00 0.00000000e+00
1000 675000 3528000 4.49730000e-03 4.49730000e-03 0.00000000e+00 0.00000000e+00
1000 676000 3528000 6.38010000e-02 6.38010000e-02 0.00000000e+00 0.00000000e+00
1000 677000 3528000 7.18610000e-01 7.18610000e-01 0.00000000e+00 0.00000000e+00
1000 678000 3528000 5.53770000e+00 5.53770000e+00 0.00000000e+00 0.00000000e+00
1000 679000 3528000 2.32300000e+01 2.32300000e+01 0.00000000e+00 0.00000000e+00
1000 680000 3528000 4.83240000e+01 4.83240000e+01 0.00000000e+00 0.00000000e+00
1000 681000 3528000 5.58620000e+01 5.58620000e+01 0.00000000e+00 0.00000000e+00
1000 682000 3528000 4.50570000e+01 4.50570000e+01 0.00000000e+00 0.00000000e+00
1000 683000 3528000 3.12690000e+01 3.12690000e+01 0.00000000e+00 0.00000000e+00
1000 684000 3528000 2.07870000e+01 2.07870000e+01 0.00000000e+00 0.00000000e+00
1000 685000 3528000 1.37370000e+01 1.37370000e+01 0.00000000e+00 0.00000000e+00
1000 686000 3528000 9.18000000e+00 9.18000000e+00 0.00000000e+00 0.00000000e+00
1000 687000 3528000 6.18990000e+00 6.18990000e+00 0.00000000e+00 0.00000000e+00
1000 688000 3528000 4.14160000e+00 4.14160000e+00 0.00000000e+00 0.00000000e+00
1000 689000 3528000 2.70340000e+00 2.70340000e+00 0.00000000e+00 0.00000000e+00
1000 690000 3528000 1.73150000e+00 1.73150000e+00 0.00000000e+00 0.00000000e+00
1000 691000 3528000 1.08280000e+00 1.08280000e+00 0.00000000e+00 0.00000000e+00
1000 692000 3528000 6.37840000e-01 6.37840000e-01 0.00000000e+00 0.00000000e+00
1000 693000 3528000 3.55820000e-01 3.55820000e-01 0.00000000e+00 0.00000000e+00
1000 694000 3528000 1.93730000e-01 1.93730000e-01 0.00000000e+00 0.00000000e+00
1000 695000 3528000 1.01810000e-01 1.01810000e-01 0.00000000e+00 0.00000000e+00
1000 696000 3528000 5.15720000e-02 5.15720000e-02 0.00000000e+00 0.00000000e+00
1000 697000 3528000 2.52720000e-02 2.52720000e-02 0.00000000e+00 0.00000000e+00
1000 698000 3528000 1.20030000e-02 1.20030000e-02 0.00000000e+00 0.00000000e+00
1000 699000 3528000 5.56910000e-03 5.56910000e-03 0.00000000e+00 0.00000000e+00
1000 700000 3528000 2.53110000e-03 2.53110000e-03 0.00000000e+00 0.00000000e+00
1000 701000 3528000 1.13480000e-03 1.13480000e-03 0.00000000e+00 0.00000000e+00
1000 702000 3528000 5.21470000e-04 5.21470000e-04 0.00000000e+00 0.00000000e+00
1000 703000 3528000 2.63120000e-04 2.63120000e-04 0.00000000e+00 0.00000000e+00
1000 704000 3528000 1.36900000e-04 1.36900000e-04 0.00000000e+00 0.00000000e+00
1000 705000 3528000 1.02690000e-04 1.02690000e-04 0.00000000e+00 0.00000000e+00
1000 706000 3528000 7.09650000e-05 7.09650000e-05 0.00000000e+00 0.00000000e+00
1000 707000 3528000 6.75960000e-05 6.75960000e-05 0.00000000e+00 0.00000000e+00
1000 708000 3528000 3.61470000e-05 3.61470000e-05 0.00000000e+00 0.00000000e+00
1000 709000 3528000 6.89730000e-05 6.89730000e-05 0.00000000e+00 0.00000000e+00
1000 710000 3528000 6.00380000e-05 6.00380000e-05 0.00000000e+00 0.00000000e+00
1000 711000 3528000 5.69440000e-05 5.69440000e-05 0.00000000e+00 0.00000000e+00
1000 712000 3528000 5.75230000e-05 5.75230000e-05 0.00000000e+00 0.00000000e+00
1000 713000 3528000 1.19040000e-04 1.19040000e-04 0.00000000e+00 0.00000000e+00
1000 714000 3528000 1.15630000e-04 1.15630000e-04 0.00000000e+00 0.00000000e+00
1000 715000 3528000 1.13660000e-04 1.13660000e-04 0.00000000e+00 0.00000000e+00
1000 716000 3528000 1.02540000e-04 1.02540000e-04 0.00000000e+00 0.00000000e+00
1000 717000 3528000 1.31430000e-04 1.31430000e-04 0.00000000e+00 0.00000000e+00
1000 718000 3528000 1.48690000e-04 1.48690000e-04 0.00000000e+00 0.00000000e+00
1000 719000 3528000 1.83400000e-04 1.83400000e-04 0.00000000e+00 0.00000000e+00
1000 720000 3528000 1.81990000e-04 1.81990000e-04 0.00000000e+00 0.00000000e+00
1000 721000 3528000 2.29470000e-04 2.29470000e-04 0.00000000e+00 0.00000000e+00
1000 722000 3528000 2.62810000e-04 2.62810000e-04 0.00000000e+00 0.00000000e+00
1000 723000 3528000 3.25990000e-04 3.25990000e-04 0.00000000e+00 0.00000000e+00
1000 724000 3528000 3.80140000e-04 3.80140000e-04 0.00000000e+00 0.00000000e+00
1000 725000 3528000 3.87430000e-04 3.87430000e-04 0.00000000e+00 0.00000000e+00
1000 726000 3528000 3.85630000e-04 3.85630000e-04 0.00000000e+00 0.00000000e+00
1000 727000 3528000 3.69330000e-04 3.69330000e-04 0.00000000e+00 0.00000000e+00
1000 728000 3528000 4.02110000e-04 4.02110000e-04 0.00000000e+00 0.00000000e+00
1000 729000 3528000 4.17180000e-04 4.17180000e-04 0.00000000e+00 0.00000000e+00
1000 730000 3528000 4.13600000e-04 4.13600000e-04 0.00000000e+00 0.00000000e+00
1000 731000 3528000 4.21510000e-04 4.21510000e-04 0.00000000e+00 0.00000000e+00
1000 732000 3528000 4.20180000e-04 4.20180000e-04 0.00000000e+00 0.00000000e+00
1000 733000 3528000 4.17220000e-04 4.17220000e-04 0.00000000e+00 0.00000000e+00
1000 734000 3528000 4.09720000e-04 4.09720000e-04 0.00000000e+00 0.00000000e+00
1000 735000 3528000 4.01090000e-04 4.01090000e-04 0.00000000e+00 0.00000000e+00
1000 736000 3528000 3.91450000e-04 3.91450000e-04 0.00000000e+00 0.00000000e+00
1000 737000 3528000 3.80940000e-04 3.80940000e-04 0.00000000e+00 0.00000000e+00
1000 738000 3528000 3.69660000e-04 3.69660000e-04 0.00000000e+00 0.00000000e+00
1000 739000 3528000 3.57770000e-04 3.57770000e-04 0.00000000e+00 0.00000000e+00
1000 740000 3528000 3.45380000e-04 3.45380000e-04 0.00000000e+00 0.00000000e+00
1000 741000 3528000 3.32630000e-04 3.32630000e-04 0.00000000e+00 0.00000000e+00
1000 742000 3528000 3.19640000e-04 3.19640000e-04 0.00000000e+00 0.00000000e+00
1000 743000 3528000 3.06520000e-04 3.06520000e-04 0.00000000e+00 0.00000000e+00
1000 744000 3528000 2.93370000e-04 2.93370000e-04 0.00000000e+00 0.00000000e+00
1000 745000 3528000 2.80300000e-04 2.80300000e-04 0.00000000e+00 0.00000000e+00
1000 746000 3528000 2.67400000e-04 2.67400000e-04 0.00000000e+00 0.00000000e+00
1000 747000 3528000 2.54720000e-04 2.54720000e-04 0.00000000e+00 0.00000000e+00
1000 748000 3528000 2.42360000e-04 2.42360000e-04 0.00000000e+00 0.00000000e+00
1000 749000 3528000 2.30340000e-04 2.30340000e-04 0.00000000e+00 0.00000000e+00
1000 750000 3528000 2.18730000e-04 2.18730000e-04 0.00000000e+00 0.00000000e+00
1000 650000 3527000 5.42050000e-07 5.42050000e-07 0.00000000e+00 0.00000000e+00
1000 651000 3527000 5.85820000e-07 5.85820000e-07 0.00000000e+00 0.00000000e+00
1000 652000 3527000 6.26600000e-07 6.26600000e-07 0.00000000e+00 0.00000000e+00
1000 653000 3527000 6.65040000e-07 6.65040000e-07 0.00000000e+00 0.00000000e+00
1000 654000 3527000 7.00150000e-07 7.00150000e-07 0.00000000e+00 0.00000000e+00
1000 655000 3527000 7.31250000e-07 7.31250000e-07 0.00000000e+00 0.00000000e+00
1000 656000 3527000 7.55730000e-07 7.55730000e-07 0.00000000e+00 0.00000000e+00
1000 657000 3527000 7.71980000e-07 7.71980000e-07 0.00000000e+00 0.00000000e+00
1000 658000 3527000 7.76710000e-07 7.76710000e-07 0.00000000e+00 0.00000000e+00
1000 659000 3527000 7.80950000e-07 7.80950000e-07 0.00000000e+00 0.00000000e+00
1000 660000 3527000 7.92580000e-07 7.92580000e-07 0.00000000e+00 0.00000000e+00
1000 661000 3527000 7.96970000e-07 7.96970000e-07 0.00000000e+00 0.00000000e+00
1000 662000 3527000 7.93660000e-07 7.93660000e-07 0.00000000e+00 0.00000000e+00
1000 663000 3527000 7.82400000e-07 7.82400000e-07 0.00000000e+00 0.00000000e+00
1000 664000 3527000 7.93030000e-07 7.93030000e-07 0.00000000e+00 0.00000000e+00
1000 665000 3527000 8.48050000e-07 8.48050000e-07 0.00000000e+00 0.00000000e+00
1000 666000 3527000 1.07790000e-06 1.07790000e-06 0.00000000e+00 0.00000000e+00
1000 667000 3527000 1.33630000e-06 1.33630000e-06 0.00000000e+00 0.00000000e+00
1000 668000 3527000 1.36290000e-06 1.36290000e-06 0.00000000e+00 0.00000000e+00
1000 669000 3527000 9.21540000e-07 9.21540000e-07 0.00000000e+00 0.00000000e+00
1000 670000 3527000 6.27540000e-07 6.27540000e-07 0.00000000e+00 0.00000000e+00
1000 671000 3527000 9.78770000e-07 9.78770000e-07 0.00000000e+00 0.00000000e+00
1000 672000 3527000 2.53930000e-06 2.53930000e-06 0.00000000e+00 0.00000000e+00
1000 673000 3527000 1.31780000e-05 1.31780000e-05 0.00000000e+00 0.00000000e+00
1000 674000 3527000 1.91200000e-04 1.91200000e-04 0.00000000e+00 0.00000000e+00
1000 675000 3527000 2.63220000e-03 2.63220000e-03 0.00000000e+00 0.00000000e+00
1000 676000 3527000 3.14690000e-02 3.14690000e-02 0.00000000e+00 0.00000000e+00
1000 677000 3527000 2.97360000e-01 2.97360000e-01 0.00000000e+00 0.00000000e+00
1000 678000 3527000 2.03560000e+00 2.03560000e+00 0.00000000e+00 0.00000000e+00
1000 679000 3527000 9.02820000e+00 9.02820000e+00 0.00000000e+00 0.00000000e+00
1000 680000 3527000 2.37350000e+01 2.37350000e+01 0.00000000e+00 0.00000000e+00
1000 681000 3527000 3.71080000e+01 3.71080000e+01 0.00000000e+00 0.00000000e+00
1000 682000 3527000 3.95510000e+01 3.95510000e+01 0.00000000e+00 0.00000000e+00
1000 683000 3527000 3.35060000e+01 3.35060000e+01 0.00000000e+00 0.00000000e+00
1000 684000 3527000 2.54460000e+01 2.54460000e+01 0.00000000e+00 0.00000000e+00
1000 685000 3527000 1.85430000e+01 1.85430000e+01 0.00000000e+00 0.00000000e+00
1000 686000 3527000 1.33290000e+01 1.33290000e+01 0.00000000e+00 0.00000000e+00
1000 687000 3527000 9.50800000e+00 9.50800000e+00 0.00000000e+00 0.00000000e+00
1000 688000 3527000 6.70980000e+00 6.70980000e+00 0.00000000e+00 0.00000000e+00
1000 689000 3527000 4.66850000e+00 4.66850000e+00 0.00000000e+00 0.00000000e+00
1000 690000 3527000 3.13520000e+00 3.13520000e+00 0.00000000e+00 0.00000000e+00
1000 691000 3527000 2.04510000e+00 2.04510000e+00 0.00000000e+00 0.00000000e+00
1000 692000 3527000 1.31330000e+00 1.31330000e+00 0.00000000e+00 0.00000000e+00
1000 693000 3527000 7.93590000e-01 7.93590000e-01 0.00000000e+00 0.00000000e+00
1000 694000 3527000 4.51940000e-01 4.51940000e-01 0.00000000e+00 0.00000000e+00
1000 695000 3527000 2.54010000e-01 2.54010000e-01 0.00000000e+00 0.00000000e+00
1000 696000 3527000 1.37830000e-01 1.37830000e-01 0.00000000e+00 0.00000000e+00
1000 697000 3527000 7.22620000e-02 7.22620000e-02 0.00000000e+00 0.00000000e+00
1000 698000 3527000 3.66630000e-02 3.66630000e-02 0.00000000e+00 0.00000000e+00
1000 699000 3527000 1.80890000e-02 1.80890000e-02 0.00000000e+00 0.00000000e+00
1000 700000 3527000 8.69110000e-03 8.69110000e-03 0.00000000e+00 0.00000000e+00
1000 701000 3527000 4.07770000e-03 4.07770000e-03 0.00000000e+00 0.00000000e+00
1000 702000 3527000 1.87630000e-03 1.87630000e-03 0.00000000e+00 0.00000000e+00
1000 703000 3527000 8.77980000e-04 8.77980000e-04 0.00000000e+00 0.00000000e+00
1000 704000 3527000 4.43380000e-04 4.43380000e-04 0.00000000e+00 0.00000000e+00
1000 705000 3527000 2.19330000e-04 2.19330000e-04 0.00000000e+00 0.00000000e+00
1000 706000 3527000 1.68800000e-04 1.68800000e-04 0.00000000e+00 0.00000000e+00
1000 707000 3527000 1.03050000e-04 1.03050000e-04 0.00000000e+00 0.00000000e+00
1000 708000 3527000 9.11150000e-05 9.11150000e-05 0.00000000e+00 0.00000000e+00
1000 709000 3527000 5.33700000e-05 5.33700000e-05 0.00000000e+00 0.00000000e+00
1000 710000 3527000 5.46380000e-05 5.46380000e-05 0.00000000e+00 0.00000000e+00
1000 711000 3527000 8.60550000e-05 8.60550000e-05 0.00000000e+00 0.00000000e+00
1000 712000 3527000 1.54140000e-04 1.54140000e-04 0.00000000e+00 0.00000000e+00
1000 713000 3527000 1.71140000e-04 1.71140000e-04 0.00000000e+00 0.00000000e+00
1000 714000 3527000 1.34570000e-04 1.34570000e-04 0.00000000e+00 0.00000000e+00
1000 715000 3527000 1.67200000e-04 1.67200000e-04 0.00000000e+00 0.00000000e+00
1000 716000 3527000 1.91330000e-04 1.91330000e-04 0.00000000e+00 0.00000000e+00
1000 717000 3527000 1.93810000e-04 1.93810000e-04 0.00000000e+00 0.00000000e+00
1000 718000 3527000 3.05490000e-04 3.05490000e-04 0.00000000e+00 0.00000000e+00
1000 719000 3527000 3.02810000e-04 3.02810000e-04 0.00000000e+00 0.00000000e+00
1000 720000 3527000 3.07850000e-04 3.07850000e-04 0.00000000e+00 0.00000000e+00
1000 721000 3527000 3.27610000e-04 3.27610000e-04 0.00000000e+00 0.00000000e+00
1000 722000 3527000 3.01980000e-04 3.01980000e-04 0.00000000e+00 0.00000000e+00
1000 723000 3527000 4.34570000e-04 4.34570000e-04 0.00000000e+00 0.00000000e+00
1000 724000 3527000 4.82370000e-04 4.82370000e-04 0.00000000e+00 0.00000000e+00
1000 725000 3527000 4.99830000e-04 4.99830000e-04 0.00000000e+00 0.00000000e+00
1000 726000 3527000 5.23380000e-04 5.23380000e-04 0.00000000e+00 0.00000000e+00
1000 727000 3527000 4.74240000e-04 4.74240000e-04 0.00000000e+00 0.00000000e+00
1000 728000 3527000 5.29650000e-04 5.29650000e-04 0.00000000e+00 0.00000000e+00
1000 729000 3527000 5.21610000e-04 5.21610000e-04 0.00000000e+00 0.00000000e+00
1000 730000 3527000 5.46620000e-04 5.46620000e-04 0.00000000e+00 0.00000000e+00
1000 731000 3527000 5.50340000e-04 5.50340000e-04 0.00000000e+00 0.00000000e+00
1000 732000 3527000 5.38860000e-04 5.38860000e-04 0.00000000e+00 0.00000000e+00
1000 733000 3527000 5.40220000e-04 5.40220000e-04 0.00000000e+00 0.00000000e+00
1000 734000 3527000 5.30110000e-04 5.30110000e-04 0.00000000e+00 0.00000000e+00
1000 735000 3527000 5.18540000e-04 5.18540000e-04 0.00000000e+00 0.00000000e+00
1000 736000 3527000 5.05660000e-04 5.05660000e-04 0.00000000e+00 0.00000000e+00
1000 737000 3527000 4.91620000e-04 4.91620000e-04 0.00000000e+00 0.00000000e+00
1000 738000 3527000 4.76610000e-04 4.76610000e-04 0.00000000e+00 0.00000000e+00
1000 739000 3527000 4.60800000e-04 4.60800000e-04 0.00000000e+00 0.00000000e+00
1000 740000 3527000 4.44350000e-04 4.44350000e-04 0.00000000e+00 0.00000000e+00
1000 741000 3527000 4.27440000e-04 4.27440000e-04 0.00000000e+00 0.00000000e+00
1000 742000 3527000 4.10230000e-04 4.10230000e-04 0.00000000e+00 0.00000000e+00
1000 743000 3527000 3.92860000e-04 3.92860000e-04 0.00000000e+00 0.00000000e+00
1000 744000 3527000 3.75490000e-04 3.75490000e-04 0.00000000e+00 0.00000000e+00
1000 745000 3527000 3.58230000e-04 3.58230000e-04 0.00000000e+00 0.00000000e+00
1000 746000 3527000 3.41190000e-04 3.41190000e-04 0.00000000e+00 0.00000000e+00
1000 747000 3527000 3.24480000e-04 3.24480000e-04 0.00000000e+00 0.00000000e+00
1000 748000 3527000 3.08190000e-04 3.08190000e-04 0.00000000e+00 0.00000000e+00
1000 749000 3527000 2.92380000e-04 2.92380000e-04 0.00000000e+00 0.00000000e+00
1000 750000 3527000 2.77110000e-04 2.77110000e-04 0.00000000e+00 0.00000000e+00
1000 650000 3526000 5.70310000e-07 5.70310000e-07 0.00000000e+00 0.00000000e+00
1000 651000 3526000 6.18160000e-07 6.18160000e-07 0.00000000e+00 0.00000000e+00
1000 652000 3526000 6.63600000e-07 6.63600000e-07 0.00000000e+00 0.00000000e+00
1000 653000 3526000 7.06610000e-07 7.06610000e-07 0.00000000e+00 0.00000000e+00
1000 654000 3526000 7.46940000e-07 7.46940000e-07 0.00000000e+00 0.00000000e+00
1000 655000 3526000 7.83020000e-07 7.83020000e-07 0.00000000e+00 0.00000000e+00
1000 656000 3526000 8.13520000e-07 8.13520000e-07 0.00000000e+00 0.00000000e+00
1000 657000 3526000 8.34680000e-07 8.34680000e-07 0.00000000e+00 0.00000000e+00
1000 658000 3526000 8.43820000e-07 8.43820000e-07 0.00000000e+00 0.00000000e+00
1000 659000 3526000 8.54000000e-07 8.54000000e-07 0.00000000e+00 0.00000000e+00
1000 660000 3526000 8.70500000e-07 8.70500000e-07 0.00000000e+00 0.00000000e+00
1000 661000 3526000 8.79640000e-07 8.79640000e-07 0.00000000e+00 0.00000000e+00
1000 662000 3526000 8.81830000e-07 8.81830000e-07 0.00000000e+00 0.00000000e+00
1000 663000 3526000 8.77510000e-07 8.77510000e-07 0.00000000e+00 0.00000000e+00
1000 664000 3526000 8.98650000e-07 8.98650000e-07 0.00000000e+00 0.00000000e+00
1000 665000 3526000 9.95200000e-07 9.95200000e-07 0.00000000e+00 0.00000000e+00
1000 666000 3526000 1.69800000e-06 1.69800000e-06 0.00000000e+00 0.00000000e+00
1000 667000 3526000 1.36320000e-06 1.36320000e-06 0.00000000e+00 0.00000000e+00
1000 668000 3526000 1.72640000e-06 1.72640000e-06 0.00000000e+00 0.00000000e+00
1000 669000 3526000 1.73850000e-06 1.73850000e-06 0.00000000e+00 0.00000000e+00
1000 670000 3526000 1.68150000e-06 1.68150000e-06 0.00000000e+00 0.00000000e+00
1000 671000 3526000 2.42080000e-06 2.42080000e-06 0.00000000e+00 0.00000000e+00
1000 672000 3526000 3.12690000e-06 3.12690000e-06 0.00000000e+00 0.00000000e+00
1000 673000 3526000 8.77700000e-06 8.77700000e-06 0.00000000e+00 0.00000000e+00
1000 674000 3526000 1.03300000e-04 1.03300000e-04 0.00000000e+00 0.00000000e+00
1000 675000 3526000 1.28140000e-03 1.28140000e-03 0.00000000e+00 0.00000000e+00
1000 676000 3526000 1.35360000e-02 1.35360000e-02 0.00000000e+00 0.00000000e+00
1000 677000 3526000 1.16450000e-01 1.16450000e-01 0.00000000e+00 0.00000000e+00
1000 678000 3526000 7.65520000e-01 7.65520000e-01 0.00000000e+00 0.00000000e+00
1000 679000 3526000 3.41310000e+00 3.41310000e+00 0.00000000e+00 0.00000000e+00
1000 680000 3526000 1.03280000e+01 1.03280000e+01 0.00000000e+00 0.00000000e+00
1000 681000 3526000 2.06100000e+01 2.06100000e+01 0.00000000e+00 0.00000000e+00
1000 682000 3526000 2.79770000e+01 2.79770000e+01 0.00000000e+00 0.00000000e+00
1000 683000 3526000 2.92170000e+01 2.92170000e+01 0.00000000e+00 0.00000000e+00
1000 684000 3526000 2.57700000e+01 2.57700000e+01 0.00000000e+00 0.00000000e+00
1000 685000 3526000 2.09750000e+01 2.09750000e+01 0.00000000e+00 0.00000000e+00
1000 686000 3526000 1.63570000e+01 1.63570000e+01 0.00000000e+00 0.00000000e+00
1000 687000 3526000 1.24820000e+01 1.24820000e+01 0.00000000e+00 0.00000000e+00
1000 688000 3526000 9.41990000e+00 9.41990000e+00 0.00000000e+00 0.00000000e+00
1000 689000 3526000 6.90700000e+00 6.90700000e+00 0.00000000e+00 0.00000000e+00
1000 690000 3526000 4.94970000e+00 4.94970000e+00 0.00000000e+00 0.00000000e+00
1000 691000 3526000 3.45080000e+00 3.45080000e+00 0.00000000e+00 0.00000000e+00
1000 692000 3526000 2.29410000e+00 2.29410000e+00 0.00000000e+00 0.00000000e+00
1000 693000 3526000 1.51590000e+00 1.51590000e+00 0.00000000e+00 0.00000000e+00
1000 694000 3526000 9.35500000e-01 9.35500000e-01 0.00000000e+00 0.00000000e+00
1000 695000 3526000 5.56790000e-01 5.56790000e-01 0.00000000e+00 0.00000000e+00
1000 696000 3526000 3.23400000e-01 3.23400000e-01 0.00000000e+00 0.00000000e+00
1000 697000 3526000 1.81490000e-01 1.81490000e-01 0.00000000e+00 0.00000000e+00
1000 698000 3526000 9.85150000e-02 9.85150000e-02 0.00000000e+00 0.00000000e+00
1000 699000 3526000 5.18290000e-02 5.18290000e-02 0.00000000e+00 0.00000000e+00
1000 700000 3526000 2.64780000e-02 2.64780000e-02 0.00000000e+00 0.00000000e+00
1000 701000 3526000 1.31490000e-02 1.31490000e-02 0.00000000e+00 0.00000000e+00
1000 702000 3526000 6.37850000e-03 6.37850000e-03 0.00000000e+00 0.00000000e+00
1000 703000 3526000 3.05610000e-03 3.05610000e-03 0.00000000e+00 0.00000000e+00
1000 704000 3526000 1.46090000e-03 1.46090000e-03 0.00000000e+00 0.00000000e+00
1000 705000 3526000 7.31010000e-04 7.31010000e-04 0.00000000e+00 0.00000000e+00
1000 706000 3526000 3.38840000e-04 3.38840000e-04 0.00000000e+00 0.00000000e+00
1000 707000 3526000 2.05170000e-04 2.05170000e-04 0.00000000e+00 0.00000000e+00
1000 708000 3526000 1.03360000e-04 1.03360000e-04 0.00000000e+00 0.00000000e+00
1000 709000 3526000 3.61740000e-05 3.61740000e-05 0.00000000e+00 0.00000000e+00
1000 710000 3526000 1.20660000e-04 1.20660000e-04 0.00000000e+00 0.00000000e+00
1000 711000 3526000 1.30990000e-04 1.30990000e-04 0.00000000e+00 0.00000000e+00
1000 712000 3526000 1.59080000e-04 1.59080000e-04 0.00000000e+00 0.00000000e+00
1000 713000 3526000 1.58760000e-04 1.58760000e-04 0.00000000e+00 0.00000000e+00
1000 714000 3526000 2.27070000e-04 2.27070000e-04 0.00000000e+00 0.00000000e+00
1000 715000 3526000 2.41100000e-04 2.41100000e-04 0.00000000e+00 0.00000000e+00
1000 716000 3526000 2.68060000e-04 2.68060000e-04 0.00000000e+00 0.00000000e+00
1000 717000 3526000 3.69990000e-04 3.69990000e-04 0.00000000e+00 0.00000000e+00
1000 718000 3526000 4.41970000e-04 4.41970000e-04 0.00000000e+00 0.00000000e+00
1000 719000 3526000 3.35780000e-04 3.35780000e-04 0.00000000e+00 0.00000000e+00
1000 720000 3526000 3.76360000e-04 3.76360000e-04 0.00000000e+00 0.00000000e+00
1000 721000 3526000 4.32610000e-04 4.32610000e-04 0.00000000e+00 0.00000000e+00
1000 722000 3526000 5.19190000e-04 5.19190000e-04 0.00000000e+00 0.00000000e+00
1000 723000 3526000 5.52120000e-04 5.52120000e-04 0.00000000e+00 0.00000000e+00
1000 724000 3526000 5.86850000e-04 5.86850000e-04 0.00000000e+00 0.00000000e+00
1000 725000 3526000 6.08720000e-04 6.08720000e-04 0.00000000e+00 0.00000000e+00
1000 726000 3526000 6.70630000e-04 6.70630000e-04 0.00000000e+00 0.00000000e+00
1000 727000 3526000 6.89340000e-04 6.89340000e-04 0.00000000e+00 0.00000000e+00
1000 728000 3526000 7.05480000e-04 7.05480000e-04 0.00000000e+00 0.00000000e+00
1000 729000 3526000 7.14560000e-04 7.14560000e-04 0.00000000e+00 0.00000000e+00
1000 730000 3526000 7.05120000e-04 7.05120000e-04 0.00000000e+00 0.00000000e+00
1000 731000 3526000 7.10140000e-04 7.10140000e-04 0.00000000e+00 0.00000000e+00
1000 732000 3526000 6.96750000e-04 6.96750000e-04 0.00000000e+00 0.00000000e+00
1000 733000 3526000 6.96400000e-04 6.96400000e-04 0.00000000e+00 0.00000000e+00
1000 734000 3526000 6.82940000e-04 6.82940000e-04 0.00000000e+00 0.00000000e+00
1000 735000 3526000 6.67570000e-04 6.67570000e-04 0.00000000e+00 0.00000000e+00
1000 736000 3526000 6.50500000e-04 6.50500000e-04 0.00000000e+00 0.00000000e+00
1000 737000 3526000 6.31940000e-04 6.31940000e-04 0.00000000e+00 0.00000000e+00
1000 738000 3526000 6.12120000e-04 6.12120000e-04 0.00000000e+00 0.00000000e+00
1000 739000 3526000 5.91270000e-04 5.91270000e-04 0.00000000e+00 0.00000000e+00
1000 740000 3526000 5.69610000e-04 5.69610000e-04 0.00000000e+00 0.00000000e+00
1000 741000 3526000 5.47360000e-04 5.47360000e-04 0.00000000e+00 0.00000000e+00
1000 742000 3526000 5.24740000e-04 5.24740000e-04 0.00000000e+00 0.00000000e+00
1000 743000 3526000 5.01940000e-04 5.01940000e-04 0.00000000e+00 0.00000000e+00
1000 744000 3526000 4.79140000e-04 4.79140000e-04 0.00000000e+00 0.00000000e+00
1000 745000 3526000 4.56500000e-04 4.56500000e-04 0.00000000e+00 0.00000000e+00
1000 746000 3526000 4.34180000e-04 4.34180000e-04 0.00000000e+00 0.00000000e+00
1000 747000 3526000 4.12310000e-04 4.12310000e-04 0.00000000e+00 0.00000000e+00
1000 748000 3526000 3.90990000e-04 3.90990000e-04 0.00000000e+00 0.00000000e+00
1000 749000 3526000 3.70320000e-04 3.70320000e-04 0.00000000e+00 0.00000000e+00
1000 750000 3526000 3.50380000e-04 3.50380000e-04 0.00000000e+00 0.00000000e+00
1000 650000 3525000 6.01120000e-07 6.01120000e-07 0.00000000e+00 0.00000000e+00
1000 651000 3525000 6.53480000e-07 6.53480000e-07 0.00000000e+00 0.00000000e+00
1000 652000 3525000 7.03700000e-07 7.03700000e-07 0.00000000e+00 0.00000000e+00
1000 653000 3525000 7.52210000e-07 7.52210000e-07 0.00000000e+00 0.00000000e+00
1000 654000 3525000 7.98910000e-07 7.98910000e-07 0.00000000e+00 0.00000000e+00
1000 655000 3525000 8.41760000e-07 8.41760000e-07 0.00000000e+00 0.00000000e+00
1000 656000 3525000 8.78770000e-07 8.78770000e-07 0.00000000e+00 0.00000000e+00
1000 657000 3525000 9.06380000e-07 9.06380000e-07 0.00000000e+00 0.00000000e+00
1000 658000 3525000 9.21580000e-07 9.21580000e-07 0.00000000e+00 0.00000000e+00
1000 659000 3525000 9.37710000e-07 9.37710000e-07 0.00000000e+00 0.00000000e+00
1000 660000 3525000 9.61730000e-07 9.61730000e-07 0.00000000e+00 0.00000000e+00
1000 661000 3525000 9.79240000e-07 9.79240000e-07 0.00000000e+00 0.00000000e+00
1000 662000 3525000 9.94320000e-07 9.94320000e-07 0.00000000e+00 0.00000000e+00
1000 663000 3525000 1.01440000e-06 1.01440000e-06 0.00000000e+00 0.00000000e+00
1000 664000 3525000 1.06290000e-06 1.06290000e-06 0.00000000e+00 0.00000000e+00
1000 665000 3525000 1.18110000e-06 1.18110000e-06 0.00000000e+00 0.00000000e+00
1000 666000 3525000 1.70660000e-06 1.70660000e-06 0.00000000e+00 0.00000000e+00
1000 667000 3525000 1.75200000e-06 1.75200000e-06 0.00000000e+00 0.00000000e+00
1000 668000 3525000 1.62640000e-06 1.62640000e-06 0.00000000e+00 0.00000000e+00
1000 669000 3525000 3.19890000e-06 3.19890000e-06 0.00000000e+00 0.00000000e+00
1000 670000 3525000 3.82440000e-06 3.82440000e-06 0.00000000e+00 0.00000000e+00
1000 671000 3525000 3.35330000e-06 3.35330000e-06 0.00000000e+00 0.00000000e+00
1000 672000 3525000 3.39240000e-06 3.39240000e-06 0.00000000e+00 0.00000000e+00
1000 673000 3525000 6.11440000e-06 6.11440000e-06 0.00000000e+00 0.00000000e+00
1000 674000 3525000 4.95010000e-05 4.95010000e-05 0.00000000e+00 0.00000000e+00
1000 675000 3525000 5.42350000e-04 5.42350000e-04 0.00000000e+00 0.00000000e+00
1000 676000 3525000 5.33340000e-03 5.33340000e-03 0.00000000e+00 0.00000000e+00
1000 677000 3525000 4.12800000e-02 4.12800000e-02 0.00000000e+00 0.00000000e+00
1000 678000 3525000 2.60540000e-01 2.60540000e-01 0.00000000e+00 0.00000000e+00
1000 679000 3525000 1.26690000e+00 1.26690000e+00 0.00000000e+00 0.00000000e+00
1000 680000 3525000 4.40820000e+00 4.40820000e+00 0.00000000e+00 0.00000000e+00
1000 681000 3525000 1.02590000e+01 1.02590000e+01 0.00000000e+00 0.00000000e+00
1000 682000 3525000 1.68100000e+01 1.68100000e+01 0.00000000e+00 0.00000000e+00
1000 683000 3525000 2.13770000e+01 2.13770000e+01 0.00000000e+00 0.00000000e+00
1000 684000 3525000 2.21760000e+01 2.21760000e+01 0.00000000e+00 0.00000000e+00
1000 685000 3525000 2.03770000e+01 2.03770000e+01 0.00000000e+00 0.00000000e+00
1000 686000 3525000 1.74780000e+01 1.74780000e+01 0.00000000e+00 0.00000000e+00
1000 687000 3525000 1.43760000e+01 1.43760000e+01 0.00000000e+00 0.00000000e+00
1000 688000 3525000 1.15420000e+01 1.15420000e+01 0.00000000e+00 0.00000000e+00
1000 689000 3525000 9.02470000e+00 9.02470000e+00 0.00000000e+00 0.00000000e+00
1000 690000 3525000 6.87080000e+00 6.87080000e+00 0.00000000e+00 0.00000000e+00
1000 691000 3525000 5.09300000e+00 5.09300000e+00 0.00000000e+00 0.00000000e+00
1000 692000 3525000 3.63940000e+00 3.63940000e+00 0.00000000e+00 0.00000000e+00
1000 693000 3525000 2.51520000e+00 2.51520000e+00 0.00000000e+00 0.00000000e+00
1000 694000 3525000 1.67740000e+00 1.67740000e+00 0.00000000e+00 0.00000000e+00
1000 695000 3525000 1.07840000e+00 1.07840000e+00 0.00000000e+00 0.00000000e+00
1000 696000 3525000 6.70240000e-01 6.70240000e-01 0.00000000e+00 0.00000000e+00
1000 697000 3525000 4.02070000e-01 4.02070000e-01 0.00000000e+00 0.00000000e+00
1000 698000 3525000 2.33520000e-01 2.33520000e-01 0.00000000e+00 0.00000000e+00
1000 699000 3525000 1.31230000e-01 1.31230000e-01 0.00000000e+00 0.00000000e+00
1000 700000 3525000 7.14640000e-02 7.14640000e-02 0.00000000e+00 0.00000000e+00
1000 701000 3525000 3.77290000e-02 3.77290000e-02 0.00000000e+00 0.00000000e+00
1000 702000 3525000 1.93750000e-02 1.93750000e-02 0.00000000e+00 0.00000000e+00
1000 703000 3525000 9.66050000e-03 9.66050000e-03 0.00000000e+00 0.00000000e+00
1000 704000 3525000 4.78830000e-03 4.78830000e-03 0.00000000e+00 0.00000000e+00
1000 705000 3525000 2.30320000e-03 2.30320000e-03 0.00000000e+00 0.00000000e+00
1000 706000 3525000 1.10890000e-03 1.10890000e-03 0.00000000e+00 0.00000000e+00
1000 707000 3525000 5.71320000e-04 5.71320000e-04 0.00000000e+00 0.00000000e+00
1000 708000 3525000 2.71170000e-04 2.71170000e-04 0.00000000e+00 0.00000000e+00
1000 709000 3525000 1.65530000e-04 1.65530000e-04 0.00000000e+00 0.00000000e+00
1000 710000 3525000 1.28440000e-04 1.28440000e-04 0.00000000e+00 0.00000000e+00
1000 711000 3525000 1.89580000e-04 1.89580000e-04 0.00000000e+00 0.00000000e+00
1000 712000 3525000 1.89670000e-04 1.89670000e-04 0.00000000e+00 0.00000000e+00
1000 713000 3525000 1.92790000e-04 1.92790000e-04 0.00000000e+00 0.00000000e+00
1000 714000 3525000 2.68420000e-04 2.68420000e-04 0.00000000e+00 0.00000000e+00
1000 715000 3525000 2.94550000e-04 2.94550000e-04 0.00000000e+00 0.00000000e+00
1000 716000 3525000 4.47600000e-04 4.47600000e-04 0.00000000e+00 0.00000000e+00
1000 717000 3525000 4.63010000e-04 4.63010000e-04 0.00000000e+00 0.00000000e+00
1000 718000 3525000 4.29860000e-04 4.29860000e-04 0.00000000e+00 0.00000000e+00
1000 719000 3525000 5.46200000e-04 5.46200000e-04 0.00000000e+00 0.00000000e+00
1000 720000 3525000 4.49210000e-04 4.49210000e-04 0.00000000e+00 0.00000000e+00
1000 721000 3525000 5.43120000e-04 5.43120000e-04 0.00000000e+00 0.00000000e+00
1000 722000 3525000 5.67270000e-04 5.67270000e-04 0.00000000e+00 0.00000000e+00
1000 723000 3525000 6.90640000e-04 6.90640000e-04 0.00000000e+00 0.00000000e+00
1000 724000 3525000 7.56530000e-04 7.56530000e-04 0.00000000e+00 0.00000000e+00
1000 725000 3525000 7.88570000e-04 7.88570000e-04 0.00000000e+00 0.00000000e+00
1000 726000 3525000 8.27760000e-04 8.27760000e-04 0.00000000e+00 0.00000000e+00
1000 727000 3525000 8.45770000e-04 8.45770000e-04 0.00000000e+00 0.00000000e+00
1000 728000 3525000 8.55220000e-04 8.55220000e-04 0.00000000e+00 0.00000000e+00
1000 729000 3525000 9.14520000e-04 9.14520000e-04 0.00000000e+00 0.00000000e+00
1000 730000 3525000 9.14280000e-04 9.14280000e-04 0.00000000e+00 0.00000000e+00
1000 731000 3525000 9.04120000e-04 9.04120000e-04 0.00000000e+00 0.00000000e+00
1000 732000 3525000 9.04290000e-04 9.04290000e-04 0.00000000e+00 0.00000000e+00
1000 733000 3525000 8.93490000e-04 8.93490000e-04 0.00000000e+00 0.00000000e+00
1000 734000 3525000 8.75730000e-04 8.75730000e-04 0.00000000e+00 0.00000000e+00
1000 735000 3525000 8.55520000e-04 8.55520000e-04 0.00000000e+00 0.00000000e+00
1000 736000 3525000 8.33110000e-04 8.33110000e-04 0.00000000e+00 0.00000000e+00
1000 737000 3525000 8.08790000e-04 8.08790000e-04 0.00000000e+00 0.00000000e+00
1000 738000 3525000 7.82850000e-04 7.82850000e-04 0.00000000e+00 0.00000000e+00
1000 739000 3525000 7.55590000e-04 7.55590000e-04 0.00000000e+00 0.00000000e+00
1000 740000 3525000 7.27290000e-04 7.27290000e-04 0.00000000e+00 0.00000000e+00
1000 741000 3525000 6.98260000e-04 6.98260000e-04 0.00000000e+00 0.00000000e+00
1000 742000 3525000 6.68750000e-04 6.68750000e-04 0.00000000e+00 0.00000000e+00
1000 743000 3525000 6.39020000e-04 6.39020000e-04 0.00000000e+00 0.00000000e+00
1000 744000 3525000 6.09320000e-04 6.09320000e-04 0.00000000e+00 0.00000000e+00
1000 745000 3525000 5.79850000e-04 5.79850000e-04 0.00000000e+00 0.00000000e+00
1000 746000 3525000 5.50820000e-04 5.50820000e-04 0.00000000e+00 0.00000000e+00
1000 747000 3525000 5.22380000e-04 5.22380000e-04 0.00000000e+00 0.00000000e+00
1000 748000 3525000 4.94680000e-04 4.94680000e-04 0.00000000e+00 0.00000000e+00
1000 749000 3525000 4.67840000e-04 4.67840000e-04 0.00000000e+00 0.00000000e+00
1000 750000 3525000 4.41950000e-04 4.41950000e-04 0.00000000e+00 0.00000000e+00
1000 650000 3524000 6.34330000e-07 6.34330000e-07 0.00000000e+00 0.00000000e+00
1000 651000 3524000 6.92420000e-07 6.92420000e-07 0.00000000e+00 0.00000000e+00
1000 652000 3524000 7.48400000e-07 7.48400000e-07 0.00000000e+00 0.00000000e+00
1000 653000 3524000 8.03610000e-07 8.03610000e-07 0.00000000e+00 0.00000000e+00
1000 654000 3524000 8.57120000e-07 8.57120000e-07 0.00000000e+00 0.00000000e+00
1000 655000 3524000 9.07770000e-07 9.07770000e-07 0.00000000e+00 0.00000000e+00
1000 656000 3524000 9.52990000e-07 9.52990000e-07 0.00000000e+00 0.00000000e+00
1000 657000 3524000 9.89570000e-07 9.89570000e-07 0.00000000e+00 0.00000000e+00
1000 658000 3524000 1.01300000e-06 1.01300000e-06 0.00000000e+00 0.00000000e+00
1000 659000 3524000 1.03520000e-06 1.03520000e-06 0.00000000e+00 0.00000000e+00
1000 660000 3524000 1.06790000e-06 1.06790000e-06 0.00000000e+00 0.00000000e+00
1000 661000 3524000 1.09650000e-06 1.09650000e-06 0.00000000e+00 0.00000000e+00
1000 662000 3524000 1.13150000e-06 1.13150000e-06 0.00000000e+00 0.00000000e+00
1000 663000 3524000 1.19700000e-06 1.19700000e-06 0.00000000e+00 0.00000000e+00
1000 664000 3524000 1.33170000e-06 1.33170000e-06 0.00000000e+00 0.00000000e+00
1000 665000 3524000 1.64130000e-06 1.64130000e-06 0.00000000e+00 0.00000000e+00
1000 666000 3524000 1.95690000e-06 1.95690000e-06 0.00000000e+00 0.00000000e+00
1000 667000 3524000 1.62080000e-06 1.62080000e-06 0.00000000e+00 0.00000000e+00
1000 668000 3524000 2.23320000e-06 2.23320000e-06 0.00000000e+00 0.00000000e+00
1000 669000 3524000 4.27300000e-06 4.27300000e-06 0.00000000e+00 0.00000000e+00
1000 670000 3524000 2.62310000e-06 2.62310000e-06 0.00000000e+00 0.00000000e+00
1000 671000 3524000 4.01620000e-06 4.01620000e-06 0.00000000e+00 0.00000000e+00
1000 672000 3524000 5.28650000e-06 5.28650000e-06 0.00000000e+00 0.00000000e+00
1000 673000 3524000 5.17680000e-06 5.17680000e-06 0.00000000e+00 0.00000000e+00
1000 674000 3524000 2.48220000e-05 2.48220000e-05 0.00000000e+00 0.00000000e+00
1000 675000 3524000 2.05640000e-04 2.05640000e-04 0.00000000e+00 0.00000000e+00
1000 676000 3524000 1.82080000e-03 1.82080000e-03 0.00000000e+00 0.00000000e+00
1000 677000 3524000 1.36350000e-02 1.36350000e-02 0.00000000e+00 0.00000000e+00
1000 678000 3524000 8.60850000e-02 8.60850000e-02 0.00000000e+00 0.00000000e+00
1000 679000 3524000 4.46940000e-01 4.46940000e-01 0.00000000e+00 0.00000000e+00
1000 680000 3524000 1.68330000e+00 1.68330000e+00 0.00000000e+00 0.00000000e+00
1000 681000 3524000 4.64450000e+00 4.64450000e+00 0.00000000e+00 0.00000000e+00
1000 682000 3524000 9.12550000e+00 9.12550000e+00 0.00000000e+00 0.00000000e+00
1000 683000 3524000 1.37740000e+01 1.37740000e+01 0.00000000e+00 0.00000000e+00
1000 684000 3524000 1.64920000e+01 1.64920000e+01 0.00000000e+00 0.00000000e+00
1000 685000 3524000 1.74000000e+01 1.74000000e+01 0.00000000e+00 0.00000000e+00
1000 686000 3524000 1.64600000e+01 1.64600000e+01 0.00000000e+00 0.00000000e+00
1000 687000 3524000 1.46660000e+01 1.46660000e+01 0.00000000e+00 0.00000000e+00
1000 688000 3524000 1.25970000e+01 1.25970000e+01 0.00000000e+00 0.00000000e+00
1000 689000 3524000 1.05140000e+01 1.05140000e+01 0.00000000e+00 0.00000000e+00
1000 690000 3524000 8.50960000e+00 8.50960000e+00 0.00000000e+00 0.00000000e+00
1000 691000 3524000 6.69740000e+00 6.69740000e+00 0.00000000e+00 0.00000000e+00
1000 692000 3524000 5.12710000e+00 5.12710000e+00 0.00000000e+00 0.00000000e+00
1000 693000 3524000 3.78830000e+00 3.78830000e+00 0.00000000e+00 0.00000000e+00
1000 694000 3524000 2.69130000e+00 2.69130000e+00 0.00000000e+00 0.00000000e+00
1000 695000 3524000 1.85370000e+00 1.85370000e+00 0.00000000e+00 0.00000000e+00
1000 696000 3524000 1.23200000e+00 1.23200000e+00 0.00000000e+00 0.00000000e+00
1000 697000 3524000 7.90730000e-01 7.90730000e-01 0.00000000e+00 0.00000000e+00
1000 698000 3524000 4.90270000e-01 4.90270000e-01 0.00000000e+00 0.00000000e+00
1000 699000 3524000 2.94350000e-01 2.94350000e-01 0.00000000e+00 0.00000000e+00
1000 700000 3524000 1.70910000e-01 1.70910000e-01 0.00000000e+00 0.00000000e+00
1000 701000 3524000 9.62240000e-02 9.62240000e-02 0.00000000e+00 0.00000000e+00
1000 702000 3524000 5.25790000e-02 5.25790000e-02 0.00000000e+00 0.00000000e+00
1000 703000 3524000 2.79490000e-02 2.79490000e-02 0.00000000e+00 0.00000000e+00
1000 704000 3524000 1.43900000e-02 1.43900000e-02 0.00000000e+00 0.00000000e+00
1000 705000 3524000 7.30740000e-03 7.30740000e-03 0.00000000e+00 0.00000000e+00
1000 706000 3524000 3.63330000e-03 3.63330000e-03 0.00000000e+00 0.00000000e+00
1000 707000 3524000 1.75470000e-03 1.75470000e-03 0.00000000e+00 0.00000000e+00
1000 708000 3524000 8.52390000e-04 8.52390000e-04 0.00000000e+00 0.00000000e+00
1000 709000 3524000 4.52960000e-04 4.52960000e-04 0.00000000e+00 0.00000000e+00
1000 710000 3524000 2.57580000e-04 2.57580000e-04 0.00000000e+00 0.00000000e+00
1000 711000 3524000 2.75110000e-04 2.75110000e-04 0.00000000e+00 0.00000000e+00
1000 712000 3524000 2.52400000e-04 2.52400000e-04 0.00000000e+00 0.00000000e+00
1000 713000 3524000 2.72630000e-04 2.72630000e-04 0.00000000e+00 0.00000000e+00
1000 714000 3524000 3.05820000e-04 3.05820000e-04 0.00000000e+00 0.00000000e+00
1000 715000 3524000 3.67400000e-04 3.67400000e-04 0.00000000e+00 0.00000000e+00
1000 716000 3524000 4.33040000e-04 4.33040000e-04 0.00000000e+00 0.00000000e+00
1000 717000 3524000 4.56380000e-04 4.56380000e-04 0.00000000e+00 0.00000000e+00
1000 718000 3524000 5.60630000e-04 5.60630000e-04 0.00000000e+00 0.00000000e+00
1000 719000 3524000 6.41330000e-04 6.41330000e-04 0.00000000e+00 0.00000000e+00
1000 720000 3524000 5.22610000e-04 5.22610000e-04 0.00000000e+00 0.00000000e+00
1000 721000 3524000 5.34370000e-04 5.34370000e-04 0.00000000e+00 0.00000000e+00
1000 722000 3524000 3.90920000e-04 3.90920000e-04 0.00000000e+00 0.00000000e+00
1000 723000 3524000 5.03220000e-04 5.03220000e-04 0.00000000e+00 0.00000000e+00
1000 724000 3524000 9.04930000e-04 9.04930000e-04 0.00000000e+00 0.00000000e+00
1000 725000 3524000 9.35260000e-04 9.35260000e-04 0.00000000e+00 0.00000000e+00
1000 726000 3524000 1.01930000e-03 1.01930000e-03 0.00000000e+00 0.00000000e+00
1000 727000 3524000 1.08290000e-03 1.08290000e-03 0.00000000e+00 0.00000000e+00
1000 728000 3524000 1.08920000e-03 1.08920000e-03 0.00000000e+00 0.00000000e+00
1000 729000 3524000 1.14510000e-03 1.14510000e-03 0.00000000e+00 0.00000000e+00
1000 730000 3524000 1.11500000e-03 1.11500000e-03 0.00000000e+00 0.00000000e+00
1000 731000 3524000 1.16110000e-03 1.16110000e-03 0.00000000e+00 0.00000000e+00
1000 732000 3524000 1.15070000e-03 1.15070000e-03 0.00000000e+00 0.00000000e+00
1000 733000 3524000 1.14060000e-03 1.14060000e-03 0.00000000e+00 0.00000000e+00
1000 734000 3524000 1.11740000e-03 1.11740000e-03 0.00000000e+00 0.00000000e+00
1000 735000 3524000 1.09110000e-03 1.09110000e-03 0.00000000e+00 0.00000000e+00
1000 736000 3524000 1.06190000e-03 1.06190000e-03 0.00000000e+00 0.00000000e+00
1000 737000 3524000 1.03040000e-03 1.03040000e-03 0.00000000e+00 0.00000000e+00
1000 738000 3524000 9.96690000e-04 9.96690000e-04 0.00000000e+00 0.00000000e+00
1000 739000 3524000 9.61340000e-04 9.61340000e-04 0.00000000e+00 0.00000000e+00
1000 740000 3524000 9.24670000e-04 9.24670000e-04 0.00000000e+00 0.00000000e+00
1000 741000 3524000 8.87060000e-04 8.87060000e-04 0.00000000e+00 0.00000000e+00
1000 742000 3524000 8.48860000e-04 8.48860000e-04 0.00000000e+00 0.00000000e+00
1000 743000 3524000 8.10410000e-04 8.10410000e-04 0.00000000e+00 0.00000000e+00
1000 744000 3524000 7.72000000e-04 7.72000000e-04 0.00000000e+00 0.00000000e+00
1000 745000 3524000 7.33920000e-04 7.33920000e-04 0.00000000e+00 0.00000000e+00
1000 746000 3524000 6.96410000e-04 6.96410000e-04 0.00000000e+00 0.00000000e+00
1000 747000 3524000 6.59680000e-04 6.59680000e-04 0.00000000e+00 0.00000000e+00
1000 748000 3524000 6.23930000e-04 6.23930000e-04 0.00000000e+00 0.00000000e+00
1000 749000 3524000 5.89310000e-04 5.89310000e-04 0.00000000e+00 0.00000000e+00
1000 750000 3524000 5.55930000e-04 5.55930000e-04 0.00000000e+00 0.00000000e+00
1000 650000 3523000 6.71250000e-07 6.71250000e-07 0.00000000e+00 0.00000000e+00
1000 651000 3523000 7.34890000e-07 7.34890000e-07 0.00000000e+00 0.00000000e+00
1000 652000 3523000 7.97260000e-07 7.97260000e-07 0.00000000e+00 0.00000000e+00
1000 653000 3523000 8.60490000e-07 8.60490000e-07 0.00000000e+00 0.00000000e+00
1000 654000 3523000 9.22800000e-07 9.22800000e-07 0.00000000e+00 0.00000000e+00
1000 655000 3523000 9.83670000e-07 9.83670000e-07 0.00000000e+00 0.00000000e+00
1000 656000 3523000 1.03920000e-06 1.03920000e-06 0.00000000e+00 0.00000000e+00
1000 657000 3523000 1.08600000e-06 1.08600000e-06 0.00000000e+00 0.00000000e+00
1000 658000 3523000 1.12020000e-06 1.12020000e-06 0.00000000e+00 0.00000000e+00
1000 659000 3523000 1.14810000e-06 1.14810000e-06 0.00000000e+00 0.00000000e+00
1000 660000 3523000 1.19120000e-06 1.19120000e-06 0.00000000e+00 0.00000000e+00
1000 661000 3523000 1.23100000e-06 1.23100000e-06 0.00000000e+00 0.00000000e+00
1000 662000 3523000 1.28390000e-06 1.28390000e-06 0.00000000e+00 0.00000000e+00
1000 663000 3523000 1.39100000e-06 1.39100000e-06 0.00000000e+00 0.00000000e+00
1000 664000 3523000 1.61940000e-06 1.61940000e-06 0.00000000e+00 0.00000000e+00
1000 665000 3523000 2.01360000e-06 2.01360000e-06 0.00000000e+00 0.00000000e+00
1000 666000 3523000 2.67640000e-06 2.67640000e-06 0.00000000e+00 0.00000000e+00
1000 667000 3523000 2.54430000e-06 2.54430000e-06 0.00000000e+00 0.00000000e+00
1000 668000 3523000 4.29450000e-06 4.29450000e-06 0.00000000e+00 0.00000000e+00
1000 669000 3523000 4.67830000e-06 4.67830000e-06 0.00000000e+00 0.00000000e+00
1000 670000 3523000 4.93850000e-06 4.93850000e-06 0.00000000e+00 0.00000000e+00
1000 671000 3523000 7.06800000e-06 7.06800000e-06 0.00000000e+00 0.00000000e+00
1000 672000 3523000 6.35270000e-06 6.35270000e-06 0.00000000e+00 0.00000000e+00
1000 673000 3523000 6.39270000e-06 6.39270000e-06 0.00000000e+00 0.00000000e+00
1000 674000 3523000 1.51590000e-05 1.51590000e-05 0.00000000e+00 0.00000000e+00
1000 675000 3523000 7.30410000e-05 7.30410000e-05 0.00000000e+00 0.00000000e+00
1000 676000 3523000 5.94020000e-04 5.94020000e-04 0.00000000e+00 0.00000000e+00
1000 677000 3523000 4.36940000e-03 4.36940000e-03 0.00000000e+00 0.00000000e+00
1000 678000 3523000 2.62590000e-02 2.62590000e-02 0.00000000e+00 0.00000000e+00
1000 679000 3523000 1.41910000e-01 1.41910000e-01 0.00000000e+00 0.00000000e+00
1000 680000 3523000 5.89470000e-01 5.89470000e-01 0.00000000e+00 0.00000000e+00
1000 681000 3523000 1.96040000e+00 1.96040000e+00 0.00000000e+00 0.00000000e+00
1000 682000 3523000 4.44810000e+00 4.44810000e+00 0.00000000e+00 0.00000000e+00
1000 683000 3523000 7.87960000e+00 7.87960000e+00 0.00000000e+00 0.00000000e+00
1000 684000 3523000 1.10760000e+01 1.10760000e+01 0.00000000e+00 0.00000000e+00
1000 685000 3523000 1.31310000e+01 1.31310000e+01 0.00000000e+00 0.00000000e+00
1000 686000 3523000 1.37310000e+01 1.37310000e+01 0.00000000e+00 0.00000000e+00
1000 687000 3523000 1.34380000e+01 1.34380000e+01 0.00000000e+00 0.00000000e+00
1000 688000 3523000 1.23830000e+01 1.23830000e+01 0.00000000e+00 0.00000000e+00
1000 689000 3523000 1.10120000e+01 1.10120000e+01 0.00000000e+00 0.00000000e+00
1000 690000 3523000 9.51210000e+00 9.51210000e+00 0.00000000e+00 0.00000000e+00
1000 691000 3523000 7.97470000e+00 7.97470000e+00 0.00000000e+00 0.00000000e+00
1000 692000 3523000 6.46070000e+00 6.46070000e+00 0.00000000e+00 0.00000000e+00
1000 693000 3523000 5.10060000e+00 5.10060000e+00 0.00000000e+00 0.00000000e+00
1000 694000 3523000 3.87550000e+00 3.87550000e+00 0.00000000e+00 0.00000000e+00
1000 695000 3523000 2.84760000e+00 2.84760000e+00 0.00000000e+00 0.00000000e+00
1000 696000 3523000 2.02230000e+00 2.02230000e+00 0.00000000e+00 0.00000000e+00
1000 697000 3523000 1.38680000e+00 1.38680000e+00 0.00000000e+00 0.00000000e+00
1000 698000 3523000 9.17010000e-01 9.17010000e-01 0.00000000e+00 0.00000000e+00
1000 699000 3523000 5.87620000e-01 5.87620000e-01 0.00000000e+00 0.00000000e+00
1000 700000 3523000 3.63610000e-01 3.63610000e-01 0.00000000e+00 0.00000000e+00
1000 701000 3523000 2.17980000e-01 2.17980000e-01 0.00000000e+00 0.00000000e+00
1000 702000 3523000 1.26770000e-01 1.26770000e-01 0.00000000e+00 0.00000000e+00
1000 703000 3523000 7.16490000e-02 7.16490000e-02 0.00000000e+00 0.00000000e+00
1000 704000 3523000 3.93390000e-02 3.93390000e-02 0.00000000e+00 0.00000000e+00
1000 705000 3523000 2.09780000e-02 2.09780000e-02 0.00000000e+00 0.00000000e+00
1000 706000 3523000 1.09570000e-02 1.09570000e-02 0.00000000e+00 0.00000000e+00
1000 707000 3523000 5.59410000e-03 5.59410000e-03 0.00000000e+00 0.00000000e+00
1000 708000 3523000 2.87860000e-03 2.87860000e-03 0.00000000e+00 0.00000000e+00
1000 709000 3523000 1.40940000e-03 1.40940000e-03 0.00000000e+00 0.00000000e+00
1000 710000 3523000 8.42770000e-04 8.42770000e-04 0.00000000e+00 0.00000000e+00
1000 711000 3523000 5.49000000e-04 5.49000000e-04 0.00000000e+00 0.00000000e+00
1000 712000 3523000 2.49450000e-04 2.49450000e-04 0.00000000e+00 0.00000000e+00
1000 713000 3523000 3.80700000e-04 3.80700000e-04 0.00000000e+00 0.00000000e+00
1000 714000 3523000 3.85770000e-04 3.85770000e-04 0.00000000e+00 0.00000000e+00
1000 715000 3523000 5.25930000e-04 5.25930000e-04 0.00000000e+00 0.00000000e+00
1000 716000 3523000 5.18660000e-04 5.18660000e-04 0.00000000e+00 0.00000000e+00
1000 717000 3523000 5.66270000e-04 5.66270000e-04 0.00000000e+00 0.00000000e+00
1000 718000 3523000 6.08970000e-04 6.08970000e-04 0.00000000e+00 0.00000000e+00
1000 719000 3523000 5.82510000e-04 5.82510000e-04 0.00000000e+00 0.00000000e+00
1000 720000 3523000 2.48770000e-04 2.48770000e-04 0.00000000e+00 0.00000000e+00
1000 721000 3523000 2.60540000e-04 2.60540000e-04 0.00000000e+00 0.00000000e+00
1000 722000 3523000 3.72950000e-04 3.72950000e-04 0.00000000e+00 0.00000000e+00
1000 723000 3523000 7.74330000e-04 7.74330000e-04 0.00000000e+00 0.00000000e+00
1000 724000 3523000 8.70010000e-04 8.70010000e-04 0.00000000e+00 0.00000000e+00
1000 725000 3523000 8.08290000e-04 8.08290000e-04 0.00000000e+00 0.00000000e+00
1000 726000 3523000 1.35480000e-03 1.35480000e-03 0.00000000e+00 0.00000000e+00
1000 727000 3523000 1.44490000e-03 1.44490000e-03 0.00000000e+00 0.00000000e+00
1000 728000 3523000 1.23020000e-03 1.23020000e-03 0.00000000e+00 0.00000000e+00
1000 729000 3523000 1.48250000e-03 1.48250000e-03 0.00000000e+00 0.00000000e+00
1000 730000 3523000 1.49040000e-03 1.49040000e-03 0.00000000e+00 0.00000000e+00
1000 731000 3523000 1.47730000e-03 1.47730000e-03 0.00000000e+00 0.00000000e+00
1000 732000 3523000 1.46820000e-03 1.46820000e-03 0.00000000e+00 0.00000000e+00
1000 733000 3523000 1.44840000e-03 1.44840000e-03 0.00000000e+00 0.00000000e+00
1000 734000 3523000 1.41840000e-03 1.41840000e-03 0.00000000e+00 0.00000000e+00
1000 735000 3523000 1.38450000e-03 1.38450000e-03 0.00000000e+00 0.00000000e+00
1000 736000 3523000 1.34690000e-03 1.34690000e-03 0.00000000e+00 0.00000000e+00
1000 737000 3523000 1.30620000e-03 1.30620000e-03 0.00000000e+00 0.00000000e+00
1000 738000 3523000 1.26290000e-03 1.26290000e-03 0.00000000e+00 0.00000000e+00
1000 739000 3523000 1.21740000e-03 1.21740000e-03 0.00000000e+00 0.00000000e+00
1000 740000 3523000 1.17030000e-03 1.17030000e-03 0.00000000e+00 0.00000000e+00
1000 741000 3523000 1.12190000e-03 1.12190000e-03 0.00000000e+00 0.00000000e+00
1000 742000 3523000 1.07290000e-03 1.07290000e-03 0.00000000e+00 0.00000000e+00
1000 743000 3523000 1.02350000e-03 1.02350000e-03 0.00000000e+00 0.00000000e+00
1000 744000 3523000 9.74190000e-04 9.74190000e-04 0.00000000e+00 0.00000000e+00
1000 745000 3523000 9.25330000e-04 9.25330000e-04 0.00000000e+00 0.00000000e+00
1000 746000 3523000 8.77210000e-04 8.77210000e-04 0.00000000e+00 0.00000000e+00
1000 747000 3523000 8.30110000e-04 8.30110000e-04 0.00000000e+00 0.00000000e+00
1000 748000 3523000 7.84280000e-04 7.84280000e-04 0.00000000e+00 0.00000000e+00
1000 749000 3523000 7.39910000e-04 7.39910000e-04 0.00000000e+00 0.00000000e+00
1000 750000 3523000 6.97160000e-04 6.97160000e-04 0.00000000e+00 0.00000000e+00
1000 650000 3522000 7.11430000e-07 7.11430000e-07 0.00000000e+00 0.00000000e+00
1000 651000 3522000 7.81620000e-07 7.81620000e-07 0.00000000e+00 0.00000000e+00
1000 652000 3522000 8.52090000e-07 8.52090000e-07 0.00000000e+00 0.00000000e+00
1000 653000 3522000 9.23880000e-07 9.23880000e-07 0.00000000e+00 0.00000000e+00
1000 654000 3522000 9.96820000e-07 9.96820000e-07 0.00000000e+00 0.00000000e+00
1000 655000 3522000 1.06950000e-06 1.06950000e-06 0.00000000e+00 0.00000000e+00
1000 656000 3522000 1.13860000e-06 1.13860000e-06 0.00000000e+00 0.00000000e+00
1000 657000 3522000 1.19980000e-06 1.19980000e-06 0.00000000e+00 0.00000000e+00
1000 658000 3522000 1.24740000e-06 1.24740000e-06 0.00000000e+00 0.00000000e+00
1000 659000 3522000 1.28150000e-06 1.28150000e-06 0.00000000e+00 0.00000000e+00
1000 660000 3522000 1.33710000e-06 1.33710000e-06 0.00000000e+00 0.00000000e+00
1000 661000 3522000 1.38780000e-06 1.38780000e-06 0.00000000e+00 0.00000000e+00
1000 662000 3522000 1.44890000e-06 1.44890000e-06 0.00000000e+00 0.00000000e+00
1000 663000 3522000 1.56010000e-06 1.56010000e-06 0.00000000e+00 0.00000000e+00
1000 664000 3522000 1.80380000e-06 1.80380000e-06 0.00000000e+00 0.00000000e+00
1000 665000 3522000 2.33580000e-06 2.33580000e-06 0.00000000e+00 0.00000000e+00
1000 666000 3522000 2.44910000e-06 2.44910000e-06 0.00000000e+00 0.00000000e+00
1000 667000 3522000 5.30490000e-06 5.30490000e-06 0.00000000e+00 0.00000000e+00
1000 668000 3522000 4.56880000e-06 4.56880000e-06 0.00000000e+00 0.00000000e+00
1000 669000 3522000 3.48350000e-06 3.48350000e-06 0.00000000e+00 0.00000000e+00
1000 670000 3522000 5.96210000e-06 5.96210000e-06 0.00000000e+00 0.00000000e+00
1000 671000 3522000 7.40260000e-06 7.40260000e-06 0.00000000e+00 0.00000000e+00
1000 672000 3522000 7.41100000e-06 7.41100000e-06 0.00000000e+00 0.00000000e+00
1000 673000 3522000 7.94700000e-06 7.94700000e-06 0.00000000e+00 0.00000000e+00
1000 674000 3522000 1.14470000e-05 1.14470000e-05 0.00000000e+00 0.00000000e+00
1000 675000 3522000 3.43000000e-05 3.43000000e-05 0.00000000e+00 0.00000000e+00
1000 676000 3522000 1.84170000e-04 1.84170000e-04 0.00000000e+00 0.00000000e+00
1000 677000 3522000 1.32420000e-03 1.32420000e-03 0.00000000e+00 0.00000000e+00
1000 678000 3522000 7.82550000e-03 7.82550000e-03 0.00000000e+00 0.00000000e+00
1000 679000 3522000 4.39510000e-02 4.39510000e-02 0.00000000e+00 0.00000000e+00
1000 680000 3522000 2.17520000e-01 2.17520000e-01 0.00000000e+00 0.00000000e+00
1000 681000 3522000 7.47420000e-01 7.47420000e-01 0.00000000e+00 0.00000000e+00
1000 682000 3522000 2.03790000e+00 2.03790000e+00 0.00000000e+00 0.00000000e+00
1000 683000 3522000 4.12660000e+00 4.12660000e+00 0.00000000e+00 0.00000000e+00
1000 684000 3522000 6.69050000e+00 6.69050000e+00 0.00000000e+00 0.00000000e+00
1000 685000 3522000 8.93540000e+00 8.93540000e+00 0.00000000e+00 0.00000000e+00
1000 686000 3522000 1.04830000e+01 1.04830000e+01 0.00000000e+00 0.00000000e+00
1000 687000 3522000 1.11570000e+01 1.11570000e+01 0.00000000e+00 0.00000000e+00
1000 688000 3522000 1.10560000e+01 1.10560000e+01 0.00000000e+00 0.00000000e+00
1000 689000 3522000 1.05110000e+01 1.05110000e+01 0.00000000e+00 0.00000000e+00
1000 690000 3522000 9.64110000e+00 9.64110000e+00 0.00000000e+00 0.00000000e+00
1000 691000 3522000 8.58790000e+00 8.58790000e+00 0.00000000e+00 0.00000000e+00
1000 692000 3522000 7.42590000e+00 7.42590000e+00 0.00000000e+00 0.00000000e+00
1000 693000 3522000 6.20560000e+00 6.20560000e+00 0.00000000e+00 0.00000000e+00
1000 694000 3522000 5.03930000e+00 5.03930000e+00 0.00000000e+00 0.00000000e+00
1000 695000 3522000 3.94550000e+00 3.94550000e+00 0.00000000e+00 0.00000000e+00
1000 696000 3522000 2.98820000e+00 2.98820000e+00 0.00000000e+00 0.00000000e+00
1000 697000 3522000 2.18270000e+00 2.18270000e+00 0.00000000e+00 0.00000000e+00
1000 698000 3522000 1.53860000e+00 1.53860000e+00 0.00000000e+00 0.00000000e+00
1000 699000 3522000 1.04890000e+00 1.04890000e+00 0.00000000e+00 0.00000000e+00
1000 700000 3522000 6.90870000e-01 6.90870000e-01 0.00000000e+00 0.00000000e+00
1000 701000 3522000 4.40800000e-01 4.40800000e-01 0.00000000e+00 0.00000000e+00
1000 702000 3522000 2.72650000e-01 2.72650000e-01 0.00000000e+00 0.00000000e+00
1000 703000 3522000 1.63680000e-01 1.63680000e-01 0.00000000e+00 0.00000000e+00
1000 704000 3522000 9.70770000e-02 9.70770000e-02 0.00000000e+00 0.00000000e+00
1000 705000 3522000 5.39740000e-02 5.39740000e-02 0.00000000e+00 0.00000000e+00
1000 706000 3522000 2.99180000e-02 2.99180000e-02 0.00000000e+00 0.00000000e+00
1000 707000 3522000 1.61620000e-02 1.61620000e-02 0.00000000e+00 0.00000000e+00
1000 708000 3522000 8.54650000e-03 8.54650000e-03 0.00000000e+00 0.00000000e+00
1000 709000 3522000 4.48640000e-03 4.48640000e-03 0.00000000e+00 0.00000000e+00
1000 710000 3522000 2.33400000e-03 2.33400000e-03 0.00000000e+00 0.00000000e+00
1000 711000 3522000 1.30570000e-03 1.30570000e-03 0.00000000e+00 0.00000000e+00
1000 712000 3522000 6.97360000e-04 6.97360000e-04 0.00000000e+00 0.00000000e+00
1000 713000 3522000 4.44330000e-04 4.44330000e-04 0.00000000e+00 0.00000000e+00
1000 714000 3522000 6.14130000e-04 6.14130000e-04 0.00000000e+00 0.00000000e+00
1000 715000 3522000 5.45550000e-04 5.45550000e-04 0.00000000e+00 0.00000000e+00
1000 716000 3522000 6.62870000e-04 6.62870000e-04 0.00000000e+00 0.00000000e+00
1000 717000 3522000 5.24150000e-04 5.24150000e-04 0.00000000e+00 0.00000000e+00
1000 718000 3522000 7.08660000e-04 7.08660000e-04 0.00000000e+00 0.00000000e+00
1000 719000 3522000 2.51100000e-04 2.51100000e-04 0.00000000e+00 0.00000000e+00
1000 720000 3522000 6.00720000e-04 6.00720000e-04 0.00000000e+00 0.00000000e+00
1000 721000 3522000 2.21600000e-04 2.21600000e-04 0.00000000e+00 0.00000000e+00
1000 722000 3522000 5.87150000e-04 5.87150000e-04 0.00000000e+00 0.00000000e+00
1000 723000 3522000 7.30820000e-04 7.30820000e-04 0.00000000e+00 0.00000000e+00
1000 724000 3522000 1.21060000e-03 1.21060000e-03 0.00000000e+00 0.00000000e+00
1000 725000 3522000 1.58060000e-03 1.58060000e-03 0.00000000e+00 0.00000000e+00
1000 726000 3522000 1.38890000e-03 1.38890000e-03 0.00000000e+00 0.00000000e+00
1000 727000 3522000 1.08490000e-03 1.08490000e-03 0.00000000e+00 0.00000000e+00
1000 728000 3522000 9.61770000e-04 9.61770000e-04 0.00000000e+00 0.00000000e+00
1000 729000 3522000 1.06430000e-03 1.06430000e-03 0.00000000e+00 0.00000000e+00
1000 730000 3522000 1.77740000e-03 1.77740000e-03 0.00000000e+00 0.00000000e+00
1000 731000 3522000 1.65150000e-03 1.65150000e-03 0.00000000e+00 0.00000000e+00
1000 732000 3522000 1.77790000e-03 1.77790000e-03 0.00000000e+00 0.00000000e+00
1000 733000 3522000 1.82920000e-03 1.82920000e-03 0.00000000e+00 0.00000000e+00
1000 734000 3522000 1.79080000e-03 1.79080000e-03 0.00000000e+00 0.00000000e+00
1000 735000 3522000 1.74740000e-03 1.74740000e-03 0.00000000e+00 0.00000000e+00
1000 736000 3522000 1.69940000e-03 1.69940000e-03 0.00000000e+00 0.00000000e+00
1000 737000 3522000 1.64750000e-03 1.64750000e-03 0.00000000e+00 0.00000000e+00
1000 738000 3522000 1.59220000e-03 1.59220000e-03 0.00000000e+00 0.00000000e+00
1000 739000 3522000 1.53420000e-03 1.53420000e-03 0.00000000e+00 0.00000000e+00
1000 740000 3522000 1.47400000e-03 1.47400000e-03 0.00000000e+00 0.00000000e+00
1000 741000 3522000 1.41240000e-03 1.41240000e-03 0.00000000e+00 0.00000000e+00
1000 742000 3522000 1.34990000e-03 1.34990000e-03 0.00000000e+00 0.00000000e+00
1000 743000 3522000 1.28690000e-03 1.28690000e-03 0.00000000e+00 0.00000000e+00
1000 744000 3522000 1.22410000e-03 1.22410000e-03 0.00000000e+00 0.00000000e+00
1000 745000 3522000 1.16180000e-03 1.16180000e-03 0.00000000e+00 0.00000000e+00
1000 746000 3522000 1.10050000e-03 1.10050000e-03 0.00000000e+00 0.00000000e+00
1000 747000 3522000 1.04060000e-03 1.04060000e-03 0.00000000e+00 0.00000000e+00
1000 748000 3522000 9.82220000e-04 9.82220000e-04 0.00000000e+00 0.00000000e+00
1000 749000 3522000 9.25730000e-04 9.25730000e-04 0.00000000e+00 0.00000000e+00
1000 750000 3522000 8.71310000e-04 8.71310000e-04 0.00000000e+00 0.00000000e+00
1000 650000 3521000 7.55120000e-07 7.55120000e-07 0.00000000e+00 0.00000000e+00
1000 651000 3521000 8.32980000e-07 8.32980000e-07 0.00000000e+00 0.00000000e+00
1000 652000 3521000 9.12500000e-07 9.12500000e-07 0.00000000e+00 0.00000000e+00
1000 653000 3521000 9.95030000e-07 9.95030000e-07 0.00000000e+00 0.00000000e+00
1000 654000 3521000 1.08010000e-06 1.08010000e-06 0.00000000e+00 0.00000000e+00
1000 655000 3521000 1.16780000e-06 1.16780000e-06 0.00000000e+00 0.00000000e+00
1000 656000 3521000 1.25360000e-06 1.25360000e-06 0.00000000e+00 0.00000000e+00
1000 657000 3521000 1.33380000e-06 1.33380000e-06 0.00000000e+00 0.00000000e+00
1000 658000 3521000 1.40160000e-06 1.40160000e-06 0.00000000e+00 0.00000000e+00
1000 659000 3521000 1.44940000e-06 1.44940000e-06 0.00000000e+00 0.00000000e+00
1000 660000 3521000 1.51590000e-06 1.51590000e-06 0.00000000e+00 0.00000000e+00
1000 661000 3521000 1.58190000e-06 1.58190000e-06 0.00000000e+00 0.00000000e+00
1000 662000 3521000 1.64590000e-06 1.64590000e-06 0.00000000e+00 0.00000000e+00
1000 663000 3521000 1.71920000e-06 1.71920000e-06 0.00000000e+00 0.00000000e+00
1000 664000 3521000 1.84400000e-06 1.84400000e-06 0.00000000e+00 0.00000000e+00
1000 665000 3521000 2.20500000e-06 2.20500000e-06 0.00000000e+00 0.00000000e+00
1000 666000 3521000 2.68930000e-06 2.68930000e-06 0.00000000e+00 0.00000000e+00
1000 667000 3521000 4.14760000e-06 4.14760000e-06 0.00000000e+00 0.00000000e+00
1000 668000 3521000 4.78690000e-06 4.78690000e-06 0.00000000e+00 0.00000000e+00
1000 669000 3521000 5.08210000e-06 5.08210000e-06 0.00000000e+00 0.00000000e+00
1000 670000 3521000 6.39810000e-06 6.39810000e-06 0.00000000e+00 0.00000000e+00
1000 671000 3521000 7.02330000e-06 7.02330000e-06 0.00000000e+00 0.00000000e+00
1000 672000 3521000 1.16190000e-05 1.16190000e-05 0.00000000e+00 0.00000000e+00
1000 673000 3521000 8.76890000e-06 8.76890000e-06 0.00000000e+00 0.00000000e+00
1000 674000 3521000 1.19880000e-05 1.19880000e-05 0.00000000e+00 0.00000000e+00
1000 675000 3521000 1.95750000e-05 1.95750000e-05 0.00000000e+00 0.00000000e+00
1000 676000 3521000 5.83020000e-05 5.83020000e-05 0.00000000e+00 0.00000000e+00
1000 677000 3521000 3.52120000e-04 3.52120000e-04 0.00000000e+00 0.00000000e+00
1000 678000 3521000 2.21270000e-03 2.21270000e-03 0.00000000e+00 0.00000000e+00
1000 679000 3521000 1.47510000e-02 1.47510000e-02 0.00000000e+00 0.00000000e+00
1000 680000 3521000 7.03450000e-02 7.03450000e-02 0.00000000e+00 0.00000000e+00
1000 681000 3521000 2.85580000e-01 2.85580000e-01 0.00000000e+00 0.00000000e+00
1000 682000 3521000 8.42590000e-01 8.42590000e-01 0.00000000e+00 0.00000000e+00
1000 683000 3521000 1.97870000e+00 1.97870000e+00 0.00000000e+00 0.00000000e+00
1000 684000 3521000 3.68540000e+00 3.68540000e+00 0.00000000e+00 0.00000000e+00
1000 685000 3521000 5.61390000e+00 5.61390000e+00 0.00000000e+00 0.00000000e+00
1000 686000 3521000 7.27380000e+00 7.27380000e+00 0.00000000e+00 0.00000000e+00
1000 687000 3521000 8.45800000e+00 8.45800000e+00 0.00000000e+00 0.00000000e+00
1000 688000 3521000 9.06990000e+00 9.06990000e+00 0.00000000e+00 0.00000000e+00
1000 689000 3521000 9.24020000e+00 9.24020000e+00 0.00000000e+00 0.00000000e+00
1000 690000 3521000 8.99770000e+00 8.99770000e+00 0.00000000e+00 0.00000000e+00
1000 691000 3521000 8.50130000e+00 8.50130000e+00 0.00000000e+00 0.00000000e+00
1000 692000 3521000 7.78050000e+00 7.78050000e+00 0.00000000e+00 0.00000000e+00
1000 693000 3521000 6.92690000e+00 6.92690000e+00 0.00000000e+00 0.00000000e+00
1000 694000 3521000 5.95540000e+00 5.95540000e+00 0.00000000e+00 0.00000000e+00
1000 695000 3521000 4.95840000e+00 4.95840000e+00 0.00000000e+00 0.00000000e+00
1000 696000 3521000 3.98630000e+00 3.98630000e+00 0.00000000e+00 0.00000000e+00
1000 697000 3521000 3.09840000e+00 3.09840000e+00 0.00000000e+00 0.00000000e+00
1000 698000 3521000 2.32590000e+00 2.32590000e+00 0.00000000e+00 0.00000000e+00
1000 699000 3521000 1.68470000e+00 1.68470000e+00 0.00000000e+00 0.00000000e+00
1000 700000 3521000 1.18030000e+00 1.18030000e+00 0.00000000e+00 0.00000000e+00
1000 701000 3521000 7.99820000e-01 7.99820000e-01 0.00000000e+00 0.00000000e+00
1000 702000 3521000 5.25950000e-01 5.25950000e-01 0.00000000e+00 0.00000000e+00
1000 703000 3521000 3.35040000e-01 3.35040000e-01 0.00000000e+00 0.00000000e+00
1000 704000 3521000 2.07220000e-01 2.07220000e-01 0.00000000e+00 0.00000000e+00
1000 705000 3521000 1.24250000e-01 1.24250000e-01 0.00000000e+00 0.00000000e+00
1000 706000 3521000 7.32710000e-02 7.32710000e-02 0.00000000e+00 0.00000000e+00
1000 707000 3521000 4.13830000e-02 4.13830000e-02 0.00000000e+00 0.00000000e+00
1000 708000 3521000 2.30880000e-02 2.30880000e-02 0.00000000e+00 0.00000000e+00
1000 709000 3521000 1.26350000e-02 1.26350000e-02 0.00000000e+00 0.00000000e+00
1000 710000 3521000 6.75910000e-03 6.75910000e-03 0.00000000e+00 0.00000000e+00
1000 711000 3521000 3.56390000e-03 3.56390000e-03 0.00000000e+00 0.00000000e+00
1000 712000 3521000 1.99340000e-03 1.99340000e-03 0.00000000e+00 0.00000000e+00
1000 713000 3521000 1.05260000e-03 1.05260000e-03 0.00000000e+00 0.00000000e+00
1000 714000 3521000 7.17130000e-04 7.17130000e-04 0.00000000e+00 0.00000000e+00
1000 715000 3521000 4.51740000e-04 4.51740000e-04 0.00000000e+00 0.00000000e+00
1000 716000 3521000 7.01840000e-04 7.01840000e-04 0.00000000e+00 0.00000000e+00
1000 717000 3521000 5.62710000e-04 5.62710000e-04 0.00000000e+00 0.00000000e+00
1000 718000 3521000 7.16350000e-04 7.16350000e-04 0.00000000e+00 0.00000000e+00
1000 719000 3521000 1.62930000e-04 1.62930000e-04 0.00000000e+00 0.00000000e+00
1000 720000 3521000 2.19750000e-04 2.19750000e-04 0.00000000e+00 0.00000000e+00
1000 721000 3521000 5.14150000e-04 5.14150000e-04 0.00000000e+00 0.00000000e+00
1000 722000 3521000 6.94280000e-04 6.94280000e-04 0.00000000e+00 0.00000000e+00
1000 723000 3521000 9.01220000e-04 9.01220000e-04 0.00000000e+00 0.00000000e+00
1000 724000 3521000 1.15490000e-03 1.15490000e-03 0.00000000e+00 0.00000000e+00
1000 725000 3521000 9.37260000e-04 9.37260000e-04 0.00000000e+00 0.00000000e+00
1000 726000 3521000 8.98230000e-04 8.98230000e-04 0.00000000e+00 0.00000000e+00
1000 727000 3521000 1.37920000e-03 1.37920000e-03 0.00000000e+00 0.00000000e+00
1000 728000 3521000 1.14500000e-03 1.14500000e-03 0.00000000e+00 0.00000000e+00
1000 729000 3521000 1.01520000e-03 1.01520000e-03 0.00000000e+00 0.00000000e+00
1000 730000 3521000 2.07990000e-03 2.07990000e-03 0.00000000e+00 0.00000000e+00
1000 731000 3521000 1.52850000e-03 1.52850000e-03 0.00000000e+00 0.00000000e+00
1000 732000 3521000 1.50920000e-03 1.50920000e-03 0.00000000e+00 0.00000000e+00
1000 733000 3521000 2.07840000e-03 2.07840000e-03 0.00000000e+00 0.00000000e+00
1000 734000 3521000 2.24840000e-03 2.24840000e-03 0.00000000e+00 0.00000000e+00
1000 735000 3521000 2.19340000e-03 2.19340000e-03 0.00000000e+00 0.00000000e+00
1000 736000 3521000 2.13260000e-03 2.13260000e-03 0.00000000e+00 0.00000000e+00
1000 737000 3521000 2.06690000e-03 2.06690000e-03 0.00000000e+00 0.00000000e+00
1000 738000 3521000 1.99690000e-03 1.99690000e-03 0.00000000e+00 0.00000000e+00
1000 739000 3521000 1.92350000e-03 1.92350000e-03 0.00000000e+00 0.00000000e+00
1000 740000 3521000 1.84740000e-03 1.84740000e-03 0.00000000e+00 0.00000000e+00
1000 741000 3521000 1.76950000e-03 1.76950000e-03 0.00000000e+00 0.00000000e+00
1000 742000 3521000 1.69030000e-03 1.69030000e-03 0.00000000e+00 0.00000000e+00
1000 743000 3521000 1.61070000e-03 1.61070000e-03 0.00000000e+00 0.00000000e+00
1000 744000 3521000 1.53120000e-03 1.53120000e-03 0.00000000e+00 0.00000000e+00
1000 745000 3521000 1.45250000e-03 1.45250000e-03 0.00000000e+00 0.00000000e+00
1000 746000 3521000 1.37490000e-03 1.37490000e-03 0.00000000e+00 0.00000000e+00
1000 747000 3521000 1.29910000e-03 1.29910000e-03 0.00000000e+00 0.00000000e+00
1000 748000 3521000 1.22530000e-03 1.22530000e-03 0.00000000e+00 0.00000000e+00
1000 749000 3521000 1.15380000e-03 1.15380000e-03 0.00000000e+00 0.00000000e+00
1000 750000 3521000 1.08500000e-03 1.08500000e-03 0.00000000e+00 0.00000000e+00
1000 650000 3520000 8.03030000e-07 8.03030000e-07 0.00000000e+00 0.00000000e+00
1000 651000 3520000 8.89390000e-07 8.89390000e-07 0.00000000e+00 0.00000000e+00
1000 652000 3520000 9.78970000e-07 9.78970000e-07 0.00000000e+00 0.00000000e+00
1000 653000 3520000 1.07360000e-06 1.07360000e-06 0.00000000e+00 0.00000000e+00
1000 654000 3520000 1.17370000e-06 1.17370000e-06 0.00000000e+00 0.00000000e+00
1000 655000 3520000 1.27870000e-06 1.27870000e-06 0.00000000e+00 0.00000000e+00
1000 656000 3520000 1.38560000e-06 1.38560000e-06 0.00000000e+00 0.00000000e+00
1000 657000 3520000 1.49030000e-06 1.49030000e-06 0.00000000e+00 0.00000000e+00
1000 658000 3520000 1.58690000e-06 1.58690000e-06 0.00000000e+00 0.00000000e+00
1000 659000 3520000 1.66540000e-06 1.66540000e-06 0.00000000e+00 0.00000000e+00
1000 660000 3520000 1.74300000e-06 1.74300000e-06 0.00000000e+00 0.00000000e+00
1000 661000 3520000 1.83960000e-06 1.83960000e-06 0.00000000e+00 0.00000000e+00
1000 662000 3520000 1.92740000e-06 1.92740000e-06 0.00000000e+00 0.00000000e+00
1000 663000 3520000 1.98660000e-06 1.98660000e-06 0.00000000e+00 0.00000000e+00
1000 664000 3520000 1.99800000e-06 1.99800000e-06 0.00000000e+00 0.00000000e+00
1000 665000 3520000 2.08750000e-06 2.08750000e-06 0.00000000e+00 0.00000000e+00
1000 666000 3520000 3.59500000e-06 3.59500000e-06 0.00000000e+00 0.00000000e+00
1000 667000 3520000 4.34080000e-06 4.34080000e-06 0.00000000e+00 0.00000000e+00
1000 668000 3520000 8.70550000e-06 8.70550000e-06 0.00000000e+00 0.00000000e+00
1000 669000 3520000 9.28490000e-06 9.28490000e-06 0.00000000e+00 0.00000000e+00
1000 670000 3520000 8.58530000e-06 8.58530000e-06 0.00000000e+00 0.00000000e+00
1000 671000 3520000 8.41160000e-06 8.41160000e-06 0.00000000e+00 0.00000000e+00
1000 672000 3520000 9.22280000e-06 9.22280000e-06 0.00000000e+00 0.00000000e+00
1000 673000 3520000 1.27100000e-05 1.27100000e-05 0.00000000e+00 0.00000000e+00
1000 674000 3520000 1.27630000e-05 1.27630000e-05 0.00000000e+00 0.00000000e+00
1000 675000 3520000 1.89010000e-05 1.89010000e-05 0.00000000e+00 0.00000000e+00
1000 676000 3520000 2.55920000e-05 2.55920000e-05 0.00000000e+00 0.00000000e+00
1000 677000 3520000 1.18770000e-04 1.18770000e-04 0.00000000e+00 0.00000000e+00
1000 678000 3520000 6.11700000e-04 6.11700000e-04 0.00000000e+00 0.00000000e+00
1000 679000 3520000 3.90680000e-03 3.90680000e-03 0.00000000e+00 0.00000000e+00
1000 680000 3520000 1.80780000e-02 1.80780000e-02 0.00000000e+00 0.00000000e+00
1000 681000 3520000 9.08810000e-02 9.08810000e-02 0.00000000e+00 0.00000000e+00
1000 682000 3520000 3.36100000e-01 3.36100000e-01 0.00000000e+00 0.00000000e+00
1000 683000 3520000 8.54400000e-01 8.54400000e-01 0.00000000e+00 0.00000000e+00
1000 684000 3520000 1.83460000e+00 1.83460000e+00 0.00000000e+00 0.00000000e+00
1000 685000 3520000 3.20840000e+00 3.20840000e+00 0.00000000e+00 0.00000000e+00
1000 686000 3520000 4.64340000e+00 4.64340000e+00 0.00000000e+00 0.00000000e+00
1000 687000 3520000 5.98590000e+00 5.98590000e+00 0.00000000e+00 0.00000000e+00
1000 688000 3520000 6.91850000e+00 6.91850000e+00 0.00000000e+00 0.00000000e+00
1000 689000 3520000 7.50590000e+00 7.50590000e+00 0.00000000e+00 0.00000000e+00
1000 690000 3520000 7.79970000e+00 7.79970000e+00 0.00000000e+00 0.00000000e+00
1000 691000 3520000 7.79070000e+00 7.79070000e+00 0.00000000e+00 0.00000000e+00
1000 692000 3520000 7.54110000e+00 7.54110000e+00 0.00000000e+00 0.00000000e+00
1000 693000 3520000 7.08540000e+00 7.08540000e+00 0.00000000e+00 0.00000000e+00
1000 694000 3520000 6.45730000e+00 6.45730000e+00 0.00000000e+00 0.00000000e+00
1000 695000 3520000 5.70060000e+00 5.70060000e+00 0.00000000e+00 0.00000000e+00
1000 696000 3520000 4.86170000e+00 4.86170000e+00 0.00000000e+00 0.00000000e+00
1000 697000 3520000 4.00780000e+00 4.00780000e+00 0.00000000e+00 0.00000000e+00
1000 698000 3520000 3.18410000e+00 3.18410000e+00 0.00000000e+00 0.00000000e+00
1000 699000 3520000 2.44810000e+00 2.44810000e+00 0.00000000e+00 0.00000000e+00
1000 700000 3520000 1.81920000e+00 1.81920000e+00 0.00000000e+00 0.00000000e+00
1000 701000 3520000 1.30850000e+00 1.30850000e+00 0.00000000e+00 0.00000000e+00
1000 702000 3520000 9.11530000e-01 9.11530000e-01 0.00000000e+00 0.00000000e+00
1000 703000 3520000 6.15510000e-01 6.15510000e-01 0.00000000e+00 0.00000000e+00
1000 704000 3520000 4.03230000e-01 4.03230000e-01 0.00000000e+00 0.00000000e+00
1000 705000 3520000 2.56840000e-01 2.56840000e-01 0.00000000e+00 0.00000000e+00
1000 706000 3520000 1.58770000e-01 1.58770000e-01 0.00000000e+00 0.00000000e+00
1000 707000 3520000 9.71440000e-02 9.71440000e-02 0.00000000e+00 0.00000000e+00
1000 708000 3520000 5.74990000e-02 5.74990000e-02 0.00000000e+00 0.00000000e+00
1000 709000 3520000 3.27170000e-02 3.27170000e-02 0.00000000e+00 0.00000000e+00
1000 710000 3520000 1.83690000e-02 1.83690000e-02 0.00000000e+00 0.00000000e+00
1000 711000 3520000 1.03280000e-02 1.03280000e-02 0.00000000e+00 0.00000000e+00
1000 712000 3520000 5.47090000e-03 5.47090000e-03 0.00000000e+00 0.00000000e+00
1000 713000 3520000 2.95410000e-03 2.95410000e-03 0.00000000e+00 0.00000000e+00
1000 714000 3520000 1.68600000e-03 1.68600000e-03 0.00000000e+00 0.00000000e+00
1000 715000 3520000 8.05190000e-04 8.05190000e-04 0.00000000e+00 0.00000000e+00
1000 716000 3520000 7.41760000e-04 7.41760000e-04 0.00000000e+00 0.00000000e+00
1000 717000 3520000 5.92310000e-04 5.92310000e-04 0.00000000e+00 0.00000000e+00
1000 718000 3520000 8.82840000e-04 8.82840000e-04 0.00000000e+00 0.00000000e+00
1000 719000 3520000 5.86070000e-04 5.86070000e-04 0.00000000e+00 0.00000000e+00
1000 720000 3520000 4.89230000e-04 4.89230000e-04 0.00000000e+00 0.00000000e+00
1000 721000 3520000 4.67310000e-04 4.67310000e-04 0.00000000e+00 0.00000000e+00
1000 722000 3520000 6.57030000e-04 6.57030000e-04 0.00000000e+00 0.00000000e+00
1000 723000 3520000 1.25090000e-03 1.25090000e-03 0.00000000e+00 0.00000000e+00
1000 724000 3520000 1.16690000e-03 1.16690000e-03 0.00000000e+00 0.00000000e+00
1000 725000 3520000 7.27770000e-04 7.27770000e-04 0.00000000e+00 0.00000000e+00
1000 726000 3520000 1.65220000e-03 1.65220000e-03 0.00000000e+00 0.00000000e+00
1000 727000 3520000 2.55870000e-03 2.55870000e-03 0.00000000e+00 0.00000000e+00
1000 728000 3520000 7.65390000e-04 7.65390000e-04 0.00000000e+00 0.00000000e+00
1000 729000 3520000 1.37040000e-03 1.37040000e-03 0.00000000e+00 0.00000000e+00
1000 730000 3520000 1.41720000e-03 1.41720000e-03 0.00000000e+00 0.00000000e+00
1000 731000 3520000 1.48060000e-03 1.48060000e-03 0.00000000e+00 0.00000000e+00
1000 732000 3520000 1.56240000e-03 1.56240000e-03 0.00000000e+00 0.00000000e+00
1000 733000 3520000 2.51600000e-03 2.51600000e-03 0.00000000e+00 0.00000000e+00
1000 734000 3520000 2.76220000e-03 2.76220000e-03 0.00000000e+00 0.00000000e+00
1000 735000 3520000 2.73770000e-03 2.73770000e-03 0.00000000e+00 0.00000000e+00
1000 736000 3520000 2.66140000e-03 2.66140000e-03 0.00000000e+00 0.00000000e+00
1000 737000 3520000 2.57890000e-03 2.57890000e-03 0.00000000e+00 0.00000000e+00
1000 738000 3520000 2.49110000e-03 2.49110000e-03 0.00000000e+00 0.00000000e+00
1000 739000 3520000 2.39890000e-03 2.39890000e-03 0.00000000e+00 0.00000000e+00
1000 740000 3520000 2.30340000e-03 2.30340000e-03 0.00000000e+00 0.00000000e+00
1000 741000 3520000 2.20560000e-03 2.20560000e-03 0.00000000e+00 0.00000000e+00
1000 742000 3520000 2.10620000e-03 2.10620000e-03 0.00000000e+00 0.00000000e+00
1000 743000 3520000 2.00620000e-03 2.00620000e-03 0.00000000e+00 0.00000000e+00
1000 744000 3520000 1.90640000e-03 1.90640000e-03 0.00000000e+00 0.00000000e+00
1000 745000 3520000 1.80750000e-03 1.80750000e-03 0.00000000e+00 0.00000000e+00
1000 746000 3520000 1.71010000e-03 1.71010000e-03 0.00000000e+00 0.00000000e+00
1000 747000 3520000 1.61480000e-03 1.61480000e-03 0.00000000e+00 0.00000000e+00
1000 748000 3520000 1.52210000e-03 1.52210000e-03 0.00000000e+00 0.00000000e+00
1000 749000 3520000 1.43240000e-03 1.43240000e-03 0.00000000e+00 0.00000000e+00
1000 750000 3520000 1.34600000e-03 1.34600000e-03 0.00000000e+00 0.00000000e+00
1000 650000 3519000 8.55520000e-07 8.55520000e-07 0.00000000e+00 0.00000000e+00
1000 651000 3519000 9.50720000e-07 9.50720000e-07 0.00000000e+00 0.00000000e+00
1000 652000 3519000 1.05140000e-06 1.05140000e-06 0.00000000e+00 0.00000000e+00
1000 653000 3519000 1.16070000e-06 1.16070000e-06 0.00000000e+00 0.00000000e+00
1000 654000 3519000 1.27800000e-06 1.27800000e-06 0.00000000e+00 0.00000000e+00
1000 655000 3519000 1.40350000e-06 1.40350000e-06 0.00000000e+00 0.00000000e+00
1000 656000 3519000 1.53680000e-06 1.53680000e-06 0.00000000e+00 0.00000000e+00
1000 657000 3519000 1.67250000e-06 1.67250000e-06 0.00000000e+00 0.00000000e+00
1000 658000 3519000 1.80750000e-06 1.80750000e-06 0.00000000e+00 0.00000000e+00
1000 659000 3519000 1.93350000e-06 1.93350000e-06 0.00000000e+00 0.00000000e+00
1000 660000 3519000 2.04590000e-06 2.04590000e-06 0.00000000e+00 0.00000000e+00
1000 661000 3519000 2.18830000e-06 2.18830000e-06 0.00000000e+00 0.00000000e+00
1000 662000 3519000 2.34860000e-06 2.34860000e-06 0.00000000e+00 0.00000000e+00
1000 663000 3519000 2.50890000e-06 2.50890000e-06 0.00000000e+00 0.00000000e+00
1000 664000 3519000 2.70850000e-06 2.70850000e-06 0.00000000e+00 0.00000000e+00
1000 665000 3519000 3.40550000e-06 3.40550000e-06 0.00000000e+00 0.00000000e+00
1000 666000 3519000 7.24650000e-06 7.24650000e-06 0.00000000e+00 0.00000000e+00
1000 667000 3519000 5.03850000e-06 5.03850000e-06 0.00000000e+00 0.00000000e+00
1000 668000 3519000 1.05700000e-05 1.05700000e-05 0.00000000e+00 0.00000000e+00
1000 669000 3519000 6.65630000e-06 6.65630000e-06 0.00000000e+00 0.00000000e+00
1000 670000 3519000 7.46750000e-06 7.46750000e-06 0.00000000e+00 0.00000000e+00
1000 671000 3519000 1.06040000e-05 1.06040000e-05 0.00000000e+00 0.00000000e+00
1000 672000 3519000 1.50190000e-05 1.50190000e-05 0.00000000e+00 0.00000000e+00
1000 673000 3519000 1.23920000e-05 1.23920000e-05 0.00000000e+00 0.00000000e+00
1000 674000 3519000 1.62530000e-05 1.62530000e-05 0.00000000e+00 0.00000000e+00
1000 675000 3519000 2.11450000e-05 2.11450000e-05 0.00000000e+00 0.00000000e+00
1000 676000 3519000 1.78250000e-05 1.78250000e-05 0.00000000e+00 0.00000000e+00
1000 677000 3519000 5.12190000e-05 5.12190000e-05 0.00000000e+00 0.00000000e+00
1000 678000 3519000 1.67380000e-04 1.67380000e-04 0.00000000e+00 0.00000000e+00
1000 679000 3519000 9.99800000e-04 9.99800000e-04 0.00000000e+00 0.00000000e+00
1000 680000 3519000 6.63310000e-03 6.63310000e-03 0.00000000e+00 0.00000000e+00
1000 681000 3519000 3.33850000e-02 3.33850000e-02 0.00000000e+00 0.00000000e+00
1000 682000 3519000 1.23330000e-01 1.23330000e-01 0.00000000e+00 0.00000000e+00
1000 683000 3519000 3.71330000e-01 3.71330000e-01 0.00000000e+00 0.00000000e+00
1000 684000 3519000 8.87320000e-01 8.87320000e-01 0.00000000e+00 0.00000000e+00
1000 685000 3519000 1.72070000e+00 1.72070000e+00 0.00000000e+00 0.00000000e+00
1000 686000 3519000 2.75910000e+00 2.75910000e+00 0.00000000e+00 0.00000000e+00
1000 687000 3519000 3.91830000e+00 3.91830000e+00 0.00000000e+00 0.00000000e+00
1000 688000 3519000 4.90620000e+00 4.90620000e+00 0.00000000e+00 0.00000000e+00
1000 689000 3519000 5.71810000e+00 5.71810000e+00 0.00000000e+00 0.00000000e+00
1000 690000 3519000 6.29510000e+00 6.29510000e+00 0.00000000e+00 0.00000000e+00
1000 691000 3519000 6.65530000e+00 6.65530000e+00 0.00000000e+00 0.00000000e+00
1000 692000 3519000 6.80030000e+00 6.80030000e+00 0.00000000e+00 0.00000000e+00
1000 693000 3519000 6.73380000e+00 6.73380000e+00 0.00000000e+00 0.00000000e+00
1000 694000 3519000 6.47100000e+00 6.47100000e+00 0.00000000e+00 0.00000000e+00
1000 695000 3519000 6.02700000e+00 6.02700000e+00 0.00000000e+00 0.00000000e+00
1000 696000 3519000 5.43010000e+00 5.43010000e+00 0.00000000e+00 0.00000000e+00
1000 697000 3519000 4.72800000e+00 4.72800000e+00 0.00000000e+00 0.00000000e+00
1000 698000 3519000 3.98290000e+00 3.98290000e+00 0.00000000e+00 0.00000000e+00
1000 699000 3519000 3.24270000e+00 3.24270000e+00 0.00000000e+00 0.00000000e+00
1000 700000 3519000 2.55110000e+00 2.55110000e+00 0.00000000e+00 0.00000000e+00
1000 701000 3519000 1.94280000e+00 1.94280000e+00 0.00000000e+00 0.00000000e+00
1000 702000 3519000 1.43240000e+00 1.43240000e+00 0.00000000e+00 0.00000000e+00
1000 703000 3519000 1.02330000e+00 1.02330000e+00 0.00000000e+00 0.00000000e+00
1000 704000 3519000 7.09340000e-01 7.09340000e-01 0.00000000e+00 0.00000000e+00
1000 705000 3519000 4.77990000e-01 4.77990000e-01 0.00000000e+00 0.00000000e+00
1000 706000 3519000 3.15690000e-01 3.15690000e-01 0.00000000e+00 0.00000000e+00
1000 707000 3519000 2.02140000e-01 2.02140000e-01 0.00000000e+00 0.00000000e+00
1000 708000 3519000 1.23770000e-01 1.23770000e-01 0.00000000e+00 0.00000000e+00
1000 709000 3519000 7.75000000e-02 7.75000000e-02 0.00000000e+00 0.00000000e+00
1000 710000 3519000 4.80280000e-02 4.80280000e-02 0.00000000e+00 0.00000000e+00
1000 711000 3519000 2.85280000e-02 2.85280000e-02 0.00000000e+00 0.00000000e+00
1000 712000 3519000 1.48820000e-02 1.48820000e-02 0.00000000e+00 0.00000000e+00
1000 713000 3519000 8.23430000e-03 8.23430000e-03 0.00000000e+00 0.00000000e+00
1000 714000 3519000 4.46310000e-03 4.46310000e-03 0.00000000e+00 0.00000000e+00
1000 715000 3519000 2.35450000e-03 2.35450000e-03 0.00000000e+00 0.00000000e+00
1000 716000 3519000 1.62680000e-03 1.62680000e-03 0.00000000e+00 0.00000000e+00
1000 717000 3519000 1.52050000e-03 1.52050000e-03 0.00000000e+00 0.00000000e+00
1000 718000 3519000 4.87770000e-04 4.87770000e-04 0.00000000e+00 0.00000000e+00
1000 719000 3519000 3.74230000e-04 3.74230000e-04 0.00000000e+00 0.00000000e+00
1000 720000 3519000 6.52660000e-04 6.52660000e-04 0.00000000e+00 0.00000000e+00
1000 721000 3519000 3.09010000e-04 3.09010000e-04 0.00000000e+00 0.00000000e+00
1000 722000 3519000 1.40990000e-03 1.40990000e-03 0.00000000e+00 0.00000000e+00
1000 723000 3519000 1.61050000e-03 1.61050000e-03 0.00000000e+00 0.00000000e+00
1000 724000 3519000 1.54710000e-03 1.54710000e-03 0.00000000e+00 0.00000000e+00
1000 725000 3519000 1.75170000e-03 1.75170000e-03 0.00000000e+00 0.00000000e+00
1000 726000 3519000 1.73690000e-03 1.73690000e-03 0.00000000e+00 0.00000000e+00
1000 727000 3519000 1.54680000e-03 1.54680000e-03 0.00000000e+00 0.00000000e+00
1000 728000 3519000 6.37470000e-04 6.37470000e-04 0.00000000e+00 0.00000000e+00
1000 729000 3519000 1.45840000e-03 1.45840000e-03 0.00000000e+00 0.00000000e+00
1000 730000 3519000 1.70160000e-03 1.70160000e-03 0.00000000e+00 0.00000000e+00
1000 731000 3519000 1.64680000e-03 1.64680000e-03 0.00000000e+00 0.00000000e+00
1000 732000 3519000 2.04070000e-03 2.04070000e-03 0.00000000e+00 0.00000000e+00
1000 733000 3519000 3.24960000e-03 3.24960000e-03 0.00000000e+00 0.00000000e+00
1000 734000 3519000 3.40980000e-03 3.40980000e-03 0.00000000e+00 0.00000000e+00
1000 735000 3519000 3.04820000e-03 3.04820000e-03 0.00000000e+00 0.00000000e+00
1000 736000 3519000 3.30250000e-03 3.30250000e-03 0.00000000e+00 0.00000000e+00
1000 737000 3519000 3.19980000e-03 3.19980000e-03 0.00000000e+00 0.00000000e+00
1000 738000 3519000 3.09040000e-03 3.09040000e-03 0.00000000e+00 0.00000000e+00
1000 739000 3519000 2.97570000e-03 2.97570000e-03 0.00000000e+00 0.00000000e+00
1000 740000 3519000 2.85680000e-03 2.85680000e-03 0.00000000e+00 0.00000000e+00
1000 741000 3519000 2.73480000e-03 2.73480000e-03 0.00000000e+00 0.00000000e+00
1000 742000 3519000 2.61100000e-03 2.61100000e-03 0.00000000e+00 0.00000000e+00
1000 743000 3519000 2.48640000e-03 2.48640000e-03 0.00000000e+00 0.00000000e+00
1000 744000 3519000 2.36200000e-03 2.36200000e-03 0.00000000e+00 0.00000000e+00
1000 745000 3519000 2.23860000e-03 2.23860000e-03 0.00000000e+00 0.00000000e+00
1000 746000 3519000 2.11720000e-03 2.11720000e-03 0.00000000e+00 0.00000000e+00
1000 747000 3519000 1.99830000e-03 1.99830000e-03 0.00000000e+00 0.00000000e+00
1000 748000 3519000 1.88270000e-03 1.88270000e-03 0.00000000e+00 0.00000000e+00
1000 749000 3519000 1.77070000e-03 1.77070000e-03 0.00000000e+00 0.00000000e+00
1000 750000 3519000 1.66290000e-03 1.66290000e-03 0.00000000e+00 0.00000000e+00
1000 650000 3518000 9.11930000e-07 9.11930000e-07 0.00000000e+00 0.00000000e+00
1000 651000 3518000 1.01730000e-06 1.01730000e-06 0.00000000e+00 0.00000000e+00
1000 652000 3518000 1.13090000e-06 1.13090000e-06 0.00000000e+00 0.00000000e+00
1000 653000 3518000 1.25520000e-06 1.25520000e-06 0.00000000e+00 0.00000000e+00
1000 654000 3518000 1.39230000e-06 1.39230000e-06 0.00000000e+00 0.00000000e+00
1000 655000 3518000 1.54290000e-06 1.54290000e-06 0.00000000e+00 0.00000000e+00
1000 656000 3518000 1.70550000e-06 1.70550000e-06 0.00000000e+00 0.00000000e+00
1000 657000 3518000 1.88080000e-06 1.88080000e-06 0.00000000e+00 0.00000000e+00
1000 658000 3518000 2.06420000e-06 2.06420000e-06 0.00000000e+00 0.00000000e+00
1000 659000 3518000 2.25560000e-06 2.25560000e-06 0.00000000e+00 0.00000000e+00
1000 660000 3518000 2.45290000e-06 2.45290000e-06 0.00000000e+00 0.00000000e+00
1000 661000 3518000 2.66430000e-06 2.66430000e-06 0.00000000e+00 0.00000000e+00
1000 662000 3518000 2.93780000e-06 2.93780000e-06 0.00000000e+00 0.00000000e+00
1000 663000 3518000 3.29580000e-06 3.29580000e-06 0.00000000e+00 0.00000000e+00
1000 664000 3518000 3.83740000e-06 3.83740000e-06 0.00000000e+00 0.00000000e+00
1000 665000 3518000 5.07430000e-06 5.07430000e-06 0.00000000e+00 0.00000000e+00
1000 666000 3518000 1.21210000e-05 1.21210000e-05 0.00000000e+00 0.00000000e+00
1000 667000 3518000 1.34580000e-05 1.34580000e-05 0.00000000e+00 0.00000000e+00
1000 668000 3518000 1.41150000e-05 1.41150000e-05 0.00000000e+00 0.00000000e+00
1000 669000 3518000 7.24640000e-06 7.24640000e-06 0.00000000e+00 0.00000000e+00
1000 670000 3518000 9.91860000e-06 9.91860000e-06 0.00000000e+00 0.00000000e+00
1000 671000 3518000 1.21280000e-05 1.21280000e-05 0.00000000e+00 0.00000000e+00
1000 672000 3518000 1.21710000e-05 1.21710000e-05 0.00000000e+00 0.00000000e+00
1000 673000 3518000 1.45630000e-05 1.45630000e-05 0.00000000e+00 0.00000000e+00
1000 674000 3518000 1.83490000e-05 1.83490000e-05 0.00000000e+00 0.00000000e+00
1000 675000 3518000 1.97890000e-05 1.97890000e-05 0.00000000e+00 0.00000000e+00
1000 676000 3518000 2.79720000e-05 2.79720000e-05 0.00000000e+00 0.00000000e+00
1000 677000 3518000 3.62190000e-05 3.62190000e-05 0.00000000e+00 0.00000000e+00
1000 678000 3518000 6.88250000e-05 6.88250000e-05 0.00000000e+00 0.00000000e+00
1000 679000 3518000 3.20810000e-04 3.20810000e-04 0.00000000e+00 0.00000000e+00
1000 680000 3518000 2.02690000e-03 2.02690000e-03 0.00000000e+00 0.00000000e+00
1000 681000 3518000 1.01520000e-02 1.01520000e-02 0.00000000e+00 0.00000000e+00
1000 682000 3518000 4.74470000e-02 4.74470000e-02 0.00000000e+00 0.00000000e+00
1000 683000 3518000 1.53130000e-01 1.53130000e-01 0.00000000e+00 0.00000000e+00
1000 684000 3518000 4.04810000e-01 4.04810000e-01 0.00000000e+00 0.00000000e+00
1000 685000 3518000 8.69720000e-01 8.69720000e-01 0.00000000e+00 0.00000000e+00
1000 686000 3518000 1.54820000e+00 1.54820000e+00 0.00000000e+00 0.00000000e+00
1000 687000 3518000 2.40920000e+00 2.40920000e+00 0.00000000e+00 0.00000000e+00
1000 688000 3518000 3.32580000e+00 3.32580000e+00 0.00000000e+00 0.00000000e+00
1000 689000 3518000 4.11510000e+00 4.11510000e+00 0.00000000e+00 0.00000000e+00
1000 690000 3518000 4.82490000e+00 4.82490000e+00 0.00000000e+00 0.00000000e+00
1000 691000 3518000 5.35600000e+00 5.35600000e+00 0.00000000e+00 0.00000000e+00
1000 692000 3518000 5.75140000e+00 5.75140000e+00 0.00000000e+00 0.00000000e+00
1000 693000 3518000 5.97880000e+00 5.97880000e+00 0.00000000e+00 0.00000000e+00
1000 694000 3518000 6.03240000e+00 6.03240000e+00 0.00000000e+00 0.00000000e+00
1000 695000 3518000 5.90960000e+00 5.90960000e+00 0.00000000e+00 0.00000000e+00
1000 696000 3518000 5.60990000e+00 5.60990000e+00 0.00000000e+00 0.00000000e+00
1000 697000 3518000 5.15220000e+00 5.15220000e+00 0.00000000e+00 0.00000000e+00
1000 698000 3518000 4.58010000e+00 4.58010000e+00 0.00000000e+00 0.00000000e+00
1000 699000 3518000 3.93640000e+00 3.93640000e+00 0.00000000e+00 0.00000000e+00
1000 700000 3518000 3.27150000e+00 3.27150000e+00 0.00000000e+00 0.00000000e+00
1000 701000 3518000 2.62940000e+00 2.62940000e+00 0.00000000e+00 0.00000000e+00
1000 702000 3518000 2.04740000e+00 2.04740000e+00 0.00000000e+00 0.00000000e+00
1000 703000 3518000 1.54560000e+00 1.54560000e+00 0.00000000e+00 0.00000000e+00
1000 704000 3518000 1.13000000e+00 1.13000000e+00 0.00000000e+00 0.00000000e+00
1000 705000 3518000 8.02910000e-01 8.02910000e-01 0.00000000e+00 0.00000000e+00
1000 706000 3518000 5.65220000e-01 5.65220000e-01 0.00000000e+00 0.00000000e+00
1000 707000 3518000 3.79440000e-01 3.79440000e-01 0.00000000e+00 0.00000000e+00
1000 708000 3518000 2.53860000e-01 2.53860000e-01 0.00000000e+00 0.00000000e+00
1000 709000 3518000 1.66540000e-01 1.66540000e-01 0.00000000e+00 0.00000000e+00
1000 710000 3518000 1.11540000e-01 1.11540000e-01 0.00000000e+00 0.00000000e+00
1000 711000 3518000 6.76360000e-02 6.76360000e-02 0.00000000e+00 0.00000000e+00
1000 712000 3518000 3.68740000e-02 3.68740000e-02 0.00000000e+00 0.00000000e+00
1000 713000 3518000 2.24000000e-02 2.24000000e-02 0.00000000e+00 0.00000000e+00
1000 714000 3518000 1.29400000e-02 1.29400000e-02 0.00000000e+00 0.00000000e+00
1000 715000 3518000 6.85260000e-03 6.85260000e-03 0.00000000e+00 0.00000000e+00
1000 716000 3518000 3.70850000e-03 3.70850000e-03 0.00000000e+00 0.00000000e+00
1000 717000 3518000 2.51670000e-03 2.51670000e-03 0.00000000e+00 0.00000000e+00
1000 718000 3518000 1.23890000e-03 1.23890000e-03 0.00000000e+00 0.00000000e+00
1000 719000 3518000 7.77580000e-04 7.77580000e-04 0.00000000e+00 0.00000000e+00
1000 720000 3518000 1.07200000e-03 1.07200000e-03 0.00000000e+00 0.00000000e+00
1000 721000 3518000 1.01790000e-03 1.01790000e-03 0.00000000e+00 0.00000000e+00
1000 722000 3518000 1.01710000e-03 1.01710000e-03 0.00000000e+00 0.00000000e+00
1000 723000 3518000 8.94420000e-04 8.94420000e-04 0.00000000e+00 0.00000000e+00
1000 724000 3518000 1.17320000e-03 1.17320000e-03 0.00000000e+00 0.00000000e+00
1000 725000 3518000 2.05260000e-03 2.05260000e-03 0.00000000e+00 0.00000000e+00
1000 726000 3518000 1.48560000e-03 1.48560000e-03 0.00000000e+00 0.00000000e+00
1000 727000 3518000 4.67370000e-04 4.67370000e-04 0.00000000e+00 0.00000000e+00
1000 728000 3518000 1.20620000e-03 1.20620000e-03 0.00000000e+00 0.00000000e+00
1000 729000 3518000 1.05170000e-03 1.05170000e-03 0.00000000e+00 0.00000000e+00
1000 730000 3518000 1.12550000e-03 1.12550000e-03 0.00000000e+00 0.00000000e+00
1000 731000 3518000 2.13200000e-03 2.13200000e-03 0.00000000e+00 0.00000000e+00
1000 732000 3518000 3.98760000e-03 3.98760000e-03 0.00000000e+00 0.00000000e+00
1000 733000 3518000 2.76610000e-03 2.76610000e-03 0.00000000e+00 0.00000000e+00
1000 734000 3518000 3.01280000e-03 3.01280000e-03 0.00000000e+00 0.00000000e+00
1000 735000 3518000 4.00540000e-03 4.00540000e-03 0.00000000e+00 0.00000000e+00
1000 736000 3518000 4.07400000e-03 4.07400000e-03 0.00000000e+00 0.00000000e+00
1000 737000 3518000 3.94730000e-03 3.94730000e-03 0.00000000e+00 0.00000000e+00
1000 738000 3518000 3.81240000e-03 3.81240000e-03 0.00000000e+00 0.00000000e+00
1000 739000 3518000 3.67070000e-03 3.67070000e-03 0.00000000e+00 0.00000000e+00
1000 740000 3518000 3.52370000e-03 3.52370000e-03 0.00000000e+00 0.00000000e+00
1000 741000 3518000 3.37300000e-03 3.37300000e-03 0.00000000e+00 0.00000000e+00
1000 742000 3518000 3.21990000e-03 3.21990000e-03 0.00000000e+00 0.00000000e+00
1000 743000 3518000 3.06570000e-03 3.06570000e-03 0.00000000e+00 0.00000000e+00
1000 744000 3518000 2.91170000e-03 2.91170000e-03 0.00000000e+00 0.00000000e+00
1000 745000 3518000 2.75900000e-03 2.75900000e-03 0.00000000e+00 0.00000000e+00
1000 746000 3518000 2.60860000e-03 2.60860000e-03 0.00000000e+00 0.00000000e+00
1000 747000 3518000 2.46140000e-03 2.46140000e-03 0.00000000e+00 0.00000000e+00
1000 748000 3518000 2.31810000e-03 2.31810000e-03 0.00000000e+00 0.00000000e+00
1000 749000 3518000 2.17940000e-03 2.17940000e-03 0.00000000e+00 0.00000000e+00
1000 750000 3518000 2.04570000e-03 2.04570000e-03 0.00000000e+00 0.00000000e+00
1000 650000 3517000 9.72480000e-07 9.72480000e-07 0.00000000e+00 0.00000000e+00
1000 651000 3517000 1.08890000e-06 1.08890000e-06 0.00000000e+00 0.00000000e+00
1000 652000 3517000 1.21660000e-06 1.21660000e-06 0.00000000e+00 0.00000000e+00
1000 653000 3517000 1.35820000e-06 1.35820000e-06 0.00000000e+00 0.00000000e+00
1000 654000 3517000 1.51660000e-06 1.51660000e-06 0.00000000e+00 0.00000000e+00
1000 655000 3517000 1.69420000e-06 1.69420000e-06 0.00000000e+00 0.00000000e+00
1000 656000 3517000 1.89320000e-06 1.89320000e-06 0.00000000e+00 0.00000000e+00
1000 657000 3517000 2.11300000e-06 2.11300000e-06 0.00000000e+00 0.00000000e+00
1000 658000 3517000 2.35600000e-06 2.35600000e-06 0.00000000e+00 0.00000000e+00
1000 659000 3517000 2.62620000e-06 2.62620000e-06 0.00000000e+00 0.00000000e+00
1000 660000 3517000 2.93250000e-06 2.93250000e-06 0.00000000e+00 0.00000000e+00
1000 661000 3517000 3.29740000e-06 3.29740000e-06 0.00000000e+00 0.00000000e+00
1000 662000 3517000 3.76710000e-06 3.76710000e-06 0.00000000e+00 0.00000000e+00
1000 663000 3517000 4.42740000e-06 4.42740000e-06 0.00000000e+00 0.00000000e+00
1000 664000 3517000 5.47610000e-06 5.47610000e-06 0.00000000e+00 0.00000000e+00
1000 665000 3517000 7.92310000e-06 7.92310000e-06 0.00000000e+00 0.00000000e+00
1000 666000 3517000 1.36860000e-05 1.36860000e-05 0.00000000e+00 0.00000000e+00
1000 667000 3517000 1.67650000e-05 1.67650000e-05 0.00000000e+00 0.00000000e+00
1000 668000 3517000 1.48280000e-05 1.48280000e-05 0.00000000e+00 0.00000000e+00
1000 669000 3517000 2.43170000e-05 2.43170000e-05 0.00000000e+00 0.00000000e+00
1000 670000 3517000 1.97450000e-05 1.97450000e-05 0.00000000e+00 0.00000000e+00
1000 671000 3517000 1.24070000e-05 1.24070000e-05 0.00000000e+00 0.00000000e+00
1000 672000 3517000 3.94510000e-05 3.94510000e-05 0.00000000e+00 0.00000000e+00
1000 673000 3517000 1.99850000e-05 1.99850000e-05 0.00000000e+00 0.00000000e+00
1000 674000 3517000 2.24940000e-05 2.24940000e-05 0.00000000e+00 0.00000000e+00
1000 675000 3517000 2.50680000e-05 2.50680000e-05 0.00000000e+00 0.00000000e+00
1000 676000 3517000 2.17920000e-05 2.17920000e-05 0.00000000e+00 0.00000000e+00
1000 677000 3517000 2.73910000e-05 2.73910000e-05 0.00000000e+00 0.00000000e+00
1000 678000 3517000 2.77540000e-05 2.77540000e-05 0.00000000e+00 0.00000000e+00
1000 679000 3517000 1.29930000e-04 1.29930000e-04 0.00000000e+00 0.00000000e+00
1000 680000 3517000 7.08160000e-04 7.08160000e-04 0.00000000e+00 0.00000000e+00
1000 681000 3517000 3.85250000e-03 3.85250000e-03 0.00000000e+00 0.00000000e+00
1000 682000 3517000 1.78270000e-02 1.78270000e-02 0.00000000e+00 0.00000000e+00
1000 683000 3517000 6.20170000e-02 6.20170000e-02 0.00000000e+00 0.00000000e+00
1000 684000 3517000 1.84490000e-01 1.84490000e-01 0.00000000e+00 0.00000000e+00
1000 685000 3517000 4.37150000e-01 4.37150000e-01 0.00000000e+00 0.00000000e+00
1000 686000 3517000 8.67000000e-01 8.67000000e-01 0.00000000e+00 0.00000000e+00
1000 687000 3517000 1.44400000e+00 1.44400000e+00 0.00000000e+00 0.00000000e+00
1000 688000 3517000 2.12280000e+00 2.12280000e+00 0.00000000e+00 0.00000000e+00
1000 689000 3517000 2.78350000e+00 2.78350000e+00 0.00000000e+00 0.00000000e+00
1000 690000 3517000 3.48550000e+00 3.48550000e+00 0.00000000e+00 0.00000000e+00
1000 691000 3517000 4.09700000e+00 4.09700000e+00 0.00000000e+00 0.00000000e+00
1000 692000 3517000 4.60370000e+00 4.60370000e+00 0.00000000e+00 0.00000000e+00
1000 693000 3517000 5.00330000e+00 5.00330000e+00 0.00000000e+00 0.00000000e+00
1000 694000 3517000 5.27940000e+00 5.27940000e+00 0.00000000e+00 0.00000000e+00
1000 695000 3517000 5.41370000e+00 5.41370000e+00 0.00000000e+00 0.00000000e+00
1000 696000 3517000 5.39100000e+00 5.39100000e+00 0.00000000e+00 0.00000000e+00
1000 697000 3517000 5.20640000e+00 5.20640000e+00 0.00000000e+00 0.00000000e+00
1000 698000 3517000 4.86970000e+00 4.86970000e+00 0.00000000e+00 0.00000000e+00
1000 699000 3517000 4.40780000e+00 4.40780000e+00 0.00000000e+00 0.00000000e+00
1000 700000 3517000 3.86090000e+00 3.86090000e+00 0.00000000e+00 0.00000000e+00
1000 701000 3517000 3.26850000e+00 3.26850000e+00 0.00000000e+00 0.00000000e+00
1000 702000 3517000 2.68110000e+00 2.68110000e+00 0.00000000e+00 0.00000000e+00
1000 703000 3517000 2.13510000e+00 2.13510000e+00 0.00000000e+00 0.00000000e+00
1000 704000 3517000 1.64660000e+00 1.64660000e+00 0.00000000e+00 0.00000000e+00
1000 705000 3517000 1.23450000e+00 1.23450000e+00 0.00000000e+00 0.00000000e+00
1000 706000 3517000 8.99870000e-01 8.99870000e-01 0.00000000e+00 0.00000000e+00
1000 707000 3517000 6.63570000e-01 6.63570000e-01 0.00000000e+00 0.00000000e+00
1000 708000 3517000 4.55200000e-01 4.55200000e-01 0.00000000e+00 0.00000000e+00
1000 709000 3517000 3.40220000e-01 3.40220000e-01 0.00000000e+00 0.00000000e+00
1000 710000 3517000 2.17330000e-01 2.17330000e-01 0.00000000e+00 0.00000000e+00
1000 711000 3517000 1.33240000e-01 1.33240000e-01 0.00000000e+00 0.00000000e+00
1000 712000 3517000 8.64980000e-02 8.64980000e-02 0.00000000e+00 0.00000000e+00
1000 713000 3517000 5.48660000e-02 5.48660000e-02 0.00000000e+00 0.00000000e+00
1000 714000 3517000 3.21550000e-02 3.21550000e-02 0.00000000e+00 0.00000000e+00
1000 715000 3517000 2.33450000e-02 2.33450000e-02 0.00000000e+00 0.00000000e+00
1000 716000 3517000 1.04620000e-02 1.04620000e-02 0.00000000e+00 0.00000000e+00
1000 717000 3517000 5.62070000e-03 5.62070000e-03 0.00000000e+00 0.00000000e+00
1000 718000 3517000 3.19990000e-03 3.19990000e-03 0.00000000e+00 0.00000000e+00
1000 719000 3517000 1.96210000e-03 1.96210000e-03 0.00000000e+00 0.00000000e+00
1000 720000 3517000 2.72860000e-03 2.72860000e-03 0.00000000e+00 0.00000000e+00
1000 721000 3517000 1.54060000e-03 1.54060000e-03 0.00000000e+00 0.00000000e+00
1000 722000 3517000 1.33370000e-03 1.33370000e-03 0.00000000e+00 0.00000000e+00
1000 723000 3517000 1.37760000e-03 1.37760000e-03 0.00000000e+00 0.00000000e+00
1000 724000 3517000 1.35120000e-03 1.35120000e-03 0.00000000e+00 0.00000000e+00
1000 725000 3517000 2.54710000e-03 2.54710000e-03 0.00000000e+00 0.00000000e+00
1000 726000 3517000 1.36950000e-03 1.36950000e-03 0.00000000e+00 0.00000000e+00
1000 727000 3517000 5.08610000e-04 5.08610000e-04 0.00000000e+00 0.00000000e+00
1000 728000 3517000 1.28100000e-03 1.28100000e-03 0.00000000e+00 0.00000000e+00
1000 729000 3517000 1.58490000e-03 1.58490000e-03 0.00000000e+00 0.00000000e+00
1000 730000 3517000 2.97210000e-03 2.97210000e-03 0.00000000e+00 0.00000000e+00
1000 731000 3517000 3.69880000e-03 3.69880000e-03 0.00000000e+00 0.00000000e+00
1000 732000 3517000 2.78370000e-03 2.78370000e-03 0.00000000e+00 0.00000000e+00
1000 733000 3517000 2.98780000e-03 2.98780000e-03 0.00000000e+00 0.00000000e+00
1000 734000 3517000 5.18410000e-03 5.18410000e-03 0.00000000e+00 0.00000000e+00
1000 735000 3517000 5.13880000e-03 5.13880000e-03 0.00000000e+00 0.00000000e+00
1000 736000 3517000 4.99590000e-03 4.99590000e-03 0.00000000e+00 0.00000000e+00
1000 737000 3517000 4.84100000e-03 4.84100000e-03 0.00000000e+00 0.00000000e+00
1000 738000 3517000 4.67580000e-03 4.67580000e-03 0.00000000e+00 0.00000000e+00
1000 739000 3517000 4.50220000e-03 4.50220000e-03 0.00000000e+00 0.00000000e+00
1000 740000 3517000 4.32210000e-03 4.32210000e-03 0.00000000e+00 0.00000000e+00
1000 741000 3517000 4.13730000e-03 4.13730000e-03 0.00000000e+00 0.00000000e+00
1000 742000 3517000 3.94940000e-03 3.94940000e-03 0.00000000e+00 0.00000000e+00
1000 743000 3517000 3.76010000e-03 3.76010000e-03 0.00000000e+00 0.00000000e+00
1000 744000 3517000 3.57090000e-03 3.57090000e-03 0.00000000e+00 0.00000000e+00
1000 745000 3517000 3.38330000e-03 3.38330000e-03 0.00000000e+00 0.00000000e+00
1000 746000 3517000 3.19840000e-03 3.19840000e-03 0.00000000e+00 0.00000000e+00
1000 747000 3517000 3.01730000e-03 3.01730000e-03 0.00000000e+00 0.00000000e+00
1000 748000 3517000 2.84090000e-03 2.84090000e-03 0.00000000e+00 0.00000000e+00
1000 749000 3517000 2.67010000e-03 2.67010000e-03 0.00000000e+00 0.00000000e+00
1000 750000 3517000 2.50540000e-03 2.50540000e-03 0.00000000e+00 0.00000000e+00
1000 650000 3516000 1.03680000e-06 1.03680000e-06 0.00000000e+00 0.00000000e+00
1000 651000 3516000 1.16510000e-06 1.16510000e-06 0.00000000e+00 0.00000000e+00
1000 652000 3516000 1.30740000e-06 1.30740000e-06 0.00000000e+00 0.00000000e+00
1000 653000 3516000 1.46860000e-06 1.46860000e-06 0.00000000e+00 0.00000000e+00
1000 654000 3516000 1.65030000e-06 1.65030000e-06 0.00000000e+00 0.00000000e+00
1000 655000 3516000 1.85800000e-06 1.85800000e-06 0.00000000e+00 0.00000000e+00
1000 656000 3516000 2.09540000e-06 2.09540000e-06 0.00000000e+00 0.00000000e+00
1000 657000 3516000 2.36680000e-06 2.36680000e-06 0.00000000e+00 0.00000000e+00
1000 658000 3516000 2.67680000e-06 2.67680000e-06 0.00000000e+00 0.00000000e+00
1000 659000 3516000 3.03770000e-06 3.03770000e-06 0.00000000e+00 0.00000000e+00
1000 660000 3516000 3.46600000e-06 3.46600000e-06 0.00000000e+00 0.00000000e+00
1000 661000 3516000 4.00180000e-06 4.00180000e-06 0.00000000e+00 0.00000000e+00
1000 662000 3516000 4.72240000e-06 4.72240000e-06 0.00000000e+00 0.00000000e+00
1000 663000 3516000 5.77030000e-06 5.77030000e-06 0.00000000e+00 0.00000000e+00
1000 664000 3516000 7.45440000e-06 7.45440000e-06 0.00000000e+00 0.00000000e+00
1000 665000 3516000 1.03180000e-05 1.03180000e-05 0.00000000e+00 0.00000000e+00
1000 666000 3516000 1.50810000e-05 1.50810000e-05 0.00000000e+00 0.00000000e+00
1000 667000 3516000 1.47920000e-05 1.47920000e-05 0.00000000e+00 0.00000000e+00
1000 668000 3516000 2.24230000e-05 2.24230000e-05 0.00000000e+00 0.00000000e+00
1000 669000 3516000 2.83260000e-05 2.83260000e-05 0.00000000e+00 0.00000000e+00
1000 670000 3516000 2.77170000e-05 2.77170000e-05 0.00000000e+00 0.00000000e+00
1000 671000 3516000 4.29830000e-05 4.29830000e-05 0.00000000e+00 0.00000000e+00
1000 672000 3516000 4.30530000e-05 4.30530000e-05 0.00000000e+00 0.00000000e+00
1000 673000 3516000 1.98930000e-05 1.98930000e-05 0.00000000e+00 0.00000000e+00
1000 674000 3516000 2.47270000e-05 2.47270000e-05 0.00000000e+00 0.00000000e+00
1000 675000 3516000 3.00200000e-05 3.00200000e-05 0.00000000e+00 0.00000000e+00
1000 676000 3516000 3.58210000e-05 3.58210000e-05 0.00000000e+00 0.00000000e+00
1000 677000 3516000 1.90290000e-05 1.90290000e-05 0.00000000e+00 0.00000000e+00
1000 678000 3516000 2.12420000e-05 2.12420000e-05 0.00000000e+00 0.00000000e+00
1000 679000 3516000 6.89200000e-05 6.89200000e-05 0.00000000e+00 0.00000000e+00
1000 680000 3516000 3.22950000e-04 3.22950000e-04 0.00000000e+00 0.00000000e+00
1000 681000 3516000 1.44310000e-03 1.44310000e-03 0.00000000e+00 0.00000000e+00
1000 682000 3516000 7.08210000e-03 7.08210000e-03 0.00000000e+00 0.00000000e+00
1000 683000 3516000 2.51350000e-02 2.51350000e-02 0.00000000e+00 0.00000000e+00
1000 684000 3516000 7.89340000e-02 7.89340000e-02 0.00000000e+00 0.00000000e+00
1000 685000 3516000 2.06380000e-01 2.06380000e-01 0.00000000e+00 0.00000000e+00
1000 686000 3516000 4.44460000e-01 4.44460000e-01 0.00000000e+00 0.00000000e+00
1000 687000 3516000 7.99000000e-01 7.99000000e-01 0.00000000e+00 0.00000000e+00
1000 688000 3516000 1.28350000e+00 1.28350000e+00 0.00000000e+00 0.00000000e+00
1000 689000 3516000 1.85270000e+00 1.85270000e+00 0.00000000e+00 0.00000000e+00
1000 690000 3516000 2.42660000e+00 2.42660000e+00 0.00000000e+00 0.00000000e+00
1000 691000 3516000 2.98500000e+00 2.98500000e+00 0.00000000e+00 0.00000000e+00
1000 692000 3516000 3.49850000e+00 3.49850000e+00 0.00000000e+00 0.00000000e+00
1000 693000 3516000 3.95840000e+00 3.95840000e+00 0.00000000e+00 0.00000000e+00
1000 694000 3516000 4.35800000e+00 4.35800000e+00 0.00000000e+00 0.00000000e+00
1000 695000 3516000 4.66720000e+00 4.66720000e+00 0.00000000e+00 0.00000000e+00
1000 696000 3516000 4.86080000e+00 4.86080000e+00 0.00000000e+00 0.00000000e+00
1000 697000 3516000 4.91420000e+00 4.91420000e+00 0.00000000e+00 0.00000000e+00
1000 698000 3516000 4.82010000e+00 4.82010000e+00 0.00000000e+00 0.00000000e+00
1000 699000 3516000 4.58180000e+00 4.58180000e+00 0.00000000e+00 0.00000000e+00
1000 700000 3516000 4.21710000e+00 4.21710000e+00 0.00000000e+00 0.00000000e+00
1000 701000 3516000 3.75400000e+00 3.75400000e+00 0.00000000e+00 0.00000000e+00
1000 702000 3516000 3.23960000e+00 3.23960000e+00 0.00000000e+00 0.00000000e+00
1000 703000 3516000 2.70790000e+00 2.70790000e+00 0.00000000e+00 0.00000000e+00
1000 704000 3516000 2.19710000e+00 2.19710000e+00 0.00000000e+00 0.00000000e+00
1000 705000 3516000 1.73340000e+00 1.73340000e+00 0.00000000e+00 0.00000000e+00
1000 706000 3516000 1.35710000e+00 1.35710000e+00 0.00000000e+00 0.00000000e+00
1000 707000 3516000 1.03230000e+00 1.03230000e+00 0.00000000e+00 0.00000000e+00
1000 708000 3516000 7.56900000e-01 7.56900000e-01 0.00000000e+00 0.00000000e+00
1000 709000 3516000 5.55650000e-01 5.55650000e-01 0.00000000e+00 0.00000000e+00
1000 710000 3516000 3.70740000e-01 3.70740000e-01 0.00000000e+00 0.00000000e+00
1000 711000 3516000 2.59130000e-01 2.59130000e-01 0.00000000e+00 0.00000000e+00
1000 712000 3516000 1.76640000e-01 1.76640000e-01 0.00000000e+00 0.00000000e+00
1000 713000 3516000 1.11730000e-01 1.11730000e-01 0.00000000e+00 0.00000000e+00
1000 714000 3516000 6.96570000e-02 6.96570000e-02 0.00000000e+00 0.00000000e+00
1000 715000 3516000 4.34250000e-02 4.34250000e-02 0.00000000e+00 0.00000000e+00
1000 716000 3516000 2.50710000e-02 2.50710000e-02 0.00000000e+00 0.00000000e+00
1000 717000 3516000 1.44520000e-02 1.44520000e-02 0.00000000e+00 0.00000000e+00
1000 718000 3516000 8.31830000e-03 8.31830000e-03 0.00000000e+00 0.00000000e+00
1000 719000 3516000 5.28530000e-03 5.28530000e-03 0.00000000e+00 0.00000000e+00
1000 720000 3516000 3.72380000e-03 3.72380000e-03 0.00000000e+00 0.00000000e+00
1000 721000 3516000 3.82760000e-03 3.82760000e-03 0.00000000e+00 0.00000000e+00
1000 722000 3516000 2.27830000e-03 2.27830000e-03 0.00000000e+00 0.00000000e+00
1000 723000 3516000 1.99220000e-03 1.99220000e-03 0.00000000e+00 0.00000000e+00
1000 724000 3516000 2.45040000e-03 2.45040000e-03 0.00000000e+00 0.00000000e+00
1000 725000 3516000 1.58610000e-03 1.58610000e-03 0.00000000e+00 0.00000000e+00
1000 726000 3516000 1.88810000e-03 1.88810000e-03 0.00000000e+00 0.00000000e+00
1000 727000 3516000 8.12350000e-04 8.12350000e-04 0.00000000e+00 0.00000000e+00
1000 728000 3516000 2.25570000e-03 2.25570000e-03 0.00000000e+00 0.00000000e+00
1000 729000 3516000 3.27950000e-03 3.27950000e-03 0.00000000e+00 0.00000000e+00
1000 730000 3516000 3.36070000e-03 3.36070000e-03 0.00000000e+00 0.00000000e+00
1000 731000 3516000 2.49490000e-03 2.49490000e-03 0.00000000e+00 0.00000000e+00
1000 732000 3516000 4.26780000e-03 4.26780000e-03 0.00000000e+00 0.00000000e+00
1000 733000 3516000 6.19700000e-03 6.19700000e-03 0.00000000e+00 0.00000000e+00
1000 734000 3516000 6.41890000e-03 6.41890000e-03 0.00000000e+00 0.00000000e+00
1000 735000 3516000 6.26270000e-03 6.26270000e-03 0.00000000e+00 0.00000000e+00
1000 736000 3516000 6.08960000e-03 6.08960000e-03 0.00000000e+00 0.00000000e+00
1000 737000 3516000 5.90180000e-03 5.90180000e-03 0.00000000e+00 0.00000000e+00
1000 738000 3516000 5.70130000e-03 5.70130000e-03 0.00000000e+00 0.00000000e+00
1000 739000 3516000 5.49040000e-03 5.49040000e-03 0.00000000e+00 0.00000000e+00
1000 740000 3516000 5.27140000e-03 5.27140000e-03 0.00000000e+00 0.00000000e+00
1000 741000 3516000 5.04640000e-03 5.04640000e-03 0.00000000e+00 0.00000000e+00
1000 742000 3516000 4.81760000e-03 4.81760000e-03 0.00000000e+00 0.00000000e+00
1000 743000 3516000 4.58690000e-03 4.58690000e-03 0.00000000e+00 0.00000000e+00
1000 744000 3516000 4.35620000e-03 4.35620000e-03 0.00000000e+00 0.00000000e+00
1000 745000 3516000 4.12730000e-03 4.12730000e-03 0.00000000e+00 0.00000000e+00
1000 746000 3516000 3.90150000e-03 3.90150000e-03 0.00000000e+00 0.00000000e+00
1000 747000 3516000 3.68030000e-03 3.68030000e-03 0.00000000e+00 0.00000000e+00
1000 748000 3516000 3.46480000e-03 3.46480000e-03 0.00000000e+00 0.00000000e+00
1000 749000 3516000 3.25600000e-03 3.25600000e-03 0.00000000e+00 0.00000000e+00
1000 750000 3516000 3.05450000e-03 3.05450000e-03 0.00000000e+00 0.00000000e+00
1000 650000 3515000 1.10490000e-06 1.10490000e-06 0.00000000e+00 0.00000000e+00
1000 651000 3515000 1.24600000e-06 1.24600000e-06 0.00000000e+00 0.00000000e+00
1000 652000 3515000 1.40470000e-06 1.40470000e-06 0.00000000e+00 0.00000000e+00
1000 653000 3515000 1.58470000e-06 1.58470000e-06 0.00000000e+00 0.00000000e+00
1000 654000 3515000 1.79170000e-06 1.79170000e-06 0.00000000e+00 0.00000000e+00
1000 655000 3515000 2.03220000e-06 2.03220000e-06 0.00000000e+00 0.00000000e+00
1000 656000 3515000 2.31080000e-06 2.31080000e-06 0.00000000e+00 0.00000000e+00
1000 657000 3515000 2.63680000e-06 2.63680000e-06 0.00000000e+00 0.00000000e+00
1000 658000 3515000 3.02040000e-06 3.02040000e-06 0.00000000e+00 0.00000000e+00
1000 659000 3515000 3.47670000e-06 3.47670000e-06 0.00000000e+00 0.00000000e+00
1000 660000 3515000 4.03170000e-06 4.03170000e-06 0.00000000e+00 0.00000000e+00
1000 661000 3515000 4.74130000e-06 4.74130000e-06 0.00000000e+00 0.00000000e+00
1000 662000 3515000 5.69390000e-06 5.69390000e-06 0.00000000e+00 0.00000000e+00
1000 663000 3515000 7.05380000e-06 7.05380000e-06 0.00000000e+00 0.00000000e+00
1000 664000 3515000 9.12710000e-06 9.12710000e-06 0.00000000e+00 0.00000000e+00
1000 665000 3515000 1.16500000e-05 1.16500000e-05 0.00000000e+00 0.00000000e+00
1000 666000 3515000 1.68840000e-05 1.68840000e-05 0.00000000e+00 0.00000000e+00
1000 667000 3515000 1.73480000e-05 1.73480000e-05 0.00000000e+00 0.00000000e+00
1000 668000 3515000 2.60060000e-05 2.60060000e-05 0.00000000e+00 0.00000000e+00
1000 669000 3515000 3.02320000e-05 3.02320000e-05 0.00000000e+00 0.00000000e+00
1000 670000 3515000 3.01480000e-05 3.01480000e-05 0.00000000e+00 0.00000000e+00
1000 671000 3515000 1.99390000e-05 1.99390000e-05 0.00000000e+00 0.00000000e+00
1000 672000 3515000 2.59230000e-05 2.59230000e-05 0.00000000e+00 0.00000000e+00
1000 673000 3515000 3.85610000e-05 3.85610000e-05 0.00000000e+00 0.00000000e+00
1000 674000 3515000 4.24520000e-05 4.24520000e-05 0.00000000e+00 0.00000000e+00
1000 675000 3515000 3.21920000e-05 3.21920000e-05 0.00000000e+00 0.00000000e+00
1000 676000 3515000 2.56510000e-05 2.56510000e-05 0.00000000e+00 0.00000000e+00
1000 677000 3515000 2.87570000e-05 2.87570000e-05 0.00000000e+00 0.00000000e+00
1000 678000 3515000 4.02560000e-05 4.02560000e-05 0.00000000e+00 0.00000000e+00
1000 679000 3515000 7.55240000e-05 7.55240000e-05 0.00000000e+00 0.00000000e+00
1000 680000 3515000 1.60420000e-04 1.60420000e-04 0.00000000e+00 0.00000000e+00
1000 681000 3515000 5.30280000e-04 5.30280000e-04 0.00000000e+00 0.00000000e+00
1000 682000 3515000 2.33440000e-03 2.33440000e-03 0.00000000e+00 0.00000000e+00
1000 683000 3515000 1.00950000e-02 1.00950000e-02 0.00000000e+00 0.00000000e+00
1000 684000 3515000 3.40380000e-02 3.40380000e-02 0.00000000e+00 0.00000000e+00
1000 685000 3515000 9.77360000e-02 9.77360000e-02 0.00000000e+00 0.00000000e+00
1000 686000 3515000 2.14410000e-01 2.14410000e-01 0.00000000e+00 0.00000000e+00
1000 687000 3515000 4.32090000e-01 4.32090000e-01 0.00000000e+00 0.00000000e+00
1000 688000 3515000 7.34450000e-01 7.34450000e-01 0.00000000e+00 0.00000000e+00
1000 689000 3515000 1.10820000e+00 1.10820000e+00 0.00000000e+00 0.00000000e+00
1000 690000 3515000 1.56350000e+00 1.56350000e+00 0.00000000e+00 0.00000000e+00
1000 691000 3515000 2.06800000e+00 2.06800000e+00 0.00000000e+00 0.00000000e+00
1000 692000 3515000 2.54110000e+00 2.54110000e+00 0.00000000e+00 0.00000000e+00
1000 693000 3515000 3.00460000e+00 3.00460000e+00 0.00000000e+00 0.00000000e+00
1000 694000 3515000 3.43280000e+00 3.43280000e+00 0.00000000e+00 0.00000000e+00
1000 695000 3515000 3.82010000e+00 3.82010000e+00 0.00000000e+00 0.00000000e+00
1000 696000 3515000 4.13950000e+00 4.13950000e+00 0.00000000e+00 0.00000000e+00
1000 697000 3515000 4.36370000e+00 4.36370000e+00 0.00000000e+00 0.00000000e+00
1000 698000 3515000 4.47220000e+00 4.47220000e+00 0.00000000e+00 0.00000000e+00
1000 699000 3515000 4.44920000e+00 4.44920000e+00 0.00000000e+00 0.00000000e+00
1000 700000 3515000 4.29610000e+00 4.29610000e+00 0.00000000e+00 0.00000000e+00
1000 701000 3515000 4.00940000e+00 4.00940000e+00 0.00000000e+00 0.00000000e+00
1000 702000 3515000 3.62940000e+00 3.62940000e+00 0.00000000e+00 0.00000000e+00
1000 703000 3515000 3.18490000e+00 3.18490000e+00 0.00000000e+00 0.00000000e+00
1000 704000 3515000 2.73900000e+00 2.73900000e+00 0.00000000e+00 0.00000000e+00
1000 705000 3515000 2.28760000e+00 2.28760000e+00 0.00000000e+00 0.00000000e+00
1000 706000 3515000 1.86840000e+00 1.86840000e+00 0.00000000e+00 0.00000000e+00
1000 707000 3515000 1.47830000e+00 1.47830000e+00 0.00000000e+00 0.00000000e+00
1000 708000 3515000 1.09950000e+00 1.09950000e+00 0.00000000e+00 0.00000000e+00
1000 709000 3515000 8.11640000e-01 8.11640000e-01 0.00000000e+00 0.00000000e+00
1000 710000 3515000 5.99600000e-01 5.99600000e-01 0.00000000e+00 0.00000000e+00
1000 711000 3515000 4.29230000e-01 4.29230000e-01 0.00000000e+00 0.00000000e+00
1000 712000 3515000 3.08560000e-01 3.08560000e-01 0.00000000e+00 0.00000000e+00
1000 713000 3515000 1.99290000e-01 1.99290000e-01 0.00000000e+00 0.00000000e+00
1000 714000 3515000 1.42380000e-01 1.42380000e-01 0.00000000e+00 0.00000000e+00
1000 715000 3515000 9.35390000e-02 9.35390000e-02 0.00000000e+00 0.00000000e+00
1000 716000 3515000 5.34610000e-02 5.34610000e-02 0.00000000e+00 0.00000000e+00
1000 717000 3515000 3.27640000e-02 3.27640000e-02 0.00000000e+00 0.00000000e+00
1000 718000 3515000 2.01510000e-02 2.01510000e-02 0.00000000e+00 0.00000000e+00
1000 719000 3515000 1.22480000e-02 1.22480000e-02 0.00000000e+00 0.00000000e+00
1000 720000 3515000 8.65070000e-03 8.65070000e-03 0.00000000e+00 0.00000000e+00
1000 721000 3515000 6.92830000e-03 6.92830000e-03 0.00000000e+00 0.00000000e+00
1000 722000 3515000 5.26520000e-03 5.26520000e-03 0.00000000e+00 0.00000000e+00
1000 723000 3515000 4.05380000e-03 4.05380000e-03 0.00000000e+00 0.00000000e+00
1000 724000 3515000 2.32270000e-03 2.32270000e-03 0.00000000e+00 0.00000000e+00
1000 725000 3515000 3.20320000e-03 3.20320000e-03 0.00000000e+00 0.00000000e+00
1000 726000 3515000 2.48340000e-03 2.48340000e-03 0.00000000e+00 0.00000000e+00
1000 727000 3515000 1.05520000e-03 1.05520000e-03 0.00000000e+00 0.00000000e+00
1000 728000 3515000 1.06910000e-03 1.06910000e-03 0.00000000e+00 0.00000000e+00
1000 729000 3515000 2.32190000e-03 2.32190000e-03 0.00000000e+00 0.00000000e+00
1000 730000 3515000 2.49760000e-03 2.49760000e-03 0.00000000e+00 0.00000000e+00
1000 731000 3515000 4.91120000e-03 4.91120000e-03 0.00000000e+00 0.00000000e+00
1000 732000 3515000 4.54290000e-03 4.54290000e-03 0.00000000e+00 0.00000000e+00
1000 733000 3515000 7.37850000e-03 7.37850000e-03 0.00000000e+00 0.00000000e+00
1000 734000 3515000 7.77250000e-03 7.77250000e-03 0.00000000e+00 0.00000000e+00
1000 735000 3515000 7.58530000e-03 7.58530000e-03 0.00000000e+00 0.00000000e+00
1000 736000 3515000 7.37750000e-03 7.37750000e-03 0.00000000e+00 0.00000000e+00
1000 737000 3515000 7.15170000e-03 7.15170000e-03 0.00000000e+00 0.00000000e+00
1000 738000 3515000 6.91030000e-03 6.91030000e-03 0.00000000e+00 0.00000000e+00
1000 739000 3515000 6.65620000e-03 6.65620000e-03 0.00000000e+00 0.00000000e+00
1000 740000 3515000 6.39200000e-03 6.39200000e-03 0.00000000e+00 0.00000000e+00
1000 741000 3515000 6.12030000e-03 6.12030000e-03 0.00000000e+00 0.00000000e+00
1000 742000 3515000 5.84380000e-03 5.84380000e-03 0.00000000e+00 0.00000000e+00
1000 743000 3515000 5.56480000e-03 5.56480000e-03 0.00000000e+00 0.00000000e+00
1000 744000 3515000 5.28570000e-03 5.28570000e-03 0.00000000e+00 0.00000000e+00
1000 745000 3515000 5.00830000e-03 5.00830000e-03 0.00000000e+00 0.00000000e+00
1000 746000 3515000 4.73470000e-03 4.73470000e-03 0.00000000e+00 0.00000000e+00
1000 747000 3515000 4.46640000e-03 4.46640000e-03 0.00000000e+00 0.00000000e+00
1000 748000 3515000 4.20480000e-03 4.20480000e-03 0.00000000e+00 0.00000000e+00
1000 749000 3515000 3.95120000e-03 3.95120000e-03 0.00000000e+00 0.00000000e+00
1000 750000 3515000 3.70650000e-03 3.70650000e-03 0.00000000e+00 0.00000000e+00
1000 650000 3514000 1.17700000e-06 1.17700000e-06 0.00000000e+00 0.00000000e+00
1000 651000 3514000 1.33090000e-06 1.33090000e-06 0.00000000e+00 0.00000000e+00
1000 652000 3514000 1.50560000e-06 1.50560000e-06 0.00000000e+00 0.00000000e+00
1000 653000 3514000 1.70640000e-06 1.70640000e-06 0.00000000e+00 0.00000000e+00
1000 654000 3514000 1.94070000e-06 1.94070000e-06 0.00000000e+00 0.00000000e+00
1000 655000 3514000 2.21310000e-06 2.21310000e-06 0.00000000e+00 0.00000000e+00
1000 656000 3514000 2.53610000e-06 2.53610000e-06 0.00000000e+00 0.00000000e+00
1000 657000 3514000 2.91850000e-06 2.91850000e-06 0.00000000e+00 0.00000000e+00
1000 658000 3514000 3.37590000e-06 3.37590000e-06 0.00000000e+00 0.00000000e+00
1000 659000 3514000 3.93090000e-06 3.93090000e-06 0.00000000e+00 0.00000000e+00
1000 660000 3514000 4.61650000e-06 4.61650000e-06 0.00000000e+00 0.00000000e+00
1000 661000 3514000 5.48760000e-06 5.48760000e-06 0.00000000e+00 0.00000000e+00
1000 662000 3514000 6.64630000e-06 6.64630000e-06 0.00000000e+00 0.00000000e+00
1000 663000 3514000 8.25490000e-06 8.25490000e-06 0.00000000e+00 0.00000000e+00
1000 664000 3514000 1.05880000e-05 1.05880000e-05 0.00000000e+00 0.00000000e+00
1000 665000 3514000 1.40630000e-05 1.40630000e-05 0.00000000e+00 0.00000000e+00
1000 666000 3514000 1.84830000e-05 1.84830000e-05 0.00000000e+00 0.00000000e+00
1000 667000 3514000 2.26730000e-05 2.26730000e-05 0.00000000e+00 0.00000000e+00
1000 668000 3514000 2.73910000e-05 2.73910000e-05 0.00000000e+00 0.00000000e+00
1000 669000 3514000 3.00050000e-05 3.00050000e-05 0.00000000e+00 0.00000000e+00
1000 670000 3514000 1.92350000e-05 1.92350000e-05 0.00000000e+00 0.00000000e+00
1000 671000 3514000 3.46780000e-05 3.46780000e-05 0.00000000e+00 0.00000000e+00
1000 672000 3514000 4.25460000e-05 4.25460000e-05 0.00000000e+00 0.00000000e+00
1000 673000 3514000 4.98060000e-05 4.98060000e-05 0.00000000e+00 0.00000000e+00
1000 674000 3514000 4.93710000e-05 4.93710000e-05 0.00000000e+00 0.00000000e+00
1000 675000 3514000 4.26940000e-05 4.26940000e-05 0.00000000e+00 0.00000000e+00
1000 676000 3514000 4.47600000e-05 4.47600000e-05 0.00000000e+00 0.00000000e+00
1000 677000 3514000 3.50360000e-05 3.50360000e-05 0.00000000e+00 0.00000000e+00
1000 678000 3514000 4.58760000e-05 4.58760000e-05 0.00000000e+00 0.00000000e+00
1000 679000 3514000 5.61160000e-05 5.61160000e-05 0.00000000e+00 0.00000000e+00
1000 680000 3514000 1.05080000e-04 1.05080000e-04 0.00000000e+00 0.00000000e+00
1000 681000 3514000 2.38130000e-04 2.38130000e-04 0.00000000e+00 0.00000000e+00
1000 682000 3514000 9.15430000e-04 9.15430000e-04 0.00000000e+00 0.00000000e+00
1000 683000 3514000 3.52140000e-03 3.52140000e-03 0.00000000e+00 0.00000000e+00
1000 684000 3514000 1.45170000e-02 1.45170000e-02 0.00000000e+00 0.00000000e+00
1000 685000 3514000 4.37830000e-02 4.37830000e-02 0.00000000e+00 0.00000000e+00
1000 686000 3514000 1.06920000e-01 1.06920000e-01 0.00000000e+00 0.00000000e+00
1000 687000 3514000 2.27720000e-01 2.27720000e-01 0.00000000e+00 0.00000000e+00
1000 688000 3514000 4.18110000e-01 4.18110000e-01 0.00000000e+00 0.00000000e+00
1000 689000 3514000 6.87870000e-01 6.87870000e-01 0.00000000e+00 0.00000000e+00
1000 690000 3514000 1.01920000e+00 1.01920000e+00 0.00000000e+00 0.00000000e+00
1000 691000 3514000 1.39770000e+00 1.39770000e+00 0.00000000e+00 0.00000000e+00
1000 692000 3514000 1.79380000e+00 1.79380000e+00 0.00000000e+00 0.00000000e+00
1000 693000 3514000 2.19060000e+00 2.19060000e+00 0.00000000e+00 0.00000000e+00
1000 694000 3514000 2.59190000e+00 2.59190000e+00 0.00000000e+00 0.00000000e+00
1000 695000 3514000 2.98680000e+00 2.98680000e+00 0.00000000e+00 0.00000000e+00
1000 696000 3514000 3.35490000e+00 3.35490000e+00 0.00000000e+00 0.00000000e+00
1000 697000 3514000 3.67110000e+00 3.67110000e+00 0.00000000e+00 0.00000000e+00
1000 698000 3514000 3.91630000e+00 3.91630000e+00 0.00000000e+00 0.00000000e+00
1000 699000 3514000 4.06340000e+00 4.06340000e+00 0.00000000e+00 0.00000000e+00
1000 700000 3514000 4.09470000e+00 4.09470000e+00 0.00000000e+00 0.00000000e+00
1000 701000 3514000 4.00800000e+00 4.00800000e+00 0.00000000e+00 0.00000000e+00
1000 702000 3514000 3.80280000e+00 3.80280000e+00 0.00000000e+00 0.00000000e+00
1000 703000 3514000 3.49420000e+00 3.49420000e+00 0.00000000e+00 0.00000000e+00
1000 704000 3514000 3.11360000e+00 3.11360000e+00 0.00000000e+00 0.00000000e+00
1000 705000 3514000 2.71190000e+00 2.71190000e+00 0.00000000e+00 0.00000000e+00
1000 706000 3514000 2.35720000e+00 2.35720000e+00 0.00000000e+00 0.00000000e+00
1000 707000 3514000 1.90090000e+00 1.90090000e+00 0.00000000e+00 0.00000000e+00
1000 708000 3514000 1.50220000e+00 1.50220000e+00 0.00000000e+00 0.00000000e+00
1000 709000 3514000 1.17600000e+00 1.17600000e+00 0.00000000e+00 0.00000000e+00
1000 710000 3514000 8.91990000e-01 8.91990000e-01 0.00000000e+00 0.00000000e+00
1000 711000 3514000 6.61020000e-01 6.61020000e-01 0.00000000e+00 0.00000000e+00
1000 712000 3514000 4.78410000e-01 4.78410000e-01 0.00000000e+00 0.00000000e+00
1000 713000 3514000 3.40570000e-01 3.40570000e-01 0.00000000e+00 0.00000000e+00
1000 714000 3514000 2.49310000e-01 2.49310000e-01 0.00000000e+00 0.00000000e+00
1000 715000 3514000 1.60430000e-01 1.60430000e-01 0.00000000e+00 0.00000000e+00
1000 716000 3514000 1.04930000e-01 1.04930000e-01 0.00000000e+00 0.00000000e+00
1000 717000 3514000 6.98580000e-02 6.98580000e-02 0.00000000e+00 0.00000000e+00
1000 718000 3514000 4.54590000e-02 4.54590000e-02 0.00000000e+00 0.00000000e+00
1000 719000 3514000 2.83910000e-02 2.83910000e-02 0.00000000e+00 0.00000000e+00
1000 720000 3514000 1.82360000e-02 1.82360000e-02 0.00000000e+00 0.00000000e+00
1000 721000 3514000 1.29160000e-02 1.29160000e-02 0.00000000e+00 0.00000000e+00
1000 722000 3514000 9.43600000e-03 9.43600000e-03 0.00000000e+00 0.00000000e+00
1000 723000 3514000 5.53260000e-03 5.53260000e-03 0.00000000e+00 0.00000000e+00
1000 724000 3514000 4.84670000e-03 4.84670000e-03 0.00000000e+00 0.00000000e+00
1000 725000 3514000 5.93670000e-03 5.93670000e-03 0.00000000e+00 0.00000000e+00
1000 726000 3514000 3.19420000e-03 3.19420000e-03 0.00000000e+00 0.00000000e+00
1000 727000 3514000 2.74610000e-03 2.74610000e-03 0.00000000e+00 0.00000000e+00
1000 728000 3514000 5.30750000e-03 5.30750000e-03 0.00000000e+00 0.00000000e+00
1000 729000 3514000 2.71680000e-03 2.71680000e-03 0.00000000e+00 0.00000000e+00
1000 730000 3514000 5.50400000e-03 5.50400000e-03 0.00000000e+00 0.00000000e+00
1000 731000 3514000 8.69720000e-03 8.69720000e-03 0.00000000e+00 0.00000000e+00
1000 732000 3514000 5.16720000e-03 5.16720000e-03 0.00000000e+00 0.00000000e+00
1000 733000 3514000 8.86760000e-03 8.86760000e-03 0.00000000e+00 0.00000000e+00
1000 734000 3514000 9.35280000e-03 9.35280000e-03 0.00000000e+00 0.00000000e+00
1000 735000 3514000 9.13010000e-03 9.13010000e-03 0.00000000e+00 0.00000000e+00
1000 736000 3514000 8.88270000e-03 8.88270000e-03 0.00000000e+00 0.00000000e+00
1000 737000 3514000 8.61340000e-03 8.61340000e-03 0.00000000e+00 0.00000000e+00
1000 738000 3514000 8.32540000e-03 8.32540000e-03 0.00000000e+00 0.00000000e+00
1000 739000 3514000 8.02160000e-03 8.02160000e-03 0.00000000e+00 0.00000000e+00
1000 740000 3514000 7.70550000e-03 7.70550000e-03 0.00000000e+00 0.00000000e+00
1000 741000 3514000 7.38010000e-03 7.38010000e-03 0.00000000e+00 0.00000000e+00
1000 742000 3514000 7.04850000e-03 7.04850000e-03 0.00000000e+00 0.00000000e+00
1000 743000 3514000 6.71360000e-03 6.71360000e-03 0.00000000e+00 0.00000000e+00
1000 744000 3514000 6.37820000e-03 6.37820000e-03 0.00000000e+00 0.00000000e+00
1000 745000 3514000 6.04470000e-03 6.04470000e-03 0.00000000e+00 0.00000000e+00
1000 746000 3514000 5.71540000e-03 5.71540000e-03 0.00000000e+00 0.00000000e+00
1000 747000 3514000 5.39230000e-03 5.39230000e-03 0.00000000e+00 0.00000000e+00
1000 748000 3514000 5.07710000e-03 5.07710000e-03 0.00000000e+00 0.00000000e+00
1000 749000 3514000 4.77120000e-03 4.77120000e-03 0.00000000e+00 0.00000000e+00
1000 750000 3514000 4.47580000e-03 4.47580000e-03 0.00000000e+00 0.00000000e+00
1000 650000 3513000 1.25160000e-06 1.25160000e-06 0.00000000e+00 0.00000000e+00
1000 651000 3513000 1.41990000e-06 1.41990000e-06 0.00000000e+00 0.00000000e+00
1000 652000 3513000 1.61140000e-06 1.61140000e-06 0.00000000e+00 0.00000000e+00
1000 653000 3513000 1.83350000e-06 1.83350000e-06 0.00000000e+00 0.00000000e+00
1000 654000 3513000 2.09330000e-06 2.09330000e-06 0.00000000e+00 0.00000000e+00
1000 655000 3513000 2.40070000e-06 2.40070000e-06 0.00000000e+00 0.00000000e+00
1000 656000 3513000 2.76690000e-06 2.76690000e-06 0.00000000e+00 0.00000000e+00
1000 657000 3513000 3.20620000e-06 3.20620000e-06 0.00000000e+00 0.00000000e+00
1000 658000 3513000 3.73660000e-06 3.73660000e-06 0.00000000e+00 0.00000000e+00
1000 659000 3513000 4.38870000e-06 4.38870000e-06 0.00000000e+00 0.00000000e+00
1000 660000 3513000 5.19870000e-06 5.19870000e-06 0.00000000e+00 0.00000000e+00
1000 661000 3513000 6.22910000e-06 6.22910000e-06 0.00000000e+00 0.00000000e+00
1000 662000 3513000 7.57480000e-06 7.57480000e-06 0.00000000e+00 0.00000000e+00
1000 663000 3513000 9.38570000e-06 9.38570000e-06 0.00000000e+00 0.00000000e+00
1000 664000 3513000 1.18730000e-05 1.18730000e-05 0.00000000e+00 0.00000000e+00
1000 665000 3513000 1.53630000e-05 1.53630000e-05 0.00000000e+00 0.00000000e+00
1000 666000 3513000 1.99700000e-05 1.99700000e-05 0.00000000e+00 0.00000000e+00
1000 667000 3513000 2.46970000e-05 2.46970000e-05 0.00000000e+00 0.00000000e+00
1000 668000 3513000 3.05750000e-05 3.05750000e-05 0.00000000e+00 0.00000000e+00
1000 669000 3513000 1.71830000e-05 1.71830000e-05 0.00000000e+00 0.00000000e+00
1000 670000 3513000 3.71890000e-05 3.71890000e-05 0.00000000e+00 0.00000000e+00
1000 671000 3513000 4.68060000e-05 4.68060000e-05 0.00000000e+00 0.00000000e+00
1000 672000 3513000 5.42720000e-05 5.42720000e-05 0.00000000e+00 0.00000000e+00
1000 673000 3513000 4.72440000e-05 4.72440000e-05 0.00000000e+00 0.00000000e+00
1000 674000 3513000 4.94340000e-05 4.94340000e-05 0.00000000e+00 0.00000000e+00
1000 675000 3513000 4.95750000e-05 4.95750000e-05 0.00000000e+00 0.00000000e+00
1000 676000 3513000 4.27820000e-05 4.27820000e-05 0.00000000e+00 0.00000000e+00
1000 677000 3513000 3.48360000e-05 3.48360000e-05 0.00000000e+00 0.00000000e+00
1000 678000 3513000 2.74850000e-05 2.74850000e-05 0.00000000e+00 0.00000000e+00
1000 679000 3513000 4.05730000e-05 4.05730000e-05 0.00000000e+00 0.00000000e+00
1000 680000 3513000 5.87420000e-05 5.87420000e-05 0.00000000e+00 0.00000000e+00
1000 681000 3513000 1.49980000e-04 1.49980000e-04 0.00000000e+00 0.00000000e+00
1000 682000 3513000 4.15220000e-04 4.15220000e-04 0.00000000e+00 0.00000000e+00
1000 683000 3513000 1.86280000e-03 1.86280000e-03 0.00000000e+00 0.00000000e+00
1000 684000 3513000 5.46540000e-03 5.46540000e-03 0.00000000e+00 0.00000000e+00
1000 685000 3513000 2.00610000e-02 2.00610000e-02 0.00000000e+00 0.00000000e+00
1000 686000 3513000 5.21990000e-02 5.21990000e-02 0.00000000e+00 0.00000000e+00
1000 687000 3513000 1.23340000e-01 1.23340000e-01 0.00000000e+00 0.00000000e+00
1000 688000 3513000 2.33000000e-01 2.33000000e-01 0.00000000e+00 0.00000000e+00
1000 689000 3513000 4.02070000e-01 4.02070000e-01 0.00000000e+00 0.00000000e+00
1000 690000 3513000 6.39480000e-01 6.39480000e-01 0.00000000e+00 0.00000000e+00
1000 691000 3513000 9.09500000e-01 9.09500000e-01 0.00000000e+00 0.00000000e+00
1000 692000 3513000 1.21500000e+00 1.21500000e+00 0.00000000e+00 0.00000000e+00
1000 693000 3513000 1.54590000e+00 1.54590000e+00 0.00000000e+00 0.00000000e+00
1000 694000 3513000 1.89280000e+00 1.89280000e+00 0.00000000e+00 0.00000000e+00
1000 695000 3513000 2.25470000e+00 2.25470000e+00 0.00000000e+00 0.00000000e+00
1000 696000 3513000 2.60800000e+00 2.60800000e+00 0.00000000e+00 0.00000000e+00
1000 697000 3513000 2.94970000e+00 2.94970000e+00 0.00000000e+00 0.00000000e+00
1000 698000 3513000 3.26040000e+00 3.26040000e+00 0.00000000e+00 0.00000000e+00
1000 699000 3513000 3.51450000e+00 3.51450000e+00 0.00000000e+00 0.00000000e+00
1000 700000 3513000 3.68690000e+00 3.68690000e+00 0.00000000e+00 0.00000000e+00
1000 701000 3513000 3.75970000e+00 3.75970000e+00 0.00000000e+00 0.00000000e+00
1000 702000 3513000 3.72210000e+00 3.72210000e+00 0.00000000e+00 0.00000000e+00
1000 703000 3513000 3.57530000e+00 3.57530000e+00 0.00000000e+00 0.00000000e+00
1000 704000 3513000 3.33700000e+00 3.33700000e+00 0.00000000e+00 0.00000000e+00
1000 705000 3513000 3.03810000e+00 3.03810000e+00 0.00000000e+00 0.00000000e+00
1000 706000 3513000 2.68080000e+00 2.68080000e+00 0.00000000e+00 0.00000000e+00
1000 707000 3513000 2.28380000e+00 2.28380000e+00 0.00000000e+00 0.00000000e+00
1000 708000 3513000 1.93840000e+00 1.93840000e+00 0.00000000e+00 0.00000000e+00
1000 709000 3513000 1.58930000e+00 1.58930000e+00 0.00000000e+00 0.00000000e+00
1000 710000 3513000 1.24540000e+00 1.24540000e+00 0.00000000e+00 0.00000000e+00
1000 711000 3513000 9.87680000e-01 9.87680000e-01 0.00000000e+00 0.00000000e+00
1000 712000 3513000 7.88750000e-01 7.88750000e-01 0.00000000e+00 0.00000000e+00
1000 713000 3513000 5.77060000e-01 5.77060000e-01 0.00000000e+00 0.00000000e+00
1000 714000 3513000 4.15210000e-01 4.15210000e-01 0.00000000e+00 0.00000000e+00
1000 715000 3513000 2.69520000e-01 2.69520000e-01 0.00000000e+00 0.00000000e+00
1000 716000 3513000 1.96280000e-01 1.96280000e-01 0.00000000e+00 0.00000000e+00
1000 717000 3513000 1.30230000e-01 1.30230000e-01 0.00000000e+00 0.00000000e+00
1000 718000 3513000 8.55100000e-02 8.55100000e-02 0.00000000e+00 0.00000000e+00
1000 719000 3513000 5.86630000e-02 5.86630000e-02 0.00000000e+00 0.00000000e+00
1000 720000 3513000 3.63930000e-02 3.63930000e-02 0.00000000e+00 0.00000000e+00
1000 721000 3513000 2.71160000e-02 2.71160000e-02 0.00000000e+00 0.00000000e+00
1000 722000 3513000 1.67800000e-02 1.67800000e-02 0.00000000e+00 0.00000000e+00
1000 723000 3513000 1.04190000e-02 1.04190000e-02 0.00000000e+00 0.00000000e+00
1000 724000 3513000 9.79960000e-03 9.79960000e-03 0.00000000e+00 0.00000000e+00
1000 725000 3513000 9.06980000e-03 9.06980000e-03 0.00000000e+00 0.00000000e+00
1000 726000 3513000 5.63880000e-03 5.63880000e-03 0.00000000e+00 0.00000000e+00
1000 727000 3513000 2.87930000e-03 2.87930000e-03 0.00000000e+00 0.00000000e+00
1000 728000 3513000 6.48480000e-03 6.48480000e-03 0.00000000e+00 0.00000000e+00
1000 729000 3513000 7.77900000e-03 7.77900000e-03 0.00000000e+00 0.00000000e+00
1000 730000 3513000 6.12820000e-03 6.12820000e-03 0.00000000e+00 0.00000000e+00
1000 731000 3513000 6.10940000e-03 6.10940000e-03 0.00000000e+00 0.00000000e+00
1000 732000 3513000 7.26370000e-03 7.26370000e-03 0.00000000e+00 0.00000000e+00
1000 733000 3513000 8.13090000e-03 8.13090000e-03 0.00000000e+00 0.00000000e+00
1000 734000 3513000 1.11850000e-02 1.11850000e-02 0.00000000e+00 0.00000000e+00
1000 735000 3513000 1.09220000e-02 1.09220000e-02 0.00000000e+00 0.00000000e+00
1000 736000 3513000 1.06290000e-02 1.06290000e-02 0.00000000e+00 0.00000000e+00
1000 737000 3513000 1.03110000e-02 1.03110000e-02 0.00000000e+00 0.00000000e+00
1000 738000 3513000 9.96940000e-03 9.96940000e-03 0.00000000e+00 0.00000000e+00
1000 739000 3513000 9.60930000e-03 9.60930000e-03 0.00000000e+00 0.00000000e+00
1000 740000 3513000 9.23400000e-03 9.23400000e-03 0.00000000e+00 0.00000000e+00
1000 741000 3513000 8.84720000e-03 8.84720000e-03 0.00000000e+00 0.00000000e+00
1000 742000 3513000 8.45260000e-03 8.45260000e-03 0.00000000e+00 0.00000000e+00
1000 743000 3513000 8.05370000e-03 8.05370000e-03 0.00000000e+00 0.00000000e+00
1000 744000 3513000 7.65380000e-03 7.65380000e-03 0.00000000e+00 0.00000000e+00
1000 745000 3513000 7.25570000e-03 7.25570000e-03 0.00000000e+00 0.00000000e+00
1000 746000 3513000 6.86230000e-03 6.86230000e-03 0.00000000e+00 0.00000000e+00
1000 747000 3513000 6.47590000e-03 6.47590000e-03 0.00000000e+00 0.00000000e+00
1000 748000 3513000 6.09870000e-03 6.09870000e-03 0.00000000e+00 0.00000000e+00
1000 749000 3513000 5.73220000e-03 5.73220000e-03 0.00000000e+00 0.00000000e+00
1000 750000 3513000 5.37820000e-03 5.37820000e-03 0.00000000e+00 0.00000000e+00
1000 650000 3512000 1.32940000e-06 1.32940000e-06 0.00000000e+00 0.00000000e+00
1000 651000 3512000 1.51100000e-06 1.51100000e-06 0.00000000e+00 0.00000000e+00
1000 652000 3512000 1.72020000e-06 1.72020000e-06 0.00000000e+00 0.00000000e+00
1000 653000 3512000 1.96330000e-06 1.96330000e-06 0.00000000e+00 0.00000000e+00
1000 654000 3512000 2.25110000e-06 2.25110000e-06 0.00000000e+00 0.00000000e+00
1000 655000 3512000 2.59270000e-06 2.59270000e-06 0.00000000e+00 0.00000000e+00
1000 656000 3512000 3.00110000e-06 3.00110000e-06 0.00000000e+00 0.00000000e+00
1000 657000 3512000 3.49630000e-06 3.49630000e-06 0.00000000e+00 0.00000000e+00
1000 658000 3512000 4.09920000e-06 4.09920000e-06 0.00000000e+00 0.00000000e+00
1000 659000 3512000 4.84340000e-06 4.84340000e-06 0.00000000e+00 0.00000000e+00
1000 660000 3512000 5.77500000e-06 5.77500000e-06 0.00000000e+00 0.00000000e+00
1000 661000 3512000 6.95370000e-06 6.95370000e-06 0.00000000e+00 0.00000000e+00
1000 662000 3512000 8.47480000e-06 8.47480000e-06 0.00000000e+00 0.00000000e+00
1000 663000 3512000 1.04670000e-05 1.04670000e-05 0.00000000e+00 0.00000000e+00
1000 664000 3512000 1.30890000e-05 1.30890000e-05 0.00000000e+00 0.00000000e+00
1000 665000 3512000 1.64990000e-05 1.64990000e-05 0.00000000e+00 0.00000000e+00
1000 666000 3512000 2.08810000e-05 2.08810000e-05 0.00000000e+00 0.00000000e+00
1000 667000 3512000 2.73500000e-05 2.73500000e-05 0.00000000e+00 0.00000000e+00
1000 668000 3512000 3.45340000e-05 3.45340000e-05 0.00000000e+00 0.00000000e+00
1000 669000 3512000 3.09370000e-05 3.09370000e-05 0.00000000e+00 0.00000000e+00
1000 670000 3512000 5.25470000e-05 5.25470000e-05 0.00000000e+00 0.00000000e+00
1000 671000 3512000 4.50210000e-05 4.50210000e-05 0.00000000e+00 0.00000000e+00
1000 672000 3512000 3.64820000e-05 3.64820000e-05 0.00000000e+00 0.00000000e+00
1000 673000 3512000 4.94890000e-05 4.94890000e-05 0.00000000e+00 0.00000000e+00
1000 674000 3512000 4.24030000e-05 4.24030000e-05 0.00000000e+00 0.00000000e+00
1000 675000 3512000 4.90250000e-05 4.90250000e-05 0.00000000e+00 0.00000000e+00
1000 676000 3512000 4.10270000e-05 4.10270000e-05 0.00000000e+00 0.00000000e+00
1000 677000 3512000 3.65430000e-05 3.65430000e-05 0.00000000e+00 0.00000000e+00
1000 678000 3512000 5.02740000e-05 5.02740000e-05 0.00000000e+00 0.00000000e+00
1000 679000 3512000 6.40520000e-05 6.40520000e-05 0.00000000e+00 0.00000000e+00
1000 680000 3512000 2.89890000e-05 2.89890000e-05 0.00000000e+00 0.00000000e+00
1000 681000 3512000 1.76350000e-04 1.76350000e-04 0.00000000e+00 0.00000000e+00
1000 682000 3512000 3.35720000e-04 3.35720000e-04 0.00000000e+00 0.00000000e+00
1000 683000 3512000 8.21670000e-04 8.21670000e-04 0.00000000e+00 0.00000000e+00
1000 684000 3512000 2.94610000e-03 2.94610000e-03 0.00000000e+00 0.00000000e+00
1000 685000 3512000 9.98960000e-03 9.98960000e-03 0.00000000e+00 0.00000000e+00
1000 686000 3512000 2.61590000e-02 2.61590000e-02 0.00000000e+00 0.00000000e+00
1000 687000 3512000 6.28720000e-02 6.28720000e-02 0.00000000e+00 0.00000000e+00
1000 688000 3512000 1.28970000e-01 1.28970000e-01 0.00000000e+00 0.00000000e+00
1000 689000 3512000 2.37130000e-01 2.37130000e-01 0.00000000e+00 0.00000000e+00
1000 690000 3512000 3.85590000e-01 3.85590000e-01 0.00000000e+00 0.00000000e+00
1000 691000 3512000 5.76710000e-01 5.76710000e-01 0.00000000e+00 0.00000000e+00
1000 692000 3512000 8.05770000e-01 8.05770000e-01 0.00000000e+00 0.00000000e+00
1000 693000 3512000 1.06480000e+00 1.06480000e+00 0.00000000e+00 0.00000000e+00
1000 694000 3512000 1.34360000e+00 1.34360000e+00 0.00000000e+00 0.00000000e+00
1000 695000 3512000 1.64720000e+00 1.64720000e+00 0.00000000e+00 0.00000000e+00
1000 696000 3512000 1.96050000e+00 1.96050000e+00 0.00000000e+00 0.00000000e+00
1000 697000 3512000 2.28130000e+00 2.28130000e+00 0.00000000e+00 0.00000000e+00
1000 698000 3512000 2.60100000e+00 2.60100000e+00 0.00000000e+00 0.00000000e+00
1000 699000 3512000 2.89920000e+00 2.89920000e+00 0.00000000e+00 0.00000000e+00
1000 700000 3512000 3.15380000e+00 3.15380000e+00 0.00000000e+00 0.00000000e+00
1000 701000 3512000 3.34260000e+00 3.34260000e+00 0.00000000e+00 0.00000000e+00
1000 702000 3512000 3.44480000e+00 3.44480000e+00 0.00000000e+00 0.00000000e+00
1000 703000 3512000 3.45150000e+00 3.45150000e+00 0.00000000e+00 0.00000000e+00
1000 704000 3512000 3.36820000e+00 3.36820000e+00 0.00000000e+00 0.00000000e+00
1000 705000 3512000 3.18500000e+00 3.18500000e+00 0.00000000e+00 0.00000000e+00
1000 706000 3512000 2.92280000e+00 2.92280000e+00 0.00000000e+00 0.00000000e+00
1000 707000 3512000 2.60810000e+00 2.60810000e+00 0.00000000e+00 0.00000000e+00
1000 708000 3512000 2.31370000e+00 2.31370000e+00 0.00000000e+00 0.00000000e+00
1000 709000 3512000 1.99020000e+00 1.99020000e+00 0.00000000e+00 0.00000000e+00
1000 710000 3512000 1.67870000e+00 1.67870000e+00 0.00000000e+00 0.00000000e+00
1000 711000 3512000 1.34530000e+00 1.34530000e+00 0.00000000e+00 0.00000000e+00
1000 712000 3512000 1.07930000e+00 1.07930000e+00 0.00000000e+00 0.00000000e+00
1000 713000 3512000 8.60800000e-01 8.60800000e-01 0.00000000e+00 0.00000000e+00
1000 714000 3512000 6.00100000e-01 6.00100000e-01 0.00000000e+00 0.00000000e+00
1000 715000 3512000 4.44460000e-01 4.44460000e-01 0.00000000e+00 0.00000000e+00
1000 716000 3512000 3.48760000e-01 3.48760000e-01 0.00000000e+00 0.00000000e+00
1000 717000 3512000 2.29640000e-01 2.29640000e-01 0.00000000e+00 0.00000000e+00
1000 718000 3512000 1.52480000e-01 1.52480000e-01 0.00000000e+00 0.00000000e+00
1000 719000 3512000 1.08390000e-01 1.08390000e-01 0.00000000e+00 0.00000000e+00
1000 720000 3512000 7.15180000e-02 7.15180000e-02 0.00000000e+00 0.00000000e+00
1000 721000 3512000 5.15010000e-02 5.15010000e-02 0.00000000e+00 0.00000000e+00
1000 722000 3512000 3.15030000e-02 3.15030000e-02 0.00000000e+00 0.00000000e+00
1000 723000 3512000 2.32570000e-02 2.32570000e-02 0.00000000e+00 0.00000000e+00
1000 724000 3512000 1.71440000e-02 1.71440000e-02 0.00000000e+00 0.00000000e+00
1000 725000 3512000 1.81790000e-02 1.81790000e-02 0.00000000e+00 0.00000000e+00
1000 726000 3512000 9.07090000e-03 9.07090000e-03 0.00000000e+00 0.00000000e+00
1000 727000 3512000 4.68650000e-03 4.68650000e-03 0.00000000e+00 0.00000000e+00
1000 728000 3512000 5.11480000e-03 5.11480000e-03 0.00000000e+00 0.00000000e+00
1000 729000 3512000 8.04010000e-03 8.04010000e-03 0.00000000e+00 0.00000000e+00
1000 730000 3512000 1.32020000e-02 1.32020000e-02 0.00000000e+00 0.00000000e+00
1000 731000 3512000 7.68870000e-03 7.68870000e-03 0.00000000e+00 0.00000000e+00
1000 732000 3512000 8.80040000e-03 8.80040000e-03 0.00000000e+00 0.00000000e+00
1000 733000 3512000 1.32800000e-02 1.32800000e-02 0.00000000e+00 0.00000000e+00
1000 734000 3512000 1.33010000e-02 1.33010000e-02 0.00000000e+00 0.00000000e+00
1000 735000 3512000 1.29870000e-02 1.29870000e-02 0.00000000e+00 0.00000000e+00
1000 736000 3512000 1.26410000e-02 1.26410000e-02 0.00000000e+00 0.00000000e+00
1000 737000 3512000 1.22660000e-02 1.22660000e-02 0.00000000e+00 0.00000000e+00
1000 738000 3512000 1.18650000e-02 1.18650000e-02 0.00000000e+00 0.00000000e+00
1000 739000 3512000 1.14420000e-02 1.14420000e-02 0.00000000e+00 0.00000000e+00
1000 740000 3512000 1.10000000e-02 1.10000000e-02 0.00000000e+00 0.00000000e+00
1000 741000 3512000 1.05440000e-02 1.05440000e-02 0.00000000e+00 0.00000000e+00
1000 742000 3512000 1.00780000e-02 1.00780000e-02 0.00000000e+00 0.00000000e+00
1000 743000 3512000 9.60610000e-03 9.60610000e-03 0.00000000e+00 0.00000000e+00
1000 744000 3512000 9.13270000e-03 9.13270000e-03 0.00000000e+00 0.00000000e+00
1000 745000 3512000 8.66110000e-03 8.66110000e-03 0.00000000e+00 0.00000000e+00
1000 746000 3512000 8.19450000e-03 8.19450000e-03 0.00000000e+00 0.00000000e+00
1000 747000 3512000 7.73570000e-03 7.73570000e-03 0.00000000e+00 0.00000000e+00
1000 748000 3512000 7.28740000e-03 7.28740000e-03 0.00000000e+00 0.00000000e+00
1000 749000 3512000 6.85150000e-03 6.85150000e-03 0.00000000e+00 0.00000000e+00
1000 750000 3512000 6.42990000e-03 6.42990000e-03 0.00000000e+00 0.00000000e+00
1000 650000 3511000 1.40950000e-06 1.40950000e-06 0.00000000e+00 0.00000000e+00
1000 651000 3511000 1.60490000e-06 1.60490000e-06 0.00000000e+00 0.00000000e+00
1000 652000 3511000 1.83140000e-06 1.83140000e-06 0.00000000e+00 0.00000000e+00
1000 653000 3511000 2.09630000e-06 2.09630000e-06 0.00000000e+00 0.00000000e+00
1000 654000 3511000 2.41060000e-06 2.41060000e-06 0.00000000e+00 0.00000000e+00
1000 655000 3511000 2.78600000e-06 2.78600000e-06 0.00000000e+00 0.00000000e+00
1000 656000 3511000 3.23770000e-06 3.23770000e-06 0.00000000e+00 0.00000000e+00
1000 657000 3511000 3.78700000e-06 3.78700000e-06 0.00000000e+00 0.00000000e+00
1000 658000 3511000 4.46000000e-06 4.46000000e-06 0.00000000e+00 0.00000000e+00
1000 659000 3511000 5.29090000e-06 5.29090000e-06 0.00000000e+00 0.00000000e+00
1000 660000 3511000 6.33380000e-06 6.33380000e-06 0.00000000e+00 0.00000000e+00
1000 661000 3511000 7.65310000e-06 7.65310000e-06 0.00000000e+00 0.00000000e+00
1000 662000 3511000 9.34470000e-06 9.34470000e-06 0.00000000e+00 0.00000000e+00
1000 663000 3511000 1.15310000e-05 1.15310000e-05 0.00000000e+00 0.00000000e+00
1000 664000 3511000 1.43610000e-05 1.43610000e-05 0.00000000e+00 0.00000000e+00
1000 665000 3511000 1.80190000e-05 1.80190000e-05 0.00000000e+00 0.00000000e+00
1000 666000 3511000 2.26720000e-05 2.26720000e-05 0.00000000e+00 0.00000000e+00
1000 667000 3511000 2.94120000e-05 2.94120000e-05 0.00000000e+00 0.00000000e+00
1000 668000 3511000 3.71610000e-05 3.71610000e-05 0.00000000e+00 0.00000000e+00
1000 669000 3511000 4.56910000e-05 4.56910000e-05 0.00000000e+00 0.00000000e+00
1000 670000 3511000 5.83210000e-05 5.83210000e-05 0.00000000e+00 0.00000000e+00
1000 671000 3511000 5.24220000e-05 5.24220000e-05 0.00000000e+00 0.00000000e+00
1000 672000 3511000 6.94840000e-05 6.94840000e-05 0.00000000e+00 0.00000000e+00
1000 673000 3511000 5.03540000e-05 5.03540000e-05 0.00000000e+00 0.00000000e+00
1000 674000 3511000 6.33560000e-05 6.33560000e-05 0.00000000e+00 0.00000000e+00
1000 675000 3511000 8.26120000e-05 8.26120000e-05 0.00000000e+00 0.00000000e+00
1000 676000 3511000 4.35540000e-05 4.35540000e-05 0.00000000e+00 0.00000000e+00
1000 677000 3511000 5.35270000e-05 5.35270000e-05 0.00000000e+00 0.00000000e+00
1000 678000 3511000 6.12380000e-05 6.12380000e-05 0.00000000e+00 0.00000000e+00
1000 679000 3511000 8.80160000e-05 8.80160000e-05 0.00000000e+00 0.00000000e+00
1000 680000 3511000 1.04260000e-04 1.04260000e-04 0.00000000e+00 0.00000000e+00
1000 681000 3511000 7.83080000e-05 7.83080000e-05 0.00000000e+00 0.00000000e+00
1000 682000 3511000 1.84980000e-04 1.84980000e-04 0.00000000e+00 0.00000000e+00
1000 683000 3511000 6.23520000e-04 6.23520000e-04 0.00000000e+00 0.00000000e+00
1000 684000 3511000 1.64400000e-03 1.64400000e-03 0.00000000e+00 0.00000000e+00
1000 685000 3511000 4.49540000e-03 4.49540000e-03 0.00000000e+00 0.00000000e+00
1000 686000 3511000 1.29100000e-02 1.29100000e-02 0.00000000e+00 0.00000000e+00
1000 687000 3511000 3.14920000e-02 3.14920000e-02 0.00000000e+00 0.00000000e+00
1000 688000 3511000 7.00070000e-02 7.00070000e-02 0.00000000e+00 0.00000000e+00
1000 689000 3511000 1.32100000e-01 1.32100000e-01 0.00000000e+00 0.00000000e+00
1000 690000 3511000 2.26960000e-01 2.26960000e-01 0.00000000e+00 0.00000000e+00
1000 691000 3511000 3.58470000e-01 3.58470000e-01 0.00000000e+00 0.00000000e+00
1000 692000 3511000 5.23880000e-01 5.23880000e-01 0.00000000e+00 0.00000000e+00
1000 693000 3511000 7.16330000e-01 7.16330000e-01 0.00000000e+00 0.00000000e+00
1000 694000 3511000 9.33270000e-01 9.33270000e-01 0.00000000e+00 0.00000000e+00
1000 695000 3511000 1.17670000e+00 1.17670000e+00 0.00000000e+00 0.00000000e+00
1000 696000 3511000 1.43410000e+00 1.43410000e+00 0.00000000e+00 0.00000000e+00
1000 697000 3511000 1.71170000e+00 1.71170000e+00 0.00000000e+00 0.00000000e+00
1000 698000 3511000 2.00260000e+00 2.00260000e+00 0.00000000e+00 0.00000000e+00
1000 699000 3511000 2.29660000e+00 2.29660000e+00 0.00000000e+00 0.00000000e+00
1000 700000 3511000 2.57920000e+00 2.57920000e+00 0.00000000e+00 0.00000000e+00
1000 701000 3511000 2.82940000e+00 2.82940000e+00 0.00000000e+00 0.00000000e+00
1000 702000 3511000 3.01640000e+00 3.01640000e+00 0.00000000e+00 0.00000000e+00
1000 703000 3511000 3.12430000e+00 3.12430000e+00 0.00000000e+00 0.00000000e+00
1000 704000 3511000 3.18550000e+00 3.18550000e+00 0.00000000e+00 0.00000000e+00
1000 705000 3511000 3.14780000e+00 3.14780000e+00 0.00000000e+00 0.00000000e+00
1000 706000 3511000 3.01880000e+00 3.01880000e+00 0.00000000e+00 0.00000000e+00
1000 707000 3511000 2.84500000e+00 2.84500000e+00 0.00000000e+00 0.00000000e+00
1000 708000 3511000 2.59850000e+00 2.59850000e+00 0.00000000e+00 0.00000000e+00
1000 709000 3511000 2.40500000e+00 2.40500000e+00 0.00000000e+00 0.00000000e+00
1000 710000 3511000 2.06370000e+00 2.06370000e+00 0.00000000e+00 0.00000000e+00
1000 711000 3511000 1.73710000e+00 1.73710000e+00 0.00000000e+00 0.00000000e+00
1000 712000 3511000 1.42410000e+00 1.42410000e+00 0.00000000e+00 0.00000000e+00
1000 713000 3511000 1.06900000e+00 1.06900000e+00 0.00000000e+00 0.00000000e+00
1000 714000 3511000 8.60800000e-01 8.60800000e-01 0.00000000e+00 0.00000000e+00
1000 715000 3511000 6.36550000e-01 6.36550000e-01 0.00000000e+00 0.00000000e+00
1000 716000 3511000 5.04480000e-01 5.04480000e-01 0.00000000e+00 0.00000000e+00
1000 717000 3511000 3.81570000e-01 3.81570000e-01 0.00000000e+00 0.00000000e+00
1000 718000 3511000 2.59660000e-01 2.59660000e-01 0.00000000e+00 0.00000000e+00
1000 719000 3511000 1.82700000e-01 1.82700000e-01 0.00000000e+00 0.00000000e+00
1000 720000 3511000 1.27690000e-01 1.27690000e-01 0.00000000e+00 0.00000000e+00
1000 721000 3511000 8.93820000e-02 8.93820000e-02 0.00000000e+00 0.00000000e+00
1000 722000 3511000 6.17760000e-02 6.17760000e-02 0.00000000e+00 0.00000000e+00
1000 723000 3511000 4.32250000e-02 4.32250000e-02 0.00000000e+00 0.00000000e+00
1000 724000 3511000 2.86590000e-02 2.86590000e-02 0.00000000e+00 0.00000000e+00
1000 725000 3511000 2.90810000e-02 2.90810000e-02 0.00000000e+00 0.00000000e+00
1000 726000 3511000 1.66680000e-02 1.66680000e-02 0.00000000e+00 0.00000000e+00
1000 727000 3511000 1.00240000e-02 1.00240000e-02 0.00000000e+00 0.00000000e+00
1000 728000 3511000 1.02950000e-02 1.02950000e-02 0.00000000e+00 0.00000000e+00
1000 729000 3511000 9.67940000e-03 9.67940000e-03 0.00000000e+00 0.00000000e+00
1000 730000 3511000 1.03730000e-02 1.03730000e-02 0.00000000e+00 0.00000000e+00
1000 731000 3511000 1.13840000e-02 1.13840000e-02 0.00000000e+00 0.00000000e+00
1000 732000 3511000 1.63130000e-02 1.63130000e-02 0.00000000e+00 0.00000000e+00
1000 733000 3511000 1.60560000e-02 1.60560000e-02 0.00000000e+00 0.00000000e+00
1000 734000 3511000 1.57480000e-02 1.57480000e-02 0.00000000e+00 0.00000000e+00
1000 735000 3511000 1.53610000e-02 1.53610000e-02 0.00000000e+00 0.00000000e+00
1000 736000 3511000 1.49480000e-02 1.49480000e-02 0.00000000e+00 0.00000000e+00
1000 737000 3511000 1.45070000e-02 1.45070000e-02 0.00000000e+00 0.00000000e+00
1000 738000 3511000 1.40370000e-02 1.40370000e-02 0.00000000e+00 0.00000000e+00
1000 739000 3511000 1.35410000e-02 1.35410000e-02 0.00000000e+00 0.00000000e+00
1000 740000 3511000 1.30240000e-02 1.30240000e-02 0.00000000e+00 0.00000000e+00
1000 741000 3511000 1.24910000e-02 1.24910000e-02 0.00000000e+00 0.00000000e+00
1000 742000 3511000 1.19450000e-02 1.19450000e-02 0.00000000e+00 0.00000000e+00
1000 743000 3511000 1.13910000e-02 1.13910000e-02 0.00000000e+00 0.00000000e+00
1000 744000 3511000 1.08350000e-02 1.08350000e-02 0.00000000e+00 0.00000000e+00
1000 745000 3511000 1.02810000e-02 1.02810000e-02 0.00000000e+00 0.00000000e+00
1000 746000 3511000 9.73130000e-03 9.73130000e-03 0.00000000e+00 0.00000000e+00
1000 747000 3511000 9.19050000e-03 9.19050000e-03 0.00000000e+00 0.00000000e+00
1000 748000 3511000 8.66140000e-03 8.66140000e-03 0.00000000e+00 0.00000000e+00
1000 749000 3511000 8.14650000e-03 8.14650000e-03 0.00000000e+00 0.00000000e+00
1000 750000 3511000 7.64800000e-03 7.64800000e-03 0.00000000e+00 0.00000000e+00
1000 650000 3510000 1.49160000e-06 1.49160000e-06 0.00000000e+00 0.00000000e+00
1000 651000 3510000 1.70120000e-06 1.70120000e-06 0.00000000e+00 0.00000000e+00
1000 652000 3510000 1.94440000e-06 1.94440000e-06 0.00000000e+00 0.00000000e+00
1000 653000 3510000 2.23180000e-06 2.23180000e-06 0.00000000e+00 0.00000000e+00
1000 654000 3510000 2.57190000e-06 2.57190000e-06 0.00000000e+00 0.00000000e+00
1000 655000 3510000 2.98040000e-06 2.98040000e-06 0.00000000e+00 0.00000000e+00
1000 656000 3510000 3.47280000e-06 3.47280000e-06 0.00000000e+00 0.00000000e+00
1000 657000 3510000 4.07470000e-06 4.07470000e-06 0.00000000e+00 0.00000000e+00
1000 658000 3510000 4.81110000e-06 4.81110000e-06 0.00000000e+00 0.00000000e+00
1000 659000 3510000 5.72790000e-06 5.72790000e-06 0.00000000e+00 0.00000000e+00
1000 660000 3510000 6.87430000e-06 6.87430000e-06 0.00000000e+00 0.00000000e+00
1000 661000 3510000 8.32710000e-06 8.32710000e-06 0.00000000e+00 0.00000000e+00
1000 662000 3510000 1.01820000e-05 1.01820000e-05 0.00000000e+00 0.00000000e+00
1000 663000 3510000 1.25670000e-05 1.25670000e-05 0.00000000e+00 0.00000000e+00
1000 664000 3510000 1.56710000e-05 1.56710000e-05 0.00000000e+00 0.00000000e+00
1000 665000 3510000 1.97740000e-05 1.97740000e-05 0.00000000e+00 0.00000000e+00
1000 666000 3510000 2.51040000e-05 2.51040000e-05 0.00000000e+00 0.00000000e+00
1000 667000 3510000 3.13660000e-05 3.13660000e-05 0.00000000e+00 0.00000000e+00
1000 668000 3510000 3.95340000e-05 3.95340000e-05 0.00000000e+00 0.00000000e+00
1000 669000 3510000 5.00760000e-05 5.00760000e-05 0.00000000e+00 0.00000000e+00
1000 670000 3510000 1.95490000e-05 1.95490000e-05 0.00000000e+00 0.00000000e+00
1000 671000 3510000 2.54420000e-05 2.54420000e-05 0.00000000e+00 0.00000000e+00
1000 672000 3510000 5.13570000e-05 5.13570000e-05 0.00000000e+00 0.00000000e+00
1000 673000 3510000 4.37130000e-05 4.37130000e-05 0.00000000e+00 0.00000000e+00
1000 674000 3510000 5.50580000e-05 5.50580000e-05 0.00000000e+00 0.00000000e+00
1000 675000 3510000 6.40810000e-05 6.40810000e-05 0.00000000e+00 0.00000000e+00
1000 676000 3510000 4.62320000e-05 4.62320000e-05 0.00000000e+00 0.00000000e+00
1000 677000 3510000 5.83810000e-05 5.83810000e-05 0.00000000e+00 0.00000000e+00
1000 678000 3510000 7.44830000e-05 7.44830000e-05 0.00000000e+00 0.00000000e+00
1000 679000 3510000 1.26370000e-04 1.26370000e-04 0.00000000e+00 0.00000000e+00
1000 680000 3510000 1.38910000e-04 1.38910000e-04 0.00000000e+00 0.00000000e+00
1000 681000 3510000 1.96130000e-04 1.96130000e-04 0.00000000e+00 0.00000000e+00
1000 682000 3510000 2.60020000e-04 2.60020000e-04 0.00000000e+00 0.00000000e+00
1000 683000 3510000 4.56260000e-04 4.56260000e-04 0.00000000e+00 0.00000000e+00
1000 684000 3510000 1.07710000e-03 1.07710000e-03 0.00000000e+00 0.00000000e+00
1000 685000 3510000 2.60450000e-03 2.60450000e-03 0.00000000e+00 0.00000000e+00
1000 686000 3510000 6.53060000e-03 6.53060000e-03 0.00000000e+00 0.00000000e+00
1000 687000 3510000 1.67960000e-02 1.67960000e-02 0.00000000e+00 0.00000000e+00
1000 688000 3510000 3.61660000e-02 3.61660000e-02 0.00000000e+00 0.00000000e+00
1000 689000 3510000 7.09390000e-02 7.09390000e-02 0.00000000e+00 0.00000000e+00
1000 690000 3510000 1.31780000e-01 1.31780000e-01 0.00000000e+00 0.00000000e+00
1000 691000 3510000 2.19200000e-01 2.19200000e-01 0.00000000e+00 0.00000000e+00
1000 692000 3510000 3.34040000e-01 3.34040000e-01 0.00000000e+00 0.00000000e+00
1000 693000 3510000 4.73200000e-01 4.73200000e-01 0.00000000e+00 0.00000000e+00
1000 694000 3510000 6.38040000e-01 6.38040000e-01 0.00000000e+00 0.00000000e+00
1000 695000 3510000 8.24130000e-01 8.24130000e-01 0.00000000e+00 0.00000000e+00
1000 696000 3510000 1.02840000e+00 1.02840000e+00 0.00000000e+00 0.00000000e+00
1000 697000 3510000 1.25310000e+00 1.25310000e+00 0.00000000e+00 0.00000000e+00
1000 698000 3510000 1.49860000e+00 1.49860000e+00 0.00000000e+00 0.00000000e+00
1000 699000 3510000 1.76100000e+00 1.76100000e+00 0.00000000e+00 0.00000000e+00
1000 700000 3510000 2.03270000e+00 2.03270000e+00 0.00000000e+00 0.00000000e+00
1000 701000 3510000 2.29590000e+00 2.29590000e+00 0.00000000e+00 0.00000000e+00
1000 702000 3510000 2.52220000e+00 2.52220000e+00 0.00000000e+00 0.00000000e+00
1000 703000 3510000 2.72380000e+00 2.72380000e+00 0.00000000e+00 0.00000000e+00
1000 704000 3510000 2.81100000e+00 2.81100000e+00 0.00000000e+00 0.00000000e+00
1000 705000 3510000 2.92970000e+00 2.92970000e+00 0.00000000e+00 0.00000000e+00
1000 706000 3510000 2.92730000e+00 2.92730000e+00 0.00000000e+00 0.00000000e+00
1000 707000 3510000 2.84580000e+00 2.84580000e+00 0.00000000e+00 0.00000000e+00
1000 708000 3510000 2.73140000e+00 2.73140000e+00 0.00000000e+00 0.00000000e+00
1000 709000 3510000 2.56760000e+00 2.56760000e+00 0.00000000e+00 0.00000000e+00
1000 710000 3510000 2.31390000e+00 2.31390000e+00 0.00000000e+00 0.00000000e+00
1000 711000 3510000 2.06780000e+00 2.06780000e+00 0.00000000e+00 0.00000000e+00
1000 712000 3510000 1.70850000e+00 1.70850000e+00 0.00000000e+00 0.00000000e+00
1000 713000 3510000 1.37170000e+00 1.37170000e+00 0.00000000e+00 0.00000000e+00
1000 714000 3510000 1.21230000e+00 1.21230000e+00 0.00000000e+00 0.00000000e+00
1000 715000 3510000 9.30850000e-01 9.30850000e-01 0.00000000e+00 0.00000000e+00
1000 716000 3510000 6.83050000e-01 6.83050000e-01 0.00000000e+00 0.00000000e+00
1000 717000 3510000 5.41450000e-01 5.41450000e-01 0.00000000e+00 0.00000000e+00
1000 718000 3510000 4.08190000e-01 4.08190000e-01 0.00000000e+00 0.00000000e+00
1000 719000 3510000 2.90660000e-01 2.90660000e-01 0.00000000e+00 0.00000000e+00
1000 720000 3510000 2.12640000e-01 2.12640000e-01 0.00000000e+00 0.00000000e+00
1000 721000 3510000 1.54400000e-01 1.54400000e-01 0.00000000e+00 0.00000000e+00
1000 722000 3510000 1.13920000e-01 1.13920000e-01 0.00000000e+00 0.00000000e+00
1000 723000 3510000 7.76480000e-02 7.76480000e-02 0.00000000e+00 0.00000000e+00
1000 724000 3510000 5.51530000e-02 5.51530000e-02 0.00000000e+00 0.00000000e+00
1000 725000 3510000 4.67470000e-02 4.67470000e-02 0.00000000e+00 0.00000000e+00
1000 726000 3510000 2.91420000e-02 2.91420000e-02 0.00000000e+00 0.00000000e+00
1000 727000 3510000 1.83320000e-02 1.83320000e-02 0.00000000e+00 0.00000000e+00
1000 728000 3510000 1.77110000e-02 1.77110000e-02 0.00000000e+00 0.00000000e+00
1000 729000 3510000 1.49710000e-02 1.49710000e-02 0.00000000e+00 0.00000000e+00
1000 730000 3510000 2.03990000e-02 2.03990000e-02 0.00000000e+00 0.00000000e+00
1000 731000 3510000 1.94060000e-02 1.94060000e-02 0.00000000e+00 0.00000000e+00
1000 732000 3510000 1.86420000e-02 1.86420000e-02 0.00000000e+00 0.00000000e+00
1000 733000 3510000 1.87330000e-02 1.87330000e-02 0.00000000e+00 0.00000000e+00
1000 734000 3510000 1.86170000e-02 1.86170000e-02 0.00000000e+00 0.00000000e+00
1000 735000 3510000 1.81040000e-02 1.81040000e-02 0.00000000e+00 0.00000000e+00
1000 736000 3510000 1.75920000e-02 1.75920000e-02 0.00000000e+00 0.00000000e+00
1000 737000 3510000 1.70630000e-02 1.70630000e-02 0.00000000e+00 0.00000000e+00
1000 738000 3510000 1.65100000e-02 1.65100000e-02 0.00000000e+00 0.00000000e+00
1000 739000 3510000 1.59320000e-02 1.59320000e-02 0.00000000e+00 0.00000000e+00
1000 740000 3510000 1.53300000e-02 1.53300000e-02 0.00000000e+00 0.00000000e+00
1000 741000 3510000 1.47090000e-02 1.47090000e-02 0.00000000e+00 0.00000000e+00
1000 742000 3510000 1.40740000e-02 1.40740000e-02 0.00000000e+00 0.00000000e+00
1000 743000 3510000 1.34300000e-02 1.34300000e-02 0.00000000e+00 0.00000000e+00
1000 744000 3510000 1.27820000e-02 1.27820000e-02 0.00000000e+00 0.00000000e+00
1000 745000 3510000 1.21340000e-02 1.21340000e-02 0.00000000e+00 0.00000000e+00
1000 746000 3510000 1.14920000e-02 1.14920000e-02 0.00000000e+00 0.00000000e+00
1000 747000 3510000 1.08590000e-02 1.08590000e-02 0.00000000e+00 0.00000000e+00
1000 748000 3510000 1.02390000e-02 1.02390000e-02 0.00000000e+00 0.00000000e+00
1000 749000 3510000 9.63500000e-03 9.63500000e-03 0.00000000e+00 0.00000000e+00
1000 750000 3510000 9.04960000e-03 9.04960000e-03 0.00000000e+00 0.00000000e+00
1000 650000 3509000 1.57460000e-06 1.57460000e-06 0.00000000e+00 0.00000000e+00
1000 651000 3509000 1.79850000e-06 1.79850000e-06 0.00000000e+00 0.00000000e+00
1000 652000 3509000 2.05990000e-06 2.05990000e-06 0.00000000e+00 0.00000000e+00
1000 653000 3509000 2.36650000e-06 2.36650000e-06 0.00000000e+00 0.00000000e+00
1000 654000 3509000 2.73250000e-06 2.73250000e-06 0.00000000e+00 0.00000000e+00
1000 655000 3509000 3.17260000e-06 3.17260000e-06 0.00000000e+00 0.00000000e+00
1000 656000 3509000 3.70540000e-06 3.70540000e-06 0.00000000e+00 0.00000000e+00
1000 657000 3509000 4.35540000e-06 4.35540000e-06 0.00000000e+00 0.00000000e+00
1000 658000 3509000 5.15670000e-06 5.15670000e-06 0.00000000e+00 0.00000000e+00
1000 659000 3509000 6.14950000e-06 6.14950000e-06 0.00000000e+00 0.00000000e+00
1000 660000 3509000 7.39580000e-06 7.39580000e-06 0.00000000e+00 0.00000000e+00
1000 661000 3509000 8.97240000e-06 8.97240000e-06 0.00000000e+00 0.00000000e+00
1000 662000 3509000 1.09750000e-05 1.09750000e-05 0.00000000e+00 0.00000000e+00
1000 663000 3509000 1.35570000e-05 1.35570000e-05 0.00000000e+00 0.00000000e+00
1000 664000 3509000 1.68870000e-05 1.68870000e-05 0.00000000e+00 0.00000000e+00
1000 665000 3509000 2.12120000e-05 2.12120000e-05 0.00000000e+00 0.00000000e+00
1000 666000 3509000 2.65380000e-05 2.65380000e-05 0.00000000e+00 0.00000000e+00
1000 667000 3509000 3.39480000e-05 3.39480000e-05 0.00000000e+00 0.00000000e+00
1000 668000 3509000 4.29900000e-05 4.29900000e-05 0.00000000e+00 0.00000000e+00
1000 669000 3509000 5.45530000e-05 5.45530000e-05 0.00000000e+00 0.00000000e+00
1000 670000 3509000 6.85550000e-05 6.85550000e-05 0.00000000e+00 0.00000000e+00
1000 671000 3509000 4.57650000e-05 4.57650000e-05 0.00000000e+00 0.00000000e+00
1000 672000 3509000 3.50790000e-05 3.50790000e-05 0.00000000e+00 0.00000000e+00
1000 673000 3509000 5.82400000e-05 5.82400000e-05 0.00000000e+00 0.00000000e+00
1000 674000 3509000 4.31930000e-05 4.31930000e-05 0.00000000e+00 0.00000000e+00
1000 675000 3509000 6.46450000e-05 6.46450000e-05 0.00000000e+00 0.00000000e+00
1000 676000 3509000 7.55890000e-05 7.55890000e-05 0.00000000e+00 0.00000000e+00
1000 677000 3509000 6.72560000e-05 6.72560000e-05 0.00000000e+00 0.00000000e+00
1000 678000 3509000 6.12690000e-05 6.12690000e-05 0.00000000e+00 0.00000000e+00
1000 679000 3509000 9.15960000e-05 9.15960000e-05 0.00000000e+00 0.00000000e+00
1000 680000 3509000 1.63920000e-04 1.63920000e-04 0.00000000e+00 0.00000000e+00
1000 681000 3509000 2.18170000e-04 2.18170000e-04 0.00000000e+00 0.00000000e+00
1000 682000 3509000 3.04200000e-04 3.04200000e-04 0.00000000e+00 0.00000000e+00
1000 683000 3509000 5.47010000e-04 5.47010000e-04 0.00000000e+00 0.00000000e+00
1000 684000 3509000 8.01840000e-04 8.01840000e-04 0.00000000e+00 0.00000000e+00
1000 685000 3509000 1.43330000e-03 1.43330000e-03 0.00000000e+00 0.00000000e+00
1000 686000 3509000 3.53320000e-03 3.53320000e-03 0.00000000e+00 0.00000000e+00
1000 687000 3509000 8.70380000e-03 8.70380000e-03 0.00000000e+00 0.00000000e+00
1000 688000 3509000 1.90580000e-02 1.90580000e-02 0.00000000e+00 0.00000000e+00
1000 689000 3509000 3.63840000e-02 3.63840000e-02 0.00000000e+00 0.00000000e+00
1000 690000 3509000 7.45780000e-02 7.45780000e-02 0.00000000e+00 0.00000000e+00
1000 691000 3509000 1.29660000e-01 1.29660000e-01 0.00000000e+00 0.00000000e+00
1000 692000 3509000 2.07550000e-01 2.07550000e-01 0.00000000e+00 0.00000000e+00
1000 693000 3509000 3.08620000e-01 3.08620000e-01 0.00000000e+00 0.00000000e+00
1000 694000 3509000 4.27150000e-01 4.27150000e-01 0.00000000e+00 0.00000000e+00
1000 695000 3509000 5.65690000e-01 5.65690000e-01 0.00000000e+00 0.00000000e+00
1000 696000 3509000 7.23770000e-01 7.23770000e-01 0.00000000e+00 0.00000000e+00
1000 697000 3509000 8.99590000e-01 8.99590000e-01 0.00000000e+00 0.00000000e+00
1000 698000 3509000 1.09630000e+00 1.09630000e+00 0.00000000e+00 0.00000000e+00
1000 699000 3509000 1.31360000e+00 1.31360000e+00 0.00000000e+00 0.00000000e+00
1000 700000 3509000 1.54720000e+00 1.54720000e+00 0.00000000e+00 0.00000000e+00
1000 701000 3509000 1.76440000e+00 1.76440000e+00 0.00000000e+00 0.00000000e+00
1000 702000 3509000 2.02860000e+00 2.02860000e+00 0.00000000e+00 0.00000000e+00
1000 703000 3509000 2.24730000e+00 2.24730000e+00 0.00000000e+00 0.00000000e+00
1000 704000 3509000 2.40760000e+00 2.40760000e+00 0.00000000e+00 0.00000000e+00
1000 705000 3509000 2.59010000e+00 2.59010000e+00 0.00000000e+00 0.00000000e+00
1000 706000 3509000 2.66590000e+00 2.66590000e+00 0.00000000e+00 0.00000000e+00
1000 707000 3509000 2.69580000e+00 2.69580000e+00 0.00000000e+00 0.00000000e+00
1000 708000 3509000 2.67590000e+00 2.67590000e+00 0.00000000e+00 0.00000000e+00
1000 709000 3509000 2.56580000e+00 2.56580000e+00 0.00000000e+00 0.00000000e+00
1000 710000 3509000 2.42960000e+00 2.42960000e+00 0.00000000e+00 0.00000000e+00
1000 711000 3509000 2.23490000e+00 2.23490000e+00 0.00000000e+00 0.00000000e+00
1000 712000 3509000 1.94040000e+00 1.94040000e+00 0.00000000e+00 0.00000000e+00
1000 713000 3509000 1.67180000e+00 1.67180000e+00 0.00000000e+00 0.00000000e+00
1000 714000 3509000 1.40580000e+00 1.40580000e+00 0.00000000e+00 0.00000000e+00
1000 715000 3509000 1.16860000e+00 1.16860000e+00 0.00000000e+00 0.00000000e+00
1000 716000 3509000 9.52180000e-01 9.52180000e-01 0.00000000e+00 0.00000000e+00
1000 717000 3509000 7.24500000e-01 7.24500000e-01 0.00000000e+00 0.00000000e+00
1000 718000 3509000 5.74470000e-01 5.74470000e-01 0.00000000e+00 0.00000000e+00
1000 719000 3509000 4.38760000e-01 4.38760000e-01 0.00000000e+00 0.00000000e+00
1000 720000 3509000 3.37770000e-01 3.37770000e-01 0.00000000e+00 0.00000000e+00
1000 721000 3509000 2.48370000e-01 2.48370000e-01 0.00000000e+00 0.00000000e+00
1000 722000 3509000 1.85660000e-01 1.85660000e-01 0.00000000e+00 0.00000000e+00
1000 723000 3509000 1.37160000e-01 1.37160000e-01 0.00000000e+00 0.00000000e+00
1000 724000 3509000 1.02360000e-01 1.02360000e-01 0.00000000e+00 0.00000000e+00
1000 725000 3509000 7.68270000e-02 7.68270000e-02 0.00000000e+00 0.00000000e+00
1000 726000 3509000 5.74130000e-02 5.74130000e-02 0.00000000e+00 0.00000000e+00
1000 727000 3509000 3.32860000e-02 3.32860000e-02 0.00000000e+00 0.00000000e+00
1000 728000 3509000 2.37960000e-02 2.37960000e-02 0.00000000e+00 0.00000000e+00
1000 729000 3509000 2.26260000e-02 2.26260000e-02 0.00000000e+00 0.00000000e+00
1000 730000 3509000 1.88970000e-02 1.88970000e-02 0.00000000e+00 0.00000000e+00
1000 731000 3509000 2.40450000e-02 2.40450000e-02 0.00000000e+00 0.00000000e+00
1000 732000 3509000 1.90770000e-02 1.90770000e-02 0.00000000e+00 0.00000000e+00
1000 733000 3509000 2.27520000e-02 2.27520000e-02 0.00000000e+00 0.00000000e+00
1000 734000 3509000 2.21040000e-02 2.21040000e-02 0.00000000e+00 0.00000000e+00
1000 735000 3509000 2.13420000e-02 2.13420000e-02 0.00000000e+00 0.00000000e+00
1000 736000 3509000 2.06530000e-02 2.06530000e-02 0.00000000e+00 0.00000000e+00
1000 737000 3509000 1.99900000e-02 1.99900000e-02 0.00000000e+00 0.00000000e+00
1000 738000 3509000 1.93240000e-02 1.93240000e-02 0.00000000e+00 0.00000000e+00
1000 739000 3509000 1.86420000e-02 1.86420000e-02 0.00000000e+00 0.00000000e+00
1000 740000 3509000 1.79410000e-02 1.79410000e-02 0.00000000e+00 0.00000000e+00
1000 741000 3509000 1.72220000e-02 1.72220000e-02 0.00000000e+00 0.00000000e+00
1000 742000 3509000 1.64870000e-02 1.64870000e-02 0.00000000e+00 0.00000000e+00
1000 743000 3509000 1.57410000e-02 1.57410000e-02 0.00000000e+00 0.00000000e+00
1000 744000 3509000 1.49900000e-02 1.49900000e-02 0.00000000e+00 0.00000000e+00
1000 745000 3509000 1.42400000e-02 1.42400000e-02 0.00000000e+00 0.00000000e+00
1000 746000 3509000 1.34950000e-02 1.34950000e-02 0.00000000e+00 0.00000000e+00
1000 747000 3509000 1.27590000e-02 1.27590000e-02 0.00000000e+00 0.00000000e+00
1000 748000 3509000 1.20380000e-02 1.20380000e-02 0.00000000e+00 0.00000000e+00
1000 749000 3509000 1.13340000e-02 1.13340000e-02 0.00000000e+00 0.00000000e+00
1000 750000 3509000 1.06520000e-02 1.06520000e-02 0.00000000e+00 0.00000000e+00
1000 650000 3508000 1.65810000e-06 1.65810000e-06 0.00000000e+00 0.00000000e+00
1000 651000 3508000 1.89650000e-06 1.89650000e-06 0.00000000e+00 0.00000000e+00
1000 652000 3508000 2.17380000e-06 2.17380000e-06 0.00000000e+00 0.00000000e+00
1000 653000 3508000 2.50190000e-06 2.50190000e-06 0.00000000e+00 0.00000000e+00
1000 654000 3508000 2.89400000e-06 2.89400000e-06 0.00000000e+00 0.00000000e+00
1000 655000 3508000 3.36400000e-06 3.36400000e-06 0.00000000e+00 0.00000000e+00
1000 656000 3508000 3.93320000e-06 3.93320000e-06 0.00000000e+00 0.00000000e+00
1000 657000 3508000 4.63000000e-06 4.63000000e-06 0.00000000e+00 0.00000000e+00
1000 658000 3508000 5.48960000e-06 5.48960000e-06 0.00000000e+00 0.00000000e+00
1000 659000 3508000 6.55480000e-06 6.55480000e-06 0.00000000e+00 0.00000000e+00
1000 660000 3508000 7.89260000e-06 7.89260000e-06 0.00000000e+00 0.00000000e+00
1000 661000 3508000 9.58030000e-06 9.58030000e-06 0.00000000e+00 0.00000000e+00
1000 662000 3508000 1.17300000e-05 1.17300000e-05 0.00000000e+00 0.00000000e+00
1000 663000 3508000 1.44860000e-05 1.44860000e-05 0.00000000e+00 0.00000000e+00
1000 664000 3508000 1.80150000e-05 1.80150000e-05 0.00000000e+00 0.00000000e+00
1000 665000 3508000 2.25440000e-05 2.25440000e-05 0.00000000e+00 0.00000000e+00
1000 666000 3508000 2.83430000e-05 2.83430000e-05 0.00000000e+00 0.00000000e+00
1000 667000 3508000 3.56850000e-05 3.56850000e-05 0.00000000e+00 0.00000000e+00
1000 668000 3508000 4.51090000e-05 4.51090000e-05 0.00000000e+00 0.00000000e+00
1000 669000 3508000 5.71810000e-05 5.71810000e-05 0.00000000e+00 0.00000000e+00
1000 670000 3508000 7.25860000e-05 7.25860000e-05 0.00000000e+00 0.00000000e+00
1000 671000 3508000 8.64900000e-05 8.64900000e-05 0.00000000e+00 0.00000000e+00
1000 672000 3508000 5.19520000e-05 5.19520000e-05 0.00000000e+00 0.00000000e+00
1000 673000 3508000 4.79440000e-05 4.79440000e-05 0.00000000e+00 0.00000000e+00
1000 674000 3508000 3.93390000e-05 3.93390000e-05 0.00000000e+00 0.00000000e+00
1000 675000 3508000 4.45510000e-05 4.45510000e-05 0.00000000e+00 0.00000000e+00
1000 676000 3508000 3.47220000e-05 3.47220000e-05 0.00000000e+00 0.00000000e+00
1000 677000 3508000 5.69440000e-05 5.69440000e-05 0.00000000e+00 0.00000000e+00
1000 678000 3508000 9.68160000e-05 9.68160000e-05 0.00000000e+00 0.00000000e+00
1000 679000 3508000 1.26850000e-04 1.26850000e-04 0.00000000e+00 0.00000000e+00
1000 680000 3508000 1.57310000e-04 1.57310000e-04 0.00000000e+00 0.00000000e+00
1000 681000 3508000 2.81010000e-04 2.81010000e-04 0.00000000e+00 0.00000000e+00
1000 682000 3508000 3.40810000e-04 3.40810000e-04 0.00000000e+00 0.00000000e+00
1000 683000 3508000 4.72320000e-04 4.72320000e-04 0.00000000e+00 0.00000000e+00
1000 684000 3508000 6.39190000e-04 6.39190000e-04 0.00000000e+00 0.00000000e+00
1000 685000 3508000 1.11090000e-03 1.11090000e-03 0.00000000e+00 0.00000000e+00
1000 686000 3508000 2.00230000e-03 2.00230000e-03 0.00000000e+00 0.00000000e+00
1000 687000 3508000 4.39590000e-03 4.39590000e-03 0.00000000e+00 0.00000000e+00
1000 688000 3508000 9.78600000e-03 9.78600000e-03 0.00000000e+00 0.00000000e+00
1000 689000 3508000 2.16130000e-02 2.16130000e-02 0.00000000e+00 0.00000000e+00
1000 690000 3508000 4.20540000e-02 4.20540000e-02 0.00000000e+00 0.00000000e+00
1000 691000 3508000 7.64760000e-02 7.64760000e-02 0.00000000e+00 0.00000000e+00
1000 692000 3508000 1.28940000e-01 1.28940000e-01 0.00000000e+00 0.00000000e+00
1000 693000 3508000 1.96070000e-01 1.96070000e-01 0.00000000e+00 0.00000000e+00
1000 694000 3508000 2.82820000e-01 2.82820000e-01 0.00000000e+00 0.00000000e+00
1000 695000 3508000 3.84310000e-01 3.84310000e-01 0.00000000e+00 0.00000000e+00
1000 696000 3508000 5.02130000e-01 5.02130000e-01 0.00000000e+00 0.00000000e+00
1000 697000 3508000 6.37470000e-01 6.37470000e-01 0.00000000e+00 0.00000000e+00
1000 698000 3508000 7.89920000e-01 7.89920000e-01 0.00000000e+00 0.00000000e+00
1000 699000 3508000 9.46010000e-01 9.46010000e-01 0.00000000e+00 0.00000000e+00
1000 700000 3508000 1.12690000e+00 1.12690000e+00 0.00000000e+00 0.00000000e+00
1000 701000 3508000 1.33450000e+00 1.33450000e+00 0.00000000e+00 0.00000000e+00
1000 702000 3508000 1.48950000e+00 1.48950000e+00 0.00000000e+00 0.00000000e+00
1000 703000 3508000 1.80510000e+00 1.80510000e+00 0.00000000e+00 0.00000000e+00
1000 704000 3508000 1.98530000e+00 1.98530000e+00 0.00000000e+00 0.00000000e+00
1000 705000 3508000 2.07830000e+00 2.07830000e+00 0.00000000e+00 0.00000000e+00
1000 706000 3508000 2.25720000e+00 2.25720000e+00 0.00000000e+00 0.00000000e+00
1000 707000 3508000 2.45170000e+00 2.45170000e+00 0.00000000e+00 0.00000000e+00
1000 708000 3508000 2.50840000e+00 2.50840000e+00 0.00000000e+00 0.00000000e+00
1000 709000 3508000 2.49510000e+00 2.49510000e+00 0.00000000e+00 0.00000000e+00
1000 710000 3508000 2.40840000e+00 2.40840000e+00 0.00000000e+00 0.00000000e+00
1000 711000 3508000 2.29780000e+00 2.29780000e+00 0.00000000e+00 0.00000000e+00
1000 712000 3508000 2.10850000e+00 2.10850000e+00 0.00000000e+00 0.00000000e+00
1000 713000 3508000 1.96270000e+00 1.96270000e+00 0.00000000e+00 0.00000000e+00
1000 714000 3508000 1.67990000e+00 1.67990000e+00 0.00000000e+00 0.00000000e+00
1000 715000 3508000 1.46840000e+00 1.46840000e+00 0.00000000e+00 0.00000000e+00
1000 716000 3508000 1.28740000e+00 1.28740000e+00 0.00000000e+00 0.00000000e+00
1000 717000 3508000 9.72090000e-01 9.72090000e-01 0.00000000e+00 0.00000000e+00
1000 718000 3508000 7.74220000e-01 7.74220000e-01 0.00000000e+00 0.00000000e+00
1000 719000 3508000 6.13870000e-01 6.13870000e-01 0.00000000e+00 0.00000000e+00
1000 720000 3508000 4.77530000e-01 4.77530000e-01 0.00000000e+00 0.00000000e+00
1000 721000 3508000 3.75840000e-01 3.75840000e-01 0.00000000e+00 0.00000000e+00
1000 722000 3508000 2.81380000e-01 2.81380000e-01 0.00000000e+00 0.00000000e+00
1000 723000 3508000 2.11090000e-01 2.11090000e-01 0.00000000e+00 0.00000000e+00
1000 724000 3508000 1.55360000e-01 1.55360000e-01 0.00000000e+00 0.00000000e+00
1000 725000 3508000 1.22080000e-01 1.22080000e-01 0.00000000e+00 0.00000000e+00
1000 726000 3508000 9.34390000e-02 9.34390000e-02 0.00000000e+00 0.00000000e+00
1000 727000 3508000 7.03280000e-02 7.03280000e-02 0.00000000e+00 0.00000000e+00
1000 728000 3508000 4.36470000e-02 4.36470000e-02 0.00000000e+00 0.00000000e+00
1000 729000 3508000 3.59900000e-02 3.59900000e-02 0.00000000e+00 0.00000000e+00
1000 730000 3508000 2.57700000e-02 2.57700000e-02 0.00000000e+00 0.00000000e+00
1000 731000 3508000 2.36600000e-02 2.36600000e-02 0.00000000e+00 0.00000000e+00
1000 732000 3508000 2.93770000e-02 2.93770000e-02 0.00000000e+00 0.00000000e+00
1000 733000 3508000 2.76160000e-02 2.76160000e-02 0.00000000e+00 0.00000000e+00
1000 734000 3508000 2.66080000e-02 2.66080000e-02 0.00000000e+00 0.00000000e+00
1000 735000 3508000 2.53340000e-02 2.53340000e-02 0.00000000e+00 0.00000000e+00
1000 736000 3508000 2.43000000e-02 2.43000000e-02 0.00000000e+00 0.00000000e+00
1000 737000 3508000 2.33930000e-02 2.33930000e-02 0.00000000e+00 0.00000000e+00
1000 738000 3508000 2.25460000e-02 2.25460000e-02 0.00000000e+00 0.00000000e+00
1000 739000 3508000 2.17180000e-02 2.17180000e-02 0.00000000e+00 0.00000000e+00
1000 740000 3508000 2.08900000e-02 2.08900000e-02 0.00000000e+00 0.00000000e+00
1000 741000 3508000 2.00520000e-02 2.00520000e-02 0.00000000e+00 0.00000000e+00
1000 742000 3508000 1.92030000e-02 1.92030000e-02 0.00000000e+00 0.00000000e+00
1000 743000 3508000 1.83440000e-02 1.83440000e-02 0.00000000e+00 0.00000000e+00
1000 744000 3508000 1.74800000e-02 1.74800000e-02 0.00000000e+00 0.00000000e+00
1000 745000 3508000 1.66160000e-02 1.66160000e-02 0.00000000e+00 0.00000000e+00
1000 746000 3508000 1.57570000e-02 1.57570000e-02 0.00000000e+00 0.00000000e+00
1000 747000 3508000 1.49090000e-02 1.49090000e-02 0.00000000e+00 0.00000000e+00
1000 748000 3508000 1.40750000e-02 1.40750000e-02 0.00000000e+00 0.00000000e+00
1000 749000 3508000 1.32620000e-02 1.32620000e-02 0.00000000e+00 0.00000000e+00
1000 750000 3508000 1.24710000e-02 1.24710000e-02 0.00000000e+00 0.00000000e+00
1000 650000 3507000 1.74170000e-06 1.74170000e-06 0.00000000e+00 0.00000000e+00
1000 651000 3507000 1.99450000e-06 1.99450000e-06 0.00000000e+00 0.00000000e+00
1000 652000 3507000 2.28890000e-06 2.28890000e-06 0.00000000e+00 0.00000000e+00
1000 653000 3507000 2.63600000e-06 2.63600000e-06 0.00000000e+00 0.00000000e+00
1000 654000 3507000 3.05070000e-06 3.05070000e-06 0.00000000e+00 0.00000000e+00
1000 655000 3507000 3.55140000e-06 3.55140000e-06 0.00000000e+00 0.00000000e+00
1000 656000 3507000 4.15580000e-06 4.15580000e-06 0.00000000e+00 0.00000000e+00
1000 657000 3507000 4.89560000e-06 4.89560000e-06 0.00000000e+00 0.00000000e+00
1000 658000 3507000 5.81080000e-06 5.81080000e-06 0.00000000e+00 0.00000000e+00
1000 659000 3507000 6.94140000e-06 6.94140000e-06 0.00000000e+00 0.00000000e+00
1000 660000 3507000 8.36480000e-06 8.36480000e-06 0.00000000e+00 0.00000000e+00
1000 661000 3507000 1.01550000e-05 1.01550000e-05 0.00000000e+00 0.00000000e+00
1000 662000 3507000 1.24340000e-05 1.24340000e-05 0.00000000e+00 0.00000000e+00
1000 663000 3507000 1.53430000e-05 1.53430000e-05 0.00000000e+00 0.00000000e+00
1000 664000 3507000 1.90640000e-05 1.90640000e-05 0.00000000e+00 0.00000000e+00
1000 665000 3507000 2.37020000e-05 2.37020000e-05 0.00000000e+00 0.00000000e+00
1000 666000 3507000 2.96490000e-05 2.96490000e-05 0.00000000e+00 0.00000000e+00
1000 667000 3507000 3.72770000e-05 3.72770000e-05 0.00000000e+00 0.00000000e+00
1000 668000 3507000 4.70570000e-05 4.70570000e-05 0.00000000e+00 0.00000000e+00
1000 669000 3507000 5.95700000e-05 5.95700000e-05 0.00000000e+00 0.00000000e+00
1000 670000 3507000 7.55250000e-05 7.55250000e-05 0.00000000e+00 0.00000000e+00
1000 671000 3507000 9.57840000e-05 9.57840000e-05 0.00000000e+00 0.00000000e+00
1000 672000 3507000 8.43750000e-05 8.43750000e-05 0.00000000e+00 0.00000000e+00
1000 673000 3507000 4.60730000e-05 4.60730000e-05 0.00000000e+00 0.00000000e+00
1000 674000 3507000 3.93280000e-05 3.93280000e-05 0.00000000e+00 0.00000000e+00
1000 675000 3507000 5.03680000e-05 5.03680000e-05 0.00000000e+00 0.00000000e+00
1000 676000 3507000 5.89940000e-05 5.89940000e-05 0.00000000e+00 0.00000000e+00
1000 677000 3507000 7.25220000e-05 7.25220000e-05 0.00000000e+00 0.00000000e+00
1000 678000 3507000 1.01330000e-04 1.01330000e-04 0.00000000e+00 0.00000000e+00
1000 679000 3507000 1.86630000e-04 1.86630000e-04 0.00000000e+00 0.00000000e+00
1000 680000 3507000 1.72240000e-04 1.72240000e-04 0.00000000e+00 0.00000000e+00
1000 681000 3507000 1.96010000e-04 1.96010000e-04 0.00000000e+00 0.00000000e+00
1000 682000 3507000 3.57030000e-04 3.57030000e-04 0.00000000e+00 0.00000000e+00
1000 683000 3507000 4.20140000e-04 4.20140000e-04 0.00000000e+00 0.00000000e+00
1000 684000 3507000 5.71570000e-04 5.71570000e-04 0.00000000e+00 0.00000000e+00
1000 685000 3507000 9.12270000e-04 9.12270000e-04 0.00000000e+00 0.00000000e+00
1000 686000 3507000 1.47170000e-03 1.47170000e-03 0.00000000e+00 0.00000000e+00
1000 687000 3507000 2.69580000e-03 2.69580000e-03 0.00000000e+00 0.00000000e+00
1000 688000 3507000 5.64050000e-03 5.64050000e-03 0.00000000e+00 0.00000000e+00
1000 689000 3507000 1.17910000e-02 1.17910000e-02 0.00000000e+00 0.00000000e+00
1000 690000 3507000 2.40390000e-02 2.40390000e-02 0.00000000e+00 0.00000000e+00
1000 691000 3507000 4.52500000e-02 4.52500000e-02 0.00000000e+00 0.00000000e+00
1000 692000 3507000 7.80350000e-02 7.80350000e-02 0.00000000e+00 0.00000000e+00
1000 693000 3507000 1.23110000e-01 1.23110000e-01 0.00000000e+00 0.00000000e+00
1000 694000 3507000 1.83710000e-01 1.83710000e-01 0.00000000e+00 0.00000000e+00
1000 695000 3507000 2.58360000e-01 2.58360000e-01 0.00000000e+00 0.00000000e+00
1000 696000 3507000 3.46430000e-01 3.46430000e-01 0.00000000e+00 0.00000000e+00
1000 697000 3507000 4.46770000e-01 4.46770000e-01 0.00000000e+00 0.00000000e+00
1000 698000 3507000 5.61230000e-01 5.61230000e-01 0.00000000e+00 0.00000000e+00
1000 699000 3507000 6.80970000e-01 6.80970000e-01 0.00000000e+00 0.00000000e+00
1000 700000 3507000 8.15840000e-01 8.15840000e-01 0.00000000e+00 0.00000000e+00
1000 701000 3507000 9.25260000e-01 9.25260000e-01 0.00000000e+00 0.00000000e+00
1000 702000 3507000 1.08830000e+00 1.08830000e+00 0.00000000e+00 0.00000000e+00
1000 703000 3507000 1.34980000e+00 1.34980000e+00 0.00000000e+00 0.00000000e+00
1000 704000 3507000 1.53450000e+00 1.53450000e+00 0.00000000e+00 0.00000000e+00
1000 705000 3507000 1.71850000e+00 1.71850000e+00 0.00000000e+00 0.00000000e+00
1000 706000 3507000 1.95240000e+00 1.95240000e+00 0.00000000e+00 0.00000000e+00
1000 707000 3507000 2.13320000e+00 2.13320000e+00 0.00000000e+00 0.00000000e+00
1000 708000 3507000 2.26420000e+00 2.26420000e+00 0.00000000e+00 0.00000000e+00
1000 709000 3507000 2.30640000e+00 2.30640000e+00 0.00000000e+00 0.00000000e+00
1000 710000 3507000 2.32720000e+00 2.32720000e+00 0.00000000e+00 0.00000000e+00
1000 711000 3507000 2.28000000e+00 2.28000000e+00 0.00000000e+00 0.00000000e+00
1000 712000 3507000 2.17910000e+00 2.17910000e+00 0.00000000e+00 0.00000000e+00
1000 713000 3507000 2.05220000e+00 2.05220000e+00 0.00000000e+00 0.00000000e+00
1000 714000 3507000 1.90210000e+00 1.90210000e+00 0.00000000e+00 0.00000000e+00
1000 715000 3507000 1.69950000e+00 1.69950000e+00 0.00000000e+00 0.00000000e+00
1000 716000 3507000 1.51190000e+00 1.51190000e+00 0.00000000e+00 0.00000000e+00
1000 717000 3507000 1.21950000e+00 1.21950000e+00 0.00000000e+00 0.00000000e+00
1000 718000 3507000 1.02920000e+00 1.02920000e+00 0.00000000e+00 0.00000000e+00
1000 719000 3507000 8.32420000e-01 8.32420000e-01 0.00000000e+00 0.00000000e+00
1000 720000 3507000 6.47700000e-01 6.47700000e-01 0.00000000e+00 0.00000000e+00
1000 721000 3507000 5.35820000e-01 5.35820000e-01 0.00000000e+00 0.00000000e+00
1000 722000 3507000 4.13840000e-01 4.13840000e-01 0.00000000e+00 0.00000000e+00
1000 723000 3507000 3.16660000e-01 3.16660000e-01 0.00000000e+00 0.00000000e+00
1000 724000 3507000 2.44510000e-01 2.44510000e-01 0.00000000e+00 0.00000000e+00
1000 725000 3507000 1.89570000e-01 1.89570000e-01 0.00000000e+00 0.00000000e+00
1000 726000 3507000 1.43510000e-01 1.43510000e-01 0.00000000e+00 0.00000000e+00
1000 727000 3507000 1.09570000e-01 1.09570000e-01 0.00000000e+00 0.00000000e+00
1000 728000 3507000 7.40470000e-02 7.40470000e-02 0.00000000e+00 0.00000000e+00
1000 729000 3507000 5.82210000e-02 5.82210000e-02 0.00000000e+00 0.00000000e+00
1000 730000 3507000 4.46970000e-02 4.46970000e-02 0.00000000e+00 0.00000000e+00
1000 731000 3507000 3.56650000e-02 3.56650000e-02 0.00000000e+00 0.00000000e+00
1000 732000 3507000 3.90430000e-02 3.90430000e-02 0.00000000e+00 0.00000000e+00
1000 733000 3507000 3.60340000e-02 3.60340000e-02 0.00000000e+00 0.00000000e+00
1000 734000 3507000 3.28720000e-02 3.28720000e-02 0.00000000e+00 0.00000000e+00
1000 735000 3507000 3.05900000e-02 3.05900000e-02 0.00000000e+00 0.00000000e+00
1000 736000 3507000 2.88710000e-02 2.88710000e-02 0.00000000e+00 0.00000000e+00
1000 737000 3507000 2.74960000e-02 2.74960000e-02 0.00000000e+00 0.00000000e+00
1000 738000 3507000 2.63210000e-02 2.63210000e-02 0.00000000e+00 0.00000000e+00
1000 739000 3507000 2.52530000e-02 2.52530000e-02 0.00000000e+00 0.00000000e+00
1000 740000 3507000 2.42370000e-02 2.42370000e-02 0.00000000e+00 0.00000000e+00
1000 741000 3507000 2.32420000e-02 2.32420000e-02 0.00000000e+00 0.00000000e+00
1000 742000 3507000 2.22520000e-02 2.22520000e-02 0.00000000e+00 0.00000000e+00
1000 743000 3507000 2.12610000e-02 2.12610000e-02 0.00000000e+00 0.00000000e+00
1000 744000 3507000 2.02690000e-02 2.02690000e-02 0.00000000e+00 0.00000000e+00
1000 745000 3507000 1.92790000e-02 1.92790000e-02 0.00000000e+00 0.00000000e+00
1000 746000 3507000 1.82950000e-02 1.82950000e-02 0.00000000e+00 0.00000000e+00
1000 747000 3507000 1.73220000e-02 1.73220000e-02 0.00000000e+00 0.00000000e+00
1000 748000 3507000 1.63660000e-02 1.63660000e-02 0.00000000e+00 0.00000000e+00
1000 749000 3507000 1.54320000e-02 1.54320000e-02 0.00000000e+00 0.00000000e+00
1000 750000 3507000 1.45220000e-02 1.45220000e-02 0.00000000e+00 0.00000000e+00
1000 650000 3506000 1.82580000e-06 1.82580000e-06 0.00000000e+00 0.00000000e+00
1000 651000 3506000 2.09100000e-06 2.09100000e-06 0.00000000e+00 0.00000000e+00
1000 652000 3506000 2.40090000e-06 2.40090000e-06 0.00000000e+00 0.00000000e+00
1000 653000 3506000 2.76760000e-06 2.76760000e-06 0.00000000e+00 0.00000000e+00
1000 654000 3506000 3.20590000e-06 3.20590000e-06 0.00000000e+00 0.00000000e+00
1000 655000 3506000 3.73110000e-06 3.73110000e-06 0.00000000e+00 0.00000000e+00
1000 656000 3506000 4.37120000e-06 4.37120000e-06 0.00000000e+00 0.00000000e+00
1000 657000 3506000 5.15170000e-06 5.15170000e-06 0.00000000e+00 0.00000000e+00
1000 658000 3506000 6.11360000e-06 6.11360000e-06 0.00000000e+00 0.00000000e+00
1000 659000 3506000 7.30780000e-06 7.30780000e-06 0.00000000e+00 0.00000000e+00
1000 660000 3506000 8.80120000e-06 8.80120000e-06 0.00000000e+00 0.00000000e+00
1000 661000 3506000 1.06880000e-05 1.06880000e-05 0.00000000e+00 0.00000000e+00
1000 662000 3506000 1.30810000e-05 1.30810000e-05 0.00000000e+00 0.00000000e+00
1000 663000 3506000 1.61320000e-05 1.61320000e-05 0.00000000e+00 0.00000000e+00
1000 664000 3506000 1.99030000e-05 1.99030000e-05 0.00000000e+00 0.00000000e+00
1000 665000 3506000 2.47080000e-05 2.47080000e-05 0.00000000e+00 0.00000000e+00
1000 666000 3506000 3.08570000e-05 3.08570000e-05 0.00000000e+00 0.00000000e+00
1000 667000 3506000 3.87340000e-05 3.87340000e-05 0.00000000e+00 0.00000000e+00
1000 668000 3506000 4.88170000e-05 4.88170000e-05 0.00000000e+00 0.00000000e+00
1000 669000 3506000 6.17000000e-05 6.17000000e-05 0.00000000e+00 0.00000000e+00
1000 670000 3506000 7.81110000e-05 7.81110000e-05 0.00000000e+00 0.00000000e+00
1000 671000 3506000 9.89340000e-05 9.89340000e-05 0.00000000e+00 0.00000000e+00
1000 672000 3506000 1.25210000e-04 1.25210000e-04 0.00000000e+00 0.00000000e+00
1000 673000 3506000 8.18550000e-05 8.18550000e-05 0.00000000e+00 0.00000000e+00
1000 674000 3506000 6.31120000e-05 6.31120000e-05 0.00000000e+00 0.00000000e+00
1000 675000 3506000 3.08390000e-05 3.08390000e-05 0.00000000e+00 0.00000000e+00
1000 676000 3506000 6.40490000e-05 6.40490000e-05 0.00000000e+00 0.00000000e+00
1000 677000 3506000 1.01430000e-04 1.01430000e-04 0.00000000e+00 0.00000000e+00
1000 678000 3506000 1.44020000e-04 1.44020000e-04 0.00000000e+00 0.00000000e+00
1000 679000 3506000 1.65390000e-04 1.65390000e-04 0.00000000e+00 0.00000000e+00
1000 680000 3506000 1.94290000e-04 1.94290000e-04 0.00000000e+00 0.00000000e+00
1000 681000 3506000 2.71840000e-04 2.71840000e-04 0.00000000e+00 0.00000000e+00
1000 682000 3506000 3.63640000e-04 3.63640000e-04 0.00000000e+00 0.00000000e+00
1000 683000 3506000 4.54200000e-04 4.54200000e-04 0.00000000e+00 0.00000000e+00
1000 684000 3506000 6.66740000e-04 6.66740000e-04 0.00000000e+00 0.00000000e+00
1000 685000 3506000 8.26730000e-04 8.26730000e-04 0.00000000e+00 0.00000000e+00
1000 686000 3506000 1.16990000e-03 1.16990000e-03 0.00000000e+00 0.00000000e+00
1000 687000 3506000 1.89460000e-03 1.89460000e-03 0.00000000e+00 0.00000000e+00
1000 688000 3506000 3.50190000e-03 3.50190000e-03 0.00000000e+00 0.00000000e+00
1000 689000 3506000 7.47500000e-03 7.47500000e-03 0.00000000e+00 0.00000000e+00
1000 690000 3506000 1.38680000e-02 1.38680000e-02 0.00000000e+00 0.00000000e+00
1000 691000 3506000 2.63060000e-02 2.63060000e-02 0.00000000e+00 0.00000000e+00
1000 692000 3506000 4.65920000e-02 4.65920000e-02 0.00000000e+00 0.00000000e+00
1000 693000 3506000 7.60970000e-02 7.60970000e-02 0.00000000e+00 0.00000000e+00
1000 694000 3506000 1.17540000e-01 1.17540000e-01 0.00000000e+00 0.00000000e+00
1000 695000 3506000 1.70820000e-01 1.70820000e-01 0.00000000e+00 0.00000000e+00
1000 696000 3506000 2.34790000e-01 2.34790000e-01 0.00000000e+00 0.00000000e+00
1000 697000 3506000 2.99500000e-01 2.99500000e-01 0.00000000e+00 0.00000000e+00
1000 698000 3506000 3.95040000e-01 3.95040000e-01 0.00000000e+00 0.00000000e+00
1000 699000 3506000 4.88500000e-01 4.88500000e-01 0.00000000e+00 0.00000000e+00
1000 700000 3506000 5.48420000e-01 5.48420000e-01 0.00000000e+00 0.00000000e+00
1000 701000 3506000 6.62310000e-01 6.62310000e-01 0.00000000e+00 0.00000000e+00
1000 702000 3506000 8.22850000e-01 8.22850000e-01 0.00000000e+00 0.00000000e+00
1000 703000 3506000 8.94060000e-01 8.94060000e-01 0.00000000e+00 0.00000000e+00
1000 704000 3506000 1.08590000e+00 1.08590000e+00 0.00000000e+00 0.00000000e+00
1000 705000 3506000 1.24690000e+00 1.24690000e+00 0.00000000e+00 0.00000000e+00
1000 706000 3506000 1.52670000e+00 1.52670000e+00 0.00000000e+00 0.00000000e+00
1000 707000 3506000 1.78510000e+00 1.78510000e+00 0.00000000e+00 0.00000000e+00
1000 708000 3506000 1.96650000e+00 1.96650000e+00 0.00000000e+00 0.00000000e+00
1000 709000 3506000 2.03900000e+00 2.03900000e+00 0.00000000e+00 0.00000000e+00
1000 710000 3506000 2.11450000e+00 2.11450000e+00 0.00000000e+00 0.00000000e+00
1000 711000 3506000 2.16760000e+00 2.16760000e+00 0.00000000e+00 0.00000000e+00
1000 712000 3506000 2.13490000e+00 2.13490000e+00 0.00000000e+00 0.00000000e+00
1000 713000 3506000 2.04710000e+00 2.04710000e+00 0.00000000e+00 0.00000000e+00
1000 714000 3506000 1.95650000e+00 1.95650000e+00 0.00000000e+00 0.00000000e+00
1000 715000 3506000 1.79070000e+00 1.79070000e+00 0.00000000e+00 0.00000000e+00
1000 716000 3506000 1.60320000e+00 1.60320000e+00 0.00000000e+00 0.00000000e+00
1000 717000 3506000 1.41980000e+00 1.41980000e+00 0.00000000e+00 0.00000000e+00
1000 718000 3506000 1.22530000e+00 1.22530000e+00 0.00000000e+00 0.00000000e+00
1000 719000 3506000 1.02220000e+00 1.02220000e+00 0.00000000e+00 0.00000000e+00
1000 720000 3506000 8.48660000e-01 8.48660000e-01 0.00000000e+00 0.00000000e+00
1000 721000 3506000 7.00760000e-01 7.00760000e-01 0.00000000e+00 0.00000000e+00
1000 722000 3506000 5.82190000e-01 5.82190000e-01 0.00000000e+00 0.00000000e+00
1000 723000 3506000 4.46080000e-01 4.46080000e-01 0.00000000e+00 0.00000000e+00
1000 724000 3506000 3.52670000e-01 3.52670000e-01 0.00000000e+00 0.00000000e+00
1000 725000 3506000 2.77740000e-01 2.77740000e-01 0.00000000e+00 0.00000000e+00
1000 726000 3506000 2.16000000e-01 2.16000000e-01 0.00000000e+00 0.00000000e+00
1000 727000 3506000 1.58540000e-01 1.58540000e-01 0.00000000e+00 0.00000000e+00
1000 728000 3506000 1.18820000e-01 1.18820000e-01 0.00000000e+00 0.00000000e+00
1000 729000 3506000 9.18680000e-02 9.18680000e-02 0.00000000e+00 0.00000000e+00
1000 730000 3506000 8.06210000e-02 8.06210000e-02 0.00000000e+00 0.00000000e+00
1000 731000 3506000 6.47560000e-02 6.47560000e-02 0.00000000e+00 0.00000000e+00
1000 732000 3506000 5.57680000e-02 5.57680000e-02 0.00000000e+00 0.00000000e+00
1000 733000 3506000 4.62740000e-02 4.62740000e-02 0.00000000e+00 0.00000000e+00
1000 734000 3506000 4.21140000e-02 4.21140000e-02 0.00000000e+00 0.00000000e+00
1000 735000 3506000 3.80020000e-02 3.80020000e-02 0.00000000e+00 0.00000000e+00
1000 736000 3506000 3.50000000e-02 3.50000000e-02 0.00000000e+00 0.00000000e+00
1000 737000 3506000 3.27340000e-02 3.27340000e-02 0.00000000e+00 0.00000000e+00
1000 738000 3506000 3.09400000e-02 3.09400000e-02 0.00000000e+00 0.00000000e+00
1000 739000 3506000 2.94370000e-02 2.94370000e-02 0.00000000e+00 0.00000000e+00
1000 740000 3506000 2.81060000e-02 2.81060000e-02 0.00000000e+00 0.00000000e+00
1000 741000 3506000 2.68700000e-02 2.68700000e-02 0.00000000e+00 0.00000000e+00
1000 742000 3506000 2.56860000e-02 2.56860000e-02 0.00000000e+00 0.00000000e+00
1000 743000 3506000 2.45270000e-02 2.45270000e-02 0.00000000e+00 0.00000000e+00
1000 744000 3506000 2.33820000e-02 2.33820000e-02 0.00000000e+00 0.00000000e+00
1000 745000 3506000 2.22480000e-02 2.22480000e-02 0.00000000e+00 0.00000000e+00
1000 746000 3506000 2.11250000e-02 2.11250000e-02 0.00000000e+00 0.00000000e+00
1000 747000 3506000 2.00160000e-02 2.00160000e-02 0.00000000e+00 0.00000000e+00
1000 748000 3506000 1.89260000e-02 1.89260000e-02 0.00000000e+00 0.00000000e+00
1000 749000 3506000 1.78590000e-02 1.78590000e-02 0.00000000e+00 0.00000000e+00
1000 750000 3506000 1.68190000e-02 1.68190000e-02 0.00000000e+00 0.00000000e+00
1000 650000 3505000 1.90830000e-06 1.90830000e-06 0.00000000e+00 0.00000000e+00
1000 651000 3505000 2.18640000e-06 2.18640000e-06 0.00000000e+00 0.00000000e+00
1000 652000 3505000 2.51140000e-06 2.51140000e-06 0.00000000e+00 0.00000000e+00
1000 653000 3505000 2.89590000e-06 2.89590000e-06 0.00000000e+00 0.00000000e+00
1000 654000 3505000 3.35520000e-06 3.35520000e-06 0.00000000e+00 0.00000000e+00
1000 655000 3505000 3.90530000e-06 3.90530000e-06 0.00000000e+00 0.00000000e+00
1000 656000 3505000 4.57490000e-06 4.57490000e-06 0.00000000e+00 0.00000000e+00
1000 657000 3505000 5.39070000e-06 5.39070000e-06 0.00000000e+00 0.00000000e+00
1000 658000 3505000 6.39770000e-06 6.39770000e-06 0.00000000e+00 0.00000000e+00
1000 659000 3505000 7.64630000e-06 7.64630000e-06 0.00000000e+00 0.00000000e+00
1000 660000 3505000 9.20540000e-06 9.20540000e-06 0.00000000e+00 0.00000000e+00
1000 661000 3505000 1.11660000e-05 1.11660000e-05 0.00000000e+00 0.00000000e+00
1000 662000 3505000 1.36620000e-05 1.36620000e-05 0.00000000e+00 0.00000000e+00
1000 663000 3505000 1.68050000e-05 1.68050000e-05 0.00000000e+00 0.00000000e+00
1000 664000 3505000 2.06880000e-05 2.06880000e-05 0.00000000e+00 0.00000000e+00
1000 665000 3505000 2.56380000e-05 2.56380000e-05 0.00000000e+00 0.00000000e+00
1000 666000 3505000 3.19610000e-05 3.19610000e-05 0.00000000e+00 0.00000000e+00
1000 667000 3505000 4.00440000e-05 4.00440000e-05 0.00000000e+00 0.00000000e+00
1000 668000 3505000 5.03740000e-05 5.03740000e-05 0.00000000e+00 0.00000000e+00
1000 669000 3505000 6.35550000e-05 6.35550000e-05 0.00000000e+00 0.00000000e+00
1000 670000 3505000 8.03260000e-05 8.03260000e-05 0.00000000e+00 0.00000000e+00
1000 671000 3505000 1.01590000e-04 1.01590000e-04 0.00000000e+00 0.00000000e+00
1000 672000 3505000 1.28400000e-04 1.28400000e-04 0.00000000e+00 0.00000000e+00
1000 673000 3505000 8.81000000e-05 8.81000000e-05 0.00000000e+00 0.00000000e+00
1000 674000 3505000 4.46340000e-05 4.46340000e-05 0.00000000e+00 0.00000000e+00
1000 675000 3505000 5.27540000e-05 5.27540000e-05 0.00000000e+00 0.00000000e+00
1000 676000 3505000 6.77020000e-05 6.77020000e-05 0.00000000e+00 0.00000000e+00
1000 677000 3505000 8.73330000e-05 8.73330000e-05 0.00000000e+00 0.00000000e+00
1000 678000 3505000 1.18280000e-04 1.18280000e-04 0.00000000e+00 0.00000000e+00
1000 679000 3505000 2.09570000e-04 2.09570000e-04 0.00000000e+00 0.00000000e+00
1000 680000 3505000 2.36430000e-04 2.36430000e-04 0.00000000e+00 0.00000000e+00
1000 681000 3505000 3.01760000e-04 3.01760000e-04 0.00000000e+00 0.00000000e+00
1000 682000 3505000 4.03480000e-04 4.03480000e-04 0.00000000e+00 0.00000000e+00
1000 683000 3505000 5.40390000e-04 5.40390000e-04 0.00000000e+00 0.00000000e+00
1000 684000 3505000 6.72270000e-04 6.72270000e-04 0.00000000e+00 0.00000000e+00
1000 685000 3505000 7.64720000e-04 7.64720000e-04 0.00000000e+00 0.00000000e+00
1000 686000 3505000 1.01040000e-03 1.01040000e-03 0.00000000e+00 0.00000000e+00
1000 687000 3505000 1.52400000e-03 1.52400000e-03 0.00000000e+00 0.00000000e+00
1000 688000 3505000 2.39610000e-03 2.39610000e-03 0.00000000e+00 0.00000000e+00
1000 689000 3505000 4.53310000e-03 4.53310000e-03 0.00000000e+00 0.00000000e+00
1000 690000 3505000 8.73180000e-03 8.73180000e-03 0.00000000e+00 0.00000000e+00
1000 691000 3505000 1.56980000e-02 1.56980000e-02 0.00000000e+00 0.00000000e+00
1000 692000 3505000 2.76290000e-02 2.76290000e-02 0.00000000e+00 0.00000000e+00
1000 693000 3505000 4.64440000e-02 4.64440000e-02 0.00000000e+00 0.00000000e+00
1000 694000 3505000 7.41950000e-02 7.41950000e-02 0.00000000e+00 0.00000000e+00
1000 695000 3505000 1.10380000e-01 1.10380000e-01 0.00000000e+00 0.00000000e+00
1000 696000 3505000 1.56890000e-01 1.56890000e-01 0.00000000e+00 0.00000000e+00
1000 697000 3505000 1.92280000e-01 1.92280000e-01 0.00000000e+00 0.00000000e+00
1000 698000 3505000 2.61900000e-01 2.61900000e-01 0.00000000e+00 0.00000000e+00
1000 699000 3505000 3.27430000e-01 3.27430000e-01 0.00000000e+00 0.00000000e+00
1000 700000 3505000 3.79980000e-01 3.79980000e-01 0.00000000e+00 0.00000000e+00
1000 701000 3505000 4.99770000e-01 4.99770000e-01 0.00000000e+00 0.00000000e+00
1000 702000 3505000 5.88600000e-01 5.88600000e-01 0.00000000e+00 0.00000000e+00
1000 703000 3505000 6.66350000e-01 6.66350000e-01 0.00000000e+00 0.00000000e+00
1000 704000 3505000 8.43370000e-01 8.43370000e-01 0.00000000e+00 0.00000000e+00
1000 705000 3505000 9.82410000e-01 9.82410000e-01 0.00000000e+00 0.00000000e+00
1000 706000 3505000 1.16600000e+00 1.16600000e+00 0.00000000e+00 0.00000000e+00
1000 707000 3505000 1.43260000e+00 1.43260000e+00 0.00000000e+00 0.00000000e+00
1000 708000 3505000 1.56240000e+00 1.56240000e+00 0.00000000e+00 0.00000000e+00
1000 709000 3505000 1.82640000e+00 1.82640000e+00 0.00000000e+00 0.00000000e+00
1000 710000 3505000 1.89270000e+00 1.89270000e+00 0.00000000e+00 0.00000000e+00
1000 711000 3505000 2.01150000e+00 2.01150000e+00 0.00000000e+00 0.00000000e+00
1000 712000 3505000 2.02020000e+00 2.02020000e+00 0.00000000e+00 0.00000000e+00
1000 713000 3505000 2.00460000e+00 2.00460000e+00 0.00000000e+00 0.00000000e+00
1000 714000 3505000 1.93750000e+00 1.93750000e+00 0.00000000e+00 0.00000000e+00
1000 715000 3505000 1.83090000e+00 1.83090000e+00 0.00000000e+00 0.00000000e+00
1000 716000 3505000 1.71740000e+00 1.71740000e+00 0.00000000e+00 0.00000000e+00
1000 717000 3505000 1.52930000e+00 1.52930000e+00 0.00000000e+00 0.00000000e+00
1000 718000 3505000 1.36440000e+00 1.36440000e+00 0.00000000e+00 0.00000000e+00
1000 719000 3505000 1.17960000e+00 1.17960000e+00 0.00000000e+00 0.00000000e+00
1000 720000 3505000 1.01390000e+00 1.01390000e+00 0.00000000e+00 0.00000000e+00
1000 721000 3505000 8.71580000e-01 8.71580000e-01 0.00000000e+00 0.00000000e+00
1000 722000 3505000 7.17520000e-01 7.17520000e-01 0.00000000e+00 0.00000000e+00
1000 723000 3505000 5.84970000e-01 5.84970000e-01 0.00000000e+00 0.00000000e+00
1000 724000 3505000 4.73020000e-01 4.73020000e-01 0.00000000e+00 0.00000000e+00
1000 725000 3505000 3.86580000e-01 3.86580000e-01 0.00000000e+00 0.00000000e+00
1000 726000 3505000 3.08510000e-01 3.08510000e-01 0.00000000e+00 0.00000000e+00
1000 727000 3505000 2.43830000e-01 2.43830000e-01 0.00000000e+00 0.00000000e+00
1000 728000 3505000 1.85780000e-01 1.85780000e-01 0.00000000e+00 0.00000000e+00
1000 729000 3505000 1.42470000e-01 1.42470000e-01 0.00000000e+00 0.00000000e+00
1000 730000 3505000 1.09520000e-01 1.09520000e-01 0.00000000e+00 0.00000000e+00
1000 731000 3505000 8.40330000e-02 8.40330000e-02 0.00000000e+00 0.00000000e+00
1000 732000 3505000 7.61390000e-02 7.61390000e-02 0.00000000e+00 0.00000000e+00
1000 733000 3505000 6.54670000e-02 6.54670000e-02 0.00000000e+00 0.00000000e+00
1000 734000 3505000 5.60910000e-02 5.60910000e-02 0.00000000e+00 0.00000000e+00
1000 735000 3505000 4.89440000e-02 4.89440000e-02 0.00000000e+00 0.00000000e+00
1000 736000 3505000 4.37240000e-02 4.37240000e-02 0.00000000e+00 0.00000000e+00
1000 737000 3505000 3.98660000e-02 3.98660000e-02 0.00000000e+00 0.00000000e+00
1000 738000 3505000 3.69420000e-02 3.69420000e-02 0.00000000e+00 0.00000000e+00
1000 739000 3505000 3.46420000e-02 3.46420000e-02 0.00000000e+00 0.00000000e+00
1000 740000 3505000 3.27450000e-02 3.27450000e-02 0.00000000e+00 0.00000000e+00
1000 741000 3505000 3.11000000e-02 3.11000000e-02 0.00000000e+00 0.00000000e+00
1000 742000 3505000 2.96090000e-02 2.96090000e-02 0.00000000e+00 0.00000000e+00
1000 743000 3505000 2.82090000e-02 2.82090000e-02 0.00000000e+00 0.00000000e+00
1000 744000 3505000 2.68630000e-02 2.68630000e-02 0.00000000e+00 0.00000000e+00
1000 745000 3505000 2.55520000e-02 2.55520000e-02 0.00000000e+00 0.00000000e+00
1000 746000 3505000 2.42670000e-02 2.42670000e-02 0.00000000e+00 0.00000000e+00
1000 747000 3505000 2.30050000e-02 2.30050000e-02 0.00000000e+00 0.00000000e+00
1000 748000 3505000 2.17670000e-02 2.17670000e-02 0.00000000e+00 0.00000000e+00
1000 749000 3505000 2.05550000e-02 2.05550000e-02 0.00000000e+00 0.00000000e+00
1000 750000 3505000 1.93750000e-02 1.93750000e-02 0.00000000e+00 0.00000000e+00
1000 650000 3504000 1.98840000e-06 1.98840000e-06 0.00000000e+00 0.00000000e+00
1000 651000 3504000 2.27900000e-06 2.27900000e-06 0.00000000e+00 0.00000000e+00
1000 652000 3504000 2.61850000e-06 2.61850000e-06 0.00000000e+00 0.00000000e+00
1000 653000 3504000 3.01850000e-06 3.01850000e-06 0.00000000e+00 0.00000000e+00
1000 654000 3504000 3.49570000e-06 3.49570000e-06 0.00000000e+00 0.00000000e+00
1000 655000 3504000 4.07060000e-06 4.07060000e-06 0.00000000e+00 0.00000000e+00
1000 656000 3504000 4.76510000e-06 4.76510000e-06 0.00000000e+00 0.00000000e+00
1000 657000 3504000 5.61260000e-06 5.61260000e-06 0.00000000e+00 0.00000000e+00
1000 658000 3504000 6.65690000e-06 6.65690000e-06 0.00000000e+00 0.00000000e+00
1000 659000 3504000 7.94910000e-06 7.94910000e-06 0.00000000e+00 0.00000000e+00
1000 660000 3504000 9.56850000e-06 9.56850000e-06 0.00000000e+00 0.00000000e+00
1000 661000 3504000 1.16020000e-05 1.16020000e-05 0.00000000e+00 0.00000000e+00
1000 662000 3504000 1.41720000e-05 1.41720000e-05 0.00000000e+00 0.00000000e+00
1000 663000 3504000 1.74280000e-05 1.74280000e-05 0.00000000e+00 0.00000000e+00
1000 664000 3504000 2.14160000e-05 2.14160000e-05 0.00000000e+00 0.00000000e+00
1000 665000 3504000 2.64880000e-05 2.64880000e-05 0.00000000e+00 0.00000000e+00
1000 666000 3504000 3.29530000e-05 3.29530000e-05 0.00000000e+00 0.00000000e+00
1000 667000 3504000 4.12000000e-05 4.12000000e-05 0.00000000e+00 0.00000000e+00
1000 668000 3504000 5.17220000e-05 5.17220000e-05 0.00000000e+00 0.00000000e+00
1000 669000 3504000 6.51260000e-05 6.51260000e-05 0.00000000e+00 0.00000000e+00
1000 670000 3504000 8.21590000e-05 8.21590000e-05 0.00000000e+00 0.00000000e+00
1000 671000 3504000 1.03730000e-04 1.03730000e-04 0.00000000e+00 0.00000000e+00
1000 672000 3504000 1.30920000e-04 1.30920000e-04 0.00000000e+00 0.00000000e+00
1000 673000 3504000 1.50630000e-04 1.50630000e-04 0.00000000e+00 0.00000000e+00
1000 674000 3504000 5.07870000e-05 5.07870000e-05 0.00000000e+00 0.00000000e+00
1000 675000 3504000 5.53690000e-05 5.53690000e-05 0.00000000e+00 0.00000000e+00
1000 676000 3504000 7.56890000e-05 7.56890000e-05 0.00000000e+00 0.00000000e+00
1000 677000 3504000 9.60610000e-05 9.60610000e-05 0.00000000e+00 0.00000000e+00
1000 678000 3504000 1.20810000e-04 1.20810000e-04 0.00000000e+00 0.00000000e+00
1000 679000 3504000 1.65760000e-04 1.65760000e-04 0.00000000e+00 0.00000000e+00
1000 680000 3504000 2.51390000e-04 2.51390000e-04 0.00000000e+00 0.00000000e+00
1000 681000 3504000 3.34910000e-04 3.34910000e-04 0.00000000e+00 0.00000000e+00
1000 682000 3504000 4.50690000e-04 4.50690000e-04 0.00000000e+00 0.00000000e+00
1000 683000 3504000 5.01940000e-04 5.01940000e-04 0.00000000e+00 0.00000000e+00
1000 684000 3504000 7.50370000e-04 7.50370000e-04 0.00000000e+00 0.00000000e+00
1000 685000 3504000 9.21490000e-04 9.21490000e-04 0.00000000e+00 0.00000000e+00
1000 686000 3504000 1.11470000e-03 1.11470000e-03 0.00000000e+00 0.00000000e+00
1000 687000 3504000 1.35070000e-03 1.35070000e-03 0.00000000e+00 0.00000000e+00
1000 688000 3504000 1.91480000e-03 1.91480000e-03 0.00000000e+00 0.00000000e+00
1000 689000 3504000 2.98500000e-03 2.98500000e-03 0.00000000e+00 0.00000000e+00
1000 690000 3504000 5.67380000e-03 5.67380000e-03 0.00000000e+00 0.00000000e+00
1000 691000 3504000 9.70220000e-03 9.70220000e-03 0.00000000e+00 0.00000000e+00
1000 692000 3504000 1.68960000e-02 1.68960000e-02 0.00000000e+00 0.00000000e+00
1000 693000 3504000 2.84000000e-02 2.84000000e-02 0.00000000e+00 0.00000000e+00
1000 694000 3504000 4.59940000e-02 4.59940000e-02 0.00000000e+00 0.00000000e+00
1000 695000 3504000 7.08260000e-02 7.08260000e-02 0.00000000e+00 0.00000000e+00
1000 696000 3504000 9.46680000e-02 9.46680000e-02 0.00000000e+00 0.00000000e+00
1000 697000 3504000 1.37600000e-01 1.37600000e-01 0.00000000e+00 0.00000000e+00
1000 698000 3504000 1.75290000e-01 1.75290000e-01 0.00000000e+00 0.00000000e+00
1000 699000 3504000 2.23730000e-01 2.23730000e-01 0.00000000e+00 0.00000000e+00
1000 700000 3504000 2.76710000e-01 2.76710000e-01 0.00000000e+00 0.00000000e+00
1000 701000 3504000 3.57440000e-01 3.57440000e-01 0.00000000e+00 0.00000000e+00
1000 702000 3504000 4.26880000e-01 4.26880000e-01 0.00000000e+00 0.00000000e+00
1000 703000 3504000 5.04230000e-01 5.04230000e-01 0.00000000e+00 0.00000000e+00
1000 704000 3504000 6.22970000e-01 6.22970000e-01 0.00000000e+00 0.00000000e+00
1000 705000 3504000 7.96620000e-01 7.96620000e-01 0.00000000e+00 0.00000000e+00
1000 706000 3504000 9.50390000e-01 9.50390000e-01 0.00000000e+00 0.00000000e+00
1000 707000 3504000 1.07360000e+00 1.07360000e+00 0.00000000e+00 0.00000000e+00
1000 708000 3504000 1.29200000e+00 1.29200000e+00 0.00000000e+00 0.00000000e+00
1000 709000 3504000 1.46210000e+00 1.46210000e+00 0.00000000e+00 0.00000000e+00
1000 710000 3504000 1.67720000e+00 1.67720000e+00 0.00000000e+00 0.00000000e+00
1000 711000 3504000 1.78240000e+00 1.78240000e+00 0.00000000e+00 0.00000000e+00
1000 712000 3504000 1.84760000e+00 1.84760000e+00 0.00000000e+00 0.00000000e+00
1000 713000 3504000 1.89570000e+00 1.89570000e+00 0.00000000e+00 0.00000000e+00
1000 714000 3504000 1.88300000e+00 1.88300000e+00 0.00000000e+00 0.00000000e+00
1000 715000 3504000 1.83000000e+00 1.83000000e+00 0.00000000e+00 0.00000000e+00
1000 716000 3504000 1.74600000e+00 1.74600000e+00 0.00000000e+00 0.00000000e+00
1000 717000 3504000 1.64440000e+00 1.64440000e+00 0.00000000e+00 0.00000000e+00
1000 718000 3504000 1.48330000e+00 1.48330000e+00 0.00000000e+00 0.00000000e+00
1000 719000 3504000 1.32920000e+00 1.32920000e+00 0.00000000e+00 0.00000000e+00
1000 720000 3504000 1.17630000e+00 1.17630000e+00 0.00000000e+00 0.00000000e+00
1000 721000 3504000 1.02020000e+00 1.02020000e+00 0.00000000e+00 0.00000000e+00
1000 722000 3504000 8.75830000e-01 8.75830000e-01 0.00000000e+00 0.00000000e+00
1000 723000 3504000 7.40960000e-01 7.40960000e-01 0.00000000e+00 0.00000000e+00
1000 724000 3504000 6.20750000e-01 6.20750000e-01 0.00000000e+00 0.00000000e+00
1000 725000 3504000 5.11240000e-01 5.11240000e-01 0.00000000e+00 0.00000000e+00
1000 726000 3504000 4.17930000e-01 4.17930000e-01 0.00000000e+00 0.00000000e+00
1000 727000 3504000 3.38420000e-01 3.38420000e-01 0.00000000e+00 0.00000000e+00
1000 728000 3504000 2.63340000e-01 2.63340000e-01 0.00000000e+00 0.00000000e+00
1000 729000 3504000 2.08720000e-01 2.08720000e-01 0.00000000e+00 0.00000000e+00
1000 730000 3504000 1.63740000e-01 1.63740000e-01 0.00000000e+00 0.00000000e+00
1000 731000 3504000 1.27150000e-01 1.27150000e-01 0.00000000e+00 0.00000000e+00
1000 732000 3504000 1.08900000e-01 1.08900000e-01 0.00000000e+00 0.00000000e+00
1000 733000 3504000 9.15320000e-02 9.15320000e-02 0.00000000e+00 0.00000000e+00
1000 734000 3504000 7.65620000e-02 7.65620000e-02 0.00000000e+00 0.00000000e+00
1000 735000 3504000 6.52580000e-02 6.52580000e-02 0.00000000e+00 0.00000000e+00
1000 736000 3504000 5.65440000e-02 5.65440000e-02 0.00000000e+00 0.00000000e+00
1000 737000 3504000 5.00670000e-02 5.00670000e-02 0.00000000e+00 0.00000000e+00
1000 738000 3504000 4.52160000e-02 4.52160000e-02 0.00000000e+00 0.00000000e+00
1000 739000 3504000 4.15170000e-02 4.15170000e-02 0.00000000e+00 0.00000000e+00
1000 740000 3504000 3.86150000e-02 3.86150000e-02 0.00000000e+00 0.00000000e+00
1000 741000 3504000 3.62490000e-02 3.62490000e-02 0.00000000e+00 0.00000000e+00
1000 742000 3504000 3.42350000e-02 3.42350000e-02 0.00000000e+00 0.00000000e+00
1000 743000 3504000 3.24470000e-02 3.24470000e-02 0.00000000e+00 0.00000000e+00
1000 744000 3504000 3.08030000e-02 3.08030000e-02 0.00000000e+00 0.00000000e+00
1000 745000 3504000 2.92500000e-02 2.92500000e-02 0.00000000e+00 0.00000000e+00
1000 746000 3504000 2.77600000e-02 2.77600000e-02 0.00000000e+00 0.00000000e+00
1000 747000 3504000 2.63140000e-02 2.63140000e-02 0.00000000e+00 0.00000000e+00
1000 748000 3504000 2.49070000e-02 2.49070000e-02 0.00000000e+00 0.00000000e+00
1000 749000 3504000 2.35350000e-02 2.35350000e-02 0.00000000e+00 0.00000000e+00
1000 750000 3504000 2.22010000e-02 2.22010000e-02 0.00000000e+00 0.00000000e+00
1000 650000 3503000 2.06680000e-06 2.06680000e-06 0.00000000e+00 0.00000000e+00
1000 651000 3503000 2.36930000e-06 2.36930000e-06 0.00000000e+00 0.00000000e+00
1000 652000 3503000 2.72130000e-06 2.72130000e-06 0.00000000e+00 0.00000000e+00
1000 653000 3503000 3.13570000e-06 3.13570000e-06 0.00000000e+00 0.00000000e+00
1000 654000 3503000 3.62950000e-06 3.62950000e-06 0.00000000e+00 0.00000000e+00
1000 655000 3503000 4.22150000e-06 4.22150000e-06 0.00000000e+00 0.00000000e+00
1000 656000 3503000 4.93760000e-06 4.93760000e-06 0.00000000e+00 0.00000000e+00
1000 657000 3503000 5.81250000e-06 5.81250000e-06 0.00000000e+00 0.00000000e+00
1000 658000 3503000 6.88850000e-06 6.88850000e-06 0.00000000e+00 0.00000000e+00
1000 659000 3503000 8.22090000e-06 8.22090000e-06 0.00000000e+00 0.00000000e+00
1000 660000 3503000 9.88220000e-06 9.88220000e-06 0.00000000e+00 0.00000000e+00
1000 661000 3503000 1.19690000e-05 1.19690000e-05 0.00000000e+00 0.00000000e+00
1000 662000 3503000 1.46130000e-05 1.46130000e-05 0.00000000e+00 0.00000000e+00
1000 663000 3503000 1.79690000e-05 1.79690000e-05 0.00000000e+00 0.00000000e+00
1000 664000 3503000 2.20820000e-05 2.20820000e-05 0.00000000e+00 0.00000000e+00
1000 665000 3503000 2.72530000e-05 2.72530000e-05 0.00000000e+00 0.00000000e+00
1000 666000 3503000 3.38280000e-05 3.38280000e-05 0.00000000e+00 0.00000000e+00
1000 667000 3503000 4.21990000e-05 4.21990000e-05 0.00000000e+00 0.00000000e+00
1000 668000 3503000 5.28560000e-05 5.28560000e-05 0.00000000e+00 0.00000000e+00
1000 669000 3503000 6.64100000e-05 6.64100000e-05 0.00000000e+00 0.00000000e+00
1000 670000 3503000 8.36090000e-05 8.36090000e-05 0.00000000e+00 0.00000000e+00
1000 671000 3503000 1.05360000e-04 1.05360000e-04 0.00000000e+00 0.00000000e+00
1000 672000 3503000 1.32770000e-04 1.32770000e-04 0.00000000e+00 0.00000000e+00
1000 673000 3503000 1.22380000e-04 1.22380000e-04 0.00000000e+00 0.00000000e+00
1000 674000 3503000 4.74170000e-05 4.74170000e-05 0.00000000e+00 0.00000000e+00
1000 675000 3503000 4.81310000e-05 4.81310000e-05 0.00000000e+00 0.00000000e+00
1000 676000 3503000 7.37100000e-05 7.37100000e-05 0.00000000e+00 0.00000000e+00
1000 677000 3503000 1.32820000e-04 1.32820000e-04 0.00000000e+00 0.00000000e+00
1000 678000 3503000 1.62360000e-04 1.62360000e-04 0.00000000e+00 0.00000000e+00
1000 679000 3503000 2.02250000e-04 2.02250000e-04 0.00000000e+00 0.00000000e+00
1000 680000 3503000 2.30120000e-04 2.30120000e-04 0.00000000e+00 0.00000000e+00
1000 681000 3503000 3.26560000e-04 3.26560000e-04 0.00000000e+00 0.00000000e+00
1000 682000 3503000 4.29710000e-04 4.29710000e-04 0.00000000e+00 0.00000000e+00
1000 683000 3503000 5.60390000e-04 5.60390000e-04 0.00000000e+00 0.00000000e+00
1000 684000 3503000 6.55910000e-04 6.55910000e-04 0.00000000e+00 0.00000000e+00
1000 685000 3503000 8.54990000e-04 8.54990000e-04 0.00000000e+00 0.00000000e+00
1000 686000 3503000 1.12000000e-03 1.12000000e-03 0.00000000e+00 0.00000000e+00
1000 687000 3503000 1.30410000e-03 1.30410000e-03 0.00000000e+00 0.00000000e+00
1000 688000 3503000 1.72870000e-03 1.72870000e-03 0.00000000e+00 0.00000000e+00
1000 689000 3503000 2.35340000e-03 2.35340000e-03 0.00000000e+00 0.00000000e+00
1000 690000 3503000 4.09740000e-03 4.09740000e-03 0.00000000e+00 0.00000000e+00
1000 691000 3503000 6.39030000e-03 6.39030000e-03 0.00000000e+00 0.00000000e+00
1000 692000 3503000 1.06140000e-02 1.06140000e-02 0.00000000e+00 0.00000000e+00
1000 693000 3503000 1.78150000e-02 1.78150000e-02 0.00000000e+00 0.00000000e+00
1000 694000 3503000 2.87760000e-02 2.87760000e-02 0.00000000e+00 0.00000000e+00
1000 695000 3503000 4.37770000e-02 4.37770000e-02 0.00000000e+00 0.00000000e+00
1000 696000 3503000 6.75600000e-02 6.75600000e-02 0.00000000e+00 0.00000000e+00
1000 697000 3503000 8.80550000e-02 8.80550000e-02 0.00000000e+00 0.00000000e+00
1000 698000 3503000 1.19830000e-01 1.19830000e-01 0.00000000e+00 0.00000000e+00
1000 699000 3503000 1.66940000e-01 1.66940000e-01 0.00000000e+00 0.00000000e+00
1000 700000 3503000 2.16480000e-01 2.16480000e-01 0.00000000e+00 0.00000000e+00
1000 701000 3503000 2.52070000e-01 2.52070000e-01 0.00000000e+00 0.00000000e+00
1000 702000 3503000 3.17010000e-01 3.17010000e-01 0.00000000e+00 0.00000000e+00
1000 703000 3503000 4.13930000e-01 4.13930000e-01 0.00000000e+00 0.00000000e+00
1000 704000 3503000 5.05850000e-01 5.05850000e-01 0.00000000e+00 0.00000000e+00
1000 705000 3503000 5.79740000e-01 5.79740000e-01 0.00000000e+00 0.00000000e+00
1000 706000 3503000 7.00350000e-01 7.00350000e-01 0.00000000e+00 0.00000000e+00
1000 707000 3503000 7.97950000e-01 7.97950000e-01 0.00000000e+00 0.00000000e+00
1000 708000 3503000 9.32420000e-01 9.32420000e-01 0.00000000e+00 0.00000000e+00
1000 709000 3503000 1.13570000e+00 1.13570000e+00 0.00000000e+00 0.00000000e+00
1000 710000 3503000 1.36540000e+00 1.36540000e+00 0.00000000e+00 0.00000000e+00
1000 711000 3503000 1.52560000e+00 1.52560000e+00 0.00000000e+00 0.00000000e+00
1000 712000 3503000 1.65780000e+00 1.65780000e+00 0.00000000e+00 0.00000000e+00
1000 713000 3503000 1.73180000e+00 1.73180000e+00 0.00000000e+00 0.00000000e+00
1000 714000 3503000 1.76580000e+00 1.76580000e+00 0.00000000e+00 0.00000000e+00
1000 715000 3503000 1.77390000e+00 1.77390000e+00 0.00000000e+00 0.00000000e+00
1000 716000 3503000 1.73620000e+00 1.73620000e+00 0.00000000e+00 0.00000000e+00
1000 717000 3503000 1.66060000e+00 1.66060000e+00 0.00000000e+00 0.00000000e+00
1000 718000 3503000 1.56660000e+00 1.56660000e+00 0.00000000e+00 0.00000000e+00
1000 719000 3503000 1.43820000e+00 1.43820000e+00 0.00000000e+00 0.00000000e+00
1000 720000 3503000 1.30890000e+00 1.30890000e+00 0.00000000e+00 0.00000000e+00
1000 721000 3503000 1.16520000e+00 1.16520000e+00 0.00000000e+00 0.00000000e+00
1000 722000 3503000 1.02950000e+00 1.02950000e+00 0.00000000e+00 0.00000000e+00
1000 723000 3503000 8.88740000e-01 8.88740000e-01 0.00000000e+00 0.00000000e+00
1000 724000 3503000 7.61060000e-01 7.61060000e-01 0.00000000e+00 0.00000000e+00
1000 725000 3503000 6.44020000e-01 6.44020000e-01 0.00000000e+00 0.00000000e+00
1000 726000 3503000 5.39550000e-01 5.39550000e-01 0.00000000e+00 0.00000000e+00
1000 727000 3503000 4.47140000e-01 4.47140000e-01 0.00000000e+00 0.00000000e+00
1000 728000 3503000 3.57560000e-01 3.57560000e-01 0.00000000e+00 0.00000000e+00
1000 729000 3503000 2.90170000e-01 2.90170000e-01 0.00000000e+00 0.00000000e+00
1000 730000 3503000 2.32900000e-01 2.32900000e-01 0.00000000e+00 0.00000000e+00
1000 731000 3503000 1.83350000e-01 1.83350000e-01 0.00000000e+00 0.00000000e+00
1000 732000 3503000 1.59380000e-01 1.59380000e-01 0.00000000e+00 0.00000000e+00
1000 733000 3503000 1.30230000e-01 1.30230000e-01 0.00000000e+00 0.00000000e+00
1000 734000 3503000 1.07000000e-01 1.07000000e-01 0.00000000e+00 0.00000000e+00
1000 735000 3503000 8.90450000e-02 8.90450000e-02 0.00000000e+00 0.00000000e+00
1000 736000 3503000 7.53220000e-02 7.53220000e-02 0.00000000e+00 0.00000000e+00
1000 737000 3503000 6.49150000e-02 6.49150000e-02 0.00000000e+00 0.00000000e+00
1000 738000 3503000 5.70440000e-02 5.70440000e-02 0.00000000e+00 0.00000000e+00
1000 739000 3503000 5.10690000e-02 5.10690000e-02 0.00000000e+00 0.00000000e+00
1000 740000 3503000 4.64790000e-02 4.64790000e-02 0.00000000e+00 0.00000000e+00
1000 741000 3503000 4.28760000e-02 4.28760000e-02 0.00000000e+00 0.00000000e+00
1000 742000 3503000 3.99610000e-02 3.99610000e-02 0.00000000e+00 0.00000000e+00
1000 743000 3503000 3.75150000e-02 3.75150000e-02 0.00000000e+00 0.00000000e+00
1000 744000 3503000 3.53840000e-02 3.53840000e-02 0.00000000e+00 0.00000000e+00
1000 745000 3503000 3.34610000e-02 3.34610000e-02 0.00000000e+00 0.00000000e+00
1000 746000 3503000 3.16790000e-02 3.16790000e-02 0.00000000e+00 0.00000000e+00
1000 747000 3503000 2.99930000e-02 2.99930000e-02 0.00000000e+00 0.00000000e+00
1000 748000 3503000 2.83770000e-02 2.83770000e-02 0.00000000e+00 0.00000000e+00
1000 749000 3503000 2.68190000e-02 2.68190000e-02 0.00000000e+00 0.00000000e+00
1000 750000 3503000 2.53110000e-02 2.53110000e-02 0.00000000e+00 0.00000000e+00
1000 650000 3502000 2.14290000e-06 2.14290000e-06 0.00000000e+00 0.00000000e+00
1000 651000 3502000 2.45570000e-06 2.45570000e-06 0.00000000e+00 0.00000000e+00
1000 652000 3502000 2.81790000e-06 2.81790000e-06 0.00000000e+00 0.00000000e+00
1000 653000 3502000 3.24520000e-06 3.24520000e-06 0.00000000e+00 0.00000000e+00
1000 654000 3502000 3.75200000e-06 3.75200000e-06 0.00000000e+00 0.00000000e+00
1000 655000 3502000 4.35840000e-06 4.35840000e-06 0.00000000e+00 0.00000000e+00
1000 656000 3502000 5.09290000e-06 5.09290000e-06 0.00000000e+00 0.00000000e+00
1000 657000 3502000 5.98840000e-06 5.98840000e-06 0.00000000e+00 0.00000000e+00
1000 658000 3502000 7.08700000e-06 7.08700000e-06 0.00000000e+00 0.00000000e+00
1000 659000 3502000 8.44770000e-06 8.44770000e-06 0.00000000e+00 0.00000000e+00
1000 660000 3502000 1.01440000e-05 1.01440000e-05 0.00000000e+00 0.00000000e+00
1000 661000 3502000 1.22750000e-05 1.22750000e-05 0.00000000e+00 0.00000000e+00
1000 662000 3502000 1.49760000e-05 1.49760000e-05 0.00000000e+00 0.00000000e+00
1000 663000 3502000 1.83980000e-05 1.83980000e-05 0.00000000e+00 0.00000000e+00
1000 664000 3502000 2.26840000e-05 2.26840000e-05 0.00000000e+00 0.00000000e+00
1000 665000 3502000 2.79310000e-05 2.79310000e-05 0.00000000e+00 0.00000000e+00
1000 666000 3502000 3.45860000e-05 3.45860000e-05 0.00000000e+00 0.00000000e+00
1000 667000 3502000 4.30380000e-05 4.30380000e-05 0.00000000e+00 0.00000000e+00
1000 668000 3502000 5.37780000e-05 5.37780000e-05 0.00000000e+00 0.00000000e+00
1000 669000 3502000 6.74100000e-05 6.74100000e-05 0.00000000e+00 0.00000000e+00
1000 670000 3502000 8.46810000e-05 8.46810000e-05 0.00000000e+00 0.00000000e+00
1000 671000 3502000 1.06500000e-04 1.06500000e-04 0.00000000e+00 0.00000000e+00
1000 672000 3502000 7.72180000e-05 7.72180000e-05 0.00000000e+00 0.00000000e+00
1000 673000 3502000 5.70860000e-05 5.70860000e-05 0.00000000e+00 0.00000000e+00
1000 674000 3502000 4.16990000e-05 4.16990000e-05 0.00000000e+00 0.00000000e+00
1000 675000 3502000 5.52530000e-05 5.52530000e-05 0.00000000e+00 0.00000000e+00
1000 676000 3502000 6.55120000e-05 6.55120000e-05 0.00000000e+00 0.00000000e+00
1000 677000 3502000 9.11200000e-05 9.11200000e-05 0.00000000e+00 0.00000000e+00
1000 678000 3502000 1.39720000e-04 1.39720000e-04 0.00000000e+00 0.00000000e+00
1000 679000 3502000 1.84770000e-04 1.84770000e-04 0.00000000e+00 0.00000000e+00
1000 680000 3502000 2.72970000e-04 2.72970000e-04 0.00000000e+00 0.00000000e+00
1000 681000 3502000 3.21580000e-04 3.21580000e-04 0.00000000e+00 0.00000000e+00
1000 682000 3502000 4.37000000e-04 4.37000000e-04 0.00000000e+00 0.00000000e+00
1000 683000 3502000 5.46880000e-04 5.46880000e-04 0.00000000e+00 0.00000000e+00
1000 684000 3502000 6.94430000e-04 6.94430000e-04 0.00000000e+00 0.00000000e+00
1000 685000 3502000 9.37890000e-04 9.37890000e-04 0.00000000e+00 0.00000000e+00
1000 686000 3502000 1.15280000e-03 1.15280000e-03 0.00000000e+00 0.00000000e+00
1000 687000 3502000 1.34150000e-03 1.34150000e-03 0.00000000e+00 0.00000000e+00
1000 688000 3502000 2.08200000e-03 2.08200000e-03 0.00000000e+00 0.00000000e+00
1000 689000 3502000 2.14780000e-03 2.14780000e-03 0.00000000e+00 0.00000000e+00
1000 690000 3502000 3.17200000e-03 3.17200000e-03 0.00000000e+00 0.00000000e+00
1000 691000 3502000 4.77300000e-03 4.77300000e-03 0.00000000e+00 0.00000000e+00
1000 692000 3502000 7.08940000e-03 7.08940000e-03 0.00000000e+00 0.00000000e+00
1000 693000 3502000 1.08960000e-02 1.08960000e-02 0.00000000e+00 0.00000000e+00
1000 694000 3502000 1.83840000e-02 1.83840000e-02 0.00000000e+00 0.00000000e+00
1000 695000 3502000 2.88300000e-02 2.88300000e-02 0.00000000e+00 0.00000000e+00
1000 696000 3502000 4.27000000e-02 4.27000000e-02 0.00000000e+00 0.00000000e+00
1000 697000 3502000 6.05900000e-02 6.05900000e-02 0.00000000e+00 0.00000000e+00
1000 698000 3502000 7.92900000e-02 7.92900000e-02 0.00000000e+00 0.00000000e+00
1000 699000 3502000 1.10070000e-01 1.10070000e-01 0.00000000e+00 0.00000000e+00
1000 700000 3502000 1.52510000e-01 1.52510000e-01 0.00000000e+00 0.00000000e+00
1000 701000 3502000 1.93280000e-01 1.93280000e-01 0.00000000e+00 0.00000000e+00
1000 702000 3502000 2.55030000e-01 2.55030000e-01 0.00000000e+00 0.00000000e+00
1000 703000 3502000 2.83090000e-01 2.83090000e-01 0.00000000e+00 0.00000000e+00
1000 704000 3502000 3.27940000e-01 3.27940000e-01 0.00000000e+00 0.00000000e+00
1000 705000 3502000 4.03760000e-01 4.03760000e-01 0.00000000e+00 0.00000000e+00
1000 706000 3502000 4.86510000e-01 4.86510000e-01 0.00000000e+00 0.00000000e+00
1000 707000 3502000 6.01490000e-01 6.01490000e-01 0.00000000e+00 0.00000000e+00
1000 708000 3502000 7.40910000e-01 7.40910000e-01 0.00000000e+00 0.00000000e+00
1000 709000 3502000 8.70090000e-01 8.70090000e-01 0.00000000e+00 0.00000000e+00
1000 710000 3502000 9.96650000e-01 9.96650000e-01 0.00000000e+00 0.00000000e+00
1000 711000 3502000 1.21430000e+00 1.21430000e+00 0.00000000e+00 0.00000000e+00
1000 712000 3502000 1.40580000e+00 1.40580000e+00 0.00000000e+00 0.00000000e+00
1000 713000 3502000 1.52460000e+00 1.52460000e+00 0.00000000e+00 0.00000000e+00
1000 714000 3502000 1.59340000e+00 1.59340000e+00 0.00000000e+00 0.00000000e+00
1000 715000 3502000 1.64870000e+00 1.64870000e+00 0.00000000e+00 0.00000000e+00
1000 716000 3502000 1.65720000e+00 1.65720000e+00 0.00000000e+00 0.00000000e+00
1000 717000 3502000 1.64190000e+00 1.64190000e+00 0.00000000e+00 0.00000000e+00
1000 718000 3502000 1.58530000e+00 1.58530000e+00 0.00000000e+00 0.00000000e+00
1000 719000 3502000 1.49990000e+00 1.49990000e+00 0.00000000e+00 0.00000000e+00
1000 720000 3502000 1.39310000e+00 1.39310000e+00 0.00000000e+00 0.00000000e+00
1000 721000 3502000 1.27640000e+00 1.27640000e+00 0.00000000e+00 0.00000000e+00
1000 722000 3502000 1.14840000e+00 1.14840000e+00 0.00000000e+00 0.00000000e+00
1000 723000 3502000 1.02080000e+00 1.02080000e+00 0.00000000e+00 0.00000000e+00
1000 724000 3502000 8.95060000e-01 8.95060000e-01 0.00000000e+00 0.00000000e+00
1000 725000 3502000 7.76010000e-01 7.76010000e-01 0.00000000e+00 0.00000000e+00
1000 726000 3502000 6.64820000e-01 6.64820000e-01 0.00000000e+00 0.00000000e+00
1000 727000 3502000 5.64190000e-01 5.64190000e-01 0.00000000e+00 0.00000000e+00
1000 728000 3502000 4.73700000e-01 4.73700000e-01 0.00000000e+00 0.00000000e+00
1000 729000 3502000 3.93990000e-01 3.93990000e-01 0.00000000e+00 0.00000000e+00
1000 730000 3502000 3.25820000e-01 3.25820000e-01 0.00000000e+00 0.00000000e+00
1000 731000 3502000 2.68530000e-01 2.68530000e-01 0.00000000e+00 0.00000000e+00
1000 732000 3502000 2.19760000e-01 2.19760000e-01 0.00000000e+00 0.00000000e+00
1000 733000 3502000 1.79550000e-01 1.79550000e-01 0.00000000e+00 0.00000000e+00
1000 734000 3502000 1.47940000e-01 1.47940000e-01 0.00000000e+00 0.00000000e+00
1000 735000 3502000 1.22250000e-01 1.22250000e-01 0.00000000e+00 0.00000000e+00
1000 736000 3502000 1.02000000e-01 1.02000000e-01 0.00000000e+00 0.00000000e+00
1000 737000 3502000 8.62220000e-02 8.62220000e-02 0.00000000e+00 0.00000000e+00
1000 738000 3502000 7.40310000e-02 7.40310000e-02 0.00000000e+00 0.00000000e+00
1000 739000 3502000 6.46540000e-02 6.46540000e-02 0.00000000e+00 0.00000000e+00
1000 740000 3502000 5.74380000e-02 5.74380000e-02 0.00000000e+00 0.00000000e+00
1000 741000 3502000 5.18440000e-02 5.18440000e-02 0.00000000e+00 0.00000000e+00
1000 742000 3502000 4.74400000e-02 4.74400000e-02 0.00000000e+00 0.00000000e+00
1000 743000 3502000 4.38920000e-02 4.38920000e-02 0.00000000e+00 0.00000000e+00
1000 744000 3502000 4.09470000e-02 4.09470000e-02 0.00000000e+00 0.00000000e+00
1000 745000 3502000 3.84210000e-02 3.84210000e-02 0.00000000e+00 0.00000000e+00
1000 746000 3502000 3.61840000e-02 3.61840000e-02 0.00000000e+00 0.00000000e+00
1000 747000 3502000 3.41440000e-02 3.41440000e-02 0.00000000e+00 0.00000000e+00
1000 748000 3502000 3.22450000e-02 3.22450000e-02 0.00000000e+00 0.00000000e+00
1000 749000 3502000 3.04480000e-02 3.04480000e-02 0.00000000e+00 0.00000000e+00
1000 750000 3502000 2.87320000e-02 2.87320000e-02 0.00000000e+00 0.00000000e+00
1000 650000 3501000 2.21530000e-06 2.21530000e-06 0.00000000e+00 0.00000000e+00
1000 651000 3501000 2.53620000e-06 2.53620000e-06 0.00000000e+00 0.00000000e+00
1000 652000 3501000 2.90870000e-06 2.90870000e-06 0.00000000e+00 0.00000000e+00
1000 653000 3501000 3.34450000e-06 3.34450000e-06 0.00000000e+00 0.00000000e+00
1000 654000 3501000 3.86020000e-06 3.86020000e-06 0.00000000e+00 0.00000000e+00
1000 655000 3501000 4.47810000e-06 4.47810000e-06 0.00000000e+00 0.00000000e+00
1000 656000 3501000 5.22480000e-06 5.22480000e-06 0.00000000e+00 0.00000000e+00
1000 657000 3501000 6.13010000e-06 6.13010000e-06 0.00000000e+00 0.00000000e+00
1000 658000 3501000 7.24400000e-06 7.24400000e-06 0.00000000e+00 0.00000000e+00
1000 659000 3501000 8.62350000e-06 8.62350000e-06 0.00000000e+00 0.00000000e+00
1000 660000 3501000 1.03480000e-05 1.03480000e-05 0.00000000e+00 0.00000000e+00
1000 661000 3501000 1.25090000e-05 1.25090000e-05 0.00000000e+00 0.00000000e+00
1000 662000 3501000 1.52470000e-05 1.52470000e-05 0.00000000e+00 0.00000000e+00
1000 663000 3501000 1.87250000e-05 1.87250000e-05 0.00000000e+00 0.00000000e+00
1000 664000 3501000 2.31630000e-05 2.31630000e-05 0.00000000e+00 0.00000000e+00
1000 665000 3501000 2.85210000e-05 2.85210000e-05 0.00000000e+00 0.00000000e+00
1000 666000 3501000 3.52260000e-05 3.52260000e-05 0.00000000e+00 0.00000000e+00
1000 667000 3501000 4.37210000e-05 4.37210000e-05 0.00000000e+00 0.00000000e+00
1000 668000 3501000 5.44890000e-05 5.44890000e-05 0.00000000e+00 0.00000000e+00
1000 669000 3501000 6.81310000e-05 6.81310000e-05 0.00000000e+00 0.00000000e+00
1000 670000 3501000 8.53860000e-05 8.53860000e-05 0.00000000e+00 0.00000000e+00
1000 671000 3501000 7.16550000e-05 7.16550000e-05 0.00000000e+00 0.00000000e+00
1000 672000 3501000 2.95700000e-05 2.95700000e-05 0.00000000e+00 0.00000000e+00
1000 673000 3501000 4.49510000e-05 4.49510000e-05 0.00000000e+00 0.00000000e+00
1000 674000 3501000 4.33730000e-05 4.33730000e-05 0.00000000e+00 0.00000000e+00
1000 675000 3501000 6.24500000e-05 6.24500000e-05 0.00000000e+00 0.00000000e+00
1000 676000 3501000 8.56150000e-05 8.56150000e-05 0.00000000e+00 0.00000000e+00
1000 677000 3501000 1.24210000e-04 1.24210000e-04 0.00000000e+00 0.00000000e+00
1000 678000 3501000 1.55710000e-04 1.55710000e-04 0.00000000e+00 0.00000000e+00
1000 679000 3501000 2.47640000e-04 2.47640000e-04 0.00000000e+00 0.00000000e+00
1000 680000 3501000 2.91090000e-04 2.91090000e-04 0.00000000e+00 0.00000000e+00
1000 681000 3501000 3.61080000e-04 3.61080000e-04 0.00000000e+00 0.00000000e+00
1000 682000 3501000 4.51200000e-04 4.51200000e-04 0.00000000e+00 0.00000000e+00
1000 683000 3501000 5.59990000e-04 5.59990000e-04 0.00000000e+00 0.00000000e+00
1000 684000 3501000 8.00880000e-04 8.00880000e-04 0.00000000e+00 0.00000000e+00
1000 685000 3501000 9.42580000e-04 9.42580000e-04 0.00000000e+00 0.00000000e+00
1000 686000 3501000 1.10890000e-03 1.10890000e-03 0.00000000e+00 0.00000000e+00
1000 687000 3501000 1.33760000e-03 1.33760000e-03 0.00000000e+00 0.00000000e+00
1000 688000 3501000 1.62290000e-03 1.62290000e-03 0.00000000e+00 0.00000000e+00
1000 689000 3501000 2.06810000e-03 2.06810000e-03 0.00000000e+00 0.00000000e+00
1000 690000 3501000 3.22670000e-03 3.22670000e-03 0.00000000e+00 0.00000000e+00
1000 691000 3501000 4.08580000e-03 4.08580000e-03 0.00000000e+00 0.00000000e+00
1000 692000 3501000 5.48730000e-03 5.48730000e-03 0.00000000e+00 0.00000000e+00
1000 693000 3501000 7.28380000e-03 7.28380000e-03 0.00000000e+00 0.00000000e+00
1000 694000 3501000 1.14900000e-02 1.14900000e-02 0.00000000e+00 0.00000000e+00
1000 695000 3501000 1.86410000e-02 1.86410000e-02 0.00000000e+00 0.00000000e+00
1000 696000 3501000 2.79600000e-02 2.79600000e-02 0.00000000e+00 0.00000000e+00
1000 697000 3501000 4.18370000e-02 4.18370000e-02 0.00000000e+00 0.00000000e+00
1000 698000 3501000 5.75340000e-02 5.75340000e-02 0.00000000e+00 0.00000000e+00
1000 699000 3501000 8.00160000e-02 8.00160000e-02 0.00000000e+00 0.00000000e+00
1000 700000 3501000 1.09120000e-01 1.09120000e-01 0.00000000e+00 0.00000000e+00
1000 701000 3501000 1.42910000e-01 1.42910000e-01 0.00000000e+00 0.00000000e+00
1000 702000 3501000 1.80960000e-01 1.80960000e-01 0.00000000e+00 0.00000000e+00
1000 703000 3501000 2.14810000e-01 2.14810000e-01 0.00000000e+00 0.00000000e+00
1000 704000 3501000 2.44170000e-01 2.44170000e-01 0.00000000e+00 0.00000000e+00
1000 705000 3501000 2.95810000e-01 2.95810000e-01 0.00000000e+00 0.00000000e+00
1000 706000 3501000 3.63750000e-01 3.63750000e-01 0.00000000e+00 0.00000000e+00
1000 707000 3501000 4.46170000e-01 4.46170000e-01 0.00000000e+00 0.00000000e+00
1000 708000 3501000 5.96350000e-01 5.96350000e-01 0.00000000e+00 0.00000000e+00
1000 709000 3501000 6.99910000e-01 6.99910000e-01 0.00000000e+00 0.00000000e+00
1000 710000 3501000 7.47710000e-01 7.47710000e-01 0.00000000e+00 0.00000000e+00
1000 711000 3501000 9.41690000e-01 9.41690000e-01 0.00000000e+00 0.00000000e+00
1000 712000 3501000 1.11510000e+00 1.11510000e+00 0.00000000e+00 0.00000000e+00
1000 713000 3501000 1.24310000e+00 1.24310000e+00 0.00000000e+00 0.00000000e+00
1000 714000 3501000 1.32880000e+00 1.32880000e+00 0.00000000e+00 0.00000000e+00
1000 715000 3501000 1.47050000e+00 1.47050000e+00 0.00000000e+00 0.00000000e+00
1000 716000 3501000 1.52980000e+00 1.52980000e+00 0.00000000e+00 0.00000000e+00
1000 717000 3501000 1.56480000e+00 1.56480000e+00 0.00000000e+00 0.00000000e+00
1000 718000 3501000 1.55090000e+00 1.55090000e+00 0.00000000e+00 0.00000000e+00
1000 719000 3501000 1.50690000e+00 1.50690000e+00 0.00000000e+00 0.00000000e+00
1000 720000 3501000 1.43270000e+00 1.43270000e+00 0.00000000e+00 0.00000000e+00
1000 721000 3501000 1.34580000e+00 1.34580000e+00 0.00000000e+00 0.00000000e+00
1000 722000 3501000 1.23910000e+00 1.23910000e+00 0.00000000e+00 0.00000000e+00
1000 723000 3501000 1.12690000e+00 1.12690000e+00 0.00000000e+00 0.00000000e+00
1000 724000 3501000 1.01370000e+00 1.01370000e+00 0.00000000e+00 0.00000000e+00
1000 725000 3501000 8.96250000e-01 8.96250000e-01 0.00000000e+00 0.00000000e+00
1000 726000 3501000 7.85330000e-01 7.85330000e-01 0.00000000e+00 0.00000000e+00
1000 727000 3501000 6.80750000e-01 6.80750000e-01 0.00000000e+00 0.00000000e+00
1000 728000 3501000 5.84190000e-01 5.84190000e-01 0.00000000e+00 0.00000000e+00
1000 729000 3501000 4.96740000e-01 4.96740000e-01 0.00000000e+00 0.00000000e+00
1000 730000 3501000 4.19100000e-01 4.19100000e-01 0.00000000e+00 0.00000000e+00
1000 731000 3501000 3.50790000e-01 3.50790000e-01 0.00000000e+00 0.00000000e+00
1000 732000 3501000 2.94510000e-01 2.94510000e-01 0.00000000e+00 0.00000000e+00
1000 733000 3501000 2.42220000e-01 2.42220000e-01 0.00000000e+00 0.00000000e+00
1000 734000 3501000 2.00510000e-01 2.00510000e-01 0.00000000e+00 0.00000000e+00
1000 735000 3501000 1.66120000e-01 1.66120000e-01 0.00000000e+00 0.00000000e+00
1000 736000 3501000 1.38150000e-01 1.38150000e-01 0.00000000e+00 0.00000000e+00
1000 737000 3501000 1.15690000e-01 1.15690000e-01 0.00000000e+00 0.00000000e+00
1000 738000 3501000 9.78620000e-02 9.78620000e-02 0.00000000e+00 0.00000000e+00
1000 739000 3501000 8.38390000e-02 8.38390000e-02 0.00000000e+00 0.00000000e+00
1000 740000 3501000 7.28770000e-02 7.28770000e-02 0.00000000e+00 0.00000000e+00
1000 741000 3501000 6.43220000e-02 6.43220000e-02 0.00000000e+00 0.00000000e+00
1000 742000 3501000 5.76220000e-02 5.76220000e-02 0.00000000e+00 0.00000000e+00
1000 743000 3501000 5.23220000e-02 5.23220000e-02 0.00000000e+00 0.00000000e+00
1000 744000 3501000 4.80570000e-02 4.80570000e-02 0.00000000e+00 0.00000000e+00
1000 745000 3501000 4.45430000e-02 4.45430000e-02 0.00000000e+00 0.00000000e+00
1000 746000 3501000 4.15670000e-02 4.15670000e-02 0.00000000e+00 0.00000000e+00
1000 747000 3501000 3.89720000e-02 3.89720000e-02 0.00000000e+00 0.00000000e+00
1000 748000 3501000 3.66450000e-02 3.66450000e-02 0.00000000e+00 0.00000000e+00
1000 749000 3501000 3.45120000e-02 3.45120000e-02 0.00000000e+00 0.00000000e+00
1000 750000 3501000 3.25200000e-02 3.25200000e-02 0.00000000e+00 0.00000000e+00
1000 650000 3500000 2.28450000e-06 2.28450000e-06 0.00000000e+00 0.00000000e+00
1000 651000 3500000 2.61280000e-06 2.61280000e-06 0.00000000e+00 0.00000000e+00
1000 652000 3500000 2.99180000e-06 2.99180000e-06 0.00000000e+00 0.00000000e+00
1000 653000 3500000 3.43430000e-06 3.43430000e-06 0.00000000e+00 0.00000000e+00
1000 654000 3500000 3.95680000e-06 3.95680000e-06 0.00000000e+00 0.00000000e+00
1000 655000 3500000 4.57910000e-06 4.57910000e-06 0.00000000e+00 0.00000000e+00
1000 656000 3500000 5.32930000e-06 5.32930000e-06 0.00000000e+00 0.00000000e+00
1000 657000 3500000 6.24170000e-06 6.24170000e-06 0.00000000e+00 0.00000000e+00
1000 658000 3500000 7.36130000e-06 7.36130000e-06 0.00000000e+00 0.00000000e+00
1000 659000 3500000 8.74740000e-06 8.74740000e-06 0.00000000e+00 0.00000000e+00
1000 660000 3500000 1.04800000e-05 1.04800000e-05 0.00000000e+00 0.00000000e+00
1000 661000 3500000 1.26640000e-05 1.26640000e-05 0.00000000e+00 0.00000000e+00
1000 662000 3500000 1.54260000e-05 1.54260000e-05 0.00000000e+00 0.00000000e+00
1000 663000 3500000 1.89450000e-05 1.89450000e-05 0.00000000e+00 0.00000000e+00
1000 664000 3500000 2.34390000e-05 2.34390000e-05 0.00000000e+00 0.00000000e+00
1000 665000 3500000 2.90250000e-05 2.90250000e-05 0.00000000e+00 0.00000000e+00
1000 666000 3500000 3.57500000e-05 3.57500000e-05 0.00000000e+00 0.00000000e+00
1000 667000 3500000 4.42490000e-05 4.42490000e-05 0.00000000e+00 0.00000000e+00
1000 668000 3500000 5.49980000e-05 5.49980000e-05 0.00000000e+00 0.00000000e+00
1000 669000 3500000 6.85860000e-05 6.85860000e-05 0.00000000e+00 0.00000000e+00
1000 670000 3500000 8.57420000e-05 8.57420000e-05 0.00000000e+00 0.00000000e+00
1000 671000 3500000 4.61400000e-05 4.61400000e-05 0.00000000e+00 0.00000000e+00
1000 672000 3500000 2.11930000e-05 2.11930000e-05 0.00000000e+00 0.00000000e+00
1000 673000 3500000 2.90430000e-05 2.90430000e-05 0.00000000e+00 0.00000000e+00
1000 674000 3500000 4.99820000e-05 4.99820000e-05 0.00000000e+00 0.00000000e+00
1000 675000 3500000 6.81030000e-05 6.81030000e-05 0.00000000e+00 0.00000000e+00
1000 676000 3500000 8.31140000e-05 8.31140000e-05 0.00000000e+00 0.00000000e+00
1000 677000 3500000 1.39280000e-04 1.39280000e-04 0.00000000e+00 0.00000000e+00
1000 678000 3500000 1.66810000e-04 1.66810000e-04 0.00000000e+00 0.00000000e+00
1000 679000 3500000 2.11450000e-04 2.11450000e-04 0.00000000e+00 0.00000000e+00
1000 680000 3500000 2.68690000e-04 2.68690000e-04 0.00000000e+00 0.00000000e+00
1000 681000 3500000 3.97090000e-04 3.97090000e-04 0.00000000e+00 0.00000000e+00
1000 682000 3500000 4.80970000e-04 4.80970000e-04 0.00000000e+00 0.00000000e+00
1000 683000 3500000 6.27150000e-04 6.27150000e-04 0.00000000e+00 0.00000000e+00
1000 684000 3500000 7.61840000e-04 7.61840000e-04 0.00000000e+00 0.00000000e+00
1000 685000 3500000 9.48810000e-04 9.48810000e-04 0.00000000e+00 0.00000000e+00
1000 686000 3500000 1.41260000e-03 1.41260000e-03 0.00000000e+00 0.00000000e+00
1000 687000 3500000 1.36410000e-03 1.36410000e-03 0.00000000e+00 0.00000000e+00
1000 688000 3500000 1.65730000e-03 1.65730000e-03 0.00000000e+00 0.00000000e+00
1000 689000 3500000 2.08010000e-03 2.08010000e-03 0.00000000e+00 0.00000000e+00
1000 690000 3500000 3.16410000e-03 3.16410000e-03 0.00000000e+00 0.00000000e+00
1000 691000 3500000 3.66290000e-03 3.66290000e-03 0.00000000e+00 0.00000000e+00
1000 692000 3500000 4.38070000e-03 4.38070000e-03 0.00000000e+00 0.00000000e+00
1000 693000 3500000 6.15120000e-03 6.15120000e-03 0.00000000e+00 0.00000000e+00
1000 694000 3500000 7.96110000e-03 7.96110000e-03 0.00000000e+00 0.00000000e+00
1000 695000 3500000 1.20560000e-02 1.20560000e-02 0.00000000e+00 0.00000000e+00
1000 696000 3500000 1.82550000e-02 1.82550000e-02 0.00000000e+00 0.00000000e+00
1000 697000 3500000 2.81100000e-02 2.81100000e-02 0.00000000e+00 0.00000000e+00
1000 698000 3500000 3.91870000e-02 3.91870000e-02 0.00000000e+00 0.00000000e+00
1000 699000 3500000 5.54300000e-02 5.54300000e-02 0.00000000e+00 0.00000000e+00
1000 700000 3500000 7.63950000e-02 7.63950000e-02 0.00000000e+00 0.00000000e+00
1000 701000 3500000 9.90450000e-02 9.90450000e-02 0.00000000e+00 0.00000000e+00
1000 702000 3500000 1.31810000e-01 1.31810000e-01 0.00000000e+00 0.00000000e+00
1000 703000 3500000 1.51870000e-01 1.51870000e-01 0.00000000e+00 0.00000000e+00
1000 704000 3500000 1.75830000e-01 1.75830000e-01 0.00000000e+00 0.00000000e+00
1000 705000 3500000 2.24750000e-01 2.24750000e-01 0.00000000e+00 0.00000000e+00
1000 706000 3500000 2.96220000e-01 2.96220000e-01 0.00000000e+00 0.00000000e+00
1000 707000 3500000 3.60640000e-01 3.60640000e-01 0.00000000e+00 0.00000000e+00
1000 708000 3500000 4.47980000e-01 4.47980000e-01 0.00000000e+00 0.00000000e+00
1000 709000 3500000 5.03270000e-01 5.03270000e-01 0.00000000e+00 0.00000000e+00
1000 710000 3500000 5.91230000e-01 5.91230000e-01 0.00000000e+00 0.00000000e+00
1000 711000 3500000 7.56410000e-01 7.56410000e-01 0.00000000e+00 0.00000000e+00
1000 712000 3500000 9.05570000e-01 9.05570000e-01 0.00000000e+00 0.00000000e+00
1000 713000 3500000 1.02010000e+00 1.02010000e+00 0.00000000e+00 0.00000000e+00
1000 714000 3500000 1.05950000e+00 1.05950000e+00 0.00000000e+00 0.00000000e+00
1000 715000 3500000 1.24870000e+00 1.24870000e+00 0.00000000e+00 0.00000000e+00
1000 716000 3500000 1.36490000e+00 1.36490000e+00 0.00000000e+00 0.00000000e+00
1000 717000 3500000 1.43940000e+00 1.43940000e+00 0.00000000e+00 0.00000000e+00
1000 718000 3500000 1.46150000e+00 1.46150000e+00 0.00000000e+00 0.00000000e+00
1000 719000 3500000 1.45550000e+00 1.45550000e+00 0.00000000e+00 0.00000000e+00
1000 720000 3500000 1.42640000e+00 1.42640000e+00 0.00000000e+00 0.00000000e+00
1000 721000 3500000 1.36690000e+00 1.36690000e+00 0.00000000e+00 0.00000000e+00
1000 722000 3500000 1.29190000e+00 1.29190000e+00 0.00000000e+00 0.00000000e+00
1000 723000 3500000 1.20320000e+00 1.20320000e+00 0.00000000e+00 0.00000000e+00
1000 724000 3500000 1.10160000e+00 1.10160000e+00 0.00000000e+00 0.00000000e+00
1000 725000 3500000 9.96030000e-01 9.96030000e-01 0.00000000e+00 0.00000000e+00
1000 726000 3500000 8.91440000e-01 8.91440000e-01 0.00000000e+00 0.00000000e+00
1000 727000 3500000 7.89080000e-01 7.89080000e-01 0.00000000e+00 0.00000000e+00
1000 728000 3500000 6.91730000e-01 6.91730000e-01 0.00000000e+00 0.00000000e+00
1000 729000 3500000 6.01260000e-01 6.01260000e-01 0.00000000e+00 0.00000000e+00
1000 730000 3500000 5.16520000e-01 5.16520000e-01 0.00000000e+00 0.00000000e+00
1000 731000 3500000 4.40780000e-01 4.40780000e-01 0.00000000e+00 0.00000000e+00
1000 732000 3500000 3.73600000e-01 3.73600000e-01 0.00000000e+00 0.00000000e+00
1000 733000 3500000 3.14710000e-01 3.14710000e-01 0.00000000e+00 0.00000000e+00
1000 734000 3500000 2.63920000e-01 2.63920000e-01 0.00000000e+00 0.00000000e+00
1000 735000 3500000 2.20700000e-01 2.20700000e-01 0.00000000e+00 0.00000000e+00
1000 736000 3500000 1.84450000e-01 1.84450000e-01 0.00000000e+00 0.00000000e+00
1000 737000 3500000 1.54450000e-01 1.54450000e-01 0.00000000e+00 0.00000000e+00
1000 738000 3500000 1.29930000e-01 1.29930000e-01 0.00000000e+00 0.00000000e+00
1000 739000 3500000 1.10110000e-01 1.10110000e-01 0.00000000e+00 0.00000000e+00
1000 740000 3500000 9.42610000e-02 9.42610000e-02 0.00000000e+00 0.00000000e+00
1000 741000 3500000 8.16680000e-02 8.16680000e-02 0.00000000e+00 0.00000000e+00
1000 742000 3500000 7.17040000e-02 7.17040000e-02 0.00000000e+00 0.00000000e+00
1000 743000 3500000 6.38150000e-02 6.38150000e-02 0.00000000e+00 0.00000000e+00
1000 744000 3500000 5.75320000e-02 5.75320000e-02 0.00000000e+00 0.00000000e+00
1000 745000 3500000 5.24690000e-02 5.24690000e-02 0.00000000e+00 0.00000000e+00
1000 746000 3500000 4.83160000e-02 4.83160000e-02 0.00000000e+00 0.00000000e+00
1000 747000 3500000 4.48310000e-02 4.48310000e-02 0.00000000e+00 0.00000000e+00
1000 748000 3500000 4.18320000e-02 4.18320000e-02 0.00000000e+00 0.00000000e+00
1000 749000 3500000 3.91850000e-02 3.91850000e-02 0.00000000e+00 0.00000000e+00
1000 750000 3500000 3.67930000e-02 3.67930000e-02 0.00000000e+00 0.00000000e+00
1000 650000 3499000 2.34920000e-06 2.34920000e-06 0.00000000e+00 0.00000000e+00
1000 651000 3499000 2.68370000e-06 2.68370000e-06 0.00000000e+00 0.00000000e+00
1000 652000 3499000 3.06790000e-06 3.06790000e-06 0.00000000e+00 0.00000000e+00
1000 653000 3499000 3.51390000e-06 3.51390000e-06 0.00000000e+00 0.00000000e+00
1000 654000 3499000 4.03720000e-06 4.03720000e-06 0.00000000e+00 0.00000000e+00
1000 655000 3499000 4.66070000e-06 4.66070000e-06 0.00000000e+00 0.00000000e+00
1000 656000 3499000 5.40780000e-06 5.40780000e-06 0.00000000e+00 0.00000000e+00
1000 657000 3499000 6.31340000e-06 6.31340000e-06 0.00000000e+00 0.00000000e+00
1000 658000 3499000 7.42430000e-06 7.42430000e-06 0.00000000e+00 0.00000000e+00
1000 659000 3499000 8.80280000e-06 8.80280000e-06 0.00000000e+00 0.00000000e+00
1000 660000 3499000 1.05340000e-05 1.05340000e-05 0.00000000e+00 0.00000000e+00
1000 661000 3499000 1.27210000e-05 1.27210000e-05 0.00000000e+00 0.00000000e+00
1000 662000 3499000 1.54980000e-05 1.54980000e-05 0.00000000e+00 0.00000000e+00
1000 663000 3499000 1.90520000e-05 1.90520000e-05 0.00000000e+00 0.00000000e+00
1000 664000 3499000 2.35900000e-05 2.35900000e-05 0.00000000e+00 0.00000000e+00
1000 665000 3499000 2.93700000e-05 2.93700000e-05 0.00000000e+00 0.00000000e+00
1000 666000 3499000 3.61620000e-05 3.61620000e-05 0.00000000e+00 0.00000000e+00
1000 667000 3499000 4.46310000e-05 4.46310000e-05 0.00000000e+00 0.00000000e+00
1000 668000 3499000 5.53140000e-05 5.53140000e-05 0.00000000e+00 0.00000000e+00
1000 669000 3499000 6.87890000e-05 6.87890000e-05 0.00000000e+00 0.00000000e+00
1000 670000 3499000 8.57690000e-05 8.57690000e-05 0.00000000e+00 0.00000000e+00
1000 671000 3499000 4.04870000e-05 4.04870000e-05 0.00000000e+00 0.00000000e+00
1000 672000 3499000 3.05670000e-05 3.05670000e-05 0.00000000e+00 0.00000000e+00
1000 673000 3499000 2.68590000e-05 2.68590000e-05 0.00000000e+00 0.00000000e+00
1000 674000 3499000 4.56820000e-05 4.56820000e-05 0.00000000e+00 0.00000000e+00
1000 675000 3499000 7.02480000e-05 7.02480000e-05 0.00000000e+00 0.00000000e+00
1000 676000 3499000 8.61290000e-05 8.61290000e-05 0.00000000e+00 0.00000000e+00
1000 677000 3499000 1.21130000e-04 1.21130000e-04 0.00000000e+00 0.00000000e+00
1000 678000 3499000 2.07720000e-04 2.07720000e-04 0.00000000e+00 0.00000000e+00
1000 679000 3499000 2.14990000e-04 2.14990000e-04 0.00000000e+00 0.00000000e+00
1000 680000 3499000 2.82310000e-04 2.82310000e-04 0.00000000e+00 0.00000000e+00
1000 681000 3499000 3.40530000e-04 3.40530000e-04 0.00000000e+00 0.00000000e+00
1000 682000 3499000 4.69210000e-04 4.69210000e-04 0.00000000e+00 0.00000000e+00
1000 683000 3499000 6.89280000e-04 6.89280000e-04 0.00000000e+00 0.00000000e+00
1000 684000 3499000 7.35460000e-04 7.35460000e-04 0.00000000e+00 0.00000000e+00
1000 685000 3499000 9.89590000e-04 9.89590000e-04 0.00000000e+00 0.00000000e+00
1000 686000 3499000 1.16880000e-03 1.16880000e-03 0.00000000e+00 0.00000000e+00
1000 687000 3499000 1.39600000e-03 1.39600000e-03 0.00000000e+00 0.00000000e+00
1000 688000 3499000 1.64970000e-03 1.64970000e-03 0.00000000e+00 0.00000000e+00
1000 689000 3499000 2.17910000e-03 2.17910000e-03 0.00000000e+00 0.00000000e+00
1000 690000 3499000 2.50970000e-03 2.50970000e-03 0.00000000e+00 0.00000000e+00
1000 691000 3499000 3.62200000e-03 3.62200000e-03 0.00000000e+00 0.00000000e+00
1000 692000 3499000 4.22590000e-03 4.22590000e-03 0.00000000e+00 0.00000000e+00
1000 693000 3499000 4.88410000e-03 4.88410000e-03 0.00000000e+00 0.00000000e+00
1000 694000 3499000 6.45980000e-03 6.45980000e-03 0.00000000e+00 0.00000000e+00
1000 695000 3499000 8.57750000e-03 8.57750000e-03 0.00000000e+00 0.00000000e+00
1000 696000 3499000 1.30130000e-02 1.30130000e-02 0.00000000e+00 0.00000000e+00
1000 697000 3499000 1.81020000e-02 1.81020000e-02 0.00000000e+00 0.00000000e+00
1000 698000 3499000 2.65300000e-02 2.65300000e-02 0.00000000e+00 0.00000000e+00
1000 699000 3499000 3.70690000e-02 3.70690000e-02 0.00000000e+00 0.00000000e+00
1000 700000 3499000 5.12910000e-02 5.12910000e-02 0.00000000e+00 0.00000000e+00
1000 701000 3499000 7.05050000e-02 7.05050000e-02 0.00000000e+00 0.00000000e+00
1000 702000 3499000 9.09070000e-02 9.09070000e-02 0.00000000e+00 0.00000000e+00
1000 703000 3499000 1.18140000e-01 1.18140000e-01 0.00000000e+00 0.00000000e+00
1000 704000 3499000 1.36680000e-01 1.36680000e-01 0.00000000e+00 0.00000000e+00
1000 705000 3499000 1.80170000e-01 1.80170000e-01 0.00000000e+00 0.00000000e+00
1000 706000 3499000 2.11560000e-01 2.11560000e-01 0.00000000e+00 0.00000000e+00
1000 707000 3499000 2.72300000e-01 2.72300000e-01 0.00000000e+00 0.00000000e+00
1000 708000 3499000 3.40650000e-01 3.40650000e-01 0.00000000e+00 0.00000000e+00
1000 709000 3499000 3.97850000e-01 3.97850000e-01 0.00000000e+00 0.00000000e+00
1000 710000 3499000 4.39430000e-01 4.39430000e-01 0.00000000e+00 0.00000000e+00
1000 711000 3499000 5.99110000e-01 5.99110000e-01 0.00000000e+00 0.00000000e+00
1000 712000 3499000 6.78960000e-01 6.78960000e-01 0.00000000e+00 0.00000000e+00
1000 713000 3499000 8.06660000e-01 8.06660000e-01 0.00000000e+00 0.00000000e+00
1000 714000 3499000 8.76840000e-01 8.76840000e-01 0.00000000e+00 0.00000000e+00
1000 715000 3499000 1.02280000e+00 1.02280000e+00 0.00000000e+00 0.00000000e+00
1000 716000 3499000 1.18160000e+00 1.18160000e+00 0.00000000e+00 0.00000000e+00
1000 717000 3499000 1.28170000e+00 1.28170000e+00 0.00000000e+00 0.00000000e+00
1000 718000 3499000 1.32500000e+00 1.32500000e+00 0.00000000e+00 0.00000000e+00
1000 719000 3499000 1.36040000e+00 1.36040000e+00 0.00000000e+00 0.00000000e+00
1000 720000 3499000 1.36410000e+00 1.36410000e+00 0.00000000e+00 0.00000000e+00
1000 721000 3499000 1.34810000e+00 1.34810000e+00 0.00000000e+00 0.00000000e+00
1000 722000 3499000 1.30130000e+00 1.30130000e+00 0.00000000e+00 0.00000000e+00
1000 723000 3499000 1.24950000e+00 1.24950000e+00 0.00000000e+00 0.00000000e+00
1000 724000 3499000 1.15990000e+00 1.15990000e+00 0.00000000e+00 0.00000000e+00
1000 725000 3499000 1.06910000e+00 1.06910000e+00 0.00000000e+00 0.00000000e+00
1000 726000 3499000 9.74210000e-01 9.74210000e-01 0.00000000e+00 0.00000000e+00
1000 727000 3499000 8.82350000e-01 8.82350000e-01 0.00000000e+00 0.00000000e+00
1000 728000 3499000 7.89110000e-01 7.89110000e-01 0.00000000e+00 0.00000000e+00
1000 729000 3499000 6.97160000e-01 6.97160000e-01 0.00000000e+00 0.00000000e+00
1000 730000 3499000 6.11610000e-01 6.11610000e-01 0.00000000e+00 0.00000000e+00
1000 731000 3499000 5.32260000e-01 5.32260000e-01 0.00000000e+00 0.00000000e+00
1000 732000 3499000 4.59570000e-01 4.59570000e-01 0.00000000e+00 0.00000000e+00
1000 733000 3499000 3.93980000e-01 3.93980000e-01 0.00000000e+00 0.00000000e+00
1000 734000 3499000 3.35650000e-01 3.35650000e-01 0.00000000e+00 0.00000000e+00
1000 735000 3499000 2.84520000e-01 2.84520000e-01 0.00000000e+00 0.00000000e+00
1000 736000 3499000 2.40310000e-01 2.40310000e-01 0.00000000e+00 0.00000000e+00
1000 737000 3499000 2.02600000e-01 2.02600000e-01 0.00000000e+00 0.00000000e+00
1000 738000 3499000 1.70870000e-01 1.70870000e-01 0.00000000e+00 0.00000000e+00
1000 739000 3499000 1.44490000e-01 1.44490000e-01 0.00000000e+00 0.00000000e+00
1000 740000 3499000 1.22820000e-01 1.22820000e-01 0.00000000e+00 0.00000000e+00
1000 741000 3499000 1.05190000e-01 1.05190000e-01 0.00000000e+00 0.00000000e+00
1000 742000 3499000 9.09630000e-02 9.09630000e-02 0.00000000e+00 0.00000000e+00
1000 743000 3499000 7.95500000e-02 7.95500000e-02 0.00000000e+00 0.00000000e+00
1000 744000 3499000 7.04110000e-02 7.04110000e-02 0.00000000e+00 0.00000000e+00
1000 745000 3499000 6.30740000e-02 6.30740000e-02 0.00000000e+00 0.00000000e+00
1000 746000 3499000 5.71410000e-02 5.71410000e-02 0.00000000e+00 0.00000000e+00
1000 747000 3499000 5.22800000e-02 5.22800000e-02 0.00000000e+00 0.00000000e+00
1000 748000 3499000 4.82280000e-02 4.82280000e-02 0.00000000e+00 0.00000000e+00
1000 749000 3499000 4.47770000e-02 4.47770000e-02 0.00000000e+00 0.00000000e+00
1000 750000 3499000 4.17700000e-02 4.17700000e-02 0.00000000e+00 0.00000000e+00
1000 650000 3498000 2.41100000e-06 2.41100000e-06 0.00000000e+00 0.00000000e+00
1000 651000 3498000 2.75120000e-06 2.75120000e-06 0.00000000e+00 0.00000000e+00
1000 652000 3498000 3.13660000e-06 3.13660000e-06 0.00000000e+00 0.00000000e+00
1000 653000 3498000 3.58260000e-06 3.58260000e-06 0.00000000e+00 0.00000000e+00
1000 654000 3498000 4.10250000e-06 4.10250000e-06 0.00000000e+00 0.00000000e+00
1000 655000 3498000 4.71760000e-06 4.71760000e-06 0.00000000e+00 0.00000000e+00
1000 656000 3498000 5.45440000e-06 5.45440000e-06 0.00000000e+00 0.00000000e+00
1000 657000 3498000 6.34150000e-06 6.34150000e-06 0.00000000e+00 0.00000000e+00
1000 658000 3498000 7.43230000e-06 7.43230000e-06 0.00000000e+00 0.00000000e+00
1000 659000 3498000 8.78530000e-06 8.78530000e-06 0.00000000e+00 0.00000000e+00
1000 660000 3498000 1.04920000e-05 1.04920000e-05 0.00000000e+00 0.00000000e+00
1000 661000 3498000 1.26640000e-05 1.26640000e-05 0.00000000e+00 0.00000000e+00
1000 662000 3498000 1.54460000e-05 1.54460000e-05 0.00000000e+00 0.00000000e+00
1000 663000 3498000 1.90220000e-05 1.90220000e-05 0.00000000e+00 0.00000000e+00
1000 664000 3498000 2.36160000e-05 2.36160000e-05 0.00000000e+00 0.00000000e+00
1000 665000 3498000 2.94660000e-05 2.94660000e-05 0.00000000e+00 0.00000000e+00
1000 666000 3498000 3.64650000e-05 3.64650000e-05 0.00000000e+00 0.00000000e+00
1000 667000 3498000 4.48720000e-05 4.48720000e-05 0.00000000e+00 0.00000000e+00
1000 668000 3498000 5.54480000e-05 5.54480000e-05 0.00000000e+00 0.00000000e+00
1000 669000 3498000 6.87570000e-05 6.87570000e-05 0.00000000e+00 0.00000000e+00
1000 670000 3498000 5.79340000e-05 5.79340000e-05 0.00000000e+00 0.00000000e+00
1000 671000 3498000 5.47800000e-05 5.47800000e-05 0.00000000e+00 0.00000000e+00
1000 672000 3498000 3.29710000e-05 3.29710000e-05 0.00000000e+00 0.00000000e+00
1000 673000 3498000 2.16090000e-05 2.16090000e-05 0.00000000e+00 0.00000000e+00
1000 674000 3498000 3.23230000e-05 3.23230000e-05 0.00000000e+00 0.00000000e+00
1000 675000 3498000 7.17610000e-05 7.17610000e-05 0.00000000e+00 0.00000000e+00
1000 676000 3498000 8.84260000e-05 8.84260000e-05 0.00000000e+00 0.00000000e+00
1000 677000 3498000 1.13970000e-04 1.13970000e-04 0.00000000e+00 0.00000000e+00
1000 678000 3498000 1.67990000e-04 1.67990000e-04 0.00000000e+00 0.00000000e+00
1000 679000 3498000 2.18700000e-04 2.18700000e-04 0.00000000e+00 0.00000000e+00
1000 680000 3498000 2.97560000e-04 2.97560000e-04 0.00000000e+00 0.00000000e+00
1000 681000 3498000 3.67810000e-04 3.67810000e-04 0.00000000e+00 0.00000000e+00
1000 682000 3498000 4.91830000e-04 4.91830000e-04 0.00000000e+00 0.00000000e+00
1000 683000 3498000 6.78940000e-04 6.78940000e-04 0.00000000e+00 0.00000000e+00
1000 684000 3498000 7.63760000e-04 7.63760000e-04 0.00000000e+00 0.00000000e+00
1000 685000 3498000 9.78920000e-04 9.78920000e-04 0.00000000e+00 0.00000000e+00
1000 686000 3498000 1.19610000e-03 1.19610000e-03 0.00000000e+00 0.00000000e+00
1000 687000 3498000 1.38320000e-03 1.38320000e-03 0.00000000e+00 0.00000000e+00
1000 688000 3498000 2.21660000e-03 2.21660000e-03 0.00000000e+00 0.00000000e+00
1000 689000 3498000 2.58630000e-03 2.58630000e-03 0.00000000e+00 0.00000000e+00
1000 690000 3498000 2.56750000e-03 2.56750000e-03 0.00000000e+00 0.00000000e+00
1000 691000 3498000 2.71570000e-03 2.71570000e-03 0.00000000e+00 0.00000000e+00
1000 692000 3498000 3.54350000e-03 3.54350000e-03 0.00000000e+00 0.00000000e+00
1000 693000 3498000 4.54540000e-03 4.54540000e-03 0.00000000e+00 0.00000000e+00
1000 694000 3498000 5.79610000e-03 5.79610000e-03 0.00000000e+00 0.00000000e+00
1000 695000 3498000 7.41340000e-03 7.41340000e-03 0.00000000e+00 0.00000000e+00
1000 696000 3498000 1.01950000e-02 1.01950000e-02 0.00000000e+00 0.00000000e+00
1000 697000 3498000 1.25790000e-02 1.25790000e-02 0.00000000e+00 0.00000000e+00
1000 698000 3498000 1.77060000e-02 1.77060000e-02 0.00000000e+00 0.00000000e+00
1000 699000 3498000 2.43760000e-02 2.43760000e-02 0.00000000e+00 0.00000000e+00
1000 700000 3498000 3.36520000e-02 3.36520000e-02 0.00000000e+00 0.00000000e+00
1000 701000 3498000 4.76880000e-02 4.76880000e-02 0.00000000e+00 0.00000000e+00
1000 702000 3498000 6.38130000e-02 6.38130000e-02 0.00000000e+00 0.00000000e+00
1000 703000 3498000 8.41390000e-02 8.41390000e-02 0.00000000e+00 0.00000000e+00
1000 704000 3498000 1.05940000e-01 1.05940000e-01 0.00000000e+00 0.00000000e+00
1000 705000 3498000 1.34130000e-01 1.34130000e-01 0.00000000e+00 0.00000000e+00
1000 706000 3498000 1.62060000e-01 1.62060000e-01 0.00000000e+00 0.00000000e+00
1000 707000 3498000 1.97640000e-01 1.97640000e-01 0.00000000e+00 0.00000000e+00
1000 708000 3498000 2.34840000e-01 2.34840000e-01 0.00000000e+00 0.00000000e+00
1000 709000 3498000 3.12800000e-01 3.12800000e-01 0.00000000e+00 0.00000000e+00
1000 710000 3498000 3.57990000e-01 3.57990000e-01 0.00000000e+00 0.00000000e+00
1000 711000 3498000 4.33280000e-01 4.33280000e-01 0.00000000e+00 0.00000000e+00
1000 712000 3498000 5.55950000e-01 5.55950000e-01 0.00000000e+00 0.00000000e+00
1000 713000 3498000 6.01630000e-01 6.01630000e-01 0.00000000e+00 0.00000000e+00
1000 714000 3498000 6.86870000e-01 6.86870000e-01 0.00000000e+00 0.00000000e+00
1000 715000 3498000 8.74390000e-01 8.74390000e-01 0.00000000e+00 0.00000000e+00
1000 716000 3498000 9.98700000e-01 9.98700000e-01 0.00000000e+00 0.00000000e+00
1000 717000 3498000 1.10030000e+00 1.10030000e+00 0.00000000e+00 0.00000000e+00
1000 718000 3498000 1.17680000e+00 1.17680000e+00 0.00000000e+00 0.00000000e+00
1000 719000 3498000 1.22890000e+00 1.22890000e+00 0.00000000e+00 0.00000000e+00
1000 720000 3498000 1.26800000e+00 1.26800000e+00 0.00000000e+00 0.00000000e+00
1000 721000 3498000 1.27360000e+00 1.27360000e+00 0.00000000e+00 0.00000000e+00
1000 722000 3498000 1.26370000e+00 1.26370000e+00 0.00000000e+00 0.00000000e+00
1000 723000 3498000 1.22420000e+00 1.22420000e+00 0.00000000e+00 0.00000000e+00
1000 724000 3498000 1.16990000e+00 1.16990000e+00 0.00000000e+00 0.00000000e+00
1000 725000 3498000 1.10100000e+00 1.10100000e+00 0.00000000e+00 0.00000000e+00
1000 726000 3498000 1.02650000e+00 1.02650000e+00 0.00000000e+00 0.00000000e+00
1000 727000 3498000 9.46130000e-01 9.46130000e-01 0.00000000e+00 0.00000000e+00
1000 728000 3498000 8.62820000e-01 8.62820000e-01 0.00000000e+00 0.00000000e+00
1000 729000 3498000 7.78890000e-01 7.78890000e-01 0.00000000e+00 0.00000000e+00
1000 730000 3498000 6.97000000e-01 6.97000000e-01 0.00000000e+00 0.00000000e+00
1000 731000 3498000 6.18320000e-01 6.18320000e-01 0.00000000e+00 0.00000000e+00
1000 732000 3498000 5.44010000e-01 5.44010000e-01 0.00000000e+00 0.00000000e+00
1000 733000 3498000 4.74920000e-01 4.74920000e-01 0.00000000e+00 0.00000000e+00
1000 734000 3498000 4.11640000e-01 4.11640000e-01 0.00000000e+00 0.00000000e+00
1000 735000 3498000 3.54500000e-01 3.54500000e-01 0.00000000e+00 0.00000000e+00
1000 736000 3498000 3.03630000e-01 3.03630000e-01 0.00000000e+00 0.00000000e+00
1000 737000 3498000 2.58950000e-01 2.58950000e-01 0.00000000e+00 0.00000000e+00
1000 738000 3498000 2.20240000e-01 2.20240000e-01 0.00000000e+00 0.00000000e+00
1000 739000 3498000 1.87120000e-01 1.87120000e-01 0.00000000e+00 0.00000000e+00
1000 740000 3498000 1.59140000e-01 1.59140000e-01 0.00000000e+00 0.00000000e+00
1000 741000 3498000 1.35780000e-01 1.35780000e-01 0.00000000e+00 0.00000000e+00
1000 742000 3498000 1.16480000e-01 1.16480000e-01 0.00000000e+00 0.00000000e+00
1000 743000 3498000 1.00670000e-01 1.00670000e-01 0.00000000e+00 0.00000000e+00
1000 744000 3498000 8.78070000e-02 8.78070000e-02 0.00000000e+00 0.00000000e+00
1000 745000 3498000 7.73850000e-02 7.73850000e-02 0.00000000e+00 0.00000000e+00
1000 746000 3498000 6.89420000e-02 6.89420000e-02 0.00000000e+00 0.00000000e+00
1000 747000 3498000 6.20780000e-02 6.20780000e-02 0.00000000e+00 0.00000000e+00
1000 748000 3498000 5.64480000e-02 5.64480000e-02 0.00000000e+00 0.00000000e+00
1000 749000 3498000 5.17720000e-02 5.17720000e-02 0.00000000e+00 0.00000000e+00
1000 750000 3498000 4.78200000e-02 4.78200000e-02 0.00000000e+00 0.00000000e+00
1000 650000 3497000 2.47110000e-06 2.47110000e-06 0.00000000e+00 0.00000000e+00
1000 651000 3497000 2.81350000e-06 2.81350000e-06 0.00000000e+00 0.00000000e+00
1000 652000 3497000 3.19890000e-06 3.19890000e-06 0.00000000e+00 0.00000000e+00
1000 653000 3497000 3.64180000e-06 3.64180000e-06 0.00000000e+00 0.00000000e+00
1000 654000 3497000 4.15420000e-06 4.15420000e-06 0.00000000e+00 0.00000000e+00
1000 655000 3497000 4.75590000e-06 4.75590000e-06 0.00000000e+00 0.00000000e+00
1000 656000 3497000 5.46860000e-06 5.46860000e-06 0.00000000e+00 0.00000000e+00
1000 657000 3497000 6.32840000e-06 6.32840000e-06 0.00000000e+00 0.00000000e+00
1000 658000 3497000 7.37850000e-06 7.37850000e-06 0.00000000e+00 0.00000000e+00
1000 659000 3497000 8.68370000e-06 8.68370000e-06 0.00000000e+00 0.00000000e+00
1000 660000 3497000 1.03340000e-05 1.03340000e-05 0.00000000e+00 0.00000000e+00
1000 661000 3497000 1.24650000e-05 1.24650000e-05 0.00000000e+00 0.00000000e+00
1000 662000 3497000 1.52250000e-05 1.52250000e-05 0.00000000e+00 0.00000000e+00
1000 663000 3497000 1.88090000e-05 1.88090000e-05 0.00000000e+00 0.00000000e+00
1000 664000 3497000 2.34540000e-05 2.34540000e-05 0.00000000e+00 0.00000000e+00
1000 665000 3497000 2.94030000e-05 2.94030000e-05 0.00000000e+00 0.00000000e+00
1000 666000 3497000 3.66670000e-05 3.66670000e-05 0.00000000e+00 0.00000000e+00
1000 667000 3497000 4.49810000e-05 4.49810000e-05 0.00000000e+00 0.00000000e+00
1000 668000 3497000 5.54130000e-05 5.54130000e-05 0.00000000e+00 0.00000000e+00
1000 669000 3497000 6.85080000e-05 6.85080000e-05 0.00000000e+00 0.00000000e+00
1000 670000 3497000 4.84050000e-05 4.84050000e-05 0.00000000e+00 0.00000000e+00
1000 671000 3497000 4.74200000e-05 4.74200000e-05 0.00000000e+00 0.00000000e+00
1000 672000 3497000 5.28970000e-05 5.28970000e-05 0.00000000e+00 0.00000000e+00
1000 673000 3497000 2.94140000e-05 2.94140000e-05 0.00000000e+00 0.00000000e+00
1000 674000 3497000 3.17180000e-05 3.17180000e-05 0.00000000e+00 0.00000000e+00
1000 675000 3497000 4.48260000e-05 4.48260000e-05 0.00000000e+00 0.00000000e+00
1000 676000 3497000 9.21840000e-05 9.21840000e-05 0.00000000e+00 0.00000000e+00
1000 677000 3497000 1.45770000e-04 1.45770000e-04 0.00000000e+00 0.00000000e+00
1000 678000 3497000 1.65300000e-04 1.65300000e-04 0.00000000e+00 0.00000000e+00
1000 679000 3497000 2.37510000e-04 2.37510000e-04 0.00000000e+00 0.00000000e+00
1000 680000 3497000 3.00560000e-04 3.00560000e-04 0.00000000e+00 0.00000000e+00
1000 681000 3497000 3.63720000e-04 3.63720000e-04 0.00000000e+00 0.00000000e+00
1000 682000 3497000 4.48780000e-04 4.48780000e-04 0.00000000e+00 0.00000000e+00
1000 683000 3497000 6.16430000e-04 6.16430000e-04 0.00000000e+00 0.00000000e+00
1000 684000 3497000 9.06860000e-04 9.06860000e-04 0.00000000e+00 0.00000000e+00
1000 685000 3497000 9.25000000e-04 9.25000000e-04 0.00000000e+00 0.00000000e+00
1000 686000 3497000 1.25800000e-03 1.25800000e-03 0.00000000e+00 0.00000000e+00
1000 687000 3497000 1.51780000e-03 1.51780000e-03 0.00000000e+00 0.00000000e+00
1000 688000 3497000 1.80720000e-03 1.80720000e-03 0.00000000e+00 0.00000000e+00
1000 689000 3497000 2.33280000e-03 2.33280000e-03 0.00000000e+00 0.00000000e+00
1000 690000 3497000 3.07710000e-03 3.07710000e-03 0.00000000e+00 0.00000000e+00
1000 691000 3497000 3.45450000e-03 3.45450000e-03 0.00000000e+00 0.00000000e+00
1000 692000 3497000 4.14600000e-03 4.14600000e-03 0.00000000e+00 0.00000000e+00
1000 693000 3497000 4.80830000e-03 4.80830000e-03 0.00000000e+00 0.00000000e+00
1000 694000 3497000 5.23400000e-03 5.23400000e-03 0.00000000e+00 0.00000000e+00
1000 695000 3497000 6.81280000e-03 6.81280000e-03 0.00000000e+00 0.00000000e+00
1000 696000 3497000 8.09440000e-03 8.09440000e-03 0.00000000e+00 0.00000000e+00
1000 697000 3497000 7.96510000e-03 7.96510000e-03 0.00000000e+00 0.00000000e+00
1000 698000 3497000 1.11650000e-02 1.11650000e-02 0.00000000e+00 0.00000000e+00
1000 699000 3497000 1.80390000e-02 1.80390000e-02 0.00000000e+00 0.00000000e+00
1000 700000 3497000 2.25040000e-02 2.25040000e-02 0.00000000e+00 0.00000000e+00
1000 701000 3497000 3.08080000e-02 3.08080000e-02 0.00000000e+00 0.00000000e+00
1000 702000 3497000 4.37200000e-02 4.37200000e-02 0.00000000e+00 0.00000000e+00
1000 703000 3497000 5.99050000e-02 5.99050000e-02 0.00000000e+00 0.00000000e+00
1000 704000 3497000 7.26280000e-02 7.26280000e-02 0.00000000e+00 0.00000000e+00
1000 705000 3497000 8.62400000e-02 8.62400000e-02 0.00000000e+00 0.00000000e+00
1000 706000 3497000 1.20220000e-01 1.20220000e-01 0.00000000e+00 0.00000000e+00
1000 707000 3497000 1.49480000e-01 1.49480000e-01 0.00000000e+00 0.00000000e+00
1000 708000 3497000 1.73380000e-01 1.73380000e-01 0.00000000e+00 0.00000000e+00
1000 709000 3497000 2.14090000e-01 2.14090000e-01 0.00000000e+00 0.00000000e+00
1000 710000 3497000 2.79400000e-01 2.79400000e-01 0.00000000e+00 0.00000000e+00
1000 711000 3497000 3.31600000e-01 3.31600000e-01 0.00000000e+00 0.00000000e+00
1000 712000 3497000 4.26020000e-01 4.26020000e-01 0.00000000e+00 0.00000000e+00
1000 713000 3497000 4.71220000e-01 4.71220000e-01 0.00000000e+00 0.00000000e+00
1000 714000 3497000 5.68070000e-01 5.68070000e-01 0.00000000e+00 0.00000000e+00
1000 715000 3497000 6.70010000e-01 6.70010000e-01 0.00000000e+00 0.00000000e+00
1000 716000 3497000 8.15190000e-01 8.15190000e-01 0.00000000e+00 0.00000000e+00
1000 717000 3497000 9.14110000e-01 9.14110000e-01 0.00000000e+00 0.00000000e+00
1000 718000 3497000 1.00450000e+00 1.00450000e+00 0.00000000e+00 0.00000000e+00
1000 719000 3497000 1.07120000e+00 1.07120000e+00 0.00000000e+00 0.00000000e+00
1000 720000 3497000 1.12370000e+00 1.12370000e+00 0.00000000e+00 0.00000000e+00
1000 721000 3497000 1.16780000e+00 1.16780000e+00 0.00000000e+00 0.00000000e+00
1000 722000 3497000 1.18170000e+00 1.18170000e+00 0.00000000e+00 0.00000000e+00
1000 723000 3497000 1.16620000e+00 1.16620000e+00 0.00000000e+00 0.00000000e+00
1000 724000 3497000 1.14620000e+00 1.14620000e+00 0.00000000e+00 0.00000000e+00
1000 725000 3497000 1.09740000e+00 1.09740000e+00 0.00000000e+00 0.00000000e+00
1000 726000 3497000 1.07410000e+00 1.07410000e+00 0.00000000e+00 0.00000000e+00
1000 727000 3497000 9.80240000e-01 9.80240000e-01 0.00000000e+00 0.00000000e+00
1000 728000 3497000 9.11470000e-01 9.11470000e-01 0.00000000e+00 0.00000000e+00
1000 729000 3497000 8.38780000e-01 8.38780000e-01 0.00000000e+00 0.00000000e+00
1000 730000 3497000 7.65110000e-01 7.65110000e-01 0.00000000e+00 0.00000000e+00
1000 731000 3497000 6.91750000e-01 6.91750000e-01 0.00000000e+00 0.00000000e+00
1000 732000 3497000 6.20140000e-01 6.20140000e-01 0.00000000e+00 0.00000000e+00
1000 733000 3497000 5.51430000e-01 5.51430000e-01 0.00000000e+00 0.00000000e+00
1000 734000 3497000 4.86560000e-01 4.86560000e-01 0.00000000e+00 0.00000000e+00
1000 735000 3497000 4.26220000e-01 4.26220000e-01 0.00000000e+00 0.00000000e+00
1000 736000 3497000 3.70890000e-01 3.70890000e-01 0.00000000e+00 0.00000000e+00
1000 737000 3497000 3.20870000e-01 3.20870000e-01 0.00000000e+00 0.00000000e+00
1000 738000 3497000 2.76260000e-01 2.76260000e-01 0.00000000e+00 0.00000000e+00
1000 739000 3497000 2.37000000e-01 2.37000000e-01 0.00000000e+00 0.00000000e+00
1000 740000 3497000 2.02900000e-01 2.02900000e-01 0.00000000e+00 0.00000000e+00
1000 741000 3497000 1.73630000e-01 1.73630000e-01 0.00000000e+00 0.00000000e+00
1000 742000 3497000 1.48810000e-01 1.48810000e-01 0.00000000e+00 0.00000000e+00
1000 743000 3497000 1.27980000e-01 1.27980000e-01 0.00000000e+00 0.00000000e+00
1000 744000 3497000 1.10670000e-01 1.10670000e-01 0.00000000e+00 0.00000000e+00
1000 745000 3497000 9.64020000e-02 9.64020000e-02 0.00000000e+00 0.00000000e+00
1000 746000 3497000 8.46950000e-02 8.46950000e-02 0.00000000e+00 0.00000000e+00
1000 747000 3497000 7.51190000e-02 7.51190000e-02 0.00000000e+00 0.00000000e+00
1000 748000 3497000 6.72790000e-02 6.72790000e-02 0.00000000e+00 0.00000000e+00
1000 749000 3497000 6.08300000e-02 6.08300000e-02 0.00000000e+00 0.00000000e+00
1000 750000 3497000 5.54760000e-02 5.54760000e-02 0.00000000e+00 0.00000000e+00
1000 650000 3496000 2.52800000e-06 2.52800000e-06 0.00000000e+00 0.00000000e+00
1000 651000 3496000 2.87320000e-06 2.87320000e-06 0.00000000e+00 0.00000000e+00
1000 652000 3496000 3.25770000e-06 3.25770000e-06 0.00000000e+00 0.00000000e+00
1000 653000 3496000 3.69270000e-06 3.69270000e-06 0.00000000e+00 0.00000000e+00
1000 654000 3496000 4.19380000e-06 4.19380000e-06 0.00000000e+00 0.00000000e+00
1000 655000 3496000 4.77520000e-06 4.77520000e-06 0.00000000e+00 0.00000000e+00
1000 656000 3496000 5.45780000e-06 5.45780000e-06 0.00000000e+00 0.00000000e+00
1000 657000 3496000 6.27150000e-06 6.27150000e-06 0.00000000e+00 0.00000000e+00
1000 658000 3496000 7.25680000e-06 7.25680000e-06 0.00000000e+00 0.00000000e+00
1000 659000 3496000 8.48390000e-06 8.48390000e-06 0.00000000e+00 0.00000000e+00
1000 660000 3496000 1.00430000e-05 1.00430000e-05 0.00000000e+00 0.00000000e+00
1000 661000 3496000 1.20730000e-05 1.20730000e-05 0.00000000e+00 0.00000000e+00
1000 662000 3496000 1.47530000e-05 1.47530000e-05 0.00000000e+00 0.00000000e+00
1000 663000 3496000 1.83040000e-05 1.83040000e-05 0.00000000e+00 0.00000000e+00
1000 664000 3496000 2.30020000e-05 2.30020000e-05 0.00000000e+00 0.00000000e+00
1000 665000 3496000 2.91210000e-05 2.91210000e-05 0.00000000e+00 0.00000000e+00
1000 666000 3496000 3.67720000e-05 3.67720000e-05 0.00000000e+00 0.00000000e+00
1000 667000 3496000 4.49690000e-05 4.49690000e-05 0.00000000e+00 0.00000000e+00
1000 668000 3496000 5.52230000e-05 5.52230000e-05 0.00000000e+00 0.00000000e+00
1000 669000 3496000 6.80620000e-05 6.80620000e-05 0.00000000e+00 0.00000000e+00
1000 670000 3496000 4.60140000e-05 4.60140000e-05 0.00000000e+00 0.00000000e+00
1000 671000 3496000 3.16430000e-05 3.16430000e-05 0.00000000e+00 0.00000000e+00
1000 672000 3496000 1.99010000e-05 1.99010000e-05 0.00000000e+00 0.00000000e+00
1000 673000 3496000 2.38040000e-05 2.38040000e-05 0.00000000e+00 0.00000000e+00
1000 674000 3496000 4.09420000e-05 4.09420000e-05 0.00000000e+00 0.00000000e+00
1000 675000 3496000 7.40240000e-05 7.40240000e-05 0.00000000e+00 0.00000000e+00
1000 676000 3496000 9.29360000e-05 9.29360000e-05 0.00000000e+00 0.00000000e+00
1000 677000 3496000 1.16730000e-04 1.16730000e-04 0.00000000e+00 0.00000000e+00
1000 678000 3496000 1.83650000e-04 1.83650000e-04 0.00000000e+00 0.00000000e+00
1000 679000 3496000 2.33010000e-04 2.33010000e-04 0.00000000e+00 0.00000000e+00
1000 680000 3496000 2.94430000e-04 2.94430000e-04 0.00000000e+00 0.00000000e+00
1000 681000 3496000 4.06770000e-04 4.06770000e-04 0.00000000e+00 0.00000000e+00
1000 682000 3496000 5.43280000e-04 5.43280000e-04 0.00000000e+00 0.00000000e+00
1000 683000 3496000 5.61520000e-04 5.61520000e-04 0.00000000e+00 0.00000000e+00
1000 684000 3496000 7.87630000e-04 7.87630000e-04 0.00000000e+00 0.00000000e+00
1000 685000 3496000 1.00490000e-03 1.00490000e-03 0.00000000e+00 0.00000000e+00
1000 686000 3496000 1.14390000e-03 1.14390000e-03 0.00000000e+00 0.00000000e+00
1000 687000 3496000 1.48250000e-03 1.48250000e-03 0.00000000e+00 0.00000000e+00
1000 688000 3496000 1.75940000e-03 1.75940000e-03 0.00000000e+00 0.00000000e+00
1000 689000 3496000 1.99180000e-03 1.99180000e-03 0.00000000e+00 0.00000000e+00
1000 690000 3496000 2.38470000e-03 2.38470000e-03 0.00000000e+00 0.00000000e+00
1000 691000 3496000 2.97410000e-03 2.97410000e-03 0.00000000e+00 0.00000000e+00
1000 692000 3496000 3.79090000e-03 3.79090000e-03 0.00000000e+00 0.00000000e+00
1000 693000 3496000 4.69850000e-03 4.69850000e-03 0.00000000e+00 0.00000000e+00
1000 694000 3496000 5.25910000e-03 5.25910000e-03 0.00000000e+00 0.00000000e+00
1000 695000 3496000 6.38940000e-03 6.38940000e-03 0.00000000e+00 0.00000000e+00
1000 696000 3496000 7.02290000e-03 7.02290000e-03 0.00000000e+00 0.00000000e+00
1000 697000 3496000 7.61360000e-03 7.61360000e-03 0.00000000e+00 0.00000000e+00
1000 698000 3496000 1.02370000e-02 1.02370000e-02 0.00000000e+00 0.00000000e+00
1000 699000 3496000 1.46230000e-02 1.46230000e-02 0.00000000e+00 0.00000000e+00
1000 700000 3496000 1.67740000e-02 1.67740000e-02 0.00000000e+00 0.00000000e+00
1000 701000 3496000 2.33500000e-02 2.33500000e-02 0.00000000e+00 0.00000000e+00
1000 702000 3496000 3.20720000e-02 3.20720000e-02 0.00000000e+00 0.00000000e+00
1000 703000 3496000 4.29320000e-02 4.29320000e-02 0.00000000e+00 0.00000000e+00
1000 704000 3496000 4.98190000e-02 4.98190000e-02 0.00000000e+00 0.00000000e+00
1000 705000 3496000 6.64180000e-02 6.64180000e-02 0.00000000e+00 0.00000000e+00
1000 706000 3496000 8.54480000e-02 8.54480000e-02 0.00000000e+00 0.00000000e+00
1000 707000 3496000 1.07040000e-01 1.07040000e-01 0.00000000e+00 0.00000000e+00
1000 708000 3496000 1.30540000e-01 1.30540000e-01 0.00000000e+00 0.00000000e+00
1000 709000 3496000 1.59110000e-01 1.59110000e-01 0.00000000e+00 0.00000000e+00
1000 710000 3496000 2.00270000e-01 2.00270000e-01 0.00000000e+00 0.00000000e+00
1000 711000 3496000 2.37480000e-01 2.37480000e-01 0.00000000e+00 0.00000000e+00
1000 712000 3496000 3.05190000e-01 3.05190000e-01 0.00000000e+00 0.00000000e+00
1000 713000 3496000 3.56490000e-01 3.56490000e-01 0.00000000e+00 0.00000000e+00
1000 714000 3496000 4.55540000e-01 4.55540000e-01 0.00000000e+00 0.00000000e+00
1000 715000 3496000 5.35320000e-01 5.35320000e-01 0.00000000e+00 0.00000000e+00
1000 716000 3496000 6.40430000e-01 6.40430000e-01 0.00000000e+00 0.00000000e+00
1000 717000 3496000 7.33510000e-01 7.33510000e-01 0.00000000e+00 0.00000000e+00
1000 718000 3496000 8.26170000e-01 8.26170000e-01 0.00000000e+00 0.00000000e+00
1000 719000 3496000 9.09530000e-01 9.09530000e-01 0.00000000e+00 0.00000000e+00
1000 720000 3496000 9.65890000e-01 9.65890000e-01 0.00000000e+00 0.00000000e+00
1000 721000 3496000 1.02070000e+00 1.02070000e+00 0.00000000e+00 0.00000000e+00
1000 722000 3496000 1.05430000e+00 1.05430000e+00 0.00000000e+00 0.00000000e+00
1000 723000 3496000 1.07960000e+00 1.07960000e+00 0.00000000e+00 0.00000000e+00
1000 724000 3496000 1.07090000e+00 1.07090000e+00 0.00000000e+00 0.00000000e+00
1000 725000 3496000 1.05360000e+00 1.05360000e+00 0.00000000e+00 0.00000000e+00
1000 726000 3496000 1.02250000e+00 1.02250000e+00 0.00000000e+00 0.00000000e+00
1000 727000 3496000 9.93150000e-01 9.93150000e-01 0.00000000e+00 0.00000000e+00
1000 728000 3496000 9.27450000e-01 9.27450000e-01 0.00000000e+00 0.00000000e+00
1000 729000 3496000 8.70650000e-01 8.70650000e-01 0.00000000e+00 0.00000000e+00
1000 730000 3496000 8.09370000e-01 8.09370000e-01 0.00000000e+00 0.00000000e+00
1000 731000 3496000 7.45750000e-01 7.45750000e-01 0.00000000e+00 0.00000000e+00
1000 732000 3496000 6.81200000e-01 6.81200000e-01 0.00000000e+00 0.00000000e+00
1000 733000 3496000 6.17020000e-01 6.17020000e-01 0.00000000e+00 0.00000000e+00
1000 734000 3496000 5.54380000e-01 5.54380000e-01 0.00000000e+00 0.00000000e+00
1000 735000 3496000 4.94250000e-01 4.94250000e-01 0.00000000e+00 0.00000000e+00
1000 736000 3496000 4.37420000e-01 4.37420000e-01 0.00000000e+00 0.00000000e+00
1000 737000 3496000 3.84490000e-01 3.84490000e-01 0.00000000e+00 0.00000000e+00
1000 738000 3496000 3.35900000e-01 3.35900000e-01 0.00000000e+00 0.00000000e+00
1000 739000 3496000 2.91900000e-01 2.91900000e-01 0.00000000e+00 0.00000000e+00
1000 740000 3496000 2.52580000e-01 2.52580000e-01 0.00000000e+00 0.00000000e+00
1000 741000 3496000 2.17900000e-01 2.17900000e-01 0.00000000e+00 0.00000000e+00
1000 742000 3496000 1.87680000e-01 1.87680000e-01 0.00000000e+00 0.00000000e+00
1000 743000 3496000 1.61670000e-01 1.61670000e-01 0.00000000e+00 0.00000000e+00
1000 744000 3496000 1.39520000e-01 1.39520000e-01 0.00000000e+00 0.00000000e+00
1000 745000 3496000 1.20850000e-01 1.20850000e-01 0.00000000e+00 0.00000000e+00
1000 746000 3496000 1.05240000e-01 1.05240000e-01 0.00000000e+00 0.00000000e+00
1000 747000 3496000 9.22820000e-02 9.22820000e-02 0.00000000e+00 0.00000000e+00
1000 748000 3496000 8.15710000e-02 8.15710000e-02 0.00000000e+00 0.00000000e+00
1000 749000 3496000 7.27330000e-02 7.27330000e-02 0.00000000e+00 0.00000000e+00
1000 750000 3496000 6.54260000e-02 6.54260000e-02 0.00000000e+00 0.00000000e+00
1000 650000 3495000 2.58520000e-06 2.58520000e-06 0.00000000e+00 0.00000000e+00
1000 651000 3495000 2.93010000e-06 2.93010000e-06 0.00000000e+00 0.00000000e+00
1000 652000 3495000 3.31110000e-06 3.31110000e-06 0.00000000e+00 0.00000000e+00
1000 653000 3495000 3.73880000e-06 3.73880000e-06 0.00000000e+00 0.00000000e+00
1000 654000 3495000 4.22330000e-06 4.22330000e-06 0.00000000e+00 0.00000000e+00
1000 655000 3495000 4.77790000e-06 4.77790000e-06 0.00000000e+00 0.00000000e+00
1000 656000 3495000 5.41980000e-06 5.41980000e-06 0.00000000e+00 0.00000000e+00
1000 657000 3495000 6.17160000e-06 6.17160000e-06 0.00000000e+00 0.00000000e+00
1000 658000 3495000 7.07270000e-06 7.07270000e-06 0.00000000e+00 0.00000000e+00
1000 659000 3495000 8.17800000e-06 8.17800000e-06 0.00000000e+00 0.00000000e+00
1000 660000 3495000 9.58600000e-06 9.58600000e-06 0.00000000e+00 0.00000000e+00
1000 661000 3495000 1.14310000e-05 1.14310000e-05 0.00000000e+00 0.00000000e+00
1000 662000 3495000 1.39180000e-05 1.39180000e-05 0.00000000e+00 0.00000000e+00
1000 663000 3495000 1.73200000e-05 1.73200000e-05 0.00000000e+00 0.00000000e+00
1000 664000 3495000 2.20160000e-05 2.20160000e-05 0.00000000e+00 0.00000000e+00
1000 665000 3495000 2.84380000e-05 2.84380000e-05 0.00000000e+00 0.00000000e+00
1000 666000 3495000 3.67060000e-05 3.67060000e-05 0.00000000e+00 0.00000000e+00
1000 667000 3495000 4.48450000e-05 4.48450000e-05 0.00000000e+00 0.00000000e+00
1000 668000 3495000 5.48930000e-05 5.48930000e-05 0.00000000e+00 0.00000000e+00
1000 669000 3495000 6.57570000e-05 6.57570000e-05 0.00000000e+00 0.00000000e+00
1000 670000 3495000 6.25380000e-05 6.25380000e-05 0.00000000e+00 0.00000000e+00
1000 671000 3495000 5.34080000e-05 5.34080000e-05 0.00000000e+00 0.00000000e+00
1000 672000 3495000 2.84160000e-05 2.84160000e-05 0.00000000e+00 0.00000000e+00
1000 673000 3495000 2.42710000e-05 2.42710000e-05 0.00000000e+00 0.00000000e+00
1000 674000 3495000 5.13140000e-05 5.13140000e-05 0.00000000e+00 0.00000000e+00
1000 675000 3495000 6.56890000e-05 6.56890000e-05 0.00000000e+00 0.00000000e+00
1000 676000 3495000 9.85890000e-05 9.85890000e-05 0.00000000e+00 0.00000000e+00
1000 677000 3495000 1.56010000e-04 1.56010000e-04 0.00000000e+00 0.00000000e+00
1000 678000 3495000 2.02020000e-04 2.02020000e-04 0.00000000e+00 0.00000000e+00
1000 679000 3495000 2.26370000e-04 2.26370000e-04 0.00000000e+00 0.00000000e+00
1000 680000 3495000 2.82820000e-04 2.82820000e-04 0.00000000e+00 0.00000000e+00
1000 681000 3495000 3.77660000e-04 3.77660000e-04 0.00000000e+00 0.00000000e+00
1000 682000 3495000 4.92990000e-04 4.92990000e-04 0.00000000e+00 0.00000000e+00
1000 683000 3495000 5.73690000e-04 5.73690000e-04 0.00000000e+00 0.00000000e+00
1000 684000 3495000 8.20360000e-04 8.20360000e-04 0.00000000e+00 0.00000000e+00
1000 685000 3495000 1.00450000e-03 1.00450000e-03 0.00000000e+00 0.00000000e+00
1000 686000 3495000 1.37080000e-03 1.37080000e-03 0.00000000e+00 0.00000000e+00
1000 687000 3495000 1.84220000e-03 1.84220000e-03 0.00000000e+00 0.00000000e+00
1000 688000 3495000 2.14550000e-03 2.14550000e-03 0.00000000e+00 0.00000000e+00
1000 689000 3495000 2.41980000e-03 2.41980000e-03 0.00000000e+00 0.00000000e+00
1000 690000 3495000 2.93750000e-03 2.93750000e-03 0.00000000e+00 0.00000000e+00
1000 691000 3495000 2.85710000e-03 2.85710000e-03 0.00000000e+00 0.00000000e+00
1000 692000 3495000 3.49590000e-03 3.49590000e-03 0.00000000e+00 0.00000000e+00
1000 693000 3495000 4.64280000e-03 4.64280000e-03 0.00000000e+00 0.00000000e+00
1000 694000 3495000 5.46270000e-03 5.46270000e-03 0.00000000e+00 0.00000000e+00
1000 695000 3495000 5.92150000e-03 5.92150000e-03 0.00000000e+00 0.00000000e+00
1000 696000 3495000 7.10890000e-03 7.10890000e-03 0.00000000e+00 0.00000000e+00
1000 697000 3495000 7.92510000e-03 7.92510000e-03 0.00000000e+00 0.00000000e+00
1000 698000 3495000 9.83510000e-03 9.83510000e-03 0.00000000e+00 0.00000000e+00
1000 699000 3495000 1.25690000e-02 1.25690000e-02 0.00000000e+00 0.00000000e+00
1000 700000 3495000 1.50700000e-02 1.50700000e-02 0.00000000e+00 0.00000000e+00
1000 701000 3495000 1.75630000e-02 1.75630000e-02 0.00000000e+00 0.00000000e+00
1000 702000 3495000 2.30980000e-02 2.30980000e-02 0.00000000e+00 0.00000000e+00
1000 703000 3495000 3.18720000e-02 3.18720000e-02 0.00000000e+00 0.00000000e+00
1000 704000 3495000 3.74670000e-02 3.74670000e-02 0.00000000e+00 0.00000000e+00
1000 705000 3495000 4.82620000e-02 4.82620000e-02 0.00000000e+00 0.00000000e+00
1000 706000 3495000 6.03490000e-02 6.03490000e-02 0.00000000e+00 0.00000000e+00
1000 707000 3495000 7.40380000e-02 7.40380000e-02 0.00000000e+00 0.00000000e+00
1000 708000 3495000 9.25970000e-02 9.25970000e-02 0.00000000e+00 0.00000000e+00
1000 709000 3495000 1.17050000e-01 1.17050000e-01 0.00000000e+00 0.00000000e+00
1000 710000 3495000 1.45400000e-01 1.45400000e-01 0.00000000e+00 0.00000000e+00
1000 711000 3495000 1.73270000e-01 1.73270000e-01 0.00000000e+00 0.00000000e+00
1000 712000 3495000 2.14500000e-01 2.14500000e-01 0.00000000e+00 0.00000000e+00
1000 713000 3495000 2.74230000e-01 2.74230000e-01 0.00000000e+00 0.00000000e+00
1000 714000 3495000 3.33420000e-01 3.33420000e-01 0.00000000e+00 0.00000000e+00
1000 715000 3495000 4.06700000e-01 4.06700000e-01 0.00000000e+00 0.00000000e+00
1000 716000 3495000 4.61760000e-01 4.61760000e-01 0.00000000e+00 0.00000000e+00
1000 717000 3495000 5.59230000e-01 5.59230000e-01 0.00000000e+00 0.00000000e+00
1000 718000 3495000 6.55670000e-01 6.55670000e-01 0.00000000e+00 0.00000000e+00
1000 719000 3495000 7.25820000e-01 7.25820000e-01 0.00000000e+00 0.00000000e+00
1000 720000 3495000 8.01530000e-01 8.01530000e-01 0.00000000e+00 0.00000000e+00
1000 721000 3495000 8.63350000e-01 8.63350000e-01 0.00000000e+00 0.00000000e+00
1000 722000 3495000 9.13660000e-01 9.13660000e-01 0.00000000e+00 0.00000000e+00
1000 723000 3495000 9.48400000e-01 9.48400000e-01 0.00000000e+00 0.00000000e+00
1000 724000 3495000 9.67310000e-01 9.67310000e-01 0.00000000e+00 0.00000000e+00
1000 725000 3495000 9.71340000e-01 9.71340000e-01 0.00000000e+00 0.00000000e+00
1000 726000 3495000 9.63720000e-01 9.63720000e-01 0.00000000e+00 0.00000000e+00
1000 727000 3495000 9.45380000e-01 9.45380000e-01 0.00000000e+00 0.00000000e+00
1000 728000 3495000 9.09400000e-01 9.09400000e-01 0.00000000e+00 0.00000000e+00
1000 729000 3495000 8.70350000e-01 8.70350000e-01 0.00000000e+00 0.00000000e+00
1000 730000 3495000 8.24960000e-01 8.24960000e-01 0.00000000e+00 0.00000000e+00
1000 731000 3495000 7.74750000e-01 7.74750000e-01 0.00000000e+00 0.00000000e+00
1000 732000 3495000 7.21150000e-01 7.21150000e-01 0.00000000e+00 0.00000000e+00
1000 733000 3495000 6.65490000e-01 6.65490000e-01 0.00000000e+00 0.00000000e+00
1000 734000 3495000 6.08990000e-01 6.08990000e-01 0.00000000e+00 0.00000000e+00
1000 735000 3495000 5.52770000e-01 5.52770000e-01 0.00000000e+00 0.00000000e+00
1000 736000 3495000 4.97830000e-01 4.97830000e-01 0.00000000e+00 0.00000000e+00
1000 737000 3495000 4.45010000e-01 4.45010000e-01 0.00000000e+00 0.00000000e+00
1000 738000 3495000 3.95020000e-01 3.95020000e-01 0.00000000e+00 0.00000000e+00
1000 739000 3495000 3.48400000e-01 3.48400000e-01 0.00000000e+00 0.00000000e+00
1000 740000 3495000 3.05530000e-01 3.05530000e-01 0.00000000e+00 0.00000000e+00
1000 741000 3495000 2.66640000e-01 2.66640000e-01 0.00000000e+00 0.00000000e+00
1000 742000 3495000 2.31820000e-01 2.31820000e-01 0.00000000e+00 0.00000000e+00
1000 743000 3495000 2.01030000e-01 2.01030000e-01 0.00000000e+00 0.00000000e+00
1000 744000 3495000 1.74130000e-01 1.74130000e-01 0.00000000e+00 0.00000000e+00
1000 745000 3495000 1.50900000e-01 1.50900000e-01 0.00000000e+00 0.00000000e+00
1000 746000 3495000 1.31030000e-01 1.31030000e-01 0.00000000e+00 0.00000000e+00
1000 747000 3495000 1.14210000e-01 1.14210000e-01 0.00000000e+00 0.00000000e+00
1000 748000 3495000 1.00070000e-01 1.00070000e-01 0.00000000e+00 0.00000000e+00
1000 749000 3495000 8.82530000e-02 8.82530000e-02 0.00000000e+00 0.00000000e+00
1000 750000 3495000 7.84160000e-02 7.84160000e-02 0.00000000e+00 0.00000000e+00
1000 650000 3494000 2.64280000e-06 2.64280000e-06 0.00000000e+00 0.00000000e+00
1000 651000 3494000 2.98960000e-06 2.98960000e-06 0.00000000e+00 0.00000000e+00
1000 652000 3494000 3.36710000e-06 3.36710000e-06 0.00000000e+00 0.00000000e+00
1000 653000 3494000 3.78350000e-06 3.78350000e-06 0.00000000e+00 0.00000000e+00
1000 654000 3494000 4.25060000e-06 4.25060000e-06 0.00000000e+00 0.00000000e+00
1000 655000 3494000 4.77290000e-06 4.77290000e-06 0.00000000e+00 0.00000000e+00
1000 656000 3494000 5.36530000e-06 5.36530000e-06 0.00000000e+00 0.00000000e+00
1000 657000 3494000 6.04150000e-06 6.04150000e-06 0.00000000e+00 0.00000000e+00
1000 658000 3494000 6.82900000e-06 6.82900000e-06 0.00000000e+00 0.00000000e+00
1000 659000 3494000 7.77270000e-06 7.77270000e-06 0.00000000e+00 0.00000000e+00
1000 660000 3494000 8.95300000e-06 8.95300000e-06 0.00000000e+00 0.00000000e+00
1000 661000 3494000 1.04880000e-05 1.04880000e-05 0.00000000e+00 0.00000000e+00
1000 662000 3494000 1.25800000e-05 1.25800000e-05 0.00000000e+00 0.00000000e+00
1000 663000 3494000 1.55440000e-05 1.55440000e-05 0.00000000e+00 0.00000000e+00
1000 664000 3494000 1.99820000e-05 1.99820000e-05 0.00000000e+00 0.00000000e+00
1000 665000 3494000 2.68480000e-05 2.68480000e-05 0.00000000e+00 0.00000000e+00
1000 666000 3494000 3.65630000e-05 3.65630000e-05 0.00000000e+00 0.00000000e+00
1000 667000 3494000 4.46190000e-05 4.46190000e-05 0.00000000e+00 0.00000000e+00
1000 668000 3494000 5.44380000e-05 5.44380000e-05 0.00000000e+00 0.00000000e+00
1000 669000 3494000 4.54460000e-05 4.54460000e-05 0.00000000e+00 0.00000000e+00
1000 670000 3494000 1.75930000e-05 1.75930000e-05 0.00000000e+00 0.00000000e+00
1000 671000 3494000 4.22460000e-05 4.22460000e-05 0.00000000e+00 0.00000000e+00
1000 672000 3494000 3.84220000e-05 3.84220000e-05 0.00000000e+00 0.00000000e+00
1000 673000 3494000 3.89240000e-05 3.89240000e-05 0.00000000e+00 0.00000000e+00
1000 674000 3494000 5.06350000e-05 5.06350000e-05 0.00000000e+00 0.00000000e+00
1000 675000 3494000 7.04260000e-05 7.04260000e-05 0.00000000e+00 0.00000000e+00
1000 676000 3494000 9.80030000e-05 9.80030000e-05 0.00000000e+00 0.00000000e+00
1000 677000 3494000 1.17280000e-04 1.17280000e-04 0.00000000e+00 0.00000000e+00
1000 678000 3494000 1.85730000e-04 1.85730000e-04 0.00000000e+00 0.00000000e+00
1000 679000 3494000 2.44370000e-04 2.44370000e-04 0.00000000e+00 0.00000000e+00
1000 680000 3494000 3.30950000e-04 3.30950000e-04 0.00000000e+00 0.00000000e+00
1000 681000 3494000 3.78940000e-04 3.78940000e-04 0.00000000e+00 0.00000000e+00
1000 682000 3494000 4.34970000e-04 4.34970000e-04 0.00000000e+00 0.00000000e+00
1000 683000 3494000 5.80770000e-04 5.80770000e-04 0.00000000e+00 0.00000000e+00
1000 684000 3494000 8.19970000e-04 8.19970000e-04 0.00000000e+00 0.00000000e+00
1000 685000 3494000 1.10530000e-03 1.10530000e-03 0.00000000e+00 0.00000000e+00
1000 686000 3494000 1.13630000e-03 1.13630000e-03 0.00000000e+00 0.00000000e+00
1000 687000 3494000 1.51550000e-03 1.51550000e-03 0.00000000e+00 0.00000000e+00
1000 688000 3494000 1.88700000e-03 1.88700000e-03 0.00000000e+00 0.00000000e+00
1000 689000 3494000 2.52660000e-03 2.52660000e-03 0.00000000e+00 0.00000000e+00
1000 690000 3494000 3.05230000e-03 3.05230000e-03 0.00000000e+00 0.00000000e+00
1000 691000 3494000 3.18160000e-03 3.18160000e-03 0.00000000e+00 0.00000000e+00
1000 692000 3494000 4.05520000e-03 4.05520000e-03 0.00000000e+00 0.00000000e+00
1000 693000 3494000 4.58370000e-03 4.58370000e-03 0.00000000e+00 0.00000000e+00
1000 694000 3494000 4.50670000e-03 4.50670000e-03 0.00000000e+00 0.00000000e+00
1000 695000 3494000 4.64060000e-03 4.64060000e-03 0.00000000e+00 0.00000000e+00
1000 696000 3494000 5.50620000e-03 5.50620000e-03 0.00000000e+00 0.00000000e+00
1000 697000 3494000 7.64850000e-03 7.64850000e-03 0.00000000e+00 0.00000000e+00
1000 698000 3494000 9.15630000e-03 9.15630000e-03 0.00000000e+00 0.00000000e+00
1000 699000 3494000 1.13310000e-02 1.13310000e-02 0.00000000e+00 0.00000000e+00
1000 700000 3494000 1.28490000e-02 1.28490000e-02 0.00000000e+00 0.00000000e+00
1000 701000 3494000 1.58590000e-02 1.58590000e-02 0.00000000e+00 0.00000000e+00
1000 702000 3494000 2.03110000e-02 2.03110000e-02 0.00000000e+00 0.00000000e+00
1000 703000 3494000 2.41310000e-02 2.41310000e-02 0.00000000e+00 0.00000000e+00
1000 704000 3494000 2.90350000e-02 2.90350000e-02 0.00000000e+00 0.00000000e+00
1000 705000 3494000 3.28990000e-02 3.28990000e-02 0.00000000e+00 0.00000000e+00
1000 706000 3494000 4.29360000e-02 4.29360000e-02 0.00000000e+00 0.00000000e+00
1000 707000 3494000 5.00700000e-02 5.00700000e-02 0.00000000e+00 0.00000000e+00
1000 708000 3494000 6.81890000e-02 6.81890000e-02 0.00000000e+00 0.00000000e+00
1000 709000 3494000 8.53930000e-02 8.53930000e-02 0.00000000e+00 0.00000000e+00
1000 710000 3494000 9.98330000e-02 9.98330000e-02 0.00000000e+00 0.00000000e+00
1000 711000 3494000 1.23150000e-01 1.23150000e-01 0.00000000e+00 0.00000000e+00
1000 712000 3494000 1.54600000e-01 1.54600000e-01 0.00000000e+00 0.00000000e+00
1000 713000 3494000 1.92590000e-01 1.92590000e-01 0.00000000e+00 0.00000000e+00
1000 714000 3494000 2.42720000e-01 2.42720000e-01 0.00000000e+00 0.00000000e+00
1000 715000 3494000 2.84230000e-01 2.84230000e-01 0.00000000e+00 0.00000000e+00
1000 716000 3494000 3.58960000e-01 3.58960000e-01 0.00000000e+00 0.00000000e+00
1000 717000 3494000 4.24700000e-01 4.24700000e-01 0.00000000e+00 0.00000000e+00
1000 718000 3494000 5.04330000e-01 5.04330000e-01 0.00000000e+00 0.00000000e+00
1000 719000 3494000 5.66040000e-01 5.66040000e-01 0.00000000e+00 0.00000000e+00
1000 720000 3494000 6.48720000e-01 6.48720000e-01 0.00000000e+00 0.00000000e+00
1000 721000 3494000 7.04350000e-01 7.04350000e-01 0.00000000e+00 0.00000000e+00
1000 722000 3494000 7.61570000e-01 7.61570000e-01 0.00000000e+00 0.00000000e+00
1000 723000 3494000 8.08040000e-01 8.08040000e-01 0.00000000e+00 0.00000000e+00
1000 724000 3494000 8.43250000e-01 8.43250000e-01 0.00000000e+00 0.00000000e+00
1000 725000 3494000 8.62960000e-01 8.62960000e-01 0.00000000e+00 0.00000000e+00
1000 726000 3494000 8.71770000e-01 8.71770000e-01 0.00000000e+00 0.00000000e+00
1000 727000 3494000 8.70740000e-01 8.70740000e-01 0.00000000e+00 0.00000000e+00
1000 728000 3494000 8.58090000e-01 8.58090000e-01 0.00000000e+00 0.00000000e+00
1000 729000 3494000 8.37730000e-01 8.37730000e-01 0.00000000e+00 0.00000000e+00
1000 730000 3494000 8.09670000e-01 8.09670000e-01 0.00000000e+00 0.00000000e+00
1000 731000 3494000 7.75260000e-01 7.75260000e-01 0.00000000e+00 0.00000000e+00
1000 732000 3494000 7.35570000e-01 7.35570000e-01 0.00000000e+00 0.00000000e+00
1000 733000 3494000 6.91720000e-01 6.91720000e-01 0.00000000e+00 0.00000000e+00
1000 734000 3494000 6.44880000e-01 6.44880000e-01 0.00000000e+00 0.00000000e+00
1000 735000 3494000 5.96140000e-01 5.96140000e-01 0.00000000e+00 0.00000000e+00
1000 736000 3494000 5.46580000e-01 5.46580000e-01 0.00000000e+00 0.00000000e+00
1000 737000 3494000 4.97170000e-01 4.97170000e-01 0.00000000e+00 0.00000000e+00
1000 738000 3494000 4.48810000e-01 4.48810000e-01 0.00000000e+00 0.00000000e+00
1000 739000 3494000 4.02240000e-01 4.02240000e-01 0.00000000e+00 0.00000000e+00
1000 740000 3494000 3.58100000e-01 3.58100000e-01 0.00000000e+00 0.00000000e+00
1000 741000 3494000 3.16870000e-01 3.16870000e-01 0.00000000e+00 0.00000000e+00
1000 742000 3494000 2.78890000e-01 2.78890000e-01 0.00000000e+00 0.00000000e+00
1000 743000 3494000 2.44380000e-01 2.44380000e-01 0.00000000e+00 0.00000000e+00
1000 744000 3494000 2.13410000e-01 2.13410000e-01 0.00000000e+00 0.00000000e+00
1000 745000 3494000 1.85960000e-01 1.85960000e-01 0.00000000e+00 0.00000000e+00
1000 746000 3494000 1.61910000e-01 1.61910000e-01 0.00000000e+00 0.00000000e+00
1000 747000 3494000 1.41070000e-01 1.41070000e-01 0.00000000e+00 0.00000000e+00
1000 748000 3494000 1.23180000e-01 1.23180000e-01 0.00000000e+00 0.00000000e+00
1000 749000 3494000 1.07960000e-01 1.07960000e-01 0.00000000e+00 0.00000000e+00
1000 750000 3494000 9.51000000e-02 9.51000000e-02 0.00000000e+00 0.00000000e+00
1000 650000 3493000 2.70450000e-06 2.70450000e-06 0.00000000e+00 0.00000000e+00
1000 651000 3493000 3.05060000e-06 3.05060000e-06 0.00000000e+00 0.00000000e+00
1000 652000 3493000 3.42410000e-06 3.42410000e-06 0.00000000e+00 0.00000000e+00
1000 653000 3493000 3.83240000e-06 3.83240000e-06 0.00000000e+00 0.00000000e+00
1000 654000 3493000 4.27800000e-06 4.27800000e-06 0.00000000e+00 0.00000000e+00
1000 655000 3493000 4.76970000e-06 4.76970000e-06 0.00000000e+00 0.00000000e+00
1000 656000 3493000 5.30750000e-06 5.30750000e-06 0.00000000e+00 0.00000000e+00
1000 657000 3493000 5.90000000e-06 5.90000000e-06 0.00000000e+00 0.00000000e+00
1000 658000 3493000 6.55220000e-06 6.55220000e-06 0.00000000e+00 0.00000000e+00
1000 659000 3493000 7.29140000e-06 7.29140000e-06 0.00000000e+00 0.00000000e+00
1000 660000 3493000 8.17980000e-06 8.17980000e-06 0.00000000e+00 0.00000000e+00
1000 661000 3493000 9.36020000e-06 9.36020000e-06 0.00000000e+00 0.00000000e+00
1000 662000 3493000 1.08740000e-05 1.08740000e-05 0.00000000e+00 0.00000000e+00
1000 663000 3493000 1.29390000e-05 1.29390000e-05 0.00000000e+00 0.00000000e+00
1000 664000 3493000 1.60770000e-05 1.60770000e-05 0.00000000e+00 0.00000000e+00
1000 665000 3493000 2.22880000e-05 2.22880000e-05 0.00000000e+00 0.00000000e+00
1000 666000 3493000 3.65840000e-05 3.65840000e-05 0.00000000e+00 0.00000000e+00
1000 667000 3493000 4.26520000e-05 4.26520000e-05 0.00000000e+00 0.00000000e+00
1000 668000 3493000 3.10730000e-05 3.10730000e-05 0.00000000e+00 0.00000000e+00
1000 669000 3493000 2.13340000e-05 2.13340000e-05 0.00000000e+00 0.00000000e+00
1000 670000 3493000 7.68230000e-06 7.68230000e-06 0.00000000e+00 0.00000000e+00
1000 671000 3493000 1.94790000e-05 1.94790000e-05 0.00000000e+00 0.00000000e+00
1000 672000 3493000 1.28700000e-05 1.28700000e-05 0.00000000e+00 0.00000000e+00
1000 673000 3493000 2.64710000e-05 2.64710000e-05 0.00000000e+00 0.00000000e+00
1000 674000 3493000 6.41860000e-05 6.41860000e-05 0.00000000e+00 0.00000000e+00
1000 675000 3493000 5.49940000e-05 5.49940000e-05 0.00000000e+00 0.00000000e+00
1000 676000 3493000 9.24930000e-05 9.24930000e-05 0.00000000e+00 0.00000000e+00
1000 677000 3493000 1.27090000e-04 1.27090000e-04 0.00000000e+00 0.00000000e+00
1000 678000 3493000 1.85040000e-04 1.85040000e-04 0.00000000e+00 0.00000000e+00
1000 679000 3493000 2.78450000e-04 2.78450000e-04 0.00000000e+00 0.00000000e+00
1000 680000 3493000 3.43590000e-04 3.43590000e-04 0.00000000e+00 0.00000000e+00
1000 681000 3493000 3.48010000e-04 3.48010000e-04 0.00000000e+00 0.00000000e+00
1000 682000 3493000 4.54440000e-04 4.54440000e-04 0.00000000e+00 0.00000000e+00
1000 683000 3493000 5.66570000e-04 5.66570000e-04 0.00000000e+00 0.00000000e+00
1000 684000 3493000 7.07170000e-04 7.07170000e-04 0.00000000e+00 0.00000000e+00
1000 685000 3493000 9.29850000e-04 9.29850000e-04 0.00000000e+00 0.00000000e+00
1000 686000 3493000 1.14230000e-03 1.14230000e-03 0.00000000e+00 0.00000000e+00
1000 687000 3493000 1.36230000e-03 1.36230000e-03 0.00000000e+00 0.00000000e+00
1000 688000 3493000 1.67830000e-03 1.67830000e-03 0.00000000e+00 0.00000000e+00
1000 689000 3493000 2.27500000e-03 2.27500000e-03 0.00000000e+00 0.00000000e+00
1000 690000 3493000 3.03330000e-03 3.03330000e-03 0.00000000e+00 0.00000000e+00
1000 691000 3493000 3.47090000e-03 3.47090000e-03 0.00000000e+00 0.00000000e+00
1000 692000 3493000 4.21390000e-03 4.21390000e-03 0.00000000e+00 0.00000000e+00
1000 693000 3493000 4.48420000e-03 4.48420000e-03 0.00000000e+00 0.00000000e+00
1000 694000 3493000 4.97380000e-03 4.97380000e-03 0.00000000e+00 0.00000000e+00
1000 695000 3493000 4.66850000e-03 4.66850000e-03 0.00000000e+00 0.00000000e+00
1000 696000 3493000 4.82770000e-03 4.82770000e-03 0.00000000e+00 0.00000000e+00
1000 697000 3493000 6.16080000e-03 6.16080000e-03 0.00000000e+00 0.00000000e+00
1000 698000 3493000 8.59630000e-03 8.59630000e-03 0.00000000e+00 0.00000000e+00
1000 699000 3493000 1.09860000e-02 1.09860000e-02 0.00000000e+00 0.00000000e+00
1000 700000 3493000 1.22000000e-02 1.22000000e-02 0.00000000e+00 0.00000000e+00
1000 701000 3493000 1.42050000e-02 1.42050000e-02 0.00000000e+00 0.00000000e+00
1000 702000 3493000 1.66900000e-02 1.66900000e-02 0.00000000e+00 0.00000000e+00
1000 703000 3493000 2.04660000e-02 2.04660000e-02 0.00000000e+00 0.00000000e+00
1000 704000 3493000 2.36100000e-02 2.36100000e-02 0.00000000e+00 0.00000000e+00
1000 705000 3493000 2.63070000e-02 2.63070000e-02 0.00000000e+00 0.00000000e+00
1000 706000 3493000 3.22220000e-02 3.22220000e-02 0.00000000e+00 0.00000000e+00
1000 707000 3493000 4.08320000e-02 4.08320000e-02 0.00000000e+00 0.00000000e+00
1000 708000 3493000 4.78990000e-02 4.78990000e-02 0.00000000e+00 0.00000000e+00
1000 709000 3493000 6.42270000e-02 6.42270000e-02 0.00000000e+00 0.00000000e+00
1000 710000 3493000 7.69760000e-02 7.69760000e-02 0.00000000e+00 0.00000000e+00
1000 711000 3493000 9.28260000e-02 9.28260000e-02 0.00000000e+00 0.00000000e+00
1000 712000 3493000 1.09670000e-01 1.09670000e-01 0.00000000e+00 0.00000000e+00
1000 713000 3493000 1.42380000e-01 1.42380000e-01 0.00000000e+00 0.00000000e+00
1000 714000 3493000 1.74540000e-01 1.74540000e-01 0.00000000e+00 0.00000000e+00
1000 715000 3493000 2.07640000e-01 2.07640000e-01 0.00000000e+00 0.00000000e+00
1000 716000 3493000 2.52790000e-01 2.52790000e-01 0.00000000e+00 0.00000000e+00
1000 717000 3493000 3.16730000e-01 3.16730000e-01 0.00000000e+00 0.00000000e+00
1000 718000 3493000 3.76100000e-01 3.76100000e-01 0.00000000e+00 0.00000000e+00
1000 719000 3493000 4.28350000e-01 4.28350000e-01 0.00000000e+00 0.00000000e+00
1000 720000 3493000 4.94680000e-01 4.94680000e-01 0.00000000e+00 0.00000000e+00
1000 721000 3493000 5.59540000e-01 5.59540000e-01 0.00000000e+00 0.00000000e+00
1000 722000 3493000 6.75330000e-01 6.75330000e-01 0.00000000e+00 0.00000000e+00
1000 723000 3493000 6.94260000e-01 6.94260000e-01 0.00000000e+00 0.00000000e+00
1000 724000 3493000 7.03540000e-01 7.03540000e-01 0.00000000e+00 0.00000000e+00
1000 725000 3493000 7.35950000e-01 7.35950000e-01 0.00000000e+00 0.00000000e+00
1000 726000 3493000 7.59370000e-01 7.59370000e-01 0.00000000e+00 0.00000000e+00
1000 727000 3493000 7.73370000e-01 7.73370000e-01 0.00000000e+00 0.00000000e+00
1000 728000 3493000 7.78580000e-01 7.78580000e-01 0.00000000e+00 0.00000000e+00
1000 729000 3493000 7.75530000e-01 7.75530000e-01 0.00000000e+00 0.00000000e+00
1000 730000 3493000 7.64660000e-01 7.64660000e-01 0.00000000e+00 0.00000000e+00
1000 731000 3493000 7.46740000e-01 7.46740000e-01 0.00000000e+00 0.00000000e+00
1000 732000 3493000 7.22430000e-01 7.22430000e-01 0.00000000e+00 0.00000000e+00
1000 733000 3493000 6.92550000e-01 6.92550000e-01 0.00000000e+00 0.00000000e+00
1000 734000 3493000 6.57990000e-01 6.57990000e-01 0.00000000e+00 0.00000000e+00
1000 735000 3493000 6.19700000e-01 6.19700000e-01 0.00000000e+00 0.00000000e+00
1000 736000 3493000 5.78660000e-01 5.78660000e-01 0.00000000e+00 0.00000000e+00
1000 737000 3493000 5.35870000e-01 5.35870000e-01 0.00000000e+00 0.00000000e+00
1000 738000 3493000 4.92250000e-01 4.92250000e-01 0.00000000e+00 0.00000000e+00
1000 739000 3493000 4.48690000e-01 4.48690000e-01 0.00000000e+00 0.00000000e+00
1000 740000 3493000 4.05970000e-01 4.05970000e-01 0.00000000e+00 0.00000000e+00
1000 741000 3493000 3.64770000e-01 3.64770000e-01 0.00000000e+00 0.00000000e+00
1000 742000 3493000 3.25660000e-01 3.25660000e-01 0.00000000e+00 0.00000000e+00
1000 743000 3493000 2.89070000e-01 2.89070000e-01 0.00000000e+00 0.00000000e+00
1000 744000 3493000 2.55300000e-01 2.55300000e-01 0.00000000e+00 0.00000000e+00
1000 745000 3493000 2.24560000e-01 2.24560000e-01 0.00000000e+00 0.00000000e+00
1000 746000 3493000 1.96920000e-01 1.96920000e-01 0.00000000e+00 0.00000000e+00
1000 747000 3493000 1.72360000e-01 1.72360000e-01 0.00000000e+00 0.00000000e+00
1000 748000 3493000 1.50780000e-01 1.50780000e-01 0.00000000e+00 0.00000000e+00
1000 749000 3493000 1.32010000e-01 1.32010000e-01 0.00000000e+00 0.00000000e+00
1000 750000 3493000 1.15850000e-01 1.15850000e-01 0.00000000e+00 0.00000000e+00
1000 650000 3492000 2.77050000e-06 2.77050000e-06 0.00000000e+00 0.00000000e+00
1000 651000 3492000 3.11880000e-06 3.11880000e-06 0.00000000e+00 0.00000000e+00
1000 652000 3492000 3.48870000e-06 3.48870000e-06 0.00000000e+00 0.00000000e+00
1000 653000 3492000 3.88740000e-06 3.88740000e-06 0.00000000e+00 0.00000000e+00
1000 654000 3492000 4.31760000e-06 4.31760000e-06 0.00000000e+00 0.00000000e+00
1000 655000 3492000 4.77540000e-06 4.77540000e-06 0.00000000e+00 0.00000000e+00
1000 656000 3492000 5.25970000e-06 5.25970000e-06 0.00000000e+00 0.00000000e+00
1000 657000 3492000 5.76500000e-06 5.76500000e-06 0.00000000e+00 0.00000000e+00
1000 658000 3492000 6.27700000e-06 6.27700000e-06 0.00000000e+00 0.00000000e+00
1000 659000 3492000 6.87640000e-06 6.87640000e-06 0.00000000e+00 0.00000000e+00
1000 660000 3492000 7.57210000e-06 7.57210000e-06 0.00000000e+00 0.00000000e+00
1000 661000 3492000 8.33520000e-06 8.33520000e-06 0.00000000e+00 0.00000000e+00
1000 662000 3492000 9.19570000e-06 9.19570000e-06 0.00000000e+00 0.00000000e+00
1000 663000 3492000 1.02140000e-05 1.02140000e-05 0.00000000e+00 0.00000000e+00
1000 664000 3492000 1.15380000e-05 1.15380000e-05 0.00000000e+00 0.00000000e+00
1000 665000 3492000 1.36520000e-05 1.36520000e-05 0.00000000e+00 0.00000000e+00
1000 666000 3492000 1.65270000e-05 1.65270000e-05 0.00000000e+00 0.00000000e+00
1000 667000 3492000 1.74790000e-05 1.74790000e-05 0.00000000e+00 0.00000000e+00
1000 668000 3492000 1.77160000e-05 1.77160000e-05 0.00000000e+00 0.00000000e+00
1000 669000 3492000 5.44880000e-06 5.44880000e-06 0.00000000e+00 0.00000000e+00
1000 670000 3492000 3.38710000e-06 3.38710000e-06 0.00000000e+00 0.00000000e+00
1000 671000 3492000 1.10660000e-05 1.10660000e-05 0.00000000e+00 0.00000000e+00
1000 672000 3492000 2.08410000e-05 2.08410000e-05 0.00000000e+00 0.00000000e+00
1000 673000 3492000 2.19410000e-05 2.19410000e-05 0.00000000e+00 0.00000000e+00
1000 674000 3492000 4.67160000e-05 4.67160000e-05 0.00000000e+00 0.00000000e+00
1000 675000 3492000 8.73310000e-05 8.73310000e-05 0.00000000e+00 0.00000000e+00
1000 676000 3492000 1.07620000e-04 1.07620000e-04 0.00000000e+00 0.00000000e+00
1000 677000 3492000 1.38780000e-04 1.38780000e-04 0.00000000e+00 0.00000000e+00
1000 678000 3492000 1.74020000e-04 1.74020000e-04 0.00000000e+00 0.00000000e+00
1000 679000 3492000 2.01390000e-04 2.01390000e-04 0.00000000e+00 0.00000000e+00
1000 680000 3492000 2.69220000e-04 2.69220000e-04 0.00000000e+00 0.00000000e+00
1000 681000 3492000 3.49470000e-04 3.49470000e-04 0.00000000e+00 0.00000000e+00
1000 682000 3492000 4.36150000e-04 4.36150000e-04 0.00000000e+00 0.00000000e+00
1000 683000 3492000 6.69230000e-04 6.69230000e-04 0.00000000e+00 0.00000000e+00
1000 684000 3492000 7.77340000e-04 7.77340000e-04 0.00000000e+00 0.00000000e+00
1000 685000 3492000 8.96990000e-04 8.96990000e-04 0.00000000e+00 0.00000000e+00
1000 686000 3492000 1.14500000e-03 1.14500000e-03 0.00000000e+00 0.00000000e+00
1000 687000 3492000 1.50850000e-03 1.50850000e-03 0.00000000e+00 0.00000000e+00
1000 688000 3492000 1.98940000e-03 1.98940000e-03 0.00000000e+00 0.00000000e+00
1000 689000 3492000 2.46550000e-03 2.46550000e-03 0.00000000e+00 0.00000000e+00
1000 690000 3492000 2.96110000e-03 2.96110000e-03 0.00000000e+00 0.00000000e+00
1000 691000 3492000 2.89150000e-03 2.89150000e-03 0.00000000e+00 0.00000000e+00
1000 692000 3492000 3.88870000e-03 3.88870000e-03 0.00000000e+00 0.00000000e+00
1000 693000 3492000 3.93300000e-03 3.93300000e-03 0.00000000e+00 0.00000000e+00
1000 694000 3492000 4.56290000e-03 4.56290000e-03 0.00000000e+00 0.00000000e+00
1000 695000 3492000 5.32070000e-03 5.32070000e-03 0.00000000e+00 0.00000000e+00
1000 696000 3492000 7.12970000e-03 7.12970000e-03 0.00000000e+00 0.00000000e+00
1000 697000 3492000 7.71630000e-03 7.71630000e-03 0.00000000e+00 0.00000000e+00
1000 698000 3492000 9.08450000e-03 9.08450000e-03 0.00000000e+00 0.00000000e+00
1000 699000 3492000 1.01590000e-02 1.01590000e-02 0.00000000e+00 0.00000000e+00
1000 700000 3492000 1.17920000e-02 1.17920000e-02 0.00000000e+00 0.00000000e+00
1000 701000 3492000 1.36470000e-02 1.36470000e-02 0.00000000e+00 0.00000000e+00
1000 702000 3492000 1.79420000e-02 1.79420000e-02 0.00000000e+00 0.00000000e+00
1000 703000 3492000 1.72030000e-02 1.72030000e-02 0.00000000e+00 0.00000000e+00
1000 704000 3492000 2.07080000e-02 2.07080000e-02 0.00000000e+00 0.00000000e+00
1000 705000 3492000 2.21610000e-02 2.21610000e-02 0.00000000e+00 0.00000000e+00
1000 706000 3492000 2.40850000e-02 2.40850000e-02 0.00000000e+00 0.00000000e+00
1000 707000 3492000 3.04420000e-02 3.04420000e-02 0.00000000e+00 0.00000000e+00
1000 708000 3492000 3.80270000e-02 3.80270000e-02 0.00000000e+00 0.00000000e+00
1000 709000 3492000 4.39060000e-02 4.39060000e-02 0.00000000e+00 0.00000000e+00
1000 710000 3492000 6.09550000e-02 6.09550000e-02 0.00000000e+00 0.00000000e+00
1000 711000 3492000 6.38780000e-02 6.38780000e-02 0.00000000e+00 0.00000000e+00
1000 712000 3492000 8.57400000e-02 8.57400000e-02 0.00000000e+00 0.00000000e+00
1000 713000 3492000 1.02960000e-01 1.02960000e-01 0.00000000e+00 0.00000000e+00
1000 714000 3492000 1.19350000e-01 1.19350000e-01 0.00000000e+00 0.00000000e+00
1000 715000 3492000 1.46060000e-01 1.46060000e-01 0.00000000e+00 0.00000000e+00
1000 716000 3492000 1.89750000e-01 1.89750000e-01 0.00000000e+00 0.00000000e+00
1000 717000 3492000 2.29310000e-01 2.29310000e-01 0.00000000e+00 0.00000000e+00
1000 718000 3492000 2.68370000e-01 2.68370000e-01 0.00000000e+00 0.00000000e+00
1000 719000 3492000 3.16650000e-01 3.16650000e-01 0.00000000e+00 0.00000000e+00
1000 720000 3492000 3.68890000e-01 3.68890000e-01 0.00000000e+00 0.00000000e+00
1000 721000 3492000 4.34280000e-01 4.34280000e-01 0.00000000e+00 0.00000000e+00
1000 722000 3492000 4.73500000e-01 4.73500000e-01 0.00000000e+00 0.00000000e+00
1000 723000 3492000 5.22620000e-01 5.22620000e-01 0.00000000e+00 0.00000000e+00
1000 724000 3492000 5.66580000e-01 5.66580000e-01 0.00000000e+00 0.00000000e+00
1000 725000 3492000 6.03840000e-01 6.03840000e-01 0.00000000e+00 0.00000000e+00
1000 726000 3492000 6.36220000e-01 6.36220000e-01 0.00000000e+00 0.00000000e+00
1000 727000 3492000 6.61260000e-01 6.61260000e-01 0.00000000e+00 0.00000000e+00
1000 728000 3492000 6.79300000e-01 6.79300000e-01 0.00000000e+00 0.00000000e+00
1000 729000 3492000 6.90200000e-01 6.90200000e-01 0.00000000e+00 0.00000000e+00
1000 730000 3492000 6.94600000e-01 6.94600000e-01 0.00000000e+00 0.00000000e+00
1000 731000 3492000 6.91980000e-01 6.91980000e-01 0.00000000e+00 0.00000000e+00
1000 732000 3492000 6.82820000e-01 6.82820000e-01 0.00000000e+00 0.00000000e+00
1000 733000 3492000 6.67480000e-01 6.67480000e-01 0.00000000e+00 0.00000000e+00
1000 734000 3492000 6.46520000e-01 6.46520000e-01 0.00000000e+00 0.00000000e+00
1000 735000 3492000 6.20570000e-01 6.20570000e-01 0.00000000e+00 0.00000000e+00
1000 736000 3492000 5.90410000e-01 5.90410000e-01 0.00000000e+00 0.00000000e+00
1000 737000 3492000 5.56880000e-01 5.56880000e-01 0.00000000e+00 0.00000000e+00
1000 738000 3492000 5.20820000e-01 5.20820000e-01 0.00000000e+00 0.00000000e+00
1000 739000 3492000 4.83120000e-01 4.83120000e-01 0.00000000e+00 0.00000000e+00
1000 740000 3492000 4.44620000e-01 4.44620000e-01 0.00000000e+00 0.00000000e+00
1000 741000 3492000 4.06090000e-01 4.06090000e-01 0.00000000e+00 0.00000000e+00
1000 742000 3492000 3.68240000e-01 3.68240000e-01 0.00000000e+00 0.00000000e+00
1000 743000 3492000 3.31680000e-01 3.31680000e-01 0.00000000e+00 0.00000000e+00
1000 744000 3492000 2.96920000e-01 2.96920000e-01 0.00000000e+00 0.00000000e+00
1000 745000 3492000 2.64340000e-01 2.64340000e-01 0.00000000e+00 0.00000000e+00
1000 746000 3492000 2.34230000e-01 2.34230000e-01 0.00000000e+00 0.00000000e+00
1000 747000 3492000 2.06760000e-01 2.06760000e-01 0.00000000e+00 0.00000000e+00
1000 748000 3492000 1.82010000e-01 1.82010000e-01 0.00000000e+00 0.00000000e+00
1000 749000 3492000 1.59970000e-01 1.59970000e-01 0.00000000e+00 0.00000000e+00
1000 750000 3492000 1.40550000e-01 1.40550000e-01 0.00000000e+00 0.00000000e+00
1000 650000 3491000 2.84240000e-06 2.84240000e-06 0.00000000e+00 0.00000000e+00
1000 651000 3491000 3.19460000e-06 3.19460000e-06 0.00000000e+00 0.00000000e+00
1000 652000 3491000 3.56280000e-06 3.56280000e-06 0.00000000e+00 0.00000000e+00
1000 653000 3491000 3.95620000e-06 3.95620000e-06 0.00000000e+00 0.00000000e+00
1000 654000 3491000 4.37200000e-06 4.37200000e-06 0.00000000e+00 0.00000000e+00
1000 655000 3491000 4.80390000e-06 4.80390000e-06 0.00000000e+00 0.00000000e+00
1000 656000 3491000 5.24230000e-06 5.24230000e-06 0.00000000e+00 0.00000000e+00
1000 657000 3491000 5.66500000e-06 5.66500000e-06 0.00000000e+00 0.00000000e+00
1000 658000 3491000 6.09150000e-06 6.09150000e-06 0.00000000e+00 0.00000000e+00
1000 659000 3491000 6.57410000e-06 6.57410000e-06 0.00000000e+00 0.00000000e+00
1000 660000 3491000 6.99390000e-06 6.99390000e-06 0.00000000e+00 0.00000000e+00
1000 661000 3491000 7.30710000e-06 7.30710000e-06 0.00000000e+00 0.00000000e+00
1000 662000 3491000 7.57080000e-06 7.57080000e-06 0.00000000e+00 0.00000000e+00
1000 663000 3491000 7.84970000e-06 7.84970000e-06 0.00000000e+00 0.00000000e+00
1000 664000 3491000 7.77750000e-06 7.77750000e-06 0.00000000e+00 0.00000000e+00
1000 665000 3491000 7.61540000e-06 7.61540000e-06 0.00000000e+00 0.00000000e+00
1000 666000 3491000 6.84670000e-06 6.84670000e-06 0.00000000e+00 0.00000000e+00
1000 667000 3491000 5.62010000e-06 5.62010000e-06 0.00000000e+00 0.00000000e+00
1000 668000 3491000 4.92980000e-06 4.92980000e-06 0.00000000e+00 0.00000000e+00
1000 669000 3491000 5.90480000e-06 5.90480000e-06 0.00000000e+00 0.00000000e+00
1000 670000 3491000 2.92600000e-06 2.92600000e-06 0.00000000e+00 0.00000000e+00
1000 671000 3491000 4.36120000e-06 4.36120000e-06 0.00000000e+00 0.00000000e+00
1000 672000 3491000 2.78620000e-05 2.78620000e-05 0.00000000e+00 0.00000000e+00
1000 673000 3491000 2.92670000e-05 2.92670000e-05 0.00000000e+00 0.00000000e+00
1000 674000 3491000 3.95870000e-05 3.95870000e-05 0.00000000e+00 0.00000000e+00
1000 675000 3491000 5.11220000e-05 5.11220000e-05 0.00000000e+00 0.00000000e+00
1000 676000 3491000 1.21660000e-04 1.21660000e-04 0.00000000e+00 0.00000000e+00
1000 677000 3491000 1.31290000e-04 1.31290000e-04 0.00000000e+00 0.00000000e+00
1000 678000 3491000 1.82850000e-04 1.82850000e-04 0.00000000e+00 0.00000000e+00
1000 679000 3491000 2.18340000e-04 2.18340000e-04 0.00000000e+00 0.00000000e+00
1000 680000 3491000 3.31240000e-04 3.31240000e-04 0.00000000e+00 0.00000000e+00
1000 681000 3491000 4.02190000e-04 4.02190000e-04 0.00000000e+00 0.00000000e+00
1000 682000 3491000 4.19760000e-04 4.19760000e-04 0.00000000e+00 0.00000000e+00
1000 683000 3491000 5.98340000e-04 5.98340000e-04 0.00000000e+00 0.00000000e+00
1000 684000 3491000 8.02460000e-04 8.02460000e-04 0.00000000e+00 0.00000000e+00
1000 685000 3491000 9.21440000e-04 9.21440000e-04 0.00000000e+00 0.00000000e+00
1000 686000 3491000 1.17340000e-03 1.17340000e-03 0.00000000e+00 0.00000000e+00
1000 687000 3491000 1.51580000e-03 1.51580000e-03 0.00000000e+00 0.00000000e+00
1000 688000 3491000 2.05560000e-03 2.05560000e-03 0.00000000e+00 0.00000000e+00
1000 689000 3491000 2.29970000e-03 2.29970000e-03 0.00000000e+00 0.00000000e+00
1000 690000 3491000 2.78480000e-03 2.78480000e-03 0.00000000e+00 0.00000000e+00
1000 691000 3491000 3.06560000e-03 3.06560000e-03 0.00000000e+00 0.00000000e+00
1000 692000 3491000 4.04920000e-03 4.04920000e-03 0.00000000e+00 0.00000000e+00
1000 693000 3491000 4.32280000e-03 4.32280000e-03 0.00000000e+00 0.00000000e+00
1000 694000 3491000 4.64470000e-03 4.64470000e-03 0.00000000e+00 0.00000000e+00
1000 695000 3491000 5.63390000e-03 5.63390000e-03 0.00000000e+00 0.00000000e+00
1000 696000 3491000 6.89300000e-03 6.89300000e-03 0.00000000e+00 0.00000000e+00
1000 697000 3491000 7.65970000e-03 7.65970000e-03 0.00000000e+00 0.00000000e+00
1000 698000 3491000 8.95840000e-03 8.95840000e-03 0.00000000e+00 0.00000000e+00
1000 699000 3491000 1.14480000e-02 1.14480000e-02 0.00000000e+00 0.00000000e+00
1000 700000 3491000 1.14410000e-02 1.14410000e-02 0.00000000e+00 0.00000000e+00
1000 701000 3491000 1.30390000e-02 1.30390000e-02 0.00000000e+00 0.00000000e+00
1000 702000 3491000 1.52730000e-02 1.52730000e-02 0.00000000e+00 0.00000000e+00
1000 703000 3491000 1.74890000e-02 1.74890000e-02 0.00000000e+00 0.00000000e+00
1000 704000 3491000 1.93600000e-02 1.93600000e-02 0.00000000e+00 0.00000000e+00
1000 705000 3491000 2.27850000e-02 2.27850000e-02 0.00000000e+00 0.00000000e+00
1000 706000 3491000 2.15720000e-02 2.15720000e-02 0.00000000e+00 0.00000000e+00
1000 707000 3491000 3.07780000e-02 3.07780000e-02 0.00000000e+00 0.00000000e+00
1000 708000 3491000 3.46290000e-02 3.46290000e-02 0.00000000e+00 0.00000000e+00
1000 709000 3491000 3.84490000e-02 3.84490000e-02 0.00000000e+00 0.00000000e+00
1000 710000 3491000 5.10000000e-02 5.10000000e-02 0.00000000e+00 0.00000000e+00
1000 711000 3491000 5.80720000e-02 5.80720000e-02 0.00000000e+00 0.00000000e+00
1000 712000 3491000 6.77140000e-02 6.77140000e-02 0.00000000e+00 0.00000000e+00
1000 713000 3491000 7.85660000e-02 7.85660000e-02 0.00000000e+00 0.00000000e+00
1000 714000 3491000 9.48060000e-02 9.48060000e-02 0.00000000e+00 0.00000000e+00
1000 715000 3491000 1.14360000e-01 1.14360000e-01 0.00000000e+00 0.00000000e+00
1000 716000 3491000 1.37920000e-01 1.37920000e-01 0.00000000e+00 0.00000000e+00
1000 717000 3491000 1.67750000e-01 1.67750000e-01 0.00000000e+00 0.00000000e+00
1000 718000 3491000 1.99030000e-01 1.99030000e-01 0.00000000e+00 0.00000000e+00
1000 719000 3491000 2.31730000e-01 2.31730000e-01 0.00000000e+00 0.00000000e+00
1000 720000 3491000 2.72030000e-01 2.72030000e-01 0.00000000e+00 0.00000000e+00
1000 721000 3491000 3.14310000e-01 3.14310000e-01 0.00000000e+00 0.00000000e+00
1000 722000 3491000 3.57880000e-01 3.57880000e-01 0.00000000e+00 0.00000000e+00
1000 723000 3491000 4.00090000e-01 4.00090000e-01 0.00000000e+00 0.00000000e+00
1000 724000 3491000 4.51550000e-01 4.51550000e-01 0.00000000e+00 0.00000000e+00
1000 725000 3491000 4.79640000e-01 4.79640000e-01 0.00000000e+00 0.00000000e+00
1000 726000 3491000 5.13890000e-01 5.13890000e-01 0.00000000e+00 0.00000000e+00
1000 727000 3491000 5.44840000e-01 5.44840000e-01 0.00000000e+00 0.00000000e+00
1000 728000 3491000 5.70770000e-01 5.70770000e-01 0.00000000e+00 0.00000000e+00
1000 729000 3491000 5.93020000e-01 5.93020000e-01 0.00000000e+00 0.00000000e+00
1000 730000 3491000 6.07220000e-01 6.07220000e-01 0.00000000e+00 0.00000000e+00
1000 731000 3491000 6.17080000e-01 6.17080000e-01 0.00000000e+00 0.00000000e+00
1000 732000 3491000 6.21070000e-01 6.21070000e-01 0.00000000e+00 0.00000000e+00
1000 733000 3491000 6.19170000e-01 6.19170000e-01 0.00000000e+00 0.00000000e+00
1000 734000 3491000 6.11510000e-01 6.11510000e-01 0.00000000e+00 0.00000000e+00
1000 735000 3491000 5.98380000e-01 5.98380000e-01 0.00000000e+00 0.00000000e+00
1000 736000 3491000 5.80230000e-01 5.80230000e-01 0.00000000e+00 0.00000000e+00
1000 737000 3491000 5.57620000e-01 5.57620000e-01 0.00000000e+00 0.00000000e+00
1000 738000 3491000 5.31210000e-01 5.31210000e-01 0.00000000e+00 0.00000000e+00
1000 739000 3491000 5.01740000e-01 5.01740000e-01 0.00000000e+00 0.00000000e+00
1000 740000 3491000 4.69960000e-01 4.69960000e-01 0.00000000e+00 0.00000000e+00
1000 741000 3491000 4.36660000e-01 4.36660000e-01 0.00000000e+00 0.00000000e+00
1000 742000 3491000 4.02570000e-01 4.02570000e-01 0.00000000e+00 0.00000000e+00
1000 743000 3491000 3.68410000e-01 3.68410000e-01 0.00000000e+00 0.00000000e+00
1000 744000 3491000 3.34790000e-01 3.34790000e-01 0.00000000e+00 0.00000000e+00
1000 745000 3491000 3.02260000e-01 3.02260000e-01 0.00000000e+00 0.00000000e+00
1000 746000 3491000 2.71280000e-01 2.71280000e-01 0.00000000e+00 0.00000000e+00
1000 747000 3491000 2.42200000e-01 2.42200000e-01 0.00000000e+00 0.00000000e+00
1000 748000 3491000 2.15280000e-01 2.15280000e-01 0.00000000e+00 0.00000000e+00
1000 749000 3491000 1.90670000e-01 1.90670000e-01 0.00000000e+00 0.00000000e+00
1000 750000 3491000 1.68460000e-01 1.68460000e-01 0.00000000e+00 0.00000000e+00
1000 650000 3490000 2.92300000e-06 2.92300000e-06 0.00000000e+00 0.00000000e+00
1000 651000 3490000 3.27980000e-06 3.27980000e-06 0.00000000e+00 0.00000000e+00
1000 652000 3490000 3.65190000e-06 3.65190000e-06 0.00000000e+00 0.00000000e+00
1000 653000 3490000 4.04290000e-06 4.04290000e-06 0.00000000e+00 0.00000000e+00
1000 654000 3490000 4.45200000e-06 4.45200000e-06 0.00000000e+00 0.00000000e+00
1000 655000 3490000 4.86710000e-06 4.86710000e-06 0.00000000e+00 0.00000000e+00
1000 656000 3490000 5.27070000e-06 5.27070000e-06 0.00000000e+00 0.00000000e+00
1000 657000 3490000 5.63310000e-06 5.63310000e-06 0.00000000e+00 0.00000000e+00
1000 658000 3490000 6.01880000e-06 6.01880000e-06 0.00000000e+00 0.00000000e+00
1000 659000 3490000 6.36750000e-06 6.36750000e-06 0.00000000e+00 0.00000000e+00
1000 660000 3490000 6.55100000e-06 6.55100000e-06 0.00000000e+00 0.00000000e+00
1000 661000 3490000 6.55390000e-06 6.55390000e-06 0.00000000e+00 0.00000000e+00
1000 662000 3490000 6.51860000e-06 6.51860000e-06 0.00000000e+00 0.00000000e+00
1000 663000 3490000 6.12810000e-06 6.12810000e-06 0.00000000e+00 0.00000000e+00
1000 664000 3490000 5.37420000e-06 5.37420000e-06 0.00000000e+00 0.00000000e+00
1000 665000 3490000 4.12270000e-06 4.12270000e-06 0.00000000e+00 0.00000000e+00
1000 666000 3490000 2.43170000e-06 2.43170000e-06 0.00000000e+00 0.00000000e+00
1000 667000 3490000 3.98140000e-06 3.98140000e-06 0.00000000e+00 0.00000000e+00
1000 668000 3490000 6.30410000e-06 6.30410000e-06 0.00000000e+00 0.00000000e+00
1000 669000 3490000 1.62570000e-05 1.62570000e-05 0.00000000e+00 0.00000000e+00
1000 670000 3490000 1.35420000e-05 1.35420000e-05 0.00000000e+00 0.00000000e+00
1000 671000 3490000 2.77200000e-05 2.77200000e-05 0.00000000e+00 0.00000000e+00
1000 672000 3490000 4.22450000e-05 4.22450000e-05 0.00000000e+00 0.00000000e+00
1000 673000 3490000 4.57990000e-05 4.57990000e-05 0.00000000e+00 0.00000000e+00
1000 674000 3490000 4.75570000e-05 4.75570000e-05 0.00000000e+00 0.00000000e+00
1000 675000 3490000 7.91090000e-05 7.91090000e-05 0.00000000e+00 0.00000000e+00
1000 676000 3490000 8.53940000e-05 8.53940000e-05 0.00000000e+00 0.00000000e+00
1000 677000 3490000 1.36410000e-04 1.36410000e-04 0.00000000e+00 0.00000000e+00
1000 678000 3490000 2.11010000e-04 2.11010000e-04 0.00000000e+00 0.00000000e+00
1000 679000 3490000 2.15740000e-04 2.15740000e-04 0.00000000e+00 0.00000000e+00
1000 680000 3490000 2.89120000e-04 2.89120000e-04 0.00000000e+00 0.00000000e+00
1000 681000 3490000 3.97820000e-04 3.97820000e-04 0.00000000e+00 0.00000000e+00
1000 682000 3490000 5.21090000e-04 5.21090000e-04 0.00000000e+00 0.00000000e+00
1000 683000 3490000 5.52880000e-04 5.52880000e-04 0.00000000e+00 0.00000000e+00
1000 684000 3490000 7.53210000e-04 7.53210000e-04 0.00000000e+00 0.00000000e+00
1000 685000 3490000 8.67380000e-04 8.67380000e-04 0.00000000e+00 0.00000000e+00
1000 686000 3490000 1.30250000e-03 1.30250000e-03 0.00000000e+00 0.00000000e+00
1000 687000 3490000 1.31120000e-03 1.31120000e-03 0.00000000e+00 0.00000000e+00
1000 688000 3490000 1.81430000e-03 1.81430000e-03 0.00000000e+00 0.00000000e+00
1000 689000 3490000 2.06940000e-03 2.06940000e-03 0.00000000e+00 0.00000000e+00
1000 690000 3490000 2.85980000e-03 2.85980000e-03 0.00000000e+00 0.00000000e+00
1000 691000 3490000 3.42930000e-03 3.42930000e-03 0.00000000e+00 0.00000000e+00
1000 692000 3490000 3.14510000e-03 3.14510000e-03 0.00000000e+00 0.00000000e+00
1000 693000 3490000 4.17870000e-03 4.17870000e-03 0.00000000e+00 0.00000000e+00
1000 694000 3490000 4.94380000e-03 4.94380000e-03 0.00000000e+00 0.00000000e+00
1000 695000 3490000 5.48220000e-03 5.48220000e-03 0.00000000e+00 0.00000000e+00
1000 696000 3490000 6.53560000e-03 6.53560000e-03 0.00000000e+00 0.00000000e+00
1000 697000 3490000 7.82100000e-03 7.82100000e-03 0.00000000e+00 0.00000000e+00
1000 698000 3490000 8.69950000e-03 8.69950000e-03 0.00000000e+00 0.00000000e+00
1000 699000 3490000 1.00460000e-02 1.00460000e-02 0.00000000e+00 0.00000000e+00
1000 700000 3490000 1.13510000e-02 1.13510000e-02 0.00000000e+00 0.00000000e+00
1000 701000 3490000 1.28050000e-02 1.28050000e-02 0.00000000e+00 0.00000000e+00
1000 702000 3490000 1.67230000e-02 1.67230000e-02 0.00000000e+00 0.00000000e+00
1000 703000 3490000 1.62390000e-02 1.62390000e-02 0.00000000e+00 0.00000000e+00
1000 704000 3490000 2.05750000e-02 2.05750000e-02 0.00000000e+00 0.00000000e+00
1000 705000 3490000 2.30850000e-02 2.30850000e-02 0.00000000e+00 0.00000000e+00
1000 706000 3490000 2.49720000e-02 2.49720000e-02 0.00000000e+00 0.00000000e+00
1000 707000 3490000 3.05050000e-02 3.05050000e-02 0.00000000e+00 0.00000000e+00
1000 708000 3490000 3.21460000e-02 3.21460000e-02 0.00000000e+00 0.00000000e+00
1000 709000 3490000 3.44440000e-02 3.44440000e-02 0.00000000e+00 0.00000000e+00
1000 710000 3490000 4.37750000e-02 4.37750000e-02 0.00000000e+00 0.00000000e+00
1000 711000 3490000 4.98950000e-02 4.98950000e-02 0.00000000e+00 0.00000000e+00
1000 712000 3490000 5.80840000e-02 5.80840000e-02 0.00000000e+00 0.00000000e+00
1000 713000 3490000 6.62900000e-02 6.62900000e-02 0.00000000e+00 0.00000000e+00
1000 714000 3490000 7.63040000e-02 7.63040000e-02 0.00000000e+00 0.00000000e+00
1000 715000 3490000 8.82690000e-02 8.82690000e-02 0.00000000e+00 0.00000000e+00
1000 716000 3490000 1.05030000e-01 1.05030000e-01 0.00000000e+00 0.00000000e+00
1000 717000 3490000 1.16370000e-01 1.16370000e-01 0.00000000e+00 0.00000000e+00
1000 718000 3490000 1.49380000e-01 1.49380000e-01 0.00000000e+00 0.00000000e+00
1000 719000 3490000 1.71620000e-01 1.71620000e-01 0.00000000e+00 0.00000000e+00
1000 720000 3490000 2.16560000e-01 2.16560000e-01 0.00000000e+00 0.00000000e+00
1000 721000 3490000 2.32500000e-01 2.32500000e-01 0.00000000e+00 0.00000000e+00
1000 722000 3490000 2.65830000e-01 2.65830000e-01 0.00000000e+00 0.00000000e+00
1000 723000 3490000 2.98760000e-01 2.98760000e-01 0.00000000e+00 0.00000000e+00
1000 724000 3490000 3.36060000e-01 3.36060000e-01 0.00000000e+00 0.00000000e+00
1000 725000 3490000 3.70250000e-01 3.70250000e-01 0.00000000e+00 0.00000000e+00
1000 726000 3490000 4.02550000e-01 4.02550000e-01 0.00000000e+00 0.00000000e+00
1000 727000 3490000 4.34720000e-01 4.34720000e-01 0.00000000e+00 0.00000000e+00
1000 728000 3490000 4.63630000e-01 4.63630000e-01 0.00000000e+00 0.00000000e+00
1000 729000 3490000 4.88030000e-01 4.88030000e-01 0.00000000e+00 0.00000000e+00
1000 730000 3490000 5.12030000e-01 5.12030000e-01 0.00000000e+00 0.00000000e+00
1000 731000 3490000 5.30390000e-01 5.30390000e-01 0.00000000e+00 0.00000000e+00
1000 732000 3490000 5.44220000e-01 5.44220000e-01 0.00000000e+00 0.00000000e+00
1000 733000 3490000 5.53150000e-01 5.53150000e-01 0.00000000e+00 0.00000000e+00
1000 734000 3490000 5.56970000e-01 5.56970000e-01 0.00000000e+00 0.00000000e+00
1000 735000 3490000 5.55600000e-01 5.55600000e-01 0.00000000e+00 0.00000000e+00
1000 736000 3490000 5.49150000e-01 5.49150000e-01 0.00000000e+00 0.00000000e+00
1000 737000 3490000 5.37830000e-01 5.37830000e-01 0.00000000e+00 0.00000000e+00
1000 738000 3490000 5.22040000e-01 5.22040000e-01 0.00000000e+00 0.00000000e+00
1000 739000 3490000 5.02240000e-01 5.02240000e-01 0.00000000e+00 0.00000000e+00
1000 740000 3490000 4.79040000e-01 4.79040000e-01 0.00000000e+00 0.00000000e+00
1000 741000 3490000 4.53050000e-01 4.53050000e-01 0.00000000e+00 0.00000000e+00
1000 742000 3490000 4.24970000e-01 4.24970000e-01 0.00000000e+00 0.00000000e+00
1000 743000 3490000 3.95480000e-01 3.95480000e-01 0.00000000e+00 0.00000000e+00
1000 744000 3490000 3.65230000e-01 3.65230000e-01 0.00000000e+00 0.00000000e+00
1000 745000 3490000 3.34870000e-01 3.34870000e-01 0.00000000e+00 0.00000000e+00
1000 746000 3490000 3.04940000e-01 3.04940000e-01 0.00000000e+00 0.00000000e+00
1000 747000 3490000 2.75930000e-01 2.75930000e-01 0.00000000e+00 0.00000000e+00
1000 748000 3490000 2.48270000e-01 2.48270000e-01 0.00000000e+00 0.00000000e+00
1000 749000 3490000 2.22260000e-01 2.22260000e-01 0.00000000e+00 0.00000000e+00
1000 750000 3490000 1.98140000e-01 1.98140000e-01 0.00000000e+00 0.00000000e+00
1000 650000 3489000 3.01260000e-06 3.01260000e-06 0.00000000e+00 0.00000000e+00
1000 651000 3489000 3.37630000e-06 3.37630000e-06 0.00000000e+00 0.00000000e+00
1000 652000 3489000 3.75480000e-06 3.75480000e-06 0.00000000e+00 0.00000000e+00
1000 653000 3489000 4.15000000e-06 4.15000000e-06 0.00000000e+00 0.00000000e+00
1000 654000 3489000 4.56040000e-06 4.56040000e-06 0.00000000e+00 0.00000000e+00
1000 655000 3489000 4.97040000e-06 4.97040000e-06 0.00000000e+00 0.00000000e+00
1000 656000 3489000 5.36080000e-06 5.36080000e-06 0.00000000e+00 0.00000000e+00
1000 657000 3489000 5.69430000e-06 5.69430000e-06 0.00000000e+00 0.00000000e+00
1000 658000 3489000 6.04830000e-06 6.04830000e-06 0.00000000e+00 0.00000000e+00
1000 659000 3489000 6.31420000e-06 6.31420000e-06 0.00000000e+00 0.00000000e+00
1000 660000 3489000 6.35240000e-06 6.35240000e-06 0.00000000e+00 0.00000000e+00
1000 661000 3489000 6.25110000e-06 6.25110000e-06 0.00000000e+00 0.00000000e+00
1000 662000 3489000 5.91890000e-06 5.91890000e-06 0.00000000e+00 0.00000000e+00
1000 663000 3489000 5.31000000e-06 5.31000000e-06 0.00000000e+00 0.00000000e+00
1000 664000 3489000 4.27280000e-06 4.27280000e-06 0.00000000e+00 0.00000000e+00
1000 665000 3489000 2.99720000e-06 2.99720000e-06 0.00000000e+00 0.00000000e+00
1000 666000 3489000 1.89360000e-06 1.89360000e-06 0.00000000e+00 0.00000000e+00
1000 667000 3489000 4.08020000e-06 4.08020000e-06 0.00000000e+00 0.00000000e+00
1000 668000 3489000 6.77740000e-06 6.77740000e-06 0.00000000e+00 0.00000000e+00
1000 669000 3489000 9.69370000e-06 9.69370000e-06 0.00000000e+00 0.00000000e+00
1000 670000 3489000 9.12030000e-06 9.12030000e-06 0.00000000e+00 0.00000000e+00
1000 671000 3489000 1.66430000e-05 1.66430000e-05 0.00000000e+00 0.00000000e+00
1000 672000 3489000 2.32500000e-05 2.32500000e-05 0.00000000e+00 0.00000000e+00
1000 673000 3489000 4.49170000e-05 4.49170000e-05 0.00000000e+00 0.00000000e+00
1000 674000 3489000 8.54200000e-05 8.54200000e-05 0.00000000e+00 0.00000000e+00
1000 675000 3489000 1.15890000e-04 1.15890000e-04 0.00000000e+00 0.00000000e+00
1000 676000 3489000 1.21350000e-04 1.21350000e-04 0.00000000e+00 0.00000000e+00
1000 677000 3489000 1.40670000e-04 1.40670000e-04 0.00000000e+00 0.00000000e+00
1000 678000 3489000 1.70620000e-04 1.70620000e-04 0.00000000e+00 0.00000000e+00
1000 679000 3489000 2.58880000e-04 2.58880000e-04 0.00000000e+00 0.00000000e+00
1000 680000 3489000 3.28540000e-04 3.28540000e-04 0.00000000e+00 0.00000000e+00
1000 681000 3489000 4.11100000e-04 4.11100000e-04 0.00000000e+00 0.00000000e+00
1000 682000 3489000 4.70220000e-04 4.70220000e-04 0.00000000e+00 0.00000000e+00
1000 683000 3489000 5.67730000e-04 5.67730000e-04 0.00000000e+00 0.00000000e+00
1000 684000 3489000 8.02830000e-04 8.02830000e-04 0.00000000e+00 0.00000000e+00
1000 685000 3489000 8.29920000e-04 8.29920000e-04 0.00000000e+00 0.00000000e+00
1000 686000 3489000 9.97100000e-04 9.97100000e-04 0.00000000e+00 0.00000000e+00
1000 687000 3489000 1.34140000e-03 1.34140000e-03 0.00000000e+00 0.00000000e+00
1000 688000 3489000 1.60830000e-03 1.60830000e-03 0.00000000e+00 0.00000000e+00
1000 689000 3489000 1.92640000e-03 1.92640000e-03 0.00000000e+00 0.00000000e+00
1000 690000 3489000 2.56790000e-03 2.56790000e-03 0.00000000e+00 0.00000000e+00
1000 691000 3489000 3.36150000e-03 3.36150000e-03 0.00000000e+00 0.00000000e+00
1000 692000 3489000 3.69000000e-03 3.69000000e-03 0.00000000e+00 0.00000000e+00
1000 693000 3489000 4.00260000e-03 4.00260000e-03 0.00000000e+00 0.00000000e+00
1000 694000 3489000 4.89510000e-03 4.89510000e-03 0.00000000e+00 0.00000000e+00
1000 695000 3489000 5.50560000e-03 5.50560000e-03 0.00000000e+00 0.00000000e+00
1000 696000 3489000 6.37460000e-03 6.37460000e-03 0.00000000e+00 0.00000000e+00
1000 697000 3489000 7.56320000e-03 7.56320000e-03 0.00000000e+00 0.00000000e+00
1000 698000 3489000 9.11640000e-03 9.11640000e-03 0.00000000e+00 0.00000000e+00
1000 699000 3489000 1.02740000e-02 1.02740000e-02 0.00000000e+00 0.00000000e+00
1000 700000 3489000 1.30590000e-02 1.30590000e-02 0.00000000e+00 0.00000000e+00
1000 701000 3489000 1.26950000e-02 1.26950000e-02 0.00000000e+00 0.00000000e+00
1000 702000 3489000 1.47120000e-02 1.47120000e-02 0.00000000e+00 0.00000000e+00
1000 703000 3489000 1.91170000e-02 1.91170000e-02 0.00000000e+00 0.00000000e+00
1000 704000 3489000 2.07450000e-02 2.07450000e-02 0.00000000e+00 0.00000000e+00
1000 705000 3489000 2.10210000e-02 2.10210000e-02 0.00000000e+00 0.00000000e+00
1000 706000 3489000 2.44660000e-02 2.44660000e-02 0.00000000e+00 0.00000000e+00
1000 707000 3489000 2.30520000e-02 2.30520000e-02 0.00000000e+00 0.00000000e+00
1000 708000 3489000 2.38540000e-02 2.38540000e-02 0.00000000e+00 0.00000000e+00
1000 709000 3489000 2.86600000e-02 2.86600000e-02 0.00000000e+00 0.00000000e+00
1000 710000 3489000 3.54070000e-02 3.54070000e-02 0.00000000e+00 0.00000000e+00
1000 711000 3489000 4.61550000e-02 4.61550000e-02 0.00000000e+00 0.00000000e+00
1000 712000 3489000 5.20850000e-02 5.20850000e-02 0.00000000e+00 0.00000000e+00
1000 713000 3489000 5.79880000e-02 5.79880000e-02 0.00000000e+00 0.00000000e+00
1000 714000 3489000 6.49500000e-02 6.49500000e-02 0.00000000e+00 0.00000000e+00
1000 715000 3489000 7.28650000e-02 7.28650000e-02 0.00000000e+00 0.00000000e+00
1000 716000 3489000 8.56870000e-02 8.56870000e-02 0.00000000e+00 0.00000000e+00
1000 717000 3489000 9.74070000e-02 9.74070000e-02 0.00000000e+00 0.00000000e+00
1000 718000 3489000 1.13880000e-01 1.13880000e-01 0.00000000e+00 0.00000000e+00
1000 719000 3489000 1.31390000e-01 1.31390000e-01 0.00000000e+00 0.00000000e+00
1000 720000 3489000 1.51920000e-01 1.51920000e-01 0.00000000e+00 0.00000000e+00
1000 721000 3489000 1.74260000e-01 1.74260000e-01 0.00000000e+00 0.00000000e+00
1000 722000 3489000 1.98850000e-01 1.98850000e-01 0.00000000e+00 0.00000000e+00
1000 723000 3489000 2.24780000e-01 2.24780000e-01 0.00000000e+00 0.00000000e+00
1000 724000 3489000 2.53210000e-01 2.53210000e-01 0.00000000e+00 0.00000000e+00
1000 725000 3489000 2.80130000e-01 2.80130000e-01 0.00000000e+00 0.00000000e+00
1000 726000 3489000 3.10370000e-01 3.10370000e-01 0.00000000e+00 0.00000000e+00
1000 727000 3489000 3.38870000e-01 3.38870000e-01 0.00000000e+00 0.00000000e+00
1000 728000 3489000 3.66790000e-01 3.66790000e-01 0.00000000e+00 0.00000000e+00
1000 729000 3489000 3.93530000e-01 3.93530000e-01 0.00000000e+00 0.00000000e+00
1000 730000 3489000 4.18490000e-01 4.18490000e-01 0.00000000e+00 0.00000000e+00
1000 731000 3489000 4.41130000e-01 4.41130000e-01 0.00000000e+00 0.00000000e+00
1000 732000 3489000 4.60820000e-01 4.60820000e-01 0.00000000e+00 0.00000000e+00
1000 733000 3489000 4.77020000e-01 4.77020000e-01 0.00000000e+00 0.00000000e+00
1000 734000 3489000 4.89300000e-01 4.89300000e-01 0.00000000e+00 0.00000000e+00
1000 735000 3489000 4.97320000e-01 4.97320000e-01 0.00000000e+00 0.00000000e+00
1000 736000 3489000 5.00860000e-01 5.00860000e-01 0.00000000e+00 0.00000000e+00
1000 737000 3489000 4.99830000e-01 4.99830000e-01 0.00000000e+00 0.00000000e+00
1000 738000 3489000 4.94300000e-01 4.94300000e-01 0.00000000e+00 0.00000000e+00
1000 739000 3489000 4.84470000e-01 4.84470000e-01 0.00000000e+00 0.00000000e+00
1000 740000 3489000 4.70650000e-01 4.70650000e-01 0.00000000e+00 0.00000000e+00
1000 741000 3489000 4.53260000e-01 4.53260000e-01 0.00000000e+00 0.00000000e+00
1000 742000 3489000 4.32800000e-01 4.32800000e-01 0.00000000e+00 0.00000000e+00
1000 743000 3489000 4.09830000e-01 4.09830000e-01 0.00000000e+00 0.00000000e+00
1000 744000 3489000 3.84960000e-01 3.84960000e-01 0.00000000e+00 0.00000000e+00
1000 745000 3489000 3.58790000e-01 3.58790000e-01 0.00000000e+00 0.00000000e+00
1000 746000 3489000 3.31900000e-01 3.31900000e-01 0.00000000e+00 0.00000000e+00
1000 747000 3489000 3.04860000e-01 3.04860000e-01 0.00000000e+00 0.00000000e+00
1000 748000 3489000 2.78170000e-01 2.78170000e-01 0.00000000e+00 0.00000000e+00
1000 749000 3489000 2.52270000e-01 2.52270000e-01 0.00000000e+00 0.00000000e+00
1000 750000 3489000 2.27520000e-01 2.27520000e-01 0.00000000e+00 0.00000000e+00
1000 650000 3488000 3.11170000e-06 3.11170000e-06 0.00000000e+00 0.00000000e+00
1000 651000 3488000 3.48440000e-06 3.48440000e-06 0.00000000e+00 0.00000000e+00
1000 652000 3488000 3.87380000e-06 3.87380000e-06 0.00000000e+00 0.00000000e+00
1000 653000 3488000 4.28020000e-06 4.28020000e-06 0.00000000e+00 0.00000000e+00
1000 654000 3488000 4.70220000e-06 4.70220000e-06 0.00000000e+00 0.00000000e+00
1000 655000 3488000 5.12420000e-06 5.12420000e-06 0.00000000e+00 0.00000000e+00
1000 656000 3488000 5.52410000e-06 5.52410000e-06 0.00000000e+00 0.00000000e+00
1000 657000 3488000 5.86080000e-06 5.86080000e-06 0.00000000e+00 0.00000000e+00
1000 658000 3488000 6.19580000e-06 6.19580000e-06 0.00000000e+00 0.00000000e+00
1000 659000 3488000 6.45400000e-06 6.45400000e-06 0.00000000e+00 0.00000000e+00
1000 660000 3488000 6.47220000e-06 6.47220000e-06 0.00000000e+00 0.00000000e+00
1000 661000 3488000 6.33180000e-06 6.33180000e-06 0.00000000e+00 0.00000000e+00
1000 662000 3488000 5.95030000e-06 5.95030000e-06 0.00000000e+00 0.00000000e+00
1000 663000 3488000 5.29620000e-06 5.29620000e-06 0.00000000e+00 0.00000000e+00
1000 664000 3488000 4.22280000e-06 4.22280000e-06 0.00000000e+00 0.00000000e+00
1000 665000 3488000 2.97920000e-06 2.97920000e-06 0.00000000e+00 0.00000000e+00
1000 666000 3488000 2.82620000e-06 2.82620000e-06 0.00000000e+00 0.00000000e+00
1000 667000 3488000 4.72200000e-06 4.72200000e-06 0.00000000e+00 0.00000000e+00
1000 668000 3488000 6.78620000e-06 6.78620000e-06 0.00000000e+00 0.00000000e+00
1000 669000 3488000 8.30100000e-06 8.30100000e-06 0.00000000e+00 0.00000000e+00
1000 670000 3488000 5.43940000e-06 5.43940000e-06 0.00000000e+00 0.00000000e+00
1000 671000 3488000 9.17200000e-06 9.17200000e-06 0.00000000e+00 0.00000000e+00
1000 672000 3488000 2.33090000e-05 2.33090000e-05 0.00000000e+00 0.00000000e+00
1000 673000 3488000 1.39230000e-05 1.39230000e-05 0.00000000e+00 0.00000000e+00
1000 674000 3488000 4.42370000e-05 4.42370000e-05 0.00000000e+00 0.00000000e+00
1000 675000 3488000 6.32920000e-05 6.32920000e-05 0.00000000e+00 0.00000000e+00
1000 676000 3488000 1.18070000e-04 1.18070000e-04 0.00000000e+00 0.00000000e+00
1000 677000 3488000 1.68290000e-04 1.68290000e-04 0.00000000e+00 0.00000000e+00
1000 678000 3488000 1.58850000e-04 1.58850000e-04 0.00000000e+00 0.00000000e+00
1000 679000 3488000 2.14590000e-04 2.14590000e-04 0.00000000e+00 0.00000000e+00
1000 680000 3488000 2.84570000e-04 2.84570000e-04 0.00000000e+00 0.00000000e+00
1000 681000 3488000 3.19090000e-04 3.19090000e-04 0.00000000e+00 0.00000000e+00
1000 682000 3488000 4.10560000e-04 4.10560000e-04 0.00000000e+00 0.00000000e+00
1000 683000 3488000 5.41220000e-04 5.41220000e-04 0.00000000e+00 0.00000000e+00
1000 684000 3488000 6.54220000e-04 6.54220000e-04 0.00000000e+00 0.00000000e+00
1000 685000 3488000 7.81010000e-04 7.81010000e-04 0.00000000e+00 0.00000000e+00
1000 686000 3488000 9.86820000e-04 9.86820000e-04 0.00000000e+00 0.00000000e+00
1000 687000 3488000 1.05260000e-03 1.05260000e-03 0.00000000e+00 0.00000000e+00
1000 688000 3488000 1.40230000e-03 1.40230000e-03 0.00000000e+00 0.00000000e+00
1000 689000 3488000 1.81060000e-03 1.81060000e-03 0.00000000e+00 0.00000000e+00
1000 690000 3488000 2.22860000e-03 2.22860000e-03 0.00000000e+00 0.00000000e+00
1000 691000 3488000 2.84930000e-03 2.84930000e-03 0.00000000e+00 0.00000000e+00
1000 692000 3488000 4.15610000e-03 4.15610000e-03 0.00000000e+00 0.00000000e+00
1000 693000 3488000 3.76660000e-03 3.76660000e-03 0.00000000e+00 0.00000000e+00
1000 694000 3488000 3.96250000e-03 3.96250000e-03 0.00000000e+00 0.00000000e+00
1000 695000 3488000 5.22040000e-03 5.22040000e-03 0.00000000e+00 0.00000000e+00
1000 696000 3488000 6.73940000e-03 6.73940000e-03 0.00000000e+00 0.00000000e+00
1000 697000 3488000 7.33940000e-03 7.33940000e-03 0.00000000e+00 0.00000000e+00
1000 698000 3488000 9.29030000e-03 9.29030000e-03 0.00000000e+00 0.00000000e+00
1000 699000 3488000 9.90010000e-03 9.90010000e-03 0.00000000e+00 0.00000000e+00
1000 700000 3488000 1.10170000e-02 1.10170000e-02 0.00000000e+00 0.00000000e+00
1000 701000 3488000 1.41590000e-02 1.41590000e-02 0.00000000e+00 0.00000000e+00
1000 702000 3488000 1.56100000e-02 1.56100000e-02 0.00000000e+00 0.00000000e+00
1000 703000 3488000 1.84150000e-02 1.84150000e-02 0.00000000e+00 0.00000000e+00
1000 704000 3488000 1.94250000e-02 1.94250000e-02 0.00000000e+00 0.00000000e+00
1000 705000 3488000 1.83280000e-02 1.83280000e-02 0.00000000e+00 0.00000000e+00
1000 706000 3488000 1.75430000e-02 1.75430000e-02 0.00000000e+00 0.00000000e+00
1000 707000 3488000 1.71740000e-02 1.71740000e-02 0.00000000e+00 0.00000000e+00
1000 708000 3488000 1.81480000e-02 1.81480000e-02 0.00000000e+00 0.00000000e+00
1000 709000 3488000 1.70950000e-02 1.70950000e-02 0.00000000e+00 0.00000000e+00
1000 710000 3488000 1.97730000e-02 1.97730000e-02 0.00000000e+00 0.00000000e+00
1000 711000 3488000 3.92250000e-02 3.92250000e-02 0.00000000e+00 0.00000000e+00
1000 712000 3488000 4.78800000e-02 4.78800000e-02 0.00000000e+00 0.00000000e+00
1000 713000 3488000 5.35190000e-02 5.35190000e-02 0.00000000e+00 0.00000000e+00
1000 714000 3488000 5.84370000e-02 5.84370000e-02 0.00000000e+00 0.00000000e+00
1000 715000 3488000 6.60320000e-02 6.60320000e-02 0.00000000e+00 0.00000000e+00
1000 716000 3488000 7.38410000e-02 7.38410000e-02 0.00000000e+00 0.00000000e+00
1000 717000 3488000 8.30800000e-02 8.30800000e-02 0.00000000e+00 0.00000000e+00
1000 718000 3488000 8.15790000e-02 8.15790000e-02 0.00000000e+00 0.00000000e+00
1000 719000 3488000 1.10560000e-01 1.10560000e-01 0.00000000e+00 0.00000000e+00
1000 720000 3488000 1.19530000e-01 1.19530000e-01 0.00000000e+00 0.00000000e+00
1000 721000 3488000 1.34970000e-01 1.34970000e-01 0.00000000e+00 0.00000000e+00
1000 722000 3488000 1.52920000e-01 1.52920000e-01 0.00000000e+00 0.00000000e+00
1000 723000 3488000 1.72130000e-01 1.72130000e-01 0.00000000e+00 0.00000000e+00
1000 724000 3488000 1.90320000e-01 1.90320000e-01 0.00000000e+00 0.00000000e+00
1000 725000 3488000 2.14840000e-01 2.14840000e-01 0.00000000e+00 0.00000000e+00
1000 726000 3488000 2.37920000e-01 2.37920000e-01 0.00000000e+00 0.00000000e+00
1000 727000 3488000 2.61730000e-01 2.61730000e-01 0.00000000e+00 0.00000000e+00
1000 728000 3488000 2.86020000e-01 2.86020000e-01 0.00000000e+00 0.00000000e+00
1000 729000 3488000 3.10410000e-01 3.10410000e-01 0.00000000e+00 0.00000000e+00
1000 730000 3488000 3.34430000e-01 3.34430000e-01 0.00000000e+00 0.00000000e+00
1000 731000 3488000 3.57570000e-01 3.57570000e-01 0.00000000e+00 0.00000000e+00
1000 732000 3488000 3.79270000e-01 3.79270000e-01 0.00000000e+00 0.00000000e+00
1000 733000 3488000 3.98990000e-01 3.98990000e-01 0.00000000e+00 0.00000000e+00
1000 734000 3488000 4.16190000e-01 4.16190000e-01 0.00000000e+00 0.00000000e+00
1000 735000 3488000 4.30390000e-01 4.30390000e-01 0.00000000e+00 0.00000000e+00
1000 736000 3488000 4.41200000e-01 4.41200000e-01 0.00000000e+00 0.00000000e+00
1000 737000 3488000 4.48280000e-01 4.48280000e-01 0.00000000e+00 0.00000000e+00
1000 738000 3488000 4.51450000e-01 4.51450000e-01 0.00000000e+00 0.00000000e+00
1000 739000 3488000 4.50620000e-01 4.50620000e-01 0.00000000e+00 0.00000000e+00
1000 740000 3488000 4.45810000e-01 4.45810000e-01 0.00000000e+00 0.00000000e+00
1000 741000 3488000 4.37200000e-01 4.37200000e-01 0.00000000e+00 0.00000000e+00
1000 742000 3488000 4.25050000e-01 4.25050000e-01 0.00000000e+00 0.00000000e+00
1000 743000 3488000 4.09710000e-01 4.09710000e-01 0.00000000e+00 0.00000000e+00
1000 744000 3488000 3.91630000e-01 3.91630000e-01 0.00000000e+00 0.00000000e+00
1000 745000 3488000 3.71290000e-01 3.71290000e-01 0.00000000e+00 0.00000000e+00
1000 746000 3488000 3.49220000e-01 3.49220000e-01 0.00000000e+00 0.00000000e+00
1000 747000 3488000 3.25950000e-01 3.25950000e-01 0.00000000e+00 0.00000000e+00
1000 748000 3488000 3.02020000e-01 3.02020000e-01 0.00000000e+00 0.00000000e+00
1000 749000 3488000 2.77910000e-01 2.77910000e-01 0.00000000e+00 0.00000000e+00
1000 750000 3488000 2.54080000e-01 2.54080000e-01 0.00000000e+00 0.00000000e+00
1000 650000 3487000 3.21920000e-06 3.21920000e-06 0.00000000e+00 0.00000000e+00
1000 651000 3487000 3.60470000e-06 3.60470000e-06 0.00000000e+00 0.00000000e+00
1000 652000 3487000 4.00760000e-06 4.00760000e-06 0.00000000e+00 0.00000000e+00
1000 653000 3487000 4.43240000e-06 4.43240000e-06 0.00000000e+00 0.00000000e+00
1000 654000 3487000 4.87450000e-06 4.87450000e-06 0.00000000e+00 0.00000000e+00
1000 655000 3487000 5.32330000e-06 5.32330000e-06 0.00000000e+00 0.00000000e+00
1000 656000 3487000 5.75520000e-06 5.75520000e-06 0.00000000e+00 0.00000000e+00
1000 657000 3487000 6.13850000e-06 6.13850000e-06 0.00000000e+00 0.00000000e+00
1000 658000 3487000 6.46680000e-06 6.46680000e-06 0.00000000e+00 0.00000000e+00
1000 659000 3487000 6.79820000e-06 6.79820000e-06 0.00000000e+00 0.00000000e+00
1000 660000 3487000 6.92870000e-06 6.92870000e-06 0.00000000e+00 0.00000000e+00
1000 661000 3487000 6.82010000e-06 6.82010000e-06 0.00000000e+00 0.00000000e+00
1000 662000 3487000 6.65870000e-06 6.65870000e-06 0.00000000e+00 0.00000000e+00
1000 663000 3487000 6.17920000e-06 6.17920000e-06 0.00000000e+00 0.00000000e+00
1000 664000 3487000 5.36930000e-06 5.36930000e-06 0.00000000e+00 0.00000000e+00
1000 665000 3487000 4.20270000e-06 4.20270000e-06 0.00000000e+00 0.00000000e+00
1000 666000 3487000 3.34330000e-06 3.34330000e-06 0.00000000e+00 0.00000000e+00
1000 667000 3487000 1.15890000e-05 1.15890000e-05 0.00000000e+00 0.00000000e+00
1000 668000 3487000 6.96020000e-06 6.96020000e-06 0.00000000e+00 0.00000000e+00
1000 669000 3487000 7.53550000e-06 7.53550000e-06 0.00000000e+00 0.00000000e+00
1000 670000 3487000 6.78490000e-06 6.78490000e-06 0.00000000e+00 0.00000000e+00
1000 671000 3487000 2.56980000e-06 2.56980000e-06 0.00000000e+00 0.00000000e+00
1000 672000 3487000 9.74110000e-06 9.74110000e-06 0.00000000e+00 0.00000000e+00
1000 673000 3487000 5.62050000e-06 5.62050000e-06 0.00000000e+00 0.00000000e+00
1000 674000 3487000 1.90730000e-05 1.90730000e-05 0.00000000e+00 0.00000000e+00
1000 675000 3487000 6.18780000e-05 6.18780000e-05 0.00000000e+00 0.00000000e+00
1000 676000 3487000 1.39610000e-04 1.39610000e-04 0.00000000e+00 0.00000000e+00
1000 677000 3487000 1.64270000e-04 1.64270000e-04 0.00000000e+00 0.00000000e+00
1000 678000 3487000 1.82300000e-04 1.82300000e-04 0.00000000e+00 0.00000000e+00
1000 679000 3487000 2.35890000e-04 2.35890000e-04 0.00000000e+00 0.00000000e+00
1000 680000 3487000 3.03920000e-04 3.03920000e-04 0.00000000e+00 0.00000000e+00
1000 681000 3487000 3.16000000e-04 3.16000000e-04 0.00000000e+00 0.00000000e+00
1000 682000 3487000 4.04860000e-04 4.04860000e-04 0.00000000e+00 0.00000000e+00
1000 683000 3487000 4.84630000e-04 4.84630000e-04 0.00000000e+00 0.00000000e+00
1000 684000 3487000 6.02300000e-04 6.02300000e-04 0.00000000e+00 0.00000000e+00
1000 685000 3487000 7.45590000e-04 7.45590000e-04 0.00000000e+00 0.00000000e+00
1000 686000 3487000 9.30380000e-04 9.30380000e-04 0.00000000e+00 0.00000000e+00
1000 687000 3487000 1.13450000e-03 1.13450000e-03 0.00000000e+00 0.00000000e+00
1000 688000 3487000 1.58110000e-03 1.58110000e-03 0.00000000e+00 0.00000000e+00
1000 689000 3487000 1.79170000e-03 1.79170000e-03 0.00000000e+00 0.00000000e+00
1000 690000 3487000 2.07630000e-03 2.07630000e-03 0.00000000e+00 0.00000000e+00
1000 691000 3487000 3.01220000e-03 3.01220000e-03 0.00000000e+00 0.00000000e+00
1000 692000 3487000 3.37460000e-03 3.37460000e-03 0.00000000e+00 0.00000000e+00
1000 693000 3487000 3.99200000e-03 3.99200000e-03 0.00000000e+00 0.00000000e+00
1000 694000 3487000 4.29610000e-03 4.29610000e-03 0.00000000e+00 0.00000000e+00
1000 695000 3487000 3.97070000e-03 3.97070000e-03 0.00000000e+00 0.00000000e+00
1000 696000 3487000 6.06700000e-03 6.06700000e-03 0.00000000e+00 0.00000000e+00
1000 697000 3487000 8.20720000e-03 8.20720000e-03 0.00000000e+00 0.00000000e+00
1000 698000 3487000 9.22910000e-03 9.22910000e-03 0.00000000e+00 0.00000000e+00
1000 699000 3487000 9.60000000e-03 9.60000000e-03 0.00000000e+00 0.00000000e+00
1000 700000 3487000 1.16970000e-02 1.16970000e-02 0.00000000e+00 0.00000000e+00
1000 701000 3487000 1.30090000e-02 1.30090000e-02 0.00000000e+00 0.00000000e+00
1000 702000 3487000 1.58240000e-02 1.58240000e-02 0.00000000e+00 0.00000000e+00
1000 703000 3487000 1.52770000e-02 1.52770000e-02 0.00000000e+00 0.00000000e+00
1000 704000 3487000 1.33690000e-02 1.33690000e-02 0.00000000e+00 0.00000000e+00
1000 705000 3487000 2.00550000e-02 2.00550000e-02 0.00000000e+00 0.00000000e+00
1000 706000 3487000 1.33110000e-02 1.33110000e-02 0.00000000e+00 0.00000000e+00
1000 707000 3487000 1.91050000e-02 1.91050000e-02 0.00000000e+00 0.00000000e+00
1000 708000 3487000 2.60940000e-02 2.60940000e-02 0.00000000e+00 0.00000000e+00
1000 709000 3487000 2.73930000e-02 2.73930000e-02 0.00000000e+00 0.00000000e+00
1000 710000 3487000 2.68060000e-02 2.68060000e-02 0.00000000e+00 0.00000000e+00
1000 711000 3487000 3.82720000e-02 3.82720000e-02 0.00000000e+00 0.00000000e+00
1000 712000 3487000 4.60670000e-02 4.60670000e-02 0.00000000e+00 0.00000000e+00
1000 713000 3487000 5.04740000e-02 5.04740000e-02 0.00000000e+00 0.00000000e+00
1000 714000 3487000 5.51320000e-02 5.51320000e-02 0.00000000e+00 0.00000000e+00
1000 715000 3487000 6.02830000e-02 6.02830000e-02 0.00000000e+00 0.00000000e+00
1000 716000 3487000 6.45060000e-02 6.45060000e-02 0.00000000e+00 0.00000000e+00
1000 717000 3487000 7.29340000e-02 7.29340000e-02 0.00000000e+00 0.00000000e+00
1000 718000 3487000 8.20040000e-02 8.20040000e-02 0.00000000e+00 0.00000000e+00
1000 719000 3487000 7.74950000e-02 7.74950000e-02 0.00000000e+00 0.00000000e+00
1000 720000 3487000 9.99260000e-02 9.99260000e-02 0.00000000e+00 0.00000000e+00
1000 721000 3487000 1.10910000e-01 1.10910000e-01 0.00000000e+00 0.00000000e+00
1000 722000 3487000 1.23830000e-01 1.23830000e-01 0.00000000e+00 0.00000000e+00
1000 723000 3487000 1.41870000e-01 1.41870000e-01 0.00000000e+00 0.00000000e+00
1000 724000 3487000 1.50110000e-01 1.50110000e-01 0.00000000e+00 0.00000000e+00
1000 725000 3487000 1.76620000e-01 1.76620000e-01 0.00000000e+00 0.00000000e+00
1000 726000 3487000 1.83380000e-01 1.83380000e-01 0.00000000e+00 0.00000000e+00
1000 727000 3487000 2.04010000e-01 2.04010000e-01 0.00000000e+00 0.00000000e+00
1000 728000 3487000 2.23560000e-01 2.23560000e-01 0.00000000e+00 0.00000000e+00
1000 729000 3487000 2.43890000e-01 2.43890000e-01 0.00000000e+00 0.00000000e+00
1000 730000 3487000 2.64690000e-01 2.64690000e-01 0.00000000e+00 0.00000000e+00
1000 731000 3487000 2.85660000e-01 2.85660000e-01 0.00000000e+00 0.00000000e+00
1000 732000 3487000 3.06340000e-01 3.06340000e-01 0.00000000e+00 0.00000000e+00
1000 733000 3487000 3.26300000e-01 3.26300000e-01 0.00000000e+00 0.00000000e+00
1000 734000 3487000 3.45060000e-01 3.45060000e-01 0.00000000e+00 0.00000000e+00
1000 735000 3487000 3.62130000e-01 3.62130000e-01 0.00000000e+00 0.00000000e+00
1000 736000 3487000 3.77050000e-01 3.77050000e-01 0.00000000e+00 0.00000000e+00
1000 737000 3487000 3.89390000e-01 3.89390000e-01 0.00000000e+00 0.00000000e+00
1000 738000 3487000 3.98780000e-01 3.98780000e-01 0.00000000e+00 0.00000000e+00
1000 739000 3487000 4.04960000e-01 4.04960000e-01 0.00000000e+00 0.00000000e+00
1000 740000 3487000 4.07710000e-01 4.07710000e-01 0.00000000e+00 0.00000000e+00
1000 741000 3487000 4.06960000e-01 4.06960000e-01 0.00000000e+00 0.00000000e+00
1000 742000 3487000 4.02730000e-01 4.02730000e-01 0.00000000e+00 0.00000000e+00
1000 743000 3487000 3.95140000e-01 3.95140000e-01 0.00000000e+00 0.00000000e+00
1000 744000 3487000 3.84400000e-01 3.84400000e-01 0.00000000e+00 0.00000000e+00
1000 745000 3487000 3.70840000e-01 3.70840000e-01 0.00000000e+00 0.00000000e+00
1000 746000 3487000 3.54820000e-01 3.54820000e-01 0.00000000e+00 0.00000000e+00
1000 747000 3487000 3.36780000e-01 3.36780000e-01 0.00000000e+00 0.00000000e+00
1000 748000 3487000 3.17170000e-01 3.17170000e-01 0.00000000e+00 0.00000000e+00
1000 749000 3487000 2.96470000e-01 2.96470000e-01 0.00000000e+00 0.00000000e+00
1000 750000 3487000 2.75140000e-01 2.75140000e-01 0.00000000e+00 0.00000000e+00
1000 650000 3486000 3.33400000e-06 3.33400000e-06 0.00000000e+00 0.00000000e+00
1000 651000 3486000 3.73430000e-06 3.73430000e-06 0.00000000e+00 0.00000000e+00
1000 652000 3486000 4.15520000e-06 4.15520000e-06 0.00000000e+00 0.00000000e+00
1000 653000 3486000 4.60350000e-06 4.60350000e-06 0.00000000e+00 0.00000000e+00
1000 654000 3486000 5.07410000e-06 5.07410000e-06 0.00000000e+00 0.00000000e+00
1000 655000 3486000 5.56430000e-06 5.56430000e-06 0.00000000e+00 0.00000000e+00
1000 656000 3486000 6.05130000e-06 6.05130000e-06 0.00000000e+00 0.00000000e+00
1000 657000 3486000 6.51180000e-06 6.51180000e-06 0.00000000e+00 0.00000000e+00
1000 658000 3486000 6.90190000e-06 6.90190000e-06 0.00000000e+00 0.00000000e+00
1000 659000 3486000 7.31100000e-06 7.31100000e-06 0.00000000e+00 0.00000000e+00
1000 660000 3486000 7.66340000e-06 7.66340000e-06 0.00000000e+00 0.00000000e+00
1000 661000 3486000 7.83080000e-06 7.83080000e-06 0.00000000e+00 0.00000000e+00
1000 662000 3486000 7.91170000e-06 7.91170000e-06 0.00000000e+00 0.00000000e+00
1000 663000 3486000 8.04910000e-06 8.04910000e-06 0.00000000e+00 0.00000000e+00
1000 664000 3486000 8.15530000e-06 8.15530000e-06 0.00000000e+00 0.00000000e+00
1000 665000 3486000 8.90150000e-06 8.90150000e-06 0.00000000e+00 0.00000000e+00
1000 666000 3486000 1.13380000e-05 1.13380000e-05 0.00000000e+00 0.00000000e+00
1000 667000 3486000 5.82610000e-06 5.82610000e-06 0.00000000e+00 0.00000000e+00
1000 668000 3486000 6.36560000e-06 6.36560000e-06 0.00000000e+00 0.00000000e+00
1000 669000 3486000 8.46460000e-06 8.46460000e-06 0.00000000e+00 0.00000000e+00
1000 670000 3486000 9.08570000e-06 9.08570000e-06 0.00000000e+00 0.00000000e+00
1000 671000 3486000 6.41020000e-06 6.41020000e-06 0.00000000e+00 0.00000000e+00
1000 672000 3486000 1.81830000e-06 1.81830000e-06 0.00000000e+00 0.00000000e+00
1000 673000 3486000 3.67070000e-07 3.67070000e-07 0.00000000e+00 0.00000000e+00
1000 674000 3486000 2.22970000e-05 2.22970000e-05 0.00000000e+00 0.00000000e+00
1000 675000 3486000 5.47030000e-05 5.47030000e-05 0.00000000e+00 0.00000000e+00
1000 676000 3486000 7.87910000e-05 7.87910000e-05 0.00000000e+00 0.00000000e+00
1000 677000 3486000 1.85410000e-04 1.85410000e-04 0.00000000e+00 0.00000000e+00
1000 678000 3486000 1.84200000e-04 1.84200000e-04 0.00000000e+00 0.00000000e+00
1000 679000 3486000 2.39510000e-04 2.39510000e-04 0.00000000e+00 0.00000000e+00
1000 680000 3486000 2.66180000e-04 2.66180000e-04 0.00000000e+00 0.00000000e+00
1000 681000 3486000 2.97160000e-04 2.97160000e-04 0.00000000e+00 0.00000000e+00
1000 682000 3486000 3.89390000e-04 3.89390000e-04 0.00000000e+00 0.00000000e+00
1000 683000 3486000 4.58300000e-04 4.58300000e-04 0.00000000e+00 0.00000000e+00
1000 684000 3486000 5.80830000e-04 5.80830000e-04 0.00000000e+00 0.00000000e+00
1000 685000 3486000 7.02260000e-04 7.02260000e-04 0.00000000e+00 0.00000000e+00
1000 686000 3486000 8.42780000e-04 8.42780000e-04 0.00000000e+00 0.00000000e+00
1000 687000 3486000 1.19020000e-03 1.19020000e-03 0.00000000e+00 0.00000000e+00
1000 688000 3486000 1.44710000e-03 1.44710000e-03 0.00000000e+00 0.00000000e+00
1000 689000 3486000 1.84900000e-03 1.84900000e-03 0.00000000e+00 0.00000000e+00
1000 690000 3486000 2.22240000e-03 2.22240000e-03 0.00000000e+00 0.00000000e+00
1000 691000 3486000 2.34080000e-03 2.34080000e-03 0.00000000e+00 0.00000000e+00
1000 692000 3486000 3.09930000e-03 3.09930000e-03 0.00000000e+00 0.00000000e+00
1000 693000 3486000 4.08700000e-03 4.08700000e-03 0.00000000e+00 0.00000000e+00
1000 694000 3486000 4.40870000e-03 4.40870000e-03 0.00000000e+00 0.00000000e+00
1000 695000 3486000 5.14920000e-03 5.14920000e-03 0.00000000e+00 0.00000000e+00
1000 696000 3486000 5.88780000e-03 5.88780000e-03 0.00000000e+00 0.00000000e+00
1000 697000 3486000 7.86800000e-03 7.86800000e-03 0.00000000e+00 0.00000000e+00
1000 698000 3486000 7.95620000e-03 7.95620000e-03 0.00000000e+00 0.00000000e+00
1000 699000 3486000 9.69330000e-03 9.69330000e-03 0.00000000e+00 0.00000000e+00
1000 700000 3486000 1.08540000e-02 1.08540000e-02 0.00000000e+00 0.00000000e+00
1000 701000 3486000 1.27030000e-02 1.27030000e-02 0.00000000e+00 0.00000000e+00
1000 702000 3486000 1.47950000e-02 1.47950000e-02 0.00000000e+00 0.00000000e+00
1000 703000 3486000 1.61150000e-02 1.61150000e-02 0.00000000e+00 0.00000000e+00
1000 704000 3486000 1.33310000e-02 1.33310000e-02 0.00000000e+00 0.00000000e+00
1000 705000 3486000 1.90630000e-02 1.90630000e-02 0.00000000e+00 0.00000000e+00
1000 706000 3486000 1.94790000e-02 1.94790000e-02 0.00000000e+00 0.00000000e+00
1000 707000 3486000 1.83520000e-02 1.83520000e-02 0.00000000e+00 0.00000000e+00
1000 708000 3486000 2.05910000e-02 2.05910000e-02 0.00000000e+00 0.00000000e+00
1000 709000 3486000 2.37760000e-02 2.37760000e-02 0.00000000e+00 0.00000000e+00
1000 710000 3486000 2.24700000e-02 2.24700000e-02 0.00000000e+00 0.00000000e+00
1000 711000 3486000 3.99380000e-02 3.99380000e-02 0.00000000e+00 0.00000000e+00
1000 712000 3486000 4.41580000e-02 4.41580000e-02 0.00000000e+00 0.00000000e+00
1000 713000 3486000 4.82650000e-02 4.82650000e-02 0.00000000e+00 0.00000000e+00
1000 714000 3486000 5.27500000e-02 5.27500000e-02 0.00000000e+00 0.00000000e+00
1000 715000 3486000 5.75640000e-02 5.75640000e-02 0.00000000e+00 0.00000000e+00
1000 716000 3486000 5.55000000e-02 5.55000000e-02 0.00000000e+00 0.00000000e+00
1000 717000 3486000 6.64040000e-02 6.64040000e-02 0.00000000e+00 0.00000000e+00
1000 718000 3486000 7.37810000e-02 7.37810000e-02 0.00000000e+00 0.00000000e+00
1000 719000 3486000 6.56690000e-02 6.56690000e-02 0.00000000e+00 0.00000000e+00
1000 720000 3486000 8.73760000e-02 8.73760000e-02 0.00000000e+00 0.00000000e+00
1000 721000 3486000 9.66150000e-02 9.66150000e-02 0.00000000e+00 0.00000000e+00
1000 722000 3486000 9.71550000e-02 9.71550000e-02 0.00000000e+00 0.00000000e+00
1000 723000 3486000 1.21400000e-01 1.21400000e-01 0.00000000e+00 0.00000000e+00
1000 724000 3486000 1.26120000e-01 1.26120000e-01 0.00000000e+00 0.00000000e+00
1000 725000 3486000 1.43420000e-01 1.43420000e-01 0.00000000e+00 0.00000000e+00
1000 726000 3486000 1.61160000e-01 1.61160000e-01 0.00000000e+00 0.00000000e+00
1000 727000 3486000 1.63680000e-01 1.63680000e-01 0.00000000e+00 0.00000000e+00
1000 728000 3486000 1.78530000e-01 1.78530000e-01 0.00000000e+00 0.00000000e+00
1000 729000 3486000 1.94360000e-01 1.94360000e-01 0.00000000e+00 0.00000000e+00
1000 730000 3486000 2.11040000e-01 2.11040000e-01 0.00000000e+00 0.00000000e+00
1000 731000 3486000 2.28390000e-01 2.28390000e-01 0.00000000e+00 0.00000000e+00
1000 732000 3486000 2.46170000e-01 2.46170000e-01 0.00000000e+00 0.00000000e+00
1000 733000 3486000 2.64080000e-01 2.64080000e-01 0.00000000e+00 0.00000000e+00
1000 734000 3486000 2.81780000e-01 2.81780000e-01 0.00000000e+00 0.00000000e+00
1000 735000 3486000 2.98880000e-01 2.98880000e-01 0.00000000e+00 0.00000000e+00
1000 736000 3486000 3.14970000e-01 3.14970000e-01 0.00000000e+00 0.00000000e+00
1000 737000 3486000 3.29630000e-01 3.29630000e-01 0.00000000e+00 0.00000000e+00
1000 738000 3486000 3.42460000e-01 3.42460000e-01 0.00000000e+00 0.00000000e+00
1000 739000 3486000 3.53080000e-01 3.53080000e-01 0.00000000e+00 0.00000000e+00
1000 740000 3486000 3.61170000e-01 3.61170000e-01 0.00000000e+00 0.00000000e+00
1000 741000 3486000 3.66470000e-01 3.66470000e-01 0.00000000e+00 0.00000000e+00
1000 742000 3486000 3.68800000e-01 3.68800000e-01 0.00000000e+00 0.00000000e+00
1000 743000 3486000 3.68070000e-01 3.68070000e-01 0.00000000e+00 0.00000000e+00
1000 744000 3486000 3.64290000e-01 3.64290000e-01 0.00000000e+00 0.00000000e+00
1000 745000 3486000 3.57560000e-01 3.57560000e-01 0.00000000e+00 0.00000000e+00
1000 746000 3486000 3.48050000e-01 3.48050000e-01 0.00000000e+00 0.00000000e+00
1000 747000 3486000 3.36030000e-01 3.36030000e-01 0.00000000e+00 0.00000000e+00
1000 748000 3486000 3.21820000e-01 3.21820000e-01 0.00000000e+00 0.00000000e+00
1000 749000 3486000 3.05800000e-01 3.05800000e-01 0.00000000e+00 0.00000000e+00
1000 750000 3486000 2.88370000e-01 2.88370000e-01 0.00000000e+00 0.00000000e+00
1000 650000 3485000 3.45470000e-06 3.45470000e-06 0.00000000e+00 0.00000000e+00
1000 651000 3485000 3.87040000e-06 3.87040000e-06 0.00000000e+00 0.00000000e+00
1000 652000 3485000 4.31320000e-06 4.31320000e-06 0.00000000e+00 0.00000000e+00
1000 653000 3485000 4.78800000e-06 4.78800000e-06 0.00000000e+00 0.00000000e+00
1000 654000 3485000 5.29740000e-06 5.29740000e-06 0.00000000e+00 0.00000000e+00
1000 655000 3485000 5.83440000e-06 5.83440000e-06 0.00000000e+00 0.00000000e+00
1000 656000 3485000 6.39370000e-06 6.39370000e-06 0.00000000e+00 0.00000000e+00
1000 657000 3485000 6.95250000e-06 6.95250000e-06 0.00000000e+00 0.00000000e+00
1000 658000 3485000 7.49540000e-06 7.49540000e-06 0.00000000e+00 0.00000000e+00
1000 659000 3485000 7.98720000e-06 7.98720000e-06 0.00000000e+00 0.00000000e+00
1000 660000 3485000 8.55810000e-06 8.55810000e-06 0.00000000e+00 0.00000000e+00
1000 661000 3485000 9.16340000e-06 9.16340000e-06 0.00000000e+00 0.00000000e+00
1000 662000 3485000 9.77250000e-06 9.77250000e-06 0.00000000e+00 0.00000000e+00
1000 663000 3485000 1.05250000e-05 1.05250000e-05 0.00000000e+00 0.00000000e+00
1000 664000 3485000 1.18520000e-05 1.18520000e-05 0.00000000e+00 0.00000000e+00
1000 665000 3485000 1.48690000e-05 1.48690000e-05 0.00000000e+00 0.00000000e+00
1000 666000 3485000 1.91050000e-05 1.91050000e-05 0.00000000e+00 0.00000000e+00
1000 667000 3485000 1.04140000e-05 1.04140000e-05 0.00000000e+00 0.00000000e+00
1000 668000 3485000 2.09320000e-05 2.09320000e-05 0.00000000e+00 0.00000000e+00
1000 669000 3485000 1.32770000e-05 1.32770000e-05 0.00000000e+00 0.00000000e+00
1000 670000 3485000 1.15080000e-05 1.15080000e-05 0.00000000e+00 0.00000000e+00
1000 671000 3485000 7.43330000e-06 7.43330000e-06 0.00000000e+00 0.00000000e+00
1000 672000 3485000 2.22570000e-06 2.22570000e-06 0.00000000e+00 0.00000000e+00
1000 673000 3485000 1.55980000e-07 1.55980000e-07 0.00000000e+00 0.00000000e+00
1000 674000 3485000 1.58900000e-06 1.58900000e-06 0.00000000e+00 0.00000000e+00
1000 675000 3485000 4.10750000e-05 4.10750000e-05 0.00000000e+00 0.00000000e+00
1000 676000 3485000 6.45360000e-05 6.45360000e-05 0.00000000e+00 0.00000000e+00
1000 677000 3485000 1.39290000e-04 1.39290000e-04 0.00000000e+00 0.00000000e+00
1000 678000 3485000 2.31480000e-04 2.31480000e-04 0.00000000e+00 0.00000000e+00
1000 679000 3485000 2.63600000e-04 2.63600000e-04 0.00000000e+00 0.00000000e+00
1000 680000 3485000 2.90440000e-04 2.90440000e-04 0.00000000e+00 0.00000000e+00
1000 681000 3485000 3.03870000e-04 3.03870000e-04 0.00000000e+00 0.00000000e+00
1000 682000 3485000 3.68340000e-04 3.68340000e-04 0.00000000e+00 0.00000000e+00
1000 683000 3485000 4.54460000e-04 4.54460000e-04 0.00000000e+00 0.00000000e+00
1000 684000 3485000 5.64880000e-04 5.64880000e-04 0.00000000e+00 0.00000000e+00
1000 685000 3485000 6.74460000e-04 6.74460000e-04 0.00000000e+00 0.00000000e+00
1000 686000 3485000 7.86500000e-04 7.86500000e-04 0.00000000e+00 0.00000000e+00
1000 687000 3485000 9.52730000e-04 9.52730000e-04 0.00000000e+00 0.00000000e+00
1000 688000 3485000 1.47910000e-03 1.47910000e-03 0.00000000e+00 0.00000000e+00
1000 689000 3485000 1.77970000e-03 1.77970000e-03 0.00000000e+00 0.00000000e+00
1000 690000 3485000 2.13300000e-03 2.13300000e-03 0.00000000e+00 0.00000000e+00
1000 691000 3485000 2.55120000e-03 2.55120000e-03 0.00000000e+00 0.00000000e+00
1000 692000 3485000 2.98520000e-03 2.98520000e-03 0.00000000e+00 0.00000000e+00
1000 693000 3485000 4.06480000e-03 4.06480000e-03 0.00000000e+00 0.00000000e+00
1000 694000 3485000 4.39920000e-03 4.39920000e-03 0.00000000e+00 0.00000000e+00
1000 695000 3485000 4.93100000e-03 4.93100000e-03 0.00000000e+00 0.00000000e+00
1000 696000 3485000 5.64460000e-03 5.64460000e-03 0.00000000e+00 0.00000000e+00
1000 697000 3485000 7.36380000e-03 7.36380000e-03 0.00000000e+00 0.00000000e+00
1000 698000 3485000 7.86210000e-03 7.86210000e-03 0.00000000e+00 0.00000000e+00
1000 699000 3485000 9.02870000e-03 9.02870000e-03 0.00000000e+00 0.00000000e+00
1000 700000 3485000 1.11740000e-02 1.11740000e-02 0.00000000e+00 0.00000000e+00
1000 701000 3485000 1.24950000e-02 1.24950000e-02 0.00000000e+00 0.00000000e+00
1000 702000 3485000 1.40450000e-02 1.40450000e-02 0.00000000e+00 0.00000000e+00
1000 703000 3485000 1.23600000e-02 1.23600000e-02 0.00000000e+00 0.00000000e+00
1000 704000 3485000 1.22680000e-02 1.22680000e-02 0.00000000e+00 0.00000000e+00
1000 705000 3485000 1.52740000e-02 1.52740000e-02 0.00000000e+00 0.00000000e+00
1000 706000 3485000 1.99440000e-02 1.99440000e-02 0.00000000e+00 0.00000000e+00
1000 707000 3485000 2.31510000e-02 2.31510000e-02 0.00000000e+00 0.00000000e+00
1000 708000 3485000 2.51100000e-02 2.51100000e-02 0.00000000e+00 0.00000000e+00
1000 709000 3485000 2.20380000e-02 2.20380000e-02 0.00000000e+00 0.00000000e+00
1000 710000 3485000 3.41230000e-02 3.41230000e-02 0.00000000e+00 0.00000000e+00
1000 711000 3485000 3.79230000e-02 3.79230000e-02 0.00000000e+00 0.00000000e+00
1000 712000 3485000 4.23890000e-02 4.23890000e-02 0.00000000e+00 0.00000000e+00
1000 713000 3485000 4.62250000e-02 4.62250000e-02 0.00000000e+00 0.00000000e+00
1000 714000 3485000 5.04030000e-02 5.04030000e-02 0.00000000e+00 0.00000000e+00
1000 715000 3485000 5.49360000e-02 5.49360000e-02 0.00000000e+00 0.00000000e+00
1000 716000 3485000 5.75540000e-02 5.75540000e-02 0.00000000e+00 0.00000000e+00
1000 717000 3485000 4.79320000e-02 4.79320000e-02 0.00000000e+00 0.00000000e+00
1000 718000 3485000 6.94530000e-02 6.94530000e-02 0.00000000e+00 0.00000000e+00
1000 719000 3485000 7.50130000e-02 7.50130000e-02 0.00000000e+00 0.00000000e+00
1000 720000 3485000 8.14250000e-02 8.14250000e-02 0.00000000e+00 0.00000000e+00
1000 721000 3485000 8.77690000e-02 8.77690000e-02 0.00000000e+00 0.00000000e+00
1000 722000 3485000 9.41090000e-02 9.41090000e-02 0.00000000e+00 0.00000000e+00
1000 723000 3485000 1.01860000e-01 1.01860000e-01 0.00000000e+00 0.00000000e+00
1000 724000 3485000 1.09470000e-01 1.09470000e-01 0.00000000e+00 0.00000000e+00
1000 725000 3485000 1.27110000e-01 1.27110000e-01 0.00000000e+00 0.00000000e+00
1000 726000 3485000 1.27040000e-01 1.27040000e-01 0.00000000e+00 0.00000000e+00
1000 727000 3485000 1.37610000e-01 1.37610000e-01 0.00000000e+00 0.00000000e+00
1000 728000 3485000 1.48070000e-01 1.48070000e-01 0.00000000e+00 0.00000000e+00
1000 729000 3485000 1.59860000e-01 1.59860000e-01 0.00000000e+00 0.00000000e+00
1000 730000 3485000 1.72490000e-01 1.72490000e-01 0.00000000e+00 0.00000000e+00
1000 731000 3485000 1.85930000e-01 1.85930000e-01 0.00000000e+00 0.00000000e+00
1000 732000 3485000 2.00070000e-01 2.00070000e-01 0.00000000e+00 0.00000000e+00
1000 733000 3485000 2.14770000e-01 2.14770000e-01 0.00000000e+00 0.00000000e+00
1000 734000 3485000 2.29840000e-01 2.29840000e-01 0.00000000e+00 0.00000000e+00
1000 735000 3485000 2.45020000e-01 2.45020000e-01 0.00000000e+00 0.00000000e+00
1000 736000 3485000 2.60040000e-01 2.60040000e-01 0.00000000e+00 0.00000000e+00
1000 737000 3485000 2.74570000e-01 2.74570000e-01 0.00000000e+00 0.00000000e+00
1000 738000 3485000 2.88260000e-01 2.88260000e-01 0.00000000e+00 0.00000000e+00
1000 739000 3485000 3.00750000e-01 3.00750000e-01 0.00000000e+00 0.00000000e+00
1000 740000 3485000 3.11690000e-01 3.11690000e-01 0.00000000e+00 0.00000000e+00
1000 741000 3485000 3.20740000e-01 3.20740000e-01 0.00000000e+00 0.00000000e+00
1000 742000 3485000 3.27630000e-01 3.27630000e-01 0.00000000e+00 0.00000000e+00
1000 743000 3485000 3.32120000e-01 3.32120000e-01 0.00000000e+00 0.00000000e+00
1000 744000 3485000 3.34040000e-01 3.34040000e-01 0.00000000e+00 0.00000000e+00
1000 745000 3485000 3.33300000e-01 3.33300000e-01 0.00000000e+00 0.00000000e+00
1000 746000 3485000 3.29890000e-01 3.29890000e-01 0.00000000e+00 0.00000000e+00
1000 747000 3485000 3.23890000e-01 3.23890000e-01 0.00000000e+00 0.00000000e+00
1000 748000 3485000 3.15450000e-01 3.15450000e-01 0.00000000e+00 0.00000000e+00
1000 749000 3485000 3.04780000e-01 3.04780000e-01 0.00000000e+00 0.00000000e+00
1000 750000 3485000 2.92170000e-01 2.92170000e-01 0.00000000e+00 0.00000000e+00
1000 650000 3484000 3.57850000e-06 3.57850000e-06 0.00000000e+00 0.00000000e+00
1000 651000 3484000 4.01300000e-06 4.01300000e-06 0.00000000e+00 0.00000000e+00
1000 652000 3484000 4.47650000e-06 4.47650000e-06 0.00000000e+00 0.00000000e+00
1000 653000 3484000 4.98240000e-06 4.98240000e-06 0.00000000e+00 0.00000000e+00
1000 654000 3484000 5.53160000e-06 5.53160000e-06 0.00000000e+00 0.00000000e+00
1000 655000 3484000 6.12420000e-06 6.12420000e-06 0.00000000e+00 0.00000000e+00
1000 656000 3484000 6.75890000e-06 6.75890000e-06 0.00000000e+00 0.00000000e+00
1000 657000 3484000 7.43270000e-06 7.43270000e-06 0.00000000e+00 0.00000000e+00
1000 658000 3484000 8.13710000e-06 8.13710000e-06 0.00000000e+00 0.00000000e+00
1000 659000 3484000 8.87410000e-06 8.87410000e-06 0.00000000e+00 0.00000000e+00
1000 660000 3484000 9.65550000e-06 9.65550000e-06 0.00000000e+00 0.00000000e+00
1000 661000 3484000 1.05210000e-05 1.05210000e-05 0.00000000e+00 0.00000000e+00
1000 662000 3484000 1.17000000e-05 1.17000000e-05 0.00000000e+00 0.00000000e+00
1000 663000 3484000 1.32210000e-05 1.32210000e-05 0.00000000e+00 0.00000000e+00
1000 664000 3484000 1.54260000e-05 1.54260000e-05 0.00000000e+00 0.00000000e+00
1000 665000 3484000 1.88890000e-05 1.88890000e-05 0.00000000e+00 0.00000000e+00
1000 666000 3484000 2.76090000e-05 2.76090000e-05 0.00000000e+00 0.00000000e+00
1000 667000 3484000 2.95610000e-05 2.95610000e-05 0.00000000e+00 0.00000000e+00
1000 668000 3484000 1.83400000e-05 1.83400000e-05 0.00000000e+00 0.00000000e+00
1000 669000 3484000 6.15400000e-06 6.15400000e-06 0.00000000e+00 0.00000000e+00
1000 670000 3484000 7.61840000e-06 7.61840000e-06 0.00000000e+00 0.00000000e+00
1000 671000 3484000 7.09150000e-06 7.09150000e-06 0.00000000e+00 0.00000000e+00
1000 672000 3484000 3.93240000e-06 3.93240000e-06 0.00000000e+00 0.00000000e+00
1000 673000 3484000 2.92080000e-07 2.92080000e-07 0.00000000e+00 0.00000000e+00
1000 674000 3484000 1.38590000e-05 1.38590000e-05 0.00000000e+00 0.00000000e+00
1000 675000 3484000 2.29510000e-05 2.29510000e-05 0.00000000e+00 0.00000000e+00
1000 676000 3484000 6.49170000e-05 6.49170000e-05 0.00000000e+00 0.00000000e+00
1000 677000 3484000 1.42620000e-04 1.42620000e-04 0.00000000e+00 0.00000000e+00
1000 678000 3484000 1.79750000e-04 1.79750000e-04 0.00000000e+00 0.00000000e+00
1000 679000 3484000 2.81760000e-04 2.81760000e-04 0.00000000e+00 0.00000000e+00
1000 680000 3484000 2.56920000e-04 2.56920000e-04 0.00000000e+00 0.00000000e+00
1000 681000 3484000 3.31260000e-04 3.31260000e-04 0.00000000e+00 0.00000000e+00
1000 682000 3484000 3.83190000e-04 3.83190000e-04 0.00000000e+00 0.00000000e+00
1000 683000 3484000 4.71430000e-04 4.71430000e-04 0.00000000e+00 0.00000000e+00
1000 684000 3484000 5.30030000e-04 5.30030000e-04 0.00000000e+00 0.00000000e+00
1000 685000 3484000 6.48000000e-04 6.48000000e-04 0.00000000e+00 0.00000000e+00
1000 686000 3484000 8.07480000e-04 8.07480000e-04 0.00000000e+00 0.00000000e+00
1000 687000 3484000 1.10500000e-03 1.10500000e-03 0.00000000e+00 0.00000000e+00
1000 688000 3484000 1.41650000e-03 1.41650000e-03 0.00000000e+00 0.00000000e+00
1000 689000 3484000 1.69520000e-03 1.69520000e-03 0.00000000e+00 0.00000000e+00
1000 690000 3484000 2.04480000e-03 2.04480000e-03 0.00000000e+00 0.00000000e+00
1000 691000 3484000 2.41080000e-03 2.41080000e-03 0.00000000e+00 0.00000000e+00
1000 692000 3484000 2.86540000e-03 2.86540000e-03 0.00000000e+00 0.00000000e+00
1000 693000 3484000 3.38330000e-03 3.38330000e-03 0.00000000e+00 0.00000000e+00
1000 694000 3484000 4.52830000e-03 4.52830000e-03 0.00000000e+00 0.00000000e+00
1000 695000 3484000 4.72380000e-03 4.72380000e-03 0.00000000e+00 0.00000000e+00
1000 696000 3484000 5.66550000e-03 5.66550000e-03 0.00000000e+00 0.00000000e+00
1000 697000 3484000 7.09570000e-03 7.09570000e-03 0.00000000e+00 0.00000000e+00
1000 698000 3484000 7.53020000e-03 7.53020000e-03 0.00000000e+00 0.00000000e+00
1000 699000 3484000 9.37360000e-03 9.37360000e-03 0.00000000e+00 0.00000000e+00
1000 700000 3484000 1.08230000e-02 1.08230000e-02 0.00000000e+00 0.00000000e+00
1000 701000 3484000 1.23330000e-02 1.23330000e-02 0.00000000e+00 0.00000000e+00
1000 702000 3484000 1.34680000e-02 1.34680000e-02 0.00000000e+00 0.00000000e+00
1000 703000 3484000 1.54420000e-02 1.54420000e-02 0.00000000e+00 0.00000000e+00
1000 704000 3484000 1.32270000e-02 1.32270000e-02 0.00000000e+00 0.00000000e+00
1000 705000 3484000 1.77360000e-02 1.77360000e-02 0.00000000e+00 0.00000000e+00
1000 706000 3484000 1.77830000e-02 1.77830000e-02 0.00000000e+00 0.00000000e+00
1000 707000 3484000 1.67010000e-02 1.67010000e-02 0.00000000e+00 0.00000000e+00
1000 708000 3484000 2.66660000e-02 2.66660000e-02 0.00000000e+00 0.00000000e+00
1000 709000 3484000 2.88610000e-02 2.88610000e-02 0.00000000e+00 0.00000000e+00
1000 710000 3484000 3.36150000e-02 3.36150000e-02 0.00000000e+00 0.00000000e+00
1000 711000 3484000 3.67480000e-02 3.67480000e-02 0.00000000e+00 0.00000000e+00
1000 712000 3484000 4.07500000e-02 4.07500000e-02 0.00000000e+00 0.00000000e+00
1000 713000 3484000 4.45040000e-02 4.45040000e-02 0.00000000e+00 0.00000000e+00
1000 714000 3484000 4.85000000e-02 4.85000000e-02 0.00000000e+00 0.00000000e+00
1000 715000 3484000 5.02450000e-02 5.02450000e-02 0.00000000e+00 0.00000000e+00
1000 716000 3484000 5.53610000e-02 5.53610000e-02 0.00000000e+00 0.00000000e+00
1000 717000 3484000 6.03120000e-02 6.03120000e-02 0.00000000e+00 0.00000000e+00
1000 718000 3484000 6.56750000e-02 6.56750000e-02 0.00000000e+00 0.00000000e+00
1000 719000 3484000 6.75090000e-02 6.75090000e-02 0.00000000e+00 0.00000000e+00
1000 720000 3484000 7.78960000e-02 7.78960000e-02 0.00000000e+00 0.00000000e+00
1000 721000 3484000 8.22290000e-02 8.22290000e-02 0.00000000e+00 0.00000000e+00
1000 722000 3484000 9.19380000e-02 9.19380000e-02 0.00000000e+00 0.00000000e+00
1000 723000 3484000 9.35710000e-02 9.35710000e-02 0.00000000e+00 0.00000000e+00
1000 724000 3484000 9.94290000e-02 9.94290000e-02 0.00000000e+00 0.00000000e+00
1000 725000 3484000 1.05910000e-01 1.05910000e-01 0.00000000e+00 0.00000000e+00
1000 726000 3484000 1.12920000e-01 1.12920000e-01 0.00000000e+00 0.00000000e+00
1000 727000 3484000 1.20420000e-01 1.20420000e-01 0.00000000e+00 0.00000000e+00
1000 728000 3484000 1.28470000e-01 1.28470000e-01 0.00000000e+00 0.00000000e+00
1000 729000 3484000 1.37110000e-01 1.37110000e-01 0.00000000e+00 0.00000000e+00
1000 730000 3484000 1.46410000e-01 1.46410000e-01 0.00000000e+00 0.00000000e+00
1000 731000 3484000 1.56380000e-01 1.56380000e-01 0.00000000e+00 0.00000000e+00
1000 732000 3484000 1.67030000e-01 1.67030000e-01 0.00000000e+00 0.00000000e+00
1000 733000 3484000 1.78320000e-01 1.78320000e-01 0.00000000e+00 0.00000000e+00
1000 734000 3484000 1.90190000e-01 1.90190000e-01 0.00000000e+00 0.00000000e+00
1000 735000 3484000 2.02520000e-01 2.02520000e-01 0.00000000e+00 0.00000000e+00
1000 736000 3484000 2.15170000e-01 2.15170000e-01 0.00000000e+00 0.00000000e+00
1000 737000 3484000 2.27930000e-01 2.27930000e-01 0.00000000e+00 0.00000000e+00
1000 738000 3484000 2.40560000e-01 2.40560000e-01 0.00000000e+00 0.00000000e+00
1000 739000 3484000 2.52800000e-01 2.52800000e-01 0.00000000e+00 0.00000000e+00
1000 740000 3484000 2.64350000e-01 2.64350000e-01 0.00000000e+00 0.00000000e+00
1000 741000 3484000 2.74900000e-01 2.74900000e-01 0.00000000e+00 0.00000000e+00
1000 742000 3484000 2.84140000e-01 2.84140000e-01 0.00000000e+00 0.00000000e+00
1000 743000 3484000 2.91800000e-01 2.91800000e-01 0.00000000e+00 0.00000000e+00
1000 744000 3484000 2.97610000e-01 2.97610000e-01 0.00000000e+00 0.00000000e+00
1000 745000 3484000 3.01350000e-01 3.01350000e-01 0.00000000e+00 0.00000000e+00
1000 746000 3484000 3.02890000e-01 3.02890000e-01 0.00000000e+00 0.00000000e+00
1000 747000 3484000 3.02120000e-01 3.02120000e-01 0.00000000e+00 0.00000000e+00
1000 748000 3484000 2.99020000e-01 2.99020000e-01 0.00000000e+00 0.00000000e+00
1000 749000 3484000 2.93660000e-01 2.93660000e-01 0.00000000e+00 0.00000000e+00
1000 750000 3484000 2.86150000e-01 2.86150000e-01 0.00000000e+00 0.00000000e+00
1000 650000 3483000 3.70400000e-06 3.70400000e-06 0.00000000e+00 0.00000000e+00
1000 651000 3483000 4.15380000e-06 4.15380000e-06 0.00000000e+00 0.00000000e+00
1000 652000 3483000 4.64130000e-06 4.64130000e-06 0.00000000e+00 0.00000000e+00
1000 653000 3483000 5.17640000e-06 5.17640000e-06 0.00000000e+00 0.00000000e+00
1000 654000 3483000 5.76780000e-06 5.76780000e-06 0.00000000e+00 0.00000000e+00
1000 655000 3483000 6.41660000e-06 6.41660000e-06 0.00000000e+00 0.00000000e+00
1000 656000 3483000 7.13040000e-06 7.13040000e-06 0.00000000e+00 0.00000000e+00
1000 657000 3483000 7.91250000e-06 7.91250000e-06 0.00000000e+00 0.00000000e+00
1000 658000 3483000 8.77530000e-06 8.77530000e-06 0.00000000e+00 0.00000000e+00
1000 659000 3483000 9.73470000e-06 9.73470000e-06 0.00000000e+00 0.00000000e+00
1000 660000 3483000 1.08330000e-05 1.08330000e-05 0.00000000e+00 0.00000000e+00
1000 661000 3483000 1.21290000e-05 1.21290000e-05 0.00000000e+00 0.00000000e+00
1000 662000 3483000 1.36850000e-05 1.36850000e-05 0.00000000e+00 0.00000000e+00
1000 663000 3483000 1.55570000e-05 1.55570000e-05 0.00000000e+00 0.00000000e+00
1000 664000 3483000 1.78180000e-05 1.78180000e-05 0.00000000e+00 0.00000000e+00
1000 665000 3483000 2.00210000e-05 2.00210000e-05 0.00000000e+00 0.00000000e+00
1000 666000 3483000 1.87770000e-05 1.87770000e-05 0.00000000e+00 0.00000000e+00
1000 667000 3483000 1.10970000e-05 1.10970000e-05 0.00000000e+00 0.00000000e+00
1000 668000 3483000 6.27860000e-06 6.27860000e-06 0.00000000e+00 0.00000000e+00
1000 669000 3483000 4.91270000e-06 4.91270000e-06 0.00000000e+00 0.00000000e+00
1000 670000 3483000 3.95440000e-06 3.95440000e-06 0.00000000e+00 0.00000000e+00
1000 671000 3483000 3.37040000e-06 3.37040000e-06 0.00000000e+00 0.00000000e+00
1000 672000 3483000 6.47340000e-07 6.47340000e-07 0.00000000e+00 0.00000000e+00
1000 673000 3483000 4.14310000e-06 4.14310000e-06 0.00000000e+00 0.00000000e+00
1000 674000 3483000 8.90200000e-06 8.90200000e-06 0.00000000e+00 0.00000000e+00
1000 675000 3483000 2.99170000e-05 2.99170000e-05 0.00000000e+00 0.00000000e+00
1000 676000 3483000 8.09700000e-05 8.09700000e-05 0.00000000e+00 0.00000000e+00
1000 677000 3483000 1.38400000e-04 1.38400000e-04 0.00000000e+00 0.00000000e+00
1000 678000 3483000 1.62390000e-04 1.62390000e-04 0.00000000e+00 0.00000000e+00
1000 679000 3483000 2.32950000e-04 2.32950000e-04 0.00000000e+00 0.00000000e+00
1000 680000 3483000 3.22890000e-04 3.22890000e-04 0.00000000e+00 0.00000000e+00
1000 681000 3483000 3.21770000e-04 3.21770000e-04 0.00000000e+00 0.00000000e+00
1000 682000 3483000 3.87130000e-04 3.87130000e-04 0.00000000e+00 0.00000000e+00
1000 683000 3483000 5.22260000e-04 5.22260000e-04 0.00000000e+00 0.00000000e+00
1000 684000 3483000 5.41740000e-04 5.41740000e-04 0.00000000e+00 0.00000000e+00
1000 685000 3483000 6.53650000e-04 6.53650000e-04 0.00000000e+00 0.00000000e+00
1000 686000 3483000 9.02570000e-04 9.02570000e-04 0.00000000e+00 0.00000000e+00
1000 687000 3483000 1.02290000e-03 1.02290000e-03 0.00000000e+00 0.00000000e+00
1000 688000 3483000 1.33200000e-03 1.33200000e-03 0.00000000e+00 0.00000000e+00
1000 689000 3483000 1.72520000e-03 1.72520000e-03 0.00000000e+00 0.00000000e+00
1000 690000 3483000 1.94340000e-03 1.94340000e-03 0.00000000e+00 0.00000000e+00
1000 691000 3483000 2.32460000e-03 2.32460000e-03 0.00000000e+00 0.00000000e+00
1000 692000 3483000 2.70710000e-03 2.70710000e-03 0.00000000e+00 0.00000000e+00
1000 693000 3483000 3.23400000e-03 3.23400000e-03 0.00000000e+00 0.00000000e+00
1000 694000 3483000 4.25430000e-03 4.25430000e-03 0.00000000e+00 0.00000000e+00
1000 695000 3483000 4.69370000e-03 4.69370000e-03 0.00000000e+00 0.00000000e+00
1000 696000 3483000 5.28590000e-03 5.28590000e-03 0.00000000e+00 0.00000000e+00
1000 697000 3483000 6.37920000e-03 6.37920000e-03 0.00000000e+00 0.00000000e+00
1000 698000 3483000 7.71590000e-03 7.71590000e-03 0.00000000e+00 0.00000000e+00
1000 699000 3483000 8.90430000e-03 8.90430000e-03 0.00000000e+00 0.00000000e+00
1000 700000 3483000 1.01800000e-02 1.01800000e-02 0.00000000e+00 0.00000000e+00
1000 701000 3483000 1.16240000e-02 1.16240000e-02 0.00000000e+00 0.00000000e+00
1000 702000 3483000 1.32060000e-02 1.32060000e-02 0.00000000e+00 0.00000000e+00
1000 703000 3483000 1.49500000e-02 1.49500000e-02 0.00000000e+00 0.00000000e+00
1000 704000 3483000 1.68660000e-02 1.68660000e-02 0.00000000e+00 0.00000000e+00
1000 705000 3483000 1.87860000e-02 1.87860000e-02 0.00000000e+00 0.00000000e+00
1000 706000 3483000 2.08750000e-02 2.08750000e-02 0.00000000e+00 0.00000000e+00
1000 707000 3483000 2.34210000e-02 2.34210000e-02 0.00000000e+00 0.00000000e+00
1000 708000 3483000 2.62230000e-02 2.62230000e-02 0.00000000e+00 0.00000000e+00
1000 709000 3483000 2.92160000e-02 2.92160000e-02 0.00000000e+00 0.00000000e+00
1000 710000 3483000 3.23110000e-02 3.23110000e-02 0.00000000e+00 0.00000000e+00
1000 711000 3483000 3.55090000e-02 3.55090000e-02 0.00000000e+00 0.00000000e+00
1000 712000 3483000 3.90400000e-02 3.90400000e-02 0.00000000e+00 0.00000000e+00
1000 713000 3483000 4.26990000e-02 4.26990000e-02 0.00000000e+00 0.00000000e+00
1000 714000 3483000 4.13770000e-02 4.13770000e-02 0.00000000e+00 0.00000000e+00
1000 715000 3483000 4.85420000e-02 4.85420000e-02 0.00000000e+00 0.00000000e+00
1000 716000 3483000 5.40810000e-02 5.40810000e-02 0.00000000e+00 0.00000000e+00
1000 717000 3483000 5.82330000e-02 5.82330000e-02 0.00000000e+00 0.00000000e+00
1000 718000 3483000 6.13320000e-02 6.13320000e-02 0.00000000e+00 0.00000000e+00
1000 719000 3483000 6.34980000e-02 6.34980000e-02 0.00000000e+00 0.00000000e+00
1000 720000 3483000 5.66740000e-02 5.66740000e-02 0.00000000e+00 0.00000000e+00
1000 721000 3483000 7.80700000e-02 7.80700000e-02 0.00000000e+00 0.00000000e+00
1000 722000 3483000 8.32300000e-02 8.32300000e-02 0.00000000e+00 0.00000000e+00
1000 723000 3483000 8.79710000e-02 8.79710000e-02 0.00000000e+00 0.00000000e+00
1000 724000 3483000 9.31890000e-02 9.31890000e-02 0.00000000e+00 0.00000000e+00
1000 725000 3483000 9.85140000e-02 9.85140000e-02 0.00000000e+00 0.00000000e+00
1000 726000 3483000 1.04140000e-01 1.04140000e-01 0.00000000e+00 0.00000000e+00
1000 727000 3483000 1.10000000e-01 1.10000000e-01 0.00000000e+00 0.00000000e+00
1000 728000 3483000 1.16140000e-01 1.16140000e-01 0.00000000e+00 0.00000000e+00
1000 729000 3483000 1.22630000e-01 1.22630000e-01 0.00000000e+00 0.00000000e+00
1000 730000 3483000 1.29500000e-01 1.29500000e-01 0.00000000e+00 0.00000000e+00
1000 731000 3483000 1.36820000e-01 1.36820000e-01 0.00000000e+00 0.00000000e+00
1000 732000 3483000 1.44630000e-01 1.44630000e-01 0.00000000e+00 0.00000000e+00
1000 733000 3483000 1.52960000e-01 1.52960000e-01 0.00000000e+00 0.00000000e+00
1000 734000 3483000 1.61820000e-01 1.61820000e-01 0.00000000e+00 0.00000000e+00
1000 735000 3483000 1.71200000e-01 1.71200000e-01 0.00000000e+00 0.00000000e+00
1000 736000 3483000 1.81040000e-01 1.81040000e-01 0.00000000e+00 0.00000000e+00
1000 737000 3483000 1.91280000e-01 1.91280000e-01 0.00000000e+00 0.00000000e+00
1000 738000 3483000 2.01780000e-01 2.01780000e-01 0.00000000e+00 0.00000000e+00
1000 739000 3483000 2.12390000e-01 2.12390000e-01 0.00000000e+00 0.00000000e+00
1000 740000 3483000 2.22920000e-01 2.22920000e-01 0.00000000e+00 0.00000000e+00
1000 741000 3483000 2.33130000e-01 2.33130000e-01 0.00000000e+00 0.00000000e+00
1000 742000 3483000 2.42790000e-01 2.42790000e-01 0.00000000e+00 0.00000000e+00
1000 743000 3483000 2.51630000e-01 2.51630000e-01 0.00000000e+00 0.00000000e+00
1000 744000 3483000 2.59380000e-01 2.59380000e-01 0.00000000e+00 0.00000000e+00
1000 745000 3483000 2.65790000e-01 2.65790000e-01 0.00000000e+00 0.00000000e+00
1000 746000 3483000 2.70630000e-01 2.70630000e-01 0.00000000e+00 0.00000000e+00
1000 747000 3483000 2.73720000e-01 2.73720000e-01 0.00000000e+00 0.00000000e+00
1000 748000 3483000 2.74910000e-01 2.74910000e-01 0.00000000e+00 0.00000000e+00
1000 749000 3483000 2.74100000e-01 2.74100000e-01 0.00000000e+00 0.00000000e+00
1000 750000 3483000 2.71280000e-01 2.71280000e-01 0.00000000e+00 0.00000000e+00
1000 650000 3482000 3.82790000e-06 3.82790000e-06 0.00000000e+00 0.00000000e+00
1000 651000 3482000 4.29430000e-06 4.29430000e-06 0.00000000e+00 0.00000000e+00
1000 652000 3482000 4.80370000e-06 4.80370000e-06 0.00000000e+00 0.00000000e+00
1000 653000 3482000 5.36760000e-06 5.36760000e-06 0.00000000e+00 0.00000000e+00
1000 654000 3482000 5.99410000e-06 5.99410000e-06 0.00000000e+00 0.00000000e+00
1000 655000 3482000 6.69560000e-06 6.69560000e-06 0.00000000e+00 0.00000000e+00
1000 656000 3482000 7.48190000e-06 7.48190000e-06 0.00000000e+00 0.00000000e+00
1000 657000 3482000 8.36470000e-06 8.36470000e-06 0.00000000e+00 0.00000000e+00
1000 658000 3482000 9.36040000e-06 9.36040000e-06 0.00000000e+00 0.00000000e+00
1000 659000 3482000 1.05010000e-05 1.05010000e-05 0.00000000e+00 0.00000000e+00
1000 660000 3482000 1.18390000e-05 1.18390000e-05 0.00000000e+00 0.00000000e+00
1000 661000 3482000 1.34330000e-05 1.34330000e-05 0.00000000e+00 0.00000000e+00
1000 662000 3482000 1.53110000e-05 1.53110000e-05 0.00000000e+00 0.00000000e+00
1000 663000 3482000 1.74020000e-05 1.74020000e-05 0.00000000e+00 0.00000000e+00
1000 664000 3482000 1.93820000e-05 1.93820000e-05 0.00000000e+00 0.00000000e+00
1000 665000 3482000 1.99750000e-05 1.99750000e-05 0.00000000e+00 0.00000000e+00
1000 666000 3482000 1.56560000e-05 1.56560000e-05 0.00000000e+00 0.00000000e+00
1000 667000 3482000 9.55300000e-06 9.55300000e-06 0.00000000e+00 0.00000000e+00
1000 668000 3482000 4.02250000e-06 4.02250000e-06 0.00000000e+00 0.00000000e+00
1000 669000 3482000 9.80890000e-07 9.80890000e-07 0.00000000e+00 0.00000000e+00
1000 670000 3482000 5.32310000e-07 5.32310000e-07 0.00000000e+00 0.00000000e+00
1000 671000 3482000 1.50750000e-06 1.50750000e-06 0.00000000e+00 0.00000000e+00
1000 672000 3482000 5.20940000e-06 5.20940000e-06 0.00000000e+00 0.00000000e+00
1000 673000 3482000 1.82370000e-07 1.82370000e-07 0.00000000e+00 0.00000000e+00
1000 674000 3482000 1.03000000e-05 1.03000000e-05 0.00000000e+00 0.00000000e+00
1000 675000 3482000 4.94410000e-05 4.94410000e-05 0.00000000e+00 0.00000000e+00
1000 676000 3482000 1.08330000e-04 1.08330000e-04 0.00000000e+00 0.00000000e+00
1000 677000 3482000 1.58020000e-04 1.58020000e-04 0.00000000e+00 0.00000000e+00
1000 678000 3482000 1.58820000e-04 1.58820000e-04 0.00000000e+00 0.00000000e+00
1000 679000 3482000 1.92910000e-04 1.92910000e-04 0.00000000e+00 0.00000000e+00
1000 680000 3482000 2.34250000e-04 2.34250000e-04 0.00000000e+00 0.00000000e+00
1000 681000 3482000 3.71560000e-04 3.71560000e-04 0.00000000e+00 0.00000000e+00
1000 682000 3482000 4.08930000e-04 4.08930000e-04 0.00000000e+00 0.00000000e+00
1000 683000 3482000 5.18840000e-04 5.18840000e-04 0.00000000e+00 0.00000000e+00
1000 684000 3482000 5.77870000e-04 5.77870000e-04 0.00000000e+00 0.00000000e+00
1000 685000 3482000 6.24330000e-04 6.24330000e-04 0.00000000e+00 0.00000000e+00
1000 686000 3482000 8.45230000e-04 8.45230000e-04 0.00000000e+00 0.00000000e+00
1000 687000 3482000 1.03210000e-03 1.03210000e-03 0.00000000e+00 0.00000000e+00
1000 688000 3482000 1.25310000e-03 1.25310000e-03 0.00000000e+00 0.00000000e+00
1000 689000 3482000 1.51630000e-03 1.51630000e-03 0.00000000e+00 0.00000000e+00
1000 690000 3482000 1.94160000e-03 1.94160000e-03 0.00000000e+00 0.00000000e+00
1000 691000 3482000 2.16930000e-03 2.16930000e-03 0.00000000e+00 0.00000000e+00
1000 692000 3482000 2.54910000e-03 2.54910000e-03 0.00000000e+00 0.00000000e+00
1000 693000 3482000 3.06040000e-03 3.06040000e-03 0.00000000e+00 0.00000000e+00
1000 694000 3482000 3.78120000e-03 3.78120000e-03 0.00000000e+00 0.00000000e+00
1000 695000 3482000 4.58750000e-03 4.58750000e-03 0.00000000e+00 0.00000000e+00
1000 696000 3482000 5.35630000e-03 5.35630000e-03 0.00000000e+00 0.00000000e+00
1000 697000 3482000 6.23420000e-03 6.23420000e-03 0.00000000e+00 0.00000000e+00
1000 698000 3482000 7.25380000e-03 7.25380000e-03 0.00000000e+00 0.00000000e+00
1000 699000 3482000 8.33920000e-03 8.33920000e-03 0.00000000e+00 0.00000000e+00
1000 700000 3482000 9.51690000e-03 9.51690000e-03 0.00000000e+00 0.00000000e+00
1000 701000 3482000 1.09080000e-02 1.09080000e-02 0.00000000e+00 0.00000000e+00
1000 702000 3482000 1.24100000e-02 1.24100000e-02 0.00000000e+00 0.00000000e+00
1000 703000 3482000 1.40700000e-02 1.40700000e-02 0.00000000e+00 0.00000000e+00
1000 704000 3482000 1.58970000e-02 1.58970000e-02 0.00000000e+00 0.00000000e+00
1000 705000 3482000 1.79000000e-02 1.79000000e-02 0.00000000e+00 0.00000000e+00
1000 706000 3482000 2.00820000e-02 2.00820000e-02 0.00000000e+00 0.00000000e+00
1000 707000 3482000 2.24580000e-02 2.24580000e-02 0.00000000e+00 0.00000000e+00
1000 708000 3482000 2.50250000e-02 2.50250000e-02 0.00000000e+00 0.00000000e+00
1000 709000 3482000 2.77880000e-02 2.77880000e-02 0.00000000e+00 0.00000000e+00
1000 710000 3482000 3.07260000e-02 3.07260000e-02 0.00000000e+00 0.00000000e+00
1000 711000 3482000 3.38670000e-02 3.38670000e-02 0.00000000e+00 0.00000000e+00
1000 712000 3482000 3.72100000e-02 3.72100000e-02 0.00000000e+00 0.00000000e+00
1000 713000 3482000 4.07740000e-02 4.07740000e-02 0.00000000e+00 0.00000000e+00
1000 714000 3482000 4.27240000e-02 4.27240000e-02 0.00000000e+00 0.00000000e+00
1000 715000 3482000 4.62330000e-02 4.62330000e-02 0.00000000e+00 0.00000000e+00
1000 716000 3482000 5.13880000e-02 5.13880000e-02 0.00000000e+00 0.00000000e+00
1000 717000 3482000 5.66750000e-02 5.66750000e-02 0.00000000e+00 0.00000000e+00
1000 718000 3482000 6.10180000e-02 6.10180000e-02 0.00000000e+00 0.00000000e+00
1000 719000 3482000 6.52290000e-02 6.52290000e-02 0.00000000e+00 0.00000000e+00
1000 720000 3482000 5.33250000e-02 5.33250000e-02 0.00000000e+00 0.00000000e+00
1000 721000 3482000 5.76650000e-02 5.76650000e-02 0.00000000e+00 0.00000000e+00
1000 722000 3482000 7.59040000e-02 7.59040000e-02 0.00000000e+00 0.00000000e+00
1000 723000 3482000 8.66700000e-02 8.66700000e-02 0.00000000e+00 0.00000000e+00
1000 724000 3482000 8.92840000e-02 8.92840000e-02 0.00000000e+00 0.00000000e+00
1000 725000 3482000 9.35210000e-02 9.35210000e-02 0.00000000e+00 0.00000000e+00
1000 726000 3482000 9.83490000e-02 9.83490000e-02 0.00000000e+00 0.00000000e+00
1000 727000 3482000 1.03200000e-01 1.03200000e-01 0.00000000e+00 0.00000000e+00
1000 728000 3482000 1.08220000e-01 1.08220000e-01 0.00000000e+00 0.00000000e+00
1000 729000 3482000 1.13360000e-01 1.13360000e-01 0.00000000e+00 0.00000000e+00
1000 730000 3482000 1.18660000e-01 1.18660000e-01 0.00000000e+00 0.00000000e+00
1000 731000 3482000 1.24180000e-01 1.24180000e-01 0.00000000e+00 0.00000000e+00
1000 732000 3482000 1.29970000e-01 1.29970000e-01 0.00000000e+00 0.00000000e+00
1000 733000 3482000 1.36070000e-01 1.36070000e-01 0.00000000e+00 0.00000000e+00
1000 734000 3482000 1.42520000e-01 1.42520000e-01 0.00000000e+00 0.00000000e+00
1000 735000 3482000 1.49380000e-01 1.49380000e-01 0.00000000e+00 0.00000000e+00
1000 736000 3482000 1.56640000e-01 1.56640000e-01 0.00000000e+00 0.00000000e+00
1000 737000 3482000 1.64310000e-01 1.64310000e-01 0.00000000e+00 0.00000000e+00
1000 738000 3482000 1.72370000e-01 1.72370000e-01 0.00000000e+00 0.00000000e+00
1000 739000 3482000 1.80760000e-01 1.80760000e-01 0.00000000e+00 0.00000000e+00
1000 740000 3482000 1.89380000e-01 1.89380000e-01 0.00000000e+00 0.00000000e+00
1000 741000 3482000 1.98120000e-01 1.98120000e-01 0.00000000e+00 0.00000000e+00
1000 742000 3482000 2.06800000e-01 2.06800000e-01 0.00000000e+00 0.00000000e+00
1000 743000 3482000 2.15250000e-01 2.15250000e-01 0.00000000e+00 0.00000000e+00
1000 744000 3482000 2.23250000e-01 2.23250000e-01 0.00000000e+00 0.00000000e+00
1000 745000 3482000 2.30590000e-01 2.30590000e-01 0.00000000e+00 0.00000000e+00
1000 746000 3482000 2.37030000e-01 2.37030000e-01 0.00000000e+00 0.00000000e+00
1000 747000 3482000 2.42350000e-01 2.42350000e-01 0.00000000e+00 0.00000000e+00
1000 748000 3482000 2.46350000e-01 2.46350000e-01 0.00000000e+00 0.00000000e+00
1000 749000 3482000 2.48850000e-01 2.48850000e-01 0.00000000e+00 0.00000000e+00
1000 750000 3482000 2.49730000e-01 2.49730000e-01 0.00000000e+00 0.00000000e+00
1000 650000 3481000 3.94540000e-06 3.94540000e-06 0.00000000e+00 0.00000000e+00
1000 651000 3481000 4.42580000e-06 4.42580000e-06 0.00000000e+00 0.00000000e+00
1000 652000 3481000 4.95420000e-06 4.95420000e-06 0.00000000e+00 0.00000000e+00
1000 653000 3481000 5.54330000e-06 5.54330000e-06 0.00000000e+00 0.00000000e+00
1000 654000 3481000 6.20280000e-06 6.20280000e-06 0.00000000e+00 0.00000000e+00
1000 655000 3481000 6.94980000e-06 6.94980000e-06 0.00000000e+00 0.00000000e+00
1000 656000 3481000 7.79470000e-06 7.79470000e-06 0.00000000e+00 0.00000000e+00
1000 657000 3481000 8.75820000e-06 8.75820000e-06 0.00000000e+00 0.00000000e+00
1000 658000 3481000 9.85940000e-06 9.85940000e-06 0.00000000e+00 0.00000000e+00
1000 659000 3481000 1.11410000e-05 1.11410000e-05 0.00000000e+00 0.00000000e+00
1000 660000 3481000 1.26460000e-05 1.26460000e-05 0.00000000e+00 0.00000000e+00
1000 661000 3481000 1.44350000e-05 1.44350000e-05 0.00000000e+00 0.00000000e+00
1000 662000 3481000 1.65270000e-05 1.65270000e-05 0.00000000e+00 0.00000000e+00
1000 663000 3481000 1.88370000e-05 1.88370000e-05 0.00000000e+00 0.00000000e+00
1000 664000 3481000 2.10360000e-05 2.10360000e-05 0.00000000e+00 0.00000000e+00
1000 665000 3481000 2.23030000e-05 2.23030000e-05 0.00000000e+00 0.00000000e+00
1000 666000 3481000 2.19450000e-05 2.19450000e-05 0.00000000e+00 0.00000000e+00
1000 667000 3481000 1.75960000e-05 1.75960000e-05 0.00000000e+00 0.00000000e+00
1000 668000 3481000 1.58100000e-05 1.58100000e-05 0.00000000e+00 0.00000000e+00
1000 669000 3481000 8.18520000e-06 8.18520000e-06 0.00000000e+00 0.00000000e+00
1000 670000 3481000 9.83790000e-06 9.83790000e-06 0.00000000e+00 0.00000000e+00
1000 671000 3481000 7.11290000e-06 7.11290000e-06 0.00000000e+00 0.00000000e+00
1000 672000 3481000 1.20580000e-05 1.20580000e-05 0.00000000e+00 0.00000000e+00
1000 673000 3481000 4.22610000e-06 4.22610000e-06 0.00000000e+00 0.00000000e+00
1000 674000 3481000 2.58610000e-05 2.58610000e-05 0.00000000e+00 0.00000000e+00
1000 675000 3481000 5.69610000e-05 5.69610000e-05 0.00000000e+00 0.00000000e+00
1000 676000 3481000 1.13250000e-04 1.13250000e-04 0.00000000e+00 0.00000000e+00
1000 677000 3481000 1.38470000e-04 1.38470000e-04 0.00000000e+00 0.00000000e+00
1000 678000 3481000 1.56060000e-04 1.56060000e-04 0.00000000e+00 0.00000000e+00
1000 679000 3481000 1.89250000e-04 1.89250000e-04 0.00000000e+00 0.00000000e+00
1000 680000 3481000 2.27940000e-04 2.27940000e-04 0.00000000e+00 0.00000000e+00
1000 681000 3481000 2.78470000e-04 2.78470000e-04 0.00000000e+00 0.00000000e+00
1000 682000 3481000 3.96000000e-04 3.96000000e-04 0.00000000e+00 0.00000000e+00
1000 683000 3481000 5.25880000e-04 5.25880000e-04 0.00000000e+00 0.00000000e+00
1000 684000 3481000 6.05180000e-04 6.05180000e-04 0.00000000e+00 0.00000000e+00
1000 685000 3481000 7.14400000e-04 7.14400000e-04 0.00000000e+00 0.00000000e+00
1000 686000 3481000 7.92790000e-04 7.92790000e-04 0.00000000e+00 0.00000000e+00
1000 687000 3481000 9.63370000e-04 9.63370000e-04 0.00000000e+00 0.00000000e+00
1000 688000 3481000 1.26580000e-03 1.26580000e-03 0.00000000e+00 0.00000000e+00
1000 689000 3481000 1.42330000e-03 1.42330000e-03 0.00000000e+00 0.00000000e+00
1000 690000 3481000 1.71930000e-03 1.71930000e-03 0.00000000e+00 0.00000000e+00
1000 691000 3481000 2.19200000e-03 2.19200000e-03 0.00000000e+00 0.00000000e+00
1000 692000 3481000 2.43650000e-03 2.43650000e-03 0.00000000e+00 0.00000000e+00
1000 693000 3481000 2.89100000e-03 2.89100000e-03 0.00000000e+00 0.00000000e+00
1000 694000 3481000 3.56570000e-03 3.56570000e-03 0.00000000e+00 0.00000000e+00
1000 695000 3481000 4.31170000e-03 4.31170000e-03 0.00000000e+00 0.00000000e+00
1000 696000 3481000 5.03930000e-03 5.03930000e-03 0.00000000e+00 0.00000000e+00
1000 697000 3481000 5.84830000e-03 5.84830000e-03 0.00000000e+00 0.00000000e+00
1000 698000 3481000 6.75370000e-03 6.75370000e-03 0.00000000e+00 0.00000000e+00
1000 699000 3481000 7.76120000e-03 7.76120000e-03 0.00000000e+00 0.00000000e+00
1000 700000 3481000 8.91620000e-03 8.91620000e-03 0.00000000e+00 0.00000000e+00
1000 701000 3481000 1.01930000e-02 1.01930000e-02 0.00000000e+00 0.00000000e+00
1000 702000 3481000 1.16120000e-02 1.16120000e-02 0.00000000e+00 0.00000000e+00
1000 703000 3481000 1.31840000e-02 1.31840000e-02 0.00000000e+00 0.00000000e+00
1000 704000 3481000 1.49180000e-02 1.49180000e-02 0.00000000e+00 0.00000000e+00
1000 705000 3481000 1.68210000e-02 1.68210000e-02 0.00000000e+00 0.00000000e+00
1000 706000 3481000 1.89020000e-02 1.89020000e-02 0.00000000e+00 0.00000000e+00
1000 707000 3481000 2.11670000e-02 2.11670000e-02 0.00000000e+00 0.00000000e+00
1000 708000 3481000 2.36220000e-02 2.36220000e-02 0.00000000e+00 0.00000000e+00
1000 709000 3481000 2.62700000e-02 2.62700000e-02 0.00000000e+00 0.00000000e+00
1000 710000 3481000 2.90650000e-02 2.90650000e-02 0.00000000e+00 0.00000000e+00
1000 711000 3481000 3.20900000e-02 3.20900000e-02 0.00000000e+00 0.00000000e+00
1000 712000 3481000 3.48450000e-02 3.48450000e-02 0.00000000e+00 0.00000000e+00
1000 713000 3481000 3.87310000e-02 3.87310000e-02 0.00000000e+00 0.00000000e+00
1000 714000 3481000 4.11080000e-02 4.11080000e-02 0.00000000e+00 0.00000000e+00
1000 715000 3481000 4.58840000e-02 4.58840000e-02 0.00000000e+00 0.00000000e+00
1000 716000 3481000 5.00270000e-02 5.00270000e-02 0.00000000e+00 0.00000000e+00
1000 717000 3481000 5.40600000e-02 5.40600000e-02 0.00000000e+00 0.00000000e+00
1000 718000 3481000 5.73490000e-02 5.73490000e-02 0.00000000e+00 0.00000000e+00
1000 719000 3481000 6.15720000e-02 6.15720000e-02 0.00000000e+00 0.00000000e+00
1000 720000 3481000 6.64780000e-02 6.64780000e-02 0.00000000e+00 0.00000000e+00
1000 721000 3481000 4.12810000e-02 4.12810000e-02 0.00000000e+00 0.00000000e+00
1000 722000 3481000 4.38130000e-02 4.38130000e-02 0.00000000e+00 0.00000000e+00
1000 723000 3481000 4.86010000e-02 4.86010000e-02 0.00000000e+00 0.00000000e+00
1000 724000 3481000 6.81160000e-02 6.81160000e-02 0.00000000e+00 0.00000000e+00
1000 725000 3481000 9.21120000e-02 9.21120000e-02 0.00000000e+00 0.00000000e+00
1000 726000 3481000 9.38170000e-02 9.38170000e-02 0.00000000e+00 0.00000000e+00
1000 727000 3481000 9.82410000e-02 9.82410000e-02 0.00000000e+00 0.00000000e+00
1000 728000 3481000 1.02640000e-01 1.02640000e-01 0.00000000e+00 0.00000000e+00
1000 729000 3481000 1.07030000e-01 1.07030000e-01 0.00000000e+00 0.00000000e+00
1000 730000 3481000 1.11420000e-01 1.11420000e-01 0.00000000e+00 0.00000000e+00
1000 731000 3481000 1.15850000e-01 1.15850000e-01 0.00000000e+00 0.00000000e+00
1000 732000 3481000 1.20340000e-01 1.20340000e-01 0.00000000e+00 0.00000000e+00
1000 733000 3481000 1.24960000e-01 1.24960000e-01 0.00000000e+00 0.00000000e+00
1000 734000 3481000 1.29730000e-01 1.29730000e-01 0.00000000e+00 0.00000000e+00
1000 735000 3481000 1.34720000e-01 1.34720000e-01 0.00000000e+00 0.00000000e+00
1000 736000 3481000 1.39960000e-01 1.39960000e-01 0.00000000e+00 0.00000000e+00
1000 737000 3481000 1.45490000e-01 1.45490000e-01 0.00000000e+00 0.00000000e+00
1000 738000 3481000 1.51350000e-01 1.51350000e-01 0.00000000e+00 0.00000000e+00
1000 739000 3481000 1.57530000e-01 1.57530000e-01 0.00000000e+00 0.00000000e+00
1000 740000 3481000 1.64030000e-01 1.64030000e-01 0.00000000e+00 0.00000000e+00
1000 741000 3481000 1.70810000e-01 1.70810000e-01 0.00000000e+00 0.00000000e+00
1000 742000 3481000 1.77800000e-01 1.77800000e-01 0.00000000e+00 0.00000000e+00
1000 743000 3481000 1.84900000e-01 1.84900000e-01 0.00000000e+00 0.00000000e+00
1000 744000 3481000 1.91990000e-01 1.91990000e-01 0.00000000e+00 0.00000000e+00
1000 745000 3481000 1.98900000e-01 1.98900000e-01 0.00000000e+00 0.00000000e+00
1000 746000 3481000 2.05480000e-01 2.05480000e-01 0.00000000e+00 0.00000000e+00
1000 747000 3481000 2.11510000e-01 2.11510000e-01 0.00000000e+00 0.00000000e+00
1000 748000 3481000 2.16810000e-01 2.16810000e-01 0.00000000e+00 0.00000000e+00
1000 749000 3481000 2.21180000e-01 2.21180000e-01 0.00000000e+00 0.00000000e+00
1000 750000 3481000 2.24450000e-01 2.24450000e-01 0.00000000e+00 0.00000000e+00
1000 650000 3480000 4.05310000e-06 4.05310000e-06 0.00000000e+00 0.00000000e+00
1000 651000 3480000 4.54280000e-06 4.54280000e-06 0.00000000e+00 0.00000000e+00
1000 652000 3480000 5.08440000e-06 5.08440000e-06 0.00000000e+00 0.00000000e+00
1000 653000 3480000 5.69210000e-06 5.69210000e-06 0.00000000e+00 0.00000000e+00
1000 654000 3480000 6.37690000e-06 6.37690000e-06 0.00000000e+00 0.00000000e+00
1000 655000 3480000 7.15240000e-06 7.15240000e-06 0.00000000e+00 0.00000000e+00
1000 656000 3480000 8.03810000e-06 8.03810000e-06 0.00000000e+00 0.00000000e+00
1000 657000 3480000 9.05470000e-06 9.05470000e-06 0.00000000e+00 0.00000000e+00
1000 658000 3480000 1.02290000e-05 1.02290000e-05 0.00000000e+00 0.00000000e+00
1000 659000 3480000 1.15950000e-05 1.15950000e-05 0.00000000e+00 0.00000000e+00
1000 660000 3480000 1.32000000e-05 1.32000000e-05 0.00000000e+00 0.00000000e+00
1000 661000 3480000 1.50990000e-05 1.50990000e-05 0.00000000e+00 0.00000000e+00
1000 662000 3480000 1.73430000e-05 1.73430000e-05 0.00000000e+00 0.00000000e+00
1000 663000 3480000 1.99240000e-05 1.99240000e-05 0.00000000e+00 0.00000000e+00
1000 664000 3480000 2.28560000e-05 2.28560000e-05 0.00000000e+00 0.00000000e+00
1000 665000 3480000 2.62200000e-05 2.62200000e-05 0.00000000e+00 0.00000000e+00
1000 666000 3480000 2.98520000e-05 2.98520000e-05 0.00000000e+00 0.00000000e+00
1000 667000 3480000 2.67770000e-05 2.67770000e-05 0.00000000e+00 0.00000000e+00
1000 668000 3480000 2.23690000e-05 2.23690000e-05 0.00000000e+00 0.00000000e+00
1000 669000 3480000 1.60020000e-05 1.60020000e-05 0.00000000e+00 0.00000000e+00
1000 670000 3480000 1.84110000e-05 1.84110000e-05 0.00000000e+00 0.00000000e+00
1000 671000 3480000 2.71080000e-05 2.71080000e-05 0.00000000e+00 0.00000000e+00
1000 672000 3480000 2.07720000e-05 2.07720000e-05 0.00000000e+00 0.00000000e+00
1000 673000 3480000 1.10770000e-05 1.10770000e-05 0.00000000e+00 0.00000000e+00
1000 674000 3480000 3.26660000e-05 3.26660000e-05 0.00000000e+00 0.00000000e+00
1000 675000 3480000 9.11960000e-05 9.11960000e-05 0.00000000e+00 0.00000000e+00
1000 676000 3480000 1.19400000e-04 1.19400000e-04 0.00000000e+00 0.00000000e+00
1000 677000 3480000 1.29150000e-04 1.29150000e-04 0.00000000e+00 0.00000000e+00
1000 678000 3480000 1.54310000e-04 1.54310000e-04 0.00000000e+00 0.00000000e+00
1000 679000 3480000 1.86690000e-04 1.86690000e-04 0.00000000e+00 0.00000000e+00
1000 680000 3480000 2.24030000e-04 2.24030000e-04 0.00000000e+00 0.00000000e+00
1000 681000 3480000 2.71180000e-04 2.71180000e-04 0.00000000e+00 0.00000000e+00
1000 682000 3480000 3.30770000e-04 3.30770000e-04 0.00000000e+00 0.00000000e+00
1000 683000 3480000 4.18360000e-04 4.18360000e-04 0.00000000e+00 0.00000000e+00
1000 684000 3480000 5.19980000e-04 5.19980000e-04 0.00000000e+00 0.00000000e+00
1000 685000 3480000 6.74000000e-04 6.74000000e-04 0.00000000e+00 0.00000000e+00
1000 686000 3480000 7.49380000e-04 7.49380000e-04 0.00000000e+00 0.00000000e+00
1000 687000 3480000 9.15090000e-04 9.15090000e-04 0.00000000e+00 0.00000000e+00
1000 688000 3480000 1.12810000e-03 1.12810000e-03 0.00000000e+00 0.00000000e+00
1000 689000 3480000 1.46100000e-03 1.46100000e-03 0.00000000e+00 0.00000000e+00
1000 690000 3480000 1.61530000e-03 1.61530000e-03 0.00000000e+00 0.00000000e+00
1000 691000 3480000 1.93560000e-03 1.93560000e-03 0.00000000e+00 0.00000000e+00
1000 692000 3480000 2.30620000e-03 2.30620000e-03 0.00000000e+00 0.00000000e+00
1000 693000 3480000 2.72630000e-03 2.72630000e-03 0.00000000e+00 0.00000000e+00
1000 694000 3480000 3.32540000e-03 3.32540000e-03 0.00000000e+00 0.00000000e+00
1000 695000 3480000 3.99560000e-03 3.99560000e-03 0.00000000e+00 0.00000000e+00
1000 696000 3480000 4.67490000e-03 4.67490000e-03 0.00000000e+00 0.00000000e+00
1000 697000 3480000 5.42080000e-03 5.42080000e-03 0.00000000e+00 0.00000000e+00
1000 698000 3480000 6.26570000e-03 6.26570000e-03 0.00000000e+00 0.00000000e+00
1000 699000 3480000 7.21880000e-03 7.21880000e-03 0.00000000e+00 0.00000000e+00
1000 700000 3480000 8.28950000e-03 8.28950000e-03 0.00000000e+00 0.00000000e+00
1000 701000 3480000 9.48730000e-03 9.48730000e-03 0.00000000e+00 0.00000000e+00
1000 702000 3480000 1.08220000e-02 1.08220000e-02 0.00000000e+00 0.00000000e+00
1000 703000 3480000 1.23030000e-02 1.23030000e-02 0.00000000e+00 0.00000000e+00
1000 704000 3480000 1.39390000e-02 1.39390000e-02 0.00000000e+00 0.00000000e+00
1000 705000 3480000 1.57390000e-02 1.57390000e-02 0.00000000e+00 0.00000000e+00
1000 706000 3480000 1.77110000e-02 1.77110000e-02 0.00000000e+00 0.00000000e+00
1000 707000 3480000 1.98620000e-02 1.98620000e-02 0.00000000e+00 0.00000000e+00
1000 708000 3480000 2.21970000e-02 2.21970000e-02 0.00000000e+00 0.00000000e+00
1000 709000 3480000 2.47210000e-02 2.47210000e-02 0.00000000e+00 0.00000000e+00
1000 710000 3480000 2.74360000e-02 2.74360000e-02 0.00000000e+00 0.00000000e+00
1000 711000 3480000 3.03430000e-02 3.03430000e-02 0.00000000e+00 0.00000000e+00
1000 712000 3480000 3.31720000e-02 3.31720000e-02 0.00000000e+00 0.00000000e+00
1000 713000 3480000 3.67000000e-02 3.67000000e-02 0.00000000e+00 0.00000000e+00
1000 714000 3480000 4.01260000e-02 4.01260000e-02 0.00000000e+00 0.00000000e+00
1000 715000 3480000 4.35170000e-02 4.35170000e-02 0.00000000e+00 0.00000000e+00
1000 716000 3480000 4.75410000e-02 4.75410000e-02 0.00000000e+00 0.00000000e+00
1000 717000 3480000 5.14440000e-02 5.14440000e-02 0.00000000e+00 0.00000000e+00
1000 718000 3480000 5.46070000e-02 5.46070000e-02 0.00000000e+00 0.00000000e+00
1000 719000 3480000 5.88360000e-02 5.88360000e-02 0.00000000e+00 0.00000000e+00
1000 720000 3480000 4.89800000e-02 4.89800000e-02 0.00000000e+00 0.00000000e+00
1000 721000 3480000 5.29100000e-02 5.29100000e-02 0.00000000e+00 0.00000000e+00
1000 722000 3480000 7.22520000e-02 7.22520000e-02 0.00000000e+00 0.00000000e+00
1000 723000 3480000 7.71440000e-02 7.71440000e-02 0.00000000e+00 0.00000000e+00
1000 724000 3480000 7.43560000e-02 7.43560000e-02 0.00000000e+00 0.00000000e+00
1000 725000 3480000 6.92630000e-02 6.92630000e-02 0.00000000e+00 0.00000000e+00
1000 726000 3480000 8.98830000e-02 8.98830000e-02 0.00000000e+00 0.00000000e+00
1000 727000 3480000 9.40550000e-02 9.40550000e-02 0.00000000e+00 0.00000000e+00
1000 728000 3480000 9.81430000e-02 9.81430000e-02 0.00000000e+00 0.00000000e+00
1000 729000 3480000 1.02140000e-01 1.02140000e-01 0.00000000e+00 0.00000000e+00
1000 730000 3480000 1.06050000e-01 1.06050000e-01 0.00000000e+00 0.00000000e+00
1000 731000 3480000 1.09880000e-01 1.09880000e-01 0.00000000e+00 0.00000000e+00
1000 732000 3480000 1.13650000e-01 1.13650000e-01 0.00000000e+00 0.00000000e+00
1000 733000 3480000 1.17380000e-01 1.17380000e-01 0.00000000e+00 0.00000000e+00
1000 734000 3480000 1.21110000e-01 1.21110000e-01 0.00000000e+00 0.00000000e+00
1000 735000 3480000 1.24880000e-01 1.24880000e-01 0.00000000e+00 0.00000000e+00
1000 736000 3480000 1.28740000e-01 1.28740000e-01 0.00000000e+00 0.00000000e+00
1000 737000 3480000 1.32720000e-01 1.32720000e-01 0.00000000e+00 0.00000000e+00
1000 738000 3480000 1.36880000e-01 1.36880000e-01 0.00000000e+00 0.00000000e+00
1000 739000 3480000 1.41260000e-01 1.41260000e-01 0.00000000e+00 0.00000000e+00
1000 740000 3480000 1.45880000e-01 1.45880000e-01 0.00000000e+00 0.00000000e+00
1000 741000 3480000 1.50770000e-01 1.50770000e-01 0.00000000e+00 0.00000000e+00
1000 742000 3480000 1.55930000e-01 1.55930000e-01 0.00000000e+00 0.00000000e+00
1000 743000 3480000 1.61320000e-01 1.61320000e-01 0.00000000e+00 0.00000000e+00
1000 744000 3480000 1.66910000e-01 1.66910000e-01 0.00000000e+00 0.00000000e+00
1000 745000 3480000 1.72610000e-01 1.72610000e-01 0.00000000e+00 0.00000000e+00
1000 746000 3480000 1.78320000e-01 1.78320000e-01 0.00000000e+00 0.00000000e+00
1000 747000 3480000 1.83920000e-01 1.83920000e-01 0.00000000e+00 0.00000000e+00
1000 748000 3480000 1.89260000e-01 1.89260000e-01 0.00000000e+00 0.00000000e+00
1000 749000 3480000 1.94170000e-01 1.94170000e-01 0.00000000e+00 0.00000000e+00
1000 750000 3480000 1.98490000e-01 1.98490000e-01 0.00000000e+00 0.00000000e+00
