s	phi4.0	phi3.9	phi3.8	phi3.7	phi3.6	phi3.5	phi3.4	phi3.3	phi3.2	phi3.1
0	7352.9052	9310.8893	11760.7502	14818.0194	18623.2779	23347.0710	29195.6680	36417.7816	45312.3767	56237.7054
1	7348.9184	9305.0905	11752.3368	14805.8433	18605.7005	23321.7602	29159.3132	36365.6953	45237.9401	56131.5969
2	7344.9338	9299.2953	11743.9295	14793.6772	18588.1397	23296.4769	29123.0036	36313.6836	45163.6258	56025.6886
3	7340.9514	9293.5037	11735.5281	14781.5211	18570.5955	23271.2210	29086.7392	36261.7461	45089.4335	55919.9801
4	7336.9711	9287.7157	11727.1328	14769.3750	18553.0679	23245.9924	29050.5200	36209.8830	45015.3631	55814.4710
5	7332.9930	9281.9313	11718.7435	14757.2389	18535.5568	23220.7912	29014.3458	36158.0941	44941.4145	55709.1611
6	7329.0170	9276.1505	11710.3601	14745.1127	18518.0622	23195.6173	28978.2167	36106.3792	44867.5872	55604.0498
7	7325.0432	9270.3733	11701.9828	14732.9965	18500.5842	23170.4707	28942.1326	36054.7383	44793.8813	55499.1368
8	7321.0716	9264.5997	11693.6115	14720.8903	18483.1226	23145.3514	28906.0935	36003.1712	44720.2964	55394.4218
9	7317.1021	9258.8297	11685.2461	14708.7940	18465.6775	23120.2593	28870.0992	35951.6779	44646.8325	55289.9044
10	7313.1347	9253.0633	11676.8868	14696.7076	18448.2489	23095.1944	28834.1497	35900.2583	44573.4892	55185.5842
11	7309.1695	9247.3004	11668.5334	14684.6312	18430.8367	23070.1567	28798.2450	35848.9122	44500.2664	55081.4608
12	7305.2065	9241.5412	11660.1860	14672.5647	18413.4410	23045.1461	28762.3850	35797.6395	44427.1638	54977.5339
13	7301.2456	9235.7856	11651.8445	14660.5081	18396.0617	23020.1626	28726.5697	35746.4402	44354.1814	54873.8030
14	7297.2868	9230.0335	11643.5091	14648.4615	18378.6988	22995.2063	28690.7989	35695.3141	44281.3189	54770.2679
15	7293.3302	9224.2850	11635.1796	14636.4247	18361.3522	22970.2769	28655.0728	35644.2611	44208.5760	54666.9281
16	7289.3758	9218.5401	11626.8560	14624.3978	18344.0221	22945.3746	28619.3910	35593.2811	44135.9527	54563.7833
17	7285.4235	9212.7988	11618.5384	14612.3808	18326.7083	22920.4993	28583.7538	35542.3741	44063.4486	54460.8331
18	7281.4733	9207.0611	11610.2268	14600.3737	18309.4108	22895.6510	28548.1609	35491.5398	43991.0637	54358.0772
19	7277.5253	9201.3269	11601.9211	14588.3764	18292.1297	22870.8296	28512.6123	35440.7783	43918.7977	54255.5151
20	7273.5794	9195.5963	11593.6213	14576.3890	18274.8649	22846.0351	28477.1079	35390.0893	43846.6503	54153.1465
21	7269.6356	9189.8693	11585.3275	14564.4114	18257.6164	22821.2675	28441.6478	35339.4729	43774.6215	54050.9711
22	7265.6940	9184.1458	11577.0396	14552.4437	18240.3841	22796.5268	28406.2319	35288.9288	43702.7111	53948.9885
23	7261.7545	9178.4259	11568.7577	14540.4859	18223.1682	22771.8128	28370.8600	35238.4571	43630.9187	53847.1983
24	7257.8172	9172.7096	11560.4817	14528.5378	18205.9684	22747.1257	28335.5322	35188.0575	43559.2443	53745.6002
25	7253.8820	9166.9968	11552.2115	14516.5996	18188.7849	22722.4653	28300.2484	35137.7300	43487.6876	53644.1937
26	7249.9489	9161.2876	11543.9474	14504.6711	18171.6177	22697.8317	28265.0085	35087.4745	43416.2485	53542.9786
27	7246.0180	9155.5819	11535.6891	14492.7525	18154.4666	22673.2247	28229.8125	35037.2909	43344.9268	53441.9544
28	7242.0892	9149.8798	11527.4367	14480.8437	18137.3317	22648.6445	28194.6604	34987.1790	43273.7222	53341.1209
29	7238.1625	9144.1813	11519.1902	14468.9446	18120.2130	22624.0908	28159.5520	34937.1388	43202.6346	53240.4776
30	7234.2380	9138.4863	11510.9497	14457.0554	18103.1104	22599.5639	28124.4873	34887.1702	43131.6637	53140.0242
31	7230.3156	9132.7948	11502.7150	14445.1759	18086.0240	22575.0634	28089.4663	34837.2731	43060.8094	53039.7603
32	7226.3953	9127.1069	11494.4862	14433.3061	18068.9537	22550.5896	28054.4888	34787.4473	42990.0716	52939.6857
33	7222.4771	9121.4225	11486.2633	14421.4462	18051.8996	22526.1423	28019.5550	34737.6928	42919.4499	52839.7998
34	7218.5611	9115.7417	11478.0463	14409.5959	18034.8615	22501.7215	27984.6646	34688.0094	42848.9443	52740.1024
35	7214.6471	9110.0644	11469.8351	14397.7554	18017.8395	22477.3272	27949.8177	34638.3971	42778.5545	52640.5931
36	7210.7354	9104.3906	11461.6299	14385.9247	18000.8336	22452.9593	27915.0142	34588.8558	42708.2803	52541.2716
37	7206.8257	9098.7204	11453.4305	14374.1036	17983.8437	22428.6178	27880.2540	34539.3853	42638.1215	52442.1374
38	7202.9181	9093.0537	11445.2370	14362.2923	17966.8698	22404.3027	27845.5371	34489.9856	42568.0780	52343.1903
39	7199.0127	9087.3905	11437.0493	14350.4906	17949.9120	22380.0140	27810.8635	34440.6565	42498.1496	52244.4299
40	7195.1094	9081.7309	11428.8675	14338.6987	17932.9702	22355.7516	27776.2330	34391.3980	42428.3360	52145.8558
41	7191.2082	9076.0748	11420.6915	14326.9165	17916.0444	22331.5155	27741.6456	34342.2099	42358.6372	52047.4678
42	7187.3091	9070.4222	11412.5214	14315.1439	17899.1345	22307.3057	27707.1013	34293.0922	42289.0528	51949.2653
43	7183.4121	9064.7731	11404.3572	14303.3810	17882.2406	22283.1221	27672.6000	34244.0447	42219.5827	51851.2482
44	7179.5173	9059.1276	11396.1987	14291.6278	17865.3627	22258.9648	27638.1417	34195.0674	42150.2268	51753.4160
45	7175.6245	9053.4855	11388.0462	14279.8842	17848.5007	22234.8336	27603.7263	34146.1601	42080.9848	51655.7683
46	7171.7339	9047.8470	11379.8994	14268.1503	17831.6546	22210.7286	27569.3537	34097.3228	42011.8565	51558.3049
47	7167.8453	9042.2120	11371.7585	14256.4260	17814.8244	22186.6498	27535.0239	34048.5554	41942.8418	51461.0254
48	7163.9589	9036.5805	11363.6234	14244.7114	17798.0101	22162.5970	27500.7369	33999.8576	41873.9405	51363.9295
49	7160.0746	9030.9525	11355.4941	14233.0064	17781.2116	22138.5703	27466.4926	33951.2296	41805.1523	51267.0167
50	7156.1924	9025.3280	11347.3706	14221.3110	17764.4290	22114.5697	27432.2909	33902.6710	41736.4772	51170.2868
51	7152.3123	9019.7070	11339.2530	14209.6252	17747.6623	22090.5951	27398.1319	33854.1820	41667.9149	51073.7395
52	7148.4343	9014.0896	11331.1411	14197.9490	17730.9113	22066.6465	27364.0153	33805.7622	41599.4652	50977.3742
53	7144.5584	9008.4756	11323.0351	14186.2824	17714.1762	22042.7238	27329.9412	33757.4118	41531.1279	50881.1908
54	7140.6846	9002.8651	11314.9348	14174.6254	17697.4569	22018.8271	27295.9096	33709.1305	41462.9029	50785.1889
55	7136.8129	8997.2581	11306.8404	14162.9780	17680.7534	21994.9562	27261.9203	33660.9182	41394.7900	50689.3681
56	7132.9433	8991.6546	11298.7517	14151.3402	17664.0656	21971.1113	27227.9734	33612.7749	41326.7890	50593.7281
57	7129.0758	8986.0546	11290.6689	14139.7119	17647.3936	21947.2922	27194.0687	33564.7004	41258.8997	50498.2686
58	7125.2104	8980.4581	11282.5918	14128.0931	17630.7373	21923.4989	27160.2063	33516.6948	41191.1219	50402.9891
59	7121.3471	8974.8650	11274.5205	14116.4840	17614.0967	21899.7315	27126.3860	33468.7577	41123.4554	50307.8895
60	7117.4859	8969.2755	11266.4549	14104.8843	17597.4718	21875.9897	27092.6078	33420.8893	41055.9002	50212.9692
61	7113.6268	8963.6894	11258.3951	14093.2942	17580.8627	21852.2738	27058.8717	33373.0892	40988.4558	50118.2281
62	7109.7698	8958.1068	11250.3411	14081.7136	17564.2692	21828.5835	27025.1776	33325.3576	40921.1223	50023.6657
63	7105.9149	8952.5277	11242.2929	14070.1425	17547.6913	21804.9189	26991.5255	33277.6942	40853.8994	49929.2818
64	7102.0620	8946.9520	11234.2504	14058.5810	17531.1291	21781.2800	26957.9152	33230.0990	40786.7869	49835.0759
65	7098.2113	8941.3798	11226.2137	14047.0289	17514.5826	21757.6667	26924.3468	33182.5719	40719.7847	49741.0478
66	7094.3626	8935.8111	11218.1827	14035.4863	17498.0517	21734.0790	26890.8203	33135.1127	40652.8926	49647.1971
67	7090.5160	8930.2459	11210.1575	14023.9532	17481.5363	21710.5169	26857.3354	33087.7215	40586.1103	49553.5234
68	7086.6716	8924.6841	11202.1380	14012.4296	17465.0366	21686.9803	26823.8923	33040.3980	40519.4377	49460.0265
69	7082.8291	8919.1258	11194.1242	14000.9155	17448.5524	21663.4693	26790.4908	32993.1422	40452.8747	49366.7060
70	7078.9888	8913.5710	11186.1162	13989.4108	17432.0838	21639.9837	26757.1309	32945.9539	40386.4210	49273.5616
71	7075.1506	8908.0196	11178.1139	13977.9156	17415.6307	21616.5236	26723.8125	32898.8332	40320.0764	49180.5929
72	7071.3144	8902.4717	11170.1173	13966.4298	17399.1932	21593.0889	26690.5356	32851.7799	40253.8409	49087.7997
73	7067.4803	8896.9272	11162.1265	13954.9534	17382.7711	21569.6796	26657.3002	32804.7938	40187.7142	48995.1815
74	7063.6483	8891.3862	11154.1413	13943.4865	17366.3646	21546.2957	26624.1061	32757.8750	40121.6961	48902.7381
75	7059.8184	8885.8486	11146.1619	13932.0290	17349.9736	21522.9372	26590.9534	32711.0232	40055.7864	48810.4690
76	7055.9906	8880.3145	11138.1882	13920.5809	17333.5980	21499.6039	26557.8419	32664.2385	39989.9850	48718.3741
77	7052.1648	8874.7838	11130.2202	13909.1423	17317.2379	21476.2960	26524.7717	32617.5207	39924.2917	48626.4530
78	7048.3411	8869.2566	11122.2579	13897.7130	17300.8932	21453.0134	26491.7427	32570.8697	39858.7064	48534.7053
79	7044.5195	8863.7328	11114.3013	13886.2931	17284.5640	21429.7559	26458.7548	32524.2854	39793.2287	48443.1306
80	7040.6999	8858.2125	11106.3503	13874.8826	17268.2501	21406.5237	26425.8080	32477.7678	39727.8587	48351.7288
81	7036.8825	8852.6956	11098.4051	13863.4815	17251.9517	21383.3167	26392.9022	32431.3167	39662.5960	48260.4994
82	7033.0670	8847.1821	11090.4656	13852.0898	17235.6686	21360.1349	26360.0374	32384.9320	39597.4405	48169.4422
83	7029.2537	8841.6721	11082.5317	13840.7074	17219.4009	21336.9781	26327.2135	32338.6137	39532.3921	48078.5568
84	7025.4424	8836.1655	11074.6035	13829.3343	17203.1486	21313.8465	26294.4304	32292.3616	39467.4505	47987.8428
85	7021.6332	8830.6623	11066.6810	13817.9706	17186.9116	21290.7400	26261.6882	32246.1757	39402.6156	47897.3000
86	7017.8261	8825.1626	11058.7641	13806.6163	17170.6899	21267.6585	26228.9868	32200.0558	39337.8872	47806.9281
87	7014.0210	8819.6662	11050.8529	13795.2712	17154.4836	21244.6020	26196.3261	32154.0019	39273.2652	47716.7266
88	7010.2180	8814.1733	11042.9474	13783.9355	17138.2925	21221.5705	26163.7060	32108.0138	39208.7493	47626.6953
89	7006.4170	8808.6839	11035.0475	13772.6092	17122.1167	21198.5640	26131.1266	32062.0915	39144.3393	47536.8340
90	7002.6181	8803.1978	11027.1533	13761.2921	17105.9562	21175.5824	26098.5877	32016.2349	39080.0352	47447.1421
91	6998.8213	8797.7152	11019.2647	13749.9843	17089.8110	21152.6258	26066.0894	31970.4439	39015.8368	47357.6195
92	6995.0265	8792.2359	11011.3818	13738.6858	17073.6810	21129.6940	26033.6315	31924.7184	38951.7438	47268.2658
93	6991.2338	8786.7601	11003.5045	13727.3966	17057.5662	21106.7871	26001.2141	31879.0583	38887.7560	47179.0807
94	6987.4432	8781.2877	10995.6328	13716.1167	17041.4666	21083.9050	25968.8370	31833.4635	38823.8734	47090.0639
95	6983.6546	8775.8187	10987.7668	13704.8460	17025.3822	21061.0478	25936.5002	31787.9339	38760.0958	47001.2150
96	6979.8680	8770.3531	10979.9064	13693.5846	17009.3130	21038.2153	25904.2037	31742.4694	38696.4229	46912.5337
97	6976.0835	8764.8909	10972.0516	13682.3325	16993.2589	21015.4076	25871.9474	31697.0699	38632.8546	46824.0198
98	6972.3011	8759.4322	10964.2024	13671.0896	16977.2200	20992.6246	25839.7313	31651.7354	38569.3907	46735.6729
99	6968.5207	8753.9768	10956.3589	13659.8559	16961.1963	20969.8663	25807.5553	31606.4657	38506.0311	46647.4927
100	6964.7423	8748.5248	10948.5210	13648.6315	16945.1876	20947.1326	25775.4193	31561.2608	38442.7756	46559.4789
101	6960.9660	8743.0762	10940.6886	13637.4163	16929.1941	20924.4236	25743.3234	31516.1205	38379.6239	46471.6311
102	6957.1918	8737.6310	10932.8619	13626.2103	16913.2157	20901.7393	25711.2674	31471.0448	38316.5761	46383.9490
103	6953.4196	8732.1892	10925.0408	13615.0135	16897.2524	20879.0795	25679.2514	31426.0335	38253.6318	46296.4324
104	6949.6494	8726.7508	10917.2253	13603.8259	16881.3041	20856.4443	25647.2752	31381.0866	38190.7909	46209.0810
105	6945.8813	8721.3157	10909.4153	13592.6475	16865.3709	20833.8336	25615.3389	31336.2041	38128.0532	46121.8943
106	6942.1152	8715.8841	10901.6110	13581.4783	16849.4527	20811.2474	25583.4423	31291.3857	38065.4186	46034.8722
107	6938.3512	8710.4558	10893.8122	13570.3183	16833.5495	20788.6858	25551.5854	31246.6314	38002.8868	45948.0142
108	6934.5892	8705.0309	10886.0190	13559.1674	16817.6614	20766.1486	25519.7682	31201.9411	37940.4579	45861.3201
109	6930.8293	8699.6094	10878.2314	13548.0257	16801.7882	20743.6358	25487.9906	31157.3147	37878.1314	45774.7896
110	6927.0714	8694.1913	10870.4494	13536.8932	16785.9300	20721.1474	25456.2526	31112.7522	37815.9074	45688.4224
111	6923.3155	8688.7766	10862.6729	13525.7698	16770.0868	20698.6834	25424.5541	31068.2533	37753.7855	45602.2181
112	6919.5617	8683.3652	10854.9020	13514.6555	16754.2586	20676.2438	25392.8951	31023.8182	37691.7657	45516.1765
113	6915.8099	8677.9572	10847.1366	13503.5504	16738.4452	20653.8285	25361.2755	30979.4466	37629.8478	45430.2972
114	6912.0601	8672.5525	10839.3768	13492.4544	16722.6469	20631.4374	25329.6952	30935.1384	37568.0317	45344.5799
115	6908.3124	8667.1513	10831.6226	13481.3676	16706.8634	20609.0707	25298.1543	30890.8936	37506.3170	45259.0244
116	6904.5667	8661.7533	10823.8739	13470.2898	16691.0948	20586.7282	25266.6527	30846.7121	37444.7038	45173.6303
117	6900.8230	8656.3588	10816.1307	13459.2211	16675.3411	20564.4099	25235.1903	30802.5938	37383.1917	45088.3973
118	6897.0814	8650.9676	10808.3931	13448.1616	16659.6023	20542.1159	25203.7671	30758.5386	37321.7807	45003.3252
119	6893.3418	8645.5798	10800.6610	13437.1111	16643.8783	20519.8460	25172.3830	30714.5464	37260.4706	44918.4135
120	6889.6042	8640.1953	10792.9345	13426.0697	16628.1692	20497.6002	25141.0380	30670.6172	37199.2612	44833.6621
121	6885.8686	8634.8142	10785.2134	13415.0373	16612.4749	20475.3786	25109.7320	30626.7507	37138.1524	44749.0705
122	6882.1351	8629.4364	10777.4979	13404.0141	16596.7954	20453.1810	25078.4650	30582.9470	37077.1439	44664.6386
123	6878.4036	8624.0620	10769.7880	13392.9999	16581.1307	20431.0075	25047.2369	30539.2059	37016.2357	44580.3660
124	6874.6741	8618.6909	10762.0835	13381.9947	16565.4808	20408.8581	25016.0477	30495.5274	36955.4275	44496.2524
125	6870.9466	8613.3232	10754.3845	13370.9986	16549.8456	20386.7326	24984.8974	30451.9114	36894.7192	44412.2975
126	6867.2212	8607.9588	10746.6911	13360.0115	16534.2252	20364.6312	24953.7858	30408.3578	36834.1107	44328.5010
127	6863.4978	8602.5977	10739.0032	13349.0335	16518.6196	20342.5537	24922.7130	30364.8664	36773.6017	44244.8626
128	6859.7764	8597.2400	10731.3207	13338.0645	16503.0287	20320.5001	24891.6789	30321.4373	36713.1921	44161.3820
129	6856.0570	8591.8856	10723.6438	13327.1045	16487.4525	20298.4705	24860.6834	30278.0702	36652.8817	44078.0589
130	6852.3396	8586.5346	10715.9723	13316.1535	16471.8910	20276.4647	24829.7265	30234.7652	36592.6704	43994.8930
131	6848.6243	8581.1869	10708.3063	13305.2114	16456.3442	20254.4828	24798.8082	30191.5221	36532.5581	43911.8841
132	6844.9109	8575.8425	10700.6459	13294.2784	16440.8121	20232.5247	24767.9283	30148.3409	36472.5444	43829.0317
133	6841.1996	8570.5015	10692.9909	13283.3544	16425.2946	20210.5904	24737.0870	30105.2215	36412.6294	43746.3357
134	6837.4903	8565.1638	10685.3413	13272.4393	16409.7918	20188.6799	24706.2840	30062.1637	36352.8128	43663.7957
135	6833.7830	8559.8294	10677.6973	13261.5333	16394.3036	20166.7932	24675.5194	30019.1675	36293.0944	43581.4115
136	6830.0777	8554.4983	10670.0587	13250.6361	16378.8300	20144.9302	24644.7930	29976.2327	36233.4742	43499.1827
137	6826.3744	8549.1705	10662.4256	13239.7480	16363.3710	20123.0909	24614.1050	29933.3594	36173.9519	43417.1090
138	6822.6732	8543.8461	10654.7979	13228.8687	16347.9267	20101.2752	24583.4551	29890.5474	36114.5274	43335.1902
139	6818.9739	8538.5250	10647.1757	13217.9984	16332.4969	20079.4832	24552.8435	29847.7967	36055.2005	43253.4260
140	6815.2766	8533.2072	10639.5590	13207.1371	16317.0816	20057.7149	24522.2699	29805.1071	35995.9710	43171.8160
141	6811.5814	8527.8927	10631.9477	13196.2847	16301.6809	20035.9701	24491.7344	29762.4785	35936.8389	43090.3600
142	6807.8881	8522.5815	10624.3418	13185.4412	16286.2948	20014.2489	24461.2370	29719.9109	35877.8039	43009.0578
143	6804.1969	8517.2736	10616.7414	13174.6066	16270.9231	19992.5513	24430.7775	29677.4042	35818.8658	42927.9089
144	6800.5076	8511.9691	10609.1464	13163.7809	16255.5660	19970.8772	24400.3559	29634.9583	35760.0246	42846.9131
145	6796.8204	8506.6678	10601.5569	13152.9641	16240.2234	19949.2266	24369.9722	29592.5731	35701.2801	42766.0701
146	6793.1351	8501.3698	10593.9727	13142.1561	16224.8952	19927.5994	24339.6264	29550.2485	35642.6320	42685.3797
147	6789.4519	8496.0752	10586.3941	13131.3571	16209.5816	19905.9957	24309.3183	29507.9845	35584.0803	42604.8415
148	6785.7706	8490.7838	10578.8208	13120.5670	16194.2823	19884.4154	24279.0480	29465.7809	35525.6248	42524.4553
149	6782.0914	8485.4958	10571.2529	13109.7857	16178.9976	19862.8585	24248.8154	29423.6376	35467.2653	42444.2207
150	6778.4141	8480.2110	10563.6905	13099.0132	16163.7272	19841.3250	24218.6204	29381.5547	35409.0017	42364.1376
151	6774.7388	8474.9295	10556.1335	13088.2496	16148.4712	19819.8149	24188.4630	29339.5319	35350.8338	42284.2055
152	6771.0656	8469.6513	10548.5818	13077.4949	16133.2297	19798.3280	24158.3432	29297.5692	35292.7615	42204.4242
153	6767.3943	8464.3764	10541.0356	13066.7490	16118.0025	19776.8644	24128.2609	29255.6666	35234.7845	42124.7935
154	6763.7250	8459.1048	10533.4948	13056.0119	16102.7897	19755.4242	24098.2160	29213.8238	35176.9028	42045.3130
155	6760.0577	8453.8364	10525.9594	13045.2837	16087.5913	19734.0071	24068.2086	29172.0410	35119.1162	41965.9825
156	6756.3924	8448.5714	10518.4293	13034.5643	16072.4072	19712.6133	24038.2385	29130.3178	35061.4245	41886.8017
157	6752.7290	8443.3096	10510.9047	13023.8536	16057.2375	19691.2426	24008.3057	29088.6544	35003.8275	41807.7703
158	6749.0677	8438.0511	10503.3854	13013.1518	16042.0820	19669.8952	23978.4102	29047.0505	34946.3252	41728.8879
159	6745.4084	8432.7958	10495.8715	13002.4588	16026.9409	19648.5709	23948.5520	29005.5062	34888.9174	41650.1544
160	6741.7510	8427.5439	10488.3630	12991.7745	16011.8140	19627.2697	23918.7309	28964.0213	34831.6038	41571.5695
161	6738.0956	8422.2952	10480.8599	12981.0991	15996.7015	19605.9915	23888.9469	28922.5957	34774.3845	41493.1328
162	6734.4422	8417.0498	10473.3621	12970.4324	15981.6032	19584.7365	23859.2001	28881.2293	34717.2591	41414.8442
163	6730.7908	8411.8076	10465.8697	12959.7745	15966.5191	19563.5045	23829.4903	28839.9221	34660.2275	41336.7032
164	6727.1413	8406.5688	10458.3827	12949.1253	15951.4493	19542.2955	23799.8174	28798.6740	34603.2896	41258.7097
165	6723.4938	8401.3331	10450.9010	12938.4849	15936.3937	19521.1095	23770.1816	28757.4849	34546.4453	41180.8633
166	6719.8483	8396.1008	10443.4246	12927.8532	15921.3523	19499.9465	23740.5826	28716.3547	34489.6944	41103.1639
167	6716.2048	8390.8717	10435.9536	12917.2303	15906.3252	19478.8064	23711.0205	28675.2833	34433.0367	41025.6110
168	6712.5633	8385.6458	10428.4880	12906.6161	15891.3121	19457.6893	23681.4952	28634.2707	34376.4720	40948.2044
169	6708.9237	8380.4232	10421.0277	12896.0106	15876.3133	19436.5950	23652.0066	28593.3167	34320.0003	40870.9439
170	6705.2861	8375.2039	10413.5727	12885.4138	15861.3286	19415.5236	23622.5548	28552.4213	34263.6213	40793.8292
171	6701.6505	8369.9878	10406.1231	12874.8257	15846.3581	19394.4750	23593.1396	28511.5844	34207.3350	40716.8600
172	6698.0169	8364.7750	10398.6788	12864.2464	15831.4017	19373.4493	23563.7611	28470.8059	34151.1411	40640.0360
173	6694.3852	8359.5654	10391.2398	12853.6757	15816.4594	19352.4464	23534.4192	28430.0857	34095.0395	40563.3569
174	6690.7555	8354.3590	10383.8061	12843.1137	15801.5312	19331.4662	23505.1138	28389.4238	34039.0301	40486.8225
175	6687.1278	8349.1559	10376.3778	12832.5604	15786.6171	19310.5088	23475.8449	28348.8200	33983.1127	40410.4325
176	6683.5020	8343.9561	10368.9548	12822.0158	15771.7171	19289.5740	23446.6124	28308.2743	33927.2872	40334.1867
177	6679.8782	8338.7594	10361.5370	12811.4798	15756.8312	19268.6620	23417.4164	28267.7865	33871.5534	40258.0847
178	6676.2563	8333.5661	10354.1246	12800.9525	15741.9593	19247.7727	23388.2566	28227.3567	33815.9111	40182.1263
179	6672.6365	8328.3759	10346.7175	12790.4338	15727.1014	19226.9060	23359.1332	28186.9847	33760.3602	40106.3112
180	6669.0185	8323.1890	10339.3157	12779.9238	15712.2576	19206.0619	23330.0461	28146.6705	33704.9006	40030.6392
181	6665.4026	8318.0053	10331.9192	12769.4224	15697.4277	19185.2404	23300.9952	28106.4139	33649.5321	39955.1099
182	6661.7886	8312.8248	10324.5280	12758.9297	15682.6119	19164.4415	23271.9805	28066.2149	33594.2546	39879.7232
183	6658.1766	8307.6476	10317.1420	12748.4455	15667.8100	19143.6652	23243.0019	28026.0734	33539.0678	39804.4787
184	6654.5665	8302.4736	10309.7614	12737.9700	15653.0222	19122.9114	23214.0593	27985.9892	33483.9717	39729.3762
185	6650.9584	8297.3028	10302.3860	12727.5031	15638.2482	19102.1800	23185.1528	27945.9625	33428.9662	39654.4153
186	6647.3522	8292.1352	10295.0159	12717.0448	15623.4882	19081.4712	23156.2824	27905.9929	33374.0510	39579.5959
187	6643.7480	8286.9709	10287.6511	12706.5951	15608.7422	19060.7848	23127.4478	27866.0806	33319.2259	39504.9177
188	6640.1457	8281.8097	10280.2915	12696.1540	15594.0101	19040.1208	23098.6492	27826.2253	33264.4910	39430.3804
189	6636.5454	8276.6518	10272.9372	12685.7214	15579.2918	19019.4792	23069.8864	27786.4270	33209.8460	39355.9837
190	6632.9471	8271.4971	10265.5882	12675.2974	15564.5875	18998.8600	23041.1595	27746.6857	33155.2907	39281.7273
191	6629.3507	8266.3456	10258.2444	12664.8820	15549.8970	18978.2632	23012.4683	27707.0012	33100.8251	39207.6111
192	6625.7563	8261.1973	10250.9059	12654.4752	15535.2205	18957.6886	22983.8128	27667.3734	33046.4489	39133.6347
193	6622.1638	8256.0522	10243.5727	12644.0769	15520.5577	18937.1364	22955.1930	27627.8023	32992.1621	39059.7979
194	6618.5732	8250.9103	10236.2446	12633.6871	15505.9088	18916.6065	22926.6089	27588.2878	32937.9644	38986.1004
195	6614.9846	8245.7717	10228.9219	12623.3059	15491.2737	18896.0988	22898.0603	27548.8299	32883.8558	38912.5420
196	6611.3980	8240.6362	10221.6043	12612.9332	15476.6525	18875.6134	22869.5473	27509.4283	32829.8361	38839.1224
197	6607.8132	8235.5039	10214.2920	12602.5691	15462.0450	18855.1501	22841.0699	27470.0832	32775.9051	38765.8413
198	6604.2305	8230.3748	10206.9849	12592.2134	15447.4514	18834.7091	22812.6278	27430.7943	32722.0627	38692.6984
199	6600.6496	8225.2489	10199.6831	12581.8663	15432.8715	18814.2902	22784.2212	27391.5615	32668.3087	38619.6936
200	6597.0708	8220.1262	10192.3865	12571.5276	15418.3053	18793.8935	22755.8500	27352.3849	32614.6431	38546.8265
201	6593.4938	8215.0067	10185.0951	12561.1975	15403.7529	18773.5188	22727.5141	27313.2644	32561.0656	38474.0968
202	6589.9188	8209.8904	10177.8089	12550.8758	15389.2143	18753.1663	22699.2134	27274.1998	32507.5761	38401.5044
203	6586.3457	8204.7773	10170.5279	12540.5627	15374.6893	18732.8358	22670.9480	27235.1910	32454.1745	38329.0490
204	6582.7746	8199.6673	10163.2521	12530.2580	15360.1781	18712.5273	22642.7178	27196.2381	32400.8606	38256.7303
205	6579.2054	8194.5606	10155.9816	12519.9617	15345.6806	18692.2409	22614.5228	27157.3408	32347.6343	38184.5480
206	6575.6382	8189.4570	10148.7162	12509.6740	15331.1967	18671.9765	22586.3629	27118.4992	32294.4954	38112.5020
207	6572.0728	8184.3566	10141.4560	12499.3946	15316.7266	18651.7340	22558.2380	27079.7132	32241.4439	38040.5918
208	6568.5095	8179.2594	10134.2011	12489.1238	15302.2701	18631.5135	22530.1481	27040.9826	32188.4794	37968.8173
209	6564.9480	8174.1653	10126.9513	12478.8613	15287.8272	18611.3149	22502.0933	27002.3074	32135.6020	37897.1783
210	6561.3885	8169.0744	10119.7067	12468.6074	15273.3979	18591.1382	22474.0733	26963.6875	32082.8115	37825.6744
211	6557.8309	8163.9867	10112.4673	12458.3618	15258.9823	18570.9833	22446.0883	26925.1229	32030.1076	37754.3055
212	6554.2752	8158.9022	10105.2330	12448.1246	15244.5803	18550.8503	22418.1381	26886.6134	31977.4904	37683.0712
213	6550.7215	8153.8208	10098.0040	12437.8959	15230.1919	18530.7392	22390.2227	26848.1590	31924.9596	37611.9713
214	6547.1697	8148.7426	10090.7801	12427.6756	15215.8170	18510.6498	22362.3421	26809.7596	31872.5151	37541.0055
215	6543.6198	8143.6676	10083.5614	12417.4636	15201.4558	18490.5823	22334.4962	26771.4151	31820.1567	37470.1737
216	6540.0718	8138.5957	10076.3478	12407.2601	15187.1081	18470.5364	22306.6849	26733.1255	31767.8843	37399.4755
217	6536.5258	8133.5269	10069.1394	12397.0649	15172.7739	18450.5124	22278.9083	26694.8906	31715.6978	37328.9107
218	6532.9817	8128.4614	10061.9362	12386.8781	15158.4532	18430.5100	22251.1663	26656.7104	31663.5971	37258.4790
219	6529.4395	8123.3990	10054.7381	12376.6997	15144.1461	18410.5293	22223.4588	26618.5848	31611.5819	37188.1802
220	6525.8992	8118.3397	10047.5452	12366.5297	15129.8525	18390.5703	22195.7859	26580.5138	31559.6522	37118.0141
221	6522.3608	8113.2836	10040.3574	12356.3680	15115.5723	18370.6329	22168.1473	26542.4972	31507.8078	37047.9803
222	6518.8244	8108.2306	10033.1747	12346.2146	15101.3057	18350.7171	22140.5432	26504.5349	31456.0485	36978.0787
223	6515.2899	8103.1808	10025.9972	12336.0696	15087.0525	18330.8229	22112.9735	26466.6270	31404.3743	36908.3090
224	6511.7573	8098.1341	10018.8249	12325.9330	15072.8127	18310.9503	22085.4381	26428.7733	31352.7850	36838.6709
225	6508.2266	8093.0906	10011.6576	12315.8046	15058.5864	18291.0992	22057.9370	26390.9737	31301.2804	36769.1642
226	6504.6978	8088.0502	10004.4955	12305.6846	15044.3736	18271.2696	22030.4702	26353.2282	31249.8604	36699.7886
227	6501.1710	8083.0130	9997.3385	12295.5729	15030.1741	18251.4616	22003.0375	26315.5367	31198.5249	36630.5440
228	6497.6460	8077.9789	9990.1866	12285.4695	15015.9880	18231.6750	21975.6390	26277.8990	31147.2738	36561.4300
229	6494.1230	8072.9479	9983.0399	12275.3744	15001.8154	18211.9099	21948.2746	26240.3152	31096.1068	36492.4464
230	6490.6018	8067.9200	9975.8982	12265.2877	14987.6561	18192.1661	21920.9443	26202.7852	31045.0239	36423.5930
231	6487.0826	8062.8953	9968.7617	12255.2092	14973.5102	18172.4438	21893.6480	26165.3088	30994.0248	36354.8694
232	6483.5653	8057.8738	9961.6303	12245.1389	14959.3776	18152.7429	21866.3857	26127.8861	30943.1096	36286.2756
233	6480.0499	8052.8553	9954.5040	12235.0770	14945.2584	18133.0634	21839.1574	26090.5168	30892.2780	36217.8111
234	6476.5364	8047.8400	9947.3827	12225.0233	14931.1524	18113.4051	21811.9629	26053.2011	30841.5299	36149.4759
235	6473.0248	8042.8278	9940.2666	12214.9779	14917.0598	18093.7682	21784.8024	26015.9386	30790.8652	36081.2695
236	6469.5152	8037.8187	9933.1555	12204.9407	14902.9805	18074.1526	21757.6756	25978.7295	30740.2837	36013.1919
237	6466.0074	8032.8127	9926.0496	12194.9118	14888.9145	18054.5582	21730.5826	25941.5736	30689.7853	35945.2427
238	6462.5015	8027.8099	9918.9487	12184.8912	14874.8618	18034.9851	21703.5234	25904.4708	30639.3699	35877.4217
239	6458.9975	8022.8102	9911.8529	12174.8787	14860.8223	18015.4332	21676.4979	25867.4211	30589.0372	35809.7287
240	6455.4954	8017.8135	9904.7622	12164.8745	14846.7961	17995.9025	21649.5060	25830.4244	30538.7873	35742.1634
241	6451.9952	8012.8200	9897.6766	12154.8785	14832.7832	17976.3930	21622.5477	25793.4806	30488.6199	35674.7256
242	6448.4970	8007.8296	9890.5960	12144.8907	14818.7834	17956.9046	21595.6230	25756.5897	30438.5349	35607.4150
243	6445.0006	8002.8424	9883.5205	12134.9112	14804.7969	17937.4373	21568.7318	25719.7515	30388.5322	35540.2314
244	6441.5061	7997.8582	9876.4500	12124.9398	14790.8235	17917.9912	21541.8741	25682.9660	30338.6117	35473.1746
245	6438.0135	7992.8771	9869.3846	12114.9766	14776.8634	17898.5661	21515.0499	25646.2331	30288.7731	35406.2443
246	6434.5228	7987.8991	9862.3243	12105.0216	14762.9164	17879.1621	21488.2590	25609.5527	30239.0164	35339.4403
247	6431.0340	7982.9242	9855.2690	12095.0748	14748.9826	17859.7791	21461.5015	25572.9248	30189.3415	35272.7623
248	6427.5471	7977.9525	9848.2188	12085.1362	14735.0619	17840.4172	21434.7773	25536.3493	30139.7481	35206.2102
249	6424.0620	7972.9838	9841.1736	12075.2057	14721.1544	17821.0762	21408.0864	25499.8261	30090.2363	35139.7836
250	6420.5789	7968.0182	9834.1334	12065.2834	14707.2600	17801.7562	21381.4288	25463.3552	30040.8057	35073.4823
251	6417.0976	7963.0557	9827.0983	12055.3692	14693.3787	17782.4572	21354.8043	25426.9364	29991.4564	35007.3062
252	6413.6183	7958.0963	9820.0682	12045.4632	14679.5106	17763.1790	21328.2130	25390.5697	29942.1881	34941.2549
253	6410.1408	7953.1400	9813.0432	12035.5654	14665.6555	17743.9218	21301.6548	25354.2550	29893.0008	34875.3282
254	6406.6652	7948.1868	9806.0231	12025.6756	14651.8135	17724.6854	21275.1297	25317.9922	29843.8942	34809.5259
255	6403.1915	7943.2366	9799.0081	12015.7940	14637.9845	17705.4699	21248.6376	25281.7813	29794.8684	34743.8478
256	6399.7197	7938.2896	9791.9981	12005.9205	14624.1686	17686.2753	21222.1785	25245.6222	29745.9231	34678.2936
257	6396.2498	7933.3456	9784.9932	11996.0552	14610.3658	17667.1014	21195.7523	25209.5149	29697.0581	34612.8630
258	6392.7817	7928.4047	9777.9932	11986.1979	14596.5760	17647.9483	21169.3590	25173.4591	29648.2735	34547.5560
259	6389.3155	7923.4669	9770.9982	11976.3487	14582.7991	17628.8160	21142.9986	25137.4549	29599.5690	34482.3721
260	6385.8512	7918.5321	9764.0083	11966.5076	14569.0353	17609.7045	21116.6711	25101.5023	29550.9445	34417.3112
261	6382.3888	7913.6005	9757.0233	11956.6746	14555.2845	17590.6136	21090.3763	25065.6010	29502.3999	34352.3731
262	6378.9283	7908.6719	9750.0434	11946.8497	14541.5467	17571.5434	21064.1142	25029.7511	29453.9350	34287.5576
263	6375.4696	7903.7463	9743.0684	11937.0329	14527.8218	17552.4940	21037.8849	24993.9525	29405.5497	34222.8643
264	6372.0128	7898.8239	9736.0984	11927.2241	14514.1099	17533.4651	21011.6882	24958.2050	29357.2440	34158.2930
265	6368.5579	7893.9045	9729.1335	11917.4234	14500.4109	17514.4569	20985.5242	24922.5087	29309.0175	34093.8437
266	6365.1048	7888.9882	9722.1734	11907.6308	14486.7249	17495.4694	20959.3927	24886.8635	29260.8703	34029.5159
267	6361.6537	7884.0749	9715.2184	11897.8461	14473.0517	17476.5023	20933.2937	24851.2692	29212.8022	33965.3094
268	6358.2044	7879.1647	9708.2684	11888.0696	14459.3915	17457.5559	20907.2273	24815.7258	29164.8131	33901.2242
269	6354.7569	7874.2575	9701.3233	11878.3010	14445.7442	17438.6300	20881.1933	24780.2333	29116.9028	33837.2598
270	6351.3114	7869.3534	9694.3832	11868.5405	14432.1097	17419.7246	20855.1918	24744.7915	29069.0712	33773.4161
271	6347.8677	7864.4524	9687.4480	11858.7880	14418.4882	17400.8397	20829.2226	24709.4005	29021.3182	33709.6929
272	6344.4259	7859.5544	9680.5179	11849.0436	14404.8794	17381.9753	20803.2857	24674.0600	28973.6436	33646.0899
273	6340.9859	7854.6594	9673.5926	11839.3071	14391.2836	17363.1313	20777.3812	24638.7701	28926.0473	33582.6070
274	6337.5478	7849.7676	9666.6724	11829.5786	14377.7005	17344.3078	20751.5089	24603.5306	28878.5292	33519.2438
275	6334.1116	7844.8787	9659.7570	11819.8581	14364.1303	17325.5047	20725.6688	24568.3416	28831.0892	33456.0001
276	6330.6772	7839.9929	9652.8467	11810.1457	14350.5729	17306.7219	20699.8609	24533.2029	28783.7271	33392.8758
277	6327.2447	7835.1102	9645.9412	11800.4411	14337.0282	17287.9595	20674.0851	24498.1144	28736.4429	33329.8706
278	6323.8141	7830.2304	9639.0407	11790.7446	14323.4964	17269.2175	20648.3414	24463.0762	28689.2363	33266.9842
279	6320.3853	7825.3538	9632.1452	11781.0560	14309.9773	17250.4958	20622.6298	24428.0880	28642.1072	33204.2166
280	6316.9584	7820.4801	9625.2546	11771.3754	14296.4710	17231.7943	20596.9502	24393.1499	28595.0556	33141.5673
281	6313.5333	7815.6095	9618.3689	11761.7028	14282.9775	17213.1132	20571.3026	24358.2618	28548.0812	33079.0363
282	6310.1101	7810.7419	9611.4881	11752.0381	14269.4966	17194.4523	20545.6869	24323.4235	28501.1840	33016.6232
283	6306.6887	7805.8774	9604.6123	11742.3813	14256.0285	17175.8116	20520.1031	24288.6351	28454.3639	32954.3279
284	6303.2692	7801.0159	9597.7413	11732.7325	14242.5732	17157.1912	20494.5512	24253.8965	28407.6207	32892.1501
285	6299.8516	7796.1574	9590.8753	11723.0916	14229.1305	17138.5909	20469.0311	24219.2075	28360.9543	32830.0897
286	6296.4358	7791.3020	9584.0142	11713.4586	14215.7005	17120.0108	20443.5428	24184.5681	28314.3645	32768.1463
287	6293.0219	7786.4495	9577.1581	11703.8336	14202.2831	17101.4508	20418.0862	24149.9783	28267.8513	32706.3198
288	6289.6098	7781.6001	9570.3068	11694.2164	14188.8785	17082.9109	20392.6613	24115.4379	28221.4144	32644.6100
289	6286.1995	7776.7537	9563.4604	11684.6072	14175.4865	17064.3912	20367.2680	24080.9470	28175.0539	32583.0166
290	6282.7911	7771.9104	9556.6189	11675.0058	14162.1071	17045.8915	20341.9064	24046.5054	28128.7695	32521.5394
291	6279.3846	7767.0700	9549.7823	11665.4124	14148.7404	17027.4119	20316.5764	24012.1130	28082.5611	32460.1782
292	6275.9799	7762.2327	9542.9506	11655.8268	14135.3862	17008.9523	20291.2779	23977.7699	28036.4287	32398.9328
293	6272.5771	7757.3983	9536.1238	11646.2491	14122.0447	16990.5128	20266.0109	23943.4758	27990.3720	32337.8029
294	6269.1761	7752.5670	9529.3019	11636.6793	14108.7158	16972.0932	20240.7753	23909.2308	27944.3910	32276.7884
295	6265.7769	7747.7387	9522.4848	11627.1173	14095.3994	16953.6936	20215.5712	23875.0348	27898.4856	32215.8890
296	6262.3796	7742.9134	9515.6726	11617.5632	14082.0957	16935.3139	20190.3985	23840.8877	27852.6555	32155.1045
297	6258.9841	7738.0911	9508.8653	11608.0169	14068.8044	16916.9542	20165.2571	23806.7894	27806.9007	32094.4347
298	6255.5905	7733.2718	9502.0629	11598.4785	14055.5258	16898.6143	20140.1471	23772.7399	27761.2211	32033.8794
299	6252.1987	7728.4555	9495.2654	11588.9479	14042.2596	16880.2944	20115.0683	23738.7391	27715.6166	31973.4383
300	6248.8087	7723.6422	9488.4727	11579.4252	14029.0060	16861.9943	20090.0207	23704.7869	27670.0869	31913.1113
301	6245.4206	7718.8319	9481.6848	11569.9103	14015.7649	16843.7141	20065.0043	23670.8833	27624.6321	31852.8981
302	6242.0343	7714.0246	9474.9018	11560.4032	14002.5362	16825.4536	20040.0191	23637.0282	27579.2519	31792.7985
303	6238.6499	7709.2203	9468.1237	11550.9039	13989.3201	16807.2130	20015.0649	23603.2215	27533.9463	31732.8122
304	6235.2673	7704.4190	9461.3504	11541.4124	13976.1165	16788.9921	19990.1419	23569.4631	27488.7150	31672.9392
305	6231.8865	7699.6207	9454.5820	11531.9287	13962.9253	16770.7910	19965.2499	23535.7531	27443.5581	31613.1791
306	6228.5076	7694.8254	9447.8184	11522.4528	13949.7465	16752.6096	19940.3889	23502.0912	27398.4754	31553.5318
307	6225.1305	7690.0330	9441.0596	11512.9847	13936.5802	16734.4480	19915.5588	23468.4775	27353.4667	31493.9971
308	6221.7552	7685.2437	9434.3057	11503.5244	13923.4263	16716.3060	19890.7597	23434.9119	27308.5320	31434.5746
309	6218.3817	7680.4573	9427.5566	11494.0718	13910.2849	16698.1837	19865.9914	23401.3942	27263.6711	31375.2643
310	6215.0101	7675.6739	9420.8123	11484.6270	13897.1558	16680.0810	19841.2540	23367.9245	27218.8839	31316.0659
311	6211.6403	7670.8935	9414.0729	11475.1900	13884.0391	16661.9980	19816.5474	23334.5027	27174.1702	31256.9792
312	6208.2724	7666.1160	9407.3383	11465.7607	13870.9348	16643.9346	19791.8715	23301.1287	27129.5300	31198.0039
313	6204.9062	7661.3416	9400.6085	11456.3392	13857.8429	16625.8907	19767.2264	23267.8024	27084.9632	31139.1400
314	6201.5419	7656.5701	9393.8835	11446.9254	13844.7633	16607.8664	19742.6119	23234.5238	27040.4695	31080.3871
315	6198.1794	7651.8015	9387.1633	11437.5194	13831.6961	16589.8617	19718.0282	23201.2928	26996.0490	31021.7450
316	6194.8188	7647.0360	9380.4480	11428.1211	13818.6412	16571.8765	19693.4750	23168.1093	26951.7014	30963.2136
317	6191.4599	7642.2734	9373.7374	11418.7305	13805.5987	16553.9107	19668.9524	23134.9732	26907.4267	30904.7927
318	6188.1029	7637.5138	9367.0316	11409.3476	13792.5684	16535.9645	19644.4603	23101.8846	26863.2247	30846.4819
319	6184.7477	7632.7571	9360.3307	11399.9724	13779.5505	16518.0377	19619.9987	23068.8433	26819.0953	30788.2812
320	6181.3943	7628.0035	9353.6345	11390.6050	13766.5448	16500.1303	19595.5676	23035.8492	26775.0384	30730.1903
321	6178.0428	7623.2527	9346.9431	11381.2452	13753.5514	16482.2424	19571.1670	23002.9024	26731.0539	30672.2090
322	6174.6930	7618.5050	9340.2565	11371.8931	13740.5703	16464.3738	19546.7967	22970.0026	26687.1416	30614.3371
323	6171.3451	7613.7601	9333.5747	11362.5487	13727.6014	16446.5246	19522.4567	22937.1499	26643.3015	30556.5744
324	6167.9990	7609.0183	9326.8977	11353.2120	13714.6447	16428.6948	19498.1470	22904.3442	26599.5334	30498.9207
325	6164.6547	7604.2794	9320.2254	11343.8830	13701.7003	16410.8843	19473.8677	22871.5854	26555.8372	30441.3758
326	6161.3122	7599.5434	9313.5580	11334.5616	13688.7681	16393.0931	19449.6185	22838.8735	26512.2127	30383.9394
327	6157.9715	7594.8104	9306.8953	11325.2479	13675.8482	16375.3212	19425.3996	22806.2083	26468.6600	30326.6114
328	6154.6326	7590.0804	9300.2373	11315.9418	13662.9404	16357.5685	19401.2108	22773.5899	26425.1788	30269.3916
329	6151.2956	7585.3532	9293.5841	11306.6434	13650.0448	16339.8351	19377.0521	22741.0181	26381.7690	30212.2797
330	6147.9604	7580.6291	9286.9357	11297.3526	13637.1613	16322.1209	19352.9235	22708.4929	26338.4305	30155.2756
331	6144.6269	7575.9079	9280.2920	11288.0695	13624.2900	16304.4260	19328.8250	22676.0143	26295.1632	30098.3790
332	6141.2953	7571.1896	9273.6531	11278.7940	13611.4309	16286.7502	19304.7565	22643.5820	26251.9670	30041.5898
333	6137.9655	7566.4742	9267.0190	11269.5261	13598.5839	16269.0936	19280.7179	22611.1962	26208.8417	29984.9078
334	6134.6375	7561.7618	9260.3895	11260.2658	13585.7491	16251.4561	19256.7093	22578.8567	26165.7873	29928.3327
335	6131.3112	7557.0523	9253.7649	11251.0132	13572.9263	16233.8377	19232.7305	22546.5634	26122.8037	29871.8643
336	6127.9868	7552.3458	9247.1449	11241.7681	13560.1157	16216.2385	19208.7817	22514.3164	26079.8906	29815.5025
337	6124.6642	7547.6422	9240.5297	11232.5306	13547.3171	16198.6583	19184.8626	22482.1154	26037.0480	29759.2470
338	6121.3434	7542.9415	9233.9193	11223.3007	13534.5306	16181.0972	19160.9733	22449.9605	25994.2758	29703.0977
339	6118.0244	7538.2438	9227.3135	11214.0785	13521.7562	16163.5551	19137.1138	22417.8516	25951.5739	29647.0543
340	6114.7072	7533.5489	9220.7125	11204.8637	13508.9938	16146.0320	19113.2840	22385.7886	25908.9421	29591.1166
341	6111.3918	7528.8570	9214.1162	11195.6566	13496.2435	16128.5280	19089.4839	22353.7715	25866.3804	29535.2845
342	6108.0782	7524.1680	9207.5246	11186.4570	13483.5053	16111.0429	19065.7134	22321.8002	25823.8886	29479.5578
343	6104.7664	7519.4820	9200.9378	11177.2650	13470.7790	16093.5767	19041.9725	22289.8746	25781.4665	29423.9361
344	6101.4564	7514.7988	9194.3556	11168.0805	13458.0648	16076.1295	19018.2611	22257.9946	25739.1142	29368.4195
345	6098.1482	7510.1186	9187.7782	11158.9036	13445.3625	16058.7012	18994.5793	22226.1603	25696.8314	29313.0075
346	6094.8417	7505.4413	9181.2055	11149.7343	13432.6723	16041.2918	18970.9270	22194.3714	25654.6181	29257.7002
347	6091.5371	7500.7669	9174.6375	11140.5724	13419.9940	16023.9013	18947.3041	22162.6281	25612.4742	29202.4971
348	6088.2343	7496.0954	9168.0741	11131.4181	13407.3277	16006.5297	18923.7106	22130.9301	25570.3995	29147.3983
349	6084.9332	7491.4268	9161.5155	11122.2713	13394.6734	15989.1768	18900.1466	22099.2775	25528.3938	29092.4034
350	6081.6339	7486.7612	9154.9615	11113.1320	13382.0309	15971.8428	18876.6118	22067.6702	25486.4572	29037.5122
351	6078.3365	7482.0984	9148.4123	11104.0003	13369.4005	15954.5276	18853.1064	22036.1080	25444.5895	28982.7246
352	6075.0408	7477.4385	9141.8677	11094.8760	13356.7819	15937.2311	18829.6302	22004.5910	25402.7906	28928.0404
353	6071.7469	7472.7816	9135.3278	11085.7593	13344.1753	15919.9534	18806.1833	21973.1191	25361.0603	28873.4594
354	6068.4548	7468.1275	9128.7926	11076.6500	13331.5805	15902.6944	18782.7656	21941.6922	25319.3986	28818.9814
355	6065.1644	7463.4764	9122.2621	11067.5482	13318.9977	15885.4542	18759.3770	21910.3102	25277.8053	28764.6061
356	6061.8759	7458.8281	9115.7362	11058.4539	13306.4267	15868.2326	18736.0176	21878.9732	25236.2804	28710.3335
357	6058.5891	7454.1827	9109.2150	11049.3671	13293.8676	15851.0297	18712.6872	21847.6809	25194.8237	28656.1632
358	6055.3042	7449.5403	9102.6985	11040.2877	13281.3203	15833.8454	18689.3859	21816.4334	25153.4350	28602.0951
359	6052.0210	7444.9007	9096.1866	11031.2158	13268.7849	15816.6798	18666.1136	21785.2306	25112.1144	28548.1291
360	6048.7396	7440.2640	9089.6794	11022.1513	13256.2613	15799.5328	18642.8703	21754.0724	25070.8616	28494.2649
361	6045.4599	7435.6302	9083.1769	11013.0943	13243.7495	15782.4044	18619.6559	21722.9588	25029.6766	28440.5023
362	6042.1821	7430.9993	9076.6790	11004.0448	13231.2496	15765.2945	18596.4704	21691.8897	24988.5593	28386.8412
363	6038.9060	7426.3712	9070.1857	10995.0026	13218.7614	15748.2032	18573.3138	21660.8650	24947.5095	28333.2813
364	6035.6317	7421.7461	9063.6971	10985.9679	13206.2850	15731.1304	18550.1861	21629.8847	24906.5271	28279.8224
365	6032.3591	7417.1238	9057.2132	10976.9407	13193.8204	15714.0762	18527.0871	21598.9487	24865.6121	28226.4644
366	6029.0884	7412.5044	9050.7338	10967.9208	13181.3676	15697.0404	18504.0169	21568.0569	24824.7643	28173.2071
367	6025.8194	7407.8879	9044.2591	10958.9084	13168.9265	15680.0231	18480.9754	21537.2094	24783.9836	28120.0503
368	6022.5522	7403.2743	9037.7891	10949.9033	13156.4972	15663.0242	18457.9627	21506.4059	24743.2698	28066.9938
369	6019.2867	7398.6635	9031.3236	10940.9057	13144.0796	15646.0438	18434.9785	21475.6465	24702.6230	28014.0374
370	6016.0231	7394.0556	9024.8628	10931.9154	13131.6737	15629.0818	18412.0230	21444.9311	24662.0429	27961.1809
371	6012.7612	7389.4506	9018.4067	10922.9326	13119.2795	15612.1381	18389.0961	21414.2596	24621.5295	27908.4241
372	6009.5011	7384.8484	9011.9551	10913.9571	13106.8970	15595.2128	18366.1978	21383.6320	24581.0826	27855.7669
373	6006.2427	7380.2491	9005.5081	10904.9890	13094.5262	15578.3059	18343.3279	21353.0482	24540.7022	27803.2090
374	6002.9861	7375.6527	8999.0658	10896.0283	13082.1671	15561.4173	18320.4865	21322.5082	24500.3882	27750.7503
375	5999.7313	7371.0591	8992.6281	10887.0749	13069.8196	15544.5471	18297.6736	21292.0118	24460.1403	27698.3906
376	5996.4782	7366.4684	8986.1949	10878.1289	13057.4838	15527.6951	18274.8891	21261.5590	24419.9586	27646.1296
377	5993.2269	7361.8806	8979.7664	10869.1902	13045.1597	15510.8613	18252.1329	21231.1498	24379.8428	27593.9673
378	5989.9774	7357.2956	8973.3425	10860.2589	13032.8472	15494.0459	18229.4051	21200.7841	24339.7930	27541.9034
379	5986.7296	7352.7134	8966.9232	10851.3349	13020.5463	15477.2486	18206.7056	21170.4618	24299.8090	27489.9377
380	5983.4836	7348.1342	8960.5084	10842.4183	13008.2570	15460.4696	18184.0343	21140.1829	24259.8906	27438.0701
381	5980.2393	7343.5577	8954.0983	10833.5090	12995.9793	15443.7087	18161.3913	21109.9473	24220.0378	27386.3003
382	5976.9968	7338.9842	8947.6927	10824.6070	12983.7132	15426.9661	18138.7764	21079.7550	24180.2505	27334.6282
383	5973.7561	7334.4134	8941.2917	10815.7123	12971.4586	15410.2415	18116.1898	21049.6058	24140.5286	27283.0536
384	5970.5171	7329.8456	8934.8953	10806.8249	12959.2157	15393.5352	18093.6312	21019.4997	24100.8719	27231.5763
385	5967.2799	7325.2805	8928.5035	10797.9449	12946.9843	15376.8469	18071.1008	20989.4367	24061.2803	27180.1962
386	5964.0444	7320.7183	8922.1163	10789.0721	12934.7644	15360.1767	18048.5984	20959.4167	24021.7538	27128.9129
387	5960.8107	7316.1590	8915.7336	10780.2066	12922.5561	15343.5246	18026.1240	20929.4396	23982.2923	27077.7265
388	5957.5787	7311.6025	8909.3555	10771.3484	12910.3593	15326.8905	18003.6776	20899.5055	23942.8955	27026.6366
389	5954.3485	7307.0488	8902.9819	10762.4975	12898.1740	15310.2745	17981.2592	20869.6141	23903.5635	26975.6431
390	5951.1201	7302.4979	8896.6129	10753.6539	12886.0002	15293.6765	17958.8687	20839.7654	23864.2960	26924.7459
391	5947.8933	7297.9499	8890.2485	10744.8175	12873.8379	15277.0964	17936.5060	20809.9595	23825.0931	26873.9446
392	5944.6684	7293.4048	8883.8886	10735.9884	12861.6871	15260.5344	17914.1712	20780.1962	23785.9546	26823.2392
393	5941.4452	7288.8624	8877.5333	10727.1665	12849.5477	15243.9903	17891.8642	20750.4755	23746.8804	26772.6295
394	5938.2237	7284.3229	8871.1825	10718.3519	12837.4198	15227.4641	17869.5850	20720.7972	23707.8704	26722.1153
395	5935.0040	7279.7862	8864.8362	10709.5445	12825.3034	15210.9559	17847.3335	20691.1615	23668.9244	26671.6964
396	5931.7860	7275.2524	8858.4945	10700.7444	12813.1983	15194.4656	17825.1098	20661.5681	23630.0424	26621.3726
397	5928.5698	7270.7213	8852.1574	10691.9515	12801.1048	15177.9931	17802.9137	20632.0170	23591.2243	26571.1438
398	5925.3553	7266.1931	8845.8247	10683.1658	12789.0226	15161.5385	17780.7453	20602.5082	23552.4700	26521.0097
399	5922.1426	7261.6677	8839.4966	10674.3874	12776.9518	15145.1017	17758.6044	20573.0416	23513.7793	26470.9702
400	5918.9316	7257.1452	8833.1730	10665.6161	12764.8924	15128.6828	17736.4911	20543.6171	23475.1522	26421.0252
401	5915.7223	7252.6254	8826.8540	10656.8521	12752.8444	15112.2816	17714.4054	20514.2347	23436.5886	26371.1743
402	5912.5148	7248.1085	8820.5395	10648.0952	12740.8078	15095.8982	17692.3472	20484.8944	23398.0883	26321.4176
403	5909.3090	7243.5943	8814.2294	10639.3456	12728.7825	15079.5326	17670.3164	20455.5960	23359.6512	26271.7547
404	5906.1050	7239.0830	8807.9239	10630.6031	12716.7686	15063.1848	17648.3131	20426.3395	23321.2773	26222.1855
405	5902.9027	7234.5745	8801.6229	10621.8679	12704.7661	15046.8546	17626.3371	20397.1249	23282.9664	26172.7098
406	5899.7021	7230.0688	8795.3265	10613.1398	12692.7748	15030.5422	17604.3886	20367.9520	23244.7185	26123.3275
407	5896.5033	7225.5659	8789.0345	10604.4189	12680.7949	15014.2474	17582.4673	20338.8209	23206.5334	26074.0384
408	5893.3062	7221.0658	8782.7470	10595.7051	12668.8263	14997.9703	17560.5734	20309.7314	23168.4110	26024.8423
409	5890.1109	7216.5685	8776.4640	10586.9985	12656.8689	14981.7109	17538.7067	20280.6836	23130.3512	25975.7390
410	5886.9172	7212.0740	8770.1855	10578.2991	12644.9229	14965.4691	17516.8672	20251.6773	23092.3540	25926.7283
411	5883.7253	7207.5823	8763.9115	10569.6068	12632.9881	14949.2449	17495.0550	20222.7124	23054.4192	25877.8101
412	5880.5352	7203.0934	8757.6420	10560.9217	12621.0646	14933.0383	17473.2699	20193.7890	23016.5467	25828.9842
413	5877.3467	7198.6074	8751.3770	10552.2437	12609.1524	14916.8492	17451.5119	20164.9070	22978.7364	25780.2504
414	5874.1600	7194.1241	8745.1165	10543.5728	12597.2514	14900.6777	17429.7810	20136.0663	22940.9882	25731.6086
415	5870.9750	7189.6435	8738.8604	10534.9090	12585.3616	14884.5237	17408.0772	20107.2668	22903.3021	25683.0586
416	5867.7918	7185.1658	8732.6088	10526.2524	12573.4831	14868.3873	17386.4004	20078.5085	22865.6778	25634.6001
417	5864.6103	7180.6909	8726.3617	10517.6029	12561.6157	14852.2683	17364.7506	20049.7914	22828.1154	25586.2331
418	5861.4305	7176.2188	8720.1191	10508.9605	12549.7596	14836.1668	17343.1278	20021.1153	22790.6147	25537.9574
419	5858.2524	7171.7494	8713.8809	10500.3252	12537.9146	14820.0828	17321.5319	19992.4802	22753.1755	25489.7727
420	5855.0760	7167.2828	8707.6472	10491.6969	12526.0809	14804.0162	17299.9629	19963.8861	22715.7979	25441.6790
421	5851.9014	7162.8190	8701.4179	10483.0758	12514.2583	14787.9670	17278.4207	19935.3329	22678.4817	25393.6760
422	5848.7285	7158.3580	8695.1931	10474.4618	12502.4468	14771.9353	17256.9054	19906.8205	22641.2267	25345.7635
423	5845.5573	7153.8998	8688.9728	10465.8548	12490.6465	14755.9209	17235.4168	19878.3489	22604.0330	25297.9415
424	5842.3878	7149.4443	8682.7569	10457.2549	12478.8574	14739.9238	17213.9550	19849.9180	22566.9004	25250.2097
425	5839.2201	7144.9916	8676.5454	10448.6621	12467.0794	14723.9441	17192.5199	19821.5278	22529.8288	25202.5679
426	5836.0540	7140.5417	8670.3384	10440.0763	12455.3125	14707.9818	17171.1116	19793.1782	22492.8180	25155.0161
427	5832.8897	7136.0946	8664.1359	10431.4976	12443.5567	14692.0367	17149.7299	19764.8691	22455.8681	25107.5539
428	5829.7271	7131.6502	8657.9377	10422.9260	12431.8119	14676.1089	17128.3748	19736.6006	22418.9789	25060.1814
429	5826.5662	7127.2086	8651.7440	10414.3614	12420.0783	14660.1984	17107.0463	19708.3724	22382.1502	25012.8982
430	5823.4070	7122.7698	8645.5548	10405.8038	12408.3558	14644.3051	17085.7443	19680.1847	22345.3821	24965.7042
431	5820.2496	7118.3337	8639.3699	10397.2532	12396.6443	14628.4291	17064.4689	19652.0372	22308.6744	24918.5992
432	5817.0938	7113.9004	8633.1895	10388.7097	12384.9439	14612.5703	17043.2200	19623.9300	22272.0269	24871.5831
433	5813.9398	7109.4699	8627.0135	10380.1732	12373.2545	14596.7287	17021.9975	19595.8630	22235.4397	24824.6558
434	5810.7875	7105.0421	8620.8420	10371.6437	12361.5761	14580.9042	17000.8015	19567.8362	22198.9126	24777.8170
435	5807.6368	7100.6171	8614.6748	10363.1212	12349.9088	14565.0969	16979.6318	19539.8494	22162.4455	24731.0665
436	5804.4879	7096.1948	8608.5121	10354.6058	12338.2525	14549.3067	16958.4885	19511.9026	22126.0383	24684.4043
437	5801.3407	7091.7753	8602.3537	10346.0973	12326.6071	14533.5337	16937.3716	19483.9959	22089.6909	24637.8301
438	5798.1952	7087.3585	8596.1998	10337.5958	12314.9728	14517.7778	16916.2809	19456.1290	22053.4032	24591.3438
439	5795.0514	7082.9445	8590.0503	10329.1013	12303.3495	14502.0389	16895.2165	19428.3020	22017.1751	24544.9452
440	5791.9093	7078.5332	8583.9051	10320.6138	12291.7371	14486.3171	16874.1784	19400.5148	21981.0065	24498.6341
441	5788.7690	7074.1247	8577.7644	10312.1332	12280.1357	14470.6123	16853.1664	19372.7674	21944.8973	24452.4104
442	5785.6303	7069.7189	8571.6281	10303.6597	12268.5452	14454.9246	16832.1806	19345.0596	21908.8475	24406.2740
443	5782.4933	7065.3159	8565.4961	10295.1931	12256.9657	14439.2539	16811.2209	19317.3914	21872.8569	24360.2245
444	5779.3580	7060.9156	8559.3686	10286.7334	12245.3971	14423.6002	16790.2873	19289.7629	21836.9254	24314.2620
445	5776.2244	7056.5181	8553.2454	10278.2807	12233.8394	14407.9634	16769.3798	19262.1738	21801.0529	24268.3862
446	5773.0926	7052.1233	8547.1266	10269.8349	12222.2927	14392.3436	16748.4983	19234.6242	21765.2394	24222.5969
447	5769.9624	7047.7312	8541.0122	10261.3961	12210.7568	14376.7407	16727.6429	19207.1140	21729.4847	24176.8941
448	5766.8339	7043.3418	8534.9021	10252.9642	12199.2318	14361.1547	16706.8134	19179.6432	21693.7887	24131.2775
449	5763.7071	7038.9552	8528.7964	10244.5393	12187.7177	14345.5857	16686.0098	19152.2116	21658.1514	24085.7469
450	5760.5820	7034.5714	8522.6951	10236.1212	12176.2145	14330.0335	16665.2321	19124.8193	21622.5726	24040.3022
451	5757.4586	7030.1902	8516.5982	10227.7101	12164.7221	14314.4982	16644.4803	19097.4662	21587.0523	23994.9433
452	5754.3369	7025.8118	8510.5056	10219.3059	12153.2406	14298.9797	16623.7544	19070.1521	21551.5903	23949.6700
453	5751.2169	7021.4361	8504.4174	10210.9086	12141.7699	14283.4780	16603.0543	19042.8772	21516.1865	23904.4821
454	5748.0986	7017.0632	8498.3335	10202.5182	12130.3100	14267.9932	16582.3799	19015.6412	21480.8410	23859.3795
455	5744.9820	7012.6929	8492.2540	10194.1347	12118.8609	14252.5251	16561.7313	18988.4442	21445.5535	23814.3619
456	5741.8670	7008.3254	8486.1788	10185.7581	12107.4227	14237.0738	16541.1084	18961.2861	21410.3239	23769.4293
457	5738.7538	7003.9606	8480.1080	10177.3884	12095.9952	14221.6392	16520.5111	18934.1669	21375.1522	23724.5815
458	5735.6422	6999.5986	8474.0415	10169.0255	12084.5786	14206.2214	16499.9396	18907.0864	21340.0384	23679.8183
459	5732.5323	6995.2392	8467.9794	10160.6695	12073.1727	14190.8203	16479.3936	18880.0447	21304.9821	23635.1395
460	5729.4241	6990.8826	8461.9216	10152.3204	12061.7776	14175.4359	16458.8732	18853.0416	21269.9835	23590.5451
461	5726.3176	6986.5286	8455.8681	10143.9782	12050.3932	14160.0682	16438.3784	18826.0772	21235.0424	23546.0347
462	5723.2128	6982.1774	8449.8190	10135.6428	12039.0196	14144.7171	16417.9091	18799.1513	21200.1587	23501.6084
463	5720.1097	6977.8289	8443.7741	10127.3142	12027.6567	14129.3827	16397.4653	18772.2639	21165.3322	23457.2659
464	5717.0082	6973.4831	8437.7337	10118.9925	12016.3045	14114.0649	16377.0469	18745.4150	21130.5630	23413.0071
465	5713.9085	6969.1400	8431.6975	10110.6776	12004.9631	14098.7637	16356.6540	18718.6045	21095.8509	23368.8317
466	5710.8104	6964.7996	8425.6656	10102.3696	11993.6323	14083.4791	16336.2864	18691.8324	21061.1959	23324.7397
467	5707.7140	6960.4619	8419.6381	10094.0684	11982.3123	14068.2111	16315.9442	18665.0985	21026.5977	23280.7309
468	5704.6192	6956.1270	8413.6149	10085.7740	11971.0029	14052.9596	16295.6274	18638.4029	20992.0564	23236.8052
469	5701.5262	6951.7947	8407.5960	10077.4864	11959.7042	14037.7246	16275.3358	18611.7454	20957.5719	23192.9623
470	5698.4348	6947.4651	8401.5814	10069.2056	11948.4162	14022.5062	16255.0695	18585.1261	20923.1439	23149.2021
471	5695.3451	6943.1382	8395.5711	10060.9317	11937.1388	14007.3043	16234.8285	18558.5448	20888.7726	23105.5245
472	5692.2571	6938.8140	8389.5651	10052.6645	11925.8721	13992.1188	16214.6127	18532.0016	20854.4577	23061.9294
473	5689.1707	6934.4925	8383.5634	10044.4042	11914.6160	13976.9498	16194.4220	18505.4963	20820.1992	23018.4164
474	5686.0860	6930.1737	8377.5659	10036.1506	11903.3705	13961.7973	16174.2565	18479.0289	20785.9969	22974.9856
475	5683.0030	6925.8576	8371.5728	10027.9038	11892.1356	13946.6612	16154.1160	18452.5994	20751.8509	22931.6367
476	5679.9217	6921.5441	8365.5840	10019.6638	11880.9114	13931.5415	16134.0007	18426.2077	20717.7609	22888.3696
477	5676.8420	6917.2334	8359.5994	10011.4305	11869.6977	13916.4381	16113.9104	18399.8538	20683.7269	22845.1842
478	5673.7640	6912.9253	8353.6192	10003.2040	11858.4946	13901.3512	16093.8451	18373.5375	20649.7489	22802.0802
479	5670.6877	6908.6199	8347.6432	9994.9843	11847.3021	13886.2806	16073.8048	18347.2589	20615.8266	22759.0575
480	5667.6130	6904.3172	8341.6715	9986.7713	11836.1202	13871.2264	16053.7895	18321.0178	20581.9601	22716.1161
481	5664.5401	6900.0172	8335.7040	9978.5651	11824.9488	13856.1884	16033.7991	18294.8143	20548.1492	22673.2556
482	5661.4687	6895.7199	8329.7408	9970.3656	11813.7880	13841.1668	16013.8336	18268.6483	20514.3939	22630.4760
483	5658.3991	6891.4252	8323.7819	9962.1729	11802.6377	13826.1615	15993.8929	18242.5197	20480.6940	22587.7772
484	5655.3311	6887.1332	8317.8273	9953.9869	11791.4979	13811.1724	15973.9771	18216.4284	20447.0495	22545.1588
485	5652.2648	6882.8439	8311.8769	9945.8076	11780.3686	13796.1996	15954.0861	18190.3745	20413.4602	22502.6210
486	5649.2001	6878.5573	8305.9308	9937.6350	11769.2498	13781.2430	15934.2198	18164.3578	20379.9261	22460.1633
487	5646.1371	6874.2733	8299.9889	9929.4692	11758.1416	13766.3026	15914.3783	18138.3784	20346.4472	22417.7858
488	5643.0757	6869.9920	8294.0513	9921.3100	11747.0438	13751.3784	15894.5615	18112.4361	20313.0232	22375.4882
489	5640.0160	6865.7134	8288.1179	9913.1576	11735.9565	13736.4704	15874.7693	18086.5309	20279.6541	22333.2705
490	5636.9580	6861.4374	8282.1887	9905.0119	11724.8796	13721.5786	15855.0018	18060.6627	20246.3398	22291.1324
491	5633.9017	6857.1641	8276.2639	9896.8728	11713.8132	13706.7029	15835.2590	18034.8316	20213.0803	22249.0738
492	5630.8469	6852.8934	8270.3432	9888.7405	11702.7573	13691.8433	15815.5407	18009.0374	20179.8754	22207.0945
493	5627.7939	6848.6254	8264.4268	9880.6148	11691.7118	13676.9998	15795.8469	17983.2801	20146.7250	22165.1945
494	5624.7425	6844.3601	8258.5146	9872.4958	11680.6767	13662.1725	15776.1777	17957.5596	20113.6291	22123.3735
495	5621.6927	6840.0974	8252.6066	9864.3835	11669.6520	13647.3612	15756.5330	17931.8759	20080.5876	22081.6314
496	5618.6446	6835.8374	8246.7029	9856.2778	11658.6377	13632.5659	15736.9127	17906.2290	20047.6003	22039.9681
497	5615.5982	6831.5800	8240.8034	9848.1788	11647.6339	13617.7867	15717.3169	17880.6187	20014.6672	21998.3834
498	5612.5534	6827.3253	8234.9081	9840.0865	11636.6404	13603.0236	15697.7454	17855.0451	19981.7883	21956.8772
499	5609.5103	6823.0733	8229.0171	9832.0008	11625.6573	13588.2764	15678.1984	17829.5080	19948.9633	21915.4492
500	5606.4688	6818.8238	8223.1302	9823.9218	11614.6845	13573.5452	15658.6757	17804.0075	19916.1923	21874.0995
501	5603.4290	6814.5771	8217.2476	9815.8493	11603.7221	13558.8300	15639.1773	17778.5434	19883.4751	21832.8277
502	5600.3908	6810.3329	8211.3691	9807.7836	11592.7701	13544.1308	15619.7031	17753.1158	19850.8117	21791.6338
503	5597.3542	6806.0915	8205.4949	9799.7244	11581.8284	13529.4474	15600.2532	17727.7245	19818.2019	21750.5177
504	5594.3193	6801.8526	8199.6249	9791.6719	11570.8970	13514.7800	15580.8276	17702.3695	19785.6456	21709.4791
505	5591.2861	6797.6164	8193.7590	9783.6260	11559.9760	13500.1285	15561.4261	17677.0509	19753.1429	21668.5180
506	5588.2545	6793.3829	8187.8974	9775.5867	11549.0652	13485.4929	15542.0488	17651.7684	19720.6936	21627.6341
507	5585.2245	6789.1519	8182.0400	9767.5540	11538.1648	13470.8732	15522.6956	17626.5220	19688.2975	21586.8274
508	5582.1962	6784.9236	8176.1867	9759.5279	11527.2746	13456.2693	15503.3665	17601.3118	19655.9547	21546.0977
509	5579.1695	6780.6980	8170.3377	9751.5084	11516.3947	13441.6812	15484.0615	17576.1377	19623.6650	21505.4448
510	5576.1445	6776.4749	8164.4928	9743.4955	11505.5251	13427.1089	15464.7805	17550.9995	19591.4284	21464.8686
511	5573.1211	6772.2546	8158.6521	9735.4892	11494.6657	13412.5525	15445.5236	17525.8973	19559.2447	21424.3690
512	5570.0993	6768.0368	8152.8156	9727.4894	11483.8166	13398.0118	15426.2906	17500.8310	19527.1138	21383.9458
513	5567.0792	6763.8216	8146.9832	9719.4963	11472.9778	13383.4869	15407.0815	17475.8006	19495.0358	21343.5989
514	5564.0607	6759.6091	8141.1551	9711.5097	11462.1491	13368.9777	15387.8964	17450.8059	19463.0105	21303.3280
515	5561.0439	6755.3992	8135.3311	9703.5296	11451.3307	13354.4843	15368.7352	17425.8470	19431.0377	21263.1332
516	5558.0287	6751.1920	8129.5112	9695.5562	11440.5225	13340.0065	15349.5978	17400.9238	19399.1175	21223.0142
517	5555.0151	6746.9873	8123.6956	9687.5892	11429.7245	13325.5445	15330.4843	17376.0363	19367.2497	21182.9709
518	5552.0032	6742.7853	8117.8840	9679.6288	11418.9367	13311.0982	15311.3945	17351.1843	19335.4343	21143.0032
519	5548.9929	6738.5859	8112.0767	9671.6750	11408.1591	13296.6675	15292.3285	17326.3679	19303.6712	21103.1109
520	5545.9842	6734.3891	8106.2735	9663.7277	11397.3916	13282.2524	15273.2863	17301.5870	19271.9602	21063.2938
521	5542.9771	6730.1949	8100.4744	9655.7869	11386.6343	13267.8530	15254.2678	17276.8415	19240.3013	21023.5519
522	5539.9717	6726.0033	8094.6796	9647.8527	11375.8872	13253.4692	15235.2730	17252.1314	19208.6944	20983.8850
523	5536.9680	6721.8143	8088.8888	9639.9249	11365.1502	13239.1010	15216.3018	17227.4566	19177.1395	20944.2928
524	5533.9658	6717.6280	8083.1022	9632.0037	11354.4233	13224.7484	15197.3542	17202.8172	19145.6363	20904.7754
525	5530.9653	6713.4442	8077.3197	9624.0890	11343.7065	13210.4113	15178.4303	17178.2130	19114.1850	20865.3326
526	5527.9664	6709.2631	8071.5414	9616.1808	11332.9999	13196.0897	15159.5298	17153.6439	19082.7853	20825.9642
527	5524.9691	6705.0846	8065.7672	9608.2791	11322.3034	13181.7837	15140.6530	17129.1101	19051.4371	20786.6700
528	5521.9735	6700.9086	8059.9971	9600.3839	11311.6170	13167.4932	15121.7996	17104.6113	19020.1405	20747.4500
529	5518.9794	6696.7353	8054.2312	9592.4952	11300.9406	13153.2182	15102.9697	17080.1475	18988.8953	20708.3040
530	5515.9870	6692.5646	8048.4694	9584.6129	11290.2744	13138.9587	15084.1633	17055.7187	18957.7014	20669.2319
531	5512.9962	6688.3964	8042.7117	9576.7372	11279.6182	13124.7146	15065.3803	17031.3249	18926.5588	20630.2335
532	5510.0071	6684.2309	8036.9581	9568.8679	11268.9720	13110.4860	15046.6207	17006.9660	18895.4673	20591.3086
533	5507.0196	6680.0679	8031.2086	9561.0050	11258.3359	13096.2728	15027.8844	16982.6419	18864.4269	20552.4572
534	5504.0336	6675.9076	8025.4633	9553.1487	11247.7099	13082.0750	15009.1714	16958.3525	18833.4375	20513.6792
535	5501.0493	6671.7498	8019.7220	9545.2988	11237.0939	13067.8926	14990.4818	16934.0980	18802.4990	20474.9742
536	5498.0667	6667.5946	8013.9849	9537.4553	11226.4879	13053.7256	14971.8154	16909.8781	18771.6113	20436.3423
537	5495.0856	6663.4421	8008.2519	9529.6183	11215.8919	13039.5739	14953.1723	16885.6929	18740.7744	20397.7833
538	5492.1062	6659.2921	8002.5230	9521.7877	11205.3059	13025.4376	14934.5524	16861.5422	18709.9881	20359.2971
539	5489.1283	6655.1446	7996.7981	9513.9636	11194.7299	13011.3166	14915.9557	16837.4261	18679.2524	20320.8834
540	5486.1521	6650.9998	7991.0774	9506.1459	11184.1639	12997.2109	14897.3821	16813.3445	18648.5671	20282.5423
541	5483.1775	6646.8576	7985.3608	9498.3346	11173.6078	12983.1205	14878.8317	16789.2973	18617.9323	20244.2734
542	5480.2045	6642.7179	7979.6482	9490.5297	11163.0618	12969.0454	14860.3043	16765.2845	18587.3478	20206.0768
543	5477.2331	6638.5808	7973.9398	9482.7312	11152.5256	12954.9855	14841.8001	16741.3061	18556.8136	20167.9523
544	5474.2634	6634.4463	7968.2354	9474.9392	11141.9994	12940.9409	14823.3189	16717.3619	18526.3295	20129.8997
545	5471.2952	6630.3143	7962.5351	9467.1535	11131.4832	12926.9115	14804.8606	16693.4520	18495.8955	20091.9189
546	5468.3287	6626.1850	7956.8389	9459.3743	11120.9769	12912.8973	14786.4254	16669.5763	18465.5115	20054.0097
547	5465.3637	6622.0582	7951.1467	9451.6014	11110.4805	12898.8983	14768.0131	16645.7348	18435.1774	20016.1721
548	5462.4004	6617.9339	7945.4587	9443.8350	11099.9940	12884.9145	14749.6238	16621.9273	18404.8931	19978.4058
549	5459.4387	6613.8123	7939.7747	9436.0749	11089.5174	12870.9458	14731.2574	16598.1539	18374.6586	19940.7109
550	5456.4786	6609.6932	7934.0947	9428.3212	11079.0507	12856.9923	14712.9138	16574.4145	18344.4738	19903.0870
551	5453.5201	6605.5767	7928.4188	9420.5738	11068.5938	12843.0539	14694.5930	16550.7091	18314.3385	19865.5341
552	5450.5631	6601.4627	7922.7470	9412.8329	11058.1469	12829.1306	14676.2951	16527.0375	18284.2527	19828.0521
553	5447.6078	6597.3513	7917.0793	9405.0982	11047.7097	12815.2224	14658.0200	16503.3999	18254.2164	19790.6408
554	5444.6541	6593.2425	7911.4156	9397.3700	11037.2825	12801.3293	14639.7676	16479.7960	18224.2294	19753.3001
555	5441.7020	6589.1362	7905.7559	9389.6481	11026.8651	12787.4513	14621.5380	16456.2259	18194.2917	19716.0299
556	5438.7515	6585.0325	7900.1003	9381.9325	11016.4575	12773.5883	14603.3310	16432.6895	18164.4031	19678.8299
557	5435.8026	6580.9313	7894.4488	9374.2233	11006.0597	12759.7403	14585.1467	16409.1867	18134.5637	19641.7002
558	5432.8553	6576.8327	7888.8013	9366.5204	10995.6718	12745.9074	14566.9851	16385.7176	18104.7732	19604.6405
559	5429.9096	6572.7366	7883.1578	9358.8239	10985.2937	12732.0894	14548.8461	16362.2820	18075.0317	19567.6507
560	5426.9655	6568.6431	7877.5183	9351.1336	10974.9253	12718.2864	14530.7296	16338.8800	18045.3391	19530.7308
561	5424.0230	6564.5522	7871.8829	9343.4497	10964.5668	12704.4984	14512.6358	16315.5114	18015.6952	19493.8805
562	5421.0821	6560.4638	7866.2516	9335.7721	10954.2180	12690.7253	14494.5644	16292.1762	17986.1001	19457.0997
563	5418.1428	6556.3779	7860.6242	9328.1008	10943.8790	12676.9672	14476.5156	16268.8745	17956.5535	19420.3883
564	5415.2051	6552.2946	7855.0009	9320.4358	10933.5497	12663.2240	14458.4892	16245.6060	17927.0555	19383.7462
565	5412.2689	6548.2138	7849.3816	9312.7771	10923.2302	12649.4956	14440.4853	16222.3708	17897.6059	19347.1732
566	5409.3344	6544.1356	7843.7664	9305.1247	10912.9204	12635.7822	14422.5038	16199.1689	17868.2048	19310.6692
567	5406.4014	6540.0599	7838.1551	9297.4786	10902.6204	12622.0836	14404.5447	16176.0001	17838.8519	19274.2341
568	5403.4701	6535.9867	7832.5479	9289.8388	10892.3301	12608.3999	14386.6079	16152.8645	17809.5472	19237.8677
569	5400.5403	6531.9161	7826.9446	9282.2053	10882.0495	12594.7310	14368.6935	16129.7620	17780.2907	19201.5700
570	5397.6121	6527.8480	7821.3454	9274.5780	10871.7786	12581.0770	14350.8014	16106.6925	17751.0823	19165.3407
571	5394.6855	6523.7825	7815.7502	9266.9570	10861.5174	12567.4377	14332.9316	16083.6560	17721.9218	19129.1798
572	5391.7605	6519.7194	7810.1590	9259.3422	10851.2659	12553.8132	14315.0840	16060.6525	17692.8092	19093.0872
573	5388.8371	6515.6589	7804.5718	9251.7337	10841.0240	12540.2035	14297.2586	16037.6818	17663.7445	19057.0626
574	5385.9152	6511.6010	7798.9886	9244.1315	10830.7919	12526.6085	14279.4555	16014.7440	17634.7275	19021.1060
575	5382.9950	6507.5456	7793.4093	9236.5355	10820.5693	12513.0283	14261.6745	15991.8391	17605.7581	18985.2172
576	5380.0763	6503.4926	7787.8341	9228.9458	10810.3565	12499.4628	14243.9157	15968.9668	17576.8364	18949.3962
577	5377.1592	6499.4423	7782.2629	9221.3623	10800.1532	12485.9120	14226.1789	15946.1273	17547.9622	18913.6427
578	5374.2437	6495.3944	7776.6956	9213.7850	10789.9596	12472.3759	14208.4643	15923.3205	17519.1354	18877.9567
579	5371.3298	6491.3491	7771.1323	9206.2139	10779.7757	12458.8545	14190.7717	15900.5463	17490.3559	18842.3381
580	5368.4175	6487.3062	7765.5730	9198.6491	10769.6013	12445.3478	14173.1011	15877.8046	17461.6237	18806.7866
581	5365.5067	6483.2659	7760.0177	9191.0905	10759.4365	12431.8556	14155.4526	15855.0955	17432.9388	18771.3022
582	5362.5975	6479.2282	7754.4664	9183.5381	10749.2814	12418.3781	14137.8260	15832.4188	17404.3009	18735.8848
583	5359.6899	6475.1929	7748.9190	9175.9919	10739.1358	12404.9153	14120.2214	15809.7746	17375.7101	18700.5342
584	5356.7839	6471.1601	7743.3756	9168.4519	10728.9998	12391.4670	14102.6387	15787.1628	17347.1663	18665.2503
585	5353.8794	6467.1299	7737.8362	9160.9181	10718.8733	12378.0333	14085.0779	15764.5833	17318.6693	18630.0329
586	5350.9765	6463.1021	7732.3007	9153.3905	10708.7564	12364.6141	14067.5389	15742.0361	17290.2192	18594.8821
587	5348.0752	6459.0769	7726.7692	9145.8690	10698.6491	12351.2095	14050.0218	15719.5212	17261.8158	18559.7975
588	5345.1755	6455.0542	7721.2416	9138.3538	10688.5513	12337.8195	14032.5265	15697.0384	17233.4591	18524.7791
589	5342.2773	6451.0340	7715.7180	9130.8447	10678.4630	12324.4439	14015.0530	15674.5879	17205.1489	18489.8268
590	5339.3807	6447.0163	7710.1984	9123.3418	10668.3843	12311.0829	13997.6013	15652.1694	17176.8853	18454.9405
591	5336.4857	6443.0011	7704.6827	9115.8451	10658.3151	12297.7363	13980.1713	15629.7830	17148.6681	18420.1199
592	5333.5923	6438.9883	7699.1709	9108.3545	10648.2553	12284.4042	13962.7630	15607.4286	17120.4972	18385.3651
593	5330.7004	6434.9781	7693.6631	9100.8701	10638.2051	12271.0866	13945.3763	15585.1062	17092.3726	18350.6759
594	5327.8101	6430.9704	7688.1592	9093.3918	10628.1644	12257.7834	13928.0113	15562.8157	17064.2942	18316.0521
595	5324.9213	6426.9652	7682.6593	9085.9197	10618.1331	12244.4946	13910.6680	15540.5570	17036.2620	18281.4936
596	5322.0341	6422.9625	7677.1633	9078.4537	10608.1113	12231.2202	13893.3462	15518.3303	17008.2758	18247.0003
597	5319.1485	6418.9623	7671.6712	9070.9939	10598.0989	12217.9602	13876.0460	15496.1353	16980.3355	18212.5721
598	5316.2645	6414.9645	7666.1831	9063.5401	10588.0960	12204.7146	13858.7674	15473.9720	16952.4412	18178.2089
599	5313.3820	6410.9693	7660.6989	9056.0925	10578.1026	12191.4834	13841.5102	15451.8405	16924.5927	18143.9105
600	5310.5010	6406.9765	7655.2186	9048.6511	10568.1186	12178.2665	13824.2746	15429.7406	16896.7899	18109.6768
601	5307.6217	6402.9862	7649.7422	9041.2157	10558.1440	12165.0639	13807.0604	15407.6723	16869.0328	18075.5077
602	5304.7439	6398.9985	7644.2697	9033.7865	10548.1788	12151.8756	13789.8676	15385.6356	16841.3213	18041.4031
603	5301.8676	6395.0132	7638.8012	9026.3633	10538.2230	12138.7017	13772.6963	15363.6304	16813.6554	18007.3629
604	5298.9930	6391.0303	7633.3366	9018.9463	10528.2766	12125.5420	13755.5463	15341.6566	16786.0349	17973.3868
605	5296.1198	6387.0500	7627.8759	9011.5353	10518.3396	12112.3966	13738.4177	15319.7143	16758.4597	17939.4749
606	5293.2483	6383.0721	7622.4190	9004.1305	10508.4120	12099.2654	13721.3104	15297.8034	16730.9299	17905.6269
607	5290.3783	6379.0967	7616.9661	8996.7317	10498.4938	12086.1485	13704.2245	15275.9238	16703.4452	17871.8428
608	5287.5098	6375.1238	7611.5171	8989.3390	10488.5849	12073.0458	13687.1598	15254.0756	16676.0058	17838.1225
609	5284.6429	6371.1534	7606.0720	8981.9524	10478.6854	12059.9572	13670.1163	15232.2585	16648.6114	17804.4658
610	5281.7776	6367.1854	7600.6308	8974.5718	10468.7952	12046.8829	13653.0941	15210.4727	16621.2620	17770.8726
611	5278.9138	6363.2199	7595.1935	8967.1973	10458.9143	12033.8228	13636.0931	15188.7180	16593.9575	17737.3427
612	5276.0515	6359.2569	7589.7601	8959.8289	10449.0428	12020.7768	13619.1132	15166.9944	16566.6979	17703.8761
613	5273.1909	6355.2964	7584.3305	8952.4665	10439.1806	12007.7450	13602.1545	15145.3019	16539.4830	17670.4727
614	5270.3317	6351.3383	7578.9048	8945.1102	10429.3277	11994.7273	13585.2169	15123.6405	16512.3129	17637.1323
615	5267.4741	6347.3827	7573.4831	8937.7599	10419.4841	11981.7237	13568.3004	15102.0100	16485.1874	17603.8548
616	5264.6181	6343.4295	7568.0652	8930.4157	10409.6498	11968.7342	13551.4049	15080.4104	16458.1065	17570.6401
617	5261.7636	6339.4788	7562.6511	8923.0775	10399.8248	11955.7587	13534.5305	15058.8418	16431.0700	17537.4881
618	5258.9107	6335.5306	7557.2410	8915.7453	10390.0090	11942.7974	13517.6771	15037.3040	16404.0780	17504.3986
619	5256.0593	6331.5848	7551.8347	8908.4191	10380.2025	11929.8501	13500.8447	15015.7970	16377.1303	17471.3715
620	5253.2094	6327.6415	7546.4323	8901.0990	10370.4053	11916.9168	13484.0333	14994.3207	16350.2269	17438.4068
621	5250.3611	6323.7006	7541.0338	8893.7849	10360.6173	11903.9976	13467.2428	14972.8752	16323.3677	17405.5042
622	5247.5144	6319.7622	7535.6391	8886.4768	10350.8385	11891.0923	13450.4732	14951.4603	16296.5525	17372.6638
623	5244.6692	6315.8263	7530.2482	8879.1747	10341.0690	11878.2011	13433.7244	14930.0761	16269.7815	17339.8853
624	5241.8255	6311.8927	7524.8613	8871.8786	10331.3087	11865.3238	13416.9966	14908.7225	16243.0544	17307.1686
625	5238.9834	6307.9617	7519.4781	8864.5885	10321.5576	11852.4605	13400.2895	14887.3994	16216.3712	17274.5137
626	5236.1428	6304.0331	7514.0989	8857.3043	10311.8158	11839.6111	13383.6033	14866.1068	16189.7319	17241.9204
627	5233.3037	6300.1069	7508.7235	8850.0262	10302.0831	11826.7757	13366.9378	14844.8446	16163.1363	17209.3886
628	5230.4662	6296.1832	7503.3519	8842.7541	10292.3596	11813.9542	13350.2931	14823.6129	16136.5844	17176.9181
629	5227.6303	6292.2619	7497.9842	8835.4879	10282.6452	11801.1466	13333.6691	14802.4115	16110.0762	17144.5090
630	5224.7958	6288.3431	7492.6203	8828.2277	10272.9401	11788.3528	13317.0659	14781.2404	16083.6115	17112.1609
631	5221.9629	6284.4267	7487.2602	8820.9735	10263.2441	11775.5730	13300.4833	14760.0997	16057.1902	17079.8739
632	5219.1316	6280.5128	7481.9040	8813.7252	10253.5572	11762.8069	13283.9213	14738.9891	16030.8124	17047.6479
633	5216.3018	6276.6013	7476.5516	8806.4829	10243.8795	11750.0548	13267.3800	14717.9088	16004.4778	17015.4826
634	5213.4735	6272.6922	7471.2031	8799.2465	10234.2110	11737.3164	13250.8592	14696.8586	15978.1866	16983.3780
635	5210.6467	6268.7856	7465.8583	8792.0161	10224.5515	11724.5919	13234.3591	14675.8385	15951.9385	16951.3340
636	5207.8215	6264.8813	7460.5174	8784.7916	10214.9012	11711.8811	13217.8795	14654.8485	15925.7336	16919.3505
637	5204.9978	6260.9796	7455.1803	8777.5730	10205.2600	11699.1842	13201.4204	14633.8885	15899.5717	16887.4273
638	5202.1757	6257.0802	7449.8471	8770.3604	10195.6279	11686.5010	13184.9818	14612.9585	15873.4528	16855.5643
639	5199.3550	6253.1833	7444.5176	8763.1537	10186.0048	11673.8315	13168.5636	14592.0584	15847.3768	16823.7615
640	5196.5359	6249.2888	7439.1920	8755.9530	10176.3909	11661.1758	13152.1659	14571.1882	15821.3436	16792.0186
641	5193.7184	6245.3968	7433.8701	8748.7581	10166.7860	11648.5338	13135.7887	14550.3478	15795.3532	16760.3357
642	5190.9023	6241.5071	7428.5521	8741.5692	10157.1902	11635.9055	13119.4318	14529.5373	15769.4055	16728.7125
643	5188.0878	6237.6199	7423.2379	8734.3862	10147.6035	11623.2909	13103.0953	14508.7565	15743.5004	16697.1490
644	5185.2748	6233.7351	7417.9275	8727.2090	10138.0258	11610.6900	13086.7791	14488.0055	15717.6379	16665.6451
645	5182.4633	6229.8527	7412.6209	8720.0378	10128.4571	11598.1028	13070.4833	14467.2841	15691.8178	16634.2006
646	5179.6534	6225.9728	7407.3180	8712.8725	10118.8975	11585.5291	13054.2077	14446.5924	15666.0402	16602.8154
647	5176.8450	6222.0952	7402.0190	8705.7130	10109.3469	11572.9692	13037.9524	14425.9302	15640.3049	16571.4894
648	5174.0381	6218.2201	7396.7238	8698.5595	10099.8053	11560.4228	13021.7174	14405.2976	15614.6119	16540.2226
649	5171.2327	6214.3474	7391.4323	8691.4118	10090.2727	11547.8900	13005.5026	14384.6945	15588.9611	16509.0147
650	5168.4289	6210.4771	7386.1447	8684.2700	10080.7491	11535.3709	12989.3079	14364.1209	15563.3524	16477.8657
651	5165.6265	6206.6092	7380.8608	8677.1340	10071.2345	11522.8652	12973.1334	14343.5767	15537.7858	16446.7755
652	5162.8257	6202.7437	7375.5807	8670.0039	10061.7289	11510.3732	12956.9791	14323.0619	15512.2612	16415.7440
653	5160.0264	6198.8806	7370.3043	8662.8797	10052.2323	11497.8947	12940.8449	14302.5765	15486.7786	16384.7710
654	5157.2286	6195.0199	7365.0318	8655.7613	10042.7446	11485.4297	12924.7308	14282.1203	15461.3378	16353.8564
655	5154.4324	6191.1617	7359.7630	8648.6488	10033.2658	11472.9782	12908.6367	14261.6934	15435.9387	16323.0002
656	5151.6376	6187.3058	7354.4980	8641.5421	10023.7961	11460.5403	12892.5627	14241.2957	15410.5815	16292.2022
657	5148.8444	6183.4524	7349.2368	8634.4413	10014.3352	11448.1158	12876.5087	14220.9272	15385.2658	16261.4623
658	5146.0527	6179.6013	7343.9793	8627.3463	10004.8833	11435.7048	12860.4747	14200.5878	15359.9918	16230.7804
659	5143.2625	6175.7526	7338.7256	8620.2571	9995.4403	11423.3072	12844.4606	14180.2775	15334.7592	16200.1564
660	5140.4738	6171.9064	7333.4756	8613.1738	9986.0062	11410.9231	12828.4665	14159.9962	15309.5682	16169.5901
661	5137.6866	6168.0625	7328.2294	8606.0963	9976.5811	11398.5524	12812.4923	14139.7440	15284.4185	16139.0816
662	5134.9010	6164.2210	7322.9869	8599.0245	9967.1648	11386.1951	12796.5380	14119.5207	15259.3101	16108.6306
663	5132.1168	6160.3819	7317.7482	8591.9586	9957.7574	11373.8513	12780.6036	14099.3264	15234.2430	16078.2370
664	5129.3342	6156.5452	7312.5133	8584.8986	9948.3589	11361.5208	12764.6890	14079.1609	15209.2170	16047.9008
665	5126.5531	6152.7109	7307.2821	8577.8443	9938.9692	11349.2036	12748.7942	14059.0243	15184.2322	16017.6219
666	5123.7734	6148.8790	7302.0546	8570.7958	9929.5884	11336.8998	12732.9192	14038.9165	15159.2884	15987.4001
667	5120.9953	6145.0495	7296.8309	8563.7531	9920.2165	11324.6094	12717.0640	14018.8374	15134.3856	15957.2352
668	5118.2187	6141.2223	7291.6109	8556.7162	9910.8534	11312.3323	12701.2285	13998.7870	15109.5236	15927.1274
669	5115.4436	6137.3976	7286.3946	8549.6850	9901.4992	11300.0685	12685.4128	13978.7654	15084.7026	15897.0763
670	5112.6700	6133.5752	7281.1821	8542.6597	9892.1538	11287.8180	12669.6167	13958.7723	15059.9223	15867.0819
671	5109.8979	6129.7552	7275.9733	8535.6401	9882.8172	11275.5807	12653.8403	13938.8079	15035.1827	15837.1441
672	5107.1273	6125.9376	7270.7683	8528.6263	9873.4894	11263.3568	12638.0836	13918.8720	15010.4837	15807.2628
673	5104.3582	6122.1224	7265.5669	8521.6182	9864.1704	11251.1460	12622.3465	13898.9646	14985.8254	15777.4379
674	5101.5906	6118.3095	7260.3693	8514.6159	9854.8602	11238.9486	12606.6289	13879.0857	14961.2075	15747.6692
675	5098.8245	6114.4990	7255.1754	8507.6194	9845.5588	11226.7643	12590.9310	13859.2353	14936.6301	15717.9567
676	5096.0599	6110.6909	7249.9852	8500.6286	9836.2662	11214.5933	12575.2526	13839.4132	14912.0930	15688.3003
677	5093.2968	6106.8851	7244.7987	8493.6435	9826.9824	11202.4354	12559.5937	13819.6194	14887.5963	15658.6998
678	5090.5352	6103.0818	7239.6160	8486.6642	9817.7073	11190.2908	12543.9543	13799.8540	14863.1398	15629.1552
679	5087.7751	6099.2808	7234.4369	8479.6907	9808.4410	11178.1593	12528.3344	13780.1169	14838.7234	15599.6664
680	5085.0165	6095.4821	7229.2615	8472.7228	9799.1834	11166.0409	12512.7339	13760.4080	14814.3472	15570.2331
681	5082.2594	6091.6858	7224.0899	8465.7607	9789.9345	11153.9357	12497.1529	13740.7272	14790.0111	15540.8554
682	5079.5038	6087.8919	7218.9219	8458.8043	9780.6944	11141.8436	12481.5912	13721.0746	14765.7149	15511.5331
683	5076.7497	6084.1004	7213.7577	8451.8536	9771.4630	11129.7646	12466.0490	13701.4502	14741.4586	15482.2662
684	5073.9971	6080.3112	7208.5971	8444.9087	9762.2403	11117.6987	12450.5261	13681.8538	14717.2421	15453.0545
685	5071.2460	6076.5244	7203.4403	8437.9694	9753.0263	11105.6459	12435.0225	13662.2854	14693.0655	15423.8979
686	5068.4963	6072.7399	7198.2871	8431.0358	9743.8211	11093.6062	12419.5382	13642.7450	14668.9286	15394.7963
687	5065.7482	6068.9578	7193.1376	8424.1080	9734.6245	11081.5795	12404.0732	13623.2325	14644.8313	15365.7496
688	5063.0015	6065.1780	7187.9918	8417.1858	9725.4366	11069.5659	12388.6275	13603.7480	14620.7736	15336.7577
689	5060.2563	6061.4006	7182.8496	8410.2693	9716.2573	11057.5652	12373.2010	13584.2913	14596.7554	15307.8205
690	5057.5127	6057.6256	7177.7112	8403.3585	9707.0867	11045.5776	12357.7937	13564.8625	14572.7767	15278.9379
691	5054.7705	6053.8529	7172.5764	8396.4534	9697.9248	11033.6030	12342.4056	13545.4614	14548.8373	15250.1098
692	5052.0298	6050.0826	7167.4453	8389.5540	9688.7715	11021.6414	12327.0367	13526.0881	14524.9373	15221.3361
693	5049.2905	6046.3146	7162.3179	8382.6602	9679.6269	11009.6927	12311.6869	13506.7425	14501.0766	15192.6167
694	5046.5528	6042.5489	7157.1941	8375.7721	9670.4909	10997.7570	12296.3562	13487.4246	14477.2550	15163.9515
695	5043.8166	6038.7856	7152.0740	8368.8896	9661.3635	10985.8342	12281.0446	13468.1343	14453.4726	15135.3404
696	5041.0818	6035.0246	7146.9576	8362.0129	9652.2448	10973.9244	12265.7520	13448.8716	14429.7293	15106.7832
697	5038.3485	6031.2660	7141.8448	8355.1417	9643.1346	10962.0274	12250.4785	13429.6364	14406.0249	15078.2800
698	5035.6167	6027.5097	7136.7357	8348.2762	9634.0330	10950.1434	12235.2241	13410.4288	14382.3595	15049.8305
699	5032.8864	6023.7558	7131.6303	8341.4164	9624.9401	10938.2722	12219.9886	13391.2486	14358.7330	15021.4347
700	5030.1575	6020.0042	7126.5284	8334.5621	9615.8557	10926.4140	12204.7721	13372.0958	14335.1453	14993.0924
701	5027.4302	6016.2549	7121.4303	8327.7135	9606.7799	10914.5685	12189.5745	13352.9705	14311.5963	14964.8037
702	5024.7043	6012.5080	7116.3358	8320.8706	9597.7126	10902.7359	12174.3959	13333.8725	14288.0860	14936.5683
703	5021.9799	6008.7634	7111.2449	8314.0332	9588.6539	10890.9162	12159.2361	13314.8018	14264.6144	14908.3862
704	5019.2570	6005.0211	7106.1577	8307.2015	9579.6038	10879.1092	12144.0953	13295.7584	14241.1813	14880.2572
705	5016.5355	6001.2812	7101.0741	8300.3754	9570.5622	10867.3151	12128.9733	13276.7422	14217.7867	14852.1814
706	5013.8155	5997.5436	7095.9941	8293.5549	9561.5291	10855.5337	12113.8701	13257.7533	14194.4305	14824.1585
707	5011.0970	5993.8083	7090.9178	8286.7400	9552.5046	10843.7651	12098.7857	13238.7914	14171.1127	14796.1885
708	5008.3800	5990.0754	7085.8451	8279.9307	9543.4886	10832.0093	12083.7202	13219.8568	14147.8332	14768.2712
709	5005.6645	5986.3447	7080.7761	8273.1270	9534.4810	10820.2662	12068.6733	13200.9491	14124.5919	14740.4067
710	5002.9504	5982.6164	7075.7107	8266.3289	9525.4820	10808.5359	12053.6452	13182.0686	14101.3888	14712.5947
711	5000.2378	5978.8905	7070.6489	8259.5364	9516.4915	10796.8182	12038.6359	13163.2150	14078.2239	14684.8351
712	4997.5266	5975.1668	7065.5907	8252.7495	9507.5095	10785.1133	12023.6452	13144.3884	14055.0970	14657.1280
713	4994.8170	5971.4454	7060.5361	8245.9681	9498.5359	10773.4210	12008.6732	13125.5887	14032.0080	14629.4731
714	4992.1088	5967.7264	7055.4852	8239.1923	9489.5708	10761.7415	11993.7198	13106.8159	14008.9570	14601.8705
715	4989.4020	5964.0097	7050.4378	8232.4221	9480.6142	10750.0746	11978.7850	13088.0700	13985.9439	14574.3198
716	4986.6968	5960.2953	7045.3941	8225.6575	9471.6661	10738.4203	11963.8689	13069.3509	13962.9686	14546.8212
717	4983.9930	5956.5832	7040.3540	8218.8984	9462.7263	10726.7787	11948.9713	13050.6585	13940.0310	14519.3745
718	4981.2907	5952.8735	7035.3175	8212.1448	9453.7951	10715.1497	11934.0923	13031.9929	13917.1311	14491.9795
719	4978.5898	5949.1660	7030.2846	8205.3968	9444.8722	10703.5333	11919.2318	13013.3540	13894.2689	14464.6363
720	4975.8904	5945.4609	7025.2553	8198.6544	9435.9578	10691.9295	11904.3898	12994.7417	13871.4441	14437.3446
721	4973.1925	5941.7580	7020.2295	8191.9175	9427.0517	10680.3383	11889.5662	12976.1561	13848.6569	14410.1044
722	4970.4960	5938.0575	7015.2074	8185.1861	9418.1541	10668.7596	11874.7612	12957.5970	13825.9071	14382.9156
723	4967.8010	5934.3593	7010.1889	8178.4602	9409.2649	10657.1935	11859.9746	12939.0645	13803.1947	14355.7781
724	4965.1074	5930.6633	7005.1740	8171.7399	9400.3841	10645.6399	11845.2063	12920.5585	13780.5196	14328.6918
725	4962.4153	5926.9697	7000.1626	8165.0251	9391.5116	10634.0989	11830.4565	12902.0789	13757.8817	14301.6567
726	4959.7247	5923.2784	6995.1549	8158.3158	9382.6476	10622.5704	11815.7251	12883.6258	13735.2811	14274.6725
727	4957.0355	5919.5894	6990.1507	8151.6121	9373.7919	10611.0543	11801.0120	12865.1991	13712.7175	14247.7392
728	4954.3478	5915.9026	6985.1501	8144.9138	9364.9445	10599.5508	11786.3172	12846.7987	13690.1910	14220.8568
729	4951.6616	5912.2182	6980.1531	8138.2211	9356.1055	10588.0597	11771.6407	12828.4247	13667.7016	14194.0251
730	4948.9768	5908.5361	6975.1596	8131.5338	9347.2749	10576.5811	11756.9825	12810.0769	13645.2490	14167.2440
731	4946.2934	5904.8562	6970.1698	8124.8521	9338.4526	10565.1149	11742.3425	12791.7554	13622.8334	14140.5134
732	4943.6115	5901.1787	6965.1835	8118.1758	9329.6386	10553.6612	11727.7208	12773.4601	13600.4546	14113.8333
733	4940.9311	5897.5034	6960.2007	8111.5050	9320.8329	10542.2199	11713.1172	12755.1909	13578.1125	14087.2035
734	4938.2521	5893.8304	6955.2215	8104.8397	9312.0355	10530.7909	11698.5319	12736.9479	13555.8072	14060.6240
735	4935.5746	5890.1598	6950.2459	8098.1799	9303.2465	10519.3744	11683.9647	12718.7310	13533.5385	14034.0946
736	4932.8985	5886.4914	6945.2739	8091.5255	9294.4657	10507.9702	11669.4157	12700.5401	13511.3063	14007.6153
737	4930.2239	5882.8253	6940.3054	8084.8767	9285.6932	10496.5785	11654.8847	12682.3752	13489.1107	13981.1859
738	4927.5507	5879.1614	6935.3405	8078.2332	9276.9290	10485.1990	11640.3719	12664.2363	13466.9516	13954.8064
739	4924.8790	5875.4999	6930.3791	8071.5953	9268.1731	10473.8319	11625.8771	12646.1234	13444.8288	13928.4767
740	4922.2087	5871.8406	6925.4212	8064.9628	9259.4255	10462.4771	11611.4004	12628.0363	13422.7424	13902.1966
741	4919.5399	5868.1836	6920.4669	8058.3357	9250.6861	10451.1347	11596.9417	12609.9752	13400.6923	13875.9661
742	4916.8725	5864.5289	6915.5162	8051.7141	9241.9549	10439.8045	11582.5011	12591.9398	13378.6784	13849.7851
743	4914.2065	5860.8765	6910.5690	8045.0979	9233.2320	10428.4866	11568.0784	12573.9303	13356.7007	13823.6536
744	4911.5420	5857.2263	6905.6253	8038.4872	9224.5173	10417.1810	11553.6736	12555.9465	13334.7590	13797.5713
745	4908.8790	5853.5784	6900.6852	8031.8819	9215.8109	10405.8876	11539.2868	12537.9885	13312.8534	13771.5382
746	4906.2174	5849.9328	6895.7486	8025.2820	9207.1126	10394.6065	11524.9179	12520.0561	13290.9838	13745.5543
747	4903.5572	5846.2895	6890.8155	8018.6876	9198.4226	10383.3376	11510.5669	12502.1494	13269.1502	13719.6193
748	4900.8985	5842.6484	6885.8860	8012.0986	9189.7408	10372.0809	11496.2338	12484.2682	13247.3523	13693.7334
749	4898.2412	5839.0096	6880.9600	8005.5149	9181.0671	10360.8364	11481.9185	12466.4127	13225.5903	13667.8962
750	4895.5854	5835.3730	6876.0375	7998.9367	9172.4017	10349.6041	11467.6211	12448.5827	13203.8641	13642.1078
751	4892.9310	5831.7388	6871.1185	7992.3639	9163.7444	10338.3840	11453.3414	12430.7782	13182.1735	13616.3681
752	4890.2781	5828.1067	6866.2031	7985.7965	9155.0953	10327.1761	11439.0796	12412.9992	13160.5186	13590.6769
753	4887.6265	5824.4770	6861.2912	7979.2345	9146.4544	10315.9803	11424.8355	12395.2456	13138.8992	13565.0342
754	4884.9765	5820.8495	6856.3828	7972.6779	9137.8216	10304.7967	11410.6091	12377.5173	13117.3154	13539.4399
755	4882.3278	5817.2243	6851.4779	7966.1267	9129.1970	10293.6251	11396.4004	12359.8145	13095.7670	13513.8939
756	4879.6806	5813.6013	6846.5765	7959.5809	9120.5805	10282.4657	11382.2095	12342.1369	13074.2540	13488.3960
757	4877.0348	5809.9806	6841.6786	7953.0404	9111.9722	10271.3184	11368.0362	12324.4847	13052.7764	13462.9463
758	4874.3905	5806.3621	6836.7842	7946.5053	9103.3719	10260.1832	11353.8805	12306.8577	13031.3340	13437.5446
759	4871.7476	5802.7459	6831.8933	7939.9756	9094.7798	10249.0600	11339.7425	12289.2559	13009.9269	13412.1908
760	4869.1061	5799.1319	6827.0059	7933.4512	9086.1958	10237.9489	11325.6221	12271.6792	12988.5549	13386.8849
761	4866.4661	5795.5202	6822.1220	7926.9322	9077.6199	10226.8498	11311.5193	12254.1277	12967.2180	13361.6267
762	4863.8275	5791.9108	6817.2416	7920.4186	9069.0521	10215.7628	11297.4340	12236.6014	12945.9162	13336.4162
763	4861.1903	5788.3036	6812.3647	7913.9103	9060.4924	10204.6878	11283.3663	12219.1000	12924.6494	13311.2532
764	4858.5546	5784.6986	6807.4913	7907.4074	9051.9407	10193.6248	11269.3161	12201.6237	12903.4175	13286.1377
765	4855.9202	5781.0959	6802.6214	7900.9098	9043.3972	10182.5738	11255.2834	12184.1725	12882.2205	13261.0696
766	4853.2874	5777.4954	6797.7550	7894.4176	9034.8617	10171.5348	11241.2681	12166.7461	12861.0583	13236.0488
767	4850.6559	5773.8972	6792.8920	7887.9306	9026.3342	10160.5077	11227.2703	12149.3447	12839.9309	13211.0752
768	4848.0259	5770.3012	6788.0325	7881.4490	9017.8148	10149.4926	11213.2900	12131.9682	12818.8382	13186.1488
769	4845.3973	5766.7074	6783.1765	7874.9728	9009.3035	10138.4894	11199.3270	12114.6165	12797.7801	13161.2693
770	4842.7701	5763.1159	6778.3240	7868.5019	9000.8001	10127.4982	11185.3814	12097.2897	12776.7567	13136.4368
771	4840.1443	5759.5267	6773.4749	7862.0362	8992.3048	10116.5189	11171.4532	12079.9876	12755.7677	13111.6512
772	4837.5200	5755.9396	6768.6293	7855.5759	8983.8175	10105.5515	11157.5424	12062.7103	12734.8133	13086.9123
773	4834.8971	5752.3548	6763.7872	7849.1209	8975.3383	10094.5959	11143.6489	12045.4577	12713.8933	13062.2201
774	4832.2756	5748.7722	6758.9485	7842.6712	8966.8670	10083.6523	11129.7726	12028.2297	12693.0076	13037.5745
775	4829.6555	5745.1919	6754.1133	7836.2268	8958.4037	10072.7205	11115.9137	12011.0264	12672.1562	13012.9753
776	4827.0369	5741.6138	6749.2816	7829.7877	8949.9484	10061.8006	11102.0720	11993.8477	12651.3391	12988.4226
777	4824.4196	5738.0379	6744.4533	7823.3539	8941.5011	10050.8925	11088.2475	11976.6936	12630.5562	12963.9163
778	4821.8038	5734.4642	6739.6285	7816.9254	8933.0618	10039.9962	11074.4403	11959.5640	12609.8075	12939.4561
779	4819.1894	5730.8928	6734.8071	7810.5022	8924.6304	10029.1118	11060.6502	11942.4590	12589.0928	12915.0421
780	4816.5765	5727.3236	6729.9892	7804.0842	8916.2070	10018.2391	11046.8773	11925.3783	12568.4121	12890.6742
781	4813.9649	5723.7566	6725.1747	7797.6715	8907.7916	10007.3782	11033.1216	11908.3221	12547.7655	12866.3523
782	4811.3548	5720.1919	6720.3636	7791.2641	8899.3840	9996.5291	11019.3830	11891.2903	12527.1527	12842.0762
783	4808.7460	5716.6293	6715.5560	7784.8619	8890.9845	9985.6918	11005.6615	11874.2829	12506.5738	12817.8460
784	4806.1387	5713.0690	6710.7519	7778.4650	8882.5928	9974.8662	10991.9571	11857.2998	12486.0287	12793.6614
785	4803.5328	5709.5109	6705.9512	7772.0734	8874.2091	9964.0524	10978.2697	11840.3410	12465.5174	12769.5225
786	4800.9283	5705.9550	6701.1539	7765.6870	8865.8333	9953.2502	10964.5994	11823.4064	12445.0397	12745.4292
787	4798.3253	5702.4013	6696.3600	7759.3059	8857.4653	9942.4598	10950.9462	11806.4960	12424.5957	12721.3813
788	4795.7236	5698.8499	6691.5696	7752.9300	8849.1053	9931.6811	10937.3099	11789.6099	12404.1853	12697.3787
789	4793.1234	5695.3006	6686.7826	7746.5593	8840.7532	9920.9141	10923.6906	11772.7479	12383.8084	12673.4215
790	4790.5245	5691.7536	6681.9990	7740.1939	8832.4090	9910.1587	10910.0882	11755.9100	12363.4650	12649.5095
791	4787.9271	5688.2087	6677.2189	7733.8337	8824.0726	9899.4150	10896.5028	11739.0962	12343.1550	12625.6426
792	4785.3311	5684.6661	6672.4421	7727.4788	8815.7441	9888.6830	10882.9344	11722.3064	12322.8783	12601.8207
793	4782.7365	5681.1257	6667.6688	7721.1290	8807.4235	9877.9626	10869.3828	11705.5406	12302.6350	12578.0437
794	4780.1432	5677.5875	6662.8989	7714.7845	8799.1107	9867.2538	10855.8481	11688.7989	12282.4249	12554.3116
795	4777.5514	5674.0515	6658.1324	7708.4452	8790.8057	9856.5566	10842.3302	11672.0810	12262.2481	12530.6243
796	4774.9610	5670.5177	6653.3694	7702.1111	8782.5086	9845.8710	10828.8292	11655.3871	12242.1043	12506.9817
797	4772.3721	5666.9861	6648.6097	7695.7822	8774.2194	9835.1970	10815.3450	11638.7171	12221.9937	12483.3837
798	4769.7845	5663.4567	6643.8534	7689.4585	8765.9379	9824.5346	10801.8775	11622.0709	12201.9161	12459.8303
799	4767.1983	5659.9295	6639.1006	7683.1400	8757.6643	9813.8837	10788.4269	11605.4485	12181.8715	12436.3212
800	4764.6135	5656.4044	6634.3511	7676.8267	8749.3985	9803.2444	10774.9930	11588.8499	12161.8598	12412.8566
801	4762.0301	5652.8816	6629.6050	7670.5186	8741.1404	9792.6166	10761.5758	11572.2750	12141.8810	12389.4361
802	4759.4481	5649.3610	6624.8624	7664.2156	8732.8902	9782.0003	10748.1753	11555.7238	12121.9350	12366.0599
803	4756.8675	5645.8426	6620.1231	7657.9179	8724.6478	9771.3955	10734.7915	11539.1963	12102.0217	12342.7278
804	4754.2884	5642.3263	6615.3872	7651.6253	8716.4131	9760.8023	10721.4244	11522.6925	12082.1412	12319.4397
805	4751.7106	5638.8123	6610.6547	7645.3379	8708.1862	9750.2205	10708.0740	11506.2122	12062.2934	12296.1956
806	4749.1342	5635.3004	6605.9256	7639.0556	8699.9671	9739.6502	10694.7401	11489.7555	12042.4781	12272.9953
807	4746.5592	5631.7908	6601.1998	7632.7785	8691.7557	9729.0913	10681.4229	11473.3224	12022.6954	12249.8388
808	4743.9856	5628.2833	6596.4775	7626.5066	8683.5521	9718.5439	10668.1222	11456.9127	12002.9452	12226.7259
809	4741.4134	5624.7780	6591.7585	7620.2398	8675.3563	9708.0080	10654.8381	11440.5266	11983.2275	12203.6567
810	4738.8426	5621.2749	6587.0429	7613.9782	8667.1681	9697.4834	10641.5705	11424.1638	11963.5421	12180.6310
811	4736.2732	5617.7739	6582.3307	7607.7217	8658.9877	9686.9703	10628.3195	11407.8245	11943.8891	12157.6488
812	4733.7052	5614.2752	6577.6219	7601.4704	8650.8150	9676.4686	10615.0850	11391.5085	11924.2683	12134.7099
813	4731.1386	5610.7786	6572.9164	7595.2242	8642.6501	9665.9782	10601.8669	11375.2159	11904.6798	12111.8143
814	4728.5733	5607.2842	6568.2143	7588.9831	8634.4928	9655.4992	10588.6653	11358.9466	11885.1235	12088.9619
815	4726.0095	5603.7920	6563.5155	7582.7472	8626.3432	9645.0316	10575.4801	11342.7005	11865.5992	12066.1526
816	4723.4470	5600.3019	6558.8201	7576.5164	8618.2014	9634.5753	10562.3114	11326.4777	11846.1071	12043.3864
817	4720.8860	5596.8140	6554.1281	7570.2907	8610.0672	9624.1304	10549.1591	11310.2781	11826.6470	12020.6631
818	4718.3263	5593.3283	6549.4394	7564.0701	8601.9407	9613.6968	10536.0231	11294.1016	11807.2189	11997.9827
819	4715.7680	5589.8448	6544.7541	7557.8546	8593.8218	9603.2745	10522.9035	11277.9483	11787.8226	11975.3450
820	4713.2111	5586.3634	6540.0721	7551.6443	8585.7106	9592.8635	10509.8002	11261.8181	11768.4582	11952.7501
821	4710.6556	5582.8842	6535.3935	7545.4390	8577.6071	9582.4638	10496.7133	11245.7110	11749.1257	11930.1978
822	4708.1015	5579.4072	6530.7182	7539.2389	8569.5112	9572.0753	10483.6426	11229.6269	11729.8249	11907.6881
823	4705.5487	5575.9324	6526.0463	7533.0438	8561.4230	9561.6981	10470.5882	11213.5658	11710.5558	11885.2208
824	4702.9974	5572.4597	6521.3777	7526.8538	8553.3424	9551.3322	10457.5501	11197.5276	11691.3184	11862.7960
825	4700.4474	5568.9891	6516.7124	7520.6690	8545.2694	9540.9775	10444.5282	11181.5124	11672.1125	11840.4134
826	4697.8988	5565.5208	6512.0505	7514.4891	8537.2041	9530.6341	10431.5225	11165.5201	11652.9382	11818.0731
827	4695.3516	5562.0545	6507.3920	7508.3144	8529.1463	9520.3018	10418.5330	11149.5507	11633.7954	11795.7749
828	4692.8058	5558.5905	6502.7367	7502.1448	8521.0962	9509.9808	10405.5597	11133.6042	11614.6841	11773.5188
829	4690.2613	5555.1286	6498.0848	7495.9802	8513.0537	9499.6709	10392.6026	11117.6804	11595.6042	11751.3047
830	4687.7183	5551.6688	6493.4362	7489.8207	8505.0187	9489.3722	10379.6615	11101.7794	11576.5556	11729.1325
831	4685.1766	5548.2113	6488.7910	7483.6662	8496.9913	9479.0847	10366.7366	11085.9012	11557.5382	11707.0021
832	4682.6363	5544.7558	6484.1490	7477.5168	8488.9716	9468.8083	10353.8278	11070.0456	11538.5522	11684.9135
833	4680.0973	5541.3025	6479.5104	7471.3725	8480.9593	9458.5431	10340.9351	11054.2128	11519.5973	11662.8666
834	4677.5598	5537.8514	6474.8751	7465.2332	8472.9547	9448.2890	10328.0584	11038.4026	11500.6736	11640.8612
835	4675.0236	5534.4024	6470.2431	7459.0989	8464.9576	9438.0460	10315.1978	11022.6150	11481.7809	11618.8974
836	4672.4888	5530.9556	6465.6145	7452.9697	8456.9680	9427.8141	10302.3531	11006.8499	11462.9193	11596.9751
837	4669.9554	5527.5109	6460.9891	7446.8455	8448.9860	9417.5934	10289.5245	10991.1075	11444.0886	11575.0940
838	4667.4233	5524.0684	6456.3671	7440.7264	8441.0115	9407.3837	10276.7118	10975.3875	11425.2889	11553.2543
839	4664.8926	5520.6280	6451.7483	7434.6123	8433.0446	9397.1850	10263.9151	10959.6900	11406.5201	11531.4558
840	4662.3633	5517.1897	6447.1329	7428.5032	8425.0852	9386.9974	10251.1343	10944.0150	11387.7821	11509.6984
841	4659.8354	5513.7536	6442.5208	7422.3991	8417.1332	9376.8209	10238.3695	10928.3624	11369.0749	11487.9821
842	4657.3088	5510.3196	6437.9119	7416.3001	8409.1888	9366.6554	10225.6205	10912.7322	11350.3985	11466.3067
843	4654.7836	5506.8878	6433.3064	7410.2060	8401.2519	9356.5009	10212.8874	10897.1243	11331.7527	11444.6722
844	4652.2598	5503.4581	6428.7041	7404.1170	8393.3225	9346.3574	10200.1702	10881.5388	11313.1375	11423.0786
845	4649.7373	5500.0306	6424.1052	7398.0330	8385.4005	9336.2250	10187.4688	10865.9755	11294.5529	11401.5257
846	4647.2162	5496.6051	6419.5095	7391.9539	8377.4861	9326.1035	10174.7832	10850.4345	11275.9989	11380.0134
847	4644.6965	5493.1818	6414.9172	7385.8799	8369.5791	9315.9930	10162.1134	10834.9158	11257.4753	11358.5418
848	4642.1781	5489.7607	6410.3281	7379.8108	8361.6795	9305.8934	10149.4594	10819.4192	11238.9821	11337.1106
849	4639.6611	5486.3416	6405.7423	7373.7468	8353.7875	9295.8048	10136.8211	10803.9448	11220.5194	11315.7199
850	4637.1455	5482.9247	6401.1597	7367.6877	8345.9028	9285.7271	10124.1986	10788.4925	11202.0869	11294.3696
851	4634.6312	5479.5100	6396.5805	7361.6336	8338.0257	9275.6604	10111.5918	10773.0624	11183.6848	11273.0595
852	4632.1183	5476.0973	6392.0045	7355.5845	8330.1559	9265.6045	10099.0007	10757.6543	11165.3129	11251.7897
853	4629.6068	5472.6868	6387.4318	7349.5403	8322.2936	9255.5596	10086.4253	10742.2682	11146.9711	11230.5600
854	4627.0966	5469.2784	6382.8624	7343.5011	8314.4387	9245.5256	10073.8655	10726.9041	11128.6595	11209.3703
855	4624.5878	5465.8721	6378.2962	7337.4669	8306.5912	9235.5024	10061.3214	10711.5620	11110.3780	11188.2206
856	4622.0803	5462.4680	6373.7334	7331.4377	8298.7511	9225.4901	10048.7929	10696.2419	11092.1265	11167.1108
857	4619.5742	5459.0660	6369.1737	7325.4133	8290.9184	9215.4887	10036.2800	10680.9437	11073.9050	11146.0409
858	4617.0695	5455.6660	6364.6174	7319.3940	8283.0932	9205.4981	10023.7827	10665.6673	11055.7134	11125.0107
859	4614.5661	5452.2682	6360.0643	7313.3796	8275.2753	9195.5183	10011.3009	10650.4128	11037.5517	11104.0202
860	4612.0640	5448.8726	6355.5144	7307.3701	8267.4647	9185.5494	9998.8347	10635.1801	11019.4198	11083.0693
861	4609.5634	5445.4790	6350.9678	7301.3656	8259.6616	9175.5912	9986.3840	10619.9692	11001.3177	11062.1579
862	4607.0641	5442.0876	6346.4245	7295.3660	8251.8658	9165.6439	9973.9488	10604.7801	10983.2454	11041.2860
863	4604.5661	5438.6982	6341.8844	7289.3713	8244.0774	9155.7073	9961.5291	10589.6127	10965.2027	11020.4534
864	4602.0695	5435.3110	6337.3475	7283.3815	8236.2963	9145.7815	9949.1249	10574.4670	10947.1897	10999.6602
865	4599.5743	5431.9259	6332.8139	7277.3967	8228.5226	9135.8665	9936.7361	10559.3429	10929.2063	10978.9062
866	4597.0804	5428.5429	6328.2836	7271.4168	8220.7562	9125.9622	9924.3627	10544.2405	10911.2524	10958.1913
867	4594.5878	5425.1620	6323.7565	7265.4418	8212.9971	9116.0687	9912.0048	10529.1596	10893.3280	10937.5156
868	4592.0966	5421.7832	6319.2326	7259.4717	8205.2453	9106.1858	9899.6622	10514.1004	10875.4331	10916.8788
869	4589.6068	5418.4065	6314.7120	7253.5066	8197.5009	9096.3137	9887.3350	10499.0627	10857.5675	10896.2810
870	4587.1183	5415.0319	6310.1946	7247.5463	8189.7638	9086.4523	9875.0231	10484.0464	10839.7313	10875.7220
871	4584.6311	5411.6594	6305.6804	7241.5909	8182.0340	9076.6016	9862.7266	10469.0517	10821.9244	10855.2019
872	4582.1453	5408.2890	6301.1695	7235.6404	8174.3115	9066.7616	9850.4454	10454.0784	10804.1468	10834.7204
873	4579.6609	5404.9207	6296.6617	7229.6948	8166.5962	9056.9322	9838.1795	10439.1265	10786.3983	10814.2776
874	4577.1778	5401.5545	6292.1572	7223.7541	8158.8883	9047.1135	9825.9288	10424.1960	10768.6791	10793.8734
875	4574.6960	5398.1904	6287.6560	7217.8183	8151.1876	9037.3055	9813.6934	10409.2869	10750.9889	10773.5077
876	4572.2156	5394.8284	6283.1579	7211.8874	8143.4942	9027.5080	9801.4733	10394.3991	10733.3278	10753.1804
877	4569.7366	5391.4685	6278.6631	7205.9613	8135.8081	9017.7212	9789.2684	10379.5326	10715.6957	10732.8914
878	4567.2588	5388.1107	6274.1715	7200.0401	8128.1292	9007.9450	9777.0786	10364.6873	10698.0925	10712.6407
879	4564.7825	5384.7550	6269.6831	7194.1237	8120.4575	8998.1794	9764.9041	10349.8633	10680.5183	10692.4283
880	4562.3074	5381.4014	6265.1979	7188.2123	8112.7931	8988.4244	9752.7447	10335.0605	10662.9729	10672.2540
881	4559.8337	5378.0498	6260.7159	7182.3056	8105.1360	8978.6800	9740.6004	10320.2788	10645.4564	10652.1177
882	4557.3614	5374.7004	6256.2371	7176.4039	8097.4860	8968.9461	9728.4713	10305.5183	10627.9687	10632.0194
883	4554.8904	5371.3530	6251.7616	7170.5070	8089.8433	8959.2228	9716.3572	10290.7789	10610.5096	10611.9591
884	4552.4207	5368.0077	6247.2892	7164.6149	8082.2078	8949.5100	9704.2583	10276.0606	10593.0793	10591.9366
885	4549.9524	5364.6645	6242.8200	7158.7276	8074.5795	8939.8078	9692.1744	10261.3633	10575.6776	10571.9519
886	4547.4854	5361.3234	6238.3541	7152.8453	8066.9584	8930.1160	9680.1056	10246.6871	10558.3045	10552.0048
887	4545.0197	5357.9843	6233.8913	7146.9677	8059.3445	8920.4348	9668.0517	10232.0318	10540.9599	10532.0955
888	4542.5554	5354.6474	6229.4317	7141.0950	8051.7378	8910.7641	9656.0129	10217.3975	10523.6438	10512.2237
889	4540.0924	5351.3125	6224.9753	7135.2271	8044.1382	8901.1038	9643.9891	10202.7842	10506.3561	10492.3893
890	4537.6308	5347.9797	6220.5221	7129.3640	8036.5459	8891.4540	9631.9803	10188.1917	10489.0969	10472.5924
891	4535.1705	5344.6490	6216.0721	7123.5057	8028.9607	8881.8147	9619.9864	10173.6201	10471.8660	10452.8329
892	4532.7115	5341.3203	6211.6252	7117.6523	8021.3826	8872.1859	9608.0075	10159.0693	10454.6634	10433.1106
893	4530.2539	5337.9937	6207.1816	7111.8036	8013.8117	8862.5675	9596.0434	10144.5394	10437.4891	10413.4256
894	4527.7975	5334.6692	6202.7411	7105.9598	8006.2480	8852.9595	9584.0943	10130.0302	10420.3429	10393.7777
895	4525.3426	5331.3468	6198.3038	7100.1208	7998.6914	8843.3619	9572.1601	10115.5418	10403.2250	10374.1669
896	4522.8889	5328.0264	6193.8697	7094.2865	7991.1419	8833.7747	9560.2407	10101.0741	10386.1352	10354.5930
897	4520.4366	5324.7081	6189.4387	7088.4571	7983.5996	8824.1979	9548.3361	10086.6271	10369.0734	10335.0561
898	4517.9856	5321.3919	6185.0109	7082.6324	7976.0644	8814.6315	9536.4464	10072.2008	10352.0397	10315.5561
899	4515.5360	5318.0777	6180.5863	7076.8126	7968.5362	8805.0755	9524.5715	10057.7951	10335.0339	10296.0928
900	4513.0876	5314.7656	6176.1648	7070.9975	7961.0152	8795.5298	9512.7113	10043.4100	10318.0561	10276.6663
901	4510.6406	5311.4556	6171.7466	7065.1872	7953.5013	8785.9945	9500.8660	10029.0455	10301.1062	10257.2764
902	4508.1949	5308.1476	6167.3314	7059.3816	7945.9945	8776.4695	9489.0353	10014.7015	10284.1841	10237.9231
903	4505.7506	5304.8417	6162.9195	7053.5809	7938.4948	8766.9549	9477.2195	10000.3781	10267.2899	10218.6064
904	4503.3076	5301.5378	6158.5106	7047.7849	7931.0021	8757.4505	9465.4183	9986.0751	10250.4233	10199.3260
905	4500.8659	5298.2360	6154.1050	7041.9937	7923.5165	8747.9565	9453.6318	9971.7926	10233.5845	10180.0821
906	4498.4255	5294.9362	6149.7025	7036.2072	7916.0380	8738.4728	9441.8600	9957.5305	10216.7734	10160.8745
907	4495.9864	5291.6386	6145.3031	7030.4255	7908.5665	8728.9993	9430.1029	9943.2888	10199.9898	10141.7031
908	4493.5487	5288.3429	6140.9069	7024.6485	7901.1021	8719.5361	9418.3604	9929.0675	10183.2339	10122.5678
909	4491.1123	5285.0493	6136.5138	7018.8763	7893.6448	8710.0832	9406.6325	9914.8665	10166.5054	10103.4687
910	4488.6772	5281.7578	6132.1239	7013.1088	7886.1944	8700.6405	9394.9192	9900.6858	10149.8045	10084.4056
911	4486.2434	5278.4683	6127.7371	7007.3461	7878.7511	8691.2080	9383.2205	9886.5254	10133.1309	10065.3785
912	4483.8110	5275.1809	6123.3535	7001.5881	7871.3149	8681.7858	9371.5364	9872.3853	10116.4848	10046.3873
913	4481.3798	5271.8955	6118.9730	6995.8348	7863.8856	8672.3738	9359.8668	9858.2654	10099.8660	10027.4319
914	4478.9500	5268.6121	6114.5956	6990.0863	7856.4634	8662.9720	9348.2118	9844.1656	10083.2745	10008.5123
915	4476.5215	5265.3308	6110.2213	6984.3424	7849.0481	8653.5804	9336.5713	9830.0861	10066.7103	9989.6284
916	4474.0944	5262.0516	6105.8502	6978.6033	7841.6399	8644.1990	9324.9452	9816.0267	10050.1733	9970.7801
917	4471.6685	5258.7744	6101.4822	6972.8690	7834.2387	8634.8277	9313.3337	9801.9874	10033.6634	9951.9674
918	4469.2440	5255.4992	6097.1174	6967.1393	7826.8444	8625.4666	9301.7366	9787.9681	10017.1807	9933.1901
919	4466.8207	5252.2261	6092.7556	6961.4143	7819.4571	8616.1157	9290.1539	9773.9690	10000.7250	9914.4483
920	4464.3988	5248.9550	6088.3970	6955.6941	7812.0768	8606.7748	9278.5857	9759.9898	9984.2964	9895.7419
921	4461.9782	5245.6859	6084.0415	6949.9785	7804.7035	8597.4442	9267.0319	9746.0307	9967.8947	9877.0707
922	4459.5589	5242.4189	6079.6891	6944.2676	7797.3371	8588.1236	9255.4924	9732.0915	9951.5201	9858.4348
923	4457.1409	5239.1539	6075.3399	6938.5615	7789.9777	8578.8131	9243.9673	9718.1722	9935.1723	9839.8340
924	4454.7243	5235.8910	6070.9937	6932.8600	7782.6252	8569.5127	9232.4566	9704.2728	9918.8513	9821.2684
925	4452.3089	5232.6300	6066.6506	6927.1632	7775.2797	8560.2225	9220.9602	9690.3934	9902.5572	9802.7377
926	4449.8948	5229.3712	6062.3107	6921.4711	7767.9411	8550.9422	9209.4781	9676.5338	9886.2898	9784.2421
927	4447.4821	5226.1143	6057.9739	6915.7836	7760.6094	8541.6721	9198.0104	9662.6940	9870.0492	9765.7813
928	4445.0707	5222.8595	6053.6401	6910.1009	7753.2846	8532.4120	9186.5569	9648.8739	9853.8352	9747.3554
929	4442.6605	5219.6067	6049.3095	6904.4228	7745.9668	8523.1619	9175.1176	9635.0737	9837.6479	9728.9642
930	4440.2517	5216.3559	6044.9819	6898.7494	7738.6558	8513.9219	9163.6927	9621.2932	9821.4872	9710.6077
931	4437.8442	5213.1071	6040.6575	6893.0806	7731.3518	8504.6918	9152.2819	9607.5324	9805.3530	9692.2859
932	4435.4380	5209.8604	6036.3361	6887.4165	7724.0546	8495.4718	9140.8853	9593.7913	9789.2453	9673.9986
933	4433.0331	5206.6157	6032.0179	6881.7570	7716.7644	8486.2618	9129.5030	9580.0699	9773.1641	9655.7458
934	4430.6295	5203.3730	6027.7027	6876.1022	7709.4810	8477.0617	9118.1348	9566.3680	9757.1093	9637.5275
935	4428.2272	5200.1323	6023.3906	6870.4521	7702.2045	8467.8717	9106.7807	9552.6858	9741.0809	9619.3436
936	4425.8262	5196.8937	6019.0816	6864.8065	7694.9349	8458.6916	9095.4409	9539.0231	9725.0788	9601.1939
937	4423.4265	5193.6571	6014.7757	6859.1657	7687.6721	8449.5214	9084.1151	9525.3800	9709.1030	9583.0785
938	4421.0281	5190.4225	6010.4729	6853.5294	7680.4162	8440.3612	9072.8034	9511.7564	9693.1534	9564.9973
939	4418.6310	5187.1899	6006.1731	6847.8978	7673.1671	8431.2110	9061.5058	9498.1523	9677.2300	9546.9502
940	4416.2353	5183.9593	6001.8764	6842.2708	7665.9249	8422.0706	9050.2223	9484.5676	9661.3328	9528.9371
941	4413.8408	5180.7307	5997.5828	6836.6485	7658.6895	8412.9401	9038.9528	9471.0023	9645.4617	9510.9581
942	4411.4476	5177.5041	5993.2923	6831.0307	7651.4609	8403.8196	9027.6974	9457.4565	9629.6167	9493.0129
943	4409.0557	5174.2796	5989.0048	6825.4176	7644.2392	8394.7089	9016.4560	9443.9300	9613.7977	9475.1016
944	4406.6651	5171.0570	5984.7204	6819.8091	7637.0242	8385.6082	9005.2286	9430.4229	9598.0047	9457.2241
945	4404.2758	5167.8365	5980.4391	6814.2052	7629.8161	8376.5172	8994.0151	9416.9351	9582.2377	9439.3804
946	4401.8878	5164.6179	5976.1608	6808.6059	7622.6148	8367.4362	8982.8156	9403.4666	9566.4965	9421.5703
947	4399.5011	5161.4014	5971.8856	6803.0112	7615.4203	8358.3650	8971.6301	9390.0174	9550.7812	9403.7938
948	4397.1156	5158.1869	5967.6135	6797.4211	7608.2326	8349.3036	8960.4585	9376.5874	9535.0917	9386.0509
949	4394.7315	5154.9744	5963.3444	6791.8356	7601.0516	8340.2520	8949.3008	9363.1766	9519.4280	9368.3414
950	4392.3487	5151.7638	5959.0783	6786.2547	7593.8774	8331.2103	8938.1570	9349.7849	9503.7900	9350.6653
951	4389.9672	5148.5553	5954.8153	6780.6784	7586.7100	8322.1783	8927.0271	9336.4125	9488.1777	9333.0226
952	4387.5869	5145.3488	5950.5554	6775.1066	7579.5494	8313.1562	8915.9110	9323.0591	9472.5911	9315.4132
953	4385.2079	5142.1443	5946.2985	6769.5395	7572.3956	8304.1438	8904.8088	9309.7249	9457.0301	9297.8370
954	4382.8303	5138.9417	5942.0446	6763.9769	7565.2484	8295.1412	8893.7204	9296.4097	9441.4946	9280.2940
955	4380.4539	5135.7412	5937.7938	6758.4188	7558.1081	8286.1483	8882.6458	9283.1136	9425.9846	9262.7841
956	4378.0788	5132.5426	5933.5461	6752.8654	7550.9744	8277.1653	8871.5850	9269.8365	9410.5002	9245.3072
957	4375.7050	5129.3461	5929.3013	6747.3165	7543.8475	8268.1919	8860.5380	9256.5783	9395.0411	9227.8632
958	4373.3325	5126.1515	5925.0597	6741.7722	7536.7274	8259.2283	8849.5047	9243.3392	9379.6075	9210.4522
959	4370.9613	5122.9589	5920.8210	6736.2324	7529.6139	8250.2744	8838.4852	9230.1190	9364.1992	9193.0741
960	4368.5913	5119.7684	5916.5854	6730.6972	7522.5072	8241.3302	8827.4794	9216.9176	9348.8162	9175.7287
961	4366.2227	5116.5798	5912.3528	6725.1665	7515.4071	8232.3957	8816.4873	9203.7352	9333.4585	9158.4161
962	4363.8553	5113.3932	5908.1232	6719.6404	7508.3138	8223.4708	8805.5088	9190.5716	9318.1260	9141.1361
963	4361.4892	5110.2085	5903.8967	6714.1188	7501.2272	8214.5557	8794.5441	9177.4269	9302.8187	9123.8887
964	4359.1244	5107.0259	5899.6732	6708.6017	7494.1472	8205.6502	8783.5930	9164.3009	9287.5366	9106.6739
965	4356.7609	5103.8452	5895.4527	6703.0892	7487.0740	8196.7544	8772.6555	9151.1937	9272.2796	9089.4916
966	4354.3986	5100.6665	5891.2352	6697.5812	7480.0074	8187.8682	8761.7317	9138.1053	9257.0476	9072.3416
967	4352.0377	5097.4898	5887.0207	6692.0777	7472.9474	8178.9917	8750.8215	9125.0356	9241.8406	9055.2241
968	4349.6780	5094.3151	5882.8093	6686.5788	7465.8942	8170.1247	8739.9248	9111.9846	9226.6586	9038.1388
969	4347.3196	5091.1424	5878.6009	6681.0844	7458.8476	8161.2674	8729.0417	9098.9522	9211.5016	9021.0858
970	4344.9625	5087.9716	5874.3954	6675.5945	7451.8076	8152.4197	8718.1722	9085.9385	9196.3695	9004.0649
971	4342.6066	5084.8028	5870.1930	6670.1091	7444.7743	8143.5816	8707.3162	9072.9434	9181.2622	8987.0762
972	4340.2520	5081.6360	5865.9936	6664.6282	7437.7477	8134.7531	8696.4737	9059.9669	9166.1797	8970.1195
973	4337.8987	5078.4711	5861.7972	6659.1518	7430.7276	8125.9341	8685.6448	9047.0089	9151.1221	8953.1948
974	4335.5467	5075.3083	5857.6038	6653.6799	7423.7142	8117.1247	8674.8293	9034.0695	9136.0891	8936.3020
975	4333.1960	5072.1473	5853.4134	6648.2125	7416.7074	8108.3248	8664.0273	9021.1486	9121.0809	8919.4411
976	4330.8465	5068.9884	5849.2260	6642.7496	7409.7073	8099.5345	8653.2387	9008.2461	9106.0973	8902.6120
977	4328.4983	5065.8314	5845.0416	6637.2912	7402.7137	8090.7538	8642.4635	8995.3621	9091.1383	8885.8147
978	4326.1514	5062.6764	5840.8602	6631.8373	7395.7267	8081.9825	8631.7018	8982.4966	9076.2039	8869.0491
979	4323.8058	5059.5234	5836.6818	6626.3878	7388.7464	8073.2207	8620.9535	8969.6494	9061.2940	8852.3151
980	4321.4614	5056.3723	5832.5064	6620.9429	7381.7726	8064.4685	8610.2186	8956.8207	9046.4086	8835.6127
981	4319.1183	5053.2232	5828.3339	6615.5024	7374.8054	8055.7257	8599.4970	8944.0102	9031.5477	8818.9418
982	4316.7764	5050.0760	5824.1645	6610.0663	7367.8448	8046.9924	8588.7888	8931.2181	9016.7112	8802.3023
983	4314.4359	5046.9309	5819.9980	6604.6348	7360.8907	8038.2686	8578.0939	8918.4443	9001.8990	8785.6942
984	4312.0966	5043.7876	5815.8345	6599.2077	7353.9432	8029.5542	8567.4123	8905.6887	8987.1112	8769.1175
985	4309.7586	5040.6463	5811.6740	6593.7851	7347.0023	8020.8493	8556.7441	8892.9514	8972.3477	8752.5721
986	4307.4218	5037.5070	5807.5164	6588.3669	7340.0679	8012.1538	8546.0891	8880.2324	8957.6084	8736.0578
987	4305.0863	5034.3697	5803.3619	6582.9532	7333.1401	8003.4678	8535.4474	8867.5315	8942.8934	8719.5748
988	4302.7521	5031.2342	5799.2103	6577.5439	7326.2188	7994.7911	8524.8189	8854.8487	8928.2025	8703.1228
989	4300.4191	5028.1008	5795.0616	6572.1391	7319.3040	7986.1239	8514.2037	8842.1841	8913.5358	8686.7018
990	4298.0874	5024.9693	5790.9160	6566.7387	7312.3957	7977.4661	8503.6017	8829.5377	8898.8931	8670.3119
991	4295.7570	5021.8397	5786.7733	6561.3427	7305.4940	7968.8176	8493.0129	8816.9093	8884.2745	8653.9529
992	4293.4278	5018.7121	5782.6336	6555.9512	7298.5988	7960.1786	8482.4372	8804.2990	8869.6799	8637.6247
993	4291.0999	5015.5865	5778.4968	6550.5641	7291.7101	7951.5489	8471.8748	8791.7067	8855.1093	8621.3274
994	4288.7733	5012.4627	5774.3630	6545.1815	7284.8279	7942.9285	8461.3255	8779.1324	8840.5626	8605.0608
995	4286.4479	5009.3410	5770.2321	6539.8032	7277.9522	7934.3175	8450.7893	8766.5761	8826.0399	8588.8249
996	4284.1238	5006.2211	5766.1042	6534.4294	7271.0830	7925.7158	8440.2663	8754.0377	8811.5410	8572.6196
997	4281.8009	5003.1033	5761.9793	6529.0600	7264.2203	7917.1235	8429.7563	8741.5173	8797.0659	8556.4449
998	4279.4793	4999.9873	5757.8573	6523.6950	7257.3640	7908.5405	8419.2595	8729.0148	8782.6145	8540.3007
999	4277.1590	4996.8733	5753.7383	6518.3344	7250.5143	7899.9667	8408.7757	8716.5302	8768.1869	8524.1870
