calc_step	x	y	z	R	time
0	0.0280	-0.0454	1309.9999	19.7223	0.0735
1	0.1042	-0.1691	1319.9988	28.0144	0.1528
2	0.2432	-0.3952	1329.9953	36.6451	0.2402
3	0.4583	-0.7459	1339.9868	45.5949	0.3375
4	0.7616	-1.2413	1349.9699	54.8163	0.4464
5	1.1634	-1.8988	1359.9402	64.2447	0.5681
6	1.6720	-2.7328	1369.8924	73.8045	0.7037
7	2.2936	-3.7543	1379.8206	83.4158	0.8538
8	3.0323	-4.9703	1389.7189	92.9989	1.0186
9	3.8895	-6.3843	1399.5812	102.4801	1.1983
10	4.8644	-7.9957	1409.4023	111.7962	1.3924
11	5.9544	-9.8009	1419.1774	120.8984	1.6004
12	7.1553	-11.7935	1428.9030	129.7532	1.8215
13	8.4616	-13.9654	1438.5765	138.3426	2.0548
14	9.8674	-16.3072	1448.1963	146.6619	2.2994
15	11.3661	-18.8086	1457.7617	154.7175	2.5543
16	12.9514	-21.4595	1467.2727	162.5230	2.8185
17	14.6168	-24.2499	1476.7300	170.0977	3.0913
18	16.3566	-27.1702	1486.1345	177.4631	3.3718
19	18.1651	-30.2118	1495.4875	184.6418	3.6592
20	20.0372	-33.3663	1504.7903	191.6563	3.9530
21	21.9685	-36.6265	1514.0446	198.5277	4.2524
22	23.9546	-39.9858	1523.2517	205.2756	4.5572
23	25.9920	-43.4380	1532.4131	211.9179	4.8667
24	28.0774	-46.9782	1541.5300	218.4204	5.1807
25	30.2232	-50.5928	1550.6036	224.9027	5.4987
26	32.4276	-54.2770	1559.6351	231.3247	5.8205
27	34.6890	-58.0271	1568.6252	237.6969	6.1459
28	37.0058	-61.8394	1577.5750	244.0283	6.4746
29	39.3766	-65.7107	1586.4852	250.3269	6.8065
30	41.8003	-69.6383	1595.3566	256.5995	7.1413
31	44.2756	-73.6193	1604.1897	262.8517	7.4790
32	46.8017	-77.6517	1612.9851	269.0886	7.8193
33	49.3777	-81.7332	1621.7433	275.3145	8.1622
34	52.0028	-85.8619	1630.4647	281.5330	8.5076
35	54.6764	-90.0360	1639.1496	287.7470	8.8553
36	57.3977	-94.2539	1647.7985	293.9592	9.2054
37	60.1664	-98.5141	1656.4116	300.1716	9.5576
38	62.9818	-102.8153	1664.9891	306.3861	9.9119
39	65.8434	-107.1562	1673.5312	312.6040	10.2684
40	68.7510	-111.5355	1682.0381	318.8266	10.6268
41	71.7041	-115.9521	1690.5100	325.0548	10.9872
42	74.7023	-120.4050	1698.9470	331.2893	11.3494
43	77.7453	-124.8932	1707.3492	337.5306	11.7135
44	80.8328	-129.4157	1715.7166	343.7791	12.0795
45	83.9645	-133.9717	1724.0494	350.0350	12.4471
46	87.1401	-138.5603	1732.3476	356.2985	12.8165
47	90.3594	-143.1806	1740.6113	362.5694	13.1876
48	93.6222	-147.8320	1748.8404	368.8478	13.5603
49	96.9282	-152.5136	1757.0351	375.1333	13.9346
50	100.2771	-157.2247	1765.1954	381.4259	14.3104
51	103.6689	-161.9647	1773.3212	387.7251	14.6878
52	107.1031	-166.7328	1781.4126	394.0306	15.0667
53	110.5797	-171.5284	1789.4696	400.3420	15.4471
54	114.0985	-176.3508	1797.4923	406.6588	15.8289
55	117.6591	-181.1995	1805.4805	412.9805	16.2120
56	121.2615	-186.0738	1813.4344	419.3067	16.5966
57	124.9055	-190.9731	1821.3539	425.6367	16.9825
58	128.5908	-195.8968	1829.2390	431.9700	17.3697
59	132.3172	-200.8444	1837.0898	438.3061	17.7582
60	136.0846	-205.8153	1844.9063	444.6443	18.1479
61	139.8927	-210.8090	1852.6884	450.9840	18.5389
62	143.7414	-215.8249	1860.4361	457.3247	18.9311
63	147.6305	-220.8626	1868.1496	463.6657	19.3244
64	151.5598	-225.9214	1875.8287	470.0063	19.7189
65	155.5290	-231.0009	1883.4736	476.3461	20.1146
66	159.5380	-236.1005	1891.0842	482.6843	20.5113
67	163.5866	-241.2198	1898.6606	489.0203	20.9091
68	167.6746	-246.3583	1906.2027	495.3536	21.3079
69	171.8018	-251.5156	1913.7107	501.6834	21.7078
70	175.9679	-256.6910	1921.1846	508.0093	22.1087
71	180.1728	-261.8842	1928.6243	514.3306	22.5105
72	184.4162	-267.0947	1936.0299	520.6468	22.9133
73	188.6980	-272.3221	1943.4015	526.9572	23.3170
74	193.0180	-277.5659	1950.7392	533.2612	23.7217
75	197.3759	-282.8256	1958.0429	539.5584	24.1272
76	201.7715	-288.1009	1965.3127	545.8481	24.5336
77	206.2046	-293.3913	1972.5487	552.1299	24.9408
78	210.6750	-298.6963	1979.7509	558.4031	25.3488
79	215.1825	-304.0156	1986.9194	564.6673	25.7577
80	219.7268	-309.3488	1994.0543	570.9220	26.1673
81	224.3078	-314.6954	2001.1556	577.1666	26.5777
82	228.9252	-320.0550	2008.2234	583.4007	26.9888
83	233.5788	-325.4273	2015.2578	589.4722	27.4007
84	238.2679	-330.8118	2022.2591	595.6782	27.8132
85	242.9915	-336.2085	2029.2279	601.8631	28.2264
86	247.7492	-341.6166	2036.1645	608.0273	28.6403
87	252.5406	-347.0357	2043.0693	614.1711	29.0548
88	257.3652	-352.4651	2049.9428	620.2948	29.4700
89	262.2227	-357.9043	2056.7853	626.3987	29.8857
90	267.1126	-363.3527	2063.5973	632.4831	30.3021
91	272.0346	-368.8100	2070.3790	638.5482	30.7190
92	276.9884	-374.2755	2077.1309	644.5944	31.1365
93	281.9736	-379.7488	2083.8534	650.6217	31.5545
94	286.9897	-385.2295	2090.5466	656.6306	31.9731
95	292.0367	-390.7172	2097.2110	662.6211	32.3922
96	297.1140	-396.2114	2103.8469	668.5936	32.8118
97	302.2213	-401.7117	2110.4546	674.5481	33.2319
98	307.3585	-407.2177	2117.0344	680.4849	33.6525
99	312.5251	-412.7291	2123.5865	686.4041	34.0736
100	317.7209	-418.2454	2130.1113	692.3060	34.4951
101	322.9456	-423.7664	2136.6091	698.1906	34.9171
102	328.1990	-429.2917	2143.0801	704.0582	35.3396
103	333.4807	-434.8210	2149.5245	709.9088	35.7624
104	338.7905	-440.3539	2155.9427	715.7427	36.1857
105	344.1281	-445.8901	2162.3348	721.5600	36.6094
106	349.4934	-451.4294	2168.7012	727.3607	37.0335
107	354.8860	-456.9715	2175.0420	733.1450	37.4580
108	360.3056	-462.5160	2181.3575	738.9131	37.8829
109	365.7522	-468.0627	2187.6479	744.6650	38.3082
110	371.2254	-473.6113	2193.9134	750.4009	38.7338
111	376.7250	-479.1616	2200.1543	756.1208	39.1598
112	382.2508	-484.7133	2206.3707	761.8249	39.5861
113	387.8026	-490.2662	2212.5629	767.5132	40.0128
114	393.3801	-495.8201	2218.7310	773.1859	40.4399
115	398.9832	-501.3746	2224.8753	778.8431	40.8673
116	404.6117	-506.9297	2230.9959	784.4847	41.2950
117	410.2653	-512.4850	2237.0931	790.1110	41.7230
118	415.9438	-518.0404	2243.1669	795.7220	42.1513
119	421.6471	-523.5956	2249.2176	801.3177	42.5799
120	427.3750	-529.1506	2255.2454	806.8983	43.0089
121	433.1273	-534.7049	2261.2504	812.4638	43.4381
122	438.9038	-540.2586	2267.2328	818.0143	43.8676
123	444.7043	-545.8114	2273.1928	823.5498	44.2974
124	450.5286	-551.3630	2279.1305	829.0704	44.7275
125	456.3766	-556.9134	2285.0461	834.5763	45.1579
126	462.2481	-562.4624	2290.9396	840.0674	45.5885
127	468.1429	-568.0098	2296.8114	845.5438	46.0194
128	474.0609	-573.5554	2302.6615	851.0055	46.4505
129	480.0019	-579.0992	2308.4900	856.4527	46.8819
130	485.9657	-584.6408	2314.2972	861.8853	47.3136
131	491.9522	-590.1802	2320.0831	867.3035	47.7454
132	497.9612	-595.7173	2325.8479	872.7072	48.1776
133	503.9925	-601.2519	2331.5917	878.0966	48.6099
134	510.0461	-606.7838	2337.3147	883.4716	49.0425
135	516.1217	-612.3129	2343.0169	888.8323	49.4753
136	522.2192	-617.8391	2348.6985	894.1789	49.9083
137	528.3385	-623.3623	2354.3597	899.5112	50.3415
138	534.4794	-628.8823	2360.0005	904.8294	50.7750
139	540.6418	-634.3991	2365.6211	910.1334	51.2086
140	546.8255	-639.9124	2371.2215	915.4234	51.6425
141	553.0304	-645.4222	2376.8020	920.6994	52.0766
142	559.2564	-650.9283	2382.3626	925.9614	52.5108
143	565.5032	-656.4307	2387.9034	931.2094	52.9453
144	571.7709	-661.9292	2393.4245	936.4436	53.3799
145	578.0592	-667.4238	2398.9261	941.6638	53.8147
146	584.3680	-672.9142	2404.4082	946.8702	54.2497
147	590.6972	-678.4005	2409.8709	952.0628	54.6849
148	597.0467	-683.8825	2415.3144	957.2417	55.1203
149	603.4163	-689.3602	2420.7388	962.4067	55.5558
150	609.8059	-694.8333	2426.1441	967.5581	55.9915
151	616.2154	-700.3020	2431.5304	972.6958	56.4273
152	622.6447	-705.7659	2436.8979	977.8199	56.8634
153	629.0936	-711.2251	2442.2466	982.9303	57.2996
154	635.5620	-716.6795	2447.5766	988.0271	57.7359
155	642.0498	-722.1290	2452.8881	993.1104	58.1724
156	648.5569	-727.5734	2458.1811	998.1801	58.6090
157	655.0832	-733.0128	2463.4556	1003.2364	59.0458
158	661.6285	-738.4470	2468.7118	1008.2791	59.4828
159	668.1927	-743.8760	2473.9498	1013.3084	59.9198
160	674.7758	-749.2997	2479.1697	1018.3243	60.3571
161	681.3776	-754.7180	2484.3714	1023.3267	60.7944
162	687.9980	-760.1308	2489.5552	1028.3158	61.2319
163	694.6369	-765.5381	2494.7211	1033.2915	61.6695
164	701.2942	-770.9399	2499.8691	1038.2539	62.1073
165	707.9697	-776.3359	2504.9994	1043.2030	62.5452
166	714.6634	-781.7262	2510.1120	1048.1387	62.9832
167	721.3752	-787.1107	2515.2070	1053.0612	63.4213
168	728.1049	-792.4894	2520.2845	1057.9705	63.8596
169	734.8525	-797.8621	2525.3446	1062.8665	64.2979
170	741.6178	-803.2289	2530.3872	1067.7494	64.7364
171	748.4008	-808.5896	2535.4125	1072.6190	65.1750
172	755.2013	-813.9442	2540.4206	1077.4755	65.6137
173	762.0193	-819.2926	2545.4115	1082.3188	66.0526
174	768.8546	-824.6349	2550.3853	1087.1490	66.4915
175	775.7072	-829.9709	2555.3421	1091.9661	66.9305
176	782.5769	-835.3005	2560.2819	1096.7701	67.3697
177	789.4637	-840.6238	2565.2048	1101.5610	67.8089
178	796.3674	-845.9407	2570.1108	1106.3389	68.2483
179	803.2880	-851.2511	2575.0001	1111.1037	68.6877
180	810.2254	-856.5550	2579.8727	1115.8555	69.1272
181	817.1794	-861.8524	2584.7286	1120.5943	69.5669
182	824.1500	-867.1431	2589.5678	1125.3201	70.0066
183	831.1371	-872.4271	2594.3906	1130.0329	70.4464
184	838.1406	-877.7045	2599.1969	1134.7328	70.8863
185	845.1604	-882.9752	2603.9867	1139.4197	71.3263
186	852.1965	-888.2390	2608.7602	1144.0937	71.7664
187	859.2486	-893.4960	2613.5174	1148.7548	72.2066
188	866.3168	-898.7462	2618.2584	1153.4030	72.6468
189	873.4009	-903.9895	2622.9831	1158.0382	73.0871
190	880.5009	-909.2258	2627.6917	1162.6607	73.5276
191	887.6166	-914.4552	2632.3843	1167.2702	73.9681
192	894.7481	-919.6775	2637.0608	1171.8669	74.4086
193	901.8951	-924.8929	2641.7213	1176.4508	74.8493
194	909.0577	-930.1011	2646.3658	1181.0218	75.2900
195	916.2357	-935.3022	2650.9945	1185.5801	75.7308
196	923.4290	-940.4962	2655.6074	1190.1255	76.1716
197	930.6376	-945.6830	2660.2045	1194.6582	76.6126
198	937.8614	-950.8626	2664.7859	1199.1780	77.0536
199	945.1003	-956.0349	2669.3515	1203.6852	77.4946
200	952.3542	-961.2000	2673.9016	1208.1795	77.9358
201	959.6230	-966.3578	2678.4360	1212.6611	78.3770
202	966.9067	-971.5083	2682.9549	1217.1300	78.8182
203	974.2051	-976.6514	2687.4584	1221.5862	79.2596
204	981.5183	-981.7871	2691.9463	1226.0297	79.7009
205	988.8461	-986.9155	2696.4189	1230.4604	80.1424
206	996.1884	-992.0364	2700.8761	1234.8785	80.5839
207	1003.5451	-997.1499	2705.3180	1239.2839	81.0255
208	1010.9163	-1002.2559	2709.7446	1243.6766	81.4671
209	1018.3017	-1007.3544	2714.1560	1248.0567	81.9088
210	1025.7014	-1012.4454	2718.5522	1252.4241	82.3505
211	1033.1153	-1017.5288	2722.9332	1256.7789	82.7923
212	1040.5432	-1022.6047	2727.2992	1261.1210	83.2341
213	1047.9851	-1027.6730	2731.6501	1265.4505	83.6760
214	1055.4409	-1032.7337	2735.9859	1269.7674	84.1179
215	1062.9106	-1037.7868	2740.3068	1274.0717	84.5599
216	1070.3941	-1042.8323	2744.6127	1278.3633	85.0019
217	1077.8913	-1047.8701	2748.9037	1282.6424	85.4440
218	1085.4021	-1052.9002	2753.1798	1286.9089	85.8861
219	1092.9265	-1057.9227	2757.4411	1291.1628	86.3283
220	1100.4643	-1062.9374	2761.6876	1295.4042	86.7705
221	1108.0156	-1067.9445	2765.9194	1299.6330	87.2128
222	1115.5802	-1072.9438	2770.1364	1303.8492	87.6551
223	1123.1582	-1077.9354	2774.3388	1308.0528	88.0974
224	1130.7493	-1082.9192	2778.5265	1312.2440	88.5398
225	1138.3535	-1087.8952	2782.6995	1316.4226	88.9823
226	1145.9708	-1092.8634	2786.8580	1320.5886	89.4247
227	1153.6011	-1097.8239	2791.0020	1324.7421	89.8672
228	1161.2444	-1102.7765	2795.1314	1328.8831	90.3098
229	1168.9005	-1107.7214	2799.2463	1333.0116	90.7523
230	1176.5694	-1112.6584	2803.3469	1337.1276	91.1950
231	1184.2510	-1117.5875	2807.4329	1341.2311	91.6376
232	1191.9452	-1122.5089	2811.5047	1345.3221	92.0803
233	1199.6521	-1127.4223	2815.5620	1349.4006	92.5230
234	1207.3715	-1132.3279	2819.6051	1353.4666	92.9658
235	1215.1033	-1137.2256	2823.6338	1357.5201	93.4085
236	1222.8476	-1142.1155	2827.6483	1361.5612	93.8513
237	1230.6041	-1146.9974	2831.6486	1365.5898	94.2942
238	1238.3730	-1151.8715	2835.6347	1369.6059	94.7371
239	1246.1540	-1156.7376	2839.6066	1373.6095	95.1800
240	1253.9472	-1161.5959	2843.5644	1377.6007	95.6229
241	1261.7524	-1166.4462	2847.5080	1381.5794	96.0659
242	1269.5696	-1171.2887	2851.4376	1385.5457	96.5088
243	1277.3988	-1176.1232	2855.3532	1389.4996	96.9519
244	1285.2399	-1180.9498	2859.2547	1393.4410	97.3949
245	1293.0927	-1185.7684	2863.1422	1397.3699	97.8380
246	1300.9574	-1190.5792	2867.0158	1401.2864	98.2811
247	1308.8337	-1195.3820	2870.8754	1405.1905	98.7242
248	1316.7216	-1200.1768	2874.7212	1409.0822	99.1673
249	1324.6212	-1204.9637	2878.5530	1412.9614	99.6105
250	1332.5322	-1209.7427	2882.3710	1416.8282	100.0537
251	1340.4547	-1214.5137	2886.1751	1420.6826	100.4969
252	1348.3885	-1219.2768	2889.9654	1424.5246	100.9401
253	1356.3337	-1224.0320	2893.7420	1428.3542	101.3834
254	1364.2902	-1228.7792	2897.5048	1432.1714	101.8266
255	1372.2579	-1233.5185	2901.2539	1435.9761	102.2699
256	1380.2367	-1238.2498	2904.9892	1439.7685	102.7132
257	1388.2266	-1242.9732	2908.7109	1443.5484	103.1566
258	1396.2275	-1247.6887	2912.4189	1447.3160	103.5999
259	1404.2394	-1252.3962	2916.1133	1451.0711	104.0433
260	1412.2623	-1257.0958	2919.7941	1454.8139	104.4866
261	1420.2960	-1261.7874	2923.4613	1458.5442	104.9300
262	1428.3404	-1266.4711	2927.1149	1462.2622	105.3735
263	1436.3957	-1271.1469	2930.7550	1465.9678	105.8169
264	1444.4616	-1275.8148	2934.3816	1469.6610	106.2603
265	1452.5381	-1280.4747	2937.9947	1473.3418	106.7038
266	1460.6252	-1285.1268	2941.5943	1477.0102	107.1473
267	1468.7229	-1289.7709	2945.1804	1480.6663	107.5908
268	1476.8310	-1294.4071	2948.7532	1484.3100	108.0343
269	1484.9495	-1299.0354	2952.3125	1487.9412	108.4778
270	1493.0783	-1303.6558	2955.8584	1491.5601	108.9213
271	1501.2174	-1308.2684	2959.3910	1495.1667	109.3649
272	1509.3668	-1312.8730	2962.9102	1498.7608	109.8085
273	1517.5264	-1317.4698	2966.4161	1502.3426	110.2520
274	1525.6961	-1322.0587	2969.9087	1505.9120	110.6956
275	1533.8759	-1326.6397	2973.3880	1509.4691	111.1392
276	1542.0656	-1331.2129	2976.8540	1513.0137	111.5828
277	1550.2654	-1335.7782	2980.3068	1516.5460	112.0264
278	1558.4751	-1340.3356	2983.7464	1520.0660	112.4700
279	1566.6946	-1344.8853	2987.1727	1523.5735	112.9137
280	1574.9240	-1349.4271	2990.5859	1527.0687	113.3573
281	1583.1631	-1353.9611	2993.9859	1530.5515	113.8010
282	1591.4119	-1358.4873	2997.3728	1534.0220	114.2446
283	1599.6703	-1363.0057	3000.7465	1537.4801	114.6883
284	1607.9384	-1367.5162	3004.1071	1540.9258	115.1320
285	1616.2160	-1372.0191	3007.4547	1544.3591	115.5757
286	1624.5031	-1376.5141	3010.7891	1547.7801	116.0194
287	1632.7997	-1381.0014	3014.1105	1551.1887	116.4631
288	1641.1056	-1385.4809	3017.4188	1554.5850	116.9068
289	1649.4209	-1389.9527	3020.7142	1557.9689	117.3505
290	1657.7455	-1394.4167	3023.9965	1561.3404	117.7942
291	1666.0793	-1398.8730	3027.2658	1564.6995	118.2380
292	1674.4223	-1403.3217	3030.5222	1568.0463	118.6817
293	1682.7745	-1407.7626	3033.7656	1571.3808	119.1254
294	1691.1357	-1412.1958	3036.9960	1574.7028	119.5692
295	1699.5060	-1416.6214	3040.2136	1578.0128	120.0129
296	1707.8853	-1421.0393	3043.4182	1581.3123	120.4567
297	1716.2736	-1425.4495	3046.6099	1584.6012	120.9005
298	1724.6707	-1429.8522	3049.7887	1587.8795	121.3442
299	1733.0767	-1434.2472	3052.9546	1591.1472	121.7880
300	1741.4915	-1438.6346	3056.1076	1594.4043	122.2318
301	1749.9151	-1443.0144	3059.2477	1597.6508	122.6755
302	1758.3474	-1447.3867	3062.3750	1599.7916	123.1193
303	1766.7858	-1451.7564	3065.4894	1603.0156	123.5631
304	1775.2297	-1456.1244	3068.5911	1606.2283	124.0069
305	1783.6794	-1460.4905	3071.6799	1609.4299	124.4507
306	1792.1346	-1464.8548	3074.7560	1612.6202	124.8944
307	1800.5954	-1469.2173	3077.8193	1615.7993	125.3382
308	1809.0617	-1473.5779	3080.8699	1618.9672	125.7820
309	1817.5335	-1477.9368	3083.9079	1622.1240	126.2258
310	1826.0107	-1482.2937	3086.9333	1625.2695	126.6695
311	1834.4934	-1486.6489	3089.9460	1628.4038	127.1133
312	1842.9815	-1491.0022	3092.9461	1631.5270	127.5571
313	1851.4750	-1495.3537	3095.9337	1634.6390	128.0008
314	1859.9738	-1499.7033	3098.9088	1637.7398	128.4445
315	1868.4779	-1504.0511	3101.8714	1640.8295	128.8883
316	1876.9873	-1508.3971	3104.8214	1643.9080	129.3320
317	1885.5019	-1512.7412	3107.7591	1646.9754	129.7757
318	1894.0217	-1517.0835	3110.6843	1650.0317	130.2194
319	1902.5467	-1521.4239	3113.5972	1653.0769	130.6631
320	1911.0769	-1525.7626	3116.4977	1656.1109	131.1067
321	1919.6122	-1530.0993	3119.3858	1659.1338	131.5504
322	1928.1525	-1534.4343	3122.2617	1662.1456	131.9940
323	1936.6980	-1538.7673	3125.1253	1665.1464	132.4376
324	1945.2484	-1543.0986	3127.9766	1668.1360	132.8812
325	1953.8039	-1547.4280	3130.8157	1671.1146	133.3248
326	1962.3643	-1551.7556	3133.6426	1674.0821	133.7684
327	1970.9296	-1556.0813	3136.4574	1677.0386	134.2119
328	1979.4999	-1560.4052	3139.2600	1679.9840	134.6554
329	1988.0750	-1564.7273	3142.0504	1682.9184	135.0989
330	1996.6550	-1569.0475	3144.8288	1685.8417	135.5424
331	2005.2398	-1573.3659	3147.5952	1688.7541	135.9858
332	2013.8294	-1577.6824	3150.3495	1691.6554	136.4292
333	2022.4238	-1581.9971	3153.0918	1694.5457	136.8726
334	2031.0229	-1586.3100	3155.8221	1697.4251	137.3160
335	2039.6267	-1590.6211	3158.5404	1700.2934	137.7594
336	2048.2352	-1594.9303	3161.2468	1703.1508	138.2027
337	2056.8483	-1599.2377	3163.9413	1705.9973	138.6460
338	2065.4660	-1603.5432	3166.6240	1708.8327	139.0893
339	2074.0884	-1607.8470	3169.2948	1711.6573	139.5325
340	2082.7153	-1612.1489	3171.9537	1714.4709	139.9757
341	2091.3467	-1616.4490	3174.6008	1717.2736	140.4189
342	2099.9827	-1620.7473	3177.2362	1720.0654	140.8620
343	2108.6231	-1625.0437	3179.8598	1722.8463	141.3052
344	2117.2680	-1629.3383	3182.4717	1725.6163	141.7482
345	2125.9174	-1633.6311	3185.0719	1728.3754	142.1913
346	2134.5711	-1637.9221	3187.6604	1731.1237	142.6343
347	2143.2292	-1642.2113	3190.2372	1733.8611	143.0773
348	2151.8916	-1646.4987	3192.8024	1736.5876	143.5203
349	2160.5584	-1650.7843	3195.3560	1739.3033	143.9632
350	2169.2295	-1655.0681	3197.8981	1742.0082	144.4061
351	2177.9048	-1659.3500	3200.4285	1744.7023	144.8489
352	2186.5844	-1663.6302	3202.9475	1747.3856	145.2918
353	2195.2682	-1667.9086	3205.4549	1750.0580	145.7345
354	2203.9562	-1672.1851	3207.9508	1752.7197	146.1773
355	2212.6483	-1676.4599	3210.4353	1755.3707	146.6200
356	2221.3446	-1680.7329	3212.9084	1758.0108	147.0627
357	2230.0451	-1685.0041	3215.3700	1760.6402	147.5053
358	2238.7496	-1689.2735	3217.8202	1763.2589	147.9479
359	2247.4581	-1693.5412	3220.2591	1765.8668	148.3905
360	2256.1707	-1697.8070	3222.6866	1768.4641	148.8330
361	2264.8874	-1702.0711	3225.1028	1771.0506	149.2755
362	2273.6080	-1706.3334	3227.5077	1773.6264	149.7179
363	2282.3326	-1710.5940	3229.9013	1776.1915	150.1603
364	2291.0611	-1714.8528	3232.2837	1778.7460	150.6027
365	2299.7935	-1719.1098	3234.6548	1781.2898	151.0450
366	2308.5298	-1723.3650	3237.0148	1783.8230	151.4873
367	2317.2700	-1727.6186	3239.3635	1786.3455	151.9295
368	2326.0141	-1731.8703	3241.7011	1788.8573	152.3717
369	2334.7620	-1736.1203	3244.0275	1791.3586	152.8139
370	2343.5136	-1740.3686	3246.3429	1793.8492	153.2560
371	2352.2690	-1744.6151	3248.6471	1796.3293	153.6980
372	2361.0282	-1748.8599	3250.9402	1798.7987	154.1401
373	2369.7911	-1753.1030	3253.2223	1801.2576	154.5821
374	2378.5577	-1757.3443	3255.4934	1803.7059	155.0240
375	2387.3280	-1761.5839	3257.7534	1806.1437	155.4659
376	2396.1020	-1765.8218	3260.0025	1808.5709	155.9078
377	2404.8795	-1770.0580	3262.2405	1810.9876	156.3496
378	2413.6607	-1774.2924	3264.4677	1813.3938	156.7913
379	2422.4455	-1778.5252	3266.6839	1815.7895	157.2331
380	2431.2339	-1782.7562	3268.8892	1818.1746	157.6748
381	2440.0257	-1786.9855	3271.0836	1820.5493	158.1164
382	2448.8211	-1791.2132	3273.2672	1822.9135	158.5580
383	2457.6200	-1795.4391	3275.4399	1825.2672	158.9995
384	2466.4224	-1799.6634	3277.6018	1827.6105	159.4410
385	2475.2282	-1803.8860	3279.7528	1829.9433	159.8825
386	2484.0375	-1808.1069	3281.8931	1832.2657	160.3239
387	2492.8502	-1812.3261	3284.0227	1834.5777	160.7652
388	2501.6662	-1816.5437	3286.1415	1836.8793	161.2066
389	2510.4856	-1820.7596	3288.2495	1839.1704	161.6478
390	2519.3084	-1824.9738	3290.3469	1841.4512	162.0891
391	2528.1345	-1829.1864	3292.4336	1843.7216	162.5302
392	2536.9639	-1833.3974	3294.5096	1845.9817	162.9714
393	2545.7966	-1837.6067	3296.5750	1848.2313	163.4124
394	2554.6325	-1841.8143	3298.6297	1850.4706	163.8535
395	2563.4717	-1846.0203	3300.6739	1852.6996	164.2945
396	2572.3141	-1850.2247	3302.7074	1854.9183	164.7354
397	2581.1596	-1854.4275	3304.7304	1857.1267	165.1763
398	2590.0084	-1858.6286	3306.7428	1859.3247	165.6171
399	2598.8603	-1862.8282	3308.7448	1861.5124	166.0579
400	2607.7153	-1867.0261	3310.7362	1863.6899	166.4987
401	2616.5735	-1871.2224	3312.7171	1865.8571	166.9394
402	2625.4348	-1875.4171	3314.6875	1868.0141	167.3801
403	2634.2991	-1879.6102	3316.6475	1870.1607	167.8207
404	2643.1665	-1883.8018	3318.5970	1872.2972	168.2612
405	2652.0369	-1887.9917	3320.5361	1874.4234	168.7017
406	2660.9103	-1892.1801	3322.4649	1876.5394	169.1422
407	2669.7867	-1896.3669	3324.3832	1878.6452	169.5826
408	2678.6661	-1900.5521	3326.2912	1880.7408	170.0230
409	2687.5484	-1904.7358	3328.1888	1882.8262	170.4633
410	2696.4337	-1908.9179	3330.0761	1884.9014	170.9036
411	2705.3219	-1913.0984	3331.9531	1886.9665	171.3438
412	2714.2130	-1917.2774	3333.8198	1889.0214	171.7840
413	2723.1069	-1921.4549	3335.6762	1891.0662	172.2241
414	2732.0037	-1925.6309	3337.5224	1893.1008	172.6642
415	2740.9034	-1929.8053	3339.3583	1895.1253	173.1042
416	2749.8058	-1933.9782	3341.1840	1897.1397	173.5442
417	2758.7111	-1938.1495	3342.9995	1899.1439	173.9841
418	2767.6191	-1942.3194	3344.8048	1901.1381	174.4240
419	2776.5299	-1946.4878	3346.6000	1903.1222	174.8638
420	2785.4434	-1950.6546	3348.3849	1905.0962	175.3036
421	2794.3597	-1954.8200	3350.1598	1907.0602	175.7433
422	2803.2787	-1958.9839	3351.9245	1909.0141	176.1830
423	2812.2003	-1963.1463	3353.6791	1910.9580	176.6227
424	2821.1246	-1967.3072	3355.4236	1912.8918	177.0623
425	2830.0516	-1971.4667	3357.1581	1914.8156	177.5018
426	2838.9812	-1975.6247	3358.8825	1916.7294	177.9413
427	2847.9134	-1979.7812	3360.5968	1918.6332	178.3808
428	2856.8481	-1983.9363	3362.3012	1920.5269	178.8201
429	2865.7855	-1988.0899	3363.9955	1922.4107	179.2595
430	2874.7254	-1992.2421	3365.6798	1924.2846	179.6988
431	2883.6679	-1996.3929	3367.3542	1926.1484	180.1381
432	2892.6129	-2000.5423	3369.0185	1928.0023	180.5773
433	2901.5604	-2004.6902	3370.6730	1929.8463	181.0164
434	2910.5103	-2008.8367	3372.3175	1931.6803	181.4555
435	2919.4628	-2012.9818	3373.9521	1933.5044	181.8946
436	2928.4177	-2017.1255	3375.5768	1935.3186	182.3336
437	2937.3750	-2021.2678	3377.1916	1937.1229	182.7726
438	2946.3347	-2025.4088	3378.7966	1938.9172	183.2115
439	2955.2969	-2029.5483	3380.3917	1940.7017	183.6503
440	2964.2614	-2033.6865	3381.9770	1942.4763	184.0892
441	2973.2282	-2037.8233	3383.5524	1944.2411	184.5279
442	2982.1975	-2041.9587	3385.1180	1945.9959	184.9667
443	2991.1690	-2046.0928	3386.6739	1947.7410	185.4053
444	3000.1429	-2050.2255	3388.2199	1949.4761	185.8440
445	3009.1190	-2054.3569	3389.7562	1951.2015	186.2825
446	3018.0975	-2058.4870	3391.2828	1952.9170	186.7211
447	3027.0782	-2062.6157	3392.7996	1954.6227	187.1596
448	3036.0611	-2066.7431	3394.3067	1956.3187	187.5980
449	3045.0463	-2070.8692	3395.8041	1958.0048	188.0364
450	3054.0336	-2074.9940	3397.2918	1959.6811	188.4747
451	3063.0232	-2079.1175	3398.7698	1961.3476	188.9130
452	3072.0149	-2083.2397	3400.2382	1963.0044	189.3513
453	3081.0089	-2087.3606	3401.6969	1964.6515	189.7895
454	3090.0049	-2091.4802	3403.1460	1966.2887	190.2277
455	3099.0031	-2095.5985	3404.5855	1967.9163	190.6658
456	3108.0034	-2099.7156	3406.0153	1969.5341	191.1038
457	3117.0058	-2103.8314	3407.4356	1971.1421	191.5419
458	3126.0102	-2107.9460	3408.8462	1972.7405	191.9798
459	3135.0168	-2112.0593	3410.2474	1974.3292	192.4178
460	3144.0253	-2116.1714	3411.6389	1975.9081	192.8557
461	3153.0359	-2120.2822	3413.0209	1977.4774	193.2935
462	3162.0486	-2124.3918	3414.3934	1979.0370	193.7313
463	3171.0632	-2128.5002	3415.7564	1980.5869	194.1690
464	3180.0798	-2132.6074	3417.1099	1982.1272	194.6067
465	3189.0984	-2136.7134	3418.4539	1983.6578	195.0444
466	3198.1189	-2140.8181	3419.7884	1985.1788	195.4820
467	3207.1413	-2144.9217	3421.1135	1986.6901	195.9196
468	3216.1657	-2149.0241	3422.4291	1988.1918	196.3571
469	3225.1920	-2153.1253	3423.7353	1989.6839	196.7946
470	3234.2202	-2157.2254	3425.0320	1991.1663	197.2320
471	3243.2502	-2161.3243	3426.3194	1992.6392	197.6694
472	3252.2821	-2165.4220	3427.5973	1994.1025	198.1067
473	3261.3159	-2169.5186	3428.8659	1995.5562	198.5440
474	3270.3515	-2173.6140	3430.1251	1997.0003	198.9813
475	3279.3889	-2177.7084	3431.3749	1998.4348	199.4185
476	3288.4281	-2181.8015	3432.6154	1999.8598	199.8557
477	3297.4691	-2185.8936	3433.8466	2001.2752	200.2928
478	3306.5118	-2189.9846	3435.0684	2002.6811	200.7299
479	3315.5563	-2194.0744	3436.2809	2004.0775	201.1669
480	3324.6025	-2198.1632	3437.4841	2005.4643	201.6039
481	3333.6505	-2202.2508	3438.6781	2006.8416	202.0409
482	3342.7002	-2206.3374	3439.8628	2008.2094	202.4778
483	3351.7515	-2210.4229	3441.0382	2009.5677	202.9147
484	3360.8046	-2214.5073	3442.2043	2010.9164	203.3515
485	3369.8593	-2218.5907	3443.3612	2012.2557	203.7883
486	3378.9156	-2222.6730	3444.5089	2013.5856	204.2250
487	3387.9736	-2226.7543	3445.6474	2014.9059	204.6617
488	3397.0332	-2230.8345	3446.7766	2016.2168	205.0984
489	3406.0944	-2234.9137	3447.8967	2017.5182	205.5350
490	3415.1572	-2238.9918	3449.0076	2018.8102	205.9716
491	3424.2216	-2243.0690	3450.1093	2020.0927	206.4081
492	3433.2876	-2247.1451	3451.2019	2021.3658	206.8446
493	3442.3551	-2251.2203	3452.2853	2022.6295	207.2811
494	3451.4241	-2255.2944	3453.3596	2023.8838	207.7175
495	3460.4946	-2259.3676	3454.4247	2025.1286	208.1539
496	3469.5667	-2263.4398	3455.4808	2026.3641	208.5902
497	3478.6402	-2267.5110	3456.5277	2027.5901	209.0265
498	3487.7152	-2271.5812	3457.5656	2028.8068	209.4628
499	3496.7917	-2275.6505	3458.5943	2030.0141	209.8990
500	3505.8697	-2279.7188	3459.6140	2031.2120	210.3352
501	3514.9490	-2283.7862	3460.6247	2032.4006	210.7713
502	3524.0298	-2287.8527	3461.6263	2033.5797	211.2074
503	3533.1120	-2291.9182	3462.6188	2034.7496	211.6435
504	3542.1956	-2295.9828	3463.6023	2035.9101	212.0795
505	3551.2806	-2300.0465	3464.5768	2037.0613	212.5155
506	3560.3669	-2304.1093	3465.5423	2038.2031	212.9515
507	3569.4546	-2308.1712	3466.4988	2039.3356	213.3874
508	3578.5436	-2312.2323	3467.4463	2040.4588	213.8233
509	3587.6340	-2316.2924	3468.3848	2041.5727	214.2591
510	3596.7256	-2320.3516	3469.3144	2042.6773	214.6949
511	3605.8186	-2324.4100	3470.2350	2043.7726	215.1307
512	3614.9128	-2328.4676	3471.1467	2044.8586	215.5664
513	3624.0084	-2332.5242	3472.0494	2045.9354	216.0021
514	3633.1051	-2336.5801	3472.9432	2047.0028	216.4377
515	3642.2032	-2340.6351	3473.8281	2048.0610	216.8734
516	3651.3024	-2344.6892	3474.7041	2049.1100	217.3089
517	3660.4029	-2348.7426	3475.5712	2050.1497	217.7445
518	3669.5045	-2352.7951	3476.4294	2051.1801	218.1800
519	3678.6074	-2356.8469	3477.2787	2052.2013	218.6155
520	3687.7114	-2360.8978	3478.1192	2053.2133	219.0509
521	3696.8166	-2364.9480	3478.9507	2054.2161	219.4863
522	3705.9230	-2368.9973	3479.7735	2055.2097	219.9217
523	3715.0305	-2373.0459	3480.5874	2056.1940	220.3570
524	3724.1391	-2377.0938	3481.3925	2057.1692	220.7923
525	3733.2488	-2381.1408	3482.1887	2058.1351	221.2276
526	3742.3597	-2385.1872	3482.9762	2059.0919	221.6629
527	3751.4716	-2389.2327	3483.7548	2060.0394	222.0981
528	3760.5846	-2393.2776	3484.5247	2060.9779	222.5332
529	3769.6986	-2397.3217	3485.2858	2061.9071	222.9684
530	3778.8137	-2401.3651	3486.0381	2062.8272	223.4035
531	3787.9299	-2405.4078	3486.7816	2063.7381	223.8386
532	3797.0470	-2409.4498	3487.5164	2064.6399	224.2736
533	3806.1652	-2413.4910	3488.2424	2065.5325	224.7086
534	3815.2843	-2417.5316	3488.9597	2066.4160	225.1436
535	3824.4045	-2421.5716	3489.6683	2067.2904	225.5786
536	3833.5256	-2425.6108	3490.3681	2068.1556	226.0135
537	3842.6477	-2429.6494	3491.0593	2069.0117	226.4484
538	3851.7707	-2433.6873	3491.7417	2069.8588	226.8832
539	3860.8946	-2437.7246	3492.4154	2070.6967	227.3180
540	3870.0195	-2441.7612	3493.0805	2071.5255	227.7528
541	3879.1453	-2445.7972	3493.7368	2072.3452	228.1876
542	3888.2720	-2449.8326	3494.3846	2073.1559	228.6223
543	3897.3995	-2453.8674	3495.0236	2073.9574	229.0570
544	3906.5279	-2457.9015	3495.6540	2074.7499	229.4917
545	3915.6572	-2461.9351	3496.2757	2075.5334	229.9264
546	3924.7874	-2465.9680	3496.8889	2076.3077	230.3610
547	3933.9183	-2470.0004	3497.4934	2077.0731	230.7956
548	3943.0501	-2474.0322	3498.0892	2077.8294	231.2301
549	3952.1827	-2478.0634	3498.6765	2078.5766	231.6647
550	3961.3161	-2482.0941	3499.2551	2079.3148	232.0992
551	3970.4503	-2486.1242	3499.8252	2080.0440	232.5337
552	3979.5853	-2490.1537	3500.3867	2080.7641	232.9681
553	3988.7210	-2494.1827	3500.9396	2081.4753	233.4026
554	3997.8574	-2498.2112	3501.4839	2082.1774	233.8370
555	4006.9946	-2502.2392	3502.0197	2082.8705	234.2713
556	4016.1326	-2506.2667	3502.5469	2083.5546	234.7057
557	4025.2712	-2510.2936	3503.0656	2084.2298	235.1400
558	4034.4105	-2514.3200	3503.5757	2084.8959	235.5743
559	4043.5506	-2518.3460	3504.0773	2085.5531	236.0086
560	4052.6913	-2522.3715	3504.5704	2086.2013	236.4428
561	4061.8326	-2526.3965	3505.0550	2086.8405	236.8770
562	4070.9746	-2530.4210	3505.5310	2087.4708	237.3112
563	4080.1173	-2534.4451	3505.9986	2088.0921	237.7454
564	4089.2606	-2538.4687	3506.4576	2088.7045	238.1795
565	4098.4045	-2542.4919	3506.9082	2089.3079	238.6137
566	4107.5490	-2546.5146	3507.3503	2089.9024	239.0478
567	4116.6941	-2550.5370	3507.7839	2090.4879	239.4818
568	4125.8398	-2554.5589	3508.2091	2091.0646	239.9159
569	4134.9861	-2558.5803	3508.6258	2091.6323	240.3499
570	4144.1329	-2562.6014	3509.0341	2092.1910	240.7839
571	4153.2802	-2566.6221	3509.4339	2092.7409	241.2179
572	4162.4281	-2570.6424	3509.8253	2093.2819	241.6519
573	4171.5765	-2574.6623	3510.2083	2093.8140	242.0858
574	4180.7255	-2578.6819	3510.5828	2094.3371	242.5197
575	4189.8749	-2582.7011	3510.9489	2094.8514	242.9536
576	4199.0248	-2586.7199	3511.3067	2095.3569	243.3875
577	4208.1752	-2590.7384	3511.6560	2095.8534	243.8214
578	4217.3261	-2594.7565	3511.9969	2096.3411	244.2552
579	4226.4774	-2598.7744	3512.3295	2096.8199	244.6890
580	4235.6292	-2602.7918	3512.6537	2097.2898	245.1228
581	4244.7813	-2606.8090	3512.9695	2097.7509	245.5566
582	4253.9340	-2610.8259	3513.2769	2098.2031	245.9903
583	4263.0870	-2614.8425	3513.5760	2098.6465	246.4241
584	4272.2404	-2618.8587	3513.8668	2099.0811	246.8578
585	4281.3942	-2622.8747	3514.1491	2099.5068	247.2915
586	4290.5484	-2626.8904	3514.4232	2099.9237	247.7252
587	4299.7029	-2630.9059	3514.6889	2100.3318	248.1588
588	4308.8578	-2634.9211	3514.9463	2100.7311	248.5925
589	4318.0130	-2638.9360	3515.1954	2101.1216	249.0261
590	4327.1686	-2642.9507	3515.4362	2101.5032	249.4597
591	4336.3244	-2646.9652	3515.6687	2101.8761	249.8933
592	4345.4806	-2650.9794	3515.8929	2102.2401	250.3269
593	4354.6371	-2654.9934	3516.1087	2102.5954	250.7604
594	4363.7939	-2659.0072	3516.3163	2102.9419	251.1940
595	4372.9509	-2663.0208	3516.5157	2103.2796	251.6275
596	4382.1082	-2667.0342	3516.7067	2103.6086	252.0610
597	4391.2657	-2671.0475	3516.8895	2103.9287	252.4945
598	4400.4235	-2675.0605	3517.0640	2104.2402	252.9280
599	4409.5815	-2679.0734	3517.2303	2104.5428	253.3615
600	4418.7398	-2683.0861	3517.3884	2104.8367	253.7949
601	4427.8982	-2687.0986	3517.5381	2105.1219	254.2283
602	4437.0569	-2691.1110	3517.6797	2105.3983	254.6618
603	4446.2157	-2695.1233	3517.8130	2105.6660	255.0952
604	4455.3747	-2699.1354	3517.9381	2105.9249	255.5286
605	4464.5338	-2703.1474	3518.0550	2106.1752	255.9619
606	4473.6931	-2707.1593	3518.1637	2106.4167	256.3953
607	4482.8526	-2711.1711	3518.2642	2106.6495	256.8287
608	4492.0122	-2715.1828	3518.3565	2106.8736	257.2620
609	4501.1719	-2719.1943	3518.4406	2107.0889	257.6953
610	4510.3317	-2723.2059	3518.5165	2107.2956	258.1286
611	4519.4916	-2727.2173	3518.5842	2107.4936	258.5620
612	4528.6516	-2731.2286	3518.6437	2107.6829	258.9952
613	4537.8116	-2735.2400	3518.6951	2107.8635	259.4285
614	4546.9718	-2739.2512	3518.7383	2108.0355	259.8618
615	4556.1319	-2743.2624	3518.7734	2108.1987	260.2951
616	4565.2922	-2747.2736	3518.8003	2108.3533	260.7283
617	4574.4524	-2751.2847	3518.8190	2108.4992	261.1616
618	4583.6127	-2755.2959	3518.8297	2108.6365	261.5948
619	4592.7730	-2759.3070	3518.8322	2108.7651	262.0280
620	4601.9333	-2763.3181	3518.8322	2108.7651	262.8350
621	4611.0936	-2767.3292	3518.8322	2108.7651	263.2088
622	4620.2539	-2771.3403	3518.8322	2108.7651	263.5826
623	4629.4142	-2775.3514	3518.8322	2108.7651	263.9564
624	4638.5745	-2779.3625	3518.8322	2108.7651	264.3301
625	4647.7348	-2783.3736	3518.8322	2108.7651	264.7039
626	4656.8951	-2787.3847	3518.8322	2108.7651	265.0777
627	4666.0554	-2791.3959	3518.8322	2108.7651	265.4515
628	4675.2157	-2795.4070	3518.8322	2108.7651	265.8253
629	4684.3759	-2799.4181	3518.8322	2108.7651	266.1991
630	4693.5362	-2803.4292	3518.8322	2108.7651	266.5728
631	4702.6965	-2807.4403	3518.8322	2108.7651	266.9466
632	4711.8568	-2811.4514	3518.8322	2108.7651	267.3204
633	4721.0171	-2815.4625	3518.8322	2108.7651	267.6942
634	4730.1774	-2819.4736	3518.8322	2108.7651	268.0680
635	4739.3377	-2823.4847	3518.8322	2108.7651	268.4418
636	4748.4980	-2827.4959	3518.8322	2108.7651	268.8156
637	4757.6583	-2831.5070	3518.8322	2108.7651	269.1893
638	4766.8186	-2835.5181	3518.8322	2108.7651	269.5631
639	4775.9789	-2839.5292	3518.8322	2108.7651	269.9369
640	4785.1392	-2843.5403	3518.8322	2108.7651	270.3107
641	4794.2995	-2847.5514	3518.8322	2108.7651	270.6845
642	4803.4598	-2851.5625	3518.8322	2108.7651	271.0583
643	4812.6201	-2855.5736	3518.8322	2108.7651	271.4321
644	4821.7804	-2859.5847	3518.8322	2108.7651	271.8058
645	4830.9407	-2863.5959	3518.8322	2108.7651	272.1796
646	4840.1009	-2867.6070	3518.8322	2108.7651	272.5534
647	4849.2612	-2871.6181	3518.8322	2108.7651	272.9272
648	4858.4215	-2875.6292	3518.8322	2108.7651	273.3010
649	4867.5818	-2879.6403	3518.8322	2108.7651	273.6748
650	4876.7421	-2883.6514	3518.8322	2108.7651	274.0485
651	4885.9024	-2887.6625	3518.8322	2108.7651	274.4223
652	4895.0627	-2891.6736	3518.8322	2108.7651	274.7961
653	4904.2230	-2895.6847	3518.8322	2108.7651	275.1699
654	4913.3833	-2899.6959	3518.8322	2108.7651	275.5437
655	4922.5436	-2903.7070	3518.8322	2108.7651	275.9175
656	4931.7039	-2907.7181	3518.8322	2108.7651	276.2913
657	4940.8642	-2911.7292	3518.8322	2108.7651	276.6650
658	4950.0245	-2915.7403	3518.8322	2108.7651	277.0388
659	4959.1848	-2919.7514	3518.8322	2108.7651	277.4126
660	4968.3451	-2923.7625	3518.8322	2108.7651	277.7864
661	4977.5054	-2927.7736	3518.8322	2108.7651	278.1602
662	4986.6657	-2931.7847	3518.8322	2108.7651	278.5340
663	4995.8259	-2935.7959	3518.8322	2108.7651	278.9078
664	5004.9862	-2939.8070	3518.8322	2108.7651	279.2815
665	5014.1465	-2943.8181	3518.8322	2108.7651	279.6553
666	5023.3068	-2947.8292	3518.8322	2108.7651	280.0291
667	5032.4671	-2951.8403	3518.8322	2108.7651	280.4029
668	5041.6274	-2955.8514	3518.8322	2108.7651	280.7767
669	5050.7877	-2959.8625	3518.8322	2108.7651	281.1505
670	5059.9480	-2963.8736	3518.8322	2108.7651	281.5242
671	5069.1083	-2967.8847	3518.8322	2108.7651	281.8980
672	5078.2686	-2971.8958	3518.8322	2108.7651	282.2718
673	5087.4289	-2975.9070	3518.8322	2108.7651	282.6456
674	5096.5892	-2979.9181	3518.8322	2108.7651	283.0194
675	5105.7495	-2983.9292	3518.8322	2108.7651	283.3932
676	5114.9098	-2987.9403	3518.8322	2108.7651	283.7670
677	5124.0701	-2991.9514	3518.8322	2108.7651	284.1407
678	5133.2304	-2995.9625	3518.8322	2108.7651	284.5145
679	5142.3907	-2999.9736	3518.8322	2108.7651	284.8883
680	5151.5509	-3003.9847	3518.8322	2108.7651	285.2621
681	5160.7112	-3007.9958	3518.8322	2108.7651	285.6359
682	5169.8715	-3012.0070	3518.8322	2108.7651	286.0097
683	5179.0318	-3016.0181	3518.8322	2108.7651	286.3835
684	5188.1921	-3020.0292	3518.8322	2108.7651	286.7572
685	5197.3524	-3024.0403	3518.8322	2108.7651	287.1310
686	5206.5127	-3028.0514	3518.8322	2108.7651	287.5048
687	5215.6730	-3032.0625	3518.8322	2108.7651	287.8786
688	5224.8333	-3036.0736	3518.8322	2108.7651	288.2524
689	5233.9936	-3040.0847	3518.8322	2108.7651	288.6262
690	5243.1539	-3044.0958	3518.8322	2108.7651	289.0000
691	5252.3142	-3048.1070	3518.8322	2108.7651	289.3737
692	5261.4745	-3052.1181	3518.8322	2108.7651	289.7475
693	5270.6348	-3056.1292	3518.8322	2108.7651	290.1213
694	5279.7951	-3060.1403	3518.8322	2108.7651	290.4951
695	5288.9554	-3064.1514	3518.8322	2108.7651	290.8689
696	5298.1157	-3068.1625	3518.8322	2108.7651	291.2427
697	5307.2760	-3072.1736	3518.8322	2108.7651	291.6164
698	5316.4362	-3076.1847	3518.8322	2108.7651	291.9902
699	5325.5965	-3080.1958	3518.8322	2108.7651	292.3640
700	5334.7568	-3084.2070	3518.8322	2108.7651	292.7378
701	5343.9171	-3088.2181	3518.8322	2108.7651	293.1116
702	5353.0774	-3092.2292	3518.8322	2108.7651	293.4854
703	5362.2377	-3096.2403	3518.8322	2108.7651	293.8592
704	5371.3980	-3100.2514	3518.8322	2108.7651	294.2329
705	5380.5583	-3104.2625	3518.8322	2108.7651	294.6067
706	5389.7186	-3108.2736	3518.8322	2108.7651	294.9805
707	5398.8789	-3112.2847	3518.8322	2108.7651	295.3543
708	5408.0392	-3116.2958	3518.8322	2108.7651	295.7281
709	5417.1995	-3120.3069	3518.8322	2108.7651	296.1019
710	5426.3598	-3124.3181	3518.8322	2108.7651	296.4757
711	5435.5201	-3128.3292	3518.8322	2108.7651	296.8494
712	5444.6804	-3132.3403	3518.8322	2108.7651	297.2232
713	5453.8407	-3136.3514	3518.8322	2108.7651	297.5970
714	5463.0010	-3140.3625	3518.8322	2108.7651	297.9708
715	5472.1612	-3144.3736	3518.8322	2108.7651	298.3446
716	5481.3215	-3148.3847	3518.8322	2108.7651	298.7184
717	5490.4818	-3152.3958	3518.8322	2108.7651	299.0921
718	5499.6421	-3156.4069	3518.8322	2108.7651	299.4659
719	5508.8024	-3160.4181	3518.8322	2108.7651	299.8397
720	5517.9627	-3164.4292	3518.8322	2108.7651	300.2135
721	5527.1230	-3168.4403	3518.8322	2108.7651	300.5873
722	5536.2833	-3172.4514	3518.8322	2108.7651	300.9611
723	5545.4436	-3176.4625	3518.8322	2108.7651	301.3349
724	5554.6039	-3180.4736	3518.8322	2108.7651	301.7086
725	5563.7642	-3184.4847	3518.8322	2108.7651	302.0824
726	5572.9245	-3188.4958	3518.8322	2108.7651	302.4562
727	5582.0848	-3192.5069	3518.8322	2108.7651	302.8300
728	5591.2451	-3196.5181	3518.8322	2108.7651	303.2038
729	5600.4054	-3200.5292	3518.8322	2108.7651	303.5776
730	5609.5657	-3204.5403	3518.8322	2108.7651	303.9514
731	5618.7260	-3208.5514	3518.8322	2108.7651	304.3251
732	5627.8862	-3212.5625	3518.8322	2108.7651	304.6989
733	5637.0465	-3216.5736	3518.8322	2108.7651	305.0727
734	5646.2068	-3220.5847	3518.8322	2108.7651	305.4465
735	5655.3671	-3224.5958	3518.8322	2108.7651	305.8203
736	5664.5274	-3228.6069	3518.8322	2108.7651	306.1941
737	5673.6877	-3232.6181	3518.8322	2108.7651	306.5678
738	5682.8480	-3236.6292	3518.8322	2108.7651	306.9416
739	5692.0083	-3240.6403	3518.8322	2108.7651	307.3154
740	5701.1686	-3244.6514	3518.8322	2108.7651	307.6892
741	5710.3289	-3248.6625	3518.8322	2108.7651	308.0630
742	5719.4892	-3252.6736	3518.8322	2108.7651	308.4368
743	5728.6495	-3256.6847	3518.8322	2108.7651	308.8106
744	5737.8098	-3260.6958	3518.8322	2108.7651	309.1843
745	5746.9701	-3264.7069	3518.8322	2108.7651	309.5581
746	5756.1304	-3268.7181	3518.8322	2108.7651	309.9319
747	5765.2907	-3272.7292	3518.8322	2108.7651	310.3057
748	5774.4510	-3276.7403	3518.8322	2108.7651	310.6795
749	5783.6112	-3280.7514	3518.8322	2108.7651	311.0533
750	5792.7715	-3284.7625	3518.8322	2108.7651	311.4271
751	5801.9318	-3288.7736	3518.8322	2108.7651	311.8008
752	5811.0921	-3292.7847	3518.8322	2108.7651	312.1746
753	5820.2524	-3296.7958	3518.8322	2108.7651	312.5484
754	5829.4127	-3300.8069	3518.8322	2108.7651	312.9222
755	5838.5730	-3304.8180	3518.8322	2108.7651	313.2960
756	5847.7333	-3308.8292	3518.8322	2108.7651	313.6698
757	5856.8936	-3312.8403	3518.8322	2108.7651	314.0435
758	5866.0539	-3316.8514	3518.8322	2108.7651	314.4173
759	5875.2142	-3320.8625	3518.8322	2108.7651	314.7911
760	5884.3745	-3324.8736	3518.8322	2108.7651	315.1649
761	5893.5348	-3328.8847	3518.8322	2108.7651	315.5387
762	5902.6951	-3332.8958	3518.8322	2108.7651	315.9125
763	5911.8554	-3336.9069	3518.8322	2108.7651	316.2863
764	5921.0157	-3340.9180	3518.8322	2108.7651	316.6600
765	5930.1760	-3344.9292	3518.8322	2108.7651	317.0338
766	5939.3362	-3348.9403	3518.8322	2108.7651	317.4076
767	5948.4965	-3352.9514	3518.8322	2108.7651	317.7814
768	5957.6568	-3356.9625	3518.8322	2108.7651	318.1552
769	5966.8171	-3360.9736	3518.8322	2108.7651	318.5290
770	5975.9774	-3364.9847	3518.8322	2108.7651	318.9028
771	5985.1377	-3368.9958	3518.8322	2108.7651	319.2765
772	5994.2980	-3373.0069	3518.8322	2108.7651	319.6503
773	6003.4583	-3377.0180	3518.8322	2108.7651	320.0241
774	6012.6186	-3381.0292	3518.8322	2108.7651	320.3979
775	6021.7789	-3385.0403	3518.8322	2108.7651	320.7717
776	6030.9392	-3389.0514	3518.8322	2108.7651	321.1455
777	6040.0995	-3393.0625	3518.8322	2108.7651	321.5192
778	6049.2598	-3397.0736	3518.8322	2108.7651	321.8930
779	6058.4201	-3401.0847	3518.8322	2108.7651	322.2668
780	6067.5804	-3405.0958	3518.8322	2108.7651	322.6406
781	6076.7407	-3409.1069	3518.8322	2108.7651	323.0144
782	6085.9010	-3413.1180	3518.8322	2108.7651	323.3882
783	6095.0613	-3417.1292	3518.8322	2108.7651	323.7620
784	6104.2215	-3421.1403	3518.8322	2108.7651	324.1357
785	6113.3818	-3425.1514	3518.8322	2108.7651	324.5095
786	6122.5421	-3429.1625	3518.8322	2108.7651	324.8833
787	6131.7024	-3433.1736	3518.8322	2108.7651	325.2571
788	6140.8627	-3437.1847	3518.8322	2108.7651	325.6309
789	6150.0230	-3441.1958	3518.8322	2108.7651	326.0047
790	6159.1833	-3445.2069	3518.8322	2108.7651	326.3785
791	6168.3436	-3449.2180	3518.8322	2108.7651	326.7522
792	6177.5039	-3453.2292	3518.8322	2108.7651	327.1260
793	6186.6642	-3457.2403	3518.8322	2108.7651	327.4998
794	6195.8245	-3461.2514	3518.8322	2108.7651	327.8736
795	6204.9848	-3465.2625	3518.8322	2108.7651	328.2474
796	6214.1451	-3469.2736	3518.8322	2108.7651	328.6212
797	6223.3054	-3473.2847	3518.8322	2108.7651	328.9949
798	6232.4657	-3477.2958	3518.8322	2108.7651	329.3687
799	6241.6260	-3481.3069	3518.8322	2108.7651	329.7425
800	6250.7863	-3485.3180	3518.8322	2108.7651	330.1163
801	6259.9465	-3489.3291	3518.8322	2108.7651	330.4901
802	6269.1068	-3493.3403	3518.8322	2108.7651	330.8639
803	6278.2671	-3497.3514	3518.8322	2108.7651	331.2377
804	6287.4274	-3501.3625	3518.8322	2108.7651	331.6114
805	6296.5877	-3505.3736	3518.8322	2108.7651	331.9852
806	6305.7480	-3509.3847	3518.8322	2108.7651	332.3590
807	6314.9083	-3513.3958	3518.8322	2108.7651	332.7328
808	6324.0686	-3517.4069	3518.8322	2108.7651	333.1066
809	6333.2289	-3521.4180	3518.8322	2108.7651	333.4804
810	6342.3892	-3525.4291	3518.8322	2108.7651	333.8542
811	6351.5495	-3529.4403	3518.8322	2108.7651	334.2279
812	6360.7098	-3533.4514	3518.8322	2108.7651	334.6017
813	6369.8701	-3537.4625	3518.8322	2108.7651	334.9755
814	6379.0304	-3541.4736	3518.8322	2108.7651	335.3493
815	6388.1907	-3545.4847	3518.8322	2108.7651	335.7231
816	6397.3510	-3549.4958	3518.8322	2108.7651	336.0969
817	6406.5113	-3553.5069	3518.8322	2108.7651	336.4707
818	6415.6715	-3557.5180	3518.8322	2108.7651	336.8444
819	6424.8318	-3561.5291	3518.8322	2108.7651	337.2182
820	6433.9921	-3565.5403	3518.8322	2108.7651	337.5920
821	6443.1524	-3569.5514	3518.8322	2108.7651	337.9658
822	6452.3127	-3573.5625	3518.8322	2108.7651	338.3396
823	6461.4730	-3577.5736	3518.8322	2108.7651	338.7134
824	6470.6333	-3581.5847	3518.8322	2108.7651	339.0871
825	6479.7936	-3585.5958	3518.8322	2108.7651	339.4609
826	6488.9539	-3589.6069	3518.8322	2108.7651	339.8347
827	6498.1142	-3593.6180	3518.8322	2108.7651	340.2085
828	6507.2745	-3597.6291	3518.8322	2108.7651	340.5823
829	6516.4348	-3601.6403	3518.8322	2108.7651	340.9561
830	6525.5951	-3605.6514	3518.8322	2108.7651	341.3299
831	6534.7554	-3609.6625	3518.8322	2108.7651	341.7036
832	6543.9157	-3613.6736	3518.8322	2108.7651	342.0774
833	6553.0760	-3617.6847	3518.8322	2108.7651	342.4512
834	6562.2363	-3621.6958	3518.8322	2108.7651	342.8250
835	6571.3965	-3625.7069	3518.8322	2108.7651	343.1988
836	6580.5568	-3629.7180	3518.8322	2108.7651	343.5726
837	6589.7171	-3633.7291	3518.8322	2108.7651	343.9464
838	6598.8774	-3637.7403	3518.8322	2108.7651	344.3201
839	6608.0377	-3641.7514	3518.8322	2108.7651	344.6939
840	6617.1980	-3645.7625	3518.8322	2108.7651	345.0677
841	6626.3583	-3649.7736	3518.8322	2108.7651	345.4415
842	6635.5186	-3653.7847	3518.8322	2108.7651	345.8153
843	6644.6789	-3657.7958	3518.8322	2108.7651	346.1891
844	6653.8392	-3661.8069	3518.8322	2108.7651	346.5628
845	6662.9995	-3665.8180	3518.8322	2108.7651	346.9366
846	6672.1598	-3669.8291	3518.8322	2108.7651	347.3104
847	6681.3201	-3673.8402	3518.8322	2108.7651	347.6842
848	6690.4804	-3677.8514	3518.8322	2108.7651	348.0580
849	6699.6407	-3681.8625	3518.8322	2108.7651	348.4318
850	6708.8010	-3685.8736	3518.8322	2108.7651	348.8056
851	6717.9613	-3689.8847	3518.8322	2108.7651	349.1793
852	6727.1216	-3693.8958	3518.8322	2108.7651	349.5531
853	6736.2818	-3697.9069	3518.8322	2108.7651	349.9269
854	6745.4421	-3701.9180	3518.8322	2108.7651	350.3007
855	6754.6024	-3705.9291	3518.8322	2108.7651	350.6745
856	6763.7627	-3709.9402	3518.8322	2108.7651	351.0483
857	6772.9230	-3713.9514	3518.8322	2108.7651	351.4221
858	6782.0833	-3717.9625	3518.8322	2108.7651	351.7958
859	6791.2436	-3721.9736	3518.8322	2108.7651	352.1696
860	6800.4039	-3725.9847	3518.8322	2108.7651	352.5434
861	6809.5642	-3729.9958	3518.8322	2108.7651	352.9172
862	6818.7245	-3734.0069	3518.8322	2108.7651	353.2910
863	6827.8848	-3738.0180	3518.8322	2108.7651	353.6648
864	6837.0451	-3742.0291	3518.8322	2108.7651	354.0385
865	6846.2054	-3746.0402	3518.8322	2108.7651	354.4123
866	6855.3657	-3750.0514	3518.8322	2108.7651	354.7861
867	6864.5260	-3754.0625	3518.8322	2108.7651	355.1599
868	6873.6863	-3758.0736	3518.8322	2108.7651	355.5337
869	6882.8466	-3762.0847	3518.8322	2108.7651	355.9075
870	6892.0068	-3766.0958	3518.8322	2108.7651	356.2813
871	6901.1671	-3770.1069	3518.8322	2108.7651	356.6550
872	6910.3274	-3774.1180	3518.8322	2108.7651	357.0288
873	6919.4877	-3778.1291	3518.8322	2108.7651	357.4026
874	6928.6480	-3782.1402	3518.8322	2108.7651	357.7764
875	6937.8083	-3786.1514	3518.8322	2108.7651	358.1502
876	6946.9686	-3790.1625	3518.8322	2108.7651	358.5240
877	6956.1289	-3794.1736	3518.8322	2108.7651	358.8978
878	6965.2892	-3798.1847	3518.8322	2108.7651	359.2715
879	6974.4495	-3802.1958	3518.8322	2108.7651	359.6453
880	6983.6098	-3806.2069	3518.8322	2108.7651	360.0191
881	6992.7701	-3810.2180	3518.8322	2108.7651	360.3929
882	7001.9304	-3814.2291	3518.8322	2108.7651	360.7667
883	7011.0907	-3818.2402	3518.8322	2108.7651	361.1405
884	7020.2510	-3822.2514	3518.8322	2108.7651	361.5142
885	7029.4113	-3826.2625	3518.8322	2108.7651	361.8880
886	7038.5716	-3830.2736	3518.8322	2108.7651	362.2618
887	7047.7318	-3834.2847	3518.8322	2108.7651	362.6356
888	7056.8921	-3838.2958	3518.8322	2108.7651	363.0094
889	7066.0524	-3842.3069	3518.8322	2108.7651	363.3832
890	7075.2127	-3846.3180	3518.8322	2108.7651	363.7570
891	7084.3730	-3850.3291	3518.8322	2108.7651	364.1307
892	7093.5333	-3854.3402	3518.8322	2108.7651	364.5045
893	7102.6936	-3858.3513	3518.8322	2108.7651	364.8783
894	7111.8539	-3862.3625	3518.8322	2108.7651	365.2521
895	7121.0142	-3866.3736	3518.8322	2108.7651	365.6259
896	7130.1745	-3870.3847	3518.8322	2108.7651	365.9997
897	7139.3348	-3874.3958	3518.8322	2108.7651	366.3735
898	7148.4951	-3878.4069	3518.8322	2108.7651	366.7472
899	7157.6554	-3882.4180	3518.8322	2108.7651	367.1210
900	7166.8157	-3886.4291	3518.8322	2108.7651	367.4948
901	7175.9760	-3890.4402	3518.8322	2108.7651	367.8686
902	7185.1363	-3894.4513	3518.8322	2108.7651	368.2424
903	7194.2966	-3898.4625	3518.8322	2108.7651	368.6162
904	7203.4568	-3902.4736	3518.8322	2108.7651	368.9899
905	7212.6171	-3906.4847	3518.8322	2108.7651	369.3637
906	7221.7774	-3910.4958	3518.8322	2108.7651	369.7375
907	7230.9377	-3914.5069	3518.8322	2108.7651	370.1113
908	7240.0980	-3918.5180	3518.8322	2108.7651	370.4851
909	7249.2583	-3922.5291	3518.8322	2108.7651	370.8589
910	7258.4186	-3926.5402	3518.8322	2108.7651	371.2327
911	7267.5789	-3930.5513	3518.8322	2108.7651	371.6064
912	7276.7392	-3934.5625	3518.8322	2108.7651	371.9802
913	7285.8995	-3938.5736	3518.8322	2108.7651	372.3540
914	7295.0598	-3942.5847	3518.8322	2108.7651	372.7278
915	7304.2201	-3946.5958	3518.8322	2108.7651	373.1016
916	7313.3804	-3950.6069	3518.8322	2108.7651	373.4754
917	7322.5407	-3954.6180	3518.8322	2108.7651	373.8492
918	7331.7010	-3958.6291	3518.8322	2108.7651	374.2229
919	7340.8613	-3962.6402	3518.8322	2108.7651	374.5967
920	7350.0216	-3966.6513	3518.8322	2108.7651	374.9705
921	7359.1818	-3970.6625	3518.8322	2108.7651	375.3443
922	7368.3421	-3974.6736	3518.8322	2108.7651	375.7181
923	7377.5024	-3978.6847	3518.8322	2108.7651	376.0919
924	7386.6627	-3982.6958	3518.8322	2108.7651	376.4656
925	7395.8230	-3986.7069	3518.8322	2108.7651	376.8394
926	7404.9833	-3990.7180	3518.8322	2108.7651	377.2132
927	7414.1436	-3994.7291	3518.8322	2108.7651	377.5870
928	7423.3039	-3998.7402	3518.8322	2108.7651	377.9608
929	7432.4642	-4002.7513	3518.8322	2108.7651	378.3346
930	7441.6245	-4006.7625	3518.8322	2108.7651	378.7084
931	7450.7848	-4010.7736	3518.8322	2108.7651	379.0821
932	7459.9451	-4014.7847	3518.8322	2108.7651	379.4559
933	7469.1054	-4018.7958	3518.8322	2108.7651	379.8297
934	7478.2657	-4022.8069	3518.8322	2108.7651	380.2035
935	7487.4260	-4026.8180	3518.8322	2108.7651	380.5773
936	7496.5863	-4030.8291	3518.8322	2108.7651	380.9511
937	7505.7466	-4034.8402	3518.8322	2108.7651	381.3249
938	7514.9069	-4038.8513	3518.8322	2108.7651	381.6986
939	7524.0671	-4042.8624	3518.8322	2108.7651	382.0724
940	7533.2274	-4046.8736	3518.8322	2108.7651	382.4462
941	7542.3877	-4050.8847	3518.8322	2108.7651	382.8200
942	7551.5480	-4054.8958	3518.8322	2108.7651	383.1938
943	7560.7083	-4058.9069	3518.8322	2108.7651	383.5676
944	7569.8686	-4062.9180	3518.8322	2108.7651	383.9413
945	7579.0289	-4066.9291	3518.8322	2108.7651	384.3151
946	7588.1892	-4070.9402	3518.8322	2108.7651	384.6889
947	7597.3495	-4074.9513	3518.8322	2108.7651	385.0627
948	7606.5098	-4078.9624	3518.8322	2108.7651	385.4365
949	7615.6701	-4082.9736	3518.8322	2108.7651	385.8103
950	7624.8304	-4086.9847	3518.8322	2108.7651	386.1841
951	7633.9907	-4090.9958	3518.8322	2108.7651	386.5578
952	7643.1510	-4095.0069	3518.8322	2108.7651	386.9316
953	7652.3113	-4099.0180	3518.8322	2108.7651	387.3054
954	7661.4716	-4103.0291	3518.8322	2108.7651	387.6792
955	7670.6319	-4107.0402	3518.8322	2108.7651	388.0530
956	7679.7921	-4111.0513	3518.8322	2108.7651	388.4268
957	7688.9524	-4115.0624	3518.8322	2108.7651	388.8006
958	7698.1127	-4119.0736	3518.8322	2108.7651	389.1743
959	7707.2730	-4123.0847	3518.8322	2108.7651	389.5481
960	7716.4333	-4127.0958	3518.8322	2108.7651	389.9219
961	7725.5936	-4131.1069	3518.8322	2108.7651	390.2957
962	7734.7539	-4135.1180	3518.8322	2108.7651	390.6695
963	7743.9142	-4139.1291	3518.8322	2108.7651	391.0433
964	7753.0745	-4143.1402	3518.8322	2108.7651	391.4171
965	7762.2348	-4147.1513	3518.8322	2108.7651	391.7908
966	7771.3951	-4151.1624	3518.8322	2108.7651	392.1646
967	7780.5554	-4155.1736	3518.8322	2108.7651	392.5384
968	7789.7157	-4159.1847	3518.8322	2108.7651	392.9122
969	7798.8760	-4163.1958	3518.8322	2108.7651	393.2860
970	7808.0363	-4167.2069	3518.8322	2108.7651	393.6598
971	7817.1966	-4171.2180	3518.8322	2108.7651	394.0335
972	7826.3569	-4175.2291	3518.8322	2108.7651	394.4073
973	7835.5171	-4179.2402	3518.8322	2108.7651	394.7811
974	7844.6774	-4183.2513	3518.8322	2108.7651	395.1549
975	7853.8377	-4187.2624	3518.8322	2108.7651	395.5287
976	7862.9980	-4191.2735	3518.8322	2108.7651	395.9025
977	7872.1583	-4195.2847	3518.8322	2108.7651	396.2763
978	7881.3186	-4199.2958	3518.8322	2108.7651	396.6500
979	7890.4789	-4203.3069	3518.8322	2108.7651	397.0238
980	7899.6392	-4207.3180	3518.8322	2108.7651	397.3976
981	7908.7995	-4211.3291	3518.8322	2108.7651	397.7714
982	7917.9598	-4215.3402	3518.8322	2108.7651	398.1452
983	7927.1201	-4219.3513	3518.8322	2108.7651	398.5190
984	7936.2804	-4223.3624	3518.8322	2108.7651	398.8928
985	7945.4407	-4227.3735	3518.8322	2108.7651	399.2665
986	7954.6010	-4231.3847	3518.8322	2108.7651	399.6403
987	7963.7613	-4235.3958	3518.8322	2108.7651	400.0141
988	7972.9216	-4239.4069	3518.8322	2108.7651	400.3879
989	7982.0819	-4243.4180	3518.8322	2108.7651	400.7617
990	7991.2421	-4247.4291	3518.8322	2108.7651	401.1355
991	8000.4024	-4251.4402	3518.8322	2108.7651	401.5092
992	8009.5627	-4255.4513	3518.8322	2108.7651	401.8830
993	8018.7230	-4259.4624	3518.8322	2108.7651	402.2568
994	8027.8833	-4263.4735	3518.8322	2108.7651	402.6306
995	8037.0436	-4267.4847	3518.8322	2108.7651	403.0044
996	8046.2039	-4271.4958	3518.8322	2108.7651	403.3782
997	8055.3642	-4275.5069	3518.8322	2108.7651	403.7520
998	8064.5245	-4279.5180	3518.8322	2108.7651	404.1257
999	8073.6848	-4283.5291	3518.8322	2108.7651	404.4995
1000	8082.8451	-4287.5402	3518.8322	2108.7651	404.8733
1001	8092.0054	-4291.5513	3518.8322	2108.7651	405.2471
1002	8101.1657	-4295.5624	3518.8322	2108.7651	405.6209
1003	8110.3260	-4299.5735	3518.8322	2108.7651	405.9947
1004	8119.4863	-4303.5847	3518.8322	2108.7651	406.3685
1005	8128.6466	-4307.5958	3518.8322	2108.7651	406.7422
1006	8137.8069	-4311.6069	3518.8322	2108.7651	407.1160
1007	8146.9671	-4315.6180	3518.8322	2108.7651	407.4898
1008	8156.1274	-4319.6291	3518.8322	2108.7651	407.8636
1009	8165.2877	-4323.6402	3518.8322	2108.7651	408.2374
1010	8174.4480	-4327.6513	3518.8322	2108.7651	408.6112
1011	8183.6083	-4331.6624	3518.8322	2108.7651	408.9849
1012	8192.7686	-4335.6735	3518.8322	2108.7651	409.3587
1013	8201.9289	-4339.6847	3518.8322	2108.7651	409.7325
1014	8211.0892	-4343.6958	3518.8322	2108.7651	410.1063
1015	8220.2495	-4347.7069	3518.8322	2108.7651	410.4801
1016	8229.4098	-4351.7180	3518.8322	2108.7651	410.8539
1017	8238.5701	-4355.7291	3518.8322	2108.7651	411.2277
1018	8247.7304	-4359.7402	3518.8322	2108.7651	411.6014
1019	8256.8907	-4363.7513	3518.8322	2108.7651	411.9752
1020	8266.0510	-4367.7624	3518.8322	2108.7651	412.3490
1021	8275.2113	-4371.7735	3518.8322	2108.7651	412.7228
1022	8284.3716	-4375.7846	3518.8322	2108.7651	413.0966
1023	8293.5319	-4379.7958	3518.8322	2108.7651	413.4704
1024	8302.6922	-4383.8069	3518.8322	2108.7651	413.8442
1025	8311.8524	-4387.8180	3518.8322	2108.7651	414.2179
1026	8321.0127	-4391.8291	3518.8322	2108.7651	414.5917
1027	8330.1730	-4395.8402	3518.8322	2108.7651	414.9655
1028	8339.3333	-4399.8513	3518.8322	2108.7651	415.3393
1029	8348.4936	-4403.8624	3518.8322	2108.7651	415.7131
1030	8357.6539	-4407.8735	3518.8322	2108.7651	416.0869
1031	8366.8142	-4411.8846	3518.8322	2108.7651	416.4606
1032	8375.9745	-4415.8958	3518.8322	2108.7651	416.8344
1033	8385.1348	-4419.9069	3518.8322	2108.7651	417.2082
1034	8394.2951	-4423.9180	3518.8322	2108.7651	417.5820
1035	8403.4554	-4427.9291	3518.8322	2108.7651	417.9558
1036	8412.6157	-4431.9402	3518.8322	2108.7651	418.3296
1037	8421.7760	-4435.9513	3518.8322	2108.7651	418.7034
1038	8430.9363	-4439.9624	3518.8322	2108.7651	419.0771
1039	8440.0966	-4443.9735	3518.8322	2108.7651	419.4509
1040	8449.2569	-4447.9846	3518.8322	2108.7651	419.8247
1041	8458.4172	-4451.9958	3518.8322	2108.7651	420.1985
1042	8467.5774	-4456.0069	3518.8322	2108.7651	420.5723
1043	8476.7377	-4460.0180	3518.8322	2108.7651	420.9461
1044	8485.8980	-4464.0291	3518.8322	2108.7651	421.3199
1045	8495.0583	-4468.0402	3518.8322	2108.7651	421.6936
1046	8504.2186	-4472.0513	3518.8322	2108.7651	422.0674
1047	8513.3789	-4476.0624	3518.8322	2108.7651	422.4412
1048	8522.5392	-4480.0735	3518.8322	2108.7651	422.8150
1049	8531.6995	-4484.0846	3518.8322	2108.7651	423.1888
1050	8540.8598	-4488.0958	3518.8322	2108.7651	423.5626
1051	8550.0201	-4492.1069	3518.8322	2108.7651	423.9363
1052	8559.1804	-4496.1180	3518.8322	2108.7651	424.3101
1053	8568.3407	-4500.1291	3518.8322	2108.7651	424.6839
1054	8577.5010	-4504.1402	3518.8322	2108.7651	425.0577
1055	8586.6613	-4508.1513	3518.8322	2108.7651	425.4315
1056	8595.8216	-4512.1624	3518.8322	2108.7651	425.8053
1057	8604.9819	-4516.1735	3518.8322	2108.7651	426.1791
1058	8614.1422	-4520.1846	3518.8322	2108.7651	426.5528
1059	8623.3024	-4524.1958	3518.8322	2108.7651	426.9266
1060	8632.4627	-4528.2069	3518.8322	2108.7651	427.3004
1061	8641.6230	-4532.2180	3518.8322	2108.7651	427.6742
1062	8650.7833	-4536.2291	3518.8322	2108.7651	428.0480
1063	8659.9436	-4540.2402	3518.8322	2108.7651	428.4218
1064	8669.1039	-4544.2513	3518.8322	2108.7651	428.7956
1065	8678.2642	-4548.2624	3518.8322	2108.7651	429.1693
1066	8687.4245	-4552.2735	3518.8322	2108.7651	429.5431
1067	8696.5848	-4556.2846	3518.8322	2108.7651	429.9169
1068	8705.7451	-4560.2957	3518.8322	2108.7651	430.2907
1069	8714.9054	-4564.3069	3518.8322	2108.7651	430.6645
1070	8724.0657	-4568.3180	3518.8322	2108.7651	431.0383
1071	8733.2260	-4572.3291	3518.8322	2108.7651	431.4120
1072	8742.3863	-4576.3402	3518.8322	2108.7651	431.7858
1073	8751.5466	-4580.3513	3518.8322	2108.7651	432.1596
1074	8760.7069	-4584.3624	3518.8322	2108.7651	432.5334
1075	8769.8672	-4588.3735	3518.8322	2108.7651	432.9072
1076	8779.0274	-4592.3846	3518.8322	2108.7651	433.2810
1077	8788.1877	-4596.3957	3518.8322	2108.7651	433.6548
1078	8797.3480	-4600.4069	3518.8322	2108.7651	434.0285
1079	8806.5083	-4604.4180	3518.8322	2108.7651	434.4023
1080	8815.6686	-4608.4291	3518.8322	2108.7651	434.7761
1081	8824.8289	-4612.4402	3518.8322	2108.7651	435.1499
1082	8833.9892	-4616.4513	3518.8322	2108.7651	435.5237
1083	8843.1495	-4620.4624	3518.8322	2108.7651	435.8975
1084	8852.3098	-4624.4735	3518.8322	2108.7651	436.2713
1085	8861.4701	-4628.4846	3518.8322	2108.7651	436.6450
1086	8870.6304	-4632.4957	3518.8322	2108.7651	437.0188
1087	8879.7907	-4636.5069	3518.8322	2108.7651	437.3926
1088	8888.9510	-4640.5180	3518.8322	2108.7651	437.7664
1089	8898.1113	-4644.5291	3518.8322	2108.7651	438.1402
1090	8907.2716	-4648.5402	3518.8322	2108.7651	438.5140
1091	8916.4319	-4652.5513	3518.8322	2108.7651	438.8878
1092	8925.5922	-4656.5624	3518.8322	2108.7651	439.2615
1093	8934.7525	-4660.5735	3518.8322	2108.7651	439.6353
1094	8943.9127	-4664.5846	3518.8322	2108.7651	440.0091
1095	8953.0730	-4668.5957	3518.8322	2108.7651	440.3829
1096	8962.2333	-4672.6069	3518.8322	2108.7651	440.7567
1097	8971.3936	-4676.6180	3518.8322	2108.7651	441.1305
1098	8980.5539	-4680.6291	3518.8322	2108.7651	441.5042
1099	8989.7142	-4684.6402	3518.8322	2108.7651	441.8780
1100	8998.8745	-4688.6513	3518.8322	2108.7651	442.2518
1101	9008.0348	-4692.6624	3518.8322	2108.7651	442.6256
1102	9017.1951	-4696.6735	3518.8322	2108.7651	442.9994
1103	9026.3554	-4700.6846	3518.8322	2108.7651	443.3732
1104	9035.5157	-4704.6957	3518.8322	2108.7651	443.7470
1105	9044.6760	-4708.7069	3518.8322	2108.7651	444.1207
1106	9053.8363	-4712.7180	3518.8322	2108.7651	444.4945
1107	9062.9966	-4716.7291	3518.8322	2108.7651	444.8683
1108	9072.1569	-4720.7402	3518.8322	2108.7651	445.2421
1109	9081.3172	-4724.7513	3518.8322	2108.7651	445.6159
1110	9090.4775	-4728.7624	3518.8322	2108.7651	445.9897
1111	9099.6377	-4732.7735	3518.8322	2108.7651	446.3635
1112	9108.7980	-4736.7846	3518.8322	2108.7651	446.7372
1113	9117.9583	-4740.7957	3518.8322	2108.7651	447.1110
1114	9127.1186	-4744.8068	3518.8322	2108.7651	447.4848
1115	9136.2789	-4748.8180	3518.8322	2108.7651	447.8586
1116	9145.4392	-4752.8291	3518.8322	2108.7651	448.2324
1117	9154.5995	-4756.8402	3518.8322	2108.7651	448.6062
1118	9163.7598	-4760.8513	3518.8322	2108.7651	448.9799
1119	9172.9201	-4764.8624	3518.8322	2108.7651	449.3537
1120	9182.0804	-4768.8735	3518.8322	2108.7651	449.7275
1121	9191.2407	-4772.8846	3518.8322	2108.7651	450.1013
1122	9200.4010	-4776.8957	3518.8322	2108.7651	450.4751
1123	9209.5613	-4780.9068	3518.8322	2108.7651	450.8489
1124	9218.7216	-4784.9180	3518.8322	2108.7651	451.2227
1125	9227.8819	-4788.9291	3518.8322	2108.7651	451.5964
1126	9237.0422	-4792.9402	3518.8322	2108.7651	451.9702
1127	9246.2025	-4796.9513	3518.8322	2108.7651	452.3440
1128	9255.3627	-4800.9624	3518.8322	2108.7651	452.7178
1129	9264.5230	-4804.9735	3518.8322	2108.7651	453.0916
1130	9273.6833	-4808.9846	3518.8322	2108.7651	453.4654
1131	9282.8436	-4812.9957	3518.8322	2108.7651	453.8392
1132	9292.0039	-4817.0068	3518.8322	2108.7651	454.2129
1133	9301.1642	-4821.0180	3518.8322	2108.7651	454.5867
1134	9310.3245	-4825.0291	3518.8322	2108.7651	454.9605
1135	9319.4848	-4829.0402	3518.8322	2108.7651	455.3343
1136	9328.6451	-4833.0513	3518.8322	2108.7651	455.7081
1137	9337.8054	-4837.0624	3518.8322	2108.7651	456.0819
1138	9346.9657	-4841.0735	3518.8322	2108.7651	456.4556
1139	9356.1260	-4845.0846	3518.8322	2108.7651	456.8294
1140	9365.2863	-4849.0957	3518.8322	2108.7651	457.2032
1141	9374.4466	-4853.1068	3518.8322	2108.7651	457.5770
1142	9383.6069	-4857.1180	3518.8322	2108.7651	457.9508
1143	9392.7672	-4861.1291	3518.8322	2108.7651	458.3246
1144	9401.9275	-4865.1402	3518.8322	2108.7651	458.6984
1145	9411.0877	-4869.1513	3518.8322	2108.7651	459.0721
1146	9420.2480	-4873.1624	3518.8322	2108.7651	459.4459
1147	9429.4083	-4877.1735	3518.8322	2108.7651	459.8197
1148	9438.5686	-4881.1846	3518.8322	2108.7651	460.1935
1149	9447.7289	-4885.1957	3518.8322	2108.7651	460.5673
1150	9456.8892	-4889.2068	3518.8322	2108.7651	460.9411
1151	9466.0495	-4893.2180	3518.8322	2108.7651	461.3149
1152	9475.2098	-4897.2291	3518.8322	2108.7651	461.6886
1153	9484.3701	-4901.2402	3518.8322	2108.7651	462.0624
1154	9493.5304	-4905.2513	3518.8322	2108.7651	462.4362
1155	9502.6907	-4909.2624	3518.8322	2108.7651	462.8100
1156	9511.8510	-4913.2735	3518.8322	2108.7651	463.1838
1157	9521.0113	-4917.2846	3518.8322	2108.7651	463.5576
1158	9530.1716	-4921.2957	3518.8322	2108.7651	463.9313
1159	9539.3319	-4925.3068	3518.8322	2108.7651	464.3051
1160	9548.4922	-4929.3179	3518.8322	2108.7651	464.6789
1161	9557.6525	-4933.3291	3518.8322	2108.7651	465.0527
1162	9566.8127	-4937.3402	3518.8322	2108.7651	465.4265
1163	9575.9730	-4941.3513	3518.8322	2108.7651	465.8003
1164	9585.1333	-4945.3624	3518.8322	2108.7651	466.1741
1165	9594.2936	-4949.3735	3518.8322	2108.7651	466.5478
1166	9603.4539	-4953.3846	3518.8322	2108.7651	466.9216
1167	9612.6142	-4957.3957	3518.8322	2108.7651	467.2954
1168	9621.7745	-4961.4068	3518.8322	2108.7651	467.6692
1169	9630.9348	-4965.4179	3518.8322	2108.7651	468.0430
1170	9640.0951	-4969.4291	3518.8322	2108.7651	468.4168
1171	9649.2554	-4973.4402	3518.8322	2108.7651	468.7906
1172	9658.4157	-4977.4513	3518.8322	2108.7651	469.1643
1173	9667.5760	-4981.4624	3518.8322	2108.7651	469.5381
1174	9676.7363	-4985.4735	3518.8322	2108.7651	469.9119
1175	9685.8966	-4989.4846	3518.8322	2108.7651	470.2857
1176	9695.0569	-4993.4957	3518.8322	2108.7651	470.6595
1177	9704.2172	-4997.5068	3518.8322	2108.7651	471.0333
1178	9713.3775	-5001.5179	3518.8322	2108.7651	471.4070
1179	9722.5378	-5005.5291	3518.8322	2108.7651	471.7808
1180	9731.6980	-5009.5402	3518.8322	2108.7651	472.1546
1181	9740.8583	-5013.5513	3518.8322	2108.7651	472.5284
1182	9750.0186	-5017.5624	3518.8322	2108.7651	472.9022
1183	9759.1789	-5021.5735	3518.8322	2108.7651	473.2760
1184	9768.3392	-5025.5846	3518.8322	2108.7651	473.6498
1185	9777.4995	-5029.5957	3518.8322	2108.7651	474.0235
1186	9786.6598	-5033.6068	3518.8322	2108.7651	474.3973
1187	9795.8201	-5037.6179	3518.8322	2108.7651	474.7711
1188	9804.9804	-5041.6291	3518.8322	2108.7651	475.1449
1189	9814.1407	-5045.6402	3518.8322	2108.7651	475.5187
1190	9823.3010	-5049.6513	3518.8322	2108.7651	475.8925
1191	9832.4613	-5053.6624	3518.8322	2108.7651	476.2663
1192	9841.6216	-5057.6735	3518.8322	2108.7651	476.6400
1193	9850.7819	-5061.6846	3518.8322	2108.7651	477.0138
1194	9859.9422	-5065.6957	3518.8322	2108.7651	477.3876
1195	9869.1025	-5069.7068	3518.8322	2108.7651	477.7614
1196	9878.2628	-5073.7179	3518.8322	2108.7651	478.1352
1197	9887.4230	-5077.7290	3518.8322	2108.7651	478.5090
1198	9896.5833	-5081.7402	3518.8322	2108.7651	478.8827
1199	9905.7436	-5085.7513	3518.8322	2108.7651	479.2565
1200	9914.9039	-5089.7624	3518.8322	2108.7651	479.6303
1201	9924.0642	-5093.7735	3518.8322	2108.7651	480.0041
1202	9933.2245	-5097.7846	3518.8322	2108.7651	480.3779
1203	9942.3848	-5101.7957	3518.8322	2108.7651	480.7517
1204	9951.5451	-5105.8068	3518.8322	2108.7651	481.1255
1205	9960.7054	-5109.8179	3518.8322	2108.7651	481.4992
1206	9969.8657	-5113.8290	3518.8322	2108.7651	481.8730
1207	9979.0260	-5117.8402	3518.8322	2108.7651	482.2468
1208	9988.1863	-5121.8513	3518.8322	2108.7651	482.6206
1209	9997.3466	-5125.8624	3518.8322	2108.7651	482.9944
1210	10006.5069	-5129.8735	3518.8322	2108.7651	483.3682
1211	10015.6672	-5133.8846	3518.8322	2108.7651	483.7420
1212	10024.8275	-5137.8957	3518.8322	2108.7651	484.1157
1213	10033.9878	-5141.9068	3518.8322	2108.7651	484.4895
1214	10043.1480	-5145.9179	3518.8322	2108.7651	484.8633
1215	10052.3083	-5149.9290	3518.8322	2108.7651	485.2371
1216	10061.4686	-5153.9402	3518.8322	2108.7651	485.6109
1217	10070.6289	-5157.9513	3518.8322	2108.7651	485.9847
1218	10079.7892	-5161.9624	3518.8322	2108.7651	486.3585
1219	10088.9495	-5165.9735	3518.8322	2108.7651	486.7322
1220	10098.1098	-5169.9846	3518.8322	2108.7651	487.1060
1221	10107.2701	-5173.9957	3518.8322	2108.7651	487.4798
1222	10116.4304	-5178.0068	3518.8322	2108.7651	487.8536
1223	10125.5907	-5182.0179	3518.8322	2108.7651	488.2274
1224	10134.7510	-5186.0290	3518.8322	2108.7651	488.6012
1225	10143.9113	-5190.0402	3518.8322	2108.7651	488.9749
1226	10153.0716	-5194.0513	3518.8322	2108.7651	489.3487
1227	10162.2319	-5198.0624	3518.8322	2108.7651	489.7225
1228	10171.3922	-5202.0735	3518.8322	2108.7651	490.0963
1229	10180.5525	-5206.0846	3518.8322	2108.7651	490.4701
1230	10189.7128	-5210.0957	3518.8322	2108.7651	490.8439
1231	10198.8730	-5214.1068	3518.8322	2108.7651	491.2177
1232	10208.0333	-5218.1179	3518.8322	2108.7651	491.5914
1233	10217.1936	-5222.1290	3518.8322	2108.7651	491.9652
1234	10226.3539	-5226.1402	3518.8322	2108.7651	492.3390
1235	10235.5142	-5230.1513	3518.8322	2108.7651	492.7128
1236	10244.6745	-5234.1624	3518.8322	2108.7651	493.0866
1237	10253.8348	-5238.1735	3518.8322	2108.7651	493.4604
1238	10262.9951	-5242.1846	3518.8322	2108.7651	493.8342
1239	10272.1554	-5246.1957	3518.8322	2108.7651	494.2079
1240	10281.3157	-5250.2068	3518.8322	2108.7651	494.5817
1241	10290.4760	-5254.2179	3518.8322	2108.7651	494.9555
1242	10299.6363	-5258.2290	3518.8322	2108.7651	495.3293
1243	10308.7966	-5262.2401	3518.8322	2108.7651	495.7031
1244	10317.9569	-5266.2513	3518.8322	2108.7651	496.0769
1245	10327.1172	-5270.2624	3518.8322	2108.7651	496.4506
1246	10336.2775	-5274.2735	3518.8322	2108.7651	496.8244
1247	10345.4378	-5278.2846	3518.8322	2108.7651	497.1982
1248	10354.5980	-5282.2957	3518.8322	2108.7651	497.5720
1249	10363.7583	-5286.3068	3518.8322	2108.7651	497.9458
1250	10372.9186	-5290.3179	3518.8322	2108.7651	498.3196
1251	10382.0789	-5294.3290	3518.8322	2108.7651	498.6934
1252	10391.2392	-5298.3401	3518.8322	2108.7651	499.0671
1253	10400.3995	-5302.3513	3518.8322	2108.7651	499.4409
1254	10409.5598	-5306.3624	3518.8322	2108.7651	499.8147
1255	10418.7201	-5310.3735	3518.8322	2108.7651	500.1885
1256	10427.8804	-5314.3846	3518.8322	2108.7651	500.5623
1257	10437.0407	-5318.3957	3518.8322	2108.7651	500.9361
1258	10446.2010	-5322.4068	3518.8322	2108.7651	501.3099
1259	10455.3613	-5326.4179	3518.8322	2108.7651	501.6836
1260	10464.5216	-5330.4290	3518.8322	2108.7651	502.0574
1261	10473.6819	-5334.4401	3518.8322	2108.7651	502.4312
1262	10482.8422	-5338.4513	3518.8322	2108.7651	502.8050
1263	10492.0025	-5342.4624	3518.8322	2108.7651	503.1788
1264	10501.1628	-5346.4735	3518.8322	2108.7651	503.5526
1265	10510.3231	-5350.4846	3518.8322	2108.7651	503.9263
1266	10519.4833	-5354.4957	3518.8322	2108.7651	504.3001
1267	10528.6436	-5358.5068	3518.8322	2108.7651	504.6739
1268	10537.8039	-5362.5179	3518.8322	2108.7651	505.0477
1269	10546.9642	-5366.5290	3518.8322	2108.7651	505.4215
1270	10556.1245	-5370.5401	3518.8322	2108.7651	505.7953
1271	10565.2848	-5374.5513	3518.8322	2108.7651	506.1691
1272	10574.4451	-5378.5624	3518.8322	2108.7651	506.5428
1273	10583.6054	-5382.5735	3518.8322	2108.7651	506.9166
1274	10592.7657	-5386.5846	3518.8322	2108.7651	507.2904
1275	10601.9260	-5390.5957	3518.8322	2108.7651	507.6642
1276	10611.0863	-5394.6068	3518.8322	2108.7651	508.0380
1277	10620.2466	-5398.6179	3518.8322	2108.7651	508.4118
1278	10629.4069	-5402.6290	3518.8322	2108.7651	508.7856
1279	10638.5672	-5406.6401	3518.8322	2108.7651	509.1593
1280	10647.7275	-5410.6513	3518.8322	2108.7651	509.5331
1281	10656.8878	-5414.6624	3518.8322	2108.7651	509.9069
1282	10666.0481	-5418.6735	3518.8322	2108.7651	510.2807
1283	10675.2083	-5422.6846	3518.8322	2108.7651	510.6545
1284	10684.3686	-5426.6957	3518.8322	2108.7651	511.0283
1285	10693.5289	-5430.7068	3518.8322	2108.7651	511.4020
1286	10702.6892	-5434.7179	3518.8322	2108.7651	511.7758
1287	10711.8495	-5438.7290	3518.8322	2108.7651	512.1496
1288	10721.0098	-5442.7401	3518.8322	2108.7651	512.5234
1289	10730.1701	-5446.7512	3518.8322	2108.7651	512.8972
1290	10739.3304	-5450.7624	3518.8322	2108.7651	513.2710
1291	10748.4907	-5454.7735	3518.8322	2108.7651	513.6448
1292	10757.6510	-5458.7846	3518.8322	2108.7651	514.0185
1293	10766.8113	-5462.7957	3518.8322	2108.7651	514.3923
1294	10775.9716	-5466.8068	3518.8322	2108.7651	514.7661
1295	10785.1319	-5470.8179	3518.8322	2108.7651	515.1399
1296	10794.2922	-5474.8290	3518.8322	2108.7651	515.5137
1297	10803.4525	-5478.8401	3518.8322	2108.7651	515.8875
1298	10812.6128	-5482.8512	3518.8322	2108.7651	516.2613
1299	10821.7731	-5486.8624	3518.8322	2108.7651	516.6350
1300	10830.9333	-5490.8735	3518.8322	2108.7651	517.0088
1301	10840.0936	-5494.8846	3518.8322	2108.7651	517.3826
1302	10849.2539	-5498.8957	3518.8322	2108.7651	517.7564
1303	10858.4142	-5502.9068	3518.8322	2108.7651	518.1302
1304	10867.5745	-5506.9179	3518.8322	2108.7651	518.5040
1305	10876.7348	-5510.9290	3518.8322	2108.7651	518.8777
1306	10885.8951	-5514.9401	3518.8322	2108.7651	519.2515
1307	10895.0554	-5518.9512	3518.8322	2108.7651	519.6253
1308	10904.2157	-5522.9624	3518.8322	2108.7651	519.9991
1309	10913.3760	-5526.9735	3518.8322	2108.7651	520.3729
1310	10922.5363	-5530.9846	3518.8322	2108.7651	520.7467
1311	10931.6966	-5534.9957	3518.8322	2108.7651	521.1205
1312	10940.8569	-5539.0068	3518.8322	2108.7651	521.4942
1313	10950.0172	-5543.0179	3518.8322	2108.7651	521.8680
1314	10959.1775	-5547.0290	3518.8322	2108.7651	522.2418
1315	10968.3378	-5551.0401	3518.8322	2108.7651	522.6156
1316	10977.4981	-5555.0512	3518.8322	2108.7651	522.9894
1317	10986.6583	-5559.0624	3518.8322	2108.7651	523.3632
1318	10995.8186	-5563.0735	3518.8322	2108.7651	523.7370
1319	11004.9789	-5567.0846	3518.8322	2108.7651	524.1107
1320	11014.1392	-5571.0957	3518.8322	2108.7651	524.4845
1321	11023.2995	-5575.1068	3518.8322	2108.7651	524.8583
1322	11032.4598	-5579.1179	3518.8322	2108.7651	525.2321
1323	11041.6201	-5583.1290	3518.8322	2108.7651	525.6059
1324	11050.7804	-5587.1401	3518.8322	2108.7651	525.9797
1325	11059.9407	-5591.1512	3518.8322	2108.7651	526.3534
1326	11069.1010	-5595.1624	3518.8322	2108.7651	526.7272
1327	11078.2613	-5599.1735	3518.8322	2108.7651	527.1010
1328	11087.4216	-5603.1846	3518.8322	2108.7651	527.4748
1329	11096.5819	-5607.1957	3518.8322	2108.7651	527.8486
1330	11105.7422	-5611.2068	3518.8322	2108.7651	528.2224
1331	11114.9025	-5615.2179	3518.8322	2108.7651	528.5962
1332	11124.0628	-5619.2290	3518.8322	2108.7651	528.9699
1333	11133.2231	-5623.2401	3518.8322	2108.7651	529.3437
1334	11142.3834	-5627.2512	3518.8322	2108.7651	529.7175
1335	11151.5436	-5631.2623	3518.8322	2108.7651	530.0913
1336	11160.7039	-5635.2735	3518.8322	2108.7651	530.4651
1337	11169.8642	-5639.2846	3518.8322	2108.7651	530.8389
1338	11179.0245	-5643.2957	3518.8322	2108.7651	531.2127
1339	11188.1848	-5647.3068	3518.8322	2108.7651	531.5864
1340	11197.3451	-5651.3179	3518.8322	2108.7651	531.9602
1341	11206.5054	-5655.3290	3518.8322	2108.7651	532.3340
1342	11215.6657	-5659.3401	3518.8322	2108.7651	532.7078
1343	11224.8260	-5663.3512	3518.8322	2108.7651	533.0816
1344	11233.9863	-5667.3623	3518.8322	2108.7651	533.4554
1345	11243.1466	-5671.3735	3518.8322	2108.7651	533.8292
1346	11252.3069	-5675.3846	3518.8322	2108.7651	534.2029
1347	11261.4672	-5679.3957	3518.8322	2108.7651	534.5767
1348	11270.6275	-5683.4068	3518.8322	2108.7651	534.9505
1349	11279.7878	-5687.4179	3518.8322	2108.7651	535.3243
1350	11288.9481	-5691.4290	3518.8322	2108.7651	535.6981
1351	11298.1084	-5695.4401	3518.8322	2108.7651	536.0719
1352	11307.2686	-5699.4512	3518.8322	2108.7651	536.4456
1353	11316.4289	-5703.4623	3518.8322	2108.7651	536.8194
1354	11325.5892	-5707.4735	3518.8322	2108.7651	537.1932
1355	11334.7495	-5711.4846	3518.8322	2108.7651	537.5670
1356	11343.9098	-5715.4957	3518.8322	2108.7651	537.9408
1357	11353.0701	-5719.5068	3518.8322	2108.7651	538.3146
1358	11362.2304	-5723.5179	3518.8322	2108.7651	538.6884
1359	11371.3907	-5727.5290	3518.8322	2108.7651	539.0621
1360	11380.5510	-5731.5401	3518.8322	2108.7651	539.4359
1361	11389.7113	-5735.5512	3518.8322	2108.7651	539.8097
1362	11398.8716	-5739.5623	3518.8322	2108.7651	540.1835
1363	11408.0319	-5743.5735	3518.8322	2108.7651	540.5573
1364	11417.1922	-5747.5846	3518.8322	2108.7651	540.9311
1365	11426.3525	-5751.5957	3518.8322	2108.7651	541.3049
1366	11435.5128	-5755.6068	3518.8322	2108.7651	541.6786
1367	11444.6731	-5759.6179	3518.8322	2108.7651	542.0524
1368	11453.8334	-5763.6290	3518.8322	2108.7651	542.4262
1369	11462.9936	-5767.6401	3518.8322	2108.7651	542.8000
1370	11472.1539	-5771.6512	3518.8322	2108.7651	543.1738
1371	11481.3142	-5775.6623	3518.8322	2108.7651	543.5476
1372	11490.4745	-5779.6735	3518.8322	2108.7651	543.9213
1373	11499.6348	-5783.6846	3518.8322	2108.7651	544.2951
1374	11508.7951	-5787.6957	3518.8322	2108.7651	544.6689
1375	11517.9554	-5791.7068	3518.8322	2108.7651	545.0427
1376	11527.1157	-5795.7179	3518.8322	2108.7651	545.4165
1377	11536.2760	-5799.7290	3518.8322	2108.7651	545.7903
1378	11545.4363	-5803.7401	3518.8322	2108.7651	546.1641
1379	11554.5966	-5807.7512	3518.8322	2108.7651	546.5378
1380	11563.7569	-5811.7623	3518.8322	2108.7651	546.9116
1381	11572.9172	-5815.7734	3518.8322	2108.7651	547.2854
1382	11582.0775	-5819.7846	3518.8322	2108.7651	547.6592
1383	11591.2378	-5823.7957	3518.8322	2108.7651	548.0330
1384	11600.3981	-5827.8068	3518.8322	2108.7651	548.4068
1385	11609.5584	-5831.8179	3518.8322	2108.7651	548.7806
1386	11618.7186	-5835.8290	3518.8322	2108.7651	549.1543
1387	11627.8789	-5839.8401	3518.8322	2108.7651	549.5281
1388	11637.0392	-5843.8512	3518.8322	2108.7651	549.9019
1389	11646.1995	-5847.8623	3518.8322	2108.7651	550.2757
1390	11655.3598	-5851.8734	3518.8322	2108.7651	550.6495
1391	11664.5201	-5855.8846	3518.8322	2108.7651	551.0233
1392	11673.6804	-5859.8957	3518.8322	2108.7651	551.3970
1393	11682.8407	-5863.9068	3518.8322	2108.7651	551.7708
1394	11692.0010	-5867.9179	3518.8322	2108.7651	552.1446
1395	11701.1613	-5871.9290	3518.8322	2108.7651	552.5184
1396	11710.3216	-5875.9401	3518.8322	2108.7651	552.8922
1397	11719.4819	-5879.9512	3518.8322	2108.7651	553.2660
1398	11728.6422	-5883.9623	3518.8322	2108.7651	553.6398
1399	11737.8025	-5887.9734	3518.8322	2108.7651	554.0135
1400	11746.9628	-5891.9846	3518.8322	2108.7651	554.3873
1401	11756.1231	-5895.9957	3518.8322	2108.7651	554.7611
1402	11765.2834	-5900.0068	3518.8322	2108.7651	555.1349
1403	11774.4436	-5904.0179	3518.8322	2108.7651	555.5087
1404	11783.6039	-5908.0290	3518.8322	2108.7651	555.8825
1405	11792.7642	-5912.0401	3518.8322	2108.7651	556.2563
1406	11801.9245	-5916.0512	3518.8322	2108.7651	556.6300
1407	11811.0848	-5920.0623	3518.8322	2108.7651	557.0038
1408	11820.2451	-5924.0734	3518.8322	2108.7651	557.3776
1409	11829.4054	-5928.0846	3518.8322	2108.7651	557.7514
1410	11838.5657	-5932.0957	3518.8322	2108.7651	558.1252
1411	11847.7260	-5936.1068	3518.8322	2108.7651	558.4990
1412	11856.8863	-5940.1179	3518.8322	2108.7651	558.8727
1413	11866.0466	-5944.1290	3518.8322	2108.7651	559.2465
1414	11875.2069	-5948.1401	3518.8322	2108.7651	559.6203
1415	11884.3672	-5952.1512	3518.8322	2108.7651	559.9941
1416	11893.5275	-5956.1623	3518.8322	2108.7651	560.3679
1417	11902.6878	-5960.1734	3518.8322	2108.7651	560.7417
1418	11911.8481	-5964.1846	3518.8322	2108.7651	561.1155
1419	11921.0084	-5968.1957	3518.8322	2108.7651	561.4892
1420	11930.1687	-5972.2068	3518.8322	2108.7651	561.8630
1421	11939.3289	-5976.2179	3518.8322	2108.7651	562.2368
1422	11948.4892	-5980.2290	3518.8322	2108.7651	562.6106
1423	11957.6495	-5984.2401	3518.8322	2108.7651	562.9844
1424	11966.8098	-5988.2512	3518.8322	2108.7651	563.3582
1425	11975.9701	-5992.2623	3518.8322	2108.7651	563.7320
1426	11985.1304	-5996.2734	3518.8322	2108.7651	564.1057
1427	11994.2907	-6000.2845	3518.8322	2108.7651	564.4795
1428	12003.4510	-6004.2957	3518.8322	2108.7651	564.8533
1429	12012.6113	-6008.3068	3518.8322	2108.7651	565.2271
1430	12021.7716	-6012.3179	3518.8322	2108.7651	565.6009
1431	12030.9319	-6016.3290	3518.8322	2108.7651	565.9747
1432	12040.0922	-6020.3401	3518.8322	2108.7651	566.3484
1433	12049.2525	-6024.3512	3518.8322	2108.7651	566.7222
1434	12058.4128	-6028.3623	3518.8322	2108.7651	567.0960
1435	12067.5731	-6032.3734	3518.8322	2108.7651	567.4698
1436	12076.7334	-6036.3845	3518.8322	2108.7651	567.8436
1437	12085.8937	-6040.3957	3518.8322	2108.7651	568.2174
1438	12095.0539	-6044.4068	3518.8322	2108.7651	568.5912
1439	12104.2142	-6048.4179	3518.8322	2108.7651	568.9649
1440	12113.3745	-6052.4290	3518.8322	2108.7651	569.3387
1441	12122.5348	-6056.4401	3518.8322	2108.7651	569.7125
1442	12131.6951	-6060.4512	3518.8322	2108.7651	570.0863
1443	12140.8554	-6064.4623	3518.8322	2108.7651	570.4601
1444	12150.0157	-6068.4734	3518.8322	2108.7651	570.8339
1445	12159.1760	-6072.4845	3518.8322	2108.7651	571.2077
1446	12168.3363	-6076.4957	3518.8322	2108.7651	571.5814
1447	12177.4966	-6080.5068	3518.8322	2108.7651	571.9552
1448	12186.6569	-6084.5179	3518.8322	2108.7651	572.3290
1449	12195.8172	-6088.5290	3518.8322	2108.7651	572.7028
1450	12204.9775	-6092.5401	3518.8322	2108.7651	573.0766
1451	12214.1378	-6096.5512	3518.8322	2108.7651	573.4504
1452	12223.2981	-6100.5623	3518.8322	2108.7651	573.8241
1453	12232.4584	-6104.5734	3518.8322	2108.7651	574.1979
1454	12241.6187	-6108.5845	3518.8322	2108.7651	574.5717
1455	12250.7789	-6112.5957	3518.8322	2108.7651	574.9455
1456	12259.9392	-6116.6068	3518.8322	2108.7651	575.3193
1457	12269.0995	-6120.6179	3518.8322	2108.7651	575.6931
1458	12278.2598	-6124.6290	3518.8322	2108.7651	576.0669
1459	12287.4201	-6128.6401	3518.8322	2108.7651	576.4406
1460	12296.5804	-6132.6512	3518.8322	2108.7651	576.8144
1461	12305.7407	-6136.6623	3518.8322	2108.7651	577.1882
1462	12314.9010	-6140.6734	3518.8322	2108.7651	577.5620
1463	12324.0613	-6144.6845	3518.8322	2108.7651	577.9358
1464	12333.2216	-6148.6956	3518.8322	2108.7651	578.3096
1465	12342.3819	-6152.7068	3518.8322	2108.7651	578.6834
1466	12351.5422	-6156.7179	3518.8322	2108.7651	579.0571
1467	12360.7025	-6160.7290	3518.8322	2108.7651	579.4309
1468	12369.8628	-6164.7401	3518.8322	2108.7651	579.8047
1469	12379.0231	-6168.7512	3518.8322	2108.7651	580.1785
1470	12388.1834	-6172.7623	3518.8322	2108.7651	580.5523
1471	12397.3437	-6176.7734	3518.8322	2108.7651	580.9261
1472	12406.5039	-6180.7845	3518.8322	2108.7651	581.2999
1473	12415.6642	-6184.7956	3518.8322	2108.7651	581.6736
1474	12424.8245	-6188.8068	3518.8322	2108.7651	582.0474
1475	12433.9848	-6192.8179	3518.8322	2108.7651	582.4212
1476	12443.1451	-6196.8290	3518.8322	2108.7651	582.7950
1477	12452.3054	-6200.8401	3518.8322	2108.7651	583.1688
1478	12461.4657	-6204.8512	3518.8322	2108.7651	583.5426
1479	12470.6260	-6208.8623	3518.8322	2108.7651	583.9163
1480	12479.7863	-6212.8734	3518.8322	2108.7651	584.2901
1481	12488.9466	-6216.8845	3518.8322	2108.7651	584.6639
1482	12498.1069	-6220.8956	3518.8322	2108.7651	585.0377
1483	12507.2672	-6224.9068	3518.8322	2108.7651	585.4115
1484	12516.4275	-6228.9179	3518.8322	2108.7651	585.7853
1485	12525.5878	-6232.9290	3518.8322	2108.7651	586.1591
1486	12534.7481	-6236.9401	3518.8322	2108.7651	586.5328
1487	12543.9084	-6240.9512	3518.8322	2108.7651	586.9066
1488	12553.0687	-6244.9623	3518.8322	2108.7651	587.2804
1489	12562.2289	-6248.9734	3518.8322	2108.7651	587.6542
1490	12571.3892	-6252.9845	3518.8322	2108.7651	588.0280
1491	12580.5495	-6256.9956	3518.8322	2108.7651	588.4018
1492	12589.7098	-6261.0068	3518.8322	2108.7651	588.7756
1493	12598.8701	-6265.0179	3518.8322	2108.7651	589.1493
1494	12608.0304	-6269.0290	3518.8322	2108.7651	589.5231
1495	12617.1907	-6273.0401	3518.8322	2108.7651	589.8969
1496	12626.3510	-6277.0512	3518.8322	2108.7651	590.2707
1497	12635.5113	-6281.0623	3518.8322	2108.7651	590.6445
1498	12644.6716	-6285.0734	3518.8322	2108.7651	591.0183
1499	12653.8319	-6289.0845	3518.8322	2108.7651	591.3920
1500	12662.9922	-6293.0956	3518.8322	2108.7651	591.7658
1501	12672.1525	-6297.1068	3518.8322	2108.7651	592.1396
1502	12681.3128	-6301.1179	3518.8322	2108.7651	592.5134
1503	12690.4731	-6305.1290	3518.8322	2108.7651	592.8872
1504	12699.6334	-6309.1401	3518.8322	2108.7651	593.2610
1505	12708.7937	-6313.1512	3518.8322	2108.7651	593.6348
1506	12717.9540	-6317.1623	3518.8322	2108.7651	594.0085
1507	12727.1142	-6321.1734	3518.8322	2108.7651	594.3823
1508	12736.2745	-6325.1845	3518.8322	2108.7651	594.7561
1509	12745.4348	-6329.1956	3518.8322	2108.7651	595.1299
1510	12754.5951	-6333.2067	3518.8322	2108.7651	595.5037
1511	12763.7554	-6337.2179	3518.8322	2108.7651	595.8775
1512	12772.9157	-6341.2290	3518.8322	2108.7651	596.2513
1513	12782.0760	-6345.2401	3518.8322	2108.7651	596.6250
1514	12791.2363	-6349.2512	3518.8322	2108.7651	596.9988
1515	12800.3966	-6353.2623	3518.8322	2108.7651	597.3726
1516	12809.5569	-6357.2734	3518.8322	2108.7651	597.7464
1517	12818.7172	-6361.2845	3518.8322	2108.7651	598.1202
1518	12827.8775	-6365.2956	3518.8322	2108.7651	598.4940
1519	12837.0378	-6369.3067	3518.8322	2108.7651	598.8677
1520	12846.1981	-6373.3179	3518.8322	2108.7651	599.2415
1521	12855.3584	-6377.3290	3518.8322	2108.7651	599.6153
1522	12864.5187	-6381.3401	3518.8322	2108.7651	599.9891
1523	12873.6790	-6385.3512	3518.8322	2108.7651	600.3629
1524	12882.8392	-6389.3623	3518.8322	2108.7651	600.7367
1525	12891.9995	-6393.3734	3518.8322	2108.7651	601.1105
1526	12901.1598	-6397.3845	3518.8322	2108.7651	601.4842
1527	12910.3201	-6401.3956	3518.8322	2108.7651	601.8580
1528	12919.4804	-6405.4067	3518.8322	2108.7651	602.2318
1529	12928.6407	-6409.4179	3518.8322	2108.7651	602.6056
1530	12937.8010	-6413.4290	3518.8322	2108.7651	602.9794
1531	12946.9613	-6417.4401	3518.8322	2108.7651	603.3532
1532	12956.1216	-6421.4512	3518.8322	2108.7651	603.7270
1533	12965.2819	-6425.4623	3518.8322	2108.7651	604.1007
1534	12974.4422	-6429.4734	3518.8322	2108.7651	604.4745
1535	12983.6025	-6433.4845	3518.8322	2108.7651	604.8483
1536	12992.7628	-6437.4956	3518.8322	2108.7651	605.2221
1537	13001.9231	-6441.5067	3518.8322	2108.7651	605.5959
1538	13011.0834	-6445.5179	3518.8322	2108.7651	605.9697
1539	13020.2437	-6449.5290	3518.8322	2108.7651	606.3434
1540	13029.4040	-6453.5401	3518.8322	2108.7651	606.7172
1541	13038.5642	-6457.5512	3518.8322	2108.7651	607.0910
1542	13047.7245	-6461.5623	3518.8322	2108.7651	607.4648
1543	13056.8848	-6465.5734	3518.8322	2108.7651	607.8386
1544	13066.0451	-6469.5845	3518.8322	2108.7651	608.2124
1545	13075.2054	-6473.5956	3518.8322	2108.7651	608.5862
1546	13084.3657	-6477.6067	3518.8322	2108.7651	608.9599
1547	13093.5260	-6481.6179	3518.8322	2108.7651	609.3337
1548	13102.6863	-6485.6290	3518.8322	2108.7651	609.7075
1549	13111.8466	-6489.6401	3518.8322	2108.7651	610.0813
1550	13121.0069	-6493.6512	3518.8322	2108.7651	610.4551
1551	13130.1672	-6497.6623	3518.8322	2108.7651	610.8289
1552	13139.3275	-6501.6734	3518.8322	2108.7651	611.2027
1553	13148.4878	-6505.6845	3518.8322	2108.7651	611.5764
1554	13157.6481	-6509.6956	3518.8322	2108.7651	611.9502
1555	13166.8084	-6513.7067	3518.8322	2108.7651	612.3240
1556	13175.9687	-6517.7178	3518.8322	2108.7651	612.6978
1557	13185.1290	-6521.7290	3518.8322	2108.7651	613.0716
1558	13194.2892	-6525.7401	3518.8322	2108.7651	613.4454
1559	13203.4495	-6529.7512	3518.8322	2108.7651	613.8191
1560	13212.6098	-6533.7623	3518.8322	2108.7651	614.1929
1561	13221.7701	-6537.7734	3518.8322	2108.7651	614.5667
1562	13230.9304	-6541.7845	3518.8322	2108.7651	614.9405
1563	13240.0907	-6545.7956	3518.8322	2108.7651	615.3143
1564	13249.2510	-6549.8067	3518.8322	2108.7651	615.6881
1565	13258.4113	-6553.8178	3518.8322	2108.7651	616.0619
1566	13267.5716	-6557.8290	3518.8322	2108.7651	616.4356
1567	13276.7319	-6561.8401	3518.8322	2108.7651	616.8094
1568	13285.8922	-6565.8512	3518.8322	2108.7651	617.1832
1569	13295.0525	-6569.8623	3518.8322	2108.7651	617.5570
1570	13304.2128	-6573.8734	3518.8322	2108.7651	617.9308
1571	13313.3731	-6577.8845	3518.8322	2108.7651	618.3046
1572	13322.5334	-6581.8956	3518.8322	2108.7651	618.6784
1573	13331.6937	-6585.9067	3518.8322	2108.7651	619.0521
1574	13340.8540	-6589.9178	3518.8322	2108.7651	619.4259
1575	13350.0143	-6593.9290	3518.8322	2108.7651	619.7997
1576	13359.1745	-6597.9401	3518.8322	2108.7651	620.1735
1577	13368.3348	-6601.9512	3518.8322	2108.7651	620.5473
1578	13377.4951	-6605.9623	3518.8322	2108.7651	620.9211
1579	13386.6554	-6609.9734	3518.8322	2108.7651	621.2948
1580	13395.8157	-6613.9845	3518.8322	2108.7651	621.6686
1581	13404.9760	-6617.9956	3518.8322	2108.7651	622.0424
1582	13414.1363	-6622.0067	3518.8322	2108.7651	622.4162
1583	13423.2966	-6626.0178	3518.8322	2108.7651	622.7900
1584	13432.4569	-6630.0290	3518.8322	2108.7651	623.1638
1585	13441.6172	-6634.0401	3518.8322	2108.7651	623.5376
1586	13450.7775	-6638.0512	3518.8322	2108.7651	623.9113
1587	13459.9378	-6642.0623	3518.8322	2108.7651	624.2851
1588	13469.0981	-6646.0734	3518.8322	2108.7651	624.6589
1589	13478.2584	-6650.0845	3518.8322	2108.7651	625.0327
1590	13487.4187	-6654.0956	3518.8322	2108.7651	625.4065
1591	13496.5790	-6658.1067	3518.8322	2108.7651	625.7803
1592	13505.7393	-6662.1178	3518.8322	2108.7651	626.1541
1593	13514.8995	-6666.1290	3518.8322	2108.7651	626.5278
1594	13524.0598	-6670.1401	3518.8322	2108.7651	626.9016
1595	13533.2201	-6674.1512	3518.8322	2108.7651	627.2754
1596	13542.3804	-6678.1623	3518.8322	2108.7651	627.6492
1597	13551.5407	-6682.1734	3518.8322	2108.7651	628.0230
1598	13560.7010	-6686.1845	3518.8322	2108.7651	628.3968
1599	13569.8613	-6690.1956	3518.8322	2108.7651	628.7706
1600	13579.0216	-6694.2067	3518.8322	2108.7651	629.1443
1601	13588.1819	-6698.2178	3518.8322	2108.7651	629.5181
1602	13597.3422	-6702.2289	3518.8322	2108.7651	629.8919
1603	13606.5025	-6706.2401	3518.8322	2108.7651	630.2657
1604	13615.6628	-6710.2512	3518.8322	2108.7651	630.6395
1605	13624.8231	-6714.2623	3518.8322	2108.7651	631.0133
1606	13633.9834	-6718.2734	3518.8322	2108.7651	631.3870
1607	13643.1437	-6722.2845	3518.8322	2108.7651	631.7608
1608	13652.3040	-6726.2956	3518.8322	2108.7651	632.1346
1609	13661.4643	-6730.3067	3518.8322	2108.7651	632.5084
1610	13670.6245	-6734.3178	3518.8322	2108.7651	632.8822
1611	13679.7848	-6738.3289	3518.8322	2108.7651	633.2560
1612	13688.9451	-6742.3401	3518.8322	2108.7651	633.6298
1613	13698.1054	-6746.3512	3518.8322	2108.7651	634.0035
1614	13707.2657	-6750.3623	3518.8322	2108.7651	634.3773
1615	13716.4260	-6754.3734	3518.8322	2108.7651	634.7511
1616	13725.5863	-6758.3845	3518.8322	2108.7651	635.1249
1617	13734.7466	-6762.3956	3518.8322	2108.7651	635.4987
1618	13743.9069	-6766.4067	3518.8322	2108.7651	635.8725
1619	13753.0672	-6770.4178	3518.8322	2108.7651	636.2463
1620	13762.2275	-6774.4289	3518.8322	2108.7651	636.6200
1621	13771.3878	-6778.4401	3518.8322	2108.7651	636.9938
1622	13780.5481	-6782.4512	3518.8322	2108.7651	637.3676
1623	13789.7084	-6786.4623	3518.8322	2108.7651	637.7414
1624	13798.8687	-6790.4734	3518.8322	2108.7651	638.1152
1625	13808.0290	-6794.4845	3518.8322	2108.7651	638.4890
1626	13817.1893	-6798.4956	3518.8322	2108.7651	638.8627
1627	13826.3495	-6802.5067	3518.8322	2108.7651	639.2365
1628	13835.5098	-6806.5178	3518.8322	2108.7651	639.6103
1629	13844.6701	-6810.5289	3518.8322	2108.7651	639.9841
1630	13853.8304	-6814.5401	3518.8322	2108.7651	640.3579
1631	13862.9907	-6818.5512	3518.8322	2108.7651	640.7317
1632	13872.1510	-6822.5623	3518.8322	2108.7651	641.1055
1633	13881.3113	-6826.5734	3518.8322	2108.7651	641.4792
1634	13890.4716	-6830.5845	3518.8322	2108.7651	641.8530
1635	13899.6319	-6834.5956	3518.8322	2108.7651	642.2268
1636	13908.7922	-6838.6067	3518.8322	2108.7651	642.6006
1637	13917.9525	-6842.6178	3518.8322	2108.7651	642.9744
1638	13927.1128	-6846.6289	3518.8322	2108.7651	643.3482
1639	13936.2731	-6850.6401	3518.8322	2108.7651	643.7220
1640	13945.4334	-6854.6512	3518.8322	2108.7651	644.0957
1641	13954.5937	-6858.6623	3518.8322	2108.7651	644.4695
1642	13963.7540	-6862.6734	3518.8322	2108.7651	644.8433
1643	13972.9143	-6866.6845	3518.8322	2108.7651	645.2171
1644	13982.0745	-6870.6956	3518.8322	2108.7651	645.5909
1645	13991.2348	-6874.7067	3518.8322	2108.7651	645.9647
1646	14000.3951	-6878.7178	3518.8322	2108.7651	646.3384
1647	14009.5554	-6882.7289	3518.8322	2108.7651	646.7122
1648	14018.7157	-6886.7400	3518.8322	2108.7651	647.0860
1649	14027.8760	-6890.7512	3518.8322	2108.7651	647.4598
1650	14037.0363	-6894.7623	3518.8322	2108.7651	647.8336
1651	14046.1966	-6898.7734	3518.8322	2108.7651	648.2074
1652	14055.3569	-6902.7845	3518.8322	2108.7651	648.5812
1653	14064.5172	-6906.7956	3518.8322	2108.7651	648.9549
1654	14073.6775	-6910.8067	3518.8322	2108.7651	649.3287
1655	14082.8378	-6914.8178	3518.8322	2108.7651	649.7025
1656	14091.9981	-6918.8289	3518.8322	2108.7651	650.0763
1657	14101.1584	-6922.8400	3518.8322	2108.7651	650.4501
1658	14110.3187	-6926.8512	3518.8322	2108.7651	650.8239
1659	14119.4790	-6930.8623	3518.8322	2108.7651	651.1977
1660	14128.6393	-6934.8734	3518.8322	2108.7651	651.5714
1661	14137.7996	-6938.8845	3518.8322	2108.7651	651.9452
1662	14146.9598	-6942.8956	3518.8322	2108.7651	652.3190
1663	14156.1201	-6946.9067	3518.8322	2108.7651	652.6928
1664	14165.2804	-6950.9178	3518.8322	2108.7651	653.0666
1665	14174.4407	-6954.9289	3518.8322	2108.7651	653.4404
1666	14183.6010	-6958.9400	3518.8322	2108.7651	653.8141
1667	14192.7613	-6962.9512	3518.8322	2108.7651	654.1879
1668	14201.9216	-6966.9623	3518.8322	2108.7651	654.5617
1669	14211.0819	-6970.9734	3518.8322	2108.7651	654.9355
1670	14220.2422	-6974.9845	3518.8322	2108.7651	655.3093
1671	14229.4025	-6978.9956	3518.8322	2108.7651	655.6831
1672	14238.5628	-6983.0067	3518.8322	2108.7651	656.0569
1673	14247.7231	-6987.0178	3518.8322	2108.7651	656.4306
1674	14256.8834	-6991.0289	3518.8322	2108.7651	656.8044
1675	14266.0437	-6995.0400	3518.8322	2108.7651	657.1782
1676	14275.2040	-6999.0512	3518.8322	2108.7651	657.5520
1677	14284.3643	-7003.0623	3518.8322	2108.7651	657.9258
1678	14293.5246	-7007.0734	3518.8322	2108.7651	658.2996
1679	14302.6848	-7011.0845	3518.8322	2108.7651	658.6734
1680	14311.8451	-7015.0956	3518.8322	2108.7651	659.0471
1681	14321.0054	-7019.1067	3518.8322	2108.7651	659.4209
1682	14330.1657	-7023.1178	3518.8322	2108.7651	659.7947
1683	14339.3260	-7027.1289	3518.8322	2108.7651	660.1685
1684	14348.4863	-7031.1400	3518.8322	2108.7651	660.5423
1685	14357.6466	-7035.1512	3518.8322	2108.7651	660.9161
1686	14366.8069	-7039.1623	3518.8322	2108.7651	661.2898
1687	14375.9672	-7043.1734	3518.8322	2108.7651	661.6636
1688	14385.1275	-7047.1845	3518.8322	2108.7651	662.0374
1689	14394.2878	-7051.1956	3518.8322	2108.7651	662.4112
1690	14403.4481	-7055.2067	3518.8322	2108.7651	662.7850
1691	14412.6084	-7059.2178	3518.8322	2108.7651	663.1588
1692	14421.7687	-7063.2289	3518.8322	2108.7651	663.5326
1693	14430.9290	-7067.2400	3518.8322	2108.7651	663.9063
1694	14440.0893	-7071.2511	3518.8322	2108.7651	664.2801
1695	14449.2496	-7075.2623	3518.8322	2108.7651	664.6539
1696	14458.4098	-7079.2734	3518.8322	2108.7651	665.0277
1697	14467.5701	-7083.2845	3518.8322	2108.7651	665.4015
1698	14476.7304	-7087.2956	3518.8322	2108.7651	665.7753
1699	14485.8907	-7091.3067	3518.8322	2108.7651	666.1491
1700	14495.0510	-7095.3178	3518.8322	2108.7651	666.5228
1701	14504.2113	-7099.3289	3518.8322	2108.7651	666.8966
1702	14513.3716	-7103.3400	3518.8322	2108.7651	667.2704
1703	14522.5319	-7107.3511	3518.8322	2108.7651	667.6442
1704	14531.6922	-7111.3623	3518.8322	2108.7651	668.0180
1705	14540.8525	-7115.3734	3518.8322	2108.7651	668.3918
1706	14550.0128	-7119.3845	3518.8322	2108.7651	668.7655
1707	14559.1731	-7123.3956	3518.8322	2108.7651	669.1393
1708	14568.3334	-7127.4067	3518.8322	2108.7651	669.5131
1709	14577.4937	-7131.4178	3518.8322	2108.7651	669.8869
1710	14586.6540	-7135.4289	3518.8322	2108.7651	670.2607
1711	14595.8143	-7139.4400	3518.8322	2108.7651	670.6345
1712	14604.9746	-7143.4511	3518.8322	2108.7651	671.0083
1713	14614.1348	-7147.4623	3518.8322	2108.7651	671.3820
1714	14623.2951	-7151.4734	3518.8322	2108.7651	671.7558
1715	14632.4554	-7155.4845	3518.8322	2108.7651	672.1296
1716	14641.6157	-7159.4956	3518.8322	2108.7651	672.5034
1717	14650.7760	-7163.5067	3518.8322	2108.7651	672.8772
1718	14659.9363	-7167.5178	3518.8322	2108.7651	673.2510
1719	14669.0966	-7171.5289	3518.8322	2108.7651	673.6248
1720	14678.2569	-7175.5400	3518.8322	2108.7651	673.9985
1721	14687.4172	-7179.5511	3518.8322	2108.7651	674.3723
1722	14696.5775	-7183.5623	3518.8322	2108.7651	674.7461
1723	14705.7378	-7187.5734	3518.8322	2108.7651	675.1199
1724	14714.8981	-7191.5845	3518.8322	2108.7651	675.4937
1725	14724.0584	-7195.5956	3518.8322	2108.7651	675.8675
1726	14733.2187	-7199.6067	3518.8322	2108.7651	676.2413
1727	14742.3790	-7203.6178	3518.8322	2108.7651	676.6150
1728	14751.5393	-7207.6289	3518.8322	2108.7651	676.9888
1729	14760.6996	-7211.6400	3518.8322	2108.7651	677.3626
1730	14769.8598	-7215.6511	3518.8322	2108.7651	677.7364
1731	14779.0201	-7219.6622	3518.8322	2108.7651	678.1102
1732	14788.1804	-7223.6734	3518.8322	2108.7651	678.4840
1733	14797.3407	-7227.6845	3518.8322	2108.7651	678.8577
1734	14806.5010	-7231.6956	3518.8322	2108.7651	679.2315
1735	14815.6613	-7235.7067	3518.8322	2108.7651	679.6053
1736	14824.8216	-7239.7178	3518.8322	2108.7651	679.9791
1737	14833.9819	-7243.7289	3518.8322	2108.7651	680.3529
1738	14843.1422	-7247.7400	3518.8322	2108.7651	680.7267
1739	14852.3025	-7251.7511	3518.8322	2108.7651	681.1005
1740	14861.4628	-7255.7622	3518.8322	2108.7651	681.4742
1741	14870.6231	-7259.7734	3518.8322	2108.7651	681.8480
1742	14879.7834	-7263.7845	3518.8322	2108.7651	682.2218
1743	14888.9437	-7267.7956	3518.8322	2108.7651	682.5956
1744	14898.1040	-7271.8067	3518.8322	2108.7651	682.9694
1745	14907.2643	-7275.8178	3518.8322	2108.7651	683.3432
1746	14916.4246	-7279.8289	3518.8322	2108.7651	683.7170
1747	14925.5849	-7283.8400	3518.8322	2108.7651	684.0907
1748	14934.7451	-7287.8511	3518.8322	2108.7651	684.4645
1749	14943.9054	-7291.8622	3518.8322	2108.7651	684.8383
1750	14953.0657	-7295.8734	3518.8322	2108.7651	685.2121
1751	14962.2260	-7299.8845	3518.8322	2108.7651	685.5859
1752	14971.3863	-7303.8956	3518.8322	2108.7651	685.9597
1753	14980.5466	-7307.9067	3518.8322	2108.7651	686.3334
1754	14989.7069	-7311.9178	3518.8322	2108.7651	686.7072
1755	14998.8672	-7315.9289	3518.8322	2108.7651	687.0810
1756	15008.0275	-7319.9400	3518.8322	2108.7651	687.4548
1757	15017.1878	-7323.9511	3518.8322	2108.7651	687.8286
1758	15026.3481	-7327.9622	3518.8322	2108.7651	688.2024
1759	15035.5084	-7331.9734	3518.8322	2108.7651	688.5762
1760	15044.6687	-7335.9845	3518.8322	2108.7651	688.9499
1761	15053.8290	-7339.9956	3518.8322	2108.7651	689.3237
1762	15062.9893	-7344.0067	3518.8322	2108.7651	689.6975
1763	15072.1496	-7348.0178	3518.8322	2108.7651	690.0713
1764	15081.3099	-7352.0289	3518.8322	2108.7651	690.4451
1765	15090.4701	-7356.0400	3518.8322	2108.7651	690.8189
1766	15099.6304	-7360.0511	3518.8322	2108.7651	691.1927
1767	15108.7907	-7364.0622	3518.8322	2108.7651	691.5664
1768	15117.9510	-7368.0734	3518.8322	2108.7651	691.9402
1769	15127.1113	-7372.0845	3518.8322	2108.7651	692.3140
1770	15136.2716	-7376.0956	3518.8322	2108.7651	692.6878
1771	15145.4319	-7380.1067	3518.8322	2108.7651	693.0616
1772	15154.5922	-7384.1178	3518.8322	2108.7651	693.4354
1773	15163.7525	-7388.1289	3518.8322	2108.7651	693.8091
1774	15172.9128	-7392.1400	3518.8322	2108.7651	694.1829
1775	15182.0731	-7396.1511	3518.8322	2108.7651	694.5567
1776	15191.2334	-7400.1622	3518.8322	2108.7651	694.9305
1777	15200.3937	-7404.1733	3518.8322	2108.7651	695.3043
1778	15209.5540	-7408.1845	3518.8322	2108.7651	695.6781
1779	15218.7143	-7412.1956	3518.8322	2108.7651	696.0519
1780	15227.8746	-7416.2067	3518.8322	2108.7651	696.4256
1781	15237.0349	-7420.2178	3518.8322	2108.7651	696.7994
1782	15246.1951	-7424.2289	3518.8322	2108.7651	697.1732
1783	15255.3554	-7428.2400	3518.8322	2108.7651	697.5470
1784	15264.5157	-7432.2511	3518.8322	2108.7651	697.9208
1785	15273.6760	-7436.2622	3518.8322	2108.7651	698.2946
1786	15282.8363	-7440.2733	3518.8322	2108.7651	698.6684
1787	15291.9966	-7444.2845	3518.8322	2108.7651	699.0421
1788	15301.1569	-7448.2956	3518.8322	2108.7651	699.4159
1789	15310.3172	-7452.3067	3518.8322	2108.7651	699.7897
1790	15319.4775	-7456.3178	3518.8322	2108.7651	700.1635
1791	15328.6378	-7460.3289	3518.8322	2108.7651	700.5373
1792	15337.7981	-7464.3400	3518.8322	2108.7651	700.9111
1793	15346.9584	-7468.3511	3518.8322	2108.7651	701.2848
1794	15356.1187	-7472.3622	3518.8322	2108.7651	701.6586
1795	15365.2790	-7476.3733	3518.8322	2108.7651	702.0324
1796	15374.4393	-7480.3845	3518.8322	2108.7651	702.4062
1797	15383.5996	-7484.3956	3518.8322	2108.7651	702.7800
1798	15392.7599	-7488.4067	3518.8322	2108.7651	703.1538
1799	15401.9201	-7492.4178	3518.8322	2108.7651	703.5276
1800	15411.0804	-7496.4289	3518.8322	2108.7651	703.9013
1801	15420.2407	-7500.4400	3518.8322	2108.7651	704.2751
1802	15429.4010	-7504.4511	3518.8322	2108.7651	704.6489
1803	15438.5613	-7508.4622	3518.8322	2108.7651	705.0227
1804	15447.7216	-7512.4733	3518.8322	2108.7651	705.3965
1805	15456.8819	-7516.4845	3518.8322	2108.7651	705.7703
1806	15466.0422	-7520.4956	3518.8322	2108.7651	706.1441
1807	15475.2025	-7524.5067	3518.8322	2108.7651	706.5178
1808	15484.3628	-7528.5178	3518.8322	2108.7651	706.8916
1809	15493.5231	-7532.5289	3518.8322	2108.7651	707.2654
1810	15502.6834	-7536.5400	3518.8322	2108.7651	707.6392
1811	15511.8437	-7540.5511	3518.8322	2108.7651	708.0130
1812	15521.0040	-7544.5622	3518.8322	2108.7651	708.3868
1813	15530.1643	-7548.5733	3518.8322	2108.7651	708.7605
1814	15539.3246	-7552.5845	3518.8322	2108.7651	709.1343
1815	15548.4849	-7556.5956	3518.8322	2108.7651	709.5081
1816	15557.6452	-7560.6067	3518.8322	2108.7651	709.8819
1817	15566.8054	-7564.6178	3518.8322	2108.7651	710.2557
1818	15575.9657	-7568.6289	3518.8322	2108.7651	710.6295
1819	15585.1260	-7572.6400	3518.8322	2108.7651	711.0033
1820	15594.2863	-7576.6511	3518.8322	2108.7651	711.3770
1821	15603.4466	-7580.6622	3518.8322	2108.7651	711.7508
1822	15612.6069	-7584.6733	3518.8322	2108.7651	712.1246
1823	15621.7672	-7588.6844	3518.8322	2108.7651	712.4984
1824	15630.9275	-7592.6956	3518.8322	2108.7651	712.8722
1825	15640.0878	-7596.7067	3518.8322	2108.7651	713.2460
1826	15649.2481	-7600.7178	3518.8322	2108.7651	713.6198
1827	15658.4084	-7604.7289	3518.8322	2108.7651	713.9935
1828	15667.5687	-7608.7400	3518.8322	2108.7651	714.3673
1829	15676.7290	-7612.7511	3518.8322	2108.7651	714.7411
1830	15685.8893	-7616.7622	3518.8322	2108.7651	715.1149
1831	15695.0496	-7620.7733	3518.8322	2108.7651	715.4887
1832	15704.2099	-7624.7844	3518.8322	2108.7651	715.8625
1833	15713.3702	-7628.7956	3518.8322	2108.7651	716.2362
1834	15722.5304	-7632.8067	3518.8322	2108.7651	716.6100
1835	15731.6907	-7636.8178	3518.8322	2108.7651	716.9838
1836	15740.8510	-7640.8289	3518.8322	2108.7651	717.3576
1837	15750.0113	-7644.8400	3518.8322	2108.7651	717.7314
1838	15759.1716	-7648.8511	3518.8322	2108.7651	718.1052
1839	15768.3319	-7652.8622	3518.8322	2108.7651	718.4790
1840	15777.4922	-7656.8733	3518.8322	2108.7651	718.8527
1841	15786.6525	-7660.8844	3518.8322	2108.7651	719.2265
1842	15795.8128	-7664.8956	3518.8322	2108.7651	719.6003
1843	15804.9731	-7668.9067	3518.8322	2108.7651	719.9741
1844	15814.1334	-7672.9178	3518.8322	2108.7651	720.3479
1845	15823.2937	-7676.9289	3518.8322	2108.7651	720.7217
1846	15832.4540	-7680.9400	3518.8322	2108.7651	721.0955
1847	15841.6143	-7684.9511	3518.8322	2108.7651	721.4692
1848	15850.7746	-7688.9622	3518.8322	2108.7651	721.8430
1849	15859.9349	-7692.9733	3518.8322	2108.7651	722.2168
1850	15869.0952	-7696.9844	3518.8322	2108.7651	722.5906
1851	15878.2554	-7700.9956	3518.8322	2108.7651	722.9644
1852	15887.4157	-7705.0067	3518.8322	2108.7651	723.3382
1853	15896.5760	-7709.0178	3518.8322	2108.7651	723.7120
1854	15905.7363	-7713.0289	3518.8322	2108.7651	724.0857
1855	15914.8966	-7717.0400	3518.8322	2108.7651	724.4595
1856	15924.0569	-7721.0511	3518.8322	2108.7651	724.8333
1857	15933.2172	-7725.0622	3518.8322	2108.7651	725.2071
1858	15942.3775	-7729.0733	3518.8322	2108.7651	725.5809
1859	15951.5378	-7733.0844	3518.8322	2108.7651	725.9547
1860	15960.6981	-7737.0956	3518.8322	2108.7651	726.3284
1861	15969.8584	-7741.1067	3518.8322	2108.7651	726.7022
1862	15979.0187	-7745.1178	3518.8322	2108.7651	727.0760
1863	15988.1790	-7749.1289	3518.8322	2108.7651	727.4498
1864	15997.3393	-7753.1400	3518.8322	2108.7651	727.8236
1865	16006.4996	-7757.1511	3518.8322	2108.7651	728.1974
1866	16015.6599	-7761.1622	3518.8322	2108.7651	728.5712
1867	16024.8202	-7765.1733	3518.8322	2108.7651	728.9449
1868	16033.9804	-7769.1844	3518.8322	2108.7651	729.3187
1869	16043.1407	-7773.1955	3518.8322	2108.7651	729.6925
1870	16052.3010	-7777.2067	3518.8322	2108.7651	730.0663
1871	16061.4613	-7781.2178	3518.8322	2108.7651	730.4401
1872	16070.6216	-7785.2289	3518.8322	2108.7651	730.8139
1873	16079.7819	-7789.2400	3518.8322	2108.7651	731.1877
1874	16088.9422	-7793.2511	3518.8322	2108.7651	731.5614
1875	16098.1025	-7797.2622	3518.8322	2108.7651	731.9352
1876	16107.2628	-7801.2733	3518.8322	2108.7651	732.3090
1877	16116.4231	-7805.2844	3518.8322	2108.7651	732.6828
1878	16125.5834	-7809.2955	3518.8322	2108.7651	733.0566
1879	16134.7437	-7813.3067	3518.8322	2108.7651	733.4304
1880	16143.9040	-7817.3178	3518.8322	2108.7651	733.8041
1881	16153.0643	-7821.3289	3518.8322	2108.7651	734.1779
1882	16162.2246	-7825.3400	3518.8322	2108.7651	734.5517
1883	16171.3849	-7829.3511	3518.8322	2108.7651	734.9255
1884	16180.5452	-7833.3622	3518.8322	2108.7651	735.2993
1885	16189.7054	-7837.3733	3518.8322	2108.7651	735.6731
1886	16198.8657	-7841.3844	3518.8322	2108.7651	736.0469
1887	16208.0260	-7845.3955	3518.8322	2108.7651	736.4206
1888	16217.1863	-7849.4067	3518.8322	2108.7651	736.7944
1889	16226.3466	-7853.4178	3518.8322	2108.7651	737.1682
1890	16235.5069	-7857.4289	3518.8322	2108.7651	737.5420
1891	16244.6672	-7861.4400	3518.8322	2108.7651	737.9158
1892	16253.8275	-7865.4511	3518.8322	2108.7651	738.2896
1893	16262.9878	-7869.4622	3518.8322	2108.7651	738.6634
1894	16272.1481	-7873.4733	3518.8322	2108.7651	739.0371
1895	16281.3084	-7877.4844	3518.8322	2108.7651	739.4109
1896	16290.4687	-7881.4955	3518.8322	2108.7651	739.7847
1897	16299.6290	-7885.5067	3518.8322	2108.7651	740.1585
1898	16308.7893	-7889.5178	3518.8322	2108.7651	740.5323
1899	16317.9496	-7893.5289	3518.8322	2108.7651	740.9061
1900	16327.1099	-7897.5400	3518.8322	2108.7651	741.2798
1901	16336.2702	-7901.5511	3518.8322	2108.7651	741.6536
1902	16345.4305	-7905.5622	3518.8322	2108.7651	742.0274
1903	16354.5907	-7909.5733	3518.8322	2108.7651	742.4012
1904	16363.7510	-7913.5844	3518.8322	2108.7651	742.7750
1905	16372.9113	-7917.5955	3518.8322	2108.7651	743.1488
1906	16382.0716	-7921.6067	3518.8322	2108.7651	743.5226
1907	16391.2319	-7925.6178	3518.8322	2108.7651	743.8963
1908	16400.3922	-7929.6289	3518.8322	2108.7651	744.2701
1909	16409.5525	-7933.6400	3518.8322	2108.7651	744.6439
1910	16418.7128	-7937.6511	3518.8322	2108.7651	745.0177
1911	16427.8731	-7941.6622	3518.8322	2108.7651	745.3915
1912	16437.0334	-7945.6733	3518.8322	2108.7651	745.7653
1913	16446.1937	-7949.6844	3518.8322	2108.7651	746.1391
1914	16455.3540	-7953.6955	3518.8322	2108.7651	746.5128
1915	16464.5143	-7957.7066	3518.8322	2108.7651	746.8866
1916	16473.6746	-7961.7178	3518.8322	2108.7651	747.2604
1917	16482.8349	-7965.7289	3518.8322	2108.7651	747.6342
1918	16491.9952	-7969.7400	3518.8322	2108.7651	748.0080
1919	16501.1555	-7973.7511	3518.8322	2108.7651	748.3818
1920	16510.3157	-7977.7622	3518.8322	2108.7651	748.7555
1921	16519.4760	-7981.7733	3518.8322	2108.7651	749.1293
1922	16528.6363	-7985.7844	3518.8322	2108.7651	749.5031
1923	16537.7966	-7989.7955	3518.8322	2108.7651	749.8769
1924	16546.9569	-7993.8066	3518.8322	2108.7651	750.2507
1925	16556.1172	-7997.8178	3518.8322	2108.7651	750.6245
1926	16565.2775	-8001.8289	3518.8322	2108.7651	750.9983
1927	16574.4378	-8005.8400	3518.8322	2108.7651	751.3720
1928	16583.5981	-8009.8511	3518.8322	2108.7651	751.7458
1929	16592.7584	-8013.8622	3518.8322	2108.7651	752.1196
1930	16601.9187	-8017.8733	3518.8322	2108.7651	752.4934
1931	16611.0790	-8021.8844	3518.8322	2108.7651	752.8672
1932	16620.2393	-8025.8955	3518.8322	2108.7651	753.2410
1933	16629.3996	-8029.9066	3518.8322	2108.7651	753.6148
1934	16638.5599	-8033.9178	3518.8322	2108.7651	753.9885
1935	16647.7202	-8037.9289	3518.8322	2108.7651	754.3623
1936	16656.8805	-8041.9400	3518.8322	2108.7651	754.7361
1937	16666.0407	-8045.9511	3518.8322	2108.7651	755.1099
1938	16675.2010	-8049.9622	3518.8322	2108.7651	755.4837
1939	16684.3613	-8053.9733	3518.8322	2108.7651	755.8575
1940	16693.5216	-8057.9844	3518.8322	2108.7651	756.2312
1941	16702.6819	-8061.9955	3518.8322	2108.7651	756.6050
1942	16711.8422	-8066.0066	3518.8322	2108.7651	756.9788
1943	16721.0025	-8070.0178	3518.8322	2108.7651	757.3526
1944	16730.1628	-8074.0289	3518.8322	2108.7651	757.7264
1945	16739.3231	-8078.0400	3518.8322	2108.7651	758.1002
1946	16748.4834	-8082.0511	3518.8322	2108.7651	758.4740
1947	16757.6437	-8086.0622	3518.8322	2108.7651	758.8477
1948	16766.8040	-8090.0733	3518.8322	2108.7651	759.2215
1949	16775.9643	-8094.0844	3518.8322	2108.7651	759.5953
1950	16785.1246	-8098.0955	3518.8322	2108.7651	759.9691
1951	16794.2849	-8102.1066	3518.8322	2108.7651	760.3429
1952	16803.4452	-8106.1178	3518.8322	2108.7651	760.7167
1953	16812.6055	-8110.1289	3518.8322	2108.7651	761.0905
1954	16821.7657	-8114.1400	3518.8322	2108.7651	761.4642
1955	16830.9260	-8118.1511	3518.8322	2108.7651	761.8380
1956	16840.0863	-8122.1622	3518.8322	2108.7651	762.2118
1957	16849.2466	-8126.1733	3518.8322	2108.7651	762.5856
1958	16858.4069	-8130.1844	3518.8322	2108.7651	762.9594
1959	16867.5672	-8134.1955	3518.8322	2108.7651	763.3332
1960	16876.7275	-8138.2066	3518.8322	2108.7651	763.7069
1961	16885.8878	-8142.2177	3518.8322	2108.7651	764.0807
1962	16895.0481	-8146.2289	3518.8322	2108.7651	764.4545
1963	16904.2084	-8150.2400	3518.8322	2108.7651	764.8283
1964	16913.3687	-8154.2511	3518.8322	2108.7651	765.2021
1965	16922.5290	-8158.2622	3518.8322	2108.7651	765.5759
1966	16931.6893	-8162.2733	3518.8322	2108.7651	765.9497
1967	16940.8496	-8166.2844	3518.8322	2108.7651	766.3234
1968	16950.0099	-8170.2955	3518.8322	2108.7651	766.6972
1969	16959.1702	-8174.3066	3518.8322	2108.7651	767.0710
1970	16968.3305	-8178.3177	3518.8322	2108.7651	767.4448
1971	16977.4907	-8182.3289	3518.8322	2108.7651	767.8186
1972	16986.6510	-8186.3400	3518.8322	2108.7651	768.1924
1973	16995.8113	-8190.3511	3518.8322	2108.7651	768.5662
1974	17004.9716	-8194.3622	3518.8322	2108.7651	768.9399
1975	17014.1319	-8198.3733	3518.8322	2108.7651	769.3137
1976	17023.2922	-8202.3844	3518.8322	2108.7651	769.6875
1977	17032.4525	-8206.3955	3518.8322	2108.7651	770.0613
1978	17041.6128	-8210.4066	3518.8322	2108.7651	770.4351
1979	17050.7731	-8214.4177	3518.8322	2108.7651	770.8089
1980	17059.9334	-8218.4289	3518.8322	2108.7651	771.1827
1981	17069.0937	-8222.4400	3518.8322	2108.7651	771.5564
1982	17078.2540	-8226.4511	3518.8322	2108.7651	771.9302
1983	17087.4143	-8230.4622	3518.8322	2108.7651	772.3040
1984	17096.5746	-8234.4733	3518.8322	2108.7651	772.6778
1985	17105.7349	-8238.4844	3518.8322	2108.7651	773.0516
1986	17114.8952	-8242.4955	3518.8322	2108.7651	773.4254
1987	17124.0555	-8246.5066	3518.8322	2108.7651	773.7991
1988	17133.2158	-8250.5177	3518.8322	2108.7651	774.1729
1989	17142.3760	-8254.5289	3518.8322	2108.7651	774.5467
1990	17151.5363	-8258.5400	3518.8322	2108.7651	774.9205
1991	17160.6966	-8262.5511	3518.8322	2108.7651	775.2943
1992	17169.8569	-8266.5622	3518.8322	2108.7651	775.6681
1993	17179.0172	-8270.5733	3518.8322	2108.7651	776.0419
1994	17188.1775	-8274.5844	3518.8322	2108.7651	776.4156
1995	17197.3378	-8278.5955	3518.8322	2108.7651	776.7894
1996	17206.4981	-8282.6066	3518.8322	2108.7651	777.1632
1997	17215.6584	-8286.6177	3518.8322	2108.7651	777.5370
1998	17224.8187	-8290.6288	3518.8322	2108.7651	777.9108
1999	17233.9790	-8294.6400	3518.8322	2108.7651	778.2846
2000	17243.1393	-8298.6511	3518.8322	2108.7651	778.6584
2001	17252.2996	-8302.6622	3518.8322	2108.7651	779.0321
2002	17261.4599	-8306.6733	3518.8322	2108.7651	779.4059
2003	17270.6202	-8310.6844	3518.8322	2108.7651	779.7797
2004	17279.7805	-8314.6955	3518.8322	2108.7651	780.1535
2005	17288.9408	-8318.7066	3518.8322	2108.7651	780.5273
2006	17298.1010	-8322.7177	3518.8322	2108.7651	780.9011
2007	17307.2613	-8326.7288	3518.8322	2108.7651	781.2748
2008	17316.4216	-8330.7400	3518.8322	2108.7651	781.6486
2009	17325.5819	-8334.7511	3518.8322	2108.7651	782.0224
2010	17334.7422	-8338.7622	3518.8322	2108.7651	782.3962
2011	17343.9025	-8342.7733	3518.8322	2108.7651	782.7700
2012	17353.0628	-8346.7844	3518.8322	2108.7651	783.1438
2013	17362.2231	-8350.7955	3518.8322	2108.7651	783.5176
2014	17371.3834	-8354.8066	3518.8322	2108.7651	783.8913
2015	17380.5437	-8358.8177	3518.8322	2108.7651	784.2651
2016	17389.7040	-8362.8288	3518.8322	2108.7651	784.6389
2017	17398.8643	-8366.8400	3518.8322	2108.7651	785.0127
2018	17408.0246	-8370.8511	3518.8322	2108.7651	785.3865
2019	17417.1849	-8374.8622	3518.8322	2108.7651	785.7603
2020	17426.3452	-8378.8733	3518.8322	2108.7651	786.1341
2021	17435.5055	-8382.8844	3518.8322	2108.7651	786.5078
2022	17444.6658	-8386.8955	3518.8322	2108.7651	786.8816
2023	17453.8260	-8390.9066	3518.8322	2108.7651	787.2554
2024	17462.9863	-8394.9177	3518.8322	2108.7651	787.6292
2025	17472.1466	-8398.9288	3518.8322	2108.7651	788.0030
2026	17481.3069	-8402.9400	3518.8322	2108.7651	788.3768
2027	17490.4672	-8406.9511	3518.8322	2108.7651	788.7505
2028	17499.6275	-8410.9622	3518.8322	2108.7651	789.1243
2029	17508.7878	-8414.9733	3518.8322	2108.7651	789.4981
2030	17517.9481	-8418.9844	3518.8322	2108.7651	789.8719
2031	17527.1084	-8422.9955	3518.8322	2108.7651	790.2457
2032	17536.2687	-8427.0066	3518.8322	2108.7651	790.6195
2033	17545.4290	-8431.0177	3518.8322	2108.7651	790.9933
2034	17554.5893	-8435.0288	3518.8322	2108.7651	791.3670
2035	17563.7496	-8439.0400	3518.8322	2108.7651	791.7408
2036	17572.9099	-8443.0511	3518.8322	2108.7651	792.1146
2037	17582.0702	-8447.0622	3518.8322	2108.7651	792.4884
2038	17591.2305	-8451.0733	3518.8322	2108.7651	792.8622
2039	17600.3908	-8455.0844	3518.8322	2108.7651	793.2360
2040	17609.5510	-8459.0955	3518.8322	2108.7651	793.6098
2041	17618.7113	-8463.1066	3518.8322	2108.7651	793.9835
2042	17627.8716	-8467.1177	3518.8322	2108.7651	794.3573
2043	17637.0319	-8471.1288	3518.8322	2108.7651	794.7311
2044	17646.1922	-8475.1399	3518.8322	2108.7651	795.1049
2045	17655.3525	-8479.1511	3518.8322	2108.7651	795.4787
2046	17664.5128	-8483.1622	3518.8322	2108.7651	795.8525
2047	17673.6731	-8487.1733	3518.8322	2108.7651	796.2262
2048	17682.8334	-8491.1844	3518.8322	2108.7651	796.6000
2049	17691.9937	-8495.1955	3518.8322	2108.7651	796.9738
2050	17701.1540	-8499.2066	3518.8322	2108.7651	797.3476
2051	17710.3143	-8503.2177	3518.8322	2108.7651	797.7214
2052	17719.4746	-8507.2288	3518.8322	2108.7651	798.0952
2053	17728.6349	-8511.2399	3518.8322	2108.7651	798.4690
2054	17737.7952	-8515.2511	3518.8322	2108.7651	798.8427
2055	17746.9555	-8519.2622	3518.8322	2108.7651	799.2165
2056	17756.1158	-8523.2733	3518.8322	2108.7651	799.5903
2057	17765.2761	-8527.2844	3518.8322	2108.7651	799.9641
2058	17774.4363	-8531.2955	3518.8322	2108.7651	800.3379
2059	17783.5966	-8535.3066	3518.8322	2108.7651	800.7117
2060	17792.7569	-8539.3177	3518.8322	2108.7651	801.0855
2061	17801.9172	-8543.3288	3518.8322	2108.7651	801.4592
2062	17811.0775	-8547.3399	3518.8322	2108.7651	801.8330
2063	17820.2378	-8551.3511	3518.8322	2108.7651	802.2068
2064	17829.3981	-8555.3622	3518.8322	2108.7651	802.5806
2065	17838.5584	-8559.3733	3518.8322	2108.7651	802.9544
2066	17847.7187	-8563.3844	3518.8322	2108.7651	803.3282
2067	17856.8790	-8567.3955	3518.8322	2108.7651	803.7019
2068	17866.0393	-8571.4066	3518.8322	2108.7651	804.0757
2069	17875.1996	-8575.4177	3518.8322	2108.7651	804.4495
2070	17884.3599	-8579.4288	3518.8322	2108.7651	804.8233
2071	17893.5202	-8583.4399	3518.8322	2108.7651	805.1971
2072	17902.6805	-8587.4511	3518.8322	2108.7651	805.5709
2073	17911.8408	-8591.4622	3518.8322	2108.7651	805.9447
2074	17921.0011	-8595.4733	3518.8322	2108.7651	806.3184
2075	17930.1613	-8599.4844	3518.8322	2108.7651	806.6922
2076	17939.3216	-8603.4955	3518.8322	2108.7651	807.0660
2077	17948.4819	-8607.5066	3518.8322	2108.7651	807.4398
2078	17957.6422	-8611.5177	3518.8322	2108.7651	807.8136
2079	17966.8025	-8615.5288	3518.8322	2108.7651	808.1874
2080	17975.9628	-8619.5399	3518.8322	2108.7651	808.5612
2081	17985.1231	-8623.5511	3518.8322	2108.7651	808.9349
2082	17994.2834	-8627.5622	3518.8322	2108.7651	809.3087
2083	18003.4437	-8631.5733	3518.8322	2108.7651	809.6825
2084	18012.6040	-8635.5844	3518.8322	2108.7651	810.0563
2085	18021.7643	-8639.5955	3518.8322	2108.7651	810.4301
2086	18030.9246	-8643.6066	3518.8322	2108.7651	810.8039
2087	18040.0849	-8647.6177	3518.8322	2108.7651	811.1776
2088	18049.2452	-8651.6288	3518.8322	2108.7651	811.5514
2089	18058.4055	-8655.6399	3518.8322	2108.7651	811.9252
2090	18067.5658	-8659.6510	3518.8322	2108.7651	812.2990
2091	18076.7261	-8663.6622	3518.8322	2108.7651	812.6728
2092	18085.8863	-8667.6733	3518.8322	2108.7651	813.0466
2093	18095.0466	-8671.6844	3518.8322	2108.7651	813.4204
2094	18104.2069	-8675.6955	3518.8322	2108.7651	813.7941
2095	18113.3672	-8679.7066	3518.8322	2108.7651	814.1679
2096	18122.5275	-8683.7177	3518.8322	2108.7651	814.5417
2097	18131.6878	-8687.7288	3518.8322	2108.7651	814.9155
2098	18140.8481	-8691.7399	3518.8322	2108.7651	815.2893
2099	18150.0084	-8695.7510	3518.8322	2108.7651	815.6631
2100	18159.1687	-8699.7622	3518.8322	2108.7651	816.0369
2101	18168.3290	-8703.7733	3518.8322	2108.7651	816.4106
2102	18177.4893	-8707.7844	3518.8322	2108.7651	816.7844
2103	18186.6496	-8711.7955	3518.8322	2108.7651	817.1582
2104	18195.8099	-8715.8066	3518.8322	2108.7651	817.5320
2105	18204.9702	-8719.8177	3518.8322	2108.7651	817.9058
2106	18214.1305	-8723.8288	3518.8322	2108.7651	818.2796
2107	18223.2908	-8727.8399	3518.8322	2108.7651	818.6533
2108	18232.4511	-8731.8510	3518.8322	2108.7651	819.0271
2109	18241.6113	-8735.8622	3518.8322	2108.7651	819.4009
2110	18250.7716	-8739.8733	3518.8322	2108.7651	819.7747
2111	18259.9319	-8743.8844	3518.8322	2108.7651	820.1485
2112	18269.0922	-8747.8955	3518.8322	2108.7651	820.5223
2113	18278.2525	-8751.9066	3518.8322	2108.7651	820.8961
2114	18287.4128	-8755.9177	3518.8322	2108.7651	821.2698
2115	18296.5731	-8759.9288	3518.8322	2108.7651	821.6436
2116	18305.7334	-8763.9399	3518.8322	2108.7651	822.0174
2117	18314.8937	-8767.9510	3518.8322	2108.7651	822.3912
2118	18324.0540	-8771.9622	3518.8322	2108.7651	822.7650
2119	18333.2143	-8775.9733	3518.8322	2108.7651	823.1388
2120	18342.3746	-8779.9844	3518.8322	2108.7651	823.5126
2121	18351.5349	-8783.9955	3518.8322	2108.7651	823.8863
2122	18360.6952	-8788.0066	3518.8322	2108.7651	824.2601
2123	18369.8555	-8792.0177	3518.8322	2108.7651	824.6339
2124	18379.0158	-8796.0288	3518.8322	2108.7651	825.0077
2125	18388.1761	-8800.0399	3518.8322	2108.7651	825.3815
2126	18397.3363	-8804.0510	3518.8322	2108.7651	825.7553
2127	18406.4966	-8808.0622	3518.8322	2108.7651	826.1291
2128	18415.6569	-8812.0733	3518.8322	2108.7651	826.5028
2129	18424.8172	-8816.0844	3518.8322	2108.7651	826.8766
2130	18433.9775	-8820.0955	3518.8322	2108.7651	827.2504
2131	18443.1378	-8824.1066	3518.8322	2108.7651	827.6242
2132	18452.2981	-8828.1177	3518.8322	2108.7651	827.9980
2133	18461.4584	-8832.1288	3518.8322	2108.7651	828.3718
2134	18470.6187	-8836.1399	3518.8322	2108.7651	828.7455
2135	18479.7790	-8840.1510	3518.8322	2108.7651	829.1193
2136	18488.9393	-8844.1621	3518.8322	2108.7651	829.4931
2137	18498.0996	-8848.1733	3518.8322	2108.7651	829.8669
2138	18507.2599	-8852.1844	3518.8322	2108.7651	830.2407
2139	18516.4202	-8856.1955	3518.8322	2108.7651	830.6145
2140	18525.5805	-8860.2066	3518.8322	2108.7651	830.9883
2141	18534.7408	-8864.2177	3518.8322	2108.7651	831.3620
2142	18543.9011	-8868.2288	3518.8322	2108.7651	831.7358
2143	18553.0614	-8872.2399	3518.8322	2108.7651	832.1096
2144	18562.2216	-8876.2510	3518.8322	2108.7651	832.4834
2145	18571.3819	-8880.2621	3518.8322	2108.7651	832.8572
2146	18580.5422	-8884.2733	3518.8322	2108.7651	833.2310
2147	18589.7025	-8888.2844	3518.8322	2108.7651	833.6048
2148	18598.8628	-8892.2955	3518.8322	2108.7651	833.9785
2149	18608.0231	-8896.3066	3518.8322	2108.7651	834.3523
2150	18617.1834	-8900.3177	3518.8322	2108.7651	834.7261
2151	18626.3437	-8904.3288	3518.8322	2108.7651	835.0999
2152	18635.5040	-8908.3399	3518.8322	2108.7651	835.4737
2153	18644.6643	-8912.3510	3518.8322	2108.7651	835.8475
2154	18653.8246	-8916.3621	3518.8322	2108.7651	836.2212
2155	18662.9849	-8920.3733	3518.8322	2108.7651	836.5950
2156	18672.1452	-8924.3844	3518.8322	2108.7651	836.9688
2157	18681.3055	-8928.3955	3518.8322	2108.7651	837.3426
2158	18690.4658	-8932.4066	3518.8322	2108.7651	837.7164
2159	18699.6261	-8936.4177	3518.8322	2108.7651	838.0902
2160	18708.7864	-8940.4288	3518.8322	2108.7651	838.4640
2161	18717.9466	-8944.4399	3518.8322	2108.7651	838.8377
2162	18727.1069	-8948.4510	3518.8322	2108.7651	839.2115
2163	18736.2672	-8952.4621	3518.8322	2108.7651	839.5853
2164	18745.4275	-8956.4733	3518.8322	2108.7651	839.9591
2165	18754.5878	-8960.4844	3518.8322	2108.7651	840.3329
2166	18763.7481	-8964.4955	3518.8322	2108.7651	840.7067
2167	18772.9084	-8968.5066	3518.8322	2108.7651	841.0805
2168	18782.0687	-8972.5177	3518.8322	2108.7651	841.4542
2169	18791.2290	-8976.5288	3518.8322	2108.7651	841.8280
2170	18800.3893	-8980.5399	3518.8322	2108.7651	842.2018
2171	18809.5496	-8984.5510	3518.8322	2108.7651	842.5756
2172	18818.7099	-8988.5621	3518.8322	2108.7651	842.9494
2173	18827.8702	-8992.5733	3518.8322	2108.7651	843.3232
2174	18837.0305	-8996.5844	3518.8322	2108.7651	843.6969
2175	18846.1908	-9000.5955	3518.8322	2108.7651	844.0707
2176	18855.3511	-9004.6066	3518.8322	2108.7651	844.4445
2177	18864.5114	-9008.6177	3518.8322	2108.7651	844.8183
2178	18873.6716	-9012.6288	3518.8322	2108.7651	845.1921
2179	18882.8319	-9016.6399	3518.8322	2108.7651	845.5659
2180	18891.9922	-9020.6510	3518.8322	2108.7651	845.9397
2181	18901.1525	-9024.6621	3518.8322	2108.7651	846.3134
2182	18910.3128	-9028.6732	3518.8322	2108.7651	846.6872
2183	18919.4731	-9032.6844	3518.8322	2108.7651	847.0610
2184	18928.6334	-9036.6955	3518.8322	2108.7651	847.4348
2185	18937.7937	-9040.7066	3518.8322	2108.7651	847.8086
2186	18946.9540	-9044.7177	3518.8322	2108.7651	848.1824
2187	18956.1143	-9048.7288	3518.8322	2108.7651	848.5562
2188	18965.2746	-9052.7399	3518.8322	2108.7651	848.9299
2189	18974.4349	-9056.7510	3518.8322	2108.7651	849.3037
2190	18983.5952	-9060.7621	3518.8322	2108.7651	849.6775
2191	18992.7555	-9064.7732	3518.8322	2108.7651	850.0513
2192	19001.9158	-9068.7844	3518.8322	2108.7651	850.4251
2193	19011.0761	-9072.7955	3518.8322	2108.7651	850.7989
2194	19020.2364	-9076.8066	3518.8322	2108.7651	851.1726
2195	19029.3966	-9080.8177	3518.8322	2108.7651	851.5464
2196	19038.5569	-9084.8288	3518.8322	2108.7651	851.9202
2197	19047.7172	-9088.8399	3518.8322	2108.7651	852.2940
2198	19056.8775	-9092.8510	3518.8322	2108.7651	852.6678
2199	19066.0378	-9096.8621	3518.8322	2108.7651	853.0416
2200	19075.1981	-9100.8732	3518.8322	2108.7651	853.4154
2201	19084.3584	-9104.8844	3518.8322	2108.7651	853.7891
2202	19093.5187	-9108.8955	3518.8322	2108.7651	854.1629
2203	19102.6790	-9112.9066	3518.8322	2108.7651	854.5367
2204	19111.8393	-9116.9177	3518.8322	2108.7651	854.9105
2205	19120.9996	-9120.9288	3518.8322	2108.7651	855.2843
2206	19130.1599	-9124.9399	3518.8322	2108.7651	855.6581
2207	19139.3202	-9128.9510	3518.8322	2108.7651	856.0319
2208	19148.4805	-9132.9621	3518.8322	2108.7651	856.4056
2209	19157.6408	-9136.9732	3518.8322	2108.7651	856.7794
2210	19166.8011	-9140.9844	3518.8322	2108.7651	857.1532
2211	19175.9614	-9144.9955	3518.8322	2108.7651	857.5270
2212	19185.1216	-9149.0066	3518.8322	2108.7651	857.9008
2213	19194.2819	-9153.0177	3518.8322	2108.7651	858.2746
2214	19203.4422	-9157.0288	3518.8322	2108.7651	858.6483
2215	19212.6025	-9161.0399	3518.8322	2108.7651	859.0221
2216	19221.7628	-9165.0510	3518.8322	2108.7651	859.3959
2217	19230.9231	-9169.0621	3518.8322	2108.7651	859.7697
2218	19240.0834	-9173.0732	3518.8322	2108.7651	860.1435
2219	19249.2437	-9177.0843	3518.8322	2108.7651	860.5173
2220	19258.4040	-9181.0955	3518.8322	2108.7651	860.8911
2221	19267.5643	-9185.1066	3518.8322	2108.7651	861.2648
2222	19276.7246	-9189.1177	3518.8322	2108.7651	861.6386
2223	19285.8849	-9193.1288	3518.8322	2108.7651	862.0124
2224	19295.0452	-9197.1399	3518.8322	2108.7651	862.3862
2225	19304.2055	-9201.1510	3518.8322	2108.7651	862.7600
2226	19313.3658	-9205.1621	3518.8322	2108.7651	863.1338
2227	19322.5261	-9209.1732	3518.8322	2108.7651	863.5076
2228	19331.6864	-9213.1843	3518.8322	2108.7651	863.8813
2229	19340.8467	-9217.1955	3518.8322	2108.7651	864.2551
2230	19350.0069	-9221.2066	3518.8322	2108.7651	864.6289
2231	19359.1672	-9225.2177	3518.8322	2108.7651	865.0027
2232	19368.3275	-9229.2288	3518.8322	2108.7651	865.3765
2233	19377.4878	-9233.2399	3518.8322	2108.7651	865.7503
2234	19386.6481	-9237.2510	3518.8322	2108.7651	866.1240
2235	19395.8084	-9241.2621	3518.8322	2108.7651	866.4978
2236	19404.9687	-9245.2732	3518.8322	2108.7651	866.8716
2237	19414.1290	-9249.2843	3518.8322	2108.7651	867.2454
2238	19423.2893	-9253.2955	3518.8322	2108.7651	867.6192
2239	19432.4496	-9257.3066	3518.8322	2108.7651	867.9930
2240	19441.6099	-9261.3177	3518.8322	2108.7651	868.3668
2241	19450.7702	-9265.3288	3518.8322	2108.7651	868.7405
2242	19459.9305	-9269.3399	3518.8322	2108.7651	869.1143
2243	19469.0908	-9273.3510	3518.8322	2108.7651	869.4881
2244	19478.2511	-9277.3621	3518.8322	2108.7651	869.8619
2245	19487.4114	-9281.3732	3518.8322	2108.7651	870.2357
2246	19496.5717	-9285.3843	3518.8322	2108.7651	870.6095
2247	19505.7319	-9289.3955	3518.8322	2108.7651	870.9833
2248	19514.8922	-9293.4066	3518.8322	2108.7651	871.3570
2249	19524.0525	-9297.4177	3518.8322	2108.7651	871.7308
2250	19533.2128	-9301.4288	3518.8322	2108.7651	872.1046
2251	19542.3731	-9305.4399	3518.8322	2108.7651	872.4784
2252	19551.5334	-9309.4510	3518.8322	2108.7651	872.8522
2253	19560.6937	-9313.4621	3518.8322	2108.7651	873.2260
2254	19569.8540	-9317.4732	3518.8322	2108.7651	873.5998
2255	19579.0143	-9321.4843	3518.8322	2108.7651	873.9735
2256	19588.1746	-9325.4955	3518.8322	2108.7651	874.3473
2257	19597.3349	-9329.5066	3518.8322	2108.7651	874.7211
2258	19606.4952	-9333.5177	3518.8322	2108.7651	875.0949
2259	19615.6555	-9337.5288	3518.8322	2108.7651	875.4687
2260	19624.8158	-9341.5399	3518.8322	2108.7651	875.8425
2261	19633.9761	-9345.5510	3518.8322	2108.7651	876.2162
2262	19643.1364	-9349.5621	3518.8322	2108.7651	876.5900
2263	19652.2967	-9353.5732	3518.8322	2108.7651	876.9638
2264	19661.4569	-9357.5843	3518.8322	2108.7651	877.3376
2265	19670.6172	-9361.5954	3518.8322	2108.7651	877.7114
2266	19679.7775	-9365.6066	3518.8322	2108.7651	878.0852
2267	19688.9378	-9369.6177	3518.8322	2108.7651	878.4590
2268	19698.0981	-9373.6288	3518.8322	2108.7651	878.8327
2269	19707.2584	-9377.6399	3518.8322	2108.7651	879.2065
2270	19716.4187	-9381.6510	3518.8322	2108.7651	879.5803
2271	19725.5790	-9385.6621	3518.8322	2108.7651	879.9541
2272	19734.7393	-9389.6732	3518.8322	2108.7651	880.3279
2273	19743.8996	-9393.6843	3518.8322	2108.7651	880.7017
2274	19753.0599	-9397.6954	3518.8322	2108.7651	881.0755
2275	19762.2202	-9401.7066	3518.8322	2108.7651	881.4492
2276	19771.3805	-9405.7177	3518.8322	2108.7651	881.8230
2277	19780.5408	-9409.7288	3518.8322	2108.7651	882.1968
2278	19789.7011	-9413.7399	3518.8322	2108.7651	882.5706
2279	19798.8614	-9417.7510	3518.8322	2108.7651	882.9444
2280	19808.0217	-9421.7621	3518.8322	2108.7651	883.3182
2281	19817.1819	-9425.7732	3518.8322	2108.7651	883.6919
2282	19826.3422	-9429.7843	3518.8322	2108.7651	884.0657
2283	19835.5025	-9433.7954	3518.8322	2108.7651	884.4395
2284	19844.6628	-9437.8066	3518.8322	2108.7651	884.8133
2285	19853.8231	-9441.8177	3518.8322	2108.7651	885.1871
2286	19862.9834	-9445.8288	3518.8322	2108.7651	885.5609
2287	19872.1437	-9449.8399	3518.8322	2108.7651	885.9347
2288	19881.3040	-9453.8510	3518.8322	2108.7651	886.3084
2289	19890.4643	-9457.8621	3518.8322	2108.7651	886.6822
2290	19899.6246	-9461.8732	3518.8322	2108.7651	887.0560
2291	19908.7849	-9465.8843	3518.8322	2108.7651	887.4298
2292	19917.9452	-9469.8954	3518.8322	2108.7651	887.8036
2293	19927.1055	-9473.9066	3518.8322	2108.7651	888.1774
2294	19936.2658	-9477.9177	3518.8322	2108.7651	888.5512
2295	19945.4261	-9481.9288	3518.8322	2108.7651	888.9249
2296	19954.5864	-9485.9399	3518.8322	2108.7651	889.2987
2297	19963.7467	-9489.9510	3518.8322	2108.7651	889.6725
2298	19972.9070	-9493.9621	3518.8322	2108.7651	890.0463
2299	19982.0672	-9497.9732	3518.8322	2108.7651	890.4201
2300	19991.2275	-9501.9843	3518.8322	2108.7651	890.7939
2301	20000.3878	-9505.9954	3518.8322	2108.7651	891.1676
2302	20009.5481	-9510.0066	3518.8322	2108.7651	891.5414
2303	20018.7084	-9514.0177	3518.8322	2108.7651	891.9152
2304	20027.8687	-9518.0288	3518.8322	2108.7651	892.2890
2305	20037.0290	-9522.0399	3518.8322	2108.7651	892.6628
2306	20046.1893	-9526.0510	3518.8322	2108.7651	893.0366
2307	20055.3496	-9530.0621	3518.8322	2108.7651	893.4104
2308	20064.5099	-9534.0732	3518.8322	2108.7651	893.7841
2309	20073.6702	-9538.0843	3518.8322	2108.7651	894.1579
2310	20082.8305	-9542.0954	3518.8322	2108.7651	894.5317
2311	20091.9908	-9546.1065	3518.8322	2108.7651	894.9055
2312	20101.1511	-9550.1177	3518.8322	2108.7651	895.2793
2313	20110.3114	-9554.1288	3518.8322	2108.7651	895.6531
2314	20119.4717	-9558.1399	3518.8322	2108.7651	896.0269
2315	20128.6320	-9562.1510	3518.8322	2108.7651	896.4006
2316	20137.7922	-9566.1621	3518.8322	2108.7651	896.7744
2317	20146.9525	-9570.1732	3518.8322	2108.7651	897.1482
2318	20156.1128	-9574.1843	3518.8322	2108.7651	897.5220
2319	20165.2731	-9578.1954	3518.8322	2108.7651	897.8958
2320	20174.4334	-9582.2065	3518.8322	2108.7651	898.2696
2321	20183.5937	-9586.2177	3518.8322	2108.7651	898.6433
2322	20192.7540	-9590.2288	3518.8322	2108.7651	899.0171
2323	20201.9143	-9594.2399	3518.8322	2108.7651	899.3909
2324	20211.0746	-9598.2510	3518.8322	2108.7651	899.7647
2325	20220.2349	-9602.2621	3518.8322	2108.7651	900.1385
2326	20229.3952	-9606.2732	3518.8322	2108.7651	900.5123
2327	20238.5555	-9610.2843	3518.8322	2108.7651	900.8861
2328	20247.7158	-9614.2954	3518.8322	2108.7651	901.2598
2329	20256.8761	-9618.3065	3518.8322	2108.7651	901.6336
2330	20266.0364	-9622.3177	3518.8322	2108.7651	902.0074
2331	20275.1967	-9626.3288	3518.8322	2108.7651	902.3812
2332	20284.3570	-9630.3399	3518.8322	2108.7651	902.7550
2333	20293.5172	-9634.3510	3518.8322	2108.7651	903.1288
2334	20302.6775	-9638.3621	3518.8322	2108.7651	903.5026
2335	20311.8378	-9642.3732	3518.8322	2108.7651	903.8763
2336	20320.9981	-9646.3843	3518.8322	2108.7651	904.2501
2337	20330.1584	-9650.3954	3518.8322	2108.7651	904.6239
2338	20339.3187	-9654.4065	3518.8322	2108.7651	904.9977
2339	20348.4790	-9658.4177	3518.8322	2108.7651	905.3715
2340	20357.6393	-9662.4288	3518.8322	2108.7651	905.7453
2341	20366.7996	-9666.4399	3518.8322	2108.7651	906.1190
2342	20375.9599	-9670.4510	3518.8322	2108.7651	906.4928
2343	20385.1202	-9674.4621	3518.8322	2108.7651	906.8666
2344	20394.2805	-9678.4732	3518.8322	2108.7651	907.2404
2345	20403.4408	-9682.4843	3518.8322	2108.7651	907.6142
2346	20412.6011	-9686.4954	3518.8322	2108.7651	907.9880
2347	20421.7614	-9690.5065	3518.8322	2108.7651	908.3618
2348	20430.9217	-9694.5177	3518.8322	2108.7651	908.7355
2349	20440.0820	-9698.5288	3518.8322	2108.7651	909.1093
2350	20449.2422	-9702.5399	3518.8322	2108.7651	909.4831
2351	20458.4025	-9706.5510	3518.8322	2108.7651	909.8569
2352	20467.5628	-9710.5621	3518.8322	2108.7651	910.2307
2353	20476.7231	-9714.5732	3518.8322	2108.7651	910.6045
2354	20485.8834	-9718.5843	3518.8322	2108.7651	910.9783
2355	20495.0437	-9722.5954	3518.8322	2108.7651	911.3520
2356	20504.2040	-9726.6065	3518.8322	2108.7651	911.7258
2357	20513.3643	-9730.6176	3518.8322	2108.7651	912.0996
2358	20522.5246	-9734.6288	3518.8322	2108.7651	912.4734
2359	20531.6849	-9738.6399	3518.8322	2108.7651	912.8472
2360	20540.8452	-9742.6510	3518.8322	2108.7651	913.2210
2361	20550.0055	-9746.6621	3518.8322	2108.7651	913.5947
2362	20559.1658	-9750.6732	3518.8322	2108.7651	913.9685
2363	20568.3261	-9754.6843	3518.8322	2108.7651	914.3423
2364	20577.4864	-9758.6954	3518.8322	2108.7651	914.7161
2365	20586.6467	-9762.7065	3518.8322	2108.7651	915.0899
2366	20595.8070	-9766.7176	3518.8322	2108.7651	915.4637
2367	20604.9672	-9770.7288	3518.8322	2108.7651	915.8375
2368	20614.1275	-9774.7399	3518.8322	2108.7651	916.2112
2369	20623.2878	-9778.7510	3518.8322	2108.7651	916.5850
2370	20632.4481	-9782.7621	3518.8322	2108.7651	916.9588
2371	20641.6084	-9786.7732	3518.8322	2108.7651	917.3326
2372	20650.7687	-9790.7843	3518.8322	2108.7651	917.7064
2373	20659.9290	-9794.7954	3518.8322	2108.7651	918.0802
2374	20669.0893	-9798.8065	3518.8322	2108.7651	918.4540
2375	20678.2496	-9802.8176	3518.8322	2108.7651	918.8277
2376	20687.4099	-9806.8288	3518.8322	2108.7651	919.2015
2377	20696.5702	-9810.8399	3518.8322	2108.7651	919.5753
2378	20705.7305	-9814.8510	3518.8322	2108.7651	919.9491
2379	20714.8908	-9818.8621	3518.8322	2108.7651	920.3229
2380	20724.0511	-9822.8732	3518.8322	2108.7651	920.6967
2381	20733.2114	-9826.8843	3518.8322	2108.7651	921.0705
2382	20742.3717	-9830.8954	3518.8322	2108.7651	921.4442
2383	20751.5320	-9834.9065	3518.8322	2108.7651	921.8180
2384	20760.6923	-9838.9176	3518.8322	2108.7651	922.1918
2385	20769.8525	-9842.9288	3518.8322	2108.7651	922.5656
2386	20779.0128	-9846.9399	3518.8322	2108.7651	922.9394
2387	20788.1731	-9850.9510	3518.8322	2108.7651	923.3132
2388	20797.3334	-9854.9621	3518.8322	2108.7651	923.6869
2389	20806.4937	-9858.9732	3518.8322	2108.7651	924.0607
2390	20815.6540	-9862.9843	3518.8322	2108.7651	924.4345
2391	20824.8143	-9866.9954	3518.8322	2108.7651	924.8083
2392	20833.9746	-9871.0065	3518.8322	2108.7651	925.1821
2393	20843.1349	-9875.0176	3518.8322	2108.7651	925.5559
2394	20852.2952	-9879.0288	3518.8322	2108.7651	925.9297
2395	20861.4555	-9883.0399	3518.8322	2108.7651	926.3034
2396	20870.6158	-9887.0510	3518.8322	2108.7651	926.6772
2397	20879.7761	-9891.0621	3518.8322	2108.7651	927.0510
2398	20888.9364	-9895.0732	3518.8322	2108.7651	927.4248
2399	20898.0967	-9899.0843	3518.8322	2108.7651	927.7986
2400	20907.2570	-9903.0954	3518.8322	2108.7651	928.1724
2401	20916.4173	-9907.1065	3518.8322	2108.7651	928.5462
2402	20925.5775	-9911.1176	3518.8322	2108.7651	928.9199
2403	20934.7378	-9915.1287	3518.8322	2108.7651	929.2937
2404	20943.8981	-9919.1399	3518.8322	2108.7651	929.6675
2405	20953.0584	-9923.1510	3518.8322	2108.7651	930.0413
2406	20962.2187	-9927.1621	3518.8322	2108.7651	930.4151
2407	20971.3790	-9931.1732	3518.8322	2108.7651	930.7889
2408	20980.5393	-9935.1843	3518.8322	2108.7651	931.1626
2409	20989.6996	-9939.1954	3518.8322	2108.7651	931.5364
2410	20998.8599	-9943.2065	3518.8322	2108.7651	931.9102
2411	21008.0202	-9947.2176	3518.8322	2108.7651	932.2840
2412	21017.1805	-9951.2287	3518.8322	2108.7651	932.6578
2413	21026.3408	-9955.2399	3518.8322	2108.7651	933.0316
2414	21035.5011	-9959.2510	3518.8322	2108.7651	933.4054
2415	21044.6614	-9963.2621	3518.8322	2108.7651	933.7791
2416	21053.8217	-9967.2732	3518.8322	2108.7651	934.1529
2417	21062.9820	-9971.2843	3518.8322	2108.7651	934.5267
2418	21072.1423	-9975.2954	3518.8322	2108.7651	934.9005
2419	21081.3025	-9979.3065	3518.8322	2108.7651	935.2743
2420	21090.4628	-9983.3176	3518.8322	2108.7651	935.6481
2421	21099.6231	-9987.3287	3518.8322	2108.7651	936.0219
2422	21108.7834	-9991.3399	3518.8322	2108.7651	936.3956
2423	21117.9437	-9995.3510	3518.8322	2108.7651	936.7694
2424	21127.1040	-9999.3621	3518.8322	2108.7651	937.1432
2425	21136.2643	-10003.3732	3518.8322	2108.7651	937.5170
2426	21145.4246	-10007.3843	3518.8322	2108.7651	937.8908
2427	21154.5849	-10011.3954	3518.8322	2108.7651	938.2646
2428	21163.7452	-10015.4065	3518.8322	2108.7651	938.6383
2429	21172.9055	-10019.4176	3518.8322	2108.7651	939.0121
2430	21182.0658	-10023.4287	3518.8322	2108.7651	939.3859
2431	21191.2261	-10027.4399	3518.8322	2108.7651	939.7597
2432	21200.3864	-10031.4510	3518.8322	2108.7651	940.1335
2433	21209.5467	-10035.4621	3518.8322	2108.7651	940.5073
2434	21218.7070	-10039.4732	3518.8322	2108.7651	940.8811
2435	21227.8673	-10043.4843	3518.8322	2108.7651	941.2548
2436	21237.0275	-10047.4954	3518.8322	2108.7651	941.6286
2437	21246.1878	-10051.5065	3518.8322	2108.7651	942.0024
2438	21255.3481	-10055.5176	3518.8322	2108.7651	942.3762
2439	21264.5084	-10059.5287	3518.8322	2108.7651	942.7500
2440	21273.6687	-10063.5399	3518.8322	2108.7651	943.1238
2441	21282.8290	-10067.5510	3518.8322	2108.7651	943.4976
2442	21291.9893	-10071.5621	3518.8322	2108.7651	943.8713
2443	21301.1496	-10075.5732	3518.8322	2108.7651	944.2451
2444	21310.3099	-10079.5843	3518.8322	2108.7651	944.6189
2445	21319.4702	-10083.5954	3518.8322	2108.7651	944.9927
2446	21328.6305	-10087.6065	3518.8322	2108.7651	945.3665
2447	21337.7908	-10091.6176	3518.8322	2108.7651	945.7403
2448	21346.9511	-10095.6287	3518.8322	2108.7651	946.1140
2449	21356.1114	-10099.6398	3518.8322	2108.7651	946.4878
2450	21365.2717	-10103.6510	3518.8322	2108.7651	946.8616
2451	21374.4320	-10107.6621	3518.8322	2108.7651	947.2354
2452	21383.5923	-10111.6732	3518.8322	2108.7651	947.6092
2453	21392.7525	-10115.6843	3518.8322	2108.7651	947.9830
2454	21401.9128	-10119.6954	3518.8322	2108.7651	948.3568
2455	21411.0731	-10123.7065	3518.8322	2108.7651	948.7305
2456	21420.2334	-10127.7176	3518.8322	2108.7651	949.1043
2457	21429.3937	-10131.7287	3518.8322	2108.7651	949.4781
2458	21438.5540	-10135.7398	3518.8322	2108.7651	949.8519
2459	21447.7143	-10139.7510	3518.8322	2108.7651	950.2257
2460	21456.8746	-10143.7621	3518.8322	2108.7651	950.5995
2461	21466.0349	-10147.7732	3518.8322	2108.7651	950.9733
2462	21475.1952	-10151.7843	3518.8322	2108.7651	951.3470
2463	21484.3555	-10155.7954	3518.8322	2108.7651	951.7208
2464	21493.5158	-10159.8065	3518.8322	2108.7651	952.0946
2465	21502.6761	-10163.8176	3518.8322	2108.7651	952.4684
2466	21511.8364	-10167.8287	3518.8322	2108.7651	952.8422
2467	21520.9967	-10171.8398	3518.8322	2108.7651	953.2160
2468	21530.1570	-10175.8510	3518.8322	2108.7651	953.5897
2469	21539.3173	-10179.8621	3518.8322	2108.7651	953.9635
2470	21548.4776	-10183.8732	3518.8322	2108.7651	954.3373
2471	21557.6378	-10187.8843	3518.8322	2108.7651	954.7111
2472	21566.7981	-10191.8954	3518.8322	2108.7651	955.0849
2473	21575.9584	-10195.9065	3518.8322	2108.7651	955.4587
2474	21585.1187	-10199.9176	3518.8322	2108.7651	955.8325
2475	21594.2790	-10203.9287	3518.8322	2108.7651	956.2062
2476	21603.4393	-10207.9398	3518.8322	2108.7651	956.5800
2477	21612.5996	-10211.9510	3518.8322	2108.7651	956.9538
2478	21621.7599	-10215.9621	3518.8322	2108.7651	957.3276
2479	21630.9202	-10219.9732	3518.8322	2108.7651	957.7014
2480	21640.0805	-10223.9843	3518.8322	2108.7651	958.0752
2481	21649.2408	-10227.9954	3518.8322	2108.7651	958.4490
2482	21658.4011	-10232.0065	3518.8322	2108.7651	958.8227
2483	21667.5614	-10236.0176	3518.8322	2108.7651	959.1965
2484	21676.7217	-10240.0287	3518.8322	2108.7651	959.5703
2485	21685.8820	-10244.0398	3518.8322	2108.7651	959.9441
2486	21695.0423	-10248.0509	3518.8322	2108.7651	960.3179
2487	21704.2026	-10252.0621	3518.8322	2108.7651	960.6917
2488	21713.3628	-10256.0732	3518.8322	2108.7651	961.0654
2489	21722.5231	-10260.0843	3518.8322	2108.7651	961.4392
2490	21731.6834	-10264.0954	3518.8322	2108.7651	961.8130
2491	21740.8437	-10268.1065	3518.8322	2108.7651	962.1868
2492	21750.0040	-10272.1176	3518.8322	2108.7651	962.5606
2493	21759.1643	-10276.1287	3518.8322	2108.7651	962.9344
2494	21768.3246	-10280.1398	3518.8322	2108.7651	963.3082
2495	21777.4849	-10284.1509	3518.8322	2108.7651	963.6819
2496	21786.6452	-10288.1621	3518.8322	2108.7651	964.0557
2497	21795.8055	-10292.1732	3518.8322	2108.7651	964.4295
2498	21804.9658	-10296.1843	3518.8322	2108.7651	964.8033
2499	21814.1261	-10300.1954	3518.8322	2108.7651	965.1771
2500	21823.2864	-10304.2065	3518.8322	2108.7651	965.5509
2501	21832.4467	-10308.2176	3518.8322	2108.7651	965.9247
2502	21841.6070	-10312.2287	3518.8322	2108.7651	966.2984
2503	21850.7673	-10316.2398	3518.8322	2108.7651	966.6722
2504	21859.9276	-10320.2509	3518.8322	2108.7651	967.0460
2505	21869.0878	-10324.2621	3518.8322	2108.7651	967.4198
2506	21878.2481	-10328.2732	3518.8322	2108.7651	967.7936
2507	21887.4084	-10332.2843	3518.8322	2108.7651	968.1674
2508	21896.5687	-10336.2954	3518.8322	2108.7651	968.5412
2509	21905.7290	-10340.3065	3518.8322	2108.7651	968.9149
2510	21914.8893	-10344.3176	3518.8322	2108.7651	969.2887
2511	21924.0496	-10348.3287	3518.8322	2108.7651	969.6625
2512	21933.2099	-10352.3398	3518.8322	2108.7651	970.0363
2513	21942.3702	-10356.3509	3518.8322	2108.7651	970.4101
2514	21951.5305	-10360.3621	3518.8322	2108.7651	970.7839
2515	21960.6908	-10364.3732	3518.8322	2108.7651	971.1576
2516	21969.8511	-10368.3843	3518.8322	2108.7651	971.5314
2517	21979.0114	-10372.3954	3518.8322	2108.7651	971.9052
2518	21988.1717	-10376.4065	3518.8322	2108.7651	972.2790
2519	21997.3320	-10380.4176	3518.8322	2108.7651	972.6528
2520	22006.4923	-10384.4287	3518.8322	2108.7651	973.0266
2521	22015.6526	-10388.4398	3518.8322	2108.7651	973.4004
2522	22024.8128	-10392.4509	3518.8322	2108.7651	973.7741
2523	22033.9731	-10396.4621	3518.8322	2108.7651	974.1479
2524	22043.1334	-10400.4732	3518.8322	2108.7651	974.5217
2525	22052.2937	-10404.4843	3518.8322	2108.7651	974.8955
2526	22061.4540	-10408.4954	3518.8322	2108.7651	975.2693
2527	22070.6143	-10412.5065	3518.8322	2108.7651	975.6431
2528	22079.7746	-10416.5176	3518.8322	2108.7651	976.0169
2529	22088.9349	-10420.5287	3518.8322	2108.7651	976.3906
2530	22098.0952	-10424.5398	3518.8322	2108.7651	976.7644
2531	22107.2555	-10428.5509	3518.8322	2108.7651	977.1382
2532	22116.4158	-10432.5620	3518.8322	2108.7651	977.5120
2533	22125.5761	-10436.5732	3518.8322	2108.7651	977.8858
2534	22134.7364	-10440.5843	3518.8322	2108.7651	978.2596
2535	22143.8967	-10444.5954	3518.8322	2108.7651	978.6333
2536	22153.0570	-10448.6065	3518.8322	2108.7651	979.0071
2537	22162.2173	-10452.6176	3518.8322	2108.7651	979.3809
2538	22171.3776	-10456.6287	3518.8322	2108.7651	979.7547
2539	22180.5378	-10460.6398	3518.8322	2108.7651	980.1285
2540	22189.6981	-10464.6509	3518.8322	2108.7651	980.5023
2541	22198.8584	-10468.6620	3518.8322	2108.7651	980.8761
2542	22208.0187	-10472.6732	3518.8322	2108.7651	981.2498
2543	22217.1790	-10476.6843	3518.8322	2108.7651	981.6236
2544	22226.3393	-10480.6954	3518.8322	2108.7651	981.9974
2545	22235.4996	-10484.7065	3518.8322	2108.7651	982.3712
2546	22244.6599	-10488.7176	3518.8322	2108.7651	982.7450
2547	22253.8202	-10492.7287	3518.8322	2108.7651	983.1188
2548	22262.9805	-10496.7398	3518.8322	2108.7651	983.4926
2549	22272.1408	-10500.7509	3518.8322	2108.7651	983.8663
2550	22281.3011	-10504.7620	3518.8322	2108.7651	984.2401
2551	22290.4614	-10508.7732	3518.8322	2108.7651	984.6139
2552	22299.6217	-10512.7843	3518.8322	2108.7651	984.9877
2553	22308.7820	-10516.7954	3518.8322	2108.7651	985.3615
2554	22317.9423	-10520.8065	3518.8322	2108.7651	985.7353
2555	22327.1026	-10524.8176	3518.8322	2108.7651	986.1090
2556	22336.2629	-10528.8287	3518.8322	2108.7651	986.4828
2557	22345.4231	-10532.8398	3518.8322	2108.7651	986.8566
2558	22354.5834	-10536.8509	3518.8322	2108.7651	987.2304
2559	22363.7437	-10540.8620	3518.8322	2108.7651	987.6042
2560	22372.9040	-10544.8732	3518.8322	2108.7651	987.9780
2561	22382.0643	-10548.8843	3518.8322	2108.7651	988.3518
2562	22391.2246	-10552.8954	3518.8322	2108.7651	988.7255
2563	22400.3849	-10556.9065	3518.8322	2108.7651	989.0993
2564	22409.5452	-10560.9176	3518.8322	2108.7651	989.4731
2565	22418.7055	-10564.9287	3518.8322	2108.7651	989.8469
2566	22427.8658	-10568.9398	3518.8322	2108.7651	990.2207
2567	22437.0261	-10572.9509	3518.8322	2108.7651	990.5945
2568	22446.1864	-10576.9620	3518.8322	2108.7651	990.9683
2569	22455.3467	-10580.9732	3518.8322	2108.7651	991.3420
2570	22464.5070	-10584.9843	3518.8322	2108.7651	991.7158
2571	22473.6673	-10588.9954	3518.8322	2108.7651	992.0896
2572	22482.8276	-10593.0065	3518.8322	2108.7651	992.4634
2573	22491.9879	-10597.0176	3518.8322	2108.7651	992.8372
2574	22501.1481	-10601.0287	3518.8322	2108.7651	993.2110
2575	22510.3084	-10605.0398	3518.8322	2108.7651	993.5847
2576	22519.4687	-10609.0509	3518.8322	2108.7651	993.9585
2577	22528.6290	-10613.0620	3518.8322	2108.7651	994.3323
2578	22537.7893	-10617.0731	3518.8322	2108.7651	994.7061
2579	22546.9496	-10621.0843	3518.8322	2108.7651	995.0799
2580	22556.1099	-10625.0954	3518.8322	2108.7651	995.4537
2581	22565.2702	-10629.1065	3518.8322	2108.7651	995.8275
2582	22574.4305	-10633.1176	3518.8322	2108.7651	996.2012
2583	22583.5908	-10637.1287	3518.8322	2108.7651	996.5750
2584	22592.7511	-10641.1398	3518.8322	2108.7651	996.9488
2585	22601.9114	-10645.1509	3518.8322	2108.7651	997.3226
2586	22611.0717	-10649.1620	3518.8322	2108.7651	997.6964
2587	22620.2320	-10653.1731	3518.8322	2108.7651	998.0702
2588	22629.3923	-10657.1843	3518.8322	2108.7651	998.4440
2589	22638.5526	-10661.1954	3518.8322	2108.7651	998.8177
2590	22647.7129	-10665.2065	3518.8322	2108.7651	999.1915
2591	22656.8731	-10669.2176	3518.8322	2108.7651	999.5653
2592	22666.0334	-10673.2287	3518.8322	2108.7651	999.9391
2593	22675.1937	-10677.2398	3518.8322	2108.7651	1000.3129
2594	22684.3540	-10681.2509	3518.8322	2108.7651	1000.6867
2595	22693.5143	-10685.2620	3518.8322	2108.7651	1001.0604
2596	22702.6746	-10689.2731	3518.8322	2108.7651	1001.4342
2597	22711.8349	-10693.2843	3518.8322	2108.7651	1001.8080
2598	22720.9952	-10697.2954	3518.8322	2108.7651	1002.1818
2599	22730.1555	-10701.3065	3518.8322	2108.7651	1002.5556
2600	22739.3158	-10705.3176	3518.8322	2108.7651	1002.9294
2601	22748.4761	-10709.3287	3518.8322	2108.7651	1003.3032
2602	22757.6364	-10713.3398	3518.8322	2108.7651	1003.6769
2603	22766.7967	-10717.3509	3518.8322	2108.7651	1004.0507
2604	22775.9570	-10721.3620	3518.8322	2108.7651	1004.4245
2605	22785.1173	-10725.3731	3518.8322	2108.7651	1004.7983
2606	22794.2776	-10729.3843	3518.8322	2108.7651	1005.1721
2607	22803.4379	-10733.3954	3518.8322	2108.7651	1005.5459
2608	22812.5981	-10737.4065	3518.8322	2108.7651	1005.9197
2609	22821.7584	-10741.4176	3518.8322	2108.7651	1006.2934
2610	22830.9187	-10745.4287	3518.8322	2108.7651	1006.6672
2611	22840.0790	-10749.4398	3518.8322	2108.7651	1007.0410
2612	22849.2393	-10753.4509	3518.8322	2108.7651	1007.4148
2613	22858.3996	-10757.4620	3518.8322	2108.7651	1007.7886
2614	22867.5599	-10761.4731	3518.8322	2108.7651	1008.1624
2615	22876.7202	-10765.4843	3518.8322	2108.7651	1008.5361
2616	22885.8805	-10769.4954	3518.8322	2108.7651	1008.9099
2617	22895.0408	-10773.5065	3518.8322	2108.7651	1009.2837
2618	22904.2011	-10777.5176	3518.8322	2108.7651	1009.6575
2619	22913.3614	-10781.5287	3518.8322	2108.7651	1010.0313
2620	22922.5217	-10785.5398	3518.8322	2108.7651	1010.4051
2621	22931.6820	-10789.5509	3518.8322	2108.7651	1010.7789
2622	22940.8423	-10793.5620	3518.8322	2108.7651	1011.1526
2623	22950.0026	-10797.5731	3518.8322	2108.7651	1011.5264
2624	22959.1629	-10801.5842	3518.8322	2108.7651	1011.9002
2625	22968.3232	-10805.5954	3518.8322	2108.7651	1012.2740
2626	22977.4834	-10809.6065	3518.8322	2108.7651	1012.6478
2627	22986.6437	-10813.6176	3518.8322	2108.7651	1013.0216
2628	22995.8040	-10817.6287	3518.8322	2108.7651	1013.3954
2629	23004.9643	-10821.6398	3518.8322	2108.7651	1013.7691
2630	23014.1246	-10825.6509	3518.8322	2108.7651	1014.1429
2631	23023.2849	-10829.6620	3518.8322	2108.7651	1014.5167
2632	23032.4452	-10833.6731	3518.8322	2108.7651	1014.8905
2633	23041.6055	-10837.6842	3518.8322	2108.7651	1015.2643
2634	23050.7658	-10841.6954	3518.8322	2108.7651	1015.6381
2635	23059.9261	-10845.7065	3518.8322	2108.7651	1016.0119
2636	23069.0864	-10849.7176	3518.8322	2108.7651	1016.3856
2637	23078.2467	-10853.7287	3518.8322	2108.7651	1016.7594
2638	23087.4070	-10857.7398	3518.8322	2108.7651	1017.1332
2639	23096.5673	-10861.7509	3518.8322	2108.7651	1017.5070
2640	23105.7276	-10865.7620	3518.8322	2108.7651	1017.8808
2641	23114.8879	-10869.7731	3518.8322	2108.7651	1018.2546
2642	23124.0482	-10873.7842	3518.8322	2108.7651	1018.6283
2643	23133.2084	-10877.7954	3518.8322	2108.7651	1019.0021
2644	23142.3687	-10881.8065	3518.8322	2108.7651	1019.3759
2645	23151.5290	-10885.8176	3518.8322	2108.7651	1019.7497
2646	23160.6893	-10889.8287	3518.8322	2108.7651	1020.1235
2647	23169.8496	-10893.8398	3518.8322	2108.7651	1020.4973
2648	23179.0099	-10897.8509	3518.8322	2108.7651	1020.8711
2649	23188.1702	-10901.8620	3518.8322	2108.7651	1021.2448
2650	23197.3305	-10905.8731	3518.8322	2108.7651	1021.6186
2651	23206.4908	-10909.8842	3518.8322	2108.7651	1021.9924
2652	23215.6511	-10913.8954	3518.8322	2108.7651	1022.3662
2653	23224.8114	-10917.9065	3518.8322	2108.7651	1022.7400
2654	23233.9717	-10921.9176	3518.8322	2108.7651	1023.1138
2655	23243.1320	-10925.9287	3518.8322	2108.7651	1023.4876
2656	23252.2923	-10929.9398	3518.8322	2108.7651	1023.8613
2657	23261.4526	-10933.9509	3518.8322	2108.7651	1024.2351
2658	23270.6129	-10937.9620	3518.8322	2108.7651	1024.6089
2659	23279.7732	-10941.9731	3518.8322	2108.7651	1024.9827
2660	23288.9334	-10945.9842	3518.8322	2108.7651	1025.3565
2661	23298.0937	-10949.9954	3518.8322	2108.7651	1025.7303
2662	23307.2540	-10954.0065	3518.8322	2108.7651	1026.1040
2663	23316.4143	-10958.0176	3518.8322	2108.7651	1026.4778
2664	23325.5746	-10962.0287	3518.8322	2108.7651	1026.8516
2665	23334.7349	-10966.0398	3518.8322	2108.7651	1027.2254
2666	23343.8952	-10970.0509	3518.8322	2108.7651	1027.5992
2667	23353.0555	-10974.0620	3518.8322	2108.7651	1027.9730
2668	23362.2158	-10978.0731	3518.8322	2108.7651	1028.3468
2669	23371.3761	-10982.0842	3518.8322	2108.7651	1028.7205
2670	23380.5364	-10986.0953	3518.8322	2108.7651	1029.0943
2671	23389.6967	-10990.1065	3518.8322	2108.7651	1029.4681
2672	23398.8570	-10994.1176	3518.8322	2108.7651	1029.8419
2673	23408.0173	-10998.1287	3518.8322	2108.7651	1030.2157
2674	23417.1776	-11002.1398	3518.8322	2108.7651	1030.5895
2675	23426.3379	-11006.1509	3518.8322	2108.7651	1030.9633
2676	23435.4982	-11010.1620	3518.8322	2108.7651	1031.3370
2677	23444.6584	-11014.1731	3518.8322	2108.7651	1031.7108
2678	23453.8187	-11018.1842	3518.8322	2108.7651	1032.0846
2679	23462.9790	-11022.1953	3518.8322	2108.7651	1032.4584
2680	23472.1393	-11026.2065	3518.8322	2108.7651	1032.8322
2681	23481.2996	-11030.2176	3518.8322	2108.7651	1033.2060
2682	23490.4599	-11034.2287	3518.8322	2108.7651	1033.5797
2683	23499.6202	-11038.2398	3518.8322	2108.7651	1033.9535
2684	23508.7805	-11042.2509	3518.8322	2108.7651	1034.3273
2685	23517.9408	-11046.2620	3518.8322	2108.7651	1034.7011
2686	23527.1011	-11050.2731	3518.8322	2108.7651	1035.0749
2687	23536.2614	-11054.2842	3518.8322	2108.7651	1035.4487
2688	23545.4217	-11058.2953	3518.8322	2108.7651	1035.8225
2689	23554.5820	-11062.3065	3518.8322	2108.7651	1036.1962
2690	23563.7423	-11066.3176	3518.8322	2108.7651	1036.5700
2691	23572.9026	-11070.3287	3518.8322	2108.7651	1036.9438
2692	23582.0629	-11074.3398	3518.8322	2108.7651	1037.3176
2693	23591.2232	-11078.3509	3518.8322	2108.7651	1037.6914
2694	23600.3834	-11082.3620	3518.8322	2108.7651	1038.0652
2695	23609.5437	-11086.3731	3518.8322	2108.7651	1038.4390
2696	23618.7040	-11090.3842	3518.8322	2108.7651	1038.8127
2697	23627.8643	-11094.3953	3518.8322	2108.7651	1039.1865
2698	23637.0246	-11098.4065	3518.8322	2108.7651	1039.5603
2699	23646.1849	-11102.4176	3518.8322	2108.7651	1039.9341
2700	23655.3452	-11106.4287	3518.8322	2108.7651	1040.3079
2701	23664.5055	-11110.4398	3518.8322	2108.7651	1040.6817
2702	23673.6658	-11114.4509	3518.8322	2108.7651	1041.0554
2703	23682.8261	-11118.4620	3518.8322	2108.7651	1041.4292
2704	23691.9864	-11122.4731	3518.8322	2108.7651	1041.8030
2705	23701.1467	-11126.4842	3518.8322	2108.7651	1042.1768
2706	23710.3070	-11130.4953	3518.8322	2108.7651	1042.5506
2707	23719.4673	-11134.5065	3518.8322	2108.7651	1042.9244
2708	23728.6276	-11138.5176	3518.8322	2108.7651	1043.2982
2709	23737.7879	-11142.5287	3518.8322	2108.7651	1043.6719
2710	23746.9482	-11146.5398	3518.8322	2108.7651	1044.0457
2711	23756.1085	-11150.5509	3518.8322	2108.7651	1044.4195
2712	23765.2687	-11154.5620	3518.8322	2108.7651	1044.7933
2713	23774.4290	-11158.5731	3518.8322	2108.7651	1045.1671
2714	23783.5893	-11162.5842	3518.8322	2108.7651	1045.5409
2715	23792.7496	-11166.5953	3518.8322	2108.7651	1045.9147
2716	23801.9099	-11170.6064	3518.8322	2108.7651	1046.2884
2717	23811.0702	-11174.6176	3518.8322	2108.7651	1046.6622
2718	23820.2305	-11178.6287	3518.8322	2108.7651	1047.0360
2719	23829.3908	-11182.6398	3518.8322	2108.7651	1047.4098
2720	23838.5511	-11186.6509	3518.8322	2108.7651	1047.7836
2721	23847.7114	-11190.6620	3518.8322	2108.7651	1048.1574
2722	23856.8717	-11194.6731	3518.8322	2108.7651	1048.5311
2723	23866.0320	-11198.6842	3518.8322	2108.7651	1048.9049
2724	23875.1923	-11202.6953	3518.8322	2108.7651	1049.2787
2725	23884.3526	-11206.7064	3518.8322	2108.7651	1049.6525
2726	23893.5129	-11210.7176	3518.8322	2108.7651	1050.0263
2727	23902.6732	-11214.7287	3518.8322	2108.7651	1050.4001
2728	23911.8335	-11218.7398	3518.8322	2108.7651	1050.7739
2729	23920.9937	-11222.7509	3518.8322	2108.7651	1051.1476
2730	23930.1540	-11226.7620	3518.8322	2108.7651	1051.5214
2731	23939.3143	-11230.7731	3518.8322	2108.7651	1051.8952
2732	23948.4746	-11234.7842	3518.8322	2108.7651	1052.2690
2733	23957.6349	-11238.7953	3518.8322	2108.7651	1052.6428
2734	23966.7952	-11242.8064	3518.8322	2108.7651	1053.0166
2735	23975.9555	-11246.8176	3518.8322	2108.7651	1053.3904
2736	23985.1158	-11250.8287	3518.8322	2108.7651	1053.7641
2737	23994.2761	-11254.8398	3518.8322	2108.7651	1054.1379
2738	24003.4364	-11258.8509	3518.8322	2108.7651	1054.5117
2739	24012.5967	-11262.8620	3518.8322	2108.7651	1054.8855
2740	24021.7570	-11266.8731	3518.8322	2108.7651	1055.2593
2741	24030.9173	-11270.8842	3518.8322	2108.7651	1055.6331
2742	24040.0776	-11274.8953	3518.8322	2108.7651	1056.0068
2743	24049.2379	-11278.9064	3518.8322	2108.7651	1056.3806
2744	24058.3982	-11282.9176	3518.8322	2108.7651	1056.7544
2745	24067.5585	-11286.9287	3518.8322	2108.7651	1057.1282
2746	24076.7187	-11290.9398	3518.8322	2108.7651	1057.5020
2747	24085.8790	-11294.9509	3518.8322	2108.7651	1057.8758
2748	24095.0393	-11298.9620	3518.8322	2108.7651	1058.2496
2749	24104.1996	-11302.9731	3518.8322	2108.7651	1058.6233
2750	24113.3599	-11306.9842	3518.8322	2108.7651	1058.9971
2751	24122.5202	-11310.9953	3518.8322	2108.7651	1059.3709
2752	24131.6805	-11315.0064	3518.8322	2108.7651	1059.7447
2753	24140.8408	-11319.0175	3518.8322	2108.7651	1060.1185
2754	24150.0011	-11323.0287	3518.8322	2108.7651	1060.4923
2755	24159.1614	-11327.0398	3518.8322	2108.7651	1060.8661
2756	24168.3217	-11331.0509	3518.8322	2108.7651	1061.2398
2757	24177.4820	-11335.0620	3518.8322	2108.7651	1061.6136
2758	24186.6423	-11339.0731	3518.8322	2108.7651	1061.9874
2759	24195.8026	-11343.0842	3518.8322	2108.7651	1062.3612
2760	24204.9629	-11347.0953	3518.8322	2108.7651	1062.7350
2761	24214.1232	-11351.1064	3518.8322	2108.7651	1063.1088
2762	24223.2835	-11355.1175	3518.8322	2108.7651	1063.4826
2763	24232.4437	-11359.1287	3518.8322	2108.7651	1063.8563
2764	24241.6040	-11363.1398	3518.8322	2108.7651	1064.2301
2765	24250.7643	-11367.1509	3518.8322	2108.7651	1064.6039
2766	24259.9246	-11371.1620	3518.8322	2108.7651	1064.9777
2767	24269.0849	-11375.1731	3518.8322	2108.7651	1065.3515
2768	24278.2452	-11379.1842	3518.8322	2108.7651	1065.7253
2769	24287.4055	-11383.1953	3518.8322	2108.7651	1066.0990
2770	24296.5658	-11387.2064	3518.8322	2108.7651	1066.4728
2771	24305.7261	-11391.2175	3518.8322	2108.7651	1066.8466
2772	24314.8864	-11395.2287	3518.8322	2108.7651	1067.2204
2773	24324.0467	-11399.2398	3518.8322	2108.7651	1067.5942
2774	24333.2070	-11403.2509	3518.8322	2108.7651	1067.9680
2775	24342.3673	-11407.2620	3518.8322	2108.7651	1068.3418
2776	24351.5276	-11411.2731	3518.8322	2108.7651	1068.7155
2777	24360.6879	-11415.2842	3518.8322	2108.7651	1069.0893
2778	24369.8482	-11419.2953	3518.8322	2108.7651	1069.4631
2779	24379.0085	-11423.3064	3518.8322	2108.7651	1069.8369
2780	24388.1687	-11427.3175	3518.8322	2108.7651	1070.2107
2781	24397.3290	-11431.3287	3518.8322	2108.7651	1070.5845
2782	24406.4893	-11435.3398	3518.8322	2108.7651	1070.9583
2783	24415.6496	-11439.3509	3518.8322	2108.7651	1071.3320
2784	24424.8099	-11443.3620	3518.8322	2108.7651	1071.7058
2785	24433.9702	-11447.3731	3518.8322	2108.7651	1072.0796
2786	24443.1305	-11451.3842	3518.8322	2108.7651	1072.4534
2787	24452.2908	-11455.3953	3518.8322	2108.7651	1072.8272
2788	24461.4511	-11459.4064	3518.8322	2108.7651	1073.2010
2789	24470.6114	-11463.4175	3518.8322	2108.7651	1073.5747
2790	24479.7717	-11467.4287	3518.8322	2108.7651	1073.9485
2791	24488.9320	-11471.4398	3518.8322	2108.7651	1074.3223
2792	24498.0923	-11475.4509	3518.8322	2108.7651	1074.6961
2793	24507.2526	-11479.4620	3518.8322	2108.7651	1075.0699
2794	24516.4129	-11483.4731	3518.8322	2108.7651	1075.4437
2795	24525.5732	-11487.4842	3518.8322	2108.7651	1075.8175
2796	24534.7335	-11491.4953	3518.8322	2108.7651	1076.1912
2797	24543.8938	-11495.5064	3518.8322	2108.7651	1076.5650
2798	24553.0540	-11499.5175	3518.8322	2108.7651	1076.9388
2799	24562.2143	-11503.5286	3518.8322	2108.7651	1077.3126
2800	24571.3746	-11507.5398	3518.8322	2108.7651	1077.6864
2801	24580.5349	-11511.5509	3518.8322	2108.7651	1078.0602
2802	24589.6952	-11515.5620	3518.8322	2108.7651	1078.4340
2803	24598.8555	-11519.5731	3518.8322	2108.7651	1078.8077
2804	24608.0158	-11523.5842	3518.8322	2108.7651	1079.1815
2805	24617.1761	-11527.5953	3518.8322	2108.7651	1079.5553
2806	24626.3364	-11531.6064	3518.8322	2108.7651	1079.9291
2807	24635.4967	-11535.6175	3518.8322	2108.7651	1080.3029
2808	24644.6570	-11539.6286	3518.8322	2108.7651	1080.6767
2809	24653.8173	-11543.6398	3518.8322	2108.7651	1081.0504
2810	24662.9776	-11547.6509	3518.8322	2108.7651	1081.4242
2811	24672.1379	-11551.6620	3518.8322	2108.7651	1081.7980
2812	24681.2982	-11555.6731	3518.8322	2108.7651	1082.1718
2813	24690.4585	-11559.6842	3518.8322	2108.7651	1082.5456
2814	24699.6188	-11563.6953	3518.8322	2108.7651	1082.9194
2815	24708.7790	-11567.7064	3518.8322	2108.7651	1083.2932
2816	24717.9393	-11571.7175	3518.8322	2108.7651	1083.6669
2817	24727.0996	-11575.7286	3518.8322	2108.7651	1084.0407
2818	24736.2599	-11579.7398	3518.8322	2108.7651	1084.4145
2819	24745.4202	-11583.7509	3518.8322	2108.7651	1084.7883
2820	24754.5805	-11587.7620	3518.8322	2108.7651	1085.1621
2821	24763.7408	-11591.7731	3518.8322	2108.7651	1085.5359
2822	24772.9011	-11595.7842	3518.8322	2108.7651	1085.9097
2823	24782.0614	-11599.7953	3518.8322	2108.7651	1086.2834
2824	24791.2217	-11603.8064	3518.8322	2108.7651	1086.6572
2825	24800.3820	-11607.8175	3518.8322	2108.7651	1087.0310
2826	24809.5423	-11611.8286	3518.8322	2108.7651	1087.4048
2827	24818.7026	-11615.8398	3518.8322	2108.7651	1087.7786
2828	24827.8629	-11619.8509	3518.8322	2108.7651	1088.1524
2829	24837.0232	-11623.8620	3518.8322	2108.7651	1088.5261
2830	24846.1835	-11627.8731	3518.8322	2108.7651	1088.8999
2831	24855.3438	-11631.8842	3518.8322	2108.7651	1089.2737
2832	24864.5040	-11635.8953	3518.8322	2108.7651	1089.6475
2833	24873.6643	-11639.9064	3518.8322	2108.7651	1090.0213
2834	24882.8246	-11643.9175	3518.8322	2108.7651	1090.3951
2835	24891.9849	-11647.9286	3518.8322	2108.7651	1090.7689
2836	24901.1452	-11651.9398	3518.8322	2108.7651	1091.1426
2837	24910.3055	-11655.9509	3518.8322	2108.7651	1091.5164
2838	24919.4658	-11659.9620	3518.8322	2108.7651	1091.8902
2839	24928.6261	-11663.9731	3518.8322	2108.7651	1092.2640
2840	24937.7864	-11667.9842	3518.8322	2108.7651	1092.6378
2841	24946.9467	-11671.9953	3518.8322	2108.7651	1093.0116
2842	24956.1070	-11676.0064	3518.8322	2108.7651	1093.3854
2843	24965.2673	-11680.0175	3518.8322	2108.7651	1093.7591
2844	24974.4276	-11684.0286	3518.8322	2108.7651	1094.1329
2845	24983.5879	-11688.0397	3518.8322	2108.7651	1094.5067
2846	24992.7482	-11692.0509	3518.8322	2108.7651	1094.8805
2847	25001.9085	-11696.0620	3518.8322	2108.7651	1095.2543
2848	25011.0688	-11700.0731	3518.8322	2108.7651	1095.6281
2849	25020.2290	-11704.0842	3518.8322	2108.7651	1096.0018
2850	25029.3893	-11708.0953	3518.8322	2108.7651	1096.3756
2851	25038.5496	-11712.1064	3518.8322	2108.7651	1096.7494
2852	25047.7099	-11716.1175	3518.8322	2108.7651	1097.1232
2853	25056.8702	-11720.1286	3518.8322	2108.7651	1097.4970
2854	25066.0305	-11724.1397	3518.8322	2108.7651	1097.8708
2855	25075.1908	-11728.1509	3518.8322	2108.7651	1098.2446
2856	25084.3511	-11732.1620	3518.8322	2108.7651	1098.6183
2857	25093.5114	-11736.1731	3518.8322	2108.7651	1098.9921
2858	25102.6717	-11740.1842	3518.8322	2108.7651	1099.3659
2859	25111.8320	-11744.1953	3518.8322	2108.7651	1099.7397
2860	25120.9923	-11748.2064	3518.8322	2108.7651	1100.1135
2861	25130.1526	-11752.2175	3518.8322	2108.7651	1100.4873
2862	25139.3129	-11756.2286	3518.8322	2108.7651	1100.8611
2863	25148.4732	-11760.2397	3518.8322	2108.7651	1101.2348
2864	25157.6335	-11764.2509	3518.8322	2108.7651	1101.6086
2865	25166.7938	-11768.2620	3518.8322	2108.7651	1101.9824
2866	25175.9541	-11772.2731	3518.8322	2108.7651	1102.3562
2867	25185.1143	-11776.2842	3518.8322	2108.7651	1102.7300
2868	25194.2746	-11780.2953	3518.8322	2108.7651	1103.1038
2869	25203.4349	-11784.3064	3518.8322	2108.7651	1103.4775
2870	25212.5952	-11788.3175	3518.8322	2108.7651	1103.8513
2871	25221.7555	-11792.3286	3518.8322	2108.7651	1104.2251
2872	25230.9158	-11796.3397	3518.8322	2108.7651	1104.5989
2873	25240.0761	-11800.3509	3518.8322	2108.7651	1104.9727
2874	25249.2364	-11804.3620	3518.8322	2108.7651	1105.3465
2875	25258.3967	-11808.3731	3518.8322	2108.7651	1105.7203
2876	25267.5570	-11812.3842	3518.8322	2108.7651	1106.0940
2877	25276.7173	-11816.3953	3518.8322	2108.7651	1106.4678
2878	25285.8776	-11820.4064	3518.8322	2108.7651	1106.8416
2879	25295.0379	-11824.4175	3518.8322	2108.7651	1107.2154
2880	25304.1982	-11828.4286	3518.8322	2108.7651	1107.5892
2881	25313.3585	-11832.4397	3518.8322	2108.7651	1107.9630
2882	25322.5188	-11836.4509	3518.8322	2108.7651	1108.3368
2883	25331.6791	-11840.4620	3518.8322	2108.7651	1108.7105
2884	25340.8393	-11844.4731	3518.8322	2108.7651	1109.0843
2885	25349.9996	-11848.4842	3518.8322	2108.7651	1109.4581
2886	25359.1599	-11852.4953	3518.8322	2108.7651	1109.8319
2887	25368.3202	-11856.5064	3518.8322	2108.7651	1110.2057
2888	25377.4805	-11860.5175	3518.8322	2108.7651	1110.5795
2889	25386.6408	-11864.5286	3518.8322	2108.7651	1110.9533
2890	25395.8011	-11868.5397	3518.8322	2108.7651	1111.3270
2891	25404.9614	-11872.5508	3518.8322	2108.7651	1111.7008
2892	25414.1217	-11876.5620	3518.8322	2108.7651	1112.0746
2893	25423.2820	-11880.5731	3518.8322	2108.7651	1112.4484
2894	25432.4423	-11884.5842	3518.8322	2108.7651	1112.8222
2895	25441.6026	-11888.5953	3518.8322	2108.7651	1113.1960
2896	25450.7629	-11892.6064	3518.8322	2108.7651	1113.5697
2897	25459.9232	-11896.6175	3518.8322	2108.7651	1113.9435
2898	25469.0835	-11900.6286	3518.8322	2108.7651	1114.3173
2899	25478.2438	-11904.6397	3518.8322	2108.7651	1114.6911
2900	25487.4041	-11908.6508	3518.8322	2108.7651	1115.0649
2901	25496.5643	-11912.6620	3518.8322	2108.7651	1115.4387
2902	25505.7246	-11916.6731	3518.8322	2108.7651	1115.8125
2903	25514.8849	-11920.6842	3518.8322	2108.7651	1116.1862
2904	25524.0452	-11924.6953	3518.8322	2108.7651	1116.5600
2905	25533.2055	-11928.7064	3518.8322	2108.7651	1116.9338
2906	25542.3658	-11932.7175	3518.8322	2108.7651	1117.3076
2907	25551.5261	-11936.7286	3518.8322	2108.7651	1117.6814
2908	25560.6864	-11940.7397	3518.8322	2108.7651	1118.0552
2909	25569.8467	-11944.7508	3518.8322	2108.7651	1118.4290
2910	25579.0070	-11948.7620	3518.8322	2108.7651	1118.8027
2911	25588.1673	-11952.7731	3518.8322	2108.7651	1119.1765
2912	25597.3276	-11956.7842	3518.8322	2108.7651	1119.5503
2913	25606.4879	-11960.7953	3518.8322	2108.7651	1119.9241
2914	25615.6482	-11964.8064	3518.8322	2108.7651	1120.2979
2915	25624.8085	-11968.8175	3518.8322	2108.7651	1120.6717
2916	25633.9688	-11972.8286	3518.8322	2108.7651	1121.0454
2917	25643.1291	-11976.8397	3518.8322	2108.7651	1121.4192
2918	25652.2893	-11980.8508	3518.8322	2108.7651	1121.7930
2919	25661.4496	-11984.8620	3518.8322	2108.7651	1122.1668
2920	25670.6099	-11988.8731	3518.8322	2108.7651	1122.5406
2921	25679.7702	-11992.8842	3518.8322	2108.7651	1122.9144
2922	25688.9305	-11996.8953	3518.8322	2108.7651	1123.2882
2923	25698.0908	-12000.9064	3518.8322	2108.7651	1123.6619
2924	25707.2511	-12004.9175	3518.8322	2108.7651	1124.0357
2925	25716.4114	-12008.9286	3518.8322	2108.7651	1124.4095
2926	25725.5717	-12012.9397	3518.8322	2108.7651	1124.7833
2927	25734.7320	-12016.9508	3518.8322	2108.7651	1125.1571
2928	25743.8923	-12020.9620	3518.8322	2108.7651	1125.5309
2929	25753.0526	-12024.9731	3518.8322	2108.7651	1125.9047
2930	25762.2129	-12028.9842	3518.8322	2108.7651	1126.2784
2931	25771.3732	-12032.9953	3518.8322	2108.7651	1126.6522
2932	25780.5335	-12037.0064	3518.8322	2108.7651	1127.0260
2933	25789.6938	-12041.0175	3518.8322	2108.7651	1127.3998
2934	25798.8541	-12045.0286	3518.8322	2108.7651	1127.7736
2935	25808.0143	-12049.0397	3518.8322	2108.7651	1128.1474
2936	25817.1746	-12053.0508	3518.8322	2108.7651	1128.5211
2937	25826.3349	-12057.0619	3518.8322	2108.7651	1128.8949
2938	25835.4952	-12061.0731	3518.8322	2108.7651	1129.2687
2939	25844.6555	-12065.0842	3518.8322	2108.7651	1129.6425
2940	25853.8158	-12069.0953	3518.8322	2108.7651	1130.0163
2941	25862.9761	-12073.1064	3518.8322	2108.7651	1130.3901
2942	25872.1364	-12077.1175	3518.8322	2108.7651	1130.7639
2943	25881.2967	-12081.1286	3518.8322	2108.7651	1131.1376
2944	25890.4570	-12085.1397	3518.8322	2108.7651	1131.5114
2945	25899.6173	-12089.1508	3518.8322	2108.7651	1131.8852
2946	25908.7776	-12093.1619	3518.8322	2108.7651	1132.2590
2947	25917.9379	-12097.1731	3518.8322	2108.7651	1132.6328
2948	25927.0982	-12101.1842	3518.8322	2108.7651	1133.0066
2949	25936.2585	-12105.1953	3518.8322	2108.7651	1133.3804
2950	25945.4188	-12109.2064	3518.8322	2108.7651	1133.7541
2951	25954.5791	-12113.2175	3518.8322	2108.7651	1134.1279
2952	25963.7394	-12117.2286	3518.8322	2108.7651	1134.5017
2953	25972.8996	-12121.2397	3518.8322	2108.7651	1134.8755
2954	25982.0599	-12125.2508	3518.8322	2108.7651	1135.2493
2955	25991.2202	-12129.2619	3518.8322	2108.7651	1135.6231
2956	26000.3805	-12133.2731	3518.8322	2108.7651	1135.9968
2957	26009.5408	-12137.2842	3518.8322	2108.7651	1136.3706
2958	26018.7011	-12141.2953	3518.8322	2108.7651	1136.7444
2959	26027.8614	-12145.3064	3518.8322	2108.7651	1137.1182
2960	26037.0217	-12149.3175	3518.8322	2108.7651	1137.4920
2961	26046.1820	-12153.3286	3518.8322	2108.7651	1137.8658
2962	26055.3423	-12157.3397	3518.8322	2108.7651	1138.2396
2963	26064.5026	-12161.3508	3518.8322	2108.7651	1138.6133
2964	26073.6629	-12165.3619	3518.8322	2108.7651	1138.9871
2965	26082.8232	-12169.3731	3518.8322	2108.7651	1139.3609
2966	26091.9835	-12173.3842	3518.8322	2108.7651	1139.7347
2967	26101.1438	-12177.3953	3518.8322	2108.7651	1140.1085
2968	26110.3041	-12181.4064	3518.8322	2108.7651	1140.4823
2969	26119.4644	-12185.4175	3518.8322	2108.7651	1140.8561
2970	26128.6246	-12189.4286	3518.8322	2108.7651	1141.2298
2971	26137.7849	-12193.4397	3518.8322	2108.7651	1141.6036
2972	26146.9452	-12197.4508	3518.8322	2108.7651	1141.9774
2973	26156.1055	-12201.4619	3518.8322	2108.7651	1142.3512
2974	26165.2658	-12205.4731	3518.8322	2108.7651	1142.7250
2975	26174.4261	-12209.4842	3518.8322	2108.7651	1143.0988
2976	26183.5864	-12213.4953	3518.8322	2108.7651	1143.4725
2977	26192.7467	-12217.5064	3518.8322	2108.7651	1143.8463
2978	26201.9070	-12221.5175	3518.8322	2108.7651	1144.2201
2979	26211.0673	-12225.5286	3518.8322	2108.7651	1144.5939
2980	26220.2276	-12229.5397	3518.8322	2108.7651	1144.9677
2981	26229.3879	-12233.5508	3518.8322	2108.7651	1145.3415
2982	26238.5482	-12237.5619	3518.8322	2108.7651	1145.7153
2983	26247.7085	-12241.5730	3518.8322	2108.7651	1146.0890
2984	26256.8688	-12245.5842	3518.8322	2108.7651	1146.4628
2985	26266.0291	-12249.5953	3518.8322	2108.7651	1146.8366
2986	26275.1894	-12253.6064	3518.8322	2108.7651	1147.2104
2987	26284.3496	-12257.6175	3518.8322	2108.7651	1147.5842
2988	26293.5099	-12261.6286	3518.8322	2108.7651	1147.9580
2989	26302.6702	-12265.6397	3518.8322	2108.7651	1148.3318
2990	26311.8305	-12269.6508	3518.8322	2108.7651	1148.7055
2991	26320.9908	-12273.6619	3518.8322	2108.7651	1149.0793
2992	26330.1511	-12277.6730	3518.8322	2108.7651	1149.4531
2993	26339.3114	-12281.6842	3518.8322	2108.7651	1149.8269
2994	26348.4717	-12285.6953	3518.8322	2108.7651	1150.2007
2995	26357.6320	-12289.7064	3518.8322	2108.7651	1150.5745
2996	26366.7923	-12293.7175	3518.8322	2108.7651	1150.9482
2997	26375.9526	-12297.7286	3518.8322	2108.7651	1151.3220
2998	26385.1129	-12301.7397	3518.8322	2108.7651	1151.6958
2999	26394.2732	-12305.7508	3518.8322	2108.7651	1152.0696
3000	26403.4335	-12309.7619	3518.8322	2108.7651	1152.4434
3001	26412.5938	-12313.7730	3518.8322	2108.7651	1152.8172
3002	26421.7541	-12317.7842	3518.8322	2108.7651	1153.1910
3003	26430.9144	-12321.7953	3518.8322	2108.7651	1153.5647
3004	26440.0746	-12325.8064	3518.8322	2108.7651	1153.9385
3005	26449.2349	-12329.8175	3518.8322	2108.7651	1154.3123
3006	26458.3952	-12333.8286	3518.8322	2108.7651	1154.6861
3007	26467.5555	-12337.8397	3518.8322	2108.7651	1155.0599
3008	26476.7158	-12341.8508	3518.8322	2108.7651	1155.4337
3009	26485.8761	-12345.8619	3518.8322	2108.7651	1155.8075
3010	26495.0364	-12349.8730	3518.8322	2108.7651	1156.1812
3011	26504.1967	-12353.8842	3518.8322	2108.7651	1156.5550
3012	26513.3570	-12357.8953	3518.8322	2108.7651	1156.9288
3013	26522.5173	-12361.9064	3518.8322	2108.7651	1157.3026
3014	26531.6776	-12365.9175	3518.8322	2108.7651	1157.6764
3015	26540.8379	-12369.9286	3518.8322	2108.7651	1158.0502
3016	26549.9982	-12373.9397	3518.8322	2108.7651	1158.4240
3017	26559.1585	-12377.9508	3518.8322	2108.7651	1158.7977
3018	26568.3188	-12381.9619	3518.8322	2108.7651	1159.1715
3019	26577.4791	-12385.9730	3518.8322	2108.7651	1159.5453
3020	26586.6394	-12389.9841	3518.8322	2108.7651	1159.9191
3021	26595.7996	-12393.9953	3518.8322	2108.7651	1160.2929
3022	26604.9599	-12398.0064	3518.8322	2108.7651	1160.6667
3023	26614.1202	-12402.0175	3518.8322	2108.7651	1161.0404
3024	26623.2805	-12406.0286	3518.8322	2108.7651	1161.4142
3025	26632.4408	-12410.0397	3518.8322	2108.7651	1161.7880
3026	26641.6011	-12414.0508	3518.8322	2108.7651	1162.1618
3027	26650.7614	-12418.0619	3518.8322	2108.7651	1162.5356
3028	26659.9217	-12422.0730	3518.8322	2108.7651	1162.9094
3029	26669.0820	-12426.0841	3518.8322	2108.7651	1163.2832
3030	26678.2423	-12430.0953	3518.8322	2108.7651	1163.6569
3031	26687.4026	-12434.1064	3518.8322	2108.7651	1164.0307
3032	26696.5629	-12438.1175	3518.8322	2108.7651	1164.4045
3033	26705.7232	-12442.1286	3518.8322	2108.7651	1164.7783
3034	26714.8835	-12446.1397	3518.8322	2108.7651	1165.1521
3035	26724.0438	-12450.1508	3518.8322	2108.7651	1165.5259
3036	26733.2041	-12454.1619	3518.8322	2108.7651	1165.8997
3037	26742.3644	-12458.1730	3518.8322	2108.7651	1166.2734
3038	26751.5247	-12462.1841	3518.8322	2108.7651	1166.6472
3039	26760.6849	-12466.1953	3518.8322	2108.7651	1167.0210
3040	26769.8452	-12470.2064	3518.8322	2108.7651	1167.3948
3041	26779.0055	-12474.2175	3518.8322	2108.7651	1167.7686
3042	26788.1658	-12478.2286	3518.8322	2108.7651	1168.1424
3043	26797.3261	-12482.2397	3518.8322	2108.7651	1168.5161
3044	26806.4864	-12486.2508	3518.8322	2108.7651	1168.8899
3045	26815.6467	-12490.2619	3518.8322	2108.7651	1169.2637
3046	26824.8070	-12494.2730	3518.8322	2108.7651	1169.6375
3047	26833.9673	-12498.2841	3518.8322	2108.7651	1170.0113
3048	26843.1276	-12502.2953	3518.8322	2108.7651	1170.3851
3049	26852.2879	-12506.3064	3518.8322	2108.7651	1170.7589
3050	26861.4482	-12510.3175	3518.8322	2108.7651	1171.1326
3051	26870.6085	-12514.3286	3518.8322	2108.7651	1171.5064
3052	26879.7688	-12518.3397	3518.8322	2108.7651	1171.8802
3053	26888.9291	-12522.3508	3518.8322	2108.7651	1172.2540
3054	26898.0894	-12526.3619	3518.8322	2108.7651	1172.6278
3055	26907.2497	-12530.3730	3518.8322	2108.7651	1173.0016
3056	26916.4099	-12534.3841	3518.8322	2108.7651	1173.3754
3057	26925.5702	-12538.3953	3518.8322	2108.7651	1173.7491
3058	26934.7305	-12542.4064	3518.8322	2108.7651	1174.1229
3059	26943.8908	-12546.4175	3518.8322	2108.7651	1174.4967
3060	26953.0511	-12550.4286	3518.8322	2108.7651	1174.8705
3061	26962.2114	-12554.4397	3518.8322	2108.7651	1175.2443
3062	26971.3717	-12558.4508	3518.8322	2108.7651	1175.6181
3063	26980.5320	-12562.4619	3518.8322	2108.7651	1175.9918
3064	26989.6923	-12566.4730	3518.8322	2108.7651	1176.3656
3065	26998.8526	-12570.4841	3518.8322	2108.7651	1176.7394
3066	27008.0129	-12574.4952	3518.8322	2108.7651	1177.1132
3067	27017.1732	-12578.5064	3518.8322	2108.7651	1177.4870
3068	27026.3335	-12582.5175	3518.8322	2108.7651	1177.8608
3069	27035.4938	-12586.5286	3518.8322	2108.7651	1178.2346
3070	27044.6541	-12590.5397	3518.8322	2108.7651	1178.6083
3071	27053.8144	-12594.5508	3518.8322	2108.7651	1178.9821
3072	27062.9747	-12598.5619	3518.8322	2108.7651	1179.3559
3073	27072.1349	-12602.5730	3518.8322	2108.7651	1179.7297
3074	27081.2952	-12606.5841	3518.8322	2108.7651	1180.1035
3075	27090.4555	-12610.5952	3518.8322	2108.7651	1180.4773
3076	27099.6158	-12614.6064	3518.8322	2108.7651	1180.8511
3077	27108.7761	-12618.6175	3518.8322	2108.7651	1181.2248
3078	27117.9364	-12622.6286	3518.8322	2108.7651	1181.5986
3079	27127.0967	-12626.6397	3518.8322	2108.7651	1181.9724
3080	27136.2570	-12630.6508	3518.8322	2108.7651	1182.3462
3081	27145.4173	-12634.6619	3518.8322	2108.7651	1182.7200
3082	27154.5776	-12638.6730	3518.8322	2108.7651	1183.0938
3083	27163.7379	-12642.6841	3518.8322	2108.7651	1183.4675
3084	27172.8982	-12646.6952	3518.8322	2108.7651	1183.8413
3085	27182.0585	-12650.7064	3518.8322	2108.7651	1184.2151
3086	27191.2188	-12654.7175	3518.8322	2108.7651	1184.5889
3087	27200.3791	-12658.7286	3518.8322	2108.7651	1184.9627
3088	27209.5394	-12662.7397	3518.8322	2108.7651	1185.3365
3089	27218.6997	-12666.7508	3518.8322	2108.7651	1185.7103
3090	27227.8599	-12670.7619	3518.8322	2108.7651	1186.0840
3091	27237.0202	-12674.7730	3518.8322	2108.7651	1186.4578
3092	27246.1805	-12678.7841	3518.8322	2108.7651	1186.8316
3093	27255.3408	-12682.7952	3518.8322	2108.7651	1187.2054
3094	27264.5011	-12686.8064	3518.8322	2108.7651	1187.5792
3095	27273.6614	-12690.8175	3518.8322	2108.7651	1187.9530
3096	27282.8217	-12694.8286	3518.8322	2108.7651	1188.3268
3097	27291.9820	-12698.8397	3518.8322	2108.7651	1188.7005
3098	27301.1423	-12702.8508	3518.8322	2108.7651	1189.0743
3099	27310.3026	-12706.8619	3518.8322	2108.7651	1189.4481
3100	27319.4629	-12710.8730	3518.8322	2108.7651	1189.8219
3101	27328.6232	-12714.8841	3518.8322	2108.7651	1190.1957
3102	27337.7835	-12718.8952	3518.8322	2108.7651	1190.5695
3103	27346.9438	-12722.9064	3518.8322	2108.7651	1190.9432
3104	27356.1041	-12726.9175	3518.8322	2108.7651	1191.3170
3105	27365.2644	-12730.9286	3518.8322	2108.7651	1191.6908
3106	27374.4247	-12734.9397	3518.8322	2108.7651	1192.0646
3107	27383.5850	-12738.9508	3518.8322	2108.7651	1192.4384
3108	27392.7452	-12742.9619	3518.8322	2108.7651	1192.8122
3109	27401.9055	-12746.9730	3518.8322	2108.7651	1193.1860
3110	27411.0658	-12750.9841	3518.8322	2108.7651	1193.5597
3111	27420.2261	-12754.9952	3518.8322	2108.7651	1193.9335
3112	27429.3864	-12759.0063	3518.8322	2108.7651	1194.3073
3113	27438.5467	-12763.0175	3518.8322	2108.7651	1194.6811
3114	27447.7070	-12767.0286	3518.8322	2108.7651	1195.0549
3115	27456.8673	-12771.0397	3518.8322	2108.7651	1195.4287
3116	27466.0276	-12775.0508	3518.8322	2108.7651	1195.8025
3117	27475.1879	-12779.0619	3518.8322	2108.7651	1196.1762
3118	27484.3482	-12783.0730	3518.8322	2108.7651	1196.5500
3119	27493.5085	-12787.0841	3518.8322	2108.7651	1196.9238
3120	27502.6688	-12791.0952	3518.8322	2108.7651	1197.2976
3121	27511.8291	-12795.1063	3518.8322	2108.7651	1197.6714
3122	27520.9894	-12799.1175	3518.8322	2108.7651	1198.0452
3123	27530.1497	-12803.1286	3518.8322	2108.7651	1198.4189
3124	27539.3100	-12807.1397	3518.8322	2108.7651	1198.7927
3125	27548.4702	-12811.1508	3518.8322	2108.7651	1199.1665
3126	27557.6305	-12815.1619	3518.8322	2108.7651	1199.5403
3127	27566.7908	-12819.1730	3518.8322	2108.7651	1199.9141
3128	27575.9511	-12823.1841	3518.8322	2108.7651	1200.2879
3129	27585.1114	-12827.1952	3518.8322	2108.7651	1200.6617
3130	27594.2717	-12831.2063	3518.8322	2108.7651	1201.0354
3131	27603.4320	-12835.2175	3518.8322	2108.7651	1201.4092
3132	27612.5923	-12839.2286	3518.8322	2108.7651	1201.7830
3133	27621.7526	-12843.2397	3518.8322	2108.7651	1202.1568
3134	27630.9129	-12847.2508	3518.8322	2108.7651	1202.5306
3135	27640.0732	-12851.2619	3518.8322	2108.7651	1202.9044
3136	27649.2335	-12855.2730	3518.8322	2108.7651	1203.2782
3137	27658.3938	-12859.2841	3518.8322	2108.7651	1203.6519
3138	27667.5541	-12863.2952	3518.8322	2108.7651	1204.0257
3139	27676.7144	-12867.3063	3518.8322	2108.7651	1204.3995
3140	27685.8747	-12871.3175	3518.8322	2108.7651	1204.7733
3141	27695.0350	-12875.3286	3518.8322	2108.7651	1205.1471
3142	27704.1952	-12879.3397	3518.8322	2108.7651	1205.5209
3143	27713.3555	-12883.3508	3518.8322	2108.7651	1205.8947
3144	27722.5158	-12887.3619	3518.8322	2108.7651	1206.2684
3145	27731.6761	-12891.3730	3518.8322	2108.7651	1206.6422
3146	27740.8364	-12895.3841	3518.8322	2108.7651	1207.0160
3147	27749.9967	-12899.3952	3518.8322	2108.7651	1207.3898
3148	27759.1570	-12903.4063	3518.8322	2108.7651	1207.7636
3149	27768.3173	-12907.4175	3518.8322	2108.7651	1208.1374
3150	27777.4776	-12911.4286	3518.8322	2108.7651	1208.5111
3151	27786.6379	-12915.4397	3518.8322	2108.7651	1208.8849
3152	27795.7982	-12919.4508	3518.8322	2108.7651	1209.2587
3153	27804.9585	-12923.4619	3518.8322	2108.7651	1209.6325
3154	27814.1188	-12927.4730	3518.8322	2108.7651	1210.0063
3155	27823.2791	-12931.4841	3518.8322	2108.7651	1210.3801
3156	27832.4394	-12935.4952	3518.8322	2108.7651	1210.7539
3157	27841.5997	-12939.5063	3518.8322	2108.7651	1211.1276
3158	27850.7600	-12943.5174	3518.8322	2108.7651	1211.5014
3159	27859.9202	-12947.5286	3518.8322	2108.7651	1211.8752
3160	27869.0805	-12951.5397	3518.8322	2108.7651	1212.2490
3161	27878.2408	-12955.5508	3518.8322	2108.7651	1212.6228
3162	27887.4011	-12959.5619	3518.8322	2108.7651	1212.9966
3163	27896.5614	-12963.5730	3518.8322	2108.7651	1213.3704
3164	27905.7217	-12967.5841	3518.8322	2108.7651	1213.7441
3165	27914.8820	-12971.5952	3518.8322	2108.7651	1214.1179
3166	27924.0423	-12975.6063	3518.8322	2108.7651	1214.4917
3167	27933.2026	-12979.6174	3518.8322	2108.7651	1214.8655
3168	27942.3629	-12983.6286	3518.8322	2108.7651	1215.2393
3169	27951.5232	-12987.6397	3518.8322	2108.7651	1215.6131
3170	27960.6835	-12991.6508	3518.8322	2108.7651	1215.9868
3171	27969.8438	-12995.6619	3518.8322	2108.7651	1216.3606
3172	27979.0041	-12999.6730	3518.8322	2108.7651	1216.7344
3173	27988.1644	-13003.6841	3518.8322	2108.7651	1217.1082
3174	27997.3247	-13007.6952	3518.8322	2108.7651	1217.4820
3175	28006.4850	-13011.7063	3518.8322	2108.7651	1217.8558
3176	28015.6452	-13015.7174	3518.8322	2108.7651	1218.2296
3177	28024.8055	-13019.7286	3518.8322	2108.7651	1218.6033
3178	28033.9658	-13023.7397	3518.8322	2108.7651	1218.9771
3179	28043.1261	-13027.7508	3518.8322	2108.7651	1219.3509
3180	28052.2864	-13031.7619	3518.8322	2108.7651	1219.7247
3181	28061.4467	-13035.7730	3518.8322	2108.7651	1220.0985
3182	28070.6070	-13039.7841	3518.8322	2108.7651	1220.4723
3183	28079.7673	-13043.7952	3518.8322	2108.7651	1220.8461
3184	28088.9276	-13047.8063	3518.8322	2108.7651	1221.2198
3185	28098.0879	-13051.8174	3518.8322	2108.7651	1221.5936
3186	28107.2482	-13055.8286	3518.8322	2108.7651	1221.9674
3187	28116.4085	-13059.8397	3518.8322	2108.7651	1222.3412
3188	28125.5688	-13063.8508	3518.8322	2108.7651	1222.7150
3189	28134.7291	-13067.8619	3518.8322	2108.7651	1223.0888
3190	28143.8894	-13071.8730	3518.8322	2108.7651	1223.4625
3191	28153.0497	-13075.8841	3518.8322	2108.7651	1223.8363
3192	28162.2100	-13079.8952	3518.8322	2108.7651	1224.2101
3193	28171.3703	-13083.9063	3518.8322	2108.7651	1224.5839
3194	28180.5305	-13087.9174	3518.8322	2108.7651	1224.9577
3195	28189.6908	-13091.9286	3518.8322	2108.7651	1225.3315
3196	28198.8511	-13095.9397	3518.8322	2108.7651	1225.7053
3197	28208.0114	-13099.9508	3518.8322	2108.7651	1226.0790
3198	28217.1717	-13103.9619	3518.8322	2108.7651	1226.4528
3199	28226.3320	-13107.9730	3518.8322	2108.7651	1226.8266
3200	28235.4923	-13111.9841	3518.8322	2108.7651	1227.2004
3201	28244.6526	-13115.9952	3518.8322	2108.7651	1227.5742
3202	28253.8129	-13120.0063	3518.8322	2108.7651	1227.9480
3203	28262.9732	-13124.0174	3518.8322	2108.7651	1228.3218
3204	28272.1335	-13128.0285	3518.8322	2108.7651	1228.6955
3205	28281.2938	-13132.0397	3518.8322	2108.7651	1229.0693
3206	28290.4541	-13136.0508	3518.8322	2108.7651	1229.4431
3207	28299.6144	-13140.0619	3518.8322	2108.7651	1229.8169
3208	28308.7747	-13144.0730	3518.8322	2108.7651	1230.1907
3209	28317.9350	-13148.0841	3518.8322	2108.7651	1230.5645
3210	28327.0953	-13152.0952	3518.8322	2108.7651	1230.9382
3211	28336.2555	-13156.1063	3518.8322	2108.7651	1231.3120
3212	28345.4158	-13160.1174	3518.8322	2108.7651	1231.6858
3213	28354.5761	-13164.1285	3518.8322	2108.7651	1232.0596
3214	28363.7364	-13168.1397	3518.8322	2108.7651	1232.4334
3215	28372.8967	-13172.1508	3518.8322	2108.7651	1232.8072
3216	28382.0570	-13176.1619	3518.8322	2108.7651	1233.1810
3217	28391.2173	-13180.1730	3518.8322	2108.7651	1233.5547
3218	28400.3776	-13184.1841	3518.8322	2108.7651	1233.9285
3219	28409.5379	-13188.1952	3518.8322	2108.7651	1234.3023
3220	28418.6982	-13192.2063	3518.8322	2108.7651	1234.6761
3221	28427.8585	-13196.2174	3518.8322	2108.7651	1235.0499
3222	28437.0188	-13200.2285	3518.8322	2108.7651	1235.4237
3223	28446.1791	-13204.2397	3518.8322	2108.7651	1235.7975
3224	28455.3394	-13208.2508	3518.8322	2108.7651	1236.1712
3225	28464.4997	-13212.2619	3518.8322	2108.7651	1236.5450
3226	28473.6600	-13216.2730	3518.8322	2108.7651	1236.9188
3227	28482.8203	-13220.2841	3518.8322	2108.7651	1237.2926
3228	28491.9805	-13224.2952	3518.8322	2108.7651	1237.6664
3229	28501.1408	-13228.3063	3518.8322	2108.7651	1238.0402
3230	28510.3011	-13232.3174	3518.8322	2108.7651	1238.4139
3231	28519.4614	-13236.3285	3518.8322	2108.7651	1238.7877
3232	28528.6217	-13240.3397	3518.8322	2108.7651	1239.1615
3233	28537.7820	-13244.3508	3518.8322	2108.7651	1239.5353
3234	28546.9423	-13248.3619	3518.8322	2108.7651	1239.9091
3235	28556.1026	-13252.3730	3518.8322	2108.7651	1240.2829
3236	28565.2629	-13256.3841	3518.8322	2108.7651	1240.6567
3237	28574.4232	-13260.3952	3518.8322	2108.7651	1241.0304
3238	28583.5835	-13264.4063	3518.8322	2108.7651	1241.4042
3239	28592.7438	-13268.4174	3518.8322	2108.7651	1241.7780
3240	28601.9041	-13272.4285	3518.8322	2108.7651	1242.1518
3241	28611.0644	-13276.4397	3518.8322	2108.7651	1242.5256
3242	28620.2247	-13280.4508	3518.8322	2108.7651	1242.8994
3243	28629.3850	-13284.4619	3518.8322	2108.7651	1243.2732
3244	28638.5453	-13288.4730	3518.8322	2108.7651	1243.6469
3245	28647.7055	-13292.4841	3518.8322	2108.7651	1244.0207
3246	28656.8658	-13296.4952	3518.8322	2108.7651	1244.3945
3247	28666.0261	-13300.5063	3518.8322	2108.7651	1244.7683
3248	28675.1864	-13304.5174	3518.8322	2108.7651	1245.1421
3249	28684.3467	-13308.5285	3518.8322	2108.7651	1245.5159
3250	28693.5070	-13312.5396	3518.8322	2108.7651	1245.8896
3251	28702.6673	-13316.5508	3518.8322	2108.7651	1246.2634
3252	28711.8276	-13320.5619	3518.8322	2108.7651	1246.6372
3253	28720.9879	-13324.5730	3518.8322	2108.7651	1247.0110
3254	28730.1482	-13328.5841	3518.8322	2108.7651	1247.3848
3255	28739.3085	-13332.5952	3518.8322	2108.7651	1247.7586
3256	28748.4688	-13336.6063	3518.8322	2108.7651	1248.1324
3257	28757.6291	-13340.6174	3518.8322	2108.7651	1248.5061
3258	28766.7894	-13344.6285	3518.8322	2108.7651	1248.8799
3259	28775.9497	-13348.6396	3518.8322	2108.7651	1249.2537
3260	28785.1100	-13352.6508	3518.8322	2108.7651	1249.6275
3261	28794.2703	-13356.6619	3518.8322	2108.7651	1250.0013
3262	28803.4305	-13360.6730	3518.8322	2108.7651	1250.3751
3263	28812.5908	-13364.6841	3518.8322	2108.7651	1250.7489
3264	28821.7511	-13368.6952	3518.8322	2108.7651	1251.1226
3265	28830.9114	-13372.7063	3518.8322	2108.7651	1251.4964
3266	28840.0717	-13376.7174	3518.8322	2108.7651	1251.8702
3267	28849.2320	-13380.7285	3518.8322	2108.7651	1252.2440
3268	28858.3923	-13384.7396	3518.8322	2108.7651	1252.6178
3269	28867.5526	-13388.7508	3518.8322	2108.7651	1252.9916
3270	28876.7129	-13392.7619	3518.8322	2108.7651	1253.3653
3271	28885.8732	-13396.7730	3518.8322	2108.7651	1253.7391
3272	28895.0335	-13400.7841	3518.8322	2108.7651	1254.1129
3273	28904.1938	-13404.7952	3518.8322	2108.7651	1254.4867
3274	28913.3541	-13408.8063	3518.8322	2108.7651	1254.8605
3275	28922.5144	-13412.8174	3518.8322	2108.7651	1255.2343
3276	28931.6747	-13416.8285	3518.8322	2108.7651	1255.6081
3277	28940.8350	-13420.8396	3518.8322	2108.7651	1255.9818
3278	28949.9953	-13424.8508	3518.8322	2108.7651	1256.3556
3279	28959.1556	-13428.8619	3518.8322	2108.7651	1256.7294
3280	28968.3158	-13432.8730	3518.8322	2108.7651	1257.1032
3281	28977.4761	-13436.8841	3518.8322	2108.7651	1257.4770
3282	28986.6364	-13440.8952	3518.8322	2108.7651	1257.8508
3283	28995.7967	-13444.9063	3518.8322	2108.7651	1258.2246
3284	29004.9570	-13448.9174	3518.8322	2108.7651	1258.5983
3285	29014.1173	-13452.9285	3518.8322	2108.7651	1258.9721
3286	29023.2776	-13456.9396	3518.8322	2108.7651	1259.3459
3287	29032.4379	-13460.9507	3518.8322	2108.7651	1259.7197
3288	29041.5982	-13464.9619	3518.8322	2108.7651	1260.0935
3289	29050.7585	-13468.9730	3518.8322	2108.7651	1260.4673
3290	29059.9188	-13472.9841	3518.8322	2108.7651	1260.8411
3291	29069.0791	-13476.9952	3518.8322	2108.7651	1261.2148
3292	29078.2394	-13481.0063	3518.8322	2108.7651	1261.5886
3293	29087.3997	-13485.0174	3518.8322	2108.7651	1261.9624
3294	29096.5600	-13489.0285	3518.8322	2108.7651	1262.3362
3295	29105.7203	-13493.0396	3518.8322	2108.7651	1262.7100
3296	29114.8806	-13497.0507	3518.8322	2108.7651	1263.0838
3297	29124.0408	-13501.0619	3518.8322	2108.7651	1263.4575
3298	29133.2011	-13505.0730	3518.8322	2108.7651	1263.8313
3299	29142.3614	-13509.0841	3518.8322	2108.7651	1264.2051
3300	29151.5217	-13513.0952	3518.8322	2108.7651	1264.5789
3301	29160.6820	-13517.1063	3518.8322	2108.7651	1264.9527
3302	29169.8423	-13521.1174	3518.8322	2108.7651	1265.3265
3303	29179.0026	-13525.1285	3518.8322	2108.7651	1265.7003
3304	29188.1629	-13529.1396	3518.8322	2108.7651	1266.0740
3305	29197.3232	-13533.1507	3518.8322	2108.7651	1266.4478
3306	29206.4835	-13537.1619	3518.8322	2108.7651	1266.8216
3307	29215.6438	-13541.1730	3518.8322	2108.7651	1267.1954
3308	29224.8041	-13545.1841	3518.8322	2108.7651	1267.5692
3309	29233.9644	-13549.1952	3518.8322	2108.7651	1267.9430
3310	29243.1247	-13553.2063	3518.8322	2108.7651	1268.3168
3311	29252.2850	-13557.2174	3518.8322	2108.7651	1268.6905
3312	29261.4453	-13561.2285	3518.8322	2108.7651	1269.0643
3313	29270.6056	-13565.2396	3518.8322	2108.7651	1269.4381
3314	29279.7658	-13569.2507	3518.8322	2108.7651	1269.8119
3315	29288.9261	-13573.2619	3518.8322	2108.7651	1270.1857
3316	29298.0864	-13577.2730	3518.8322	2108.7651	1270.5595
3317	29307.2467	-13581.2841	3518.8322	2108.7651	1270.9332
3318	29316.4070	-13585.2952	3518.8322	2108.7651	1271.3070
3319	29325.5673	-13589.3063	3518.8322	2108.7651	1271.6808
3320	29334.7276	-13593.3174	3518.8322	2108.7651	1272.0546
3321	29343.8879	-13597.3285	3518.8322	2108.7651	1272.4284
3322	29353.0482	-13601.3396	3518.8322	2108.7651	1272.8022
3323	29362.2085	-13605.3507	3518.8322	2108.7651	1273.1760
3324	29371.3688	-13609.3619	3518.8322	2108.7651	1273.5497
3325	29380.5291	-13613.3730	3518.8322	2108.7651	1273.9235
3326	29389.6894	-13617.3841	3518.8322	2108.7651	1274.2973
3327	29398.8497	-13621.3952	3518.8322	2108.7651	1274.6711
3328	29408.0100	-13625.4063	3518.8322	2108.7651	1275.0449
3329	29417.1703	-13629.4174	3518.8322	2108.7651	1275.4187
3330	29426.3306	-13633.4285	3518.8322	2108.7651	1275.7925
3331	29435.4908	-13637.4396	3518.8322	2108.7651	1276.1662
3332	29444.6511	-13641.4507	3518.8322	2108.7651	1276.5400
3333	29453.8114	-13645.4618	3518.8322	2108.7651	1276.9138
3334	29462.9717	-13649.4730	3518.8322	2108.7651	1277.2876
3335	29472.1320	-13653.4841	3518.8322	2108.7651	1277.6614
3336	29481.2923	-13657.4952	3518.8322	2108.7651	1278.0352
3337	29490.4526	-13661.5063	3518.8322	2108.7651	1278.4089
3338	29499.6129	-13665.5174	3518.8322	2108.7651	1278.7827
3339	29508.7732	-13669.5285	3518.8322	2108.7651	1279.1565
3340	29517.9335	-13673.5396	3518.8322	2108.7651	1279.5303
3341	29527.0938	-13677.5507	3518.8322	2108.7651	1279.9041
3342	29536.2541	-13681.5618	3518.8322	2108.7651	1280.2779
3343	29545.4144	-13685.5730	3518.8322	2108.7651	1280.6517
3344	29554.5747	-13689.5841	3518.8322	2108.7651	1281.0254
3345	29563.7350	-13693.5952	3518.8322	2108.7651	1281.3992
3346	29572.8953	-13697.6063	3518.8322	2108.7651	1281.7730
3347	29582.0556	-13701.6174	3518.8322	2108.7651	1282.1468
3348	29591.2159	-13705.6285	3518.8322	2108.7651	1282.5206
3349	29600.3761	-13709.6396	3518.8322	2108.7651	1282.8944
3350	29609.5364	-13713.6507	3518.8322	2108.7651	1283.2682
3351	29618.6967	-13717.6618	3518.8322	2108.7651	1283.6419
3352	29627.8570	-13721.6730	3518.8322	2108.7651	1284.0157
3353	29637.0173	-13725.6841	3518.8322	2108.7651	1284.3895
3354	29646.1776	-13729.6952	3518.8322	2108.7651	1284.7633
3355	29655.3379	-13733.7063	3518.8322	2108.7651	1285.1371
3356	29664.4982	-13737.7174	3518.8322	2108.7651	1285.5109
3357	29673.6585	-13741.7285	3518.8322	2108.7651	1285.8846
3358	29682.8188	-13745.7396	3518.8322	2108.7651	1286.2584
3359	29691.9791	-13749.7507	3518.8322	2108.7651	1286.6322
3360	29701.1394	-13753.7618	3518.8322	2108.7651	1287.0060
3361	29710.2997	-13757.7730	3518.8322	2108.7651	1287.3798
3362	29719.4600	-13761.7841	3518.8322	2108.7651	1287.7536
3363	29728.6203	-13765.7952	3518.8322	2108.7651	1288.1274
3364	29737.7806	-13769.8063	3518.8322	2108.7651	1288.5011
3365	29746.9409	-13773.8174	3518.8322	2108.7651	1288.8749
3366	29756.1011	-13777.8285	3518.8322	2108.7651	1289.2487
3367	29765.2614	-13781.8396	3518.8322	2108.7651	1289.6225
3368	29774.4217	-13785.8507	3518.8322	2108.7651	1289.9963
3369	29783.5820	-13789.8618	3518.8322	2108.7651	1290.3701
3370	29792.7423	-13793.8730	3518.8322	2108.7651	1290.7439
3371	29801.9026	-13797.8841	3518.8322	2108.7651	1291.1176
3372	29811.0629	-13801.8952	3518.8322	2108.7651	1291.4914
3373	29820.2232	-13805.9063	3518.8322	2108.7651	1291.8652
3374	29829.3835	-13809.9174	3518.8322	2108.7651	1292.2390
3375	29838.5438	-13813.9285	3518.8322	2108.7651	1292.6128
3376	29847.7041	-13817.9396	3518.8322	2108.7651	1292.9866
3377	29856.8644	-13821.9507	3518.8322	2108.7651	1293.3603
3378	29866.0247	-13825.9618	3518.8322	2108.7651	1293.7341
3379	29875.1850	-13829.9729	3518.8322	2108.7651	1294.1079
3380	29884.3453	-13833.9841	3518.8322	2108.7651	1294.4817
3381	29893.5056	-13837.9952	3518.8322	2108.7651	1294.8555
3382	29902.6659	-13842.0063	3518.8322	2108.7651	1295.2293
3383	29911.8261	-13846.0174	3518.8322	2108.7651	1295.6031
3384	29920.9864	-13850.0285	3518.8322	2108.7651	1295.9768
3385	29930.1467	-13854.0396	3518.8322	2108.7651	1296.3506
3386	29939.3070	-13858.0507	3518.8322	2108.7651	1296.7244
3387	29948.4673	-13862.0618	3518.8322	2108.7651	1297.0982
3388	29957.6276	-13866.0729	3518.8322	2108.7651	1297.4720
3389	29966.7879	-13870.0841	3518.8322	2108.7651	1297.8458
3390	29975.9482	-13874.0952	3518.8322	2108.7651	1298.2196
3391	29985.1085	-13878.1063	3518.8322	2108.7651	1298.5933
3392	29994.2688	-13882.1174	3518.8322	2108.7651	1298.9671
3393	30003.4291	-13886.1285	3518.8322	2108.7651	1299.3409
3394	30012.5894	-13890.1396	3518.8322	2108.7651	1299.7147
3395	30021.7497	-13894.1507	3518.8322	2108.7651	1300.0885
3396	30030.9100	-13898.1618	3518.8322	2108.7651	1300.4623
3397	30040.0703	-13902.1729	3518.8322	2108.7651	1300.8360
3398	30049.2306	-13906.1841	3518.8322	2108.7651	1301.2098
3399	30058.3909	-13910.1952	3518.8322	2108.7651	1301.5836
3400	30067.5511	-13914.2063	3518.8322	2108.7651	1301.9574
3401	30076.7114	-13918.2174	3518.8322	2108.7651	1302.3312
3402	30085.8717	-13922.2285	3518.8322	2108.7651	1302.7050
3403	30095.0320	-13926.2396	3518.8322	2108.7651	1303.0788
3404	30104.1923	-13930.2507	3518.8322	2108.7651	1303.4525
3405	30113.3526	-13934.2618	3518.8322	2108.7651	1303.8263
3406	30122.5129	-13938.2729	3518.8322	2108.7651	1304.2001
3407	30131.6732	-13942.2841	3518.8322	2108.7651	1304.5739
3408	30140.8335	-13946.2952	3518.8322	2108.7651	1304.9477
3409	30149.9938	-13950.3063	3518.8322	2108.7651	1305.3215
3410	30159.1541	-13954.3174	3518.8322	2108.7651	1305.6953
3411	30168.3144	-13958.3285	3518.8322	2108.7651	1306.0690
3412	30177.4747	-13962.3396	3518.8322	2108.7651	1306.4428
3413	30186.6350	-13966.3507	3518.8322	2108.7651	1306.8166
3414	30195.7953	-13970.3618	3518.8322	2108.7651	1307.1904
3415	30204.9556	-13974.3729	3518.8322	2108.7651	1307.5642
3416	30214.1159	-13978.3841	3518.8322	2108.7651	1307.9380
3417	30223.2761	-13982.3952	3518.8322	2108.7651	1308.3118
3418	30232.4364	-13986.4063	3518.8322	2108.7651	1308.6855
3419	30241.5967	-13990.4174	3518.8322	2108.7651	1309.0593
3420	30250.7570	-13994.4285	3518.8322	2108.7651	1309.4331
3421	30259.9173	-13998.4396	3518.8322	2108.7651	1309.8069
3422	30269.0776	-14002.4507	3518.8322	2108.7651	1310.1807
3423	30278.2379	-14006.4618	3518.8322	2108.7651	1310.5545
3424	30287.3982	-14010.4729	3518.8322	2108.7651	1310.9282
3425	30296.5585	-14014.4840	3518.8322	2108.7651	1311.3020
3426	30305.7188	-14018.4952	3518.8322	2108.7651	1311.6758
3427	30314.8791	-14022.5063	3518.8322	2108.7651	1312.0496
3428	30324.0394	-14026.5174	3518.8322	2108.7651	1312.4234
3429	30333.1997	-14030.5285	3518.8322	2108.7651	1312.7972
3430	30342.3600	-14034.5396	3518.8322	2108.7651	1313.1710
3431	30351.5203	-14038.5507	3518.8322	2108.7651	1313.5447
3432	30360.6806	-14042.5618	3518.8322	2108.7651	1313.9185
3433	30369.8409	-14046.5729	3518.8322	2108.7651	1314.2923
3434	30379.0012	-14050.5840	3518.8322	2108.7651	1314.6661
3435	30388.1614	-14054.5952	3518.8322	2108.7651	1315.0399
3436	30397.3217	-14058.6063	3518.8322	2108.7651	1315.4137
3437	30406.4820	-14062.6174	3518.8322	2108.7651	1315.7875
3438	30415.6423	-14066.6285	3518.8322	2108.7651	1316.1612
3439	30424.8026	-14070.6396	3518.8322	2108.7651	1316.5350
3440	30433.9629	-14074.6507	3518.8322	2108.7651	1316.9088
3441	30443.1232	-14078.6618	3518.8322	2108.7651	1317.2826
3442	30452.2835	-14082.6729	3518.8322	2108.7651	1317.6564
3443	30461.4438	-14086.6840	3518.8322	2108.7651	1318.0302
3444	30470.6041	-14090.6952	3518.8322	2108.7651	1318.4039
3445	30479.7644	-14094.7063	3518.8322	2108.7651	1318.7777
3446	30488.9247	-14098.7174	3518.8322	2108.7651	1319.1515
3447	30498.0850	-14102.7285	3518.8322	2108.7651	1319.5253
3448	30507.2453	-14106.7396	3518.8322	2108.7651	1319.8991
3449	30516.4056	-14110.7507	3518.8322	2108.7651	1320.2729
3450	30525.5659	-14114.7618	3518.8322	2108.7651	1320.6467
3451	30534.7262	-14118.7729	3518.8322	2108.7651	1321.0204
3452	30543.8864	-14122.7840	3518.8322	2108.7651	1321.3942
3453	30553.0467	-14126.7952	3518.8322	2108.7651	1321.7680
3454	30562.2070	-14130.8063	3518.8322	2108.7651	1322.1418
3455	30571.3673	-14134.8174	3518.8322	2108.7651	1322.5156
3456	30580.5276	-14138.8285	3518.8322	2108.7651	1322.8894
3457	30589.6879	-14142.8396	3518.8322	2108.7651	1323.2632
3458	30598.8482	-14146.8507	3518.8322	2108.7651	1323.6369
3459	30608.0085	-14150.8618	3518.8322	2108.7651	1324.0107
3460	30617.1688	-14154.8729	3518.8322	2108.7651	1324.3845
3461	30626.3291	-14158.8840	3518.8322	2108.7651	1324.7583
3462	30635.4894	-14162.8952	3518.8322	2108.7651	1325.1321
3463	30644.6497	-14166.9063	3518.8322	2108.7651	1325.5059
3464	30653.8100	-14170.9174	3518.8322	2108.7651	1325.8796
3465	30662.9703	-14174.9285	3518.8322	2108.7651	1326.2534
3466	30672.1306	-14178.9396	3518.8322	2108.7651	1326.6272
3467	30681.2909	-14182.9507	3518.8322	2108.7651	1327.0010
3468	30690.4512	-14186.9618	3518.8322	2108.7651	1327.3748
3469	30699.6114	-14190.9729	3518.8322	2108.7651	1327.7486
3470	30708.7717	-14194.9840	3518.8322	2108.7651	1328.1224
3471	30717.9320	-14198.9951	3518.8322	2108.7651	1328.4961
3472	30727.0923	-14203.0063	3518.8322	2108.7651	1328.8699
3473	30736.2526	-14207.0174	3518.8322	2108.7651	1329.2437
3474	30745.4129	-14211.0285	3518.8322	2108.7651	1329.6175
3475	30754.5732	-14215.0396	3518.8322	2108.7651	1329.9913
3476	30763.7335	-14219.0507	3518.8322	2108.7651	1330.3651
3477	30772.8938	-14223.0618	3518.8322	2108.7651	1330.7389
3478	30782.0541	-14227.0729	3518.8322	2108.7651	1331.1126
3479	30791.2144	-14231.0840	3518.8322	2108.7651	1331.4864
3480	30800.3747	-14235.0951	3518.8322	2108.7651	1331.8602
3481	30809.5350	-14239.1063	3518.8322	2108.7651	1332.2340
3482	30818.6953	-14243.1174	3518.8322	2108.7651	1332.6078
3483	30827.8556	-14247.1285	3518.8322	2108.7651	1332.9816
3484	30837.0159	-14251.1396	3518.8322	2108.7651	1333.3553
3485	30846.1762	-14255.1507	3518.8322	2108.7651	1333.7291
3486	30855.3364	-14259.1618	3518.8322	2108.7651	1334.1029
3487	30864.4967	-14263.1729	3518.8322	2108.7651	1334.4767
3488	30873.6570	-14267.1840	3518.8322	2108.7651	1334.8505
3489	30882.8173	-14271.1951	3518.8322	2108.7651	1335.2243
3490	30891.9776	-14275.2063	3518.8322	2108.7651	1335.5981
3491	30901.1379	-14279.2174	3518.8322	2108.7651	1335.9718
3492	30910.2982	-14283.2285	3518.8322	2108.7651	1336.3456
3493	30919.4585	-14287.2396	3518.8322	2108.7651	1336.7194
3494	30928.6188	-14291.2507	3518.8322	2108.7651	1337.0932
3495	30937.7791	-14295.2618	3518.8322	2108.7651	1337.4670
3496	30946.9394	-14299.2729	3518.8322	2108.7651	1337.8408
3497	30956.0997	-14303.2840	3518.8322	2108.7651	1338.2146
3498	30965.2600	-14307.2951	3518.8322	2108.7651	1338.5883
3499	30974.4203	-14311.3063	3518.8322	2108.7651	1338.9621
3500	30983.5806	-14315.3174	3518.8322	2108.7651	1339.3359
3501	30992.7409	-14319.3285	3518.8322	2108.7651	1339.7097
3502	31001.9012	-14323.3396	3518.8322	2108.7651	1340.0835
3503	31011.0614	-14327.3507	3518.8322	2108.7651	1340.4573
3504	31020.2217	-14331.3618	3518.8322	2108.7651	1340.8310
3505	31029.3820	-14335.3729	3518.8322	2108.7651	1341.2048
3506	31038.5423	-14339.3840	3518.8322	2108.7651	1341.5786
3507	31047.7026	-14343.3951	3518.8322	2108.7651	1341.9524
3508	31056.8629	-14347.4062	3518.8322	2108.7651	1342.3262
3509	31066.0232	-14351.4174	3518.8322	2108.7651	1342.7000
3510	31075.1835	-14355.4285	3518.8322	2108.7651	1343.0738
3511	31084.3438	-14359.4396	3518.8322	2108.7651	1343.4475
3512	31093.5041	-14363.4507	3518.8322	2108.7651	1343.8213
3513	31102.6644	-14367.4618	3518.8322	2108.7651	1344.1951
3514	31111.8247	-14371.4729	3518.8322	2108.7651	1344.5689
3515	31120.9850	-14375.4840	3518.8322	2108.7651	1344.9427
3516	31130.1453	-14379.4951	3518.8322	2108.7651	1345.3165
3517	31139.3056	-14383.5062	3518.8322	2108.7651	1345.6903
3518	31148.4659	-14387.5174	3518.8322	2108.7651	1346.0640
3519	31157.6262	-14391.5285	3518.8322	2108.7651	1346.4378
3520	31166.7865	-14395.5396	3518.8322	2108.7651	1346.8116
3521	31175.9467	-14399.5507	3518.8322	2108.7651	1347.1854
3522	31185.1070	-14403.5618	3518.8322	2108.7651	1347.5592
3523	31194.2673	-14407.5729	3518.8322	2108.7651	1347.9330
3524	31203.4276	-14411.5840	3518.8322	2108.7651	1348.3067
3525	31212.5879	-14415.5951	3518.8322	2108.7651	1348.6805
3526	31221.7482	-14419.6062	3518.8322	2108.7651	1349.0543
3527	31230.9085	-14423.6174	3518.8322	2108.7651	1349.4281
3528	31240.0688	-14427.6285	3518.8322	2108.7651	1349.8019
3529	31249.2291	-14431.6396	3518.8322	2108.7651	1350.1757
3530	31258.3894	-14435.6507	3518.8322	2108.7651	1350.5495
3531	31267.5497	-14439.6618	3518.8322	2108.7651	1350.9232
3532	31276.7100	-14443.6729	3518.8322	2108.7651	1351.2970
3533	31285.8703	-14447.6840	3518.8322	2108.7651	1351.6708
3534	31295.0306	-14451.6951	3518.8322	2108.7651	1352.0446
3535	31304.1909	-14455.7062	3518.8322	2108.7651	1352.4184
3536	31313.3512	-14459.7174	3518.8322	2108.7651	1352.7922
3537	31322.5115	-14463.7285	3518.8322	2108.7651	1353.1660
3538	31331.6717	-14467.7396	3518.8322	2108.7651	1353.5397
3539	31340.8320	-14471.7507	3518.8322	2108.7651	1353.9135
3540	31349.9923	-14475.7618	3518.8322	2108.7651	1354.2873
3541	31359.1526	-14479.7729	3518.8322	2108.7651	1354.6611
3542	31368.3129	-14483.7840	3518.8322	2108.7651	1355.0349
3543	31377.4732	-14487.7951	3518.8322	2108.7651	1355.4087
3544	31386.6335	-14491.8062	3518.8322	2108.7651	1355.7825
3545	31395.7938	-14495.8174	3518.8322	2108.7651	1356.1562
3546	31404.9541	-14499.8285	3518.8322	2108.7651	1356.5300
3547	31414.1144	-14503.8396	3518.8322	2108.7651	1356.9038
3548	31423.2747	-14507.8507	3518.8322	2108.7651	1357.2776
3549	31432.4350	-14511.8618	3518.8322	2108.7651	1357.6514
3550	31441.5953	-14515.8729	3518.8322	2108.7651	1358.0252
3551	31450.7556	-14519.8840	3518.8322	2108.7651	1358.3989
3552	31459.9159	-14523.8951	3518.8322	2108.7651	1358.7727
3553	31469.0762	-14527.9062	3518.8322	2108.7651	1359.1465
3554	31478.2365	-14531.9173	3518.8322	2108.7651	1359.5203
3555	31487.3967	-14535.9285	3518.8322	2108.7651	1359.8941
3556	31496.5570	-14539.9396	3518.8322	2108.7651	1360.2679
3557	31505.7173	-14543.9507	3518.8322	2108.7651	1360.6417
3558	31514.8776	-14547.9618	3518.8322	2108.7651	1361.0154
3559	31524.0379	-14551.9729	3518.8322	2108.7651	1361.3892
3560	31533.1982	-14555.9840	3518.8322	2108.7651	1361.7630
3561	31542.3585	-14559.9951	3518.8322	2108.7651	1362.1368
3562	31551.5188	-14564.0062	3518.8322	2108.7651	1362.5106
3563	31560.6791	-14568.0173	3518.8322	2108.7651	1362.8844
3564	31569.8394	-14572.0285	3518.8322	2108.7651	1363.2582
3565	31578.9997	-14576.0396	3518.8322	2108.7651	1363.6319
3566	31588.1600	-14580.0507	3518.8322	2108.7651	1364.0057
3567	31597.3203	-14584.0618	3518.8322	2108.7651	1364.3795
3568	31606.4806	-14588.0729	3518.8322	2108.7651	1364.7533
3569	31615.6409	-14592.0840	3518.8322	2108.7651	1365.1271
3570	31624.8012	-14596.0951	3518.8322	2108.7651	1365.5009
3571	31633.9615	-14600.1062	3518.8322	2108.7651	1365.8746
3572	31643.1217	-14604.1173	3518.8322	2108.7651	1366.2484
3573	31652.2820	-14608.1285	3518.8322	2108.7651	1366.6222
3574	31661.4423	-14612.1396	3518.8322	2108.7651	1366.9960
3575	31670.6026	-14616.1507	3518.8322	2108.7651	1367.3698
3576	31679.7629	-14620.1618	3518.8322	2108.7651	1367.7436
3577	31688.9232	-14624.1729	3518.8322	2108.7651	1368.1174
3578	31698.0835	-14628.1840	3518.8322	2108.7651	1368.4911
3579	31707.2438	-14632.1951	3518.8322	2108.7651	1368.8649
3580	31716.4041	-14636.2062	3518.8322	2108.7651	1369.2387
3581	31725.5644	-14640.2173	3518.8322	2108.7651	1369.6125
3582	31734.7247	-14644.2285	3518.8322	2108.7651	1369.9863
3583	31743.8850	-14648.2396	3518.8322	2108.7651	1370.3601
3584	31753.0453	-14652.2507	3518.8322	2108.7651	1370.7339
3585	31762.2056	-14656.2618	3518.8322	2108.7651	1371.1076
3586	31771.3659	-14660.2729	3518.8322	2108.7651	1371.4814
3587	31780.5262	-14664.2840	3518.8322	2108.7651	1371.8552
3588	31789.6865	-14668.2951	3518.8322	2108.7651	1372.2290
3589	31798.8468	-14672.3062	3518.8322	2108.7651	1372.6028
3590	31808.0070	-14676.3173	3518.8322	2108.7651	1372.9766
3591	31817.1673	-14680.3285	3518.8322	2108.7651	1373.3503
3592	31826.3276	-14684.3396	3518.8322	2108.7651	1373.7241
3593	31835.4879	-14688.3507	3518.8322	2108.7651	1374.0979
3594	31844.6482	-14692.3618	3518.8322	2108.7651	1374.4717
3595	31853.8085	-14696.3729	3518.8322	2108.7651	1374.8455
3596	31862.9688	-14700.3840	3518.8322	2108.7651	1375.2193
3597	31872.1291	-14704.3951	3518.8322	2108.7651	1375.5931
3598	31881.2894	-14708.4062	3518.8322	2108.7651	1375.9668
3599	31890.4497	-14712.4173	3518.8322	2108.7651	1376.3406
3600	31899.6100	-14716.4284	3518.8322	2108.7651	1376.7144
3601	31908.7703	-14720.4396	3518.8322	2108.7651	1377.0882
3602	31917.9306	-14724.4507	3518.8322	2108.7651	1377.4620
3603	31927.0909	-14728.4618	3518.8322	2108.7651	1377.8358
3604	31936.2512	-14732.4729	3518.8322	2108.7651	1378.2096
3605	31945.4115	-14736.4840	3518.8322	2108.7651	1378.5833
3606	31954.5718	-14740.4951	3518.8322	2108.7651	1378.9571
3607	31963.7320	-14744.5062	3518.8322	2108.7651	1379.3309
3608	31972.8923	-14748.5173	3518.8322	2108.7651	1379.7047
3609	31982.0526	-14752.5284	3518.8322	2108.7651	1380.0785
3610	31991.2129	-14756.5396	3518.8322	2108.7651	1380.4523
3611	32000.3732	-14760.5507	3518.8322	2108.7651	1380.8260
3612	32009.5335	-14764.5618	3518.8322	2108.7651	1381.1998
3613	32018.6938	-14768.5729	3518.8322	2108.7651	1381.5736
3614	32027.8541	-14772.5840	3518.8322	2108.7651	1381.9474
3615	32037.0144	-14776.5951	3518.8322	2108.7651	1382.3212
3616	32046.1747	-14780.6062	3518.8322	2108.7651	1382.6950
3617	32055.3350	-14784.6173	3518.8322	2108.7651	1383.0688
3618	32064.4953	-14788.6284	3518.8322	2108.7651	1383.4425
3619	32073.6556	-14792.6396	3518.8322	2108.7651	1383.8163
3620	32082.8159	-14796.6507	3518.8322	2108.7651	1384.1901
3621	32091.9762	-14800.6618	3518.8322	2108.7651	1384.5639
3622	32101.1365	-14804.6729	3518.8322	2108.7651	1384.9377
3623	32110.2968	-14808.6840	3518.8322	2108.7651	1385.3115
3624	32119.4570	-14812.6951	3518.8322	2108.7651	1385.6853
3625	32128.6173	-14816.7062	3518.8322	2108.7651	1386.0590
3626	32137.7776	-14820.7173	3518.8322	2108.7651	1386.4328
3627	32146.9379	-14824.7284	3518.8322	2108.7651	1386.8066
3628	32156.0982	-14828.7396	3518.8322	2108.7651	1387.1804
3629	32165.2585	-14832.7507	3518.8322	2108.7651	1387.5542
3630	32174.4188	-14836.7618	3518.8322	2108.7651	1387.9280
3631	32183.5791	-14840.7729	3518.8322	2108.7651	1388.3017
3632	32192.7394	-14844.7840	3518.8322	2108.7651	1388.6755
3633	32201.8997	-14848.7951	3518.8322	2108.7651	1389.0493
3634	32211.0600	-14852.8062	3518.8322	2108.7651	1389.4231
3635	32220.2203	-14856.8173	3518.8322	2108.7651	1389.7969
3636	32229.3806	-14860.8284	3518.8322	2108.7651	1390.1707
3637	32238.5409	-14864.8396	3518.8322	2108.7651	1390.5445
3638	32247.7012	-14868.8507	3518.8322	2108.7651	1390.9182
3639	32256.8615	-14872.8618	3518.8322	2108.7651	1391.2920
3640	32266.0218	-14876.8729	3518.8322	2108.7651	1391.6658
3641	32275.1820	-14880.8840	3518.8322	2108.7651	1392.0396
3642	32284.3423	-14884.8951	3518.8322	2108.7651	1392.4134
3643	32293.5026	-14888.9062	3518.8322	2108.7651	1392.7872
3644	32302.6629	-14892.9173	3518.8322	2108.7651	1393.1610
3645	32311.8232	-14896.9284	3518.8322	2108.7651	1393.5347
3646	32320.9835	-14900.9395	3518.8322	2108.7651	1393.9085
3647	32330.1438	-14904.9507	3518.8322	2108.7651	1394.2823
3648	32339.3041	-14908.9618	3518.8322	2108.7651	1394.6561
3649	32348.4644	-14912.9729	3518.8322	2108.7651	1395.0299
3650	32357.6247	-14916.9840	3518.8322	2108.7651	1395.4037
3651	32366.7850	-14920.9951	3518.8322	2108.7651	1395.7774
3652	32375.9453	-14925.0062	3518.8322	2108.7651	1396.1512
3653	32385.1056	-14929.0173	3518.8322	2108.7651	1396.5250
3654	32394.2659	-14933.0284	3518.8322	2108.7651	1396.8988
3655	32403.4262	-14937.0395	3518.8322	2108.7651	1397.2726
3656	32412.5865	-14941.0507	3518.8322	2108.7651	1397.6464
3657	32421.7468	-14945.0618	3518.8322	2108.7651	1398.0202
3658	32430.9070	-14949.0729	3518.8322	2108.7651	1398.3939
3659	32440.0673	-14953.0840	3518.8322	2108.7651	1398.7677
3660	32449.2276	-14957.0951	3518.8322	2108.7651	1399.1415
3661	32458.3879	-14961.1062	3518.8322	2108.7651	1399.5153
3662	32467.5482	-14965.1173	3518.8322	2108.7651	1399.8891
3663	32476.7085	-14969.1284	3518.8322	2108.7651	1400.2629
3664	32485.8688	-14973.1395	3518.8322	2108.7651	1400.6367
3665	32495.0291	-14977.1507	3518.8322	2108.7651	1401.0104
3666	32504.1894	-14981.1618	3518.8322	2108.7651	1401.3842
3667	32513.3497	-14985.1729	3518.8322	2108.7651	1401.7580
3668	32522.5100	-14989.1840	3518.8322	2108.7651	1402.1318
3669	32531.6703	-14993.1951	3518.8322	2108.7651	1402.5056
3670	32540.8306	-14997.2062	3518.8322	2108.7651	1402.8794
3671	32549.9909	-15001.2173	3518.8322	2108.7651	1403.2532
3672	32559.1512	-15005.2284	3518.8322	2108.7651	1403.6269
3673	32568.3115	-15009.2395	3518.8322	2108.7651	1404.0007
3674	32577.4718	-15013.2507	3518.8322	2108.7651	1404.3745
3675	32586.6321	-15017.2618	3518.8322	2108.7651	1404.7483
3676	32595.7923	-15021.2729	3518.8322	2108.7651	1405.1221
3677	32604.9526	-15025.2840	3518.8322	2108.7651	1405.4959
3678	32614.1129	-15029.2951	3518.8322	2108.7651	1405.8696
3679	32623.2732	-15033.3062	3518.8322	2108.7651	1406.2434
3680	32632.4335	-15037.3173	3518.8322	2108.7651	1406.6172
3681	32641.5938	-15041.3284	3518.8322	2108.7651	1406.9910
3682	32650.7541	-15045.3395	3518.8322	2108.7651	1407.3648
3683	32659.9144	-15049.3507	3518.8322	2108.7651	1407.7386
3684	32669.0747	-15053.3618	3518.8322	2108.7651	1408.1124
3685	32678.2350	-15057.3729	3518.8322	2108.7651	1408.4861
3686	32687.3953	-15061.3840	3518.8322	2108.7651	1408.8599
3687	32696.5556	-15065.3951	3518.8322	2108.7651	1409.2337
3688	32705.7159	-15069.4062	3518.8322	2108.7651	1409.6075
3689	32714.8762	-15073.4173	3518.8322	2108.7651	1409.9813
3690	32724.0365	-15077.4284	3518.8322	2108.7651	1410.3551
3691	32733.1968	-15081.4395	3518.8322	2108.7651	1410.7289
3692	32742.3571	-15085.4506	3518.8322	2108.7651	1411.1026
3693	32751.5173	-15089.4618	3518.8322	2108.7651	1411.4764
3694	32760.6776	-15093.4729	3518.8322	2108.7651	1411.8502
3695	32769.8379	-15097.4840	3518.8322	2108.7651	1412.2240
3696	32778.9982	-15101.4951	3518.8322	2108.7651	1412.5978
3697	32788.1585	-15105.5062	3518.8322	2108.7651	1412.9716
3698	32797.3188	-15109.5173	3518.8322	2108.7651	1413.3453
3699	32806.4791	-15113.5284	3518.8322	2108.7651	1413.7191
3700	32815.6394	-15117.5395	3518.8322	2108.7651	1414.0929
3701	32824.7997	-15121.5506	3518.8322	2108.7651	1414.4667
3702	32833.9600	-15125.5618	3518.8322	2108.7651	1414.8405
3703	32843.1203	-15129.5729	3518.8322	2108.7651	1415.2143
3704	32852.2806	-15133.5840	3518.8322	2108.7651	1415.5881
3705	32861.4409	-15137.5951	3518.8322	2108.7651	1415.9618
3706	32870.6012	-15141.6062	3518.8322	2108.7651	1416.3356
3707	32879.7615	-15145.6173	3518.8322	2108.7651	1416.7094
3708	32888.9218	-15149.6284	3518.8322	2108.7651	1417.0832
3709	32898.0821	-15153.6395	3518.8322	2108.7651	1417.4570
3710	32907.2423	-15157.6506	3518.8322	2108.7651	1417.8308
3711	32916.4026	-15161.6618	3518.8322	2108.7651	1418.2046
3712	32925.5629	-15165.6729	3518.8322	2108.7651	1418.5783
3713	32934.7232	-15169.6840	3518.8322	2108.7651	1418.9521
3714	32943.8835	-15173.6951	3518.8322	2108.7651	1419.3259
3715	32953.0438	-15177.7062	3518.8322	2108.7651	1419.6997
3716	32962.2041	-15181.7173	3518.8322	2108.7651	1420.0735
3717	32971.3644	-15185.7284	3518.8322	2108.7651	1420.4473
3718	32980.5247	-15189.7395	3518.8322	2108.7651	1420.8210
3719	32989.6850	-15193.7506	3518.8322	2108.7651	1421.1948
3720	32998.8453	-15197.7618	3518.8322	2108.7651	1421.5686
3721	33008.0056	-15201.7729	3518.8322	2108.7651	1421.9424
3722	33017.1659	-15205.7840	3518.8322	2108.7651	1422.3162
3723	33026.3262	-15209.7951	3518.8322	2108.7651	1422.6900
3724	33035.4865	-15213.8062	3518.8322	2108.7651	1423.0638
3725	33044.6468	-15217.8173	3518.8322	2108.7651	1423.4375
3726	33053.8071	-15221.8284	3518.8322	2108.7651	1423.8113
3727	33062.9673	-15225.8395	3518.8322	2108.7651	1424.1851
3728	33072.1276	-15229.8506	3518.8322	2108.7651	1424.5589
3729	33081.2879	-15233.8618	3518.8322	2108.7651	1424.9327
3730	33090.4482	-15237.8729	3518.8322	2108.7651	1425.3065
3731	33099.6085	-15241.8840	3518.8322	2108.7651	1425.6803
3732	33108.7688	-15245.8951	3518.8322	2108.7651	1426.0540
3733	33117.9291	-15249.9062	3518.8322	2108.7651	1426.4278
3734	33127.0894	-15253.9173	3518.8322	2108.7651	1426.8016
3735	33136.2497	-15257.9284	3518.8322	2108.7651	1427.1754
3736	33145.4100	-15261.9395	3518.8322	2108.7651	1427.5492
3737	33154.5703	-15265.9506	3518.8322	2108.7651	1427.9230
3738	33163.7306	-15269.9617	3518.8322	2108.7651	1428.2967
3739	33172.8909	-15273.9729	3518.8322	2108.7651	1428.6705
3740	33182.0512	-15277.9840	3518.8322	2108.7651	1429.0443
3741	33191.2115	-15281.9951	3518.8322	2108.7651	1429.4181
3742	33200.3718	-15286.0062	3518.8322	2108.7651	1429.7919
3743	33209.5321	-15290.0173	3518.8322	2108.7651	1430.1657
3744	33218.6923	-15294.0284	3518.8322	2108.7651	1430.5395
3745	33227.8526	-15298.0395	3518.8322	2108.7651	1430.9132
3746	33237.0129	-15302.0506	3518.8322	2108.7651	1431.2870
3747	33246.1732	-15306.0617	3518.8322	2108.7651	1431.6608
3748	33255.3335	-15310.0729	3518.8322	2108.7651	1432.0346
3749	33264.4938	-15314.0840	3518.8322	2108.7651	1432.4084
3750	33273.6541	-15318.0951	3518.8322	2108.7651	1432.7822
3751	33282.8144	-15322.1062	3518.8322	2108.7651	1433.1560
3752	33291.9747	-15326.1173	3518.8322	2108.7651	1433.5297
3753	33301.1350	-15330.1284	3518.8322	2108.7651	1433.9035
3754	33310.2953	-15334.1395	3518.8322	2108.7651	1434.2773
3755	33319.4556	-15338.1506	3518.8322	2108.7651	1434.6511
3756	33328.6159	-15342.1617	3518.8322	2108.7651	1435.0249
3757	33337.7762	-15346.1729	3518.8322	2108.7651	1435.3987
3758	33346.9365	-15350.1840	3518.8322	2108.7651	1435.7724
3759	33356.0968	-15354.1951	3518.8322	2108.7651	1436.1462
3760	33365.2571	-15358.2062	3518.8322	2108.7651	1436.5200
3761	33374.4174	-15362.2173	3518.8322	2108.7651	1436.8938
3762	33383.5776	-15366.2284	3518.8322	2108.7651	1437.2676
3763	33392.7379	-15370.2395	3518.8322	2108.7651	1437.6414
3764	33401.8982	-15374.2506	3518.8322	2108.7651	1438.0152
3765	33411.0585	-15378.2617	3518.8322	2108.7651	1438.3889
3766	33420.2188	-15382.2729	3518.8322	2108.7651	1438.7627
3767	33429.3791	-15386.2840	3518.8322	2108.7651	1439.1365
3768	33438.5394	-15390.2951	3518.8322	2108.7651	1439.5103
3769	33447.6997	-15394.3062	3518.8322	2108.7651	1439.8841
3770	33456.8600	-15398.3173	3518.8322	2108.7651	1440.2579
3771	33466.0203	-15402.3284	3518.8322	2108.7651	1440.6317
3772	33475.1806	-15406.3395	3518.8322	2108.7651	1441.0054
3773	33484.3409	-15410.3506	3518.8322	2108.7651	1441.3792
3774	33493.5012	-15414.3617	3518.8322	2108.7651	1441.7530
3775	33502.6615	-15418.3728	3518.8322	2108.7651	1442.1268
3776	33511.8218	-15422.3840	3518.8322	2108.7651	1442.5006
3777	33520.9821	-15426.3951	3518.8322	2108.7651	1442.8744
3778	33530.1424	-15430.4062	3518.8322	2108.7651	1443.2481
3779	33539.3026	-15434.4173	3518.8322	2108.7651	1443.6219
3780	33548.4629	-15438.4284	3518.8322	2108.7651	1443.9957
3781	33557.6232	-15442.4395	3518.8322	2108.7651	1444.3695
3782	33566.7835	-15446.4506	3518.8322	2108.7651	1444.7433
3783	33575.9438	-15450.4617	3518.8322	2108.7651	1445.1171
3784	33585.1041	-15454.4728	3518.8322	2108.7651	1445.4909
3785	33594.2644	-15458.4840	3518.8322	2108.7651	1445.8646
3786	33603.4247	-15462.4951	3518.8322	2108.7651	1446.2384
3787	33612.5850	-15466.5062	3518.8322	2108.7651	1446.6122
3788	33621.7453	-15470.5173	3518.8322	2108.7651	1446.9860
3789	33630.9056	-15474.5284	3518.8322	2108.7651	1447.3598
3790	33640.0659	-15478.5395	3518.8322	2108.7651	1447.7336
3791	33649.2262	-15482.5506	3518.8322	2108.7651	1448.1074
3792	33658.3865	-15486.5617	3518.8322	2108.7651	1448.4811
3793	33667.5468	-15490.5728	3518.8322	2108.7651	1448.8549
3794	33676.7071	-15494.5840	3518.8322	2108.7651	1449.2287
3795	33685.8674	-15498.5951	3518.8322	2108.7651	1449.6025
3796	33695.0276	-15502.6062	3518.8322	2108.7651	1449.9763
3797	33704.1879	-15506.6173	3518.8322	2108.7651	1450.3501
3798	33713.3482	-15510.6284	3518.8322	2108.7651	1450.7239
3799	33722.5085	-15514.6395	3518.8322	2108.7651	1451.0976
3800	33731.6688	-15518.6506	3518.8322	2108.7651	1451.4714
3801	33740.8291	-15522.6617	3518.8322	2108.7651	1451.8452
3802	33749.9894	-15526.6728	3518.8322	2108.7651	1452.2190
3803	33759.1497	-15530.6840	3518.8322	2108.7651	1452.5928
3804	33768.3100	-15534.6951	3518.8322	2108.7651	1452.9666
3805	33777.4703	-15538.7062	3518.8322	2108.7651	1453.3403
3806	33786.6306	-15542.7173	3518.8322	2108.7651	1453.7141
3807	33795.7909	-15546.7284	3518.8322	2108.7651	1454.0879
3808	33804.9512	-15550.7395	3518.8322	2108.7651	1454.4617
3809	33814.1115	-15554.7506	3518.8322	2108.7651	1454.8355
3810	33823.2718	-15558.7617	3518.8322	2108.7651	1455.2093
3811	33832.4321	-15562.7728	3518.8322	2108.7651	1455.5831
3812	33841.5924	-15566.7840	3518.8322	2108.7651	1455.9568
3813	33850.7526	-15570.7951	3518.8322	2108.7651	1456.3306
3814	33859.9129	-15574.8062	3518.8322	2108.7651	1456.7044
3815	33869.0732	-15578.8173	3518.8322	2108.7651	1457.0782
3816	33878.2335	-15582.8284	3518.8322	2108.7651	1457.4520
3817	33887.3938	-15586.8395	3518.8322	2108.7651	1457.8258
3818	33896.5541	-15590.8506	3518.8322	2108.7651	1458.1996
3819	33905.7144	-15594.8617	3518.8322	2108.7651	1458.5733
3820	33914.8747	-15598.8728	3518.8322	2108.7651	1458.9471
3821	33924.0350	-15602.8839	3518.8322	2108.7651	1459.3209
3822	33933.1953	-15606.8951	3518.8322	2108.7651	1459.6947
3823	33942.3556	-15610.9062	3518.8322	2108.7651	1460.0685
3824	33951.5159	-15614.9173	3518.8322	2108.7651	1460.4423
3825	33960.6762	-15618.9284	3518.8322	2108.7651	1460.8160
3826	33969.8365	-15622.9395	3518.8322	2108.7651	1461.1898
3827	33978.9968	-15626.9506	3518.8322	2108.7651	1461.5636
3828	33988.1571	-15630.9617	3518.8322	2108.7651	1461.9374
3829	33997.3174	-15634.9728	3518.8322	2108.7651	1462.3112
3830	34006.4777	-15638.9839	3518.8322	2108.7651	1462.6850
3831	34015.6379	-15642.9951	3518.8322	2108.7651	1463.0588
3832	34024.7982	-15647.0062	3518.8322	2108.7651	1463.4325
3833	34033.9585	-15651.0173	3518.8322	2108.7651	1463.8063
3834	34043.1188	-15655.0284	3518.8322	2108.7651	1464.1801
3835	34052.2791	-15659.0395	3518.8322	2108.7651	1464.5539
3836	34061.4394	-15663.0506	3518.8322	2108.7651	1464.9277
3837	34070.5997	-15667.0617	3518.8322	2108.7651	1465.3015
3838	34079.7600	-15671.0728	3518.8322	2108.7651	1465.6753
3839	34088.9203	-15675.0839	3518.8322	2108.7651	1466.0490
3840	34098.0806	-15679.0951	3518.8322	2108.7651	1466.4228
3841	34107.2409	-15683.1062	3518.8322	2108.7651	1466.7966
3842	34116.4012	-15687.1173	3518.8322	2108.7651	1467.1704
3843	34125.5615	-15691.1284	3518.8322	2108.7651	1467.5442
3844	34134.7218	-15695.1395	3518.8322	2108.7651	1467.9180
3845	34143.8821	-15699.1506	3518.8322	2108.7651	1468.2917
3846	34153.0424	-15703.1617	3518.8322	2108.7651	1468.6655
3847	34162.2027	-15707.1728	3518.8322	2108.7651	1469.0393
3848	34171.3629	-15711.1839	3518.8322	2108.7651	1469.4131
3849	34180.5232	-15715.1951	3518.8322	2108.7651	1469.7869
3850	34189.6835	-15719.2062	3518.8322	2108.7651	1470.1607
3851	34198.8438	-15723.2173	3518.8322	2108.7651	1470.5345
3852	34208.0041	-15727.2284	3518.8322	2108.7651	1470.9082
3853	34217.1644	-15731.2395	3518.8322	2108.7651	1471.2820
3854	34226.3247	-15735.2506	3518.8322	2108.7651	1471.6558
3855	34235.4850	-15739.2617	3518.8322	2108.7651	1472.0296
3856	34244.6453	-15743.2728	3518.8322	2108.7651	1472.4034
3857	34253.8056	-15747.2839	3518.8322	2108.7651	1472.7772
3858	34262.9659	-15751.2951	3518.8322	2108.7651	1473.1510
3859	34272.1262	-15755.3062	3518.8322	2108.7651	1473.5247
3860	34281.2865	-15759.3173	3518.8322	2108.7651	1473.8985
3861	34290.4468	-15763.3284	3518.8322	2108.7651	1474.2723
3862	34299.6071	-15767.3395	3518.8322	2108.7651	1474.6461
3863	34308.7674	-15771.3506	3518.8322	2108.7651	1475.0199
3864	34317.9277	-15775.3617	3518.8322	2108.7651	1475.3937
3865	34327.0879	-15779.3728	3518.8322	2108.7651	1475.7674
3866	34336.2482	-15783.3839	3518.8322	2108.7651	1476.1412
3867	34345.4085	-15787.3950	3518.8322	2108.7651	1476.5150
3868	34354.5688	-15791.4062	3518.8322	2108.7651	1476.8888
3869	34363.7291	-15795.4173	3518.8322	2108.7651	1477.2626
3870	34372.8894	-15799.4284	3518.8322	2108.7651	1477.6364
3871	34382.0497	-15803.4395	3518.8322	2108.7651	1478.0102
3872	34391.2100	-15807.4506	3518.8322	2108.7651	1478.3839
3873	34400.3703	-15811.4617	3518.8322	2108.7651	1478.7577
3874	34409.5306	-15815.4728	3518.8322	2108.7651	1479.1315
3875	34418.6909	-15819.4839	3518.8322	2108.7651	1479.5053
3876	34427.8512	-15823.4950	3518.8322	2108.7651	1479.8791
3877	34437.0115	-15827.5062	3518.8322	2108.7651	1480.2529
3878	34446.1718	-15831.5173	3518.8322	2108.7651	1480.6267
3879	34455.3321	-15835.5284	3518.8322	2108.7651	1481.0004
3880	34464.4924	-15839.5395	3518.8322	2108.7651	1481.3742
3881	34473.6527	-15843.5506	3518.8322	2108.7651	1481.7480
3882	34482.8129	-15847.5617	3518.8322	2108.7651	1482.1218
3883	34491.9732	-15851.5728	3518.8322	2108.7651	1482.4956
3884	34501.1335	-15855.5839	3518.8322	2108.7651	1482.8694
3885	34510.2938	-15859.5950	3518.8322	2108.7651	1483.2431
3886	34519.4541	-15863.6062	3518.8322	2108.7651	1483.6169
3887	34528.6144	-15867.6173	3518.8322	2108.7651	1483.9907
3888	34537.7747	-15871.6284	3518.8322	2108.7651	1484.3645
3889	34546.9350	-15875.6395	3518.8322	2108.7651	1484.7383
3890	34556.0953	-15879.6506	3518.8322	2108.7651	1485.1121
3891	34565.2556	-15883.6617	3518.8322	2108.7651	1485.4859
3892	34574.4159	-15887.6728	3518.8322	2108.7651	1485.8596
3893	34583.5762	-15891.6839	3518.8322	2108.7651	1486.2334
3894	34592.7365	-15895.6950	3518.8322	2108.7651	1486.6072
3895	34601.8968	-15899.7062	3518.8322	2108.7651	1486.9810
3896	34611.0571	-15903.7173	3518.8322	2108.7651	1487.3548
3897	34620.2174	-15907.7284	3518.8322	2108.7651	1487.7286
3898	34629.3777	-15911.7395	3518.8322	2108.7651	1488.1024
3899	34638.5379	-15915.7506	3518.8322	2108.7651	1488.4761
3900	34647.6982	-15919.7617	3518.8322	2108.7651	1488.8499
3901	34656.8585	-15923.7728	3518.8322	2108.7651	1489.2237
3902	34666.0188	-15927.7839	3518.8322	2108.7651	1489.5975
3903	34675.1791	-15931.7950	3518.8322	2108.7651	1489.9713
3904	34684.3394	-15935.8062	3518.8322	2108.7651	1490.3451
3905	34693.4997	-15939.8173	3518.8322	2108.7651	1490.7188
3906	34702.6600	-15943.8284	3518.8322	2108.7651	1491.0926
3907	34711.8203	-15947.8395	3518.8322	2108.7651	1491.4664
3908	34720.9806	-15951.8506	3518.8322	2108.7651	1491.8402
3909	34730.1409	-15955.8617	3518.8322	2108.7651	1492.2140
3910	34739.3012	-15959.8728	3518.8322	2108.7651	1492.5878
3911	34748.4615	-15963.8839	3518.8322	2108.7651	1492.9616
3912	34757.6218	-15967.8950	3518.8322	2108.7651	1493.3353
3913	34766.7821	-15971.9061	3518.8322	2108.7651	1493.7091
3914	34775.9424	-15975.9173	3518.8322	2108.7651	1494.0829
3915	34785.1027	-15979.9284	3518.8322	2108.7651	1494.4567
3916	34794.2630	-15983.9395	3518.8322	2108.7651	1494.8305
3917	34803.4232	-15987.9506	3518.8322	2108.7651	1495.2043
3918	34812.5835	-15991.9617	3518.8322	2108.7651	1495.5781
3919	34821.7438	-15995.9728	3518.8322	2108.7651	1495.9518
3920	34830.9041	-15999.9839	3518.8322	2108.7651	1496.3256
3921	34840.0644	-16003.9950	3518.8322	2108.7651	1496.6994
3922	34849.2247	-16008.0061	3518.8322	2108.7651	1497.0732
3923	34858.3850	-16012.0173	3518.8322	2108.7651	1497.4470
3924	34867.5453	-16016.0284	3518.8322	2108.7651	1497.8208
3925	34876.7056	-16020.0395	3518.8322	2108.7651	1498.1946
3926	34885.8659	-16024.0506	3518.8322	2108.7651	1498.5683
3927	34895.0262	-16028.0617	3518.8322	2108.7651	1498.9421
3928	34904.1865	-16032.0728	3518.8322	2108.7651	1499.3159
3929	34913.3468	-16036.0839	3518.8322	2108.7651	1499.6897
3930	34922.5071	-16040.0950	3518.8322	2108.7651	1500.0635
3931	34931.6674	-16044.1061	3518.8322	2108.7651	1500.4373
3932	34940.8277	-16048.1173	3518.8322	2108.7651	1500.8110
3933	34949.9880	-16052.1284	3518.8322	2108.7651	1501.1848
3934	34959.1482	-16056.1395	3518.8322	2108.7651	1501.5586
3935	34968.3085	-16060.1506	3518.8322	2108.7651	1501.9324
3936	34977.4688	-16064.1617	3518.8322	2108.7651	1502.3062
3937	34986.6291	-16068.1728	3518.8322	2108.7651	1502.6800
3938	34995.7894	-16072.1839	3518.8322	2108.7651	1503.0538
3939	35004.9497	-16076.1950	3518.8322	2108.7651	1503.4275
3940	35014.1100	-16080.2061	3518.8322	2108.7651	1503.8013
3941	35023.2703	-16084.2173	3518.8322	2108.7651	1504.1751
3942	35032.4306	-16088.2284	3518.8322	2108.7651	1504.5489
3943	35041.5909	-16092.2395	3518.8322	2108.7651	1504.9227
3944	35050.7512	-16096.2506	3518.8322	2108.7651	1505.2965
3945	35059.9115	-16100.2617	3518.8322	2108.7651	1505.6703
3946	35069.0718	-16104.2728	3518.8322	2108.7651	1506.0440
3947	35078.2321	-16108.2839	3518.8322	2108.7651	1506.4178
3948	35087.3924	-16112.2950	3518.8322	2108.7651	1506.7916
3949	35096.5527	-16116.3061	3518.8322	2108.7651	1507.1654
3950	35105.7130	-16120.3173	3518.8322	2108.7651	1507.5392
3951	35114.8732	-16124.3284	3518.8322	2108.7651	1507.9130
3952	35124.0335	-16128.3395	3518.8322	2108.7651	1508.2867
3953	35133.1938	-16132.3506	3518.8322	2108.7651	1508.6605
3954	35142.3541	-16136.3617	3518.8322	2108.7651	1509.0343
3955	35151.5144	-16140.3728	3518.8322	2108.7651	1509.4081
3956	35160.6747	-16144.3839	3518.8322	2108.7651	1509.7819
3957	35169.8350	-16148.3950	3518.8322	2108.7651	1510.1557
3958	35178.9953	-16152.4061	3518.8322	2108.7651	1510.5295
3959	35188.1556	-16156.4172	3518.8322	2108.7651	1510.9032
3960	35197.3159	-16160.4284	3518.8322	2108.7651	1511.2770
3961	35206.4762	-16164.4395	3518.8322	2108.7651	1511.6508
3962	35215.6365	-16168.4506	3518.8322	2108.7651	1512.0246
3963	35224.7968	-16172.4617	3518.8322	2108.7651	1512.3984
3964	35233.9571	-16176.4728	3518.8322	2108.7651	1512.7722
3965	35243.1174	-16180.4839	3518.8322	2108.7651	1513.1460
3966	35252.2777	-16184.4950	3518.8322	2108.7651	1513.5197
3967	35261.4380	-16188.5061	3518.8322	2108.7651	1513.8935
3968	35270.5982	-16192.5172	3518.8322	2108.7651	1514.2673
3969	35279.7585	-16196.5284	3518.8322	2108.7651	1514.6411
3970	35288.9188	-16200.5395	3518.8322	2108.7651	1515.0149
3971	35298.0791	-16204.5506	3518.8322	2108.7651	1515.3887
3972	35307.2394	-16208.5617	3518.8322	2108.7651	1515.7624
3973	35316.3997	-16212.5728	3518.8322	2108.7651	1516.1362
3974	35325.5600	-16216.5839	3518.8322	2108.7651	1516.5100
3975	35334.7203	-16220.5950	3518.8322	2108.7651	1516.8838
3976	35343.8806	-16224.6061	3518.8322	2108.7651	1517.2576
3977	35353.0409	-16228.6172	3518.8322	2108.7651	1517.6314
3978	35362.2012	-16232.6284	3518.8322	2108.7651	1518.0052
3979	35371.3615	-16236.6395	3518.8322	2108.7651	1518.3789
3980	35380.5218	-16240.6506	3518.8322	2108.7651	1518.7527
3981	35389.6821	-16244.6617	3518.8322	2108.7651	1519.1265
3982	35398.8424	-16248.6728	3518.8322	2108.7651	1519.5003
3983	35408.0027	-16252.6839	3518.8322	2108.7651	1519.8741
3984	35417.1630	-16256.6950	3518.8322	2108.7651	1520.2479
3985	35426.3232	-16260.7061	3518.8322	2108.7651	1520.6217
3986	35435.4835	-16264.7172	3518.8322	2108.7651	1520.9954
3987	35444.6438	-16268.7284	3518.8322	2108.7651	1521.3692
3988	35453.8041	-16272.7395	3518.8322	2108.7651	1521.7430
3989	35462.9644	-16276.7506	3518.8322	2108.7651	1522.1168
3990	35472.1247	-16280.7617	3518.8322	2108.7651	1522.4906
3991	35481.2850	-16284.7728	3518.8322	2108.7651	1522.8644
3992	35490.4453	-16288.7839	3518.8322	2108.7651	1523.2381
3993	35499.6056	-16292.7950	3518.8322	2108.7651	1523.6119
3994	35508.7659	-16296.8061	3518.8322	2108.7651	1523.9857
3995	35517.9262	-16300.8172	3518.8322	2108.7651	1524.3595
3996	35527.0865	-16304.8284	3518.8322	2108.7651	1524.7333
3997	35536.2468	-16308.8395	3518.8322	2108.7651	1525.1071
3998	35545.4071	-16312.8506	3518.8322	2108.7651	1525.4809
3999	35554.5674	-16316.8617	3518.8322	2108.7651	1525.8546
4000	35563.7277	-16320.8728	3518.8322	2108.7651	1526.2284
4001	35572.8880	-16324.8839	3518.8322	2108.7651	1526.6022
4002	35582.0483	-16328.8950	3518.8322	2108.7651	1526.9760
4003	35591.2085	-16332.9061	3518.8322	2108.7651	1527.3498
4004	35600.3688	-16336.9172	3518.8322	2108.7651	1527.7236
4005	35609.5291	-16340.9283	3518.8322	2108.7651	1528.0974
4006	35618.6894	-16344.9395	3518.8322	2108.7651	1528.4711
4007	35627.8497	-16348.9506	3518.8322	2108.7651	1528.8449
4008	35637.0100	-16352.9617	3518.8322	2108.7651	1529.2187
4009	35646.1703	-16356.9728	3518.8322	2108.7651	1529.5925
4010	35655.3306	-16360.9839	3518.8322	2108.7651	1529.9663
4011	35664.4909	-16364.9950	3518.8322	2108.7651	1530.3401
4012	35673.6512	-16369.0061	3518.8322	2108.7651	1530.7138
4013	35682.8115	-16373.0172	3518.8322	2108.7651	1531.0876
4014	35691.9718	-16377.0283	3518.8322	2108.7651	1531.4614
4015	35701.1321	-16381.0395	3518.8322	2108.7651	1531.8352
4016	35710.2924	-16385.0506	3518.8322	2108.7651	1532.2090
4017	35719.4527	-16389.0617	3518.8322	2108.7651	1532.5828
4018	35728.6130	-16393.0728	3518.8322	2108.7651	1532.9566
4019	35737.7733	-16397.0839	3518.8322	2108.7651	1533.3303
4020	35746.9335	-16401.0950	3518.8322	2108.7651	1533.7041
4021	35756.0938	-16405.1061	3518.8322	2108.7651	1534.0779
4022	35765.2541	-16409.1172	3518.8322	2108.7651	1534.4517
4023	35774.4144	-16413.1283	3518.8322	2108.7651	1534.8255
4024	35783.5747	-16417.1395	3518.8322	2108.7651	1535.1993
4025	35792.7350	-16421.1506	3518.8322	2108.7651	1535.5731
4026	35801.8953	-16425.1617	3518.8322	2108.7651	1535.9468
4027	35811.0556	-16429.1728	3518.8322	2108.7651	1536.3206
4028	35820.2159	-16433.1839	3518.8322	2108.7651	1536.6944
4029	35829.3762	-16437.1950	3518.8322	2108.7651	1537.0682
4030	35838.5365	-16441.2061	3518.8322	2108.7651	1537.4420
4031	35847.6968	-16445.2172	3518.8322	2108.7651	1537.8158
4032	35856.8571	-16449.2283	3518.8322	2108.7651	1538.1895
4033	35866.0174	-16453.2395	3518.8322	2108.7651	1538.5633
4034	35875.1777	-16457.2506	3518.8322	2108.7651	1538.9371
4035	35884.3380	-16461.2617	3518.8322	2108.7651	1539.3109
4036	35893.4983	-16465.2728	3518.8322	2108.7651	1539.6847
4037	35902.6585	-16469.2839	3518.8322	2108.7651	1540.0585
4038	35911.8188	-16473.2950	3518.8322	2108.7651	1540.4323
4039	35920.9791	-16477.3061	3518.8322	2108.7651	1540.8060
4040	35930.1394	-16481.3172	3518.8322	2108.7651	1541.1798
4041	35939.2997	-16485.3283	3518.8322	2108.7651	1541.5536
4042	35948.4600	-16489.3394	3518.8322	2108.7651	1541.9274
4043	35957.6203	-16493.3506	3518.8322	2108.7651	1542.3012
4044	35966.7806	-16497.3617	3518.8322	2108.7651	1542.6750
4045	35975.9409	-16501.3728	3518.8322	2108.7651	1543.0488
4046	35985.1012	-16505.3839	3518.8322	2108.7651	1543.4225
4047	35994.2615	-16509.3950	3518.8322	2108.7651	1543.7963
4048	36003.4218	-16513.4061	3518.8322	2108.7651	1544.1701
4049	36012.5821	-16517.4172	3518.8322	2108.7651	1544.5439
4050	36021.7424	-16521.4283	3518.8322	2108.7651	1544.9177
4051	36030.9027	-16525.4394	3518.8322	2108.7651	1545.2915
4052	36040.0630	-16529.4506	3518.8322	2108.7651	1545.6653
4053	36049.2233	-16533.4617	3518.8322	2108.7651	1546.0390
4054	36058.3835	-16537.4728	3518.8322	2108.7651	1546.4128
4055	36067.5438	-16541.4839	3518.8322	2108.7651	1546.7866
4056	36076.7041	-16545.4950	3518.8322	2108.7651	1547.1604
4057	36085.8644	-16549.5061	3518.8322	2108.7651	1547.5342
4058	36095.0247	-16553.5172	3518.8322	2108.7651	1547.9080
4059	36104.1850	-16557.5283	3518.8322	2108.7651	1548.2817
4060	36113.3453	-16561.5394	3518.8322	2108.7651	1548.6555
4061	36122.5056	-16565.5506	3518.8322	2108.7651	1549.0293
4062	36131.6659	-16569.5617	3518.8322	2108.7651	1549.4031
4063	36140.8262	-16573.5728	3518.8322	2108.7651	1549.7769
4064	36149.9865	-16577.5839	3518.8322	2108.7651	1550.1507
4065	36159.1468	-16581.5950	3518.8322	2108.7651	1550.5245
4066	36168.3071	-16585.6061	3518.8322	2108.7651	1550.8982
4067	36177.4674	-16589.6172	3518.8322	2108.7651	1551.2720
4068	36186.6277	-16593.6283	3518.8322	2108.7651	1551.6458
4069	36195.7880	-16597.6394	3518.8322	2108.7651	1552.0196
4070	36204.9483	-16601.6506	3518.8322	2108.7651	1552.3934
4071	36214.1086	-16605.6617	3518.8322	2108.7651	1552.7672
4072	36223.2688	-16609.6728	3518.8322	2108.7651	1553.1410
4073	36232.4291	-16613.6839	3518.8322	2108.7651	1553.5147
4074	36241.5894	-16617.6950	3518.8322	2108.7651	1553.8885
4075	36250.7497	-16621.7061	3518.8322	2108.7651	1554.2623
4076	36259.9100	-16625.7172	3518.8322	2108.7651	1554.6361
4077	36269.0703	-16629.7283	3518.8322	2108.7651	1555.0099
4078	36278.2306	-16633.7394	3518.8322	2108.7651	1555.3837
4079	36287.3909	-16637.7506	3518.8322	2108.7651	1555.7574
4080	36296.5512	-16641.7617	3518.8322	2108.7651	1556.1312
4081	36305.7115	-16645.7728	3518.8322	2108.7651	1556.5050
4082	36314.8718	-16649.7839	3518.8322	2108.7651	1556.8788
4083	36324.0321	-16653.7950	3518.8322	2108.7651	1557.2526
4084	36333.1924	-16657.8061	3518.8322	2108.7651	1557.6264
4085	36342.3527	-16661.8172	3518.8322	2108.7651	1558.0002
4086	36351.5130	-16665.8283	3518.8322	2108.7651	1558.3739
4087	36360.6733	-16669.8394	3518.8322	2108.7651	1558.7477
4088	36369.8336	-16673.8505	3518.8322	2108.7651	1559.1215
4089	36378.9938	-16677.8617	3518.8322	2108.7651	1559.4953
4090	36388.1541	-16681.8728	3518.8322	2108.7651	1559.8691
4091	36397.3144	-16685.8839	3518.8322	2108.7651	1560.2429
4092	36406.4747	-16689.8950	3518.8322	2108.7651	1560.6167
4093	36415.6350	-16693.9061	3518.8322	2108.7651	1560.9904
4094	36424.7953	-16697.9172	3518.8322	2108.7651	1561.3642
4095	36433.9556	-16701.9283	3518.8322	2108.7651	1561.7380
4096	36443.1159	-16705.9394	3518.8322	2108.7651	1562.1118
4097	36452.2762	-16709.9505	3518.8322	2108.7651	1562.4856
4098	36461.4365	-16713.9617	3518.8322	2108.7651	1562.8594
4099	36470.5968	-16717.9728	3518.8322	2108.7651	1563.2331
4100	36479.7571	-16721.9839	3518.8322	2108.7651	1563.6069
4101	36488.9174	-16725.9950	3518.8322	2108.7651	1563.9807
4102	36498.0777	-16730.0061	3518.8322	2108.7651	1564.3545
4103	36507.2380	-16734.0172	3518.8322	2108.7651	1564.7283
4104	36516.3983	-16738.0283	3518.8322	2108.7651	1565.1021
4105	36525.5586	-16742.0394	3518.8322	2108.7651	1565.4759
4106	36534.7188	-16746.0505	3518.8322	2108.7651	1565.8496
4107	36543.8791	-16750.0617	3518.8322	2108.7651	1566.2234
4108	36553.0394	-16754.0728	3518.8322	2108.7651	1566.5972
4109	36562.1997	-16758.0839	3518.8322	2108.7651	1566.9710
4110	36571.3600	-16762.0950	3518.8322	2108.7651	1567.3448
4111	36580.5203	-16766.1061	3518.8322	2108.7651	1567.7186
4112	36589.6806	-16770.1172	3518.8322	2108.7651	1568.0924
4113	36598.8409	-16774.1283	3518.8322	2108.7651	1568.4661
4114	36608.0012	-16778.1394	3518.8322	2108.7651	1568.8399
4115	36617.1615	-16782.1505	3518.8322	2108.7651	1569.2137
4116	36626.3218	-16786.1617	3518.8322	2108.7651	1569.5875
4117	36635.4821	-16790.1728	3518.8322	2108.7651	1569.9613
4118	36644.6424	-16794.1839	3518.8322	2108.7651	1570.3351
4119	36653.8027	-16798.1950	3518.8322	2108.7651	1570.7088
4120	36662.9630	-16802.2061	3518.8322	2108.7651	1571.0826
4121	36672.1233	-16806.2172	3518.8322	2108.7651	1571.4564
4122	36681.2836	-16810.2283	3518.8322	2108.7651	1571.8302
4123	36690.4438	-16814.2394	3518.8322	2108.7651	1572.2040
4124	36699.6041	-16818.2505	3518.8322	2108.7651	1572.5778
4125	36708.7644	-16822.2617	3518.8322	2108.7651	1572.9516
4126	36717.9247	-16826.2728	3518.8322	2108.7651	1573.3253
4127	36727.0850	-16830.2839	3518.8322	2108.7651	1573.6991
4128	36736.2453	-16834.2950	3518.8322	2108.7651	1574.0729
4129	36745.4056	-16838.3061	3518.8322	2108.7651	1574.4467
4130	36754.5659	-16842.3172	3518.8322	2108.7651	1574.8205
4131	36763.7262	-16846.3283	3518.8322	2108.7651	1575.1943
4132	36772.8865	-16850.3394	3518.8322	2108.7651	1575.5681
4133	36782.0468	-16854.3505	3518.8322	2108.7651	1575.9418
4134	36791.2071	-16858.3616	3518.8322	2108.7651	1576.3156
4135	36800.3674	-16862.3728	3518.8322	2108.7651	1576.6894
4136	36809.5277	-16866.3839	3518.8322	2108.7651	1577.0632
4137	36818.6880	-16870.3950	3518.8322	2108.7651	1577.4370
4138	36827.8483	-16874.4061	3518.8322	2108.7651	1577.8108
4139	36837.0086	-16878.4172	3518.8322	2108.7651	1578.1845
4140	36846.1688	-16882.4283	3518.8322	2108.7651	1578.5583
4141	36855.3291	-16886.4394	3518.8322	2108.7651	1578.9321
4142	36864.4894	-16890.4505	3518.8322	2108.7651	1579.3059
4143	36873.6497	-16894.4616	3518.8322	2108.7651	1579.6797
4144	36882.8100	-16898.4728	3518.8322	2108.7651	1580.0535
4145	36891.9703	-16902.4839	3518.8322	2108.7651	1580.4273
4146	36901.1306	-16906.4950	3518.8322	2108.7651	1580.8010
4147	36910.2909	-16910.5061	3518.8322	2108.7651	1581.1748
4148	36919.4512	-16914.5172	3518.8322	2108.7651	1581.5486
4149	36928.6115	-16918.5283	3518.8322	2108.7651	1581.9224
4150	36937.7718	-16922.5394	3518.8322	2108.7651	1582.2962
4151	36946.9321	-16926.5505	3518.8322	2108.7651	1582.6700
4152	36956.0924	-16930.5616	3518.8322	2108.7651	1583.0438
4153	36965.2527	-16934.5728	3518.8322	2108.7651	1583.4175
4154	36974.4130	-16938.5839	3518.8322	2108.7651	1583.7913
4155	36983.5733	-16942.5950	3518.8322	2108.7651	1584.1651
4156	36992.7336	-16946.6061	3518.8322	2108.7651	1584.5389
4157	37001.8939	-16950.6172	3518.8322	2108.7651	1584.9127
4158	37011.0541	-16954.6283	3518.8322	2108.7651	1585.2865
4159	37020.2144	-16958.6394	3518.8322	2108.7651	1585.6602
4160	37029.3747	-16962.6505	3518.8322	2108.7651	1586.0340
4161	37038.5350	-16966.6616	3518.8322	2108.7651	1586.4078
4162	37047.6953	-16970.6728	3518.8322	2108.7651	1586.7816
4163	37056.8556	-16974.6839	3518.8322	2108.7651	1587.1554
4164	37066.0159	-16978.6950	3518.8322	2108.7651	1587.5292
4165	37075.1762	-16982.7061	3518.8322	2108.7651	1587.9030
4166	37084.3365	-16986.7172	3518.8322	2108.7651	1588.2767
4167	37093.4968	-16990.7283	3518.8322	2108.7651	1588.6505
4168	37102.6571	-16994.7394	3518.8322	2108.7651	1589.0243
4169	37111.8174	-16998.7505	3518.8322	2108.7651	1589.3981
4170	37120.9777	-17002.7616	3518.8322	2108.7651	1589.7719
4171	37130.1380	-17006.7728	3518.8322	2108.7651	1590.1457
4172	37139.2983	-17010.7839	3518.8322	2108.7651	1590.5195
4173	37148.4586	-17014.7950	3518.8322	2108.7651	1590.8932
4174	37157.6189	-17018.8061	3518.8322	2108.7651	1591.2670
4175	37166.7791	-17022.8172	3518.8322	2108.7651	1591.6408
4176	37175.9394	-17026.8283	3518.8322	2108.7651	1592.0146
4177	37185.0997	-17030.8394	3518.8322	2108.7651	1592.3884
4178	37194.2600	-17034.8505	3518.8322	2108.7651	1592.7622
4179	37203.4203	-17038.8616	3518.8322	2108.7651	1593.1360
4180	37212.5806	-17042.8727	3518.8322	2108.7651	1593.5097
4181	37221.7409	-17046.8839	3518.8322	2108.7651	1593.8835
4182	37230.9012	-17050.8950	3518.8322	2108.7651	1594.2573
4183	37240.0615	-17054.9061	3518.8322	2108.7651	1594.6311
4184	37249.2218	-17058.9172	3518.8322	2108.7651	1595.0049
4185	37258.3821	-17062.9283	3518.8322	2108.7651	1595.3787
4186	37267.5424	-17066.9394	3518.8322	2108.7651	1595.7524
4187	37276.7027	-17070.9505	3518.8322	2108.7651	1596.1262
4188	37285.8630	-17074.9616	3518.8322	2108.7651	1596.5000
4189	37295.0233	-17078.9727	3518.8322	2108.7651	1596.8738
4190	37304.1836	-17082.9839	3518.8322	2108.7651	1597.2476
4191	37313.3439	-17086.9950	3518.8322	2108.7651	1597.6214
4192	37322.5041	-17091.0061	3518.8322	2108.7651	1597.9952
4193	37331.6644	-17095.0172	3518.8322	2108.7651	1598.3689
4194	37340.8247	-17099.0283	3518.8322	2108.7651	1598.7427
4195	37349.9850	-17103.0394	3518.8322	2108.7651	1599.1165
4196	37359.1453	-17107.0505	3518.8322	2108.7651	1599.4903
4197	37368.3056	-17111.0616	3518.8322	2108.7651	1599.8641
4198	37377.4659	-17115.0727	3518.8322	2108.7651	1600.2379
4199	37386.6262	-17119.0839	3518.8322	2108.7651	1600.6117
4200	37395.7865	-17123.0950	3518.8322	2108.7651	1600.9854
4201	37404.9468	-17127.1061	3518.8322	2108.7651	1601.3592
4202	37414.1071	-17131.1172	3518.8322	2108.7651	1601.7330
4203	37423.2674	-17135.1283	3518.8322	2108.7651	1602.1068
4204	37432.4277	-17139.1394	3518.8322	2108.7651	1602.4806
4205	37441.5880	-17143.1505	3518.8322	2108.7651	1602.8544
4206	37450.7483	-17147.1616	3518.8322	2108.7651	1603.2281
4207	37459.9086	-17151.1727	3518.8322	2108.7651	1603.6019
4208	37469.0689	-17155.1839	3518.8322	2108.7651	1603.9757
4209	37478.2291	-17159.1950	3518.8322	2108.7651	1604.3495
4210	37487.3894	-17163.2061	3518.8322	2108.7651	1604.7233
4211	37496.5497	-17167.2172	3518.8322	2108.7651	1605.0971
4212	37505.7100	-17171.2283	3518.8322	2108.7651	1605.4709
4213	37514.8703	-17175.2394	3518.8322	2108.7651	1605.8446
4214	37524.0306	-17179.2505	3518.8322	2108.7651	1606.2184
4215	37533.1909	-17183.2616	3518.8322	2108.7651	1606.5922
4216	37542.3512	-17187.2727	3518.8322	2108.7651	1606.9660
4217	37551.5115	-17191.2839	3518.8322	2108.7651	1607.3398
4218	37560.6718	-17195.2950	3518.8322	2108.7651	1607.7136
4219	37569.8321	-17199.3061	3518.8322	2108.7651	1608.0874
4220	37578.9924	-17203.3172	3518.8322	2108.7651	1608.4611
4221	37588.1527	-17207.3283	3518.8322	2108.7651	1608.8349
4222	37597.3130	-17211.3394	3518.8322	2108.7651	1609.2087
4223	37606.4733	-17215.3505	3518.8322	2108.7651	1609.5825
4224	37615.6336	-17219.3616	3518.8322	2108.7651	1609.9563
4225	37624.7939	-17223.3727	3518.8322	2108.7651	1610.3301
4226	37633.9541	-17227.3838	3518.8322	2108.7651	1610.7038
4227	37643.1144	-17231.3950	3518.8322	2108.7651	1611.0776
4228	37652.2747	-17235.4061	3518.8322	2108.7651	1611.4514
4229	37661.4350	-17239.4172	3518.8322	2108.7651	1611.8252
4230	37670.5953	-17243.4283	3518.8322	2108.7651	1612.1990
4231	37679.7556	-17247.4394	3518.8322	2108.7651	1612.5728
4232	37688.9159	-17251.4505	3518.8322	2108.7651	1612.9466
4233	37698.0762	-17255.4616	3518.8322	2108.7651	1613.3203
4234	37707.2365	-17259.4727	3518.8322	2108.7651	1613.6941
4235	37716.3968	-17263.4838	3518.8322	2108.7651	1614.0679
4236	37725.5571	-17267.4950	3518.8322	2108.7651	1614.4417
4237	37734.7174	-17271.5061	3518.8322	2108.7651	1614.8155
4238	37743.8777	-17275.5172	3518.8322	2108.7651	1615.1893
4239	37753.0380	-17279.5283	3518.8322	2108.7651	1615.5631
4240	37762.1983	-17283.5394	3518.8322	2108.7651	1615.9368
4241	37771.3586	-17287.5505	3518.8322	2108.7651	1616.3106
4242	37780.5189	-17291.5616	3518.8322	2108.7651	1616.6844
4243	37789.6792	-17295.5727	3518.8322	2108.7651	1617.0582
4244	37798.8394	-17299.5838	3518.8322	2108.7651	1617.4320
4245	37807.9997	-17303.5950	3518.8322	2108.7651	1617.8058
4246	37817.1600	-17307.6061	3518.8322	2108.7651	1618.1795
4247	37826.3203	-17311.6172	3518.8322	2108.7651	1618.5533
4248	37835.4806	-17315.6283	3518.8322	2108.7651	1618.9271
4249	37844.6409	-17319.6394	3518.8322	2108.7651	1619.3009
4250	37853.8012	-17323.6505	3518.8322	2108.7651	1619.6747
4251	37862.9615	-17327.6616	3518.8322	2108.7651	1620.0485
4252	37872.1218	-17331.6727	3518.8322	2108.7651	1620.4223
4253	37881.2821	-17335.6838	3518.8322	2108.7651	1620.7960
4254	37890.4424	-17339.6950	3518.8322	2108.7651	1621.1698
4255	37899.6027	-17343.7061	3518.8322	2108.7651	1621.5436
4256	37908.7630	-17347.7172	3518.8322	2108.7651	1621.9174
4257	37917.9233	-17351.7283	3518.8322	2108.7651	1622.2912
4258	37927.0836	-17355.7394	3518.8322	2108.7651	1622.6650
4259	37936.2439	-17359.7505	3518.8322	2108.7651	1623.0388
4260	37945.4042	-17363.7616	3518.8322	2108.7651	1623.4125
4261	37954.5644	-17367.7727	3518.8322	2108.7651	1623.7863
4262	37963.7247	-17371.7838	3518.8322	2108.7651	1624.1601
4263	37972.8850	-17375.7950	3518.8322	2108.7651	1624.5339
4264	37982.0453	-17379.8061	3518.8322	2108.7651	1624.9077
4265	37991.2056	-17383.8172	3518.8322	2108.7651	1625.2815
4266	38000.3659	-17387.8283	3518.8322	2108.7651	1625.6552
4267	38009.5262	-17391.8394	3518.8322	2108.7651	1626.0290
4268	38018.6865	-17395.8505	3518.8322	2108.7651	1626.4028
4269	38027.8468	-17399.8616	3518.8322	2108.7651	1626.7766
4270	38037.0071	-17403.8727	3518.8322	2108.7651	1627.1504
4271	38046.1674	-17407.8838	3518.8322	2108.7651	1627.5242
4272	38055.3277	-17411.8949	3518.8322	2108.7651	1627.8980
4273	38064.4880	-17415.9061	3518.8322	2108.7651	1628.2717
4274	38073.6483	-17419.9172	3518.8322	2108.7651	1628.6455
4275	38082.8086	-17423.9283	3518.8322	2108.7651	1629.0193
4276	38091.9689	-17427.9394	3518.8322	2108.7651	1629.3931
4277	38101.1292	-17431.9505	3518.8322	2108.7651	1629.7669
4278	38110.2894	-17435.9616	3518.8322	2108.7651	1630.1407
4279	38119.4497	-17439.9727	3518.8322	2108.7651	1630.5145
4280	38128.6100	-17443.9838	3518.8322	2108.7651	1630.8882
4281	38137.7703	-17447.9949	3518.8322	2108.7651	1631.2620
4282	38146.9306	-17452.0061	3518.8322	2108.7651	1631.6358
4283	38156.0909	-17456.0172	3518.8322	2108.7651	1632.0096
4284	38165.2512	-17460.0283	3518.8322	2108.7651	1632.3834
4285	38174.4115	-17464.0394	3518.8322	2108.7651	1632.7572
4286	38183.5718	-17468.0505	3518.8322	2108.7651	1633.1309
4287	38192.7321	-17472.0616	3518.8322	2108.7651	1633.5047
4288	38201.8924	-17476.0727	3518.8322	2108.7651	1633.8785
4289	38211.0527	-17480.0838	3518.8322	2108.7651	1634.2523
4290	38220.2130	-17484.0949	3518.8322	2108.7651	1634.6261
4291	38229.3733	-17488.1061	3518.8322	2108.7651	1634.9999
4292	38238.5336	-17492.1172	3518.8322	2108.7651	1635.3737
4293	38247.6939	-17496.1283	3518.8322	2108.7651	1635.7474
4294	38256.8542	-17500.1394	3518.8322	2108.7651	1636.1212
4295	38266.0144	-17504.1505	3518.8322	2108.7651	1636.4950
4296	38275.1747	-17508.1616	3518.8322	2108.7651	1636.8688
4297	38284.3350	-17512.1727	3518.8322	2108.7651	1637.2426
4298	38293.4953	-17516.1838	3518.8322	2108.7651	1637.6164
4299	38302.6556	-17520.1949	3518.8322	2108.7651	1637.9902
4300	38311.8159	-17524.2061	3518.8322	2108.7651	1638.3639
4301	38320.9762	-17528.2172	3518.8322	2108.7651	1638.7377
4302	38330.1365	-17532.2283	3518.8322	2108.7651	1639.1115
4303	38339.2968	-17536.2394	3518.8322	2108.7651	1639.4853
4304	38348.4571	-17540.2505	3518.8322	2108.7651	1639.8591
4305	38357.6174	-17544.2616	3518.8322	2108.7651	1640.2329
4306	38366.7777	-17548.2727	3518.8322	2108.7651	1640.6067
4307	38375.9380	-17552.2838	3518.8322	2108.7651	1640.9804
4308	38385.0983	-17556.2949	3518.8322	2108.7651	1641.3542
4309	38394.2586	-17560.3060	3518.8322	2108.7651	1641.7280
4310	38403.4189	-17564.3172	3518.8322	2108.7651	1642.1018
4311	38412.5792	-17568.3283	3518.8322	2108.7651	1642.4756
4312	38421.7395	-17572.3394	3518.8322	2108.7651	1642.8494
4313	38430.8997	-17576.3505	3518.8322	2108.7651	1643.2231
4314	38440.0600	-17580.3616	3518.8322	2108.7651	1643.5969
4315	38449.2203	-17584.3727	3518.8322	2108.7651	1643.9707
4316	38458.3806	-17588.3838	3518.8322	2108.7651	1644.3445
4317	38467.5409	-17592.3949	3518.8322	2108.7651	1644.7183
4318	38476.7012	-17596.4060	3518.8322	2108.7651	1645.0921
4319	38485.8615	-17600.4172	3518.8322	2108.7651	1645.4659
4320	38495.0218	-17604.4283	3518.8322	2108.7651	1645.8396
4321	38504.1821	-17608.4394	3518.8322	2108.7651	1646.2134
4322	38513.3424	-17612.4505	3518.8322	2108.7651	1646.5872
4323	38522.5027	-17616.4616	3518.8322	2108.7651	1646.9610
4324	38531.6630	-17620.4727	3518.8322	2108.7651	1647.3348
4325	38540.8233	-17624.4838	3518.8322	2108.7651	1647.7086
4326	38549.9836	-17628.4949	3518.8322	2108.7651	1648.0824
4327	38559.1439	-17632.5060	3518.8322	2108.7651	1648.4561
4328	38568.3042	-17636.5172	3518.8322	2108.7651	1648.8299
4329	38577.4645	-17640.5283	3518.8322	2108.7651	1649.2037
4330	38586.6247	-17644.5394	3518.8322	2108.7651	1649.5775
4331	38595.7850	-17648.5505	3518.8322	2108.7651	1649.9513
4332	38604.9453	-17652.5616	3518.8322	2108.7651	1650.3251
4333	38614.1056	-17656.5727	3518.8322	2108.7651	1650.6988
4334	38623.2659	-17660.5838	3518.8322	2108.7651	1651.0726
4335	38632.4262	-17664.5949	3518.8322	2108.7651	1651.4464
4336	38641.5865	-17668.6060	3518.8322	2108.7651	1651.8202
4337	38650.7468	-17672.6172	3518.8322	2108.7651	1652.1940
4338	38659.9071	-17676.6283	3518.8322	2108.7651	1652.5678
4339	38669.0674	-17680.6394	3518.8322	2108.7651	1652.9416
4340	38678.2277	-17684.6505	3518.8322	2108.7651	1653.3153
4341	38687.3880	-17688.6616	3518.8322	2108.7651	1653.6891
4342	38696.5483	-17692.6727	3518.8322	2108.7651	1654.0629
4343	38705.7086	-17696.6838	3518.8322	2108.7651	1654.4367
4344	38714.8689	-17700.6949	3518.8322	2108.7651	1654.8105
4345	38724.0292	-17704.7060	3518.8322	2108.7651	1655.1843
4346	38733.1895	-17708.7172	3518.8322	2108.7651	1655.5581
4347	38742.3497	-17712.7283	3518.8322	2108.7651	1655.9318
4348	38751.5100	-17716.7394	3518.8322	2108.7651	1656.3056
4349	38760.6703	-17720.7505	3518.8322	2108.7651	1656.6794
4350	38769.8306	-17724.7616	3518.8322	2108.7651	1657.0532
4351	38778.9909	-17728.7727	3518.8322	2108.7651	1657.4270
4352	38788.1512	-17732.7838	3518.8322	2108.7651	1657.8008
4353	38797.3115	-17736.7949	3518.8322	2108.7651	1658.1745
4354	38806.4718	-17740.8060	3518.8322	2108.7651	1658.5483
4355	38815.6321	-17744.8171	3518.8322	2108.7651	1658.9221
4356	38824.7924	-17748.8283	3518.8322	2108.7651	1659.2959
4357	38833.9527	-17752.8394	3518.8322	2108.7651	1659.6697
4358	38843.1130	-17756.8505	3518.8322	2108.7651	1660.0435
4359	38852.2733	-17760.8616	3518.8322	2108.7651	1660.4173
4360	38861.4336	-17764.8727	3518.8322	2108.7651	1660.7910
4361	38870.5939	-17768.8838	3518.8322	2108.7651	1661.1648
4362	38879.7542	-17772.8949	3518.8322	2108.7651	1661.5386
4363	38888.9145	-17776.9060	3518.8322	2108.7651	1661.9124
4364	38898.0747	-17780.9171	3518.8322	2108.7651	1662.2862
4365	38907.2350	-17784.9283	3518.8322	2108.7651	1662.6600
4366	38916.3953	-17788.9394	3518.8322	2108.7651	1663.0338
4367	38925.5556	-17792.9505	3518.8322	2108.7651	1663.4075
4368	38934.7159	-17796.9616	3518.8322	2108.7651	1663.7813
4369	38943.8762	-17800.9727	3518.8322	2108.7651	1664.1551
4370	38953.0365	-17804.9838	3518.8322	2108.7651	1664.5289
4371	38962.1968	-17808.9949	3518.8322	2108.7651	1664.9027
4372	38971.3571	-17813.0060	3518.8322	2108.7651	1665.2765
4373	38980.5174	-17817.0171	3518.8322	2108.7651	1665.6502
4374	38989.6777	-17821.0283	3518.8322	2108.7651	1666.0240
4375	38998.8380	-17825.0394	3518.8322	2108.7651	1666.3978
4376	39007.9983	-17829.0505	3518.8322	2108.7651	1666.7716
4377	39017.1586	-17833.0616	3518.8322	2108.7651	1667.1454
4378	39026.3189	-17837.0727	3518.8322	2108.7651	1667.5192
4379	39035.4792	-17841.0838	3518.8322	2108.7651	1667.8930
4380	39044.6395	-17845.0949	3518.8322	2108.7651	1668.2667
4381	39053.7997	-17849.1060	3518.8322	2108.7651	1668.6405
4382	39062.9600	-17853.1171	3518.8322	2108.7651	1669.0143
4383	39072.1203	-17857.1283	3518.8322	2108.7651	1669.3881
4384	39081.2806	-17861.1394	3518.8322	2108.7651	1669.7619
4385	39090.4409	-17865.1505	3518.8322	2108.7651	1670.1357
4386	39099.6012	-17869.1616	3518.8322	2108.7651	1670.5095
4387	39108.7615	-17873.1727	3518.8322	2108.7651	1670.8832
4388	39117.9218	-17877.1838	3518.8322	2108.7651	1671.2570
4389	39127.0821	-17881.1949	3518.8322	2108.7651	1671.6308
4390	39136.2424	-17885.2060	3518.8322	2108.7651	1672.0046
4391	39145.4027	-17889.2171	3518.8322	2108.7651	1672.3784
4392	39154.5630	-17893.2283	3518.8322	2108.7651	1672.7522
4393	39163.7233	-17897.2394	3518.8322	2108.7651	1673.1259
4394	39172.8836	-17901.2505	3518.8322	2108.7651	1673.4997
4395	39182.0439	-17905.2616	3518.8322	2108.7651	1673.8735
4396	39191.2042	-17909.2727	3518.8322	2108.7651	1674.2473
4397	39200.3645	-17913.2838	3518.8322	2108.7651	1674.6211
4398	39209.5248	-17917.2949	3518.8322	2108.7651	1674.9949
4399	39218.6850	-17921.3060	3518.8322	2108.7651	1675.3687
4400	39227.8453	-17925.3171	3518.8322	2108.7651	1675.7424
4401	39237.0056	-17929.3282	3518.8322	2108.7651	1676.1162
4402	39246.1659	-17933.3394	3518.8322	2108.7651	1676.4900
4403	39255.3262	-17937.3505	3518.8322	2108.7651	1676.8638
4404	39264.4865	-17941.3616	3518.8322	2108.7651	1677.2376
4405	39273.6468	-17945.3727	3518.8322	2108.7651	1677.6114
4406	39282.8071	-17949.3838	3518.8322	2108.7651	1677.9852
4407	39291.9674	-17953.3949	3518.8322	2108.7651	1678.3589
4408	39301.1277	-17957.4060	3518.8322	2108.7651	1678.7327
4409	39310.2880	-17961.4171	3518.8322	2108.7651	1679.1065
4410	39319.4483	-17965.4282	3518.8322	2108.7651	1679.4803
4411	39328.6086	-17969.4394	3518.8322	2108.7651	1679.8541
4412	39337.7689	-17973.4505	3518.8322	2108.7651	1680.2279
4413	39346.9292	-17977.4616	3518.8322	2108.7651	1680.6016
4414	39356.0895	-17981.4727	3518.8322	2108.7651	1680.9754
4415	39365.2498	-17985.4838	3518.8322	2108.7651	1681.3492
4416	39374.4100	-17989.4949	3518.8322	2108.7651	1681.7230
4417	39383.5703	-17993.5060	3518.8322	2108.7651	1682.0968
4418	39392.7306	-17997.5171	3518.8322	2108.7651	1682.4706
4419	39401.8909	-18001.5282	3518.8322	2108.7651	1682.8444
4420	39411.0512	-18005.5394	3518.8322	2108.7651	1683.2181
4421	39420.2115	-18009.5505	3518.8322	2108.7651	1683.5919
4422	39429.3718	-18013.5616	3518.8322	2108.7651	1683.9657
4423	39438.5321	-18017.5727	3518.8322	2108.7651	1684.3395
4424	39447.6924	-18021.5838	3518.8322	2108.7651	1684.7133
4425	39456.8527	-18025.5949	3518.8322	2108.7651	1685.0871
4426	39466.0130	-18029.6060	3518.8322	2108.7651	1685.4609
4427	39475.1733	-18033.6171	3518.8322	2108.7651	1685.8346
4428	39484.3336	-18037.6282	3518.8322	2108.7651	1686.2084
4429	39493.4939	-18041.6394	3518.8322	2108.7651	1686.5822
4430	39502.6542	-18045.6505	3518.8322	2108.7651	1686.9560
4431	39511.8145	-18049.6616	3518.8322	2108.7651	1687.3298
4432	39520.9748	-18053.6727	3518.8322	2108.7651	1687.7036
4433	39530.1350	-18057.6838	3518.8322	2108.7651	1688.0774
4434	39539.2953	-18061.6949	3518.8322	2108.7651	1688.4511
4435	39548.4556	-18065.7060	3518.8322	2108.7651	1688.8249
4436	39557.6159	-18069.7171	3518.8322	2108.7651	1689.1987
4437	39566.7762	-18073.7282	3518.8322	2108.7651	1689.5725
4438	39575.9365	-18077.7394	3518.8322	2108.7651	1689.9463
4439	39585.0968	-18081.7505	3518.8322	2108.7651	1690.3201
4440	39594.2571	-18085.7616	3518.8322	2108.7651	1690.6938
4441	39603.4174	-18089.7727	3518.8322	2108.7651	1691.0676
4442	39612.5777	-18093.7838	3518.8322	2108.7651	1691.4414
4443	39621.7380	-18097.7949	3518.8322	2108.7651	1691.8152
4444	39630.8983	-18101.8060	3518.8322	2108.7651	1692.1890
4445	39640.0586	-18105.8171	3518.8322	2108.7651	1692.5628
4446	39649.2189	-18109.8282	3518.8322	2108.7651	1692.9366
4447	39658.3792	-18113.8393	3518.8322	2108.7651	1693.3103
4448	39667.5395	-18117.8505	3518.8322	2108.7651	1693.6841
4449	39676.6998	-18121.8616	3518.8322	2108.7651	1694.0579
4450	39685.8600	-18125.8727	3518.8322	2108.7651	1694.4317
4451	39695.0203	-18129.8838	3518.8322	2108.7651	1694.8055
4452	39704.1806	-18133.8949	3518.8322	2108.7651	1695.1793
4453	39713.3409	-18137.9060	3518.8322	2108.7651	1695.5531
4454	39722.5012	-18141.9171	3518.8322	2108.7651	1695.9268
4455	39731.6615	-18145.9282	3518.8322	2108.7651	1696.3006
4456	39740.8218	-18149.9393	3518.8322	2108.7651	1696.6744
4457	39749.9821	-18153.9505	3518.8322	2108.7651	1697.0482
4458	39759.1424	-18157.9616	3518.8322	2108.7651	1697.4220
4459	39768.3027	-18161.9727	3518.8322	2108.7651	1697.7958
4460	39777.4630	-18165.9838	3518.8322	2108.7651	1698.1695
4461	39786.6233	-18169.9949	3518.8322	2108.7651	1698.5433
4462	39795.7836	-18174.0060	3518.8322	2108.7651	1698.9171
4463	39804.9439	-18178.0171	3518.8322	2108.7651	1699.2909
4464	39814.1042	-18182.0282	3518.8322	2108.7651	1699.6647
4465	39823.2645	-18186.0393	3518.8322	2108.7651	1700.0385
4466	39832.4248	-18190.0505	3518.8322	2108.7651	1700.4123
4467	39841.5850	-18194.0616	3518.8322	2108.7651	1700.7860
4468	39850.7453	-18198.0727	3518.8322	2108.7651	1701.1598
4469	39859.9056	-18202.0838	3518.8322	2108.7651	1701.5336
4470	39869.0659	-18206.0949	3518.8322	2108.7651	1701.9074
4471	39878.2262	-18210.1060	3518.8322	2108.7651	1702.2812
4472	39887.3865	-18214.1171	3518.8322	2108.7651	1702.6550
4473	39896.5468	-18218.1282	3518.8322	2108.7651	1703.0288
4474	39905.7071	-18222.1393	3518.8322	2108.7651	1703.4025
4475	39914.8674	-18226.1505	3518.8322	2108.7651	1703.7763
4476	39924.0277	-18230.1616	3518.8322	2108.7651	1704.1501
4477	39933.1880	-18234.1727	3518.8322	2108.7651	1704.5239
4478	39942.3483	-18238.1838	3518.8322	2108.7651	1704.8977
4479	39951.5086	-18242.1949	3518.8322	2108.7651	1705.2715
4480	39960.6689	-18246.2060	3518.8322	2108.7651	1705.6452
4481	39969.8292	-18250.2171	3518.8322	2108.7651	1706.0190
4482	39978.9895	-18254.2282	3518.8322	2108.7651	1706.3928
4483	39988.1498	-18258.2393	3518.8322	2108.7651	1706.7666
4484	39997.3101	-18262.2505	3518.8322	2108.7651	1707.1404
4485	40006.4703	-18266.2616	3518.8322	2108.7651	1707.5142
4486	40015.6306	-18270.2727	3518.8322	2108.7651	1707.8880
4487	40024.7909	-18274.2838	3518.8322	2108.7651	1708.2617
4488	40033.9512	-18278.2949	3518.8322	2108.7651	1708.6355
4489	40043.1115	-18282.3060	3518.8322	2108.7651	1709.0093
4490	40052.2718	-18286.3171	3518.8322	2108.7651	1709.3831
4491	40061.4321	-18290.3282	3518.8322	2108.7651	1709.7569
4492	40070.5924	-18294.3393	3518.8322	2108.7651	1710.1307
4493	40079.7527	-18298.3504	3518.8322	2108.7651	1710.5045
4494	40088.9130	-18302.3616	3518.8322	2108.7651	1710.8782
4495	40098.0733	-18306.3727	3518.8322	2108.7651	1711.2520
4496	40107.2336	-18310.3838	3518.8322	2108.7651	1711.6258
4497	40116.3939	-18314.3949	3518.8322	2108.7651	1711.9996
4498	40125.5542	-18318.4060	3518.8322	2108.7651	1712.3734
4499	40134.7145	-18322.4171	3518.8322	2108.7651	1712.7472
4500	40143.8748	-18326.4282	3518.8322	2108.7651	1713.1209
4501	40153.0351	-18330.4393	3518.8322	2108.7651	1713.4947
4502	40162.1953	-18334.4504	3518.8322	2108.7651	1713.8685
4503	40171.3556	-18338.4616	3518.8322	2108.7651	1714.2423
4504	40180.5159	-18342.4727	3518.8322	2108.7651	1714.6161
4505	40189.6762	-18346.4838	3518.8322	2108.7651	1714.9899
4506	40198.8365	-18350.4949	3518.8322	2108.7651	1715.3637
4507	40207.9968	-18354.5060	3518.8322	2108.7651	1715.7374
4508	40217.1571	-18358.5171	3518.8322	2108.7651	1716.1112
4509	40226.3174	-18362.5282	3518.8322	2108.7651	1716.4850
4510	40235.4777	-18366.5393	3518.8322	2108.7651	1716.8588
4511	40244.6380	-18370.5504	3518.8322	2108.7651	1717.2326
4512	40253.7983	-18374.5616	3518.8322	2108.7651	1717.6064
4513	40262.9586	-18378.5727	3518.8322	2108.7651	1717.9802
4514	40272.1189	-18382.5838	3518.8322	2108.7651	1718.3539
4515	40281.2792	-18386.5949	3518.8322	2108.7651	1718.7277
4516	40290.4395	-18390.6060	3518.8322	2108.7651	1719.1015
4517	40299.5998	-18394.6171	3518.8322	2108.7651	1719.4753
4518	40308.7601	-18398.6282	3518.8322	2108.7651	1719.8491
4519	40317.9203	-18402.6393	3518.8322	2108.7651	1720.2229
4520	40327.0806	-18406.6504	3518.8322	2108.7651	1720.5966
4521	40336.2409	-18410.6616	3518.8322	2108.7651	1720.9704
4522	40345.4012	-18414.6727	3518.8322	2108.7651	1721.3442
4523	40354.5615	-18418.6838	3518.8322	2108.7651	1721.7180
4524	40363.7218	-18422.6949	3518.8322	2108.7651	1722.0918
4525	40372.8821	-18426.7060	3518.8322	2108.7651	1722.4656
4526	40382.0424	-18430.7171	3518.8322	2108.7651	1722.8394
4527	40391.2027	-18434.7282	3518.8322	2108.7651	1723.2131
4528	40400.3630	-18438.7393	3518.8322	2108.7651	1723.5869
4529	40409.5233	-18442.7504	3518.8322	2108.7651	1723.9607
4530	40418.6836	-18446.7615	3518.8322	2108.7651	1724.3345
4531	40427.8439	-18450.7727	3518.8322	2108.7651	1724.7083
4532	40437.0042	-18454.7838	3518.8322	2108.7651	1725.0821
4533	40446.1645	-18458.7949	3518.8322	2108.7651	1725.4559
4534	40455.3248	-18462.8060	3518.8322	2108.7651	1725.8296
4535	40464.4851	-18466.8171	3518.8322	2108.7651	1726.2034
4536	40473.6453	-18470.8282	3518.8322	2108.7651	1726.5772
4537	40482.8056	-18474.8393	3518.8322	2108.7651	1726.9510
4538	40491.9659	-18478.8504	3518.8322	2108.7651	1727.3248
4539	40501.1262	-18482.8615	3518.8322	2108.7651	1727.6986
4540	40510.2865	-18486.8727	3518.8322	2108.7651	1728.0723
4541	40519.4468	-18490.8838	3518.8322	2108.7651	1728.4461
4542	40528.6071	-18494.8949	3518.8322	2108.7651	1728.8199
4543	40537.7674	-18498.9060	3518.8322	2108.7651	1729.1937
4544	40546.9277	-18502.9171	3518.8322	2108.7651	1729.5675
4545	40556.0880	-18506.9282	3518.8322	2108.7651	1729.9413
4546	40565.2483	-18510.9393	3518.8322	2108.7651	1730.3151
4547	40574.4086	-18514.9504	3518.8322	2108.7651	1730.6888
4548	40583.5689	-18518.9615	3518.8322	2108.7651	1731.0626
4549	40592.7292	-18522.9727	3518.8322	2108.7651	1731.4364
4550	40601.8895	-18526.9838	3518.8322	2108.7651	1731.8102
4551	40611.0498	-18530.9949	3518.8322	2108.7651	1732.1840
4552	40620.2101	-18535.0060	3518.8322	2108.7651	1732.5578
4553	40629.3704	-18539.0171	3518.8322	2108.7651	1732.9316
4554	40638.5306	-18543.0282	3518.8322	2108.7651	1733.3053
4555	40647.6909	-18547.0393	3518.8322	2108.7651	1733.6791
4556	40656.8512	-18551.0504	3518.8322	2108.7651	1734.0529
4557	40666.0115	-18555.0615	3518.8322	2108.7651	1734.4267
4558	40675.1718	-18559.0727	3518.8322	2108.7651	1734.8005
4559	40684.3321	-18563.0838	3518.8322	2108.7651	1735.1743
4560	40693.4924	-18567.0949	3518.8322	2108.7651	1735.5480
4561	40702.6527	-18571.1060	3518.8322	2108.7651	1735.9218
4562	40711.8130	-18575.1171	3518.8322	2108.7651	1736.2956
4563	40720.9733	-18579.1282	3518.8322	2108.7651	1736.6694
4564	40730.1336	-18583.1393	3518.8322	2108.7651	1737.0432
4565	40739.2939	-18587.1504	3518.8322	2108.7651	1737.4170
4566	40748.4542	-18591.1615	3518.8322	2108.7651	1737.7908
4567	40757.6145	-18595.1727	3518.8322	2108.7651	1738.1645
4568	40766.7748	-18599.1838	3518.8322	2108.7651	1738.5383
4569	40775.9351	-18603.1949	3518.8322	2108.7651	1738.9121
4570	40785.0954	-18607.2060	3518.8322	2108.7651	1739.2859
4571	40794.2556	-18611.2171	3518.8322	2108.7651	1739.6597
4572	40803.4159	-18615.2282	3518.8322	2108.7651	1740.0335
4573	40812.5762	-18619.2393	3518.8322	2108.7651	1740.4073
4574	40821.7365	-18623.2504	3518.8322	2108.7651	1740.7810
4575	40830.8968	-18627.2615	3518.8322	2108.7651	1741.1548
4576	40840.0571	-18631.2726	3518.8322	2108.7651	1741.5286
4577	40849.2174	-18635.2838	3518.8322	2108.7651	1741.9024
4578	40858.3777	-18639.2949	3518.8322	2108.7651	1742.2762
4579	40867.5380	-18643.3060	3518.8322	2108.7651	1742.6500
4580	40876.6983	-18647.3171	3518.8322	2108.7651	1743.0238
4581	40885.8586	-18651.3282	3518.8322	2108.7651	1743.3975
4582	40895.0189	-18655.3393	3518.8322	2108.7651	1743.7713
4583	40904.1792	-18659.3504	3518.8322	2108.7651	1744.1451
4584	40913.3395	-18663.3615	3518.8322	2108.7651	1744.5189
4585	40922.4998	-18667.3726	3518.8322	2108.7651	1744.8927
4586	40931.6601	-18671.3838	3518.8322	2108.7651	1745.2665
4587	40940.8204	-18675.3949	3518.8322	2108.7651	1745.6402
4588	40949.9806	-18679.4060	3518.8322	2108.7651	1746.0140
4589	40959.1409	-18683.4171	3518.8322	2108.7651	1746.3878
4590	40968.3012	-18687.4282	3518.8322	2108.7651	1746.7616
4591	40977.4615	-18691.4393	3518.8322	2108.7651	1747.1354
4592	40986.6218	-18695.4504	3518.8322	2108.7651	1747.5092
4593	40995.7821	-18699.4615	3518.8322	2108.7651	1747.8830
4594	41004.9424	-18703.4726	3518.8322	2108.7651	1748.2567
4595	41014.1027	-18707.4838	3518.8322	2108.7651	1748.6305
4596	41023.2630	-18711.4949	3518.8322	2108.7651	1749.0043
4597	41032.4233	-18715.5060	3518.8322	2108.7651	1749.3781
4598	41041.5836	-18719.5171	3518.8322	2108.7651	1749.7519
4599	41050.7439	-18723.5282	3518.8322	2108.7651	1750.1257
4600	41059.9042	-18727.5393	3518.8322	2108.7651	1750.4995
4601	41069.0645	-18731.5504	3518.8322	2108.7651	1750.8732
4602	41078.2248	-18735.5615	3518.8322	2108.7651	1751.2470
4603	41087.3851	-18739.5726	3518.8322	2108.7651	1751.6208
4604	41096.5454	-18743.5838	3518.8322	2108.7651	1751.9946
4605	41105.7056	-18747.5949	3518.8322	2108.7651	1752.3684
4606	41114.8659	-18751.6060	3518.8322	2108.7651	1752.7422
4607	41124.0262	-18755.6171	3518.8322	2108.7651	1753.1159
4608	41133.1865	-18759.6282	3518.8322	2108.7651	1753.4897
4609	41142.3468	-18763.6393	3518.8322	2108.7651	1753.8635
4610	41151.5071	-18767.6504	3518.8322	2108.7651	1754.2373
4611	41160.6674	-18771.6615	3518.8322	2108.7651	1754.6111
4612	41169.8277	-18775.6726	3518.8322	2108.7651	1754.9849
4613	41178.9880	-18779.6838	3518.8322	2108.7651	1755.3587
4614	41188.1483	-18783.6949	3518.8322	2108.7651	1755.7324
4615	41197.3086	-18787.7060	3518.8322	2108.7651	1756.1062
4616	41206.4689	-18791.7171	3518.8322	2108.7651	1756.4800
4617	41215.6292	-18795.7282	3518.8322	2108.7651	1756.8538
4618	41224.7895	-18799.7393	3518.8322	2108.7651	1757.2276
4619	41233.9498	-18803.7504	3518.8322	2108.7651	1757.6014
4620	41243.1101	-18807.7615	3518.8322	2108.7651	1757.9752
4621	41252.2704	-18811.7726	3518.8322	2108.7651	1758.3489
4622	41261.4306	-18815.7837	3518.8322	2108.7651	1758.7227
4623	41270.5909	-18819.7949	3518.8322	2108.7651	1759.0965
4624	41279.7512	-18823.8060	3518.8322	2108.7651	1759.4703
4625	41288.9115	-18827.8171	3518.8322	2108.7651	1759.8441
4626	41298.0718	-18831.8282	3518.8322	2108.7651	1760.2179
4627	41307.2321	-18835.8393	3518.8322	2108.7651	1760.5916
4628	41316.3924	-18839.8504	3518.8322	2108.7651	1760.9654
4629	41325.5527	-18843.8615	3518.8322	2108.7651	1761.3392
4630	41334.7130	-18847.8726	3518.8322	2108.7651	1761.7130
4631	41343.8733	-18851.8837	3518.8322	2108.7651	1762.0868
4632	41353.0336	-18855.8949	3518.8322	2108.7651	1762.4606
4633	41362.1939	-18859.9060	3518.8322	2108.7651	1762.8344
4634	41371.3542	-18863.9171	3518.8322	2108.7651	1763.2081
4635	41380.5145	-18867.9282	3518.8322	2108.7651	1763.5819
4636	41389.6748	-18871.9393	3518.8322	2108.7651	1763.9557
4637	41398.8351	-18875.9504	3518.8322	2108.7651	1764.3295
4638	41407.9954	-18879.9615	3518.8322	2108.7651	1764.7033
4639	41417.1557	-18883.9726	3518.8322	2108.7651	1765.0771
4640	41426.3159	-18887.9837	3518.8322	2108.7651	1765.4509
4641	41435.4762	-18891.9949	3518.8322	2108.7651	1765.8246
4642	41444.6365	-18896.0060	3518.8322	2108.7651	1766.1984
4643	41453.7968	-18900.0171	3518.8322	2108.7651	1766.5722
4644	41462.9571	-18904.0282	3518.8322	2108.7651	1766.9460
4645	41472.1174	-18908.0393	3518.8322	2108.7651	1767.3198
4646	41481.2777	-18912.0504	3518.8322	2108.7651	1767.6936
4647	41490.4380	-18916.0615	3518.8322	2108.7651	1768.0673
4648	41499.5983	-18920.0726	3518.8322	2108.7651	1768.4411
4649	41508.7586	-18924.0837	3518.8322	2108.7651	1768.8149
4650	41517.9189	-18928.0949	3518.8322	2108.7651	1769.1887
4651	41527.0792	-18932.1060	3518.8322	2108.7651	1769.5625
4652	41536.2395	-18936.1171	3518.8322	2108.7651	1769.9363
4653	41545.3998	-18940.1282	3518.8322	2108.7651	1770.3101
4654	41554.5601	-18944.1393	3518.8322	2108.7651	1770.6838
4655	41563.7204	-18948.1504	3518.8322	2108.7651	1771.0576
4656	41572.8807	-18952.1615	3518.8322	2108.7651	1771.4314
4657	41582.0409	-18956.1726	3518.8322	2108.7651	1771.8052
4658	41591.2012	-18960.1837	3518.8322	2108.7651	1772.1790
4659	41600.3615	-18964.1949	3518.8322	2108.7651	1772.5528
4660	41609.5218	-18968.2060	3518.8322	2108.7651	1772.9266
4661	41618.6821	-18972.2171	3518.8322	2108.7651	1773.3003
4662	41627.8424	-18976.2282	3518.8322	2108.7651	1773.6741
4663	41637.0027	-18980.2393	3518.8322	2108.7651	1774.0479
4664	41646.1630	-18984.2504	3518.8322	2108.7651	1774.4217
4665	41655.3233	-18988.2615	3518.8322	2108.7651	1774.7955
4666	41664.4836	-18992.2726	3518.8322	2108.7651	1775.1693
4667	41673.6439	-18996.2837	3518.8322	2108.7651	1775.5430
4668	41682.8042	-19000.2948	3518.8322	2108.7651	1775.9168
4669	41691.9645	-19004.3060	3518.8322	2108.7651	1776.2906
4670	41701.1248	-19008.3171	3518.8322	2108.7651	1776.6644
4671	41710.2851	-19012.3282	3518.8322	2108.7651	1777.0382
4672	41719.4454	-19016.3393	3518.8322	2108.7651	1777.4120
4673	41728.6057	-19020.3504	3518.8322	2108.7651	1777.7858
4674	41737.7659	-19024.3615	3518.8322	2108.7651	1778.1595
4675	41746.9262	-19028.3726	3518.8322	2108.7651	1778.5333
4676	41756.0865	-19032.3837	3518.8322	2108.7651	1778.9071
4677	41765.2468	-19036.3948	3518.8322	2108.7651	1779.2809
4678	41774.4071	-19040.4060	3518.8322	2108.7651	1779.6547
4679	41783.5674	-19044.4171	3518.8322	2108.7651	1780.0285
4680	41792.7277	-19048.4282	3518.8322	2108.7651	1780.4023
4681	41801.8880	-19052.4393	3518.8322	2108.7651	1780.7760
4682	41811.0483	-19056.4504	3518.8322	2108.7651	1781.1498
4683	41820.2086	-19060.4615	3518.8322	2108.7651	1781.5236
4684	41829.3689	-19064.4726	3518.8322	2108.7651	1781.8974
4685	41838.5292	-19068.4837	3518.8322	2108.7651	1782.2712
4686	41847.6895	-19072.4948	3518.8322	2108.7651	1782.6450
4687	41856.8498	-19076.5060	3518.8322	2108.7651	1783.0187
4688	41866.0101	-19080.5171	3518.8322	2108.7651	1783.3925
4689	41875.1704	-19084.5282	3518.8322	2108.7651	1783.7663
4690	41884.3307	-19088.5393	3518.8322	2108.7651	1784.1401
4691	41893.4909	-19092.5504	3518.8322	2108.7651	1784.5139
4692	41902.6512	-19096.5615	3518.8322	2108.7651	1784.8877
4693	41911.8115	-19100.5726	3518.8322	2108.7651	1785.2615
4694	41920.9718	-19104.5837	3518.8322	2108.7651	1785.6352
4695	41930.1321	-19108.5948	3518.8322	2108.7651	1786.0090
4696	41939.2924	-19112.6060	3518.8322	2108.7651	1786.3828
4697	41948.4527	-19116.6171	3518.8322	2108.7651	1786.7566
4698	41957.6130	-19120.6282	3518.8322	2108.7651	1787.1304
4699	41966.7733	-19124.6393	3518.8322	2108.7651	1787.5042
4700	41975.9336	-19128.6504	3518.8322	2108.7651	1787.8780
4701	41985.0939	-19132.6615	3518.8322	2108.7651	1788.2517
4702	41994.2542	-19136.6726	3518.8322	2108.7651	1788.6255
4703	42003.4145	-19140.6837	3518.8322	2108.7651	1788.9993
4704	42012.5748	-19144.6948	3518.8322	2108.7651	1789.3731
4705	42021.7351	-19148.7060	3518.8322	2108.7651	1789.7469
4706	42030.8954	-19152.7171	3518.8322	2108.7651	1790.1207
4707	42040.0557	-19156.7282	3518.8322	2108.7651	1790.4945
4708	42049.2159	-19160.7393	3518.8322	2108.7651	1790.8682
4709	42058.3762	-19164.7504	3518.8322	2108.7651	1791.2420
4710	42067.5365	-19168.7615	3518.8322	2108.7651	1791.6158
4711	42076.6968	-19172.7726	3518.8322	2108.7651	1791.9896
4712	42085.8571	-19176.7837	3518.8322	2108.7651	1792.3634
4713	42095.0174	-19180.7948	3518.8322	2108.7651	1792.7372
4714	42104.1777	-19184.8059	3518.8322	2108.7651	1793.1109
4715	42113.3380	-19188.8171	3518.8322	2108.7651	1793.4847
4716	42122.4983	-19192.8282	3518.8322	2108.7651	1793.8585
4717	42131.6586	-19196.8393	3518.8322	2108.7651	1794.2323
4718	42140.8189	-19200.8504	3518.8322	2108.7651	1794.6061
4719	42149.9792	-19204.8615	3518.8322	2108.7651	1794.9799
4720	42159.1395	-19208.8726	3518.8322	2108.7651	1795.3537
4721	42168.2998	-19212.8837	3518.8322	2108.7651	1795.7274
4722	42177.4601	-19216.8948	3518.8322	2108.7651	1796.1012
4723	42186.6204	-19220.9059	3518.8322	2108.7651	1796.4750
4724	42195.7807	-19224.9171	3518.8322	2108.7651	1796.8488
4725	42204.9410	-19228.9282	3518.8322	2108.7651	1797.2226
4726	42214.1012	-19232.9393	3518.8322	2108.7651	1797.5964
4727	42223.2615	-19236.9504	3518.8322	2108.7651	1797.9702
4728	42232.4218	-19240.9615	3518.8322	2108.7651	1798.3439
4729	42241.5821	-19244.9726	3518.8322	2108.7651	1798.7177
4730	42250.7424	-19248.9837	3518.8322	2108.7651	1799.0915
4731	42259.9027	-19252.9948	3518.8322	2108.7651	1799.4653
4732	42269.0630	-19257.0059	3518.8322	2108.7651	1799.8391
4733	42278.2233	-19261.0171	3518.8322	2108.7651	1800.2129
4734	42287.3836	-19265.0282	3518.8322	2108.7651	1800.5866
4735	42296.5439	-19269.0393	3518.8322	2108.7651	1800.9604
4736	42305.7042	-19273.0504	3518.8322	2108.7651	1801.3342
4737	42314.8645	-19277.0615	3518.8322	2108.7651	1801.7080
4738	42324.0248	-19281.0726	3518.8322	2108.7651	1802.0818
4739	42333.1851	-19285.0837	3518.8322	2108.7651	1802.4556
4740	42342.3454	-19289.0948	3518.8322	2108.7651	1802.8294
4741	42351.5057	-19293.1059	3518.8322	2108.7651	1803.2031
4742	42360.6660	-19297.1171	3518.8322	2108.7651	1803.5769
4743	42369.8262	-19301.1282	3518.8322	2108.7651	1803.9507
4744	42378.9865	-19305.1393	3518.8322	2108.7651	1804.3245
4745	42388.1468	-19309.1504	3518.8322	2108.7651	1804.6983
4746	42397.3071	-19313.1615	3518.8322	2108.7651	1805.0721
4747	42406.4674	-19317.1726	3518.8322	2108.7651	1805.4459
4748	42415.6277	-19321.1837	3518.8322	2108.7651	1805.8196
4749	42424.7880	-19325.1948	3518.8322	2108.7651	1806.1934
4750	42433.9483	-19329.2059	3518.8322	2108.7651	1806.5672
4751	42443.1086	-19333.2171	3518.8322	2108.7651	1806.9410
4752	42452.2689	-19337.2282	3518.8322	2108.7651	1807.3148
4753	42461.4292	-19341.2393	3518.8322	2108.7651	1807.6886
4754	42470.5895	-19345.2504	3518.8322	2108.7651	1808.0623
4755	42479.7498	-19349.2615	3518.8322	2108.7651	1808.4361
4756	42488.9101	-19353.2726	3518.8322	2108.7651	1808.8099
4757	42498.0704	-19357.2837	3518.8322	2108.7651	1809.1837
4758	42507.2307	-19361.2948	3518.8322	2108.7651	1809.5575
4759	42516.3910	-19365.3059	3518.8322	2108.7651	1809.9313
4760	42525.5512	-19369.3170	3518.8322	2108.7651	1810.3051
4761	42534.7115	-19373.3282	3518.8322	2108.7651	1810.6788
4762	42543.8718	-19377.3393	3518.8322	2108.7651	1811.0526
4763	42553.0321	-19381.3504	3518.8322	2108.7651	1811.4264
4764	42562.1924	-19385.3615	3518.8322	2108.7651	1811.8002
4765	42571.3527	-19389.3726	3518.8322	2108.7651	1812.1740
4766	42580.5130	-19393.3837	3518.8322	2108.7651	1812.5478
4767	42589.6733	-19397.3948	3518.8322	2108.7651	1812.9216
4768	42598.8336	-19401.4059	3518.8322	2108.7651	1813.2953
4769	42607.9939	-19405.4170	3518.8322	2108.7651	1813.6691
4770	42617.1542	-19409.4282	3518.8322	2108.7651	1814.0429
4771	42626.3145	-19413.4393	3518.8322	2108.7651	1814.4167
4772	42635.4748	-19417.4504	3518.8322	2108.7651	1814.7905
4773	42644.6351	-19421.4615	3518.8322	2108.7651	1815.1643
4774	42653.7954	-19425.4726	3518.8322	2108.7651	1815.5380
4775	42662.9557	-19429.4837	3518.8322	2108.7651	1815.9118
4776	42672.1160	-19433.4948	3518.8322	2108.7651	1816.2856
4777	42681.2762	-19437.5059	3518.8322	2108.7651	1816.6594
4778	42690.4365	-19441.5170	3518.8322	2108.7651	1817.0332
4779	42699.5968	-19445.5282	3518.8322	2108.7651	1817.4070
4780	42708.7571	-19449.5393	3518.8322	2108.7651	1817.7808
4781	42717.9174	-19453.5504	3518.8322	2108.7651	1818.1545
4782	42727.0777	-19457.5615	3518.8322	2108.7651	1818.5283
4783	42736.2380	-19461.5726	3518.8322	2108.7651	1818.9021
4784	42745.3983	-19465.5837	3518.8322	2108.7651	1819.2759
4785	42754.5586	-19469.5948	3518.8322	2108.7651	1819.6497
4786	42763.7189	-19473.6059	3518.8322	2108.7651	1820.0235
4787	42772.8792	-19477.6170	3518.8322	2108.7651	1820.3973
4788	42782.0395	-19481.6282	3518.8322	2108.7651	1820.7710
4789	42791.1998	-19485.6393	3518.8322	2108.7651	1821.1448
4790	42800.3601	-19489.6504	3518.8322	2108.7651	1821.5186
4791	42809.5204	-19493.6615	3518.8322	2108.7651	1821.8924
4792	42818.6807	-19497.6726	3518.8322	2108.7651	1822.2662
4793	42827.8410	-19501.6837	3518.8322	2108.7651	1822.6400
4794	42837.0012	-19505.6948	3518.8322	2108.7651	1823.0137
4795	42846.1615	-19509.7059	3518.8322	2108.7651	1823.3875
4796	42855.3218	-19513.7170	3518.8322	2108.7651	1823.7613
4797	42864.4821	-19517.7281	3518.8322	2108.7651	1824.1351
4798	42873.6424	-19521.7393	3518.8322	2108.7651	1824.5089
4799	42882.8027	-19525.7504	3518.8322	2108.7651	1824.8827
4800	42891.9630	-19529.7615	3518.8322	2108.7651	1825.2565
4801	42901.1233	-19533.7726	3518.8322	2108.7651	1825.6302
4802	42910.2836	-19537.7837	3518.8322	2108.7651	1826.0040
4803	42919.4439	-19541.7948	3518.8322	2108.7651	1826.3778
4804	42928.6042	-19545.8059	3518.8322	2108.7651	1826.7516
4805	42937.7645	-19549.8170	3518.8322	2108.7651	1827.1254
4806	42946.9248	-19553.8281	3518.8322	2108.7651	1827.4992
4807	42956.0851	-19557.8393	3518.8322	2108.7651	1827.8730
4808	42965.2454	-19561.8504	3518.8322	2108.7651	1828.2467
4809	42974.4057	-19565.8615	3518.8322	2108.7651	1828.6205
4810	42983.5660	-19569.8726	3518.8322	2108.7651	1828.9943
4811	42992.7263	-19573.8837	3518.8322	2108.7651	1829.3681
4812	43001.8865	-19577.8948	3518.8322	2108.7651	1829.7419
4813	43011.0468	-19581.9059	3518.8322	2108.7651	1830.1157
4814	43020.2071	-19585.9170	3518.8322	2108.7651	1830.4894
4815	43029.3674	-19589.9281	3518.8322	2108.7651	1830.8632
4816	43038.5277	-19593.9393	3518.8322	2108.7651	1831.2370
4817	43047.6880	-19597.9504	3518.8322	2108.7651	1831.6108
4818	43056.8483	-19601.9615	3518.8322	2108.7651	1831.9846
4819	43066.0086	-19605.9726	3518.8322	2108.7651	1832.3584
4820	43075.1689	-19609.9837	3518.8322	2108.7651	1832.7322
4821	43084.3292	-19613.9948	3518.8322	2108.7651	1833.1059
4822	43093.4895	-19618.0059	3518.8322	2108.7651	1833.4797
4823	43102.6498	-19622.0170	3518.8322	2108.7651	1833.8535
4824	43111.8101	-19626.0281	3518.8322	2108.7651	1834.2273
4825	43120.9704	-19630.0393	3518.8322	2108.7651	1834.6011
4826	43130.1307	-19634.0504	3518.8322	2108.7651	1834.9749
4827	43139.2910	-19638.0615	3518.8322	2108.7651	1835.3487
4828	43148.4513	-19642.0726	3518.8322	2108.7651	1835.7224
4829	43157.6115	-19646.0837	3518.8322	2108.7651	1836.0962
4830	43166.7718	-19650.0948	3518.8322	2108.7651	1836.4700
4831	43175.9321	-19654.1059	3518.8322	2108.7651	1836.8438
4832	43185.0924	-19658.1170	3518.8322	2108.7651	1837.2176
4833	43194.2527	-19662.1281	3518.8322	2108.7651	1837.5914
4834	43203.4130	-19666.1393	3518.8322	2108.7651	1837.9652
4835	43212.5733	-19670.1504	3518.8322	2108.7651	1838.3389
4836	43221.7336	-19674.1615	3518.8322	2108.7651	1838.7127
4837	43230.8939	-19678.1726	3518.8322	2108.7651	1839.0865
4838	43240.0542	-19682.1837	3518.8322	2108.7651	1839.4603
4839	43249.2145	-19686.1948	3518.8322	2108.7651	1839.8341
4840	43258.3748	-19690.2059	3518.8322	2108.7651	1840.2079
4841	43267.5351	-19694.2170	3518.8322	2108.7651	1840.5816
4842	43276.6954	-19698.2281	3518.8322	2108.7651	1840.9554
4843	43285.8557	-19702.2392	3518.8322	2108.7651	1841.3292
4844	43295.0160	-19706.2504	3518.8322	2108.7651	1841.7030
4845	43304.1763	-19710.2615	3518.8322	2108.7651	1842.0768
4846	43313.3365	-19714.2726	3518.8322	2108.7651	1842.4506
4847	43322.4968	-19718.2837	3518.8322	2108.7651	1842.8244
4848	43331.6571	-19722.2948	3518.8322	2108.7651	1843.1981
4849	43340.8174	-19726.3059	3518.8322	2108.7651	1843.5719
4850	43349.9777	-19730.3170	3518.8322	2108.7651	1843.9457
4851	43359.1380	-19734.3281	3518.8322	2108.7651	1844.3195
4852	43368.2983	-19738.3392	3518.8322	2108.7651	1844.6933
4853	43377.4586	-19742.3504	3518.8322	2108.7651	1845.0671
4854	43386.6189	-19746.3615	3518.8322	2108.7651	1845.4409
4855	43395.7792	-19750.3726	3518.8322	2108.7651	1845.8146
4856	43404.9395	-19754.3837	3518.8322	2108.7651	1846.1884
4857	43414.0998	-19758.3948	3518.8322	2108.7651	1846.5622
4858	43423.2601	-19762.4059	3518.8322	2108.7651	1846.9360
4859	43432.4204	-19766.4170	3518.8322	2108.7651	1847.3098
4860	43441.5807	-19770.4281	3518.8322	2108.7651	1847.6836
4861	43450.7410	-19774.4392	3518.8322	2108.7651	1848.0573
4862	43459.9013	-19778.4504	3518.8322	2108.7651	1848.4311
4863	43469.0615	-19782.4615	3518.8322	2108.7651	1848.8049
4864	43478.2218	-19786.4726	3518.8322	2108.7651	1849.1787
4865	43487.3821	-19790.4837	3518.8322	2108.7651	1849.5525
4866	43496.5424	-19794.4948	3518.8322	2108.7651	1849.9263
4867	43505.7027	-19798.5059	3518.8322	2108.7651	1850.3001
4868	43514.8630	-19802.5170	3518.8322	2108.7651	1850.6738
4869	43524.0233	-19806.5281	3518.8322	2108.7651	1851.0476
4870	43533.1836	-19810.5392	3518.8322	2108.7651	1851.4214
4871	43542.3439	-19814.5504	3518.8322	2108.7651	1851.7952
4872	43551.5042	-19818.5615	3518.8322	2108.7651	1852.1690
4873	43560.6645	-19822.5726	3518.8322	2108.7651	1852.5428
4874	43569.8248	-19826.5837	3518.8322	2108.7651	1852.9166
4875	43578.9851	-19830.5948	3518.8322	2108.7651	1853.2903
4876	43588.1454	-19834.6059	3518.8322	2108.7651	1853.6641
4877	43597.3057	-19838.6170	3518.8322	2108.7651	1854.0379
4878	43606.4660	-19842.6281	3518.8322	2108.7651	1854.4117
4879	43615.6263	-19846.6392	3518.8322	2108.7651	1854.7855
4880	43624.7866	-19850.6504	3518.8322	2108.7651	1855.1593
4881	43633.9468	-19854.6615	3518.8322	2108.7651	1855.5330
4882	43643.1071	-19858.6726	3518.8322	2108.7651	1855.9068
4883	43652.2674	-19862.6837	3518.8322	2108.7651	1856.2806
4884	43661.4277	-19866.6948	3518.8322	2108.7651	1856.6544
4885	43670.5880	-19870.7059	3518.8322	2108.7651	1857.0282
4886	43679.7483	-19874.7170	3518.8322	2108.7651	1857.4020
4887	43688.9086	-19878.7281	3518.8322	2108.7651	1857.7758
4888	43698.0689	-19882.7392	3518.8322	2108.7651	1858.1495
4889	43707.2292	-19886.7503	3518.8322	2108.7651	1858.5233
4890	43716.3895	-19890.7615	3518.8322	2108.7651	1858.8971
4891	43725.5498	-19894.7726	3518.8322	2108.7651	1859.2709
4892	43734.7101	-19898.7837	3518.8322	2108.7651	1859.6447
4893	43743.8704	-19902.7948	3518.8322	2108.7651	1860.0185
4894	43753.0307	-19906.8059	3518.8322	2108.7651	1860.3923
4895	43762.1910	-19910.8170	3518.8322	2108.7651	1860.7660
4896	43771.3513	-19914.8281	3518.8322	2108.7651	1861.1398
4897	43780.5116	-19918.8392	3518.8322	2108.7651	1861.5136
4898	43789.6718	-19922.8503	3518.8322	2108.7651	1861.8874
4899	43798.8321	-19926.8615	3518.8322	2108.7651	1862.2612
4900	43807.9924	-19930.8726	3518.8322	2108.7651	1862.6350
4901	43817.1527	-19934.8837	3518.8322	2108.7651	1863.0087
4902	43826.3130	-19938.8948	3518.8322	2108.7651	1863.3825
4903	43835.4733	-19942.9059	3518.8322	2108.7651	1863.7563
4904	43844.6336	-19946.9170	3518.8322	2108.7651	1864.1301
4905	43853.7939	-19950.9281	3518.8322	2108.7651	1864.5039
4906	43862.9542	-19954.9392	3518.8322	2108.7651	1864.8777
4907	43872.1145	-19958.9503	3518.8322	2108.7651	1865.2515
4908	43881.2748	-19962.9615	3518.8322	2108.7651	1865.6252
4909	43890.4351	-19966.9726	3518.8322	2108.7651	1865.9990
4910	43899.5954	-19970.9837	3518.8322	2108.7651	1866.3728
4911	43908.7557	-19974.9948	3518.8322	2108.7651	1866.7466
4912	43917.9160	-19979.0059	3518.8322	2108.7651	1867.1204
4913	43927.0763	-19983.0170	3518.8322	2108.7651	1867.4942
4914	43936.2366	-19987.0281	3518.8322	2108.7651	1867.8680
4915	43945.3968	-19991.0392	3518.8322	2108.7651	1868.2417
4916	43954.5571	-19995.0503	3518.8322	2108.7651	1868.6155
4917	43963.7174	-19999.0615	3518.8322	2108.7651	1868.9893
4918	43972.8777	-20003.0726	3518.8322	2108.7651	1869.3631
4919	43982.0380	-20007.0837	3518.8322	2108.7651	1869.7369
4920	43991.1983	-20011.0948	3518.8322	2108.7651	1870.1107
4921	44000.3586	-20015.1059	3518.8322	2108.7651	1870.4844
4922	44009.5189	-20019.1170	3518.8322	2108.7651	1870.8582
4923	44018.6792	-20023.1281	3518.8322	2108.7651	1871.2320
4924	44027.8395	-20027.1392	3518.8322	2108.7651	1871.6058
4925	44036.9998	-20031.1503	3518.8322	2108.7651	1871.9796
4926	44046.1601	-20035.1615	3518.8322	2108.7651	1872.3534
4927	44055.3204	-20039.1726	3518.8322	2108.7651	1872.7272
4928	44064.4807	-20043.1837	3518.8322	2108.7651	1873.1009
4929	44073.6410	-20047.1948	3518.8322	2108.7651	1873.4747
4930	44082.8013	-20051.2059	3518.8322	2108.7651	1873.8485
4931	44091.9616	-20055.2170	3518.8322	2108.7651	1874.2223
4932	44101.1218	-20059.2281	3518.8322	2108.7651	1874.5961
4933	44110.2821	-20063.2392	3518.8322	2108.7651	1874.9699
4934	44119.4424	-20067.2503	3518.8322	2108.7651	1875.3437
4935	44128.6027	-20071.2614	3518.8322	2108.7651	1875.7174
4936	44137.7630	-20075.2726	3518.8322	2108.7651	1876.0912
4937	44146.9233	-20079.2837	3518.8322	2108.7651	1876.4650
4938	44156.0836	-20083.2948	3518.8322	2108.7651	1876.8388
4939	44165.2439	-20087.3059	3518.8322	2108.7651	1877.2126
4940	44174.4042	-20091.3170	3518.8322	2108.7651	1877.5864
4941	44183.5645	-20095.3281	3518.8322	2108.7651	1877.9601
4942	44192.7248	-20099.3392	3518.8322	2108.7651	1878.3339
4943	44201.8851	-20103.3503	3518.8322	2108.7651	1878.7077
4944	44211.0454	-20107.3614	3518.8322	2108.7651	1879.0815
4945	44220.2057	-20111.3726	3518.8322	2108.7651	1879.4553
4946	44229.3660	-20115.3837	3518.8322	2108.7651	1879.8291
4947	44238.5263	-20119.3948	3518.8322	2108.7651	1880.2029
4948	44247.6866	-20123.4059	3518.8322	2108.7651	1880.5766
4949	44256.8468	-20127.4170	3518.8322	2108.7651	1880.9504
4950	44266.0071	-20131.4281	3518.8322	2108.7651	1881.3242
4951	44275.1674	-20135.4392	3518.8322	2108.7651	1881.6980
4952	44284.3277	-20139.4503	3518.8322	2108.7651	1882.0718
4953	44293.4880	-20143.4614	3518.8322	2108.7651	1882.4456
4954	44302.6483	-20147.4726	3518.8322	2108.7651	1882.8194
4955	44311.8086	-20151.4837	3518.8322	2108.7651	1883.1931
4956	44320.9689	-20155.4948	3518.8322	2108.7651	1883.5669
4957	44330.1292	-20159.5059	3518.8322	2108.7651	1883.9407
4958	44339.2895	-20163.5170	3518.8322	2108.7651	1884.3145
4959	44348.4498	-20167.5281	3518.8322	2108.7651	1884.6883
4960	44357.6101	-20171.5392	3518.8322	2108.7651	1885.0621
4961	44366.7704	-20175.5503	3518.8322	2108.7651	1885.4359
4962	44375.9307	-20179.5614	3518.8322	2108.7651	1885.8096
4963	44385.0910	-20183.5726	3518.8322	2108.7651	1886.1834
4964	44394.2513	-20187.5837	3518.8322	2108.7651	1886.5572
4965	44403.4116	-20191.5948	3518.8322	2108.7651	1886.9310
4966	44412.5719	-20195.6059	3518.8322	2108.7651	1887.3048
4967	44421.7321	-20199.6170	3518.8322	2108.7651	1887.6786
4968	44430.8924	-20203.6281	3518.8322	2108.7651	1888.0523
4969	44440.0527	-20207.6392	3518.8322	2108.7651	1888.4261
4970	44449.2130	-20211.6503	3518.8322	2108.7651	1888.7999
4971	44458.3733	-20215.6614	3518.8322	2108.7651	1889.1737
4972	44467.5336	-20219.6726	3518.8322	2108.7651	1889.5475
4973	44476.6939	-20223.6837	3518.8322	2108.7651	1889.9213
4974	44485.8542	-20227.6948	3518.8322	2108.7651	1890.2951
4975	44495.0145	-20231.7059	3518.8322	2108.7651	1890.6688
4976	44504.1748	-20235.7170	3518.8322	2108.7651	1891.0426
4977	44513.3351	-20239.7281	3518.8322	2108.7651	1891.4164
4978	44522.4954	-20243.7392	3518.8322	2108.7651	1891.7902
4979	44531.6557	-20247.7503	3518.8322	2108.7651	1892.1640
4980	44540.8160	-20251.7614	3518.8322	2108.7651	1892.5378
4981	44549.9763	-20255.7725	3518.8322	2108.7651	1892.9116
4982	44559.1366	-20259.7837	3518.8322	2108.7651	1893.2853
4983	44568.2969	-20263.7948	3518.8322	2108.7651	1893.6591
4984	44577.4571	-20267.8059	3518.8322	2108.7651	1894.0329
4985	44586.6174	-20271.8170	3518.8322	2108.7651	1894.4067
4986	44595.7777	-20275.8281	3518.8322	2108.7651	1894.7805
4987	44604.9380	-20279.8392	3518.8322	2108.7651	1895.1543
4988	44614.0983	-20283.8503	3518.8322	2108.7651	1895.5280
4989	44623.2586	-20287.8614	3518.8322	2108.7651	1895.9018
4990	44632.4189	-20291.8725	3518.8322	2108.7651	1896.2756
4991	44641.5792	-20295.8837	3518.8322	2108.7651	1896.6494
4992	44650.7395	-20299.8948	3518.8322	2108.7651	1897.0232
4993	44659.8998	-20303.9059	3518.8322	2108.7651	1897.3970
4994	44669.0601	-20307.9170	3518.8322	2108.7651	1897.7708
4995	44678.2204	-20311.9281	3518.8322	2108.7651	1898.1445
4996	44687.3807	-20315.9392	3518.8322	2108.7651	1898.5183
4997	44696.5410	-20319.9503	3518.8322	2108.7651	1898.8921
4998	44705.7013	-20323.9614	3518.8322	2108.7651	1899.2659
4999	44714.8616	-20327.9725	3518.8322	2108.7651	1899.6397
5000	44724.0219	-20331.9837	3518.8322	2108.7651	1900.0135
5001	44733.1821	-20335.9948	3518.8322	2108.7651	1900.3873
5002	44742.3424	-20340.0059	3518.8322	2108.7651	1900.7610
5003	44751.5027	-20344.0170	3518.8322	2108.7651	1901.1348
5004	44760.6630	-20348.0281	3518.8322	2108.7651	1901.5086
5005	44769.8233	-20352.0392	3518.8322	2108.7651	1901.8824
5006	44778.9836	-20356.0503	3518.8322	2108.7651	1902.2562
5007	44788.1439	-20360.0614	3518.8322	2108.7651	1902.6300
5008	44797.3042	-20364.0725	3518.8322	2108.7651	1903.0037
5009	44806.4645	-20368.0837	3518.8322	2108.7651	1903.3775
5010	44815.6248	-20372.0948	3518.8322	2108.7651	1903.7513
5011	44824.7851	-20376.1059	3518.8322	2108.7651	1904.1251
5012	44833.9454	-20380.1170	3518.8322	2108.7651	1904.4989
5013	44843.1057	-20384.1281	3518.8322	2108.7651	1904.8727
5014	44852.2660	-20388.1392	3518.8322	2108.7651	1905.2465
5015	44861.4263	-20392.1503	3518.8322	2108.7651	1905.6202
5016	44870.5866	-20396.1614	3518.8322	2108.7651	1905.9940
5017	44879.7469	-20400.1725	3518.8322	2108.7651	1906.3678
5018	44888.9071	-20404.1837	3518.8322	2108.7651	1906.7416
5019	44898.0674	-20408.1948	3518.8322	2108.7651	1907.1154
5020	44907.2277	-20412.2059	3518.8322	2108.7651	1907.4892
5021	44916.3880	-20416.2170	3518.8322	2108.7651	1907.8630
5022	44925.5483	-20420.2281	3518.8322	2108.7651	1908.2367
5023	44934.7086	-20424.2392	3518.8322	2108.7651	1908.6105
5024	44943.8689	-20428.2503	3518.8322	2108.7651	1908.9843
5025	44953.0292	-20432.2614	3518.8322	2108.7651	1909.3581
5026	44962.1895	-20436.2725	3518.8322	2108.7651	1909.7319
5027	44971.3498	-20440.2836	3518.8322	2108.7651	1910.1057
5028	44980.5101	-20444.2948	3518.8322	2108.7651	1910.4794
5029	44989.6704	-20448.3059	3518.8322	2108.7651	1910.8532
5030	44998.8307	-20452.3170	3518.8322	2108.7651	1911.2270
5031	45007.9910	-20456.3281	3518.8322	2108.7651	1911.6008
5032	45017.1513	-20460.3392	3518.8322	2108.7651	1911.9746
5033	45026.3116	-20464.3503	3518.8322	2108.7651	1912.3484
5034	45035.4719	-20468.3614	3518.8322	2108.7651	1912.7222
5035	45044.6321	-20472.3725	3518.8322	2108.7651	1913.0959
5036	45053.7924	-20476.3836	3518.8322	2108.7651	1913.4697
5037	45062.9527	-20480.3948	3518.8322	2108.7651	1913.8435
5038	45072.1130	-20484.4059	3518.8322	2108.7651	1914.2173
5039	45081.2733	-20488.4170	3518.8322	2108.7651	1914.5911
5040	45090.4336	-20492.4281	3518.8322	2108.7651	1914.9649
5041	45099.5939	-20496.4392	3518.8322	2108.7651	1915.3387
5042	45108.7542	-20500.4503	3518.8322	2108.7651	1915.7124
5043	45117.9145	-20504.4614	3518.8322	2108.7651	1916.0862
5044	45127.0748	-20508.4725	3518.8322	2108.7651	1916.4600
5045	45136.2351	-20512.4836	3518.8322	2108.7651	1916.8338
5046	45145.3954	-20516.4948	3518.8322	2108.7651	1917.2076
5047	45154.5557	-20520.5059	3518.8322	2108.7651	1917.5814
5048	45163.7160	-20524.5170	3518.8322	2108.7651	1917.9551
5049	45172.8763	-20528.5281	3518.8322	2108.7651	1918.3289
5050	45182.0366	-20532.5392	3518.8322	2108.7651	1918.7027
5051	45191.1969	-20536.5503	3518.8322	2108.7651	1919.0765
5052	45200.3572	-20540.5614	3518.8322	2108.7651	1919.4503
5053	45209.5174	-20544.5725	3518.8322	2108.7651	1919.8241
5054	45218.6777	-20548.5836	3518.8322	2108.7651	1920.1979
5055	45227.8380	-20552.5948	3518.8322	2108.7651	1920.5716
5056	45236.9983	-20556.6059	3518.8322	2108.7651	1920.9454
5057	45246.1586	-20560.6170	3518.8322	2108.7651	1921.3192
5058	45255.3189	-20564.6281	3518.8322	2108.7651	1921.6930
5059	45264.4792	-20568.6392	3518.8322	2108.7651	1922.0668
5060	45273.6395	-20572.6503	3518.8322	2108.7651	1922.4406
5061	45282.7998	-20576.6614	3518.8322	2108.7651	1922.8144
5062	45291.9601	-20580.6725	3518.8322	2108.7651	1923.1881
5063	45301.1204	-20584.6836	3518.8322	2108.7651	1923.5619
5064	45310.2807	-20588.6947	3518.8322	2108.7651	1923.9357
5065	45319.4410	-20592.7059	3518.8322	2108.7651	1924.3095
5066	45328.6013	-20596.7170	3518.8322	2108.7651	1924.6833
5067	45337.7616	-20600.7281	3518.8322	2108.7651	1925.0571
5068	45346.9219	-20604.7392	3518.8322	2108.7651	1925.4308
5069	45356.0822	-20608.7503	3518.8322	2108.7651	1925.8046
5070	45365.2424	-20612.7614	3518.8322	2108.7651	1926.1784
5071	45374.4027	-20616.7725	3518.8322	2108.7651	1926.5522
5072	45383.5630	-20620.7836	3518.8322	2108.7651	1926.9260
5073	45392.7233	-20624.7947	3518.8322	2108.7651	1927.2998
5074	45401.8836	-20628.8059	3518.8322	2108.7651	1927.6736
5075	45411.0439	-20632.8170	3518.8322	2108.7651	1928.0473
5076	45420.2042	-20636.8281	3518.8322	2108.7651	1928.4211
5077	45429.3645	-20640.8392	3518.8322	2108.7651	1928.7949
5078	45438.5248	-20644.8503	3518.8322	2108.7651	1929.1687
5079	45447.6851	-20648.8614	3518.8322	2108.7651	1929.5425
5080	45456.8454	-20652.8725	3518.8322	2108.7651	1929.9163
5081	45466.0057	-20656.8836	3518.8322	2108.7651	1930.2901
5082	45475.1660	-20660.8947	3518.8322	2108.7651	1930.6638
5083	45484.3263	-20664.9059	3518.8322	2108.7651	1931.0376
5084	45493.4866	-20668.9170	3518.8322	2108.7651	1931.4114
5085	45502.6469	-20672.9281	3518.8322	2108.7651	1931.7852
5086	45511.8072	-20676.9392	3518.8322	2108.7651	1932.1590
5087	45520.9674	-20680.9503	3518.8322	2108.7651	1932.5328
5088	45530.1277	-20684.9614	3518.8322	2108.7651	1932.9066
5089	45539.2880	-20688.9725	3518.8322	2108.7651	1933.2803
5090	45548.4483	-20692.9836	3518.8322	2108.7651	1933.6541
5091	45557.6086	-20696.9947	3518.8322	2108.7651	1934.0279
5092	45566.7689	-20701.0059	3518.8322	2108.7651	1934.4017
5093	45575.9292	-20705.0170	3518.8322	2108.7651	1934.7755
5094	45585.0895	-20709.0281	3518.8322	2108.7651	1935.1493
5095	45594.2498	-20713.0392	3518.8322	2108.7651	1935.5230
5096	45603.4101	-20717.0503	3518.8322	2108.7651	1935.8968
5097	45612.5704	-20721.0614	3518.8322	2108.7651	1936.2706
5098	45621.7307	-20725.0725	3518.8322	2108.7651	1936.6444
5099	45630.8910	-20729.0836	3518.8322	2108.7651	1937.0182
5100	45640.0513	-20733.0947	3518.8322	2108.7651	1937.3920
5101	45649.2116	-20737.1059	3518.8322	2108.7651	1937.7658
5102	45658.3719	-20741.1170	3518.8322	2108.7651	1938.1395
5103	45667.5322	-20745.1281	3518.8322	2108.7651	1938.5133
5104	45676.6924	-20749.1392	3518.8322	2108.7651	1938.8871
5105	45685.8527	-20753.1503	3518.8322	2108.7651	1939.2609
5106	45695.0130	-20757.1614	3518.8322	2108.7651	1939.6347
5107	45704.1733	-20761.1725	3518.8322	2108.7651	1940.0085
5108	45713.3336	-20765.1836	3518.8322	2108.7651	1940.3823
5109	45722.4939	-20769.1947	3518.8322	2108.7651	1940.7560
5110	45731.6542	-20773.2058	3518.8322	2108.7651	1941.1298
5111	45740.8145	-20777.2170	3518.8322	2108.7651	1941.5036
5112	45749.9748	-20781.2281	3518.8322	2108.7651	1941.8774
5113	45759.1351	-20785.2392	3518.8322	2108.7651	1942.2512
5114	45768.2954	-20789.2503	3518.8322	2108.7651	1942.6250
5115	45777.4557	-20793.2614	3518.8322	2108.7651	1942.9987
5116	45786.6160	-20797.2725	3518.8322	2108.7651	1943.3725
5117	45795.7763	-20801.2836	3518.8322	2108.7651	1943.7463
5118	45804.9366	-20805.2947	3518.8322	2108.7651	1944.1201
5119	45814.0969	-20809.3058	3518.8322	2108.7651	1944.4939
5120	45823.2572	-20813.3170	3518.8322	2108.7651	1944.8677
5121	45832.4175	-20817.3281	3518.8322	2108.7651	1945.2415
5122	45841.5777	-20821.3392	3518.8322	2108.7651	1945.6152
5123	45850.7380	-20825.3503	3518.8322	2108.7651	1945.9890
5124	45859.8983	-20829.3614	3518.8322	2108.7651	1946.3628
5125	45869.0586	-20833.3725	3518.8322	2108.7651	1946.7366
5126	45878.2189	-20837.3836	3518.8322	2108.7651	1947.1104
5127	45887.3792	-20841.3947	3518.8322	2108.7651	1947.4842
5128	45896.5395	-20845.4058	3518.8322	2108.7651	1947.8580
5129	45905.6998	-20849.4170	3518.8322	2108.7651	1948.2317
5130	45914.8601	-20853.4281	3518.8322	2108.7651	1948.6055
5131	45924.0204	-20857.4392	3518.8322	2108.7651	1948.9793
5132	45933.1807	-20861.4503	3518.8322	2108.7651	1949.3531
5133	45942.3410	-20865.4614	3518.8322	2108.7651	1949.7269
5134	45951.5013	-20869.4725	3518.8322	2108.7651	1950.1007
5135	45960.6616	-20873.4836	3518.8322	2108.7651	1950.4744
5136	45969.8219	-20877.4947	3518.8322	2108.7651	1950.8482
5137	45978.9822	-20881.5058	3518.8322	2108.7651	1951.2220
5138	45988.1425	-20885.5170	3518.8322	2108.7651	1951.5958
5139	45997.3027	-20889.5281	3518.8322	2108.7651	1951.9696
5140	46006.4630	-20893.5392	3518.8322	2108.7651	1952.3434
5141	46015.6233	-20897.5503	3518.8322	2108.7651	1952.7172
5142	46024.7836	-20901.5614	3518.8322	2108.7651	1953.0909
5143	46033.9439	-20905.5725	3518.8322	2108.7651	1953.4647
5144	46043.1042	-20909.5836	3518.8322	2108.7651	1953.8385
5145	46052.2645	-20913.5947	3518.8322	2108.7651	1954.2123
5146	46061.4248	-20917.6058	3518.8322	2108.7651	1954.5861
5147	46070.5851	-20921.6170	3518.8322	2108.7651	1954.9599
5148	46079.7454	-20925.6281	3518.8322	2108.7651	1955.3337
5149	46088.9057	-20929.6392	3518.8322	2108.7651	1955.7074
5150	46098.0660	-20933.6503	3518.8322	2108.7651	1956.0812
5151	46107.2263	-20937.6614	3518.8322	2108.7651	1956.4550
5152	46116.3866	-20941.6725	3518.8322	2108.7651	1956.8288
5153	46125.5469	-20945.6836	3518.8322	2108.7651	1957.2026
5154	46134.7072	-20949.6947	3518.8322	2108.7651	1957.5764
5155	46143.8675	-20953.7058	3518.8322	2108.7651	1957.9501
5156	46153.0277	-20957.7169	3518.8322	2108.7651	1958.3239
5157	46162.1880	-20961.7281	3518.8322	2108.7651	1958.6977
5158	46171.3483	-20965.7392	3518.8322	2108.7651	1959.0715
5159	46180.5086	-20969.7503	3518.8322	2108.7651	1959.4453
5160	46189.6689	-20973.7614	3518.8322	2108.7651	1959.8191
5161	46198.8292	-20977.7725	3518.8322	2108.7651	1960.1929
5162	46207.9895	-20981.7836	3518.8322	2108.7651	1960.5666
5163	46217.1498	-20985.7947	3518.8322	2108.7651	1960.9404
5164	46226.3101	-20989.8058	3518.8322	2108.7651	1961.3142
5165	46235.4704	-20993.8169	3518.8322	2108.7651	1961.6880
5166	46244.6307	-20997.8281	3518.8322	2108.7651	1962.0618
5167	46253.7910	-21001.8392	3518.8322	2108.7651	1962.4356
5168	46262.9513	-21005.8503	3518.8322	2108.7651	1962.8094
5169	46272.1116	-21009.8614	3518.8322	2108.7651	1963.1831
5170	46281.2719	-21013.8725	3518.8322	2108.7651	1963.5569
5171	46290.4322	-21017.8836	3518.8322	2108.7651	1963.9307
5172	46299.5925	-21021.8947	3518.8322	2108.7651	1964.3045
5173	46308.7527	-21025.9058	3518.8322	2108.7651	1964.6783
5174	46317.9130	-21029.9169	3518.8322	2108.7651	1965.0521
5175	46327.0733	-21033.9281	3518.8322	2108.7651	1965.4258
5176	46336.2336	-21037.9392	3518.8322	2108.7651	1965.7996
5177	46345.3939	-21041.9503	3518.8322	2108.7651	1966.1734
5178	46354.5542	-21045.9614	3518.8322	2108.7651	1966.5472
5179	46363.7145	-21049.9725	3518.8322	2108.7651	1966.9210
5180	46372.8748	-21053.9836	3518.8322	2108.7651	1967.2948
5181	46382.0351	-21057.9947	3518.8322	2108.7651	1967.6686
5182	46391.1954	-21062.0058	3518.8322	2108.7651	1968.0423
5183	46400.3557	-21066.0169	3518.8322	2108.7651	1968.4161
5184	46409.5160	-21070.0281	3518.8322	2108.7651	1968.7899
5185	46418.6763	-21074.0392	3518.8322	2108.7651	1969.1637
5186	46427.8366	-21078.0503	3518.8322	2108.7651	1969.5375
5187	46436.9969	-21082.0614	3518.8322	2108.7651	1969.9113
5188	46446.1572	-21086.0725	3518.8322	2108.7651	1970.2851
5189	46455.3175	-21090.0836	3518.8322	2108.7651	1970.6588
5190	46464.4777	-21094.0947	3518.8322	2108.7651	1971.0326
5191	46473.6380	-21098.1058	3518.8322	2108.7651	1971.4064
5192	46482.7983	-21102.1169	3518.8322	2108.7651	1971.7802
5193	46491.9586	-21106.1281	3518.8322	2108.7651	1972.1540
5194	46501.1189	-21110.1392	3518.8322	2108.7651	1972.5278
5195	46510.2792	-21114.1503	3518.8322	2108.7651	1972.9015
5196	46519.4395	-21118.1614	3518.8322	2108.7651	1973.2753
5197	46528.5998	-21122.1725	3518.8322	2108.7651	1973.6491
5198	46537.7601	-21126.1836	3518.8322	2108.7651	1974.0229
5199	46546.9204	-21130.1947	3518.8322	2108.7651	1974.3967
5200	46556.0807	-21134.2058	3518.8322	2108.7651	1974.7705
5201	46565.2410	-21138.2169	3518.8322	2108.7651	1975.1443
5202	46574.4013	-21142.2280	3518.8322	2108.7651	1975.5180
5203	46583.5616	-21146.2392	3518.8322	2108.7651	1975.8918
5204	46592.7219	-21150.2503	3518.8322	2108.7651	1976.2656
5205	46601.8822	-21154.2614	3518.8322	2108.7651	1976.6394
5206	46611.0425	-21158.2725	3518.8322	2108.7651	1977.0132
5207	46620.2028	-21162.2836	3518.8322	2108.7651	1977.3870
5208	46629.3630	-21166.2947	3518.8322	2108.7651	1977.7608
5209	46638.5233	-21170.3058	3518.8322	2108.7651	1978.1345
5210	46647.6836	-21174.3169	3518.8322	2108.7651	1978.5083
5211	46656.8439	-21178.3280	3518.8322	2108.7651	1978.8821
5212	46666.0042	-21182.3392	3518.8322	2108.7651	1979.2559
5213	46675.1645	-21186.3503	3518.8322	2108.7651	1979.6297
5214	46684.3248	-21190.3614	3518.8322	2108.7651	1980.0035
5215	46693.4851	-21194.3725	3518.8322	2108.7651	1980.3773
5216	46702.6454	-21198.3836	3518.8322	2108.7651	1980.7510
5217	46711.8057	-21202.3947	3518.8322	2108.7651	1981.1248
5218	46720.9660	-21206.4058	3518.8322	2108.7651	1981.4986
5219	46730.1263	-21210.4169	3518.8322	2108.7651	1981.8724
5220	46739.2866	-21214.4280	3518.8322	2108.7651	1982.2462
5221	46748.4469	-21218.4392	3518.8322	2108.7651	1982.6200
5222	46757.6072	-21222.4503	3518.8322	2108.7651	1982.9937
5223	46766.7675	-21226.4614	3518.8322	2108.7651	1983.3675
5224	46775.9278	-21230.4725	3518.8322	2108.7651	1983.7413
5225	46785.0880	-21234.4836	3518.8322	2108.7651	1984.1151
5226	46794.2483	-21238.4947	3518.8322	2108.7651	1984.4889
5227	46803.4086	-21242.5058	3518.8322	2108.7651	1984.8627
5228	46812.5689	-21246.5169	3518.8322	2108.7651	1985.2365
5229	46821.7292	-21250.5280	3518.8322	2108.7651	1985.6102
5230	46830.8895	-21254.5392	3518.8322	2108.7651	1985.9840
5231	46840.0498	-21258.5503	3518.8322	2108.7651	1986.3578
5232	46849.2101	-21262.5614	3518.8322	2108.7651	1986.7316
5233	46858.3704	-21266.5725	3518.8322	2108.7651	1987.1054
5234	46867.5307	-21270.5836	3518.8322	2108.7651	1987.4792
5235	46876.6910	-21274.5947	3518.8322	2108.7651	1987.8530
5236	46885.8513	-21278.6058	3518.8322	2108.7651	1988.2267
5237	46895.0116	-21282.6169	3518.8322	2108.7651	1988.6005
5238	46904.1719	-21286.6280	3518.8322	2108.7651	1988.9743
5239	46913.3322	-21290.6392	3518.8322	2108.7651	1989.3481
5240	46922.4925	-21294.6503	3518.8322	2108.7651	1989.7219
5241	46931.6528	-21298.6614	3518.8322	2108.7651	1990.0957
5242	46940.8130	-21302.6725	3518.8322	2108.7651	1990.4694
5243	46949.9733	-21306.6836	3518.8322	2108.7651	1990.8432
5244	46959.1336	-21310.6947	3518.8322	2108.7651	1991.2170
5245	46968.2939	-21314.7058	3518.8322	2108.7651	1991.5908
5246	46977.4542	-21318.7169	3518.8322	2108.7651	1991.9646
5247	46986.6145	-21322.7280	3518.8322	2108.7651	1992.3384
5248	46995.7748	-21326.7391	3518.8322	2108.7651	1992.7122
5249	47004.9351	-21330.7503	3518.8322	2108.7651	1993.0859
5250	47014.0954	-21334.7614	3518.8322	2108.7651	1993.4597
5251	47023.2557	-21338.7725	3518.8322	2108.7651	1993.8335
5252	47032.4160	-21342.7836	3518.8322	2108.7651	1994.2073
5253	47041.5763	-21346.7947	3518.8322	2108.7651	1994.5811
5254	47050.7366	-21350.8058	3518.8322	2108.7651	1994.9549
5255	47059.8969	-21354.8169	3518.8322	2108.7651	1995.3287
5256	47069.0572	-21358.8280	3518.8322	2108.7651	1995.7024
5257	47078.2175	-21362.8391	3518.8322	2108.7651	1996.0762
5258	47087.3778	-21366.8503	3518.8322	2108.7651	1996.4500
5259	47096.5380	-21370.8614	3518.8322	2108.7651	1996.8238
5260	47105.6983	-21374.8725	3518.8322	2108.7651	1997.1976
5261	47114.8586	-21378.8836	3518.8322	2108.7651	1997.5714
5262	47124.0189	-21382.8947	3518.8322	2108.7651	1997.9451
5263	47133.1792	-21386.9058	3518.8322	2108.7651	1998.3189
5264	47142.3395	-21390.9169	3518.8322	2108.7651	1998.6927
5265	47151.4998	-21394.9280	3518.8322	2108.7651	1999.0665
5266	47160.6601	-21398.9391	3518.8322	2108.7651	1999.4403
5267	47169.8204	-21402.9503	3518.8322	2108.7651	1999.8141
5268	47178.9807	-21406.9614	3518.8322	2108.7651	2000.1879
5269	47188.1410	-21410.9725	3518.8322	2108.7651	2000.5616
5270	47197.3013	-21414.9836	3518.8322	2108.7651	2000.9354
5271	47206.4616	-21418.9947	3518.8322	2108.7651	2001.3092
5272	47215.6219	-21423.0058	3518.8322	2108.7651	2001.6830
5273	47224.7822	-21427.0169	3518.8322	2108.7651	2002.0568
5274	47233.9425	-21431.0280	3518.8322	2108.7651	2002.4306
5275	47243.1028	-21435.0391	3518.8322	2108.7651	2002.8044
5276	47252.2630	-21439.0503	3518.8322	2108.7651	2003.1781
5277	47261.4233	-21443.0614	3518.8322	2108.7651	2003.5519
5278	47270.5836	-21447.0725	3518.8322	2108.7651	2003.9257
5279	47279.7439	-21451.0836	3518.8322	2108.7651	2004.2995
5280	47288.9042	-21455.0947	3518.8322	2108.7651	2004.6733
5281	47298.0645	-21459.1058	3518.8322	2108.7651	2005.0471
5282	47307.2248	-21463.1169	3518.8322	2108.7651	2005.4208
5283	47316.3851	-21467.1280	3518.8322	2108.7651	2005.7946
5284	47325.5454	-21471.1391	3518.8322	2108.7651	2006.1684
5285	47334.7057	-21475.1503	3518.8322	2108.7651	2006.5422
5286	47343.8660	-21479.1614	3518.8322	2108.7651	2006.9160
5287	47353.0263	-21483.1725	3518.8322	2108.7651	2007.2898
5288	47362.1866	-21487.1836	3518.8322	2108.7651	2007.6636
5289	47371.3469	-21491.1947	3518.8322	2108.7651	2008.0373
5290	47380.5072	-21495.2058	3518.8322	2108.7651	2008.4111
5291	47389.6675	-21499.2169	3518.8322	2108.7651	2008.7849
5292	47398.8278	-21503.2280	3518.8322	2108.7651	2009.1587
5293	47407.9881	-21507.2391	3518.8322	2108.7651	2009.5325
5294	47417.1483	-21511.2502	3518.8322	2108.7651	2009.9063
5295	47426.3086	-21515.2614	3518.8322	2108.7651	2010.2801
5296	47435.4689	-21519.2725	3518.8322	2108.7651	2010.6538
5297	47444.6292	-21523.2836	3518.8322	2108.7651	2011.0276
5298	47453.7895	-21527.2947	3518.8322	2108.7651	2011.4014
5299	47462.9498	-21531.3058	3518.8322	2108.7651	2011.7752
5300	47472.1101	-21535.3169	3518.8322	2108.7651	2012.1490
5301	47481.2704	-21539.3280	3518.8322	2108.7651	2012.5228
5302	47490.4307	-21543.3391	3518.8322	2108.7651	2012.8965
5303	47499.5910	-21547.3502	3518.8322	2108.7651	2013.2703
5304	47508.7513	-21551.3614	3518.8322	2108.7651	2013.6441
5305	47517.9116	-21555.3725	3518.8322	2108.7651	2014.0179
5306	47527.0719	-21559.3836	3518.8322	2108.7651	2014.3917
5307	47536.2322	-21563.3947	3518.8322	2108.7651	2014.7655
5308	47545.3925	-21567.4058	3518.8322	2108.7651	2015.1393
5309	47554.5528	-21571.4169	3518.8322	2108.7651	2015.5130
5310	47563.7131	-21575.4280	3518.8322	2108.7651	2015.8868
5311	47572.8733	-21579.4391	3518.8322	2108.7651	2016.2606
5312	47582.0336	-21583.4502	3518.8322	2108.7651	2016.6344
5313	47591.1939	-21587.4614	3518.8322	2108.7651	2017.0082
5314	47600.3542	-21591.4725	3518.8322	2108.7651	2017.3820
5315	47609.5145	-21595.4836	3518.8322	2108.7651	2017.7558
5316	47618.6748	-21599.4947	3518.8322	2108.7651	2018.1295
5317	47627.8351	-21603.5058	3518.8322	2108.7651	2018.5033
5318	47636.9954	-21607.5169	3518.8322	2108.7651	2018.8771
5319	47646.1557	-21611.5280	3518.8322	2108.7651	2019.2509
5320	47655.3160	-21615.5391	3518.8322	2108.7651	2019.6247
5321	47664.4763	-21619.5502	3518.8322	2108.7651	2019.9985
5322	47673.6366	-21623.5614	3518.8322	2108.7651	2020.3722
5323	47682.7969	-21627.5725	3518.8322	2108.7651	2020.7460
5324	47691.9572	-21631.5836	3518.8322	2108.7651	2021.1198
5325	47701.1175	-21635.5947	3518.8322	2108.7651	2021.4936
5326	47710.2778	-21639.6058	3518.8322	2108.7651	2021.8674
5327	47719.4381	-21643.6169	3518.8322	2108.7651	2022.2412
5328	47728.5983	-21647.6280	3518.8322	2108.7651	2022.6150
5329	47737.7586	-21651.6391	3518.8322	2108.7651	2022.9887
5330	47746.9189	-21655.6502	3518.8322	2108.7651	2023.3625
5331	47756.0792	-21659.6613	3518.8322	2108.7651	2023.7363
5332	47765.2395	-21663.6725	3518.8322	2108.7651	2024.1101
5333	47774.3998	-21667.6836	3518.8322	2108.7651	2024.4839
5334	47783.5601	-21671.6947	3518.8322	2108.7651	2024.8577
5335	47792.7204	-21675.7058	3518.8322	2108.7651	2025.2315
5336	47801.8807	-21679.7169	3518.8322	2108.7651	2025.6052
5337	47811.0410	-21683.7280	3518.8322	2108.7651	2025.9790
5338	47820.2013	-21687.7391	3518.8322	2108.7651	2026.3528
5339	47829.3616	-21691.7502	3518.8322	2108.7651	2026.7266
5340	47838.5219	-21695.7613	3518.8322	2108.7651	2027.1004
5341	47847.6822	-21699.7725	3518.8322	2108.7651	2027.4742
5342	47856.8425	-21703.7836	3518.8322	2108.7651	2027.8480
5343	47866.0028	-21707.7947	3518.8322	2108.7651	2028.2217
5344	47875.1631	-21711.8058	3518.8322	2108.7651	2028.5955
5345	47884.3233	-21715.8169	3518.8322	2108.7651	2028.9693
5346	47893.4836	-21719.8280	3518.8322	2108.7651	2029.3431
5347	47902.6439	-21723.8391	3518.8322	2108.7651	2029.7169
5348	47911.8042	-21727.8502	3518.8322	2108.7651	2030.0907
5349	47920.9645	-21731.8613	3518.8322	2108.7651	2030.4644
5350	47930.1248	-21735.8725	3518.8322	2108.7651	2030.8382
5351	47939.2851	-21739.8836	3518.8322	2108.7651	2031.2120
5352	47948.4454	-21743.8947	3518.8322	2108.7651	2031.5858
5353	47957.6057	-21747.9058	3518.8322	2108.7651	2031.9596
5354	47966.7660	-21751.9169	3518.8322	2108.7651	2032.3334
5355	47975.9263	-21755.9280	3518.8322	2108.7651	2032.7072
5356	47985.0866	-21759.9391	3518.8322	2108.7651	2033.0809
5357	47994.2469	-21763.9502	3518.8322	2108.7651	2033.4547
5358	48003.4072	-21767.9613	3518.8322	2108.7651	2033.8285
5359	48012.5675	-21771.9725	3518.8322	2108.7651	2034.2023
5360	48021.7278	-21775.9836	3518.8322	2108.7651	2034.5761
5361	48030.8881	-21779.9947	3518.8322	2108.7651	2034.9499
5362	48040.0484	-21784.0058	3518.8322	2108.7651	2035.3237
5363	48049.2086	-21788.0169	3518.8322	2108.7651	2035.6974
5364	48058.3689	-21792.0280	3518.8322	2108.7651	2036.0712
5365	48067.5292	-21796.0391	3518.8322	2108.7651	2036.4450
5366	48076.6895	-21800.0502	3518.8322	2108.7651	2036.8188
5367	48085.8498	-21804.0613	3518.8322	2108.7651	2037.1926
5368	48095.0101	-21808.0725	3518.8322	2108.7651	2037.5664
5369	48104.1704	-21812.0836	3518.8322	2108.7651	2037.9401
5370	48113.3307	-21816.0947	3518.8322	2108.7651	2038.3139
5371	48122.4910	-21820.1058	3518.8322	2108.7651	2038.6877
5372	48131.6513	-21824.1169	3518.8322	2108.7651	2039.0615
5373	48140.8116	-21828.1280	3518.8322	2108.7651	2039.4353
5374	48149.9719	-21832.1391	3518.8322	2108.7651	2039.8091
5375	48159.1322	-21836.1502	3518.8322	2108.7651	2040.1829
5376	48168.2925	-21840.1613	3518.8322	2108.7651	2040.5566
5377	48177.4528	-21844.1724	3518.8322	2108.7651	2040.9304
5378	48186.6131	-21848.1836	3518.8322	2108.7651	2041.3042
5379	48195.7734	-21852.1947	3518.8322	2108.7651	2041.6780
5380	48204.9336	-21856.2058	3518.8322	2108.7651	2042.0518
5381	48214.0939	-21860.2169	3518.8322	2108.7651	2042.4256
5382	48223.2542	-21864.2280	3518.8322	2108.7651	2042.7994
5383	48232.4145	-21868.2391	3518.8322	2108.7651	2043.1731
5384	48241.5748	-21872.2502	3518.8322	2108.7651	2043.5469
5385	48250.7351	-21876.2613	3518.8322	2108.7651	2043.9207
5386	48259.8954	-21880.2724	3518.8322	2108.7651	2044.2945
5387	48269.0557	-21884.2836	3518.8322	2108.7651	2044.6683
5388	48278.2160	-21888.2947	3518.8322	2108.7651	2045.0421
5389	48287.3763	-21892.3058	3518.8322	2108.7651	2045.4158
5390	48296.5366	-21896.3169	3518.8322	2108.7651	2045.7896
5391	48305.6969	-21900.3280	3518.8322	2108.7651	2046.1634
5392	48314.8572	-21904.3391	3518.8322	2108.7651	2046.5372
5393	48324.0175	-21908.3502	3518.8322	2108.7651	2046.9110
5394	48333.1778	-21912.3613	3518.8322	2108.7651	2047.2848
5395	48342.3381	-21916.3724	3518.8322	2108.7651	2047.6586
5396	48351.4984	-21920.3836	3518.8322	2108.7651	2048.0323
5397	48360.6586	-21924.3947	3518.8322	2108.7651	2048.4061
5398	48369.8189	-21928.4058	3518.8322	2108.7651	2048.7799
5399	48378.9792	-21932.4169	3518.8322	2108.7651	2049.1537
5400	48388.1395	-21936.4280	3518.8322	2108.7651	2049.5275
5401	48397.2998	-21940.4391	3518.8322	2108.7651	2049.9013
5402	48406.4601	-21944.4502	3518.8322	2108.7651	2050.2751
5403	48415.6204	-21948.4613	3518.8322	2108.7651	2050.6488
5404	48424.7807	-21952.4724	3518.8322	2108.7651	2051.0226
5405	48433.9410	-21956.4836	3518.8322	2108.7651	2051.3964
5406	48443.1013	-21960.4947	3518.8322	2108.7651	2051.7702
5407	48452.2616	-21964.5058	3518.8322	2108.7651	2052.1440
5408	48461.4219	-21968.5169	3518.8322	2108.7651	2052.5178
5409	48470.5822	-21972.5280	3518.8322	2108.7651	2052.8915
5410	48479.7425	-21976.5391	3518.8322	2108.7651	2053.2653
5411	48488.9028	-21980.5502	3518.8322	2108.7651	2053.6391
5412	48498.0631	-21984.5613	3518.8322	2108.7651	2054.0129
5413	48507.2234	-21988.5724	3518.8322	2108.7651	2054.3867
5414	48516.3836	-21992.5836	3518.8322	2108.7651	2054.7605
5415	48525.5439	-21996.5947	3518.8322	2108.7651	2055.1343
5416	48534.7042	-22000.6058	3518.8322	2108.7651	2055.5080
5417	48543.8645	-22004.6169	3518.8322	2108.7651	2055.8818
5418	48553.0248	-22008.6280	3518.8322	2108.7651	2056.2556
5419	48562.1851	-22012.6391	3518.8322	2108.7651	2056.6294
5420	48571.3454	-22016.6502	3518.8322	2108.7651	2057.0032
5421	48580.5057	-22020.6613	3518.8322	2108.7651	2057.3770
5422	48589.6660	-22024.6724	3518.8322	2108.7651	2057.7508
5423	48598.8263	-22028.6835	3518.8322	2108.7651	2058.1245
5424	48607.9866	-22032.6947	3518.8322	2108.7651	2058.4983
5425	48617.1469	-22036.7058	3518.8322	2108.7651	2058.8721
5426	48626.3072	-22040.7169	3518.8322	2108.7651	2059.2459
5427	48635.4675	-22044.7280	3518.8322	2108.7651	2059.6197
5428	48644.6278	-22048.7391	3518.8322	2108.7651	2059.9935
5429	48653.7881	-22052.7502	3518.8322	2108.7651	2060.3672
5430	48662.9484	-22056.7613	3518.8322	2108.7651	2060.7410
5431	48672.1086	-22060.7724	3518.8322	2108.7651	2061.1148
5432	48681.2689	-22064.7835	3518.8322	2108.7651	2061.4886
5433	48690.4292	-22068.7947	3518.8322	2108.7651	2061.8624
5434	48699.5895	-22072.8058	3518.8322	2108.7651	2062.2362
5435	48708.7498	-22076.8169	3518.8322	2108.7651	2062.6100
5436	48717.9101	-22080.8280	3518.8322	2108.7651	2062.9837
5437	48727.0704	-22084.8391	3518.8322	2108.7651	2063.3575
5438	48736.2307	-22088.8502	3518.8322	2108.7651	2063.7313
5439	48745.3910	-22092.8613	3518.8322	2108.7651	2064.1051
5440	48754.5513	-22096.8724	3518.8322	2108.7651	2064.4789
5441	48763.7116	-22100.8835	3518.8322	2108.7651	2064.8527
5442	48772.8719	-22104.8947	3518.8322	2108.7651	2065.2265
5443	48782.0322	-22108.9058	3518.8322	2108.7651	2065.6002
5444	48791.1925	-22112.9169	3518.8322	2108.7651	2065.9740
5445	48800.3528	-22116.9280	3518.8322	2108.7651	2066.3478
5446	48809.5131	-22120.9391	3518.8322	2108.7651	2066.7216
5447	48818.6734	-22124.9502	3518.8322	2108.7651	2067.0954
5448	48827.8337	-22128.9613	3518.8322	2108.7651	2067.4692
5449	48836.9939	-22132.9724	3518.8322	2108.7651	2067.8429
5450	48846.1542	-22136.9835	3518.8322	2108.7651	2068.2167
5451	48855.3145	-22140.9947	3518.8322	2108.7651	2068.5905
5452	48864.4748	-22145.0058	3518.8322	2108.7651	2068.9643
5453	48873.6351	-22149.0169	3518.8322	2108.7651	2069.3381
5454	48882.7954	-22153.0280	3518.8322	2108.7651	2069.7119
5455	48891.9557	-22157.0391	3518.8322	2108.7651	2070.0857
5456	48901.1160	-22161.0502	3518.8322	2108.7651	2070.4594
5457	48910.2763	-22165.0613	3518.8322	2108.7651	2070.8332
5458	48919.4366	-22169.0724	3518.8322	2108.7651	2071.2070
5459	48928.5969	-22173.0835	3518.8322	2108.7651	2071.5808
5460	48937.7572	-22177.0947	3518.8322	2108.7651	2071.9546
5461	48946.9175	-22181.1058	3518.8322	2108.7651	2072.3284
5462	48956.0778	-22185.1169	3518.8322	2108.7651	2072.7022
5463	48965.2381	-22189.1280	3518.8322	2108.7651	2073.0759
5464	48974.3984	-22193.1391	3518.8322	2108.7651	2073.4497
5465	48983.5587	-22197.1502	3518.8322	2108.7651	2073.8235
5466	48992.7189	-22201.1613	3518.8322	2108.7651	2074.1973
5467	49001.8792	-22205.1724	3518.8322	2108.7651	2074.5711
5468	49011.0395	-22209.1835	3518.8322	2108.7651	2074.9449
5469	49020.1998	-22213.1946	3518.8322	2108.7651	2075.3187
5470	49029.3601	-22217.2058	3518.8322	2108.7651	2075.6924
5471	49038.5204	-22221.2169	3518.8322	2108.7651	2076.0662
5472	49047.6807	-22225.2280	3518.8322	2108.7651	2076.4400
5473	49056.8410	-22229.2391	3518.8322	2108.7651	2076.8138
5474	49066.0013	-22233.2502	3518.8322	2108.7651	2077.1876
5475	49075.1616	-22237.2613	3518.8322	2108.7651	2077.5614
5476	49084.3219	-22241.2724	3518.8322	2108.7651	2077.9351
5477	49093.4822	-22245.2835	3518.8322	2108.7651	2078.3089
5478	49102.6425	-22249.2946	3518.8322	2108.7651	2078.6827
5479	49111.8028	-22253.3058	3518.8322	2108.7651	2079.0565
5480	49120.9631	-22257.3169	3518.8322	2108.7651	2079.4303
5481	49130.1234	-22261.3280	3518.8322	2108.7651	2079.8041
5482	49139.2837	-22265.3391	3518.8322	2108.7651	2080.1779
5483	49148.4439	-22269.3502	3518.8322	2108.7651	2080.5516
5484	49157.6042	-22273.3613	3518.8322	2108.7651	2080.9254
5485	49166.7645	-22277.3724	3518.8322	2108.7651	2081.2992
5486	49175.9248	-22281.3835	3518.8322	2108.7651	2081.6730
5487	49185.0851	-22285.3946	3518.8322	2108.7651	2082.0468
5488	49194.2454	-22289.4058	3518.8322	2108.7651	2082.4206
5489	49203.4057	-22293.4169	3518.8322	2108.7651	2082.7944
5490	49212.5660	-22297.4280	3518.8322	2108.7651	2083.1681
5491	49221.7263	-22301.4391	3518.8322	2108.7651	2083.5419
5492	49230.8866	-22305.4502	3518.8322	2108.7651	2083.9157
5493	49240.0469	-22309.4613	3518.8322	2108.7651	2084.2895
5494	49249.2072	-22313.4724	3518.8322	2108.7651	2084.6633
5495	49258.3675	-22317.4835	3518.8322	2108.7651	2085.0371
5496	49267.5278	-22321.4946	3518.8322	2108.7651	2085.4108
5497	49276.6881	-22325.5058	3518.8322	2108.7651	2085.7846
5498	49285.8484	-22329.5169	3518.8322	2108.7651	2086.1584
5499	49295.0087	-22333.5280	3518.8322	2108.7651	2086.5322
5500	49304.1689	-22337.5391	3518.8322	2108.7651	2086.9060
5501	49313.3292	-22341.5502	3518.8322	2108.7651	2087.2798
5502	49322.4895	-22345.5613	3518.8322	2108.7651	2087.6536
5503	49331.6498	-22349.5724	3518.8322	2108.7651	2088.0273
5504	49340.8101	-22353.5835	3518.8322	2108.7651	2088.4011
5505	49349.9704	-22357.5946	3518.8322	2108.7651	2088.7749
5506	49359.1307	-22361.6058	3518.8322	2108.7651	2089.1487
5507	49368.2910	-22365.6169	3518.8322	2108.7651	2089.5225
5508	49377.4513	-22369.6280	3518.8322	2108.7651	2089.8963
5509	49386.6116	-22373.6391	3518.8322	2108.7651	2090.2701
5510	49395.7719	-22377.6502	3518.8322	2108.7651	2090.6438
5511	49404.9322	-22381.6613	3518.8322	2108.7651	2091.0176
5512	49414.0925	-22385.6724	3518.8322	2108.7651	2091.3914
5513	49423.2528	-22389.6835	3518.8322	2108.7651	2091.7652
5514	49432.4131	-22393.6946	3518.8322	2108.7651	2092.1390
5515	49441.5734	-22397.7057	3518.8322	2108.7651	2092.5128
5516	49450.7337	-22401.7169	3518.8322	2108.7651	2092.8865
5517	49459.8939	-22405.7280	3518.8322	2108.7651	2093.2603
5518	49469.0542	-22409.7391	3518.8322	2108.7651	2093.6341
5519	49478.2145	-22413.7502	3518.8322	2108.7651	2094.0079
5520	49487.3748	-22417.7613	3518.8322	2108.7651	2094.3817
5521	49496.5351	-22421.7724	3518.8322	2108.7651	2094.7555
5522	49505.6954	-22425.7835	3518.8322	2108.7651	2095.1293
5523	49514.8557	-22429.7946	3518.8322	2108.7651	2095.5030
5524	49524.0160	-22433.8057	3518.8322	2108.7651	2095.8768
5525	49533.1763	-22437.8169	3518.8322	2108.7651	2096.2506
5526	49542.3366	-22441.8280	3518.8322	2108.7651	2096.6244
5527	49551.4969	-22445.8391	3518.8322	2108.7651	2096.9982
5528	49560.6572	-22449.8502	3518.8322	2108.7651	2097.3720
5529	49569.8175	-22453.8613	3518.8322	2108.7651	2097.7458
5530	49578.9778	-22457.8724	3518.8322	2108.7651	2098.1195
5531	49588.1381	-22461.8835	3518.8322	2108.7651	2098.4933
5532	49597.2984	-22465.8946	3518.8322	2108.7651	2098.8671
5533	49606.4587	-22469.9057	3518.8322	2108.7651	2099.2409
5534	49615.6190	-22473.9169	3518.8322	2108.7651	2099.6147
5535	49624.7792	-22477.9280	3518.8322	2108.7651	2099.9885
5536	49633.9395	-22481.9391	3518.8322	2108.7651	2100.3622
5537	49643.0998	-22485.9502	3518.8322	2108.7651	2100.7360
5538	49652.2601	-22489.9613	3518.8322	2108.7651	2101.1098
5539	49661.4204	-22493.9724	3518.8322	2108.7651	2101.4836
5540	49670.5807	-22497.9835	3518.8322	2108.7651	2101.8574
5541	49679.7410	-22501.9946	3518.8322	2108.7651	2102.2312
5542	49688.9013	-22506.0057	3518.8322	2108.7651	2102.6050
5543	49698.0616	-22510.0169	3518.8322	2108.7651	2102.9787
5544	49707.2219	-22514.0280	3518.8322	2108.7651	2103.3525
5545	49716.3822	-22518.0391	3518.8322	2108.7651	2103.7263
5546	49725.5425	-22522.0502	3518.8322	2108.7651	2104.1001
5547	49734.7028	-22526.0613	3518.8322	2108.7651	2104.4739
5548	49743.8631	-22530.0724	3518.8322	2108.7651	2104.8477
5549	49753.0234	-22534.0835	3518.8322	2108.7651	2105.2215
5550	49762.1837	-22538.0946	3518.8322	2108.7651	2105.5952
5551	49771.3440	-22542.1057	3518.8322	2108.7651	2105.9690
5552	49780.5042	-22546.1168	3518.8322	2108.7651	2106.3428
5553	49789.6645	-22550.1280	3518.8322	2108.7651	2106.7166
5554	49798.8248	-22554.1391	3518.8322	2108.7651	2107.0904
5555	49807.9851	-22558.1502	3518.8322	2108.7651	2107.4642
5556	49817.1454	-22562.1613	3518.8322	2108.7651	2107.8379
5557	49826.3057	-22566.1724	3518.8322	2108.7651	2108.2117
5558	49835.4660	-22570.1835	3518.8322	2108.7651	2108.5855
5559	49844.6263	-22574.1946	3518.8322	2108.7651	2108.9593
5560	49853.7866	-22578.2057	3518.8322	2108.7651	2109.3331
5561	49862.9469	-22582.2168	3518.8322	2108.7651	2109.7069
5562	49872.1072	-22586.2280	3518.8322	2108.7651	2110.0807
5563	49881.2675	-22590.2391	3518.8322	2108.7651	2110.4544
5564	49890.4278	-22594.2502	3518.8322	2108.7651	2110.8282
5565	49899.5881	-22598.2613	3518.8322	2108.7651	2111.2020
5566	49908.7484	-22602.2724	3518.8322	2108.7651	2111.5758
5567	49917.9087	-22606.2835	3518.8322	2108.7651	2111.9496
5568	49927.0690	-22610.2946	3518.8322	2108.7651	2112.3234
5569	49936.2292	-22614.3057	3518.8322	2108.7651	2112.6972
5570	49945.3895	-22618.3168	3518.8322	2108.7651	2113.0709
5571	49954.5498	-22622.3280	3518.8322	2108.7651	2113.4447
5572	49963.7101	-22626.3391	3518.8322	2108.7651	2113.8185
5573	49972.8704	-22630.3502	3518.8322	2108.7651	2114.1923
5574	49982.0307	-22634.3613	3518.8322	2108.7651	2114.5661
5575	49991.1910	-22638.3724	3518.8322	2108.7651	2114.9399
5576	50000.3513	-22642.3835	3518.8322	2108.7651	2115.3136
5577	50009.5116	-22646.3946	3518.8322	2108.7651	2115.6874
5578	50018.6719	-22650.4057	3518.8322	2108.7651	2116.0612
5579	50027.8322	-22654.4168	3518.8322	2108.7651	2116.4350
5580	50036.9925	-22658.4280	3518.8322	2108.7651	2116.8088
5581	50046.1528	-22662.4391	3518.8322	2108.7651	2117.1826
5582	50055.3131	-22666.4502	3518.8322	2108.7651	2117.5564
5583	50064.4734	-22670.4613	3518.8322	2108.7651	2117.9301
5584	50073.6337	-22674.4724	3518.8322	2108.7651	2118.3039
5585	50082.7940	-22678.4835	3518.8322	2108.7651	2118.6777
5586	50091.9542	-22682.4946	3518.8322	2108.7651	2119.0515
5587	50101.1145	-22686.5057	3518.8322	2108.7651	2119.4253
5588	50110.2748	-22690.5168	3518.8322	2108.7651	2119.7991
5589	50119.4351	-22694.5280	3518.8322	2108.7651	2120.1729
5590	50128.5954	-22698.5391	3518.8322	2108.7651	2120.5466
5591	50137.7557	-22702.5502	3518.8322	2108.7651	2120.9204
5592	50146.9160	-22706.5613	3518.8322	2108.7651	2121.2942
5593	50156.0763	-22710.5724	3518.8322	2108.7651	2121.6680
5594	50165.2366	-22714.5835	3518.8322	2108.7651	2122.0418
5595	50174.3969	-22718.5946	3518.8322	2108.7651	2122.4156
5596	50183.5572	-22722.6057	3518.8322	2108.7651	2122.7894
5597	50192.7175	-22726.6168	3518.8322	2108.7651	2123.1631
5598	50201.8778	-22730.6279	3518.8322	2108.7651	2123.5369
5599	50211.0381	-22734.6391	3518.8322	2108.7651	2123.9107
5600	50220.1984	-22738.6502	3518.8322	2108.7651	2124.2845
5601	50229.3587	-22742.6613	3518.8322	2108.7651	2124.6583
5602	50238.5190	-22746.6724	3518.8322	2108.7651	2125.0321
5603	50247.6793	-22750.6835	3518.8322	2108.7651	2125.4058
5604	50256.8395	-22754.6946	3518.8322	2108.7651	2125.7796
5605	50265.9998	-22758.7057	3518.8322	2108.7651	2126.1534
5606	50275.1601	-22762.7168	3518.8322	2108.7651	2126.5272
5607	50284.3204	-22766.7279	3518.8322	2108.7651	2126.9010
5608	50293.4807	-22770.7391	3518.8322	2108.7651	2127.2748
5609	50302.6410	-22774.7502	3518.8322	2108.7651	2127.6486
5610	50311.8013	-22778.7613	3518.8322	2108.7651	2128.0223
5611	50320.9616	-22782.7724	3518.8322	2108.7651	2128.3961
5612	50330.1219	-22786.7835	3518.8322	2108.7651	2128.7699
5613	50339.2822	-22790.7946	3518.8322	2108.7651	2129.1437
5614	50348.4425	-22794.8057	3518.8322	2108.7651	2129.5175
5615	50357.6028	-22798.8168	3518.8322	2108.7651	2129.8913
5616	50366.7631	-22802.8279	3518.8322	2108.7651	2130.2651
5617	50375.9234	-22806.8391	3518.8322	2108.7651	2130.6388
5618	50385.0837	-22810.8502	3518.8322	2108.7651	2131.0126
5619	50394.2440	-22814.8613	3518.8322	2108.7651	2131.3864
5620	50403.4043	-22818.8724	3518.8322	2108.7651	2131.7602
5621	50412.5645	-22822.8835	3518.8322	2108.7651	2132.1340
5622	50421.7248	-22826.8946	3518.8322	2108.7651	2132.5078
5623	50430.8851	-22830.9057	3518.8322	2108.7651	2132.8815
5624	50440.0454	-22834.9168	3518.8322	2108.7651	2133.2553
5625	50449.2057	-22838.9279	3518.8322	2108.7651	2133.6291
5626	50458.3660	-22842.9391	3518.8322	2108.7651	2134.0029
5627	50467.5263	-22846.9502	3518.8322	2108.7651	2134.3767
5628	50476.6866	-22850.9613	3518.8322	2108.7651	2134.7505
5629	50485.8469	-22854.9724	3518.8322	2108.7651	2135.1243
5630	50495.0072	-22858.9835	3518.8322	2108.7651	2135.4980
5631	50504.1675	-22862.9946	3518.8322	2108.7651	2135.8718
5632	50513.3278	-22867.0057	3518.8322	2108.7651	2136.2456
5633	50522.4881	-22871.0168	3518.8322	2108.7651	2136.6194
5634	50531.6484	-22875.0279	3518.8322	2108.7651	2136.9932
5635	50540.8087	-22879.0391	3518.8322	2108.7651	2137.3670
5636	50549.9690	-22883.0502	3518.8322	2108.7651	2137.7408
5637	50559.1293	-22887.0613	3518.8322	2108.7651	2138.1145
5638	50568.2895	-22891.0724	3518.8322	2108.7651	2138.4883
5639	50577.4498	-22895.0835	3518.8322	2108.7651	2138.8621
5640	50586.6101	-22899.0946	3518.8322	2108.7651	2139.2359
5641	50595.7704	-22903.1057	3518.8322	2108.7651	2139.6097
5642	50604.9307	-22907.1168	3518.8322	2108.7651	2139.9835
5643	50614.0910	-22911.1279	3518.8322	2108.7651	2140.3572
5644	50623.2513	-22915.1390	3518.8322	2108.7651	2140.7310
5645	50632.4116	-22919.1502	3518.8322	2108.7651	2141.1048
5646	50641.5719	-22923.1613	3518.8322	2108.7651	2141.4786
5647	50650.7322	-22927.1724	3518.8322	2108.7651	2141.8524
5648	50659.8925	-22931.1835	3518.8322	2108.7651	2142.2262
5649	50669.0528	-22935.1946	3518.8322	2108.7651	2142.6000
5650	50678.2131	-22939.2057	3518.8322	2108.7651	2142.9737
5651	50687.3734	-22943.2168	3518.8322	2108.7651	2143.3475
5652	50696.5337	-22947.2279	3518.8322	2108.7651	2143.7213
5653	50705.6940	-22951.2390	3518.8322	2108.7651	2144.0951
5654	50714.8543	-22955.2502	3518.8322	2108.7651	2144.4689
5655	50724.0145	-22959.2613	3518.8322	2108.7651	2144.8427
5656	50733.1748	-22963.2724	3518.8322	2108.7651	2145.2165
5657	50742.3351	-22967.2835	3518.8322	2108.7651	2145.5902
5658	50751.4954	-22971.2946	3518.8322	2108.7651	2145.9640
5659	50760.6557	-22975.3057	3518.8322	2108.7651	2146.3378
5660	50769.8160	-22979.3168	3518.8322	2108.7651	2146.7116
5661	50778.9763	-22983.3279	3518.8322	2108.7651	2147.0854
5662	50788.1366	-22987.3390	3518.8322	2108.7651	2147.4592
5663	50797.2969	-22991.3502	3518.8322	2108.7651	2147.8329
5664	50806.4572	-22995.3613	3518.8322	2108.7651	2148.2067
5665	50815.6175	-22999.3724	3518.8322	2108.7651	2148.5805
5666	50824.7778	-23003.3835	3518.8322	2108.7651	2148.9543
5667	50833.9381	-23007.3946	3518.8322	2108.7651	2149.3281
5668	50843.0984	-23011.4057	3518.8322	2108.7651	2149.7019
5669	50852.2587	-23015.4168	3518.8322	2108.7651	2150.0757
5670	50861.4190	-23019.4279	3518.8322	2108.7651	2150.4494
5671	50870.5793	-23023.4390	3518.8322	2108.7651	2150.8232
5672	50879.7395	-23027.4502	3518.8322	2108.7651	2151.1970
5673	50888.8998	-23031.4613	3518.8322	2108.7651	2151.5708
5674	50898.0601	-23035.4724	3518.8322	2108.7651	2151.9446
5675	50907.2204	-23039.4835	3518.8322	2108.7651	2152.3184
5676	50916.3807	-23043.4946	3518.8322	2108.7651	2152.6922
5677	50925.5410	-23047.5057	3518.8322	2108.7651	2153.0659
5678	50934.7013	-23051.5168	3518.8322	2108.7651	2153.4397
5679	50943.8616	-23055.5279	3518.8322	2108.7651	2153.8135
5680	50953.0219	-23059.5390	3518.8322	2108.7651	2154.1873
5681	50962.1822	-23063.5502	3518.8322	2108.7651	2154.5611
5682	50971.3425	-23067.5613	3518.8322	2108.7651	2154.9349
5683	50980.5028	-23071.5724	3518.8322	2108.7651	2155.3086
5684	50989.6631	-23075.5835	3518.8322	2108.7651	2155.6824
5685	50998.8234	-23079.5946	3518.8322	2108.7651	2156.0562
5686	51007.9837	-23083.6057	3518.8322	2108.7651	2156.4300
5687	51017.1440	-23087.6168	3518.8322	2108.7651	2156.8038
5688	51026.3043	-23091.6279	3518.8322	2108.7651	2157.1776
5689	51035.4646	-23095.6390	3518.8322	2108.7651	2157.5514
5690	51044.6248	-23099.6501	3518.8322	2108.7651	2157.9251
5691	51053.7851	-23103.6613	3518.8322	2108.7651	2158.2989
5692	51062.9454	-23107.6724	3518.8322	2108.7651	2158.6727
5693	51072.1057	-23111.6835	3518.8322	2108.7651	2159.0465
5694	51081.2660	-23115.6946	3518.8322	2108.7651	2159.4203
5695	51090.4263	-23119.7057	3518.8322	2108.7651	2159.7941
5696	51099.5866	-23123.7168	3518.8322	2108.7651	2160.1679
5697	51108.7469	-23127.7279	3518.8322	2108.7651	2160.5416
5698	51117.9072	-23131.7390	3518.8322	2108.7651	2160.9154
5699	51127.0675	-23135.7501	3518.8322	2108.7651	2161.2892
5700	51136.2278	-23139.7613	3518.8322	2108.7651	2161.6630
5701	51145.3881	-23143.7724	3518.8322	2108.7651	2162.0368
5702	51154.5484	-23147.7835	3518.8322	2108.7651	2162.4106
5703	51163.7087	-23151.7946	3518.8322	2108.7651	2162.7843
5704	51172.8690	-23155.8057	3518.8322	2108.7651	2163.1581
5705	51182.0293	-23159.8168	3518.8322	2108.7651	2163.5319
5706	51191.1896	-23163.8279	3518.8322	2108.7651	2163.9057
5707	51200.3498	-23167.8390	3518.8322	2108.7651	2164.2795
5708	51209.5101	-23171.8501	3518.8322	2108.7651	2164.6533
5709	51218.6704	-23175.8613	3518.8322	2108.7651	2165.0271
5710	51227.8307	-23179.8724	3518.8322	2108.7651	2165.4008
5711	51236.9910	-23183.8835	3518.8322	2108.7651	2165.7746
5712	51246.1513	-23187.8946	3518.8322	2108.7651	2166.1484
5713	51255.3116	-23191.9057	3518.8322	2108.7651	2166.5222
5714	51264.4719	-23195.9168	3518.8322	2108.7651	2166.8960
5715	51273.6322	-23199.9279	3518.8322	2108.7651	2167.2698
5716	51282.7925	-23203.9390	3518.8322	2108.7651	2167.6436
5717	51291.9528	-23207.9501	3518.8322	2108.7651	2168.0173
5718	51301.1131	-23211.9613	3518.8322	2108.7651	2168.3911
5719	51310.2734	-23215.9724	3518.8322	2108.7651	2168.7649
5720	51319.4337	-23219.9835	3518.8322	2108.7651	2169.1387
5721	51328.5940	-23223.9946	3518.8322	2108.7651	2169.5125
5722	51337.7543	-23228.0057	3518.8322	2108.7651	2169.8863
5723	51346.9146	-23232.0168	3518.8322	2108.7651	2170.2600
5724	51356.0748	-23236.0279	3518.8322	2108.7651	2170.6338
5725	51365.2351	-23240.0390	3518.8322	2108.7651	2171.0076
5726	51374.3954	-23244.0501	3518.8322	2108.7651	2171.3814
5727	51383.5557	-23248.0613	3518.8322	2108.7651	2171.7552
5728	51392.7160	-23252.0724	3518.8322	2108.7651	2172.1290
5729	51401.8763	-23256.0835	3518.8322	2108.7651	2172.5028
5730	51411.0366	-23260.0946	3518.8322	2108.7651	2172.8765
5731	51420.1969	-23264.1057	3518.8322	2108.7651	2173.2503
5732	51429.3572	-23268.1168	3518.8322	2108.7651	2173.6241
5733	51438.5175	-23272.1279	3518.8322	2108.7651	2173.9979
5734	51447.6778	-23276.1390	3518.8322	2108.7651	2174.3717
5735	51456.8381	-23280.1501	3518.8322	2108.7651	2174.7455
5736	51465.9984	-23284.1612	3518.8322	2108.7651	2175.1193
5737	51475.1587	-23288.1724	3518.8322	2108.7651	2175.4930
5738	51484.3190	-23292.1835	3518.8322	2108.7651	2175.8668
5739	51493.4793	-23296.1946	3518.8322	2108.7651	2176.2406
5740	51502.6396	-23300.2057	3518.8322	2108.7651	2176.6144
5741	51511.7998	-23304.2168	3518.8322	2108.7651	2176.9882
5742	51520.9601	-23308.2279	3518.8322	2108.7651	2177.3620
5743	51530.1204	-23312.2390	3518.8322	2108.7651	2177.7358
5744	51539.2807	-23316.2501	3518.8322	2108.7651	2178.1095
5745	51548.4410	-23320.2612	3518.8322	2108.7651	2178.4833
5746	51557.6013	-23324.2724	3518.8322	2108.7651	2178.8571
5747	51566.7616	-23328.2835	3518.8322	2108.7651	2179.2309
5748	51575.9219	-23332.2946	3518.8322	2108.7651	2179.6047
5749	51585.0822	-23336.3057	3518.8322	2108.7651	2179.9785
5750	51594.2425	-23340.3168	3518.8322	2108.7651	2180.3522
5751	51603.4028	-23344.3279	3518.8322	2108.7651	2180.7260
5752	51612.5631	-23348.3390	3518.8322	2108.7651	2181.0998
5753	51621.7234	-23352.3501	3518.8322	2108.7651	2181.4736
5754	51630.8837	-23356.3612	3518.8322	2108.7651	2181.8474
5755	51640.0440	-23360.3724	3518.8322	2108.7651	2182.2212
5756	51649.2043	-23364.3835	3518.8322	2108.7651	2182.5950
5757	51658.3646	-23368.3946	3518.8322	2108.7651	2182.9687
5758	51667.5248	-23372.4057	3518.8322	2108.7651	2183.3425
5759	51676.6851	-23376.4168	3518.8322	2108.7651	2183.7163
5760	51685.8454	-23380.4279	3518.8322	2108.7651	2184.0901
5761	51695.0057	-23384.4390	3518.8322	2108.7651	2184.4639
5762	51704.1660	-23388.4501	3518.8322	2108.7651	2184.8377
5763	51713.3263	-23392.4612	3518.8322	2108.7651	2185.2115
5764	51722.4866	-23396.4724	3518.8322	2108.7651	2185.5852
5765	51731.6469	-23400.4835	3518.8322	2108.7651	2185.9590
5766	51740.8072	-23404.4946	3518.8322	2108.7651	2186.3328
5767	51749.9675	-23408.5057	3518.8322	2108.7651	2186.7066
5768	51759.1278	-23412.5168	3518.8322	2108.7651	2187.0804
5769	51768.2881	-23416.5279	3518.8322	2108.7651	2187.4542
5770	51777.4484	-23420.5390	3518.8322	2108.7651	2187.8279
5771	51786.6087	-23424.5501	3518.8322	2108.7651	2188.2017
5772	51795.7690	-23428.5612	3518.8322	2108.7651	2188.5755
5773	51804.9293	-23432.5724	3518.8322	2108.7651	2188.9493
5774	51814.0896	-23436.5835	3518.8322	2108.7651	2189.3231
5775	51823.2499	-23440.5946	3518.8322	2108.7651	2189.6969
5776	51832.4101	-23444.6057	3518.8322	2108.7651	2190.0707
5777	51841.5704	-23448.6168	3518.8322	2108.7651	2190.4444
5778	51850.7307	-23452.6279	3518.8322	2108.7651	2190.8182
5779	51859.8910	-23456.6390	3518.8322	2108.7651	2191.1920
5780	51869.0513	-23460.6501	3518.8322	2108.7651	2191.5658
5781	51878.2116	-23464.6612	3518.8322	2108.7651	2191.9396
5782	51887.3719	-23468.6723	3518.8322	2108.7651	2192.3134
5783	51896.5322	-23472.6835	3518.8322	2108.7651	2192.6872
5784	51905.6925	-23476.6946	3518.8322	2108.7651	2193.0609
5785	51914.8528	-23480.7057	3518.8322	2108.7651	2193.4347
5786	51924.0131	-23484.7168	3518.8322	2108.7651	2193.8085
5787	51933.1734	-23488.7279	3518.8322	2108.7651	2194.1823
5788	51942.3337	-23492.7390	3518.8322	2108.7651	2194.5561
5789	51951.4940	-23496.7501	3518.8322	2108.7651	2194.9299
5790	51960.6543	-23500.7612	3518.8322	2108.7651	2195.3036
5791	51969.8146	-23504.7723	3518.8322	2108.7651	2195.6774
5792	51978.9749	-23508.7835	3518.8322	2108.7651	2196.0512
5793	51988.1351	-23512.7946	3518.8322	2108.7651	2196.4250
5794	51997.2954	-23516.8057	3518.8322	2108.7651	2196.7988
5795	52006.4557	-23520.8168	3518.8322	2108.7651	2197.1726
5796	52015.6160	-23524.8279	3518.8322	2108.7651	2197.5464
5797	52024.7763	-23528.8390	3518.8322	2108.7651	2197.9201
5798	52033.9366	-23532.8501	3518.8322	2108.7651	2198.2939
5799	52043.0969	-23536.8612	3518.8322	2108.7651	2198.6677
5800	52052.2572	-23540.8723	3518.8322	2108.7651	2199.0415
5801	52061.4175	-23544.8835	3518.8322	2108.7651	2199.4153
5802	52070.5778	-23548.8946	3518.8322	2108.7651	2199.7891
5803	52079.7381	-23552.9057	3518.8322	2108.7651	2200.1629
5804	52088.8984	-23556.9168	3518.8322	2108.7651	2200.5366
5805	52098.0587	-23560.9279	3518.8322	2108.7651	2200.9104
5806	52107.2190	-23564.9390	3518.8322	2108.7651	2201.2842
5807	52116.3793	-23568.9501	3518.8322	2108.7651	2201.6580
5808	52125.5396	-23572.9612	3518.8322	2108.7651	2202.0318
5809	52134.6999	-23576.9723	3518.8322	2108.7651	2202.4056
5810	52143.8601	-23580.9835	3518.8322	2108.7651	2202.7793
5811	52153.0204	-23584.9946	3518.8322	2108.7651	2203.1531
5812	52162.1807	-23589.0057	3518.8322	2108.7651	2203.5269
5813	52171.3410	-23593.0168	3518.8322	2108.7651	2203.9007
5814	52180.5013	-23597.0279	3518.8322	2108.7651	2204.2745
5815	52189.6616	-23601.0390	3518.8322	2108.7651	2204.6483
5816	52198.8219	-23605.0501	3518.8322	2108.7651	2205.0221
5817	52207.9822	-23609.0612	3518.8322	2108.7651	2205.3958
5818	52217.1425	-23613.0723	3518.8322	2108.7651	2205.7696
5819	52226.3028	-23617.0834	3518.8322	2108.7651	2206.1434
5820	52235.4631	-23621.0946	3518.8322	2108.7651	2206.5172
5821	52244.6234	-23625.1057	3518.8322	2108.7651	2206.8910
5822	52253.7837	-23629.1168	3518.8322	2108.7651	2207.2648
5823	52262.9440	-23633.1279	3518.8322	2108.7651	2207.6386
5824	52272.1043	-23637.1390	3518.8322	2108.7651	2208.0123
5825	52281.2646	-23641.1501	3518.8322	2108.7651	2208.3861
5826	52290.4249	-23645.1612	3518.8322	2108.7651	2208.7599
5827	52299.5851	-23649.1723	3518.8322	2108.7651	2209.1337
5828	52308.7454	-23653.1834	3518.8322	2108.7651	2209.5075
5829	52317.9057	-23657.1946	3518.8322	2108.7651	2209.8813
5830	52327.0660	-23661.2057	3518.8322	2108.7651	2210.2550
5831	52336.2263	-23665.2168	3518.8322	2108.7651	2210.6288
5832	52345.3866	-23669.2279	3518.8322	2108.7651	2211.0026
5833	52354.5469	-23673.2390	3518.8322	2108.7651	2211.3764
5834	52363.7072	-23677.2501	3518.8322	2108.7651	2211.7502
5835	52372.8675	-23681.2612	3518.8322	2108.7651	2212.1240
5836	52382.0278	-23685.2723	3518.8322	2108.7651	2212.4978
5837	52391.1881	-23689.2834	3518.8322	2108.7651	2212.8715
5838	52400.3484	-23693.2946	3518.8322	2108.7651	2213.2453
5839	52409.5087	-23697.3057	3518.8322	2108.7651	2213.6191
5840	52418.6690	-23701.3168	3518.8322	2108.7651	2213.9929
5841	52427.8293	-23705.3279	3518.8322	2108.7651	2214.3667
5842	52436.9896	-23709.3390	3518.8322	2108.7651	2214.7405
5843	52446.1499	-23713.3501	3518.8322	2108.7651	2215.1143
5844	52455.3102	-23717.3612	3518.8322	2108.7651	2215.4880
5845	52464.4704	-23721.3723	3518.8322	2108.7651	2215.8618
5846	52473.6307	-23725.3834	3518.8322	2108.7651	2216.2356
5847	52482.7910	-23729.3946	3518.8322	2108.7651	2216.6094
5848	52491.9513	-23733.4057	3518.8322	2108.7651	2216.9832
5849	52501.1116	-23737.4168	3518.8322	2108.7651	2217.3570
5850	52510.2719	-23741.4279	3518.8322	2108.7651	2217.7307
5851	52519.4322	-23745.4390	3518.8322	2108.7651	2218.1045
5852	52528.5925	-23749.4501	3518.8322	2108.7651	2218.4783
5853	52537.7528	-23753.4612	3518.8322	2108.7651	2218.8521
5854	52546.9131	-23757.4723	3518.8322	2108.7651	2219.2259
5855	52556.0734	-23761.4834	3518.8322	2108.7651	2219.5997
5856	52565.2337	-23765.4946	3518.8322	2108.7651	2219.9735
5857	52574.3940	-23769.5057	3518.8322	2108.7651	2220.3472
5858	52583.5543	-23773.5168	3518.8322	2108.7651	2220.7210
5859	52592.7146	-23777.5279	3518.8322	2108.7651	2221.0948
5860	52601.8749	-23781.5390	3518.8322	2108.7651	2221.4686
5861	52611.0352	-23785.5501	3518.8322	2108.7651	2221.8424
5862	52620.1954	-23789.5612	3518.8322	2108.7651	2222.2162
5863	52629.3557	-23793.5723	3518.8322	2108.7651	2222.5900
5864	52638.5160	-23797.5834	3518.8322	2108.7651	2222.9637
5865	52647.6763	-23801.5945	3518.8322	2108.7651	2223.3375
5866	52656.8366	-23805.6057	3518.8322	2108.7651	2223.7113
5867	52665.9969	-23809.6168	3518.8322	2108.7651	2224.0851
5868	52675.1572	-23813.6279	3518.8322	2108.7651	2224.4589
5869	52684.3175	-23817.6390	3518.8322	2108.7651	2224.8327
5870	52693.4778	-23821.6501	3518.8322	2108.7651	2225.2065
5871	52702.6381	-23825.6612	3518.8322	2108.7651	2225.5802
5872	52711.7984	-23829.6723	3518.8322	2108.7651	2225.9540
5873	52720.9587	-23833.6834	3518.8322	2108.7651	2226.3278
5874	52730.1190	-23837.6945	3518.8322	2108.7651	2226.7016
5875	52739.2793	-23841.7057	3518.8322	2108.7651	2227.0754
5876	52748.4396	-23845.7168	3518.8322	2108.7651	2227.4492
5877	52757.5999	-23849.7279	3518.8322	2108.7651	2227.8229
5878	52766.7602	-23853.7390	3518.8322	2108.7651	2228.1967
5879	52775.9204	-23857.7501	3518.8322	2108.7651	2228.5705
5880	52785.0807	-23861.7612	3518.8322	2108.7651	2228.9443
5881	52794.2410	-23865.7723	3518.8322	2108.7651	2229.3181
5882	52803.4013	-23869.7834	3518.8322	2108.7651	2229.6919
5883	52812.5616	-23873.7945	3518.8322	2108.7651	2230.0657
5884	52821.7219	-23877.8057	3518.8322	2108.7651	2230.4394
5885	52830.8822	-23881.8168	3518.8322	2108.7651	2230.8132
5886	52840.0425	-23885.8279	3518.8322	2108.7651	2231.1870
5887	52849.2028	-23889.8390	3518.8322	2108.7651	2231.5608
5888	52858.3631	-23893.8501	3518.8322	2108.7651	2231.9346
5889	52867.5234	-23897.8612	3518.8322	2108.7651	2232.3084
5890	52876.6837	-23901.8723	3518.8322	2108.7651	2232.6822
5891	52885.8440	-23905.8834	3518.8322	2108.7651	2233.0559
5892	52895.0043	-23909.8945	3518.8322	2108.7651	2233.4297
5893	52904.1646	-23913.9057	3518.8322	2108.7651	2233.8035
5894	52913.3249	-23917.9168	3518.8322	2108.7651	2234.1773
5895	52922.4852	-23921.9279	3518.8322	2108.7651	2234.5511
5896	52931.6454	-23925.9390	3518.8322	2108.7651	2234.9249
5897	52940.8057	-23929.9501	3518.8322	2108.7651	2235.2986
5898	52949.9660	-23933.9612	3518.8322	2108.7651	2235.6724
5899	52959.1263	-23937.9723	3518.8322	2108.7651	2236.0462
5900	52968.2866	-23941.9834	3518.8322	2108.7651	2236.4200
5901	52977.4469	-23945.9945	3518.8322	2108.7651	2236.7938
5902	52986.6072	-23950.0057	3518.8322	2108.7651	2237.1676
5903	52995.7675	-23954.0168	3518.8322	2108.7651	2237.5414
5904	53004.9278	-23958.0279	3518.8322	2108.7651	2237.9151
5905	53014.0881	-23962.0390	3518.8322	2108.7651	2238.2889
5906	53023.2484	-23966.0501	3518.8322	2108.7651	2238.6627
5907	53032.4087	-23970.0612	3518.8322	2108.7651	2239.0365
5908	53041.5690	-23974.0723	3518.8322	2108.7651	2239.4103
5909	53050.7293	-23978.0834	3518.8322	2108.7651	2239.7841
5910	53059.8896	-23982.0945	3518.8322	2108.7651	2240.1579
5911	53069.0499	-23986.1056	3518.8322	2108.7651	2240.5316
5912	53078.2102	-23990.1168	3518.8322	2108.7651	2240.9054
5913	53087.3704	-23994.1279	3518.8322	2108.7651	2241.2792
5914	53096.5307	-23998.1390	3518.8322	2108.7651	2241.6530
5915	53105.6910	-24002.1501	3518.8322	2108.7651	2242.0268
5916	53114.8513	-24006.1612	3518.8322	2108.7651	2242.4006
5917	53124.0116	-24010.1723	3518.8322	2108.7651	2242.7743
5918	53133.1719	-24014.1834	3518.8322	2108.7651	2243.1481
5919	53142.3322	-24018.1945	3518.8322	2108.7651	2243.5219
5920	53151.4925	-24022.2056	3518.8322	2108.7651	2243.8957
5921	53160.6528	-24026.2168	3518.8322	2108.7651	2244.2695
5922	53169.8131	-24030.2279	3518.8322	2108.7651	2244.6433
5923	53178.9734	-24034.2390	3518.8322	2108.7651	2245.0171
5924	53188.1337	-24038.2501	3518.8322	2108.7651	2245.3908
5925	53197.2940	-24042.2612	3518.8322	2108.7651	2245.7646
5926	53206.4543	-24046.2723	3518.8322	2108.7651	2246.1384
5927	53215.6146	-24050.2834	3518.8322	2108.7651	2246.5122
5928	53224.7749	-24054.2945	3518.8322	2108.7651	2246.8860
5929	53233.9352	-24058.3056	3518.8322	2108.7651	2247.2598
5930	53243.0955	-24062.3168	3518.8322	2108.7651	2247.6336
5931	53252.2557	-24066.3279	3518.8322	2108.7651	2248.0073
5932	53261.4160	-24070.3390	3518.8322	2108.7651	2248.3811
5933	53270.5763	-24074.3501	3518.8322	2108.7651	2248.7549
5934	53279.7366	-24078.3612	3518.8322	2108.7651	2249.1287
5935	53288.8969	-24082.3723	3518.8322	2108.7651	2249.5025
5936	53298.0572	-24086.3834	3518.8322	2108.7651	2249.8763
5937	53307.2175	-24090.3945	3518.8322	2108.7651	2250.2500
5938	53316.3778	-24094.4056	3518.8322	2108.7651	2250.6238
5939	53325.5381	-24098.4168	3518.8322	2108.7651	2250.9976
5940	53334.6984	-24102.4279	3518.8322	2108.7651	2251.3714
5941	53343.8587	-24106.4390	3518.8322	2108.7651	2251.7452
5942	53353.0190	-24110.4501	3518.8322	2108.7651	2252.1190
5943	53362.1793	-24114.4612	3518.8322	2108.7651	2252.4928
5944	53371.3396	-24118.4723	3518.8322	2108.7651	2252.8665
5945	53380.4999	-24122.4834	3518.8322	2108.7651	2253.2403
5946	53389.6602	-24126.4945	3518.8322	2108.7651	2253.6141
5947	53398.8205	-24130.5056	3518.8322	2108.7651	2253.9879
5948	53407.9807	-24134.5168	3518.8322	2108.7651	2254.3617
5949	53417.1410	-24138.5279	3518.8322	2108.7651	2254.7355
5950	53426.3013	-24142.5390	3518.8322	2108.7651	2255.1093
5951	53435.4616	-24146.5501	3518.8322	2108.7651	2255.4830
5952	53444.6219	-24150.5612	3518.8322	2108.7651	2255.8568
5953	53453.7822	-24154.5723	3518.8322	2108.7651	2256.2306
5954	53462.9425	-24158.5834	3518.8322	2108.7651	2256.6044
5955	53472.1028	-24162.5945	3518.8322	2108.7651	2256.9782
5956	53481.2631	-24166.6056	3518.8322	2108.7651	2257.3520
5957	53490.4234	-24170.6167	3518.8322	2108.7651	2257.7257
5958	53499.5837	-24174.6279	3518.8322	2108.7651	2258.0995
5959	53508.7440	-24178.6390	3518.8322	2108.7651	2258.4733
5960	53517.9043	-24182.6501	3518.8322	2108.7651	2258.8471
5961	53527.0646	-24186.6612	3518.8322	2108.7651	2259.2209
5962	53536.2249	-24190.6723	3518.8322	2108.7651	2259.5947
5963	53545.3852	-24194.6834	3518.8322	2108.7651	2259.9685
5964	53554.5455	-24198.6945	3518.8322	2108.7651	2260.3422
5965	53563.7057	-24202.7056	3518.8322	2108.7651	2260.7160
5966	53572.8660	-24206.7167	3518.8322	2108.7651	2261.0898
5967	53582.0263	-24210.7279	3518.8322	2108.7651	2261.4636
5968	53591.1866	-24214.7390	3518.8322	2108.7651	2261.8374
5969	53600.3469	-24218.7501	3518.8322	2108.7651	2262.2112
5970	53609.5072	-24222.7612	3518.8322	2108.7651	2262.5850
5971	53618.6675	-24226.7723	3518.8322	2108.7651	2262.9587
5972	53627.8278	-24230.7834	3518.8322	2108.7651	2263.3325
5973	53636.9881	-24234.7945	3518.8322	2108.7651	2263.7063
5974	53646.1484	-24238.8056	3518.8322	2108.7651	2264.0801
5975	53655.3087	-24242.8167	3518.8322	2108.7651	2264.4539
5976	53664.4690	-24246.8279	3518.8322	2108.7651	2264.8277
5977	53673.6293	-24250.8390	3518.8322	2108.7651	2265.2014
5978	53682.7896	-24254.8501	3518.8322	2108.7651	2265.5752
5979	53691.9499	-24258.8612	3518.8322	2108.7651	2265.9490
5980	53701.1102	-24262.8723	3518.8322	2108.7651	2266.3228
5981	53710.2705	-24266.8834	3518.8322	2108.7651	2266.6966
5982	53719.4307	-24270.8945	3518.8322	2108.7651	2267.0704
5983	53728.5910	-24274.9056	3518.8322	2108.7651	2267.4442
5984	53737.7513	-24278.9167	3518.8322	2108.7651	2267.8179
5985	53746.9116	-24282.9279	3518.8322	2108.7651	2268.1917
5986	53756.0719	-24286.9390	3518.8322	2108.7651	2268.5655
5987	53765.2322	-24290.9501	3518.8322	2108.7651	2268.9393
5988	53774.3925	-24294.9612	3518.8322	2108.7651	2269.3131
5989	53783.5528	-24298.9723	3518.8322	2108.7651	2269.6869
5990	53792.7131	-24302.9834	3518.8322	2108.7651	2270.0607
5991	53801.8734	-24306.9945	3518.8322	2108.7651	2270.4344
5992	53811.0337	-24311.0056	3518.8322	2108.7651	2270.8082
5993	53820.1940	-24315.0167	3518.8322	2108.7651	2271.1820
5994	53829.3543	-24319.0279	3518.8322	2108.7651	2271.5558
5995	53838.5146	-24323.0390	3518.8322	2108.7651	2271.9296
5996	53847.6749	-24327.0501	3518.8322	2108.7651	2272.3034
5997	53856.8352	-24331.0612	3518.8322	2108.7651	2272.6772
5998	53865.9955	-24335.0723	3518.8322	2108.7651	2273.0509
5999	53875.1557	-24339.0834	3518.8322	2108.7651	2273.4247
6000	53884.3160	-24343.0945	3518.8322	2108.7651	2273.7985
6001	53893.4763	-24347.1056	3518.8322	2108.7651	2274.1723
6002	53902.6366	-24351.1167	3518.8322	2108.7651	2274.5461
6003	53911.7969	-24355.1278	3518.8322	2108.7651	2274.9199
6004	53920.9572	-24359.1390	3518.8322	2108.7651	2275.2936
6005	53930.1175	-24363.1501	3518.8322	2108.7651	2275.6674
6006	53939.2778	-24367.1612	3518.8322	2108.7651	2276.0412
6007	53948.4381	-24371.1723	3518.8322	2108.7651	2276.4150
6008	53957.5984	-24375.1834	3518.8322	2108.7651	2276.7888
6009	53966.7587	-24379.1945	3518.8322	2108.7651	2277.1626
6010	53975.9190	-24383.2056	3518.8322	2108.7651	2277.5364
6011	53985.0793	-24387.2167	3518.8322	2108.7651	2277.9101
6012	53994.2396	-24391.2278	3518.8322	2108.7651	2278.2839
6013	54003.3999	-24395.2390	3518.8322	2108.7651	2278.6577
6014	54012.5602	-24399.2501	3518.8322	2108.7651	2279.0315
6015	54021.7205	-24403.2612	3518.8322	2108.7651	2279.4053
6016	54030.8808	-24407.2723	3518.8322	2108.7651	2279.7791
6017	54040.0410	-24411.2834	3518.8322	2108.7651	2280.1529
6018	54049.2013	-24415.2945	3518.8322	2108.7651	2280.5266
6019	54058.3616	-24419.3056	3518.8322	2108.7651	2280.9004
6020	54067.5219	-24423.3167	3518.8322	2108.7651	2281.2742
6021	54076.6822	-24427.3278	3518.8322	2108.7651	2281.6480
6022	54085.8425	-24431.3390	3518.8322	2108.7651	2282.0218
6023	54095.0028	-24435.3501	3518.8322	2108.7651	2282.3956
6024	54104.1631	-24439.3612	3518.8322	2108.7651	2282.7693
6025	54113.3234	-24443.3723	3518.8322	2108.7651	2283.1431
6026	54122.4837	-24447.3834	3518.8322	2108.7651	2283.5169
6027	54131.6440	-24451.3945	3518.8322	2108.7651	2283.8907
6028	54140.8043	-24455.4056	3518.8322	2108.7651	2284.2645
6029	54149.9646	-24459.4167	3518.8322	2108.7651	2284.6383
6030	54159.1249	-24463.4278	3518.8322	2108.7651	2285.0121
6031	54168.2852	-24467.4390	3518.8322	2108.7651	2285.3858
6032	54177.4455	-24471.4501	3518.8322	2108.7651	2285.7596
6033	54186.6058	-24475.4612	3518.8322	2108.7651	2286.1334
6034	54195.7660	-24479.4723	3518.8322	2108.7651	2286.5072
6035	54204.9263	-24483.4834	3518.8322	2108.7651	2286.8810
6036	54214.0866	-24487.4945	3518.8322	2108.7651	2287.2548
6037	54223.2469	-24491.5056	3518.8322	2108.7651	2287.6286
6038	54232.4072	-24495.5167	3518.8322	2108.7651	2288.0023
6039	54241.5675	-24499.5278	3518.8322	2108.7651	2288.3761
6040	54250.7278	-24503.5390	3518.8322	2108.7651	2288.7499
6041	54259.8881	-24507.5501	3518.8322	2108.7651	2289.1237
6042	54269.0484	-24511.5612	3518.8322	2108.7651	2289.4975
6043	54278.2087	-24515.5723	3518.8322	2108.7651	2289.8713
6044	54287.3690	-24519.5834	3518.8322	2108.7651	2290.2450
6045	54296.5293	-24523.5945	3518.8322	2108.7651	2290.6188
6046	54305.6896	-24527.6056	3518.8322	2108.7651	2290.9926
6047	54314.8499	-24531.6167	3518.8322	2108.7651	2291.3664
6048	54324.0102	-24535.6278	3518.8322	2108.7651	2291.7402
6049	54333.1705	-24539.6389	3518.8322	2108.7651	2292.1140
6050	54342.3308	-24543.6501	3518.8322	2108.7651	2292.4878
6051	54351.4910	-24547.6612	3518.8322	2108.7651	2292.8615
6052	54360.6513	-24551.6723	3518.8322	2108.7651	2293.2353
6053	54369.8116	-24555.6834	3518.8322	2108.7651	2293.6091
6054	54378.9719	-24559.6945	3518.8322	2108.7651	2293.9829
6055	54388.1322	-24563.7056	3518.8322	2108.7651	2294.3567
6056	54397.2925	-24567.7167	3518.8322	2108.7651	2294.7305
6057	54406.4528	-24571.7278	3518.8322	2108.7651	2295.1043
6058	54415.6131	-24575.7389	3518.8322	2108.7651	2295.4780
6059	54424.7734	-24579.7501	3518.8322	2108.7651	2295.8518
6060	54433.9337	-24583.7612	3518.8322	2108.7651	2296.2256
6061	54443.0940	-24587.7723	3518.8322	2108.7651	2296.5994
6062	54452.2543	-24591.7834	3518.8322	2108.7651	2296.9732
6063	54461.4146	-24595.7945	3518.8322	2108.7651	2297.3470
6064	54470.5749	-24599.8056	3518.8322	2108.7651	2297.7207
6065	54479.7352	-24603.8167	3518.8322	2108.7651	2298.0945
6066	54488.8955	-24607.8278	3518.8322	2108.7651	2298.4683
6067	54498.0558	-24611.8389	3518.8322	2108.7651	2298.8421
6068	54507.2160	-24615.8501	3518.8322	2108.7651	2299.2159
6069	54516.3763	-24619.8612	3518.8322	2108.7651	2299.5897
6070	54525.5366	-24623.8723	3518.8322	2108.7651	2299.9635
6071	54534.6969	-24627.8834	3518.8322	2108.7651	2300.3372
6072	54543.8572	-24631.8945	3518.8322	2108.7651	2300.7110
6073	54553.0175	-24635.9056	3518.8322	2108.7651	2301.0848
6074	54562.1778	-24639.9167	3518.8322	2108.7651	2301.4586
6075	54571.3381	-24643.9278	3518.8322	2108.7651	2301.8324
6076	54580.4984	-24647.9389	3518.8322	2108.7651	2302.2062
6077	54589.6587	-24651.9501	3518.8322	2108.7651	2302.5800
6078	54598.8190	-24655.9612	3518.8322	2108.7651	2302.9537
6079	54607.9793	-24659.9723	3518.8322	2108.7651	2303.3275
6080	54617.1396	-24663.9834	3518.8322	2108.7651	2303.7013
6081	54626.2999	-24667.9945	3518.8322	2108.7651	2304.0751
6082	54635.4602	-24672.0056	3518.8322	2108.7651	2304.4489
6083	54644.6205	-24676.0167	3518.8322	2108.7651	2304.8227
6084	54653.7808	-24680.0278	3518.8322	2108.7651	2305.1964
6085	54662.9411	-24684.0389	3518.8322	2108.7651	2305.5702
6086	54672.1013	-24688.0500	3518.8322	2108.7651	2305.9440
6087	54681.2616	-24692.0612	3518.8322	2108.7651	2306.3178
6088	54690.4219	-24696.0723	3518.8322	2108.7651	2306.6916
6089	54699.5822	-24700.0834	3518.8322	2108.7651	2307.0654
6090	54708.7425	-24704.0945	3518.8322	2108.7651	2307.4392
6091	54717.9028	-24708.1056	3518.8322	2108.7651	2307.8129
6092	54727.0631	-24712.1167	3518.8322	2108.7651	2308.1867
6093	54736.2234	-24716.1278	3518.8322	2108.7651	2308.5605
6094	54745.3837	-24720.1389	3518.8322	2108.7651	2308.9343
6095	54754.5440	-24724.1500	3518.8322	2108.7651	2309.3081
6096	54763.7043	-24728.1612	3518.8322	2108.7651	2309.6819
6097	54772.8646	-24732.1723	3518.8322	2108.7651	2310.0557
6098	54782.0249	-24736.1834	3518.8322	2108.7651	2310.4294
6099	54791.1852	-24740.1945	3518.8322	2108.7651	2310.8032
6100	54800.3455	-24744.2056	3518.8322	2108.7651	2311.1770
6101	54809.5058	-24748.2167	3518.8322	2108.7651	2311.5508
6102	54818.6661	-24752.2278	3518.8322	2108.7651	2311.9246
6103	54827.8263	-24756.2389	3518.8322	2108.7651	2312.2984
6104	54836.9866	-24760.2500	3518.8322	2108.7651	2312.6721
6105	54846.1469	-24764.2612	3518.8322	2108.7651	2313.0459
6106	54855.3072	-24768.2723	3518.8322	2108.7651	2313.4197
6107	54864.4675	-24772.2834	3518.8322	2108.7651	2313.7935
6108	54873.6278	-24776.2945	3518.8322	2108.7651	2314.1673
6109	54882.7881	-24780.3056	3518.8322	2108.7651	2314.5411
6110	54891.9484	-24784.3167	3518.8322	2108.7651	2314.9149
6111	54901.1087	-24788.3278	3518.8322	2108.7651	2315.2886
6112	54910.2690	-24792.3389	3518.8322	2108.7651	2315.6624
6113	54919.4293	-24796.3500	3518.8322	2108.7651	2316.0362
6114	54928.5896	-24800.3612	3518.8322	2108.7651	2316.4100
6115	54937.7499	-24804.3723	3518.8322	2108.7651	2316.7838
6116	54946.9102	-24808.3834	3518.8322	2108.7651	2317.1576
6117	54956.0705	-24812.3945	3518.8322	2108.7651	2317.5314
6118	54965.2308	-24816.4056	3518.8322	2108.7651	2317.9051
6119	54974.3911	-24820.4167	3518.8322	2108.7651	2318.2789
6120	54983.5513	-24824.4278	3518.8322	2108.7651	2318.6527
6121	54992.7116	-24828.4389	3518.8322	2108.7651	2319.0265
6122	55001.8719	-24832.4500	3518.8322	2108.7651	2319.4003
6123	55011.0322	-24836.4612	3518.8322	2108.7651	2319.7741
6124	55020.1925	-24840.4723	3518.8322	2108.7651	2320.1479
6125	55029.3528	-24844.4834	3518.8322	2108.7651	2320.5216
6126	55038.5131	-24848.4945	3518.8322	2108.7651	2320.8954
6127	55047.6734	-24852.5056	3518.8322	2108.7651	2321.2692
6128	55056.8337	-24856.5167	3518.8322	2108.7651	2321.6430
6129	55065.9940	-24860.5278	3518.8322	2108.7651	2322.0168
6130	55075.1543	-24864.5389	3518.8322	2108.7651	2322.3906
6131	55084.3146	-24868.5500	3518.8322	2108.7651	2322.7643
6132	55093.4749	-24872.5611	3518.8322	2108.7651	2323.1381
6133	55102.6352	-24876.5723	3518.8322	2108.7651	2323.5119
6134	55111.7955	-24880.5834	3518.8322	2108.7651	2323.8857
6135	55120.9558	-24884.5945	3518.8322	2108.7651	2324.2595
6136	55130.1161	-24888.6056	3518.8322	2108.7651	2324.6333
6137	55139.2763	-24892.6167	3518.8322	2108.7651	2325.0071
6138	55148.4366	-24896.6278	3518.8322	2108.7651	2325.3808
6139	55157.5969	-24900.6389	3518.8322	2108.7651	2325.7546
6140	55166.7572	-24904.6500	3518.8322	2108.7651	2326.1284
6141	55175.9175	-24908.6611	3518.8322	2108.7651	2326.5022
6142	55185.0778	-24912.6723	3518.8322	2108.7651	2326.8760
6143	55194.2381	-24916.6834	3518.8322	2108.7651	2327.2498
6144	55203.3984	-24920.6945	3518.8322	2108.7651	2327.6236
6145	55212.5587	-24924.7056	3518.8322	2108.7651	2327.9973
6146	55221.7190	-24928.7167	3518.8322	2108.7651	2328.3711
6147	55230.8793	-24932.7278	3518.8322	2108.7651	2328.7449
6148	55240.0396	-24936.7389	3518.8322	2108.7651	2329.1187
6149	55249.1999	-24940.7500	3518.8322	2108.7651	2329.4925
6150	55258.3602	-24944.7611	3518.8322	2108.7651	2329.8663
6151	55267.5205	-24948.7723	3518.8322	2108.7651	2330.2400
6152	55276.6808	-24952.7834	3518.8322	2108.7651	2330.6138
6153	55285.8411	-24956.7945	3518.8322	2108.7651	2330.9876
6154	55295.0013	-24960.8056	3518.8322	2108.7651	2331.3614
6155	55304.1616	-24964.8167	3518.8322	2108.7651	2331.7352
6156	55313.3219	-24968.8278	3518.8322	2108.7651	2332.1090
6157	55322.4822	-24972.8389	3518.8322	2108.7651	2332.4828
6158	55331.6425	-24976.8500	3518.8322	2108.7651	2332.8565
6159	55340.8028	-24980.8611	3518.8322	2108.7651	2333.2303
6160	55349.9631	-24984.8723	3518.8322	2108.7651	2333.6041
6161	55359.1234	-24988.8834	3518.8322	2108.7651	2333.9779
6162	55368.2837	-24992.8945	3518.8322	2108.7651	2334.3517
6163	55377.4440	-24996.9056	3518.8322	2108.7651	2334.7255
6164	55386.6043	-25000.9167	3518.8322	2108.7651	2335.0993
6165	55395.7646	-25004.9278	3518.8322	2108.7651	2335.4730
6166	55404.9249	-25008.9389	3518.8322	2108.7651	2335.8468
6167	55414.0852	-25012.9500	3518.8322	2108.7651	2336.2206
6168	55423.2455	-25016.9611	3518.8322	2108.7651	2336.5944
6169	55432.4058	-25020.9723	3518.8322	2108.7651	2336.9682
6170	55441.5661	-25024.9834	3518.8322	2108.7651	2337.3420
6171	55450.7264	-25028.9945	3518.8322	2108.7651	2337.7157
6172	55459.8866	-25033.0056	3518.8322	2108.7651	2338.0895
6173	55469.0469	-25037.0167	3518.8322	2108.7651	2338.4633
6174	55478.2072	-25041.0278	3518.8322	2108.7651	2338.8371
6175	55487.3675	-25045.0389	3518.8322	2108.7651	2339.2109
6176	55496.5278	-25049.0500	3518.8322	2108.7651	2339.5847
6177	55505.6881	-25053.0611	3518.8322	2108.7651	2339.9585
6178	55514.8484	-25057.0722	3518.8322	2108.7651	2340.3322
6179	55524.0087	-25061.0834	3518.8322	2108.7651	2340.7060
6180	55533.1690	-25065.0945	3518.8322	2108.7651	2341.0798
6181	55542.3293	-25069.1056	3518.8322	2108.7651	2341.4536
6182	55551.4896	-25073.1167	3518.8322	2108.7651	2341.8274
6183	55560.6499	-25077.1278	3518.8322	2108.7651	2342.2012
6184	55569.8102	-25081.1389	3518.8322	2108.7651	2342.5750
6185	55578.9705	-25085.1500	3518.8322	2108.7651	2342.9487
6186	55588.1308	-25089.1611	3518.8322	2108.7651	2343.3225
6187	55597.2911	-25093.1722	3518.8322	2108.7651	2343.6963
6188	55606.4514	-25097.1834	3518.8322	2108.7651	2344.0701
6189	55615.6116	-25101.1945	3518.8322	2108.7651	2344.4439
6190	55624.7719	-25105.2056	3518.8322	2108.7651	2344.8177
6191	55633.9322	-25109.2167	3518.8322	2108.7651	2345.1914
6192	55643.0925	-25113.2278	3518.8322	2108.7651	2345.5652
6193	55652.2528	-25117.2389	3518.8322	2108.7651	2345.9390
6194	55661.4131	-25121.2500	3518.8322	2108.7651	2346.3128
6195	55670.5734	-25125.2611	3518.8322	2108.7651	2346.6866
6196	55679.7337	-25129.2722	3518.8322	2108.7651	2347.0604
6197	55688.8940	-25133.2834	3518.8322	2108.7651	2347.4342
6198	55698.0543	-25137.2945	3518.8322	2108.7651	2347.8079
6199	55707.2146	-25141.3056	3518.8322	2108.7651	2348.1817
6200	55716.3749	-25145.3167	3518.8322	2108.7651	2348.5555
6201	55725.5352	-25149.3278	3518.8322	2108.7651	2348.9293
6202	55734.6955	-25153.3389	3518.8322	2108.7651	2349.3031
6203	55743.8558	-25157.3500	3518.8322	2108.7651	2349.6769
6204	55753.0161	-25161.3611	3518.8322	2108.7651	2350.0507
6205	55762.1764	-25165.3722	3518.8322	2108.7651	2350.4244
6206	55771.3366	-25169.3834	3518.8322	2108.7651	2350.7982
6207	55780.4969	-25173.3945	3518.8322	2108.7651	2351.1720
6208	55789.6572	-25177.4056	3518.8322	2108.7651	2351.5458
6209	55798.8175	-25181.4167	3518.8322	2108.7651	2351.9196
6210	55807.9778	-25185.4278	3518.8322	2108.7651	2352.2934
6211	55817.1381	-25189.4389	3518.8322	2108.7651	2352.6671
6212	55826.2984	-25193.4500	3518.8322	2108.7651	2353.0409
6213	55835.4587	-25197.4611	3518.8322	2108.7651	2353.4147
6214	55844.6190	-25201.4722	3518.8322	2108.7651	2353.7885
6215	55853.7793	-25205.4834	3518.8322	2108.7651	2354.1623
6216	55862.9396	-25209.4945	3518.8322	2108.7651	2354.5361
6217	55872.0999	-25213.5056	3518.8322	2108.7651	2354.9099
6218	55881.2602	-25217.5167	3518.8322	2108.7651	2355.2836
6219	55890.4205	-25221.5278	3518.8322	2108.7651	2355.6574
6220	55899.5808	-25225.5389	3518.8322	2108.7651	2356.0312
6221	55908.7411	-25229.5500	3518.8322	2108.7651	2356.4050
6222	55917.9014	-25233.5611	3518.8322	2108.7651	2356.7788
6223	55927.0616	-25237.5722	3518.8322	2108.7651	2357.1526
6224	55936.2219	-25241.5833	3518.8322	2108.7651	2357.5264
6225	55945.3822	-25245.5945	3518.8322	2108.7651	2357.9001
6226	55954.5425	-25249.6056	3518.8322	2108.7651	2358.2739
6227	55963.7028	-25253.6167	3518.8322	2108.7651	2358.6477
6228	55972.8631	-25257.6278	3518.8322	2108.7651	2359.0215
6229	55982.0234	-25261.6389	3518.8322	2108.7651	2359.3953
6230	55991.1837	-25265.6500	3518.8322	2108.7651	2359.7691
6231	56000.3440	-25269.6611	3518.8322	2108.7651	2360.1428
6232	56009.5043	-25273.6722	3518.8322	2108.7651	2360.5166
6233	56018.6646	-25277.6833	3518.8322	2108.7651	2360.8904
6234	56027.8249	-25281.6945	3518.8322	2108.7651	2361.2642
6235	56036.9852	-25285.7056	3518.8322	2108.7651	2361.6380
6236	56046.1455	-25289.7167	3518.8322	2108.7651	2362.0118
6237	56055.3058	-25293.7278	3518.8322	2108.7651	2362.3856
6238	56064.4661	-25297.7389	3518.8322	2108.7651	2362.7593
6239	56073.6264	-25301.7500	3518.8322	2108.7651	2363.1331
6240	56082.7866	-25305.7611	3518.8322	2108.7651	2363.5069
6241	56091.9469	-25309.7722	3518.8322	2108.7651	2363.8807
6242	56101.1072	-25313.7833	3518.8322	2108.7651	2364.2545
6243	56110.2675	-25317.7945	3518.8322	2108.7651	2364.6283
6244	56119.4278	-25321.8056	3518.8322	2108.7651	2365.0021
6245	56128.5881	-25325.8167	3518.8322	2108.7651	2365.3758
6246	56137.7484	-25329.8278	3518.8322	2108.7651	2365.7496
6247	56146.9087	-25333.8389	3518.8322	2108.7651	2366.1234
6248	56156.0690	-25337.8500	3518.8322	2108.7651	2366.4972
6249	56165.2293	-25341.8611	3518.8322	2108.7651	2366.8710
6250	56174.3896	-25345.8722	3518.8322	2108.7651	2367.2448
6251	56183.5499	-25349.8833	3518.8322	2108.7651	2367.6186
6252	56192.7102	-25353.8945	3518.8322	2108.7651	2367.9923
6253	56201.8705	-25357.9056	3518.8322	2108.7651	2368.3661
6254	56211.0308	-25361.9167	3518.8322	2108.7651	2368.7399
6255	56220.1911	-25365.9278	3518.8322	2108.7651	2369.1137
6256	56229.3514	-25369.9389	3518.8322	2108.7651	2369.4875
6257	56238.5117	-25373.9500	3518.8322	2108.7651	2369.8613
6258	56247.6719	-25377.9611	3518.8322	2108.7651	2370.2350
6259	56256.8322	-25381.9722	3518.8322	2108.7651	2370.6088
6260	56265.9925	-25385.9833	3518.8322	2108.7651	2370.9826
6261	56275.1528	-25389.9945	3518.8322	2108.7651	2371.3564
6262	56284.3131	-25394.0056	3518.8322	2108.7651	2371.7302
6263	56293.4734	-25398.0167	3518.8322	2108.7651	2372.1040
6264	56302.6337	-25402.0278	3518.8322	2108.7651	2372.4778
6265	56311.7940	-25406.0389	3518.8322	2108.7651	2372.8515
6266	56320.9543	-25410.0500	3518.8322	2108.7651	2373.2253
6267	56330.1146	-25414.0611	3518.8322	2108.7651	2373.5991
6268	56339.2749	-25418.0722	3518.8322	2108.7651	2373.9729
6269	56348.4352	-25422.0833	3518.8322	2108.7651	2374.3467
6270	56357.5955	-25426.0944	3518.8322	2108.7651	2374.7205
6271	56366.7558	-25430.1056	3518.8322	2108.7651	2375.0943
6272	56375.9161	-25434.1167	3518.8322	2108.7651	2375.4680
6273	56385.0764	-25438.1278	3518.8322	2108.7651	2375.8418
6274	56394.2367	-25442.1389	3518.8322	2108.7651	2376.2156
6275	56403.3969	-25446.1500	3518.8322	2108.7651	2376.5894
6276	56412.5572	-25450.1611	3518.8322	2108.7651	2376.9632
6277	56421.7175	-25454.1722	3518.8322	2108.7651	2377.3370
6278	56430.8778	-25458.1833	3518.8322	2108.7651	2377.7107
6279	56440.0381	-25462.1944	3518.8322	2108.7651	2378.0845
6280	56449.1984	-25466.2056	3518.8322	2108.7651	2378.4583
6281	56458.3587	-25470.2167	3518.8322	2108.7651	2378.8321
6282	56467.5190	-25474.2278	3518.8322	2108.7651	2379.2059
6283	56476.6793	-25478.2389	3518.8322	2108.7651	2379.5797
6284	56485.8396	-25482.2500	3518.8322	2108.7651	2379.9535
6285	56494.9999	-25486.2611	3518.8322	2108.7651	2380.3272
6286	56504.1602	-25490.2722	3518.8322	2108.7651	2380.7010
6287	56513.3205	-25494.2833	3518.8322	2108.7651	2381.0748
6288	56522.4808	-25498.2944	3518.8322	2108.7651	2381.4486
6289	56531.6411	-25502.3056	3518.8322	2108.7651	2381.8224
6290	56540.8014	-25506.3167	3518.8322	2108.7651	2382.1962
6291	56549.9617	-25510.3278	3518.8322	2108.7651	2382.5700
6292	56559.1219	-25514.3389	3518.8322	2108.7651	2382.9437
6293	56568.2822	-25518.3500	3518.8322	2108.7651	2383.3175
6294	56577.4425	-25522.3611	3518.8322	2108.7651	2383.6913
6295	56586.6028	-25526.3722	3518.8322	2108.7651	2384.0651
6296	56595.7631	-25530.3833	3518.8322	2108.7651	2384.4389
6297	56604.9234	-25534.3944	3518.8322	2108.7651	2384.8127
6298	56614.0837	-25538.4056	3518.8322	2108.7651	2385.1864
6299	56623.2440	-25542.4167	3518.8322	2108.7651	2385.5602
6300	56632.4043	-25546.4278	3518.8322	2108.7651	2385.9340
6301	56641.5646	-25550.4389	3518.8322	2108.7651	2386.3078
6302	56650.7249	-25554.4500	3518.8322	2108.7651	2386.6816
6303	56659.8852	-25558.4611	3518.8322	2108.7651	2387.0554
6304	56669.0455	-25562.4722	3518.8322	2108.7651	2387.4292
6305	56678.2058	-25566.4833	3518.8322	2108.7651	2387.8029
6306	56687.3661	-25570.4944	3518.8322	2108.7651	2388.1767
6307	56696.5264	-25574.5056	3518.8322	2108.7651	2388.5505
6308	56705.6867	-25578.5167	3518.8322	2108.7651	2388.9243
6309	56714.8469	-25582.5278	3518.8322	2108.7651	2389.2981
6310	56724.0072	-25586.5389	3518.8322	2108.7651	2389.6719
6311	56733.1675	-25590.5500	3518.8322	2108.7651	2390.0457
6312	56742.3278	-25594.5611	3518.8322	2108.7651	2390.4194
6313	56751.4881	-25598.5722	3518.8322	2108.7651	2390.7932
6314	56760.6484	-25602.5833	3518.8322	2108.7651	2391.1670
6315	56769.8087	-25606.5944	3518.8322	2108.7651	2391.5408
6316	56778.9690	-25610.6055	3518.8322	2108.7651	2391.9146
6317	56788.1293	-25614.6167	3518.8322	2108.7651	2392.2884
6318	56797.2896	-25618.6278	3518.8322	2108.7651	2392.6621
6319	56806.4499	-25622.6389	3518.8322	2108.7651	2393.0359
6320	56815.6102	-25626.6500	3518.8322	2108.7651	2393.4097
6321	56824.7705	-25630.6611	3518.8322	2108.7651	2393.7835
6322	56833.9308	-25634.6722	3518.8322	2108.7651	2394.1573
6323	56843.0911	-25638.6833	3518.8322	2108.7651	2394.5311
6324	56852.2514	-25642.6944	3518.8322	2108.7651	2394.9049
6325	56861.4117	-25646.7055	3518.8322	2108.7651	2395.2786
6326	56870.5720	-25650.7167	3518.8322	2108.7651	2395.6524
6327	56879.7322	-25654.7278	3518.8322	2108.7651	2396.0262
6328	56888.8925	-25658.7389	3518.8322	2108.7651	2396.4000
6329	56898.0528	-25662.7500	3518.8322	2108.7651	2396.7738
6330	56907.2131	-25666.7611	3518.8322	2108.7651	2397.1476
6331	56916.3734	-25670.7722	3518.8322	2108.7651	2397.5214
6332	56925.5337	-25674.7833	3518.8322	2108.7651	2397.8951
6333	56934.6940	-25678.7944	3518.8322	2108.7651	2398.2689
6334	56943.8543	-25682.8055	3518.8322	2108.7651	2398.6427
6335	56953.0146	-25686.8167	3518.8322	2108.7651	2399.0165
6336	56962.1749	-25690.8278	3518.8322	2108.7651	2399.3903
6337	56971.3352	-25694.8389	3518.8322	2108.7651	2399.7641
6338	56980.4955	-25698.8500	3518.8322	2108.7651	2400.1378
6339	56989.6558	-25702.8611	3518.8322	2108.7651	2400.5116
6340	56998.8161	-25706.8722	3518.8322	2108.7651	2400.8854
6341	57007.9764	-25710.8833	3518.8322	2108.7651	2401.2592
6342	57017.1367	-25714.8944	3518.8322	2108.7651	2401.6330
6343	57026.2970	-25718.9055	3518.8322	2108.7651	2402.0068
6344	57035.4572	-25722.9167	3518.8322	2108.7651	2402.3806
6345	57044.6175	-25726.9278	3518.8322	2108.7651	2402.7543
6346	57053.7778	-25730.9389	3518.8322	2108.7651	2403.1281
6347	57062.9381	-25734.9500	3518.8322	2108.7651	2403.5019
6348	57072.0984	-25738.9611	3518.8322	2108.7651	2403.8757
6349	57081.2587	-25742.9722	3518.8322	2108.7651	2404.2495
6350	57090.4190	-25746.9833	3518.8322	2108.7651	2404.6233
6351	57099.5793	-25750.9944	3518.8322	2108.7651	2404.9971
6352	57108.7396	-25755.0055	3518.8322	2108.7651	2405.3708
6353	57117.8999	-25759.0166	3518.8322	2108.7651	2405.7446
6354	57127.0602	-25763.0278	3518.8322	2108.7651	2406.1184
6355	57136.2205	-25767.0389	3518.8322	2108.7651	2406.4922
6356	57145.3808	-25771.0500	3518.8322	2108.7651	2406.8660
6357	57154.5411	-25775.0611	3518.8322	2108.7651	2407.2398
6358	57163.7014	-25779.0722	3518.8322	2108.7651	2407.6135
6359	57172.8617	-25783.0833	3518.8322	2108.7651	2407.9873
6360	57182.0220	-25787.0944	3518.8322	2108.7651	2408.3611
6361	57191.1822	-25791.1055	3518.8322	2108.7651	2408.7349
6362	57200.3425	-25795.1166	3518.8322	2108.7651	2409.1087
6363	57209.5028	-25799.1278	3518.8322	2108.7651	2409.4825
6364	57218.6631	-25803.1389	3518.8322	2108.7651	2409.8563
6365	57227.8234	-25807.1500	3518.8322	2108.7651	2410.2300
6366	57236.9837	-25811.1611	3518.8322	2108.7651	2410.6038
6367	57246.1440	-25815.1722	3518.8322	2108.7651	2410.9776
6368	57255.3043	-25819.1833	3518.8322	2108.7651	2411.3514
6369	57264.4646	-25823.1944	3518.8322	2108.7651	2411.7252
6370	57273.6249	-25827.2055	3518.8322	2108.7651	2412.0990
6371	57282.7852	-25831.2166	3518.8322	2108.7651	2412.4728
6372	57291.9455	-25835.2278	3518.8322	2108.7651	2412.8465
6373	57301.1058	-25839.2389	3518.8322	2108.7651	2413.2203
6374	57310.2661	-25843.2500	3518.8322	2108.7651	2413.5941
6375	57319.4264	-25847.2611	3518.8322	2108.7651	2413.9679
6376	57328.5867	-25851.2722	3518.8322	2108.7651	2414.3417
6377	57337.7470	-25855.2833	3518.8322	2108.7651	2414.7155
6378	57346.9072	-25859.2944	3518.8322	2108.7651	2415.0893
6379	57356.0675	-25863.3055	3518.8322	2108.7651	2415.4630
6380	57365.2278	-25867.3166	3518.8322	2108.7651	2415.8368
6381	57374.3881	-25871.3278	3518.8322	2108.7651	2416.2106
6382	57383.5484	-25875.3389	3518.8322	2108.7651	2416.5844
6383	57392.7087	-25879.3500	3518.8322	2108.7651	2416.9582
6384	57401.8690	-25883.3611	3518.8322	2108.7651	2417.3320
6385	57411.0293	-25887.3722	3518.8322	2108.7651	2417.7057
6386	57420.1896	-25891.3833	3518.8322	2108.7651	2418.0795
6387	57429.3499	-25895.3944	3518.8322	2108.7651	2418.4533
6388	57438.5102	-25899.4055	3518.8322	2108.7651	2418.8271
6389	57447.6705	-25903.4166	3518.8322	2108.7651	2419.2009
6390	57456.8308	-25907.4278	3518.8322	2108.7651	2419.5747
6391	57465.9911	-25911.4389	3518.8322	2108.7651	2419.9485
6392	57475.1514	-25915.4500	3518.8322	2108.7651	2420.3222
6393	57484.3117	-25919.4611	3518.8322	2108.7651	2420.6960
6394	57493.4720	-25923.4722	3518.8322	2108.7651	2421.0698
6395	57502.6322	-25927.4833	3518.8322	2108.7651	2421.4436
6396	57511.7925	-25931.4944	3518.8322	2108.7651	2421.8174
6397	57520.9528	-25935.5055	3518.8322	2108.7651	2422.1912
6398	57530.1131	-25939.5166	3518.8322	2108.7651	2422.5650
6399	57539.2734	-25943.5277	3518.8322	2108.7651	2422.9387
6400	57548.4337	-25947.5389	3518.8322	2108.7651	2423.3125
6401	57557.5940	-25951.5500	3518.8322	2108.7651	2423.6863
6402	57566.7543	-25955.5611	3518.8322	2108.7651	2424.0601
6403	57575.9146	-25959.5722	3518.8322	2108.7651	2424.4339
6404	57585.0749	-25963.5833	3518.8322	2108.7651	2424.8077
6405	57594.2352	-25967.5944	3518.8322	2108.7651	2425.1814
6406	57603.3955	-25971.6055	3518.8322	2108.7651	2425.5552
6407	57612.5558	-25975.6166	3518.8322	2108.7651	2425.9290
6408	57621.7161	-25979.6277	3518.8322	2108.7651	2426.3028
6409	57630.8764	-25983.6389	3518.8322	2108.7651	2426.6766
6410	57640.0367	-25987.6500	3518.8322	2108.7651	2427.0504
6411	57649.1970	-25991.6611	3518.8322	2108.7651	2427.4242
6412	57658.3573	-25995.6722	3518.8322	2108.7651	2427.7979
6413	57667.5175	-25999.6833	3518.8322	2108.7651	2428.1717
6414	57676.6778	-26003.6944	3518.8322	2108.7651	2428.5455
6415	57685.8381	-26007.7055	3518.8322	2108.7651	2428.9193
6416	57694.9984	-26011.7166	3518.8322	2108.7651	2429.2931
6417	57704.1587	-26015.7277	3518.8322	2108.7651	2429.6669
6418	57713.3190	-26019.7389	3518.8322	2108.7651	2430.0407
6419	57722.4793	-26023.7500	3518.8322	2108.7651	2430.4144
6420	57731.6396	-26027.7611	3518.8322	2108.7651	2430.7882
6421	57740.7999	-26031.7722	3518.8322	2108.7651	2431.1620
6422	57749.9602	-26035.7833	3518.8322	2108.7651	2431.5358
6423	57759.1205	-26039.7944	3518.8322	2108.7651	2431.9096
6424	57768.2808	-26043.8055	3518.8322	2108.7651	2432.2834
6425	57777.4411	-26047.8166	3518.8322	2108.7651	2432.6571
6426	57786.6014	-26051.8277	3518.8322	2108.7651	2433.0309
6427	57795.7617	-26055.8389	3518.8322	2108.7651	2433.4047
6428	57804.9220	-26059.8500	3518.8322	2108.7651	2433.7785
6429	57814.0823	-26063.8611	3518.8322	2108.7651	2434.1523
6430	57823.2425	-26067.8722	3518.8322	2108.7651	2434.5261
6431	57832.4028	-26071.8833	3518.8322	2108.7651	2434.8999
6432	57841.5631	-26075.8944	3518.8322	2108.7651	2435.2736
6433	57850.7234	-26079.9055	3518.8322	2108.7651	2435.6474
6434	57859.8837	-26083.9166	3518.8322	2108.7651	2436.0212
6435	57869.0440	-26087.9277	3518.8322	2108.7651	2436.3950
6436	57878.2043	-26091.9389	3518.8322	2108.7651	2436.7688
6437	57887.3646	-26095.9500	3518.8322	2108.7651	2437.1426
6438	57896.5249	-26099.9611	3518.8322	2108.7651	2437.5164
6439	57905.6852	-26103.9722	3518.8322	2108.7651	2437.8901
6440	57914.8455	-26107.9833	3518.8322	2108.7651	2438.2639
6441	57924.0058	-26111.9944	3518.8322	2108.7651	2438.6377
6442	57933.1661	-26116.0055	3518.8322	2108.7651	2439.0115
6443	57942.3264	-26120.0166	3518.8322	2108.7651	2439.3853
6444	57951.4867	-26124.0277	3518.8322	2108.7651	2439.7591
6445	57960.6470	-26128.0388	3518.8322	2108.7651	2440.1328
6446	57969.8073	-26132.0500	3518.8322	2108.7651	2440.5066
6447	57978.9675	-26136.0611	3518.8322	2108.7651	2440.8804
6448	57988.1278	-26140.0722	3518.8322	2108.7651	2441.2542
6449	57997.2881	-26144.0833	3518.8322	2108.7651	2441.6280
6450	58006.4484	-26148.0944	3518.8322	2108.7651	2442.0018
6451	58015.6087	-26152.1055	3518.8322	2108.7651	2442.3756
6452	58024.7690	-26156.1166	3518.8322	2108.7651	2442.7493
6453	58033.9293	-26160.1277	3518.8322	2108.7651	2443.1231
6454	58043.0896	-26164.1388	3518.8322	2108.7651	2443.4969
6455	58052.2499	-26168.1500	3518.8322	2108.7651	2443.8707
6456	58061.4102	-26172.1611	3518.8322	2108.7651	2444.2445
6457	58070.5705	-26176.1722	3518.8322	2108.7651	2444.6183
6458	58079.7308	-26180.1833	3518.8322	2108.7651	2444.9921
6459	58088.8911	-26184.1944	3518.8322	2108.7651	2445.3658
6460	58098.0514	-26188.2055	3518.8322	2108.7651	2445.7396
6461	58107.2117	-26192.2166	3518.8322	2108.7651	2446.1134
6462	58116.3720	-26196.2277	3518.8322	2108.7651	2446.4872
6463	58125.5323	-26200.2388	3518.8322	2108.7651	2446.8610
6464	58134.6925	-26204.2500	3518.8322	2108.7651	2447.2348
6465	58143.8528	-26208.2611	3518.8322	2108.7651	2447.6085
6466	58153.0131	-26212.2722	3518.8322	2108.7651	2447.9823
6467	58162.1734	-26216.2833	3518.8322	2108.7651	2448.3561
6468	58171.3337	-26220.2944	3518.8322	2108.7651	2448.7299
6469	58180.4940	-26224.3055	3518.8322	2108.7651	2449.1037
6470	58189.6543	-26228.3166	3518.8322	2108.7651	2449.4775
6471	58198.8146	-26232.3277	3518.8322	2108.7651	2449.8513
6472	58207.9749	-26236.3388	3518.8322	2108.7651	2450.2250
6473	58217.1352	-26240.3500	3518.8322	2108.7651	2450.5988
6474	58226.2955	-26244.3611	3518.8322	2108.7651	2450.9726
6475	58235.4558	-26248.3722	3518.8322	2108.7651	2451.3464
6476	58244.6161	-26252.3833	3518.8322	2108.7651	2451.7202
6477	58253.7764	-26256.3944	3518.8322	2108.7651	2452.0940
6478	58262.9367	-26260.4055	3518.8322	2108.7651	2452.4678
6479	58272.0970	-26264.4166	3518.8322	2108.7651	2452.8415
6480	58281.2573	-26268.4277	3518.8322	2108.7651	2453.2153
6481	58290.4175	-26272.4388	3518.8322	2108.7651	2453.5891
6482	58299.5778	-26276.4500	3518.8322	2108.7651	2453.9629
6483	58308.7381	-26280.4611	3518.8322	2108.7651	2454.3367
6484	58317.8984	-26284.4722	3518.8322	2108.7651	2454.7105
6485	58327.0587	-26288.4833	3518.8322	2108.7651	2455.0842
6486	58336.2190	-26292.4944	3518.8322	2108.7651	2455.4580
6487	58345.3793	-26296.5055	3518.8322	2108.7651	2455.8318
6488	58354.5396	-26300.5166	3518.8322	2108.7651	2456.2056
6489	58363.6999	-26304.5277	3518.8322	2108.7651	2456.5794
6490	58372.8602	-26308.5388	3518.8322	2108.7651	2456.9532
6491	58382.0205	-26312.5499	3518.8322	2108.7651	2457.3270
6492	58391.1808	-26316.5611	3518.8322	2108.7651	2457.7007
6493	58400.3411	-26320.5722	3518.8322	2108.7651	2458.0745
6494	58409.5014	-26324.5833	3518.8322	2108.7651	2458.4483
6495	58418.6617	-26328.5944	3518.8322	2108.7651	2458.8221
6496	58427.8220	-26332.6055	3518.8322	2108.7651	2459.1959
6497	58436.9823	-26336.6166	3518.8322	2108.7651	2459.5697
6498	58446.1426	-26340.6277	3518.8322	2108.7651	2459.9435
6499	58455.3028	-26344.6388	3518.8322	2108.7651	2460.3172
6500	58464.4631	-26348.6499	3518.8322	2108.7651	2460.6910
6501	58473.6234	-26352.6611	3518.8322	2108.7651	2461.0648
6502	58482.7837	-26356.6722	3518.8322	2108.7651	2461.4386
6503	58491.9440	-26360.6833	3518.8322	2108.7651	2461.8124
6504	58501.1043	-26364.6944	3518.8322	2108.7651	2462.1862
6505	58510.2646	-26368.7055	3518.8322	2108.7651	2462.5600
6506	58519.4249	-26372.7166	3518.8322	2108.7651	2462.9337
6507	58528.5852	-26376.7277	3518.8322	2108.7651	2463.3075
6508	58537.7455	-26380.7388	3518.8322	2108.7651	2463.6813
6509	58546.9058	-26384.7499	3518.8322	2108.7651	2464.0551
6510	58556.0661	-26388.7611	3518.8322	2108.7651	2464.4289
6511	58565.2264	-26392.7722	3518.8322	2108.7651	2464.8027
6512	58574.3867	-26396.7833	3518.8322	2108.7651	2465.1764
6513	58583.5470	-26400.7944	3518.8322	2108.7651	2465.5502
6514	58592.7073	-26404.8055	3518.8322	2108.7651	2465.9240
6515	58601.8676	-26408.8166	3518.8322	2108.7651	2466.2978
6516	58611.0278	-26412.8277	3518.8322	2108.7651	2466.6716
6517	58620.1881	-26416.8388	3518.8322	2108.7651	2467.0454
6518	58629.3484	-26420.8499	3518.8322	2108.7651	2467.4192
6519	58638.5087	-26424.8611	3518.8322	2108.7651	2467.7929
6520	58647.6690	-26428.8722	3518.8322	2108.7651	2468.1667
6521	58656.8293	-26432.8833	3518.8322	2108.7651	2468.5405
6522	58665.9896	-26436.8944	3518.8322	2108.7651	2468.9143
6523	58675.1499	-26440.9055	3518.8322	2108.7651	2469.2881
6524	58684.3102	-26444.9166	3518.8322	2108.7651	2469.6619
6525	58693.4705	-26448.9277	3518.8322	2108.7651	2470.0357
6526	58702.6308	-26452.9388	3518.8322	2108.7651	2470.4094
6527	58711.7911	-26456.9499	3518.8322	2108.7651	2470.7832
6528	58720.9514	-26460.9611	3518.8322	2108.7651	2471.1570
6529	58730.1117	-26464.9722	3518.8322	2108.7651	2471.5308
6530	58739.2720	-26468.9833	3518.8322	2108.7651	2471.9046
6531	58748.4323	-26472.9944	3518.8322	2108.7651	2472.2784
6532	58757.5926	-26477.0055	3518.8322	2108.7651	2472.6521
6533	58766.7528	-26481.0166	3518.8322	2108.7651	2473.0259
6534	58775.9131	-26485.0277	3518.8322	2108.7651	2473.3997
6535	58785.0734	-26489.0388	3518.8322	2108.7651	2473.7735
6536	58794.2337	-26493.0499	3518.8322	2108.7651	2474.1473
6537	58803.3940	-26497.0610	3518.8322	2108.7651	2474.5211
6538	58812.5543	-26501.0722	3518.8322	2108.7651	2474.8949
6539	58821.7146	-26505.0833	3518.8322	2108.7651	2475.2686
6540	58830.8749	-26509.0944	3518.8322	2108.7651	2475.6424
6541	58840.0352	-26513.1055	3518.8322	2108.7651	2476.0162
6542	58849.1955	-26517.1166	3518.8322	2108.7651	2476.3900
6543	58858.3558	-26521.1277	3518.8322	2108.7651	2476.7638
6544	58867.5161	-26525.1388	3518.8322	2108.7651	2477.1376
6545	58876.6764	-26529.1499	3518.8322	2108.7651	2477.5114
6546	58885.8367	-26533.1610	3518.8322	2108.7651	2477.8851
6547	58894.9970	-26537.1722	3518.8322	2108.7651	2478.2589
6548	58904.1573	-26541.1833	3518.8322	2108.7651	2478.6327
6549	58913.3176	-26545.1944	3518.8322	2108.7651	2479.0065
6550	58922.4778	-26549.2055	3518.8322	2108.7651	2479.3803
6551	58931.6381	-26553.2166	3518.8322	2108.7651	2479.7541
6552	58940.7984	-26557.2277	3518.8322	2108.7651	2480.1278
6553	58949.9587	-26561.2388	3518.8322	2108.7651	2480.5016
6554	58959.1190	-26565.2499	3518.8322	2108.7651	2480.8754
6555	58968.2793	-26569.2610	3518.8322	2108.7651	2481.2492
6556	58977.4396	-26573.2722	3518.8322	2108.7651	2481.6230
6557	58986.5999	-26577.2833	3518.8322	2108.7651	2481.9968
6558	58995.7602	-26581.2944	3518.8322	2108.7651	2482.3706
6559	59004.9205	-26585.3055	3518.8322	2108.7651	2482.7443
6560	59014.0808	-26589.3166	3518.8322	2108.7651	2483.1181
6561	59023.2411	-26593.3277	3518.8322	2108.7651	2483.4919
6562	59032.4014	-26597.3388	3518.8322	2108.7651	2483.8657
6563	59041.5617	-26601.3499	3518.8322	2108.7651	2484.2395
6564	59050.7220	-26605.3610	3518.8322	2108.7651	2484.6133
6565	59059.8823	-26609.3722	3518.8322	2108.7651	2484.9871
6566	59069.0426	-26613.3833	3518.8322	2108.7651	2485.3608
6567	59078.2029	-26617.3944	3518.8322	2108.7651	2485.7346
6568	59087.3631	-26621.4055	3518.8322	2108.7651	2486.1084
6569	59096.5234	-26625.4166	3518.8322	2108.7651	2486.4822
6570	59105.6837	-26629.4277	3518.8322	2108.7651	2486.8560
6571	59114.8440	-26633.4388	3518.8322	2108.7651	2487.2298
6572	59124.0043	-26637.4499	3518.8322	2108.7651	2487.6035
6573	59133.1646	-26641.4610	3518.8322	2108.7651	2487.9773
6574	59142.3249	-26645.4721	3518.8322	2108.7651	2488.3511
6575	59151.4852	-26649.4833	3518.8322	2108.7651	2488.7249
6576	59160.6455	-26653.4944	3518.8322	2108.7651	2489.0987
6577	59169.8058	-26657.5055	3518.8322	2108.7651	2489.4725
6578	59178.9661	-26661.5166	3518.8322	2108.7651	2489.8463
6579	59188.1264	-26665.5277	3518.8322	2108.7651	2490.2200
6580	59197.2867	-26669.5388	3518.8322	2108.7651	2490.5938
6581	59206.4470	-26673.5499	3518.8322	2108.7651	2490.9676
6582	59215.6073	-26677.5610	3518.8322	2108.7651	2491.3414
6583	59224.7676	-26681.5721	3518.8322	2108.7651	2491.7152
6584	59233.9279	-26685.5833	3518.8322	2108.7651	2492.0890
6585	59243.0881	-26689.5944	3518.8322	2108.7651	2492.4628
6586	59252.2484	-26693.6055	3518.8322	2108.7651	2492.8365
6587	59261.4087	-26697.6166	3518.8322	2108.7651	2493.2103
6588	59270.5690	-26701.6277	3518.8322	2108.7651	2493.5841
6589	59279.7293	-26705.6388	3518.8322	2108.7651	2493.9579
6590	59288.8896	-26709.6499	3518.8322	2108.7651	2494.3317
6591	59298.0499	-26713.6610	3518.8322	2108.7651	2494.7055
6592	59307.2102	-26717.6721	3518.8322	2108.7651	2495.0792
6593	59316.3705	-26721.6833	3518.8322	2108.7651	2495.4530
6594	59325.5308	-26725.6944	3518.8322	2108.7651	2495.8268
6595	59334.6911	-26729.7055	3518.8322	2108.7651	2496.2006
6596	59343.8514	-26733.7166	3518.8322	2108.7651	2496.5744
6597	59353.0117	-26737.7277	3518.8322	2108.7651	2496.9482
6598	59362.1720	-26741.7388	3518.8322	2108.7651	2497.3220
6599	59371.3323	-26745.7499	3518.8322	2108.7651	2497.6957
6600	59380.4926	-26749.7610	3518.8322	2108.7651	2498.0695
6601	59389.6529	-26753.7721	3518.8322	2108.7651	2498.4433
6602	59398.8131	-26757.7833	3518.8322	2108.7651	2498.8171
6603	59407.9734	-26761.7944	3518.8322	2108.7651	2499.1909
6604	59417.1337	-26765.8055	3518.8322	2108.7651	2499.5647
6605	59426.2940	-26769.8166	3518.8322	2108.7651	2499.9385
6606	59435.4543	-26773.8277	3518.8322	2108.7651	2500.3122
6607	59444.6146	-26777.8388	3518.8322	2108.7651	2500.6860
6608	59453.7749	-26781.8499	3518.8322	2108.7651	2501.0598
6609	59462.9352	-26785.8610	3518.8322	2108.7651	2501.4336
6610	59472.0955	-26789.8721	3518.8322	2108.7651	2501.8074
6611	59481.2558	-26793.8833	3518.8322	2108.7651	2502.1812
6612	59490.4161	-26797.8944	3518.8322	2108.7651	2502.5549
6613	59499.5764	-26801.9055	3518.8322	2108.7651	2502.9287
6614	59508.7367	-26805.9166	3518.8322	2108.7651	2503.3025
6615	59517.8970	-26809.9277	3518.8322	2108.7651	2503.6763
6616	59527.0573	-26813.9388	3518.8322	2108.7651	2504.0501
6617	59536.2176	-26817.9499	3518.8322	2108.7651	2504.4239
6618	59545.3779	-26821.9610	3518.8322	2108.7651	2504.7977
6619	59554.5381	-26825.9721	3518.8322	2108.7651	2505.1714
6620	59563.6984	-26829.9832	3518.8322	2108.7651	2505.5452
6621	59572.8587	-26833.9944	3518.8322	2108.7651	2505.9190
6622	59582.0190	-26838.0055	3518.8322	2108.7651	2506.2928
6623	59591.1793	-26842.0166	3518.8322	2108.7651	2506.6666
6624	59600.3396	-26846.0277	3518.8322	2108.7651	2507.0404
6625	59609.4999	-26850.0388	3518.8322	2108.7651	2507.4142
6626	59618.6602	-26854.0499	3518.8322	2108.7651	2507.7879
6627	59627.8205	-26858.0610	3518.8322	2108.7651	2508.1617
6628	59636.9808	-26862.0721	3518.8322	2108.7651	2508.5355
6629	59646.1411	-26866.0832	3518.8322	2108.7651	2508.9093
6630	59655.3014	-26870.0944	3518.8322	2108.7651	2509.2831
6631	59664.4617	-26874.1055	3518.8322	2108.7651	2509.6569
6632	59673.6220	-26878.1166	3518.8322	2108.7651	2510.0307
6633	59682.7823	-26882.1277	3518.8322	2108.7651	2510.4044
6634	59691.9426	-26886.1388	3518.8322	2108.7651	2510.7782
6635	59701.1029	-26890.1499	3518.8322	2108.7651	2511.1520
6636	59710.2631	-26894.1610	3518.8322	2108.7651	2511.5258
6637	59719.4234	-26898.1721	3518.8322	2108.7651	2511.8996
6638	59728.5837	-26902.1832	3518.8322	2108.7651	2512.2734
6639	59737.7440	-26906.1944	3518.8322	2108.7651	2512.6471
6640	59746.9043	-26910.2055	3518.8322	2108.7651	2513.0209
6641	59756.0646	-26914.2166	3518.8322	2108.7651	2513.3947
6642	59765.2249	-26918.2277	3518.8322	2108.7651	2513.7685
6643	59774.3852	-26922.2388	3518.8322	2108.7651	2514.1423
6644	59783.5455	-26926.2499	3518.8322	2108.7651	2514.5161
6645	59792.7058	-26930.2610	3518.8322	2108.7651	2514.8899
6646	59801.8661	-26934.2721	3518.8322	2108.7651	2515.2636
6647	59811.0264	-26938.2832	3518.8322	2108.7651	2515.6374
6648	59820.1867	-26942.2944	3518.8322	2108.7651	2516.0112
6649	59829.3470	-26946.3055	3518.8322	2108.7651	2516.3850
6650	59838.5073	-26950.3166	3518.8322	2108.7651	2516.7588
6651	59847.6676	-26954.3277	3518.8322	2108.7651	2517.1326
6652	59856.8279	-26958.3388	3518.8322	2108.7651	2517.5064
6653	59865.9882	-26962.3499	3518.8322	2108.7651	2517.8801
6654	59875.1484	-26966.3610	3518.8322	2108.7651	2518.2539
6655	59884.3087	-26970.3721	3518.8322	2108.7651	2518.6277
6656	59893.4690	-26974.3832	3518.8322	2108.7651	2519.0015
6657	59902.6293	-26978.3944	3518.8322	2108.7651	2519.3753
6658	59911.7896	-26982.4055	3518.8322	2108.7651	2519.7491
6659	59920.9499	-26986.4166	3518.8322	2108.7651	2520.1228
6660	59930.1102	-26990.4277	3518.8322	2108.7651	2520.4966
6661	59939.2705	-26994.4388	3518.8322	2108.7651	2520.8704
6662	59948.4308	-26998.4499	3518.8322	2108.7651	2521.2442
6663	59957.5911	-27002.4610	3518.8322	2108.7651	2521.6180
6664	59966.7514	-27006.4721	3518.8322	2108.7651	2521.9918
6665	59975.9117	-27010.4832	3518.8322	2108.7651	2522.3656
6666	59985.0720	-27014.4943	3518.8322	2108.7651	2522.7393
6667	59994.2323	-27018.5055	3518.8322	2108.7651	2523.1131
6668	60003.3926	-27022.5166	3518.8322	2108.7651	2523.4869
6669	60012.5529	-27026.5277	3518.8322	2108.7651	2523.8607
6670	60021.7132	-27030.5388	3518.8322	2108.7651	2524.2345
6671	60030.8734	-27034.5499	3518.8322	2108.7651	2524.6083
6672	60040.0337	-27038.5610	3518.8322	2108.7651	2524.9821
6673	60049.1940	-27042.5721	3518.8322	2108.7651	2525.3558
6674	60058.3543	-27046.5832	3518.8322	2108.7651	2525.7296
6675	60067.5146	-27050.5943	3518.8322	2108.7651	2526.1034
6676	60076.6749	-27054.6055	3518.8322	2108.7651	2526.4772
6677	60085.8352	-27058.6166	3518.8322	2108.7651	2526.8510
6678	60094.9955	-27062.6277	3518.8322	2108.7651	2527.2248
6679	60104.1558	-27066.6388	3518.8322	2108.7651	2527.5985
6680	60113.3161	-27070.6499	3518.8322	2108.7651	2527.9723
6681	60122.4764	-27074.6610	3518.8322	2108.7651	2528.3461
6682	60131.6367	-27078.6721	3518.8322	2108.7651	2528.7199
6683	60140.7970	-27082.6832	3518.8322	2108.7651	2529.0937
6684	60149.9573	-27086.6943	3518.8322	2108.7651	2529.4675
6685	60159.1176	-27090.7055	3518.8322	2108.7651	2529.8413
6686	60168.2779	-27094.7166	3518.8322	2108.7651	2530.2150
6687	60177.4382	-27098.7277	3518.8322	2108.7651	2530.5888
6688	60186.5984	-27102.7388	3518.8322	2108.7651	2530.9626
6689	60195.7587	-27106.7499	3518.8322	2108.7651	2531.3364
6690	60204.9190	-27110.7610	3518.8322	2108.7651	2531.7102
6691	60214.0793	-27114.7721	3518.8322	2108.7651	2532.0840
6692	60223.2396	-27118.7832	3518.8322	2108.7651	2532.4578
6693	60232.3999	-27122.7943	3518.8322	2108.7651	2532.8315
6694	60241.5602	-27126.8055	3518.8322	2108.7651	2533.2053
6695	60250.7205	-27130.8166	3518.8322	2108.7651	2533.5791
6696	60259.8808	-27134.8277	3518.8322	2108.7651	2533.9529
6697	60269.0411	-27138.8388	3518.8322	2108.7651	2534.3267
6698	60278.2014	-27142.8499	3518.8322	2108.7651	2534.7005
6699	60287.3617	-27146.8610	3518.8322	2108.7651	2535.0742
6700	60296.5220	-27150.8721	3518.8322	2108.7651	2535.4480
6701	60305.6823	-27154.8832	3518.8322	2108.7651	2535.8218
6702	60314.8426	-27158.8943	3518.8322	2108.7651	2536.1956
6703	60324.0029	-27162.9055	3518.8322	2108.7651	2536.5694
6704	60333.1632	-27166.9166	3518.8322	2108.7651	2536.9432
6705	60342.3234	-27170.9277	3518.8322	2108.7651	2537.3170
6706	60351.4837	-27174.9388	3518.8322	2108.7651	2537.6907
6707	60360.6440	-27178.9499	3518.8322	2108.7651	2538.0645
6708	60369.8043	-27182.9610	3518.8322	2108.7651	2538.4383
6709	60378.9646	-27186.9721	3518.8322	2108.7651	2538.8121
6710	60388.1249	-27190.9832	3518.8322	2108.7651	2539.1859
6711	60397.2852	-27194.9943	3518.8322	2108.7651	2539.5597
6712	60406.4455	-27199.0054	3518.8322	2108.7651	2539.9335
6713	60415.6058	-27203.0166	3518.8322	2108.7651	2540.3072
6714	60424.7661	-27207.0277	3518.8322	2108.7651	2540.6810
6715	60433.9264	-27211.0388	3518.8322	2108.7651	2541.0548
6716	60443.0867	-27215.0499	3518.8322	2108.7651	2541.4286
6717	60452.2470	-27219.0610	3518.8322	2108.7651	2541.8024
6718	60461.4073	-27223.0721	3518.8322	2108.7651	2542.1762
6719	60470.5676	-27227.0832	3518.8322	2108.7651	2542.5499
6720	60479.7279	-27231.0943	3518.8322	2108.7651	2542.9237
6721	60488.8882	-27235.1054	3518.8322	2108.7651	2543.2975
6722	60498.0484	-27239.1166	3518.8322	2108.7651	2543.6713
6723	60507.2087	-27243.1277	3518.8322	2108.7651	2544.0451
6724	60516.3690	-27247.1388	3518.8322	2108.7651	2544.4189
6725	60525.5293	-27251.1499	3518.8322	2108.7651	2544.7927
6726	60534.6896	-27255.1610	3518.8322	2108.7651	2545.1664
6727	60543.8499	-27259.1721	3518.8322	2108.7651	2545.5402
6728	60553.0102	-27263.1832	3518.8322	2108.7651	2545.9140
6729	60562.1705	-27267.1943	3518.8322	2108.7651	2546.2878
6730	60571.3308	-27271.2054	3518.8322	2108.7651	2546.6616
6731	60580.4911	-27275.2166	3518.8322	2108.7651	2547.0354
6732	60589.6514	-27279.2277	3518.8322	2108.7651	2547.4092
6733	60598.8117	-27283.2388	3518.8322	2108.7651	2547.7829
6734	60607.9720	-27287.2499	3518.8322	2108.7651	2548.1567
6735	60617.1323	-27291.2610	3518.8322	2108.7651	2548.5305
6736	60626.2926	-27295.2721	3518.8322	2108.7651	2548.9043
6737	60635.4529	-27299.2832	3518.8322	2108.7651	2549.2781
6738	60644.6132	-27303.2943	3518.8322	2108.7651	2549.6519
6739	60653.7735	-27307.3054	3518.8322	2108.7651	2550.0256
6740	60662.9337	-27311.3166	3518.8322	2108.7651	2550.3994
6741	60672.0940	-27315.3277	3518.8322	2108.7651	2550.7732
6742	60681.2543	-27319.3388	3518.8322	2108.7651	2551.1470
6743	60690.4146	-27323.3499	3518.8322	2108.7651	2551.5208
6744	60699.5749	-27327.3610	3518.8322	2108.7651	2551.8946
6745	60708.7352	-27331.3721	3518.8322	2108.7651	2552.2684
6746	60717.8955	-27335.3832	3518.8322	2108.7651	2552.6421
6747	60727.0558	-27339.3943	3518.8322	2108.7651	2553.0159
6748	60736.2161	-27343.4054	3518.8322	2108.7651	2553.3897
6749	60745.3764	-27347.4166	3518.8322	2108.7651	2553.7635
6750	60754.5367	-27351.4277	3518.8322	2108.7651	2554.1373
6751	60763.6970	-27355.4388	3518.8322	2108.7651	2554.5111
6752	60772.8573	-27359.4499	3518.8322	2108.7651	2554.8849
6753	60782.0176	-27363.4610	3518.8322	2108.7651	2555.2586
6754	60791.1779	-27367.4721	3518.8322	2108.7651	2555.6324
6755	60800.3382	-27371.4832	3518.8322	2108.7651	2556.0062
6756	60809.4985	-27375.4943	3518.8322	2108.7651	2556.3800
6757	60818.6587	-27379.5054	3518.8322	2108.7651	2556.7538
6758	60827.8190	-27383.5165	3518.8322	2108.7651	2557.1276
6759	60836.9793	-27387.5277	3518.8322	2108.7651	2557.5014
6760	60846.1396	-27391.5388	3518.8322	2108.7651	2557.8751
6761	60855.2999	-27395.5499	3518.8322	2108.7651	2558.2489
6762	60864.4602	-27399.5610	3518.8322	2108.7651	2558.6227
6763	60873.6205	-27403.5721	3518.8322	2108.7651	2558.9965
6764	60882.7808	-27407.5832	3518.8322	2108.7651	2559.3703
6765	60891.9411	-27411.5943	3518.8322	2108.7651	2559.7441
6766	60901.1014	-27415.6054	3518.8322	2108.7651	2560.1178
6767	60910.2617	-27419.6165	3518.8322	2108.7651	2560.4916
6768	60919.4220	-27423.6277	3518.8322	2108.7651	2560.8654
6769	60928.5823	-27427.6388	3518.8322	2108.7651	2561.2392
6770	60937.7426	-27431.6499	3518.8322	2108.7651	2561.6130
6771	60946.9029	-27435.6610	3518.8322	2108.7651	2561.9868
6772	60956.0632	-27439.6721	3518.8322	2108.7651	2562.3606
6773	60965.2235	-27443.6832	3518.8322	2108.7651	2562.7343
6774	60974.3837	-27447.6943	3518.8322	2108.7651	2563.1081
6775	60983.5440	-27451.7054	3518.8322	2108.7651	2563.4819
6776	60992.7043	-27455.7165	3518.8322	2108.7651	2563.8557
6777	61001.8646	-27459.7277	3518.8322	2108.7651	2564.2295
6778	61011.0249	-27463.7388	3518.8322	2108.7651	2564.6033
6779	61020.1852	-27467.7499	3518.8322	2108.7651	2564.9771
6780	61029.3455	-27471.7610	3518.8322	2108.7651	2565.3508
6781	61038.5058	-27475.7721	3518.8322	2108.7651	2565.7246
6782	61047.6661	-27479.7832	3518.8322	2108.7651	2566.0984
6783	61056.8264	-27483.7943	3518.8322	2108.7651	2566.4722
6784	61065.9867	-27487.8054	3518.8322	2108.7651	2566.8460
6785	61075.1470	-27491.8165	3518.8322	2108.7651	2567.2198
6786	61084.3073	-27495.8277	3518.8322	2108.7651	2567.5935
6787	61093.4676	-27499.8388	3518.8322	2108.7651	2567.9673
6788	61102.6279	-27503.8499	3518.8322	2108.7651	2568.3411
6789	61111.7882	-27507.8610	3518.8322	2108.7651	2568.7149
6790	61120.9485	-27511.8721	3518.8322	2108.7651	2569.0887
6791	61130.1087	-27515.8832	3518.8322	2108.7651	2569.4625
6792	61139.2690	-27519.8943	3518.8322	2108.7651	2569.8363
6793	61148.4293	-27523.9054	3518.8322	2108.7651	2570.2100
6794	61157.5896	-27527.9165	3518.8322	2108.7651	2570.5838
6795	61166.7499	-27531.9277	3518.8322	2108.7651	2570.9576
6796	61175.9102	-27535.9388	3518.8322	2108.7651	2571.3314
6797	61185.0705	-27539.9499	3518.8322	2108.7651	2571.7052
6798	61194.2308	-27543.9610	3518.8322	2108.7651	2572.0790
6799	61203.3911	-27547.9721	3518.8322	2108.7651	2572.4528
6800	61212.5514	-27551.9832	3518.8322	2108.7651	2572.8265
6801	61221.7117	-27555.9943	3518.8322	2108.7651	2573.2003
6802	61230.8720	-27560.0054	3518.8322	2108.7651	2573.5741
6803	61240.0323	-27564.0165	3518.8322	2108.7651	2573.9479
6804	61249.1926	-27568.0276	3518.8322	2108.7651	2574.3217
6805	61258.3529	-27572.0388	3518.8322	2108.7651	2574.6955
6806	61267.5132	-27576.0499	3518.8322	2108.7651	2575.0692
6807	61276.6735	-27580.0610	3518.8322	2108.7651	2575.4430
6808	61285.8338	-27584.0721	3518.8322	2108.7651	2575.8168
6809	61294.9940	-27588.0832	3518.8322	2108.7651	2576.1906
6810	61304.1543	-27592.0943	3518.8322	2108.7651	2576.5644
6811	61313.3146	-27596.1054	3518.8322	2108.7651	2576.9382
6812	61322.4749	-27600.1165	3518.8322	2108.7651	2577.3120
6813	61331.6352	-27604.1276	3518.8322	2108.7651	2577.6857
6814	61340.7955	-27608.1388	3518.8322	2108.7651	2578.0595
6815	61349.9558	-27612.1499	3518.8322	2108.7651	2578.4333
6816	61359.1161	-27616.1610	3518.8322	2108.7651	2578.8071
6817	61368.2764	-27620.1721	3518.8322	2108.7651	2579.1809
6818	61377.4367	-27624.1832	3518.8322	2108.7651	2579.5547
6819	61386.5970	-27628.1943	3518.8322	2108.7651	2579.9285
6820	61395.7573	-27632.2054	3518.8322	2108.7651	2580.3022
6821	61404.9176	-27636.2165	3518.8322	2108.7651	2580.6760
6822	61414.0779	-27640.2276	3518.8322	2108.7651	2581.0498
6823	61423.2382	-27644.2388	3518.8322	2108.7651	2581.4236
6824	61432.3985	-27648.2499	3518.8322	2108.7651	2581.7974
6825	61441.5588	-27652.2610	3518.8322	2108.7651	2582.1712
6826	61450.7190	-27656.2721	3518.8322	2108.7651	2582.5449
6827	61459.8793	-27660.2832	3518.8322	2108.7651	2582.9187
6828	61469.0396	-27664.2943	3518.8322	2108.7651	2583.2925
6829	61478.1999	-27668.3054	3518.8322	2108.7651	2583.6663
6830	61487.3602	-27672.3165	3518.8322	2108.7651	2584.0401
6831	61496.5205	-27676.3276	3518.8322	2108.7651	2584.4139
6832	61505.6808	-27680.3388	3518.8322	2108.7651	2584.7877
6833	61514.8411	-27684.3499	3518.8322	2108.7651	2585.1614
6834	61524.0014	-27688.3610	3518.8322	2108.7651	2585.5352
6835	61533.1617	-27692.3721	3518.8322	2108.7651	2585.9090
6836	61542.3220	-27696.3832	3518.8322	2108.7651	2586.2828
6837	61551.4823	-27700.3943	3518.8322	2108.7651	2586.6566
6838	61560.6426	-27704.4054	3518.8322	2108.7651	2587.0304
6839	61569.8029	-27708.4165	3518.8322	2108.7651	2587.4042
6840	61578.9632	-27712.4276	3518.8322	2108.7651	2587.7779
6841	61588.1235	-27716.4387	3518.8322	2108.7651	2588.1517
6842	61597.2838	-27720.4499	3518.8322	2108.7651	2588.5255
6843	61606.4440	-27724.4610	3518.8322	2108.7651	2588.8993
6844	61615.6043	-27728.4721	3518.8322	2108.7651	2589.2731
6845	61624.7646	-27732.4832	3518.8322	2108.7651	2589.6469
6846	61633.9249	-27736.4943	3518.8322	2108.7651	2590.0206
6847	61643.0852	-27740.5054	3518.8322	2108.7651	2590.3944
6848	61652.2455	-27744.5165	3518.8322	2108.7651	2590.7682
6849	61661.4058	-27748.5276	3518.8322	2108.7651	2591.1420
6850	61670.5661	-27752.5387	3518.8322	2108.7651	2591.5158
6851	61679.7264	-27756.5499	3518.8322	2108.7651	2591.8896
6852	61688.8867	-27760.5610	3518.8322	2108.7651	2592.2634
6853	61698.0470	-27764.5721	3518.8322	2108.7651	2592.6371
6854	61707.2073	-27768.5832	3518.8322	2108.7651	2593.0109
6855	61716.3676	-27772.5943	3518.8322	2108.7651	2593.3847
6856	61725.5279	-27776.6054	3518.8322	2108.7651	2593.7585
6857	61734.6882	-27780.6165	3518.8322	2108.7651	2594.1323
6858	61743.8485	-27784.6276	3518.8322	2108.7651	2594.5061
6859	61753.0088	-27788.6387	3518.8322	2108.7651	2594.8799
6860	61762.1690	-27792.6499	3518.8322	2108.7651	2595.2536
6861	61771.3293	-27796.6610	3518.8322	2108.7651	2595.6274
6862	61780.4896	-27800.6721	3518.8322	2108.7651	2596.0012
6863	61789.6499	-27804.6832	3518.8322	2108.7651	2596.3750
6864	61798.8102	-27808.6943	3518.8322	2108.7651	2596.7488
6865	61807.9705	-27812.7054	3518.8322	2108.7651	2597.1226
6866	61817.1308	-27816.7165	3518.8322	2108.7651	2597.4963
6867	61826.2911	-27820.7276	3518.8322	2108.7651	2597.8701
6868	61835.4514	-27824.7387	3518.8322	2108.7651	2598.2439
6869	61844.6117	-27828.7499	3518.8322	2108.7651	2598.6177
6870	61853.7720	-27832.7610	3518.8322	2108.7651	2598.9915
6871	61862.9323	-27836.7721	3518.8322	2108.7651	2599.3653
6872	61872.0926	-27840.7832	3518.8322	2108.7651	2599.7391
6873	61881.2529	-27844.7943	3518.8322	2108.7651	2600.1128
6874	61890.4132	-27848.8054	3518.8322	2108.7651	2600.4866
6875	61899.5735	-27852.8165	3518.8322	2108.7651	2600.8604
6876	61908.7338	-27856.8276	3518.8322	2108.7651	2601.2342
6877	61917.8940	-27860.8387	3518.8322	2108.7651	2601.6080
6878	61927.0543	-27864.8499	3518.8322	2108.7651	2601.9818
6879	61936.2146	-27868.8610	3518.8322	2108.7651	2602.3556
6880	61945.3749	-27872.8721	3518.8322	2108.7651	2602.7293
6881	61954.5352	-27876.8832	3518.8322	2108.7651	2603.1031
6882	61963.6955	-27880.8943	3518.8322	2108.7651	2603.4769
6883	61972.8558	-27884.9054	3518.8322	2108.7651	2603.8507
6884	61982.0161	-27888.9165	3518.8322	2108.7651	2604.2245
6885	61991.1764	-27892.9276	3518.8322	2108.7651	2604.5983
6886	62000.3367	-27896.9387	3518.8322	2108.7651	2604.9720
6887	62009.4970	-27900.9498	3518.8322	2108.7651	2605.3458
6888	62018.6573	-27904.9610	3518.8322	2108.7651	2605.7196
6889	62027.8176	-27908.9721	3518.8322	2108.7651	2606.0934
6890	62036.9779	-27912.9832	3518.8322	2108.7651	2606.4672
6891	62046.1382	-27916.9943	3518.8322	2108.7651	2606.8410
6892	62055.2985	-27921.0054	3518.8322	2108.7651	2607.2148
6893	62064.4588	-27925.0165	3518.8322	2108.7651	2607.5885
6894	62073.6191	-27929.0276	3518.8322	2108.7651	2607.9623
6895	62082.7793	-27933.0387	3518.8322	2108.7651	2608.3361
6896	62091.9396	-27937.0498	3518.8322	2108.7651	2608.7099
6897	62101.0999	-27941.0610	3518.8322	2108.7651	2609.0837
6898	62110.2602	-27945.0721	3518.8322	2108.7651	2609.4575
6899	62119.4205	-27949.0832	3518.8322	2108.7651	2609.8313
6900	62128.5808	-27953.0943	3518.8322	2108.7651	2610.2050
6901	62137.7411	-27957.1054	3518.8322	2108.7651	2610.5788
6902	62146.9014	-27961.1165	3518.8322	2108.7651	2610.9526
6903	62156.0617	-27965.1276	3518.8322	2108.7651	2611.3264
6904	62165.2220	-27969.1387	3518.8322	2108.7651	2611.7002
6905	62174.3823	-27973.1498	3518.8322	2108.7651	2612.0740
6906	62183.5426	-27977.1610	3518.8322	2108.7651	2612.4478
6907	62192.7029	-27981.1721	3518.8322	2108.7651	2612.8215
6908	62201.8632	-27985.1832	3518.8322	2108.7651	2613.1953
6909	62211.0235	-27989.1943	3518.8322	2108.7651	2613.5691
6910	62220.1838	-27993.2054	3518.8322	2108.7651	2613.9429
6911	62229.3441	-27997.2165	3518.8322	2108.7651	2614.3167
6912	62238.5043	-28001.2276	3518.8322	2108.7651	2614.6905
6913	62247.6646	-28005.2387	3518.8322	2108.7651	2615.0642
6914	62256.8249	-28009.2498	3518.8322	2108.7651	2615.4380
6915	62265.9852	-28013.2610	3518.8322	2108.7651	2615.8118
6916	62275.1455	-28017.2721	3518.8322	2108.7651	2616.1856
6917	62284.3058	-28021.2832	3518.8322	2108.7651	2616.5594
6918	62293.4661	-28025.2943	3518.8322	2108.7651	2616.9332
6919	62302.6264	-28029.3054	3518.8322	2108.7651	2617.3070
6920	62311.7867	-28033.3165	3518.8322	2108.7651	2617.6807
6921	62320.9470	-28037.3276	3518.8322	2108.7651	2618.0545
6922	62330.1073	-28041.3387	3518.8322	2108.7651	2618.4283
6923	62339.2676	-28045.3498	3518.8322	2108.7651	2618.8021
6924	62348.4279	-28049.3610	3518.8322	2108.7651	2619.1759
6925	62357.5882	-28053.3721	3518.8322	2108.7651	2619.5497
6926	62366.7485	-28057.3832	3518.8322	2108.7651	2619.9235
6927	62375.9088	-28061.3943	3518.8322	2108.7651	2620.2972
6928	62385.0691	-28065.4054	3518.8322	2108.7651	2620.6710
6929	62394.2293	-28069.4165	3518.8322	2108.7651	2621.0448
6930	62403.3896	-28073.4276	3518.8322	2108.7651	2621.4186
6931	62412.5499	-28077.4387	3518.8322	2108.7651	2621.7924
6932	62421.7102	-28081.4498	3518.8322	2108.7651	2622.1662
6933	62430.8705	-28085.4609	3518.8322	2108.7651	2622.5399
6934	62440.0308	-28089.4721	3518.8322	2108.7651	2622.9137
6935	62449.1911	-28093.4832	3518.8322	2108.7651	2623.2875
6936	62458.3514	-28097.4943	3518.8322	2108.7651	2623.6613
6937	62467.5117	-28101.5054	3518.8322	2108.7651	2624.0351
6938	62476.6720	-28105.5165	3518.8322	2108.7651	2624.4089
6939	62485.8323	-28109.5276	3518.8322	2108.7651	2624.7827
6940	62494.9926	-28113.5387	3518.8322	2108.7651	2625.1564
6941	62504.1529	-28117.5498	3518.8322	2108.7651	2625.5302
6942	62513.3132	-28121.5609	3518.8322	2108.7651	2625.9040
6943	62522.4735	-28125.5721	3518.8322	2108.7651	2626.2778
6944	62531.6338	-28129.5832	3518.8322	2108.7651	2626.6516
6945	62540.7941	-28133.5943	3518.8322	2108.7651	2627.0254
6946	62549.9543	-28137.6054	3518.8322	2108.7651	2627.3992
6947	62559.1146	-28141.6165	3518.8322	2108.7651	2627.7729
6948	62568.2749	-28145.6276	3518.8322	2108.7651	2628.1467
6949	62577.4352	-28149.6387	3518.8322	2108.7651	2628.5205
6950	62586.5955	-28153.6498	3518.8322	2108.7651	2628.8943
6951	62595.7558	-28157.6609	3518.8322	2108.7651	2629.2681
6952	62604.9161	-28161.6721	3518.8322	2108.7651	2629.6419
6953	62614.0764	-28165.6832	3518.8322	2108.7651	2630.0156
6954	62623.2367	-28169.6943	3518.8322	2108.7651	2630.3894
6955	62632.3970	-28173.7054	3518.8322	2108.7651	2630.7632
6956	62641.5573	-28177.7165	3518.8322	2108.7651	2631.1370
6957	62650.7176	-28181.7276	3518.8322	2108.7651	2631.5108
6958	62659.8779	-28185.7387	3518.8322	2108.7651	2631.8846
6959	62669.0382	-28189.7498	3518.8322	2108.7651	2632.2584
6960	62678.1985	-28193.7609	3518.8322	2108.7651	2632.6321
6961	62687.3588	-28197.7721	3518.8322	2108.7651	2633.0059
6962	62696.5191	-28201.7832	3518.8322	2108.7651	2633.3797
6963	62705.6793	-28205.7943	3518.8322	2108.7651	2633.7535
6964	62714.8396	-28209.8054	3518.8322	2108.7651	2634.1273
6965	62723.9999	-28213.8165	3518.8322	2108.7651	2634.5011
6966	62733.1602	-28217.8276	3518.8322	2108.7651	2634.8749
6967	62742.3205	-28221.8387	3518.8322	2108.7651	2635.2486
6968	62751.4808	-28225.8498	3518.8322	2108.7651	2635.6224
6969	62760.6411	-28229.8609	3518.8322	2108.7651	2635.9962
6970	62769.8014	-28233.8721	3518.8322	2108.7651	2636.3700
6971	62778.9617	-28237.8832	3518.8322	2108.7651	2636.7438
6972	62788.1220	-28241.8943	3518.8322	2108.7651	2637.1176
6973	62797.2823	-28245.9054	3518.8322	2108.7651	2637.4913
6974	62806.4426	-28249.9165	3518.8322	2108.7651	2637.8651
6975	62815.6029	-28253.9276	3518.8322	2108.7651	2638.2389
6976	62824.7632	-28257.9387	3518.8322	2108.7651	2638.6127
6977	62833.9235	-28261.9498	3518.8322	2108.7651	2638.9865
6978	62843.0838	-28265.9609	3518.8322	2108.7651	2639.3603
6979	62852.2441	-28269.9720	3518.8322	2108.7651	2639.7341
6980	62861.4044	-28273.9832	3518.8322	2108.7651	2640.1078
6981	62870.5646	-28277.9943	3518.8322	2108.7651	2640.4816
6982	62879.7249	-28282.0054	3518.8322	2108.7651	2640.8554
6983	62888.8852	-28286.0165	3518.8322	2108.7651	2641.2292
6984	62898.0455	-28290.0276	3518.8322	2108.7651	2641.6030
6985	62907.2058	-28294.0387	3518.8322	2108.7651	2641.9768
6986	62916.3661	-28298.0498	3518.8322	2108.7651	2642.3506
6987	62925.5264	-28302.0609	3518.8322	2108.7651	2642.7243
6988	62934.6867	-28306.0720	3518.8322	2108.7651	2643.0981
6989	62943.8470	-28310.0832	3518.8322	2108.7651	2643.4719
6990	62953.0073	-28314.0943	3518.8322	2108.7651	2643.8457
6991	62962.1676	-28318.1054	3518.8322	2108.7651	2644.2195
6992	62971.3279	-28322.1165	3518.8322	2108.7651	2644.5933
6993	62980.4882	-28326.1276	3518.8322	2108.7651	2644.9670
6994	62989.6485	-28330.1387	3518.8322	2108.7651	2645.3408
6995	62998.8088	-28334.1498	3518.8322	2108.7651	2645.7146
6996	63007.9691	-28338.1609	3518.8322	2108.7651	2646.0884
6997	63017.1294	-28342.1720	3518.8322	2108.7651	2646.4622
6998	63026.2896	-28346.1832	3518.8322	2108.7651	2646.8360
6999	63035.4499	-28350.1943	3518.8322	2108.7651	2647.2098
7000	63044.6102	-28354.2054	3518.8322	2108.7651	2647.5835
7001	63053.7705	-28358.2165	3518.8322	2108.7651	2647.9573
7002	63062.9308	-28362.2276	3518.8322	2108.7651	2648.3311
7003	63072.0911	-28366.2387	3518.8322	2108.7651	2648.7049
7004	63081.2514	-28370.2498	3518.8322	2108.7651	2649.0787
7005	63090.4117	-28374.2609	3518.8322	2108.7651	2649.4525
7006	63099.5720	-28378.2720	3518.8322	2108.7651	2649.8263
7007	63108.7323	-28382.2832	3518.8322	2108.7651	2650.2000
7008	63117.8926	-28386.2943	3518.8322	2108.7651	2650.5738
7009	63127.0529	-28390.3054	3518.8322	2108.7651	2650.9476
7010	63136.2132	-28394.3165	3518.8322	2108.7651	2651.3214
7011	63145.3735	-28398.3276	3518.8322	2108.7651	2651.6952
7012	63154.5338	-28402.3387	3518.8322	2108.7651	2652.0690
7013	63163.6941	-28406.3498	3518.8322	2108.7651	2652.4427
7014	63172.8544	-28410.3609	3518.8322	2108.7651	2652.8165
7015	63182.0146	-28414.3720	3518.8322	2108.7651	2653.1903
7016	63191.1749	-28418.3832	3518.8322	2108.7651	2653.5641
7017	63200.3352	-28422.3943	3518.8322	2108.7651	2653.9379
7018	63209.4955	-28426.4054	3518.8322	2108.7651	2654.3117
7019	63218.6558	-28430.4165	3518.8322	2108.7651	2654.6855
7020	63227.8161	-28434.4276	3518.8322	2108.7651	2655.0592
7021	63236.9764	-28438.4387	3518.8322	2108.7651	2655.4330
7022	63246.1367	-28442.4498	3518.8322	2108.7651	2655.8068
7023	63255.2970	-28446.4609	3518.8322	2108.7651	2656.1806
7024	63264.4573	-28450.4720	3518.8322	2108.7651	2656.5544
7025	63273.6176	-28454.4831	3518.8322	2108.7651	2656.9282
7026	63282.7779	-28458.4943	3518.8322	2108.7651	2657.3020
7027	63291.9382	-28462.5054	3518.8322	2108.7651	2657.6757
7028	63301.0985	-28466.5165	3518.8322	2108.7651	2658.0495
7029	63310.2588	-28470.5276	3518.8322	2108.7651	2658.4233
7030	63319.4191	-28474.5387	3518.8322	2108.7651	2658.7971
7031	63328.5794	-28478.5498	3518.8322	2108.7651	2659.1709
7032	63337.7396	-28482.5609	3518.8322	2108.7651	2659.5447
7033	63346.8999	-28486.5720	3518.8322	2108.7651	2659.9185
7034	63356.0602	-28490.5831	3518.8322	2108.7651	2660.2922
7035	63365.2205	-28494.5943	3518.8322	2108.7651	2660.6660
7036	63374.3808	-28498.6054	3518.8322	2108.7651	2661.0398
7037	63383.5411	-28502.6165	3518.8322	2108.7651	2661.4136
7038	63392.7014	-28506.6276	3518.8322	2108.7651	2661.7874
7039	63401.8617	-28510.6387	3518.8322	2108.7651	2662.1612
7040	63411.0220	-28514.6498	3518.8322	2108.7651	2662.5349
7041	63420.1823	-28518.6609	3518.8322	2108.7651	2662.9087
7042	63429.3426	-28522.6720	3518.8322	2108.7651	2663.2825
7043	63438.5029	-28526.6831	3518.8322	2108.7651	2663.6563
7044	63447.6632	-28530.6943	3518.8322	2108.7651	2664.0301
7045	63456.8235	-28534.7054	3518.8322	2108.7651	2664.4039
7046	63465.9838	-28538.7165	3518.8322	2108.7651	2664.7777
7047	63475.1441	-28542.7276	3518.8322	2108.7651	2665.1514
7048	63484.3044	-28546.7387	3518.8322	2108.7651	2665.5252
7049	63493.4647	-28550.7498	3518.8322	2108.7651	2665.8990
7050	63502.6249	-28554.7609	3518.8322	2108.7651	2666.2728
7051	63511.7852	-28558.7720	3518.8322	2108.7651	2666.6466
7052	63520.9455	-28562.7831	3518.8322	2108.7651	2667.0204
7053	63530.1058	-28566.7943	3518.8322	2108.7651	2667.3942
7054	63539.2661	-28570.8054	3518.8322	2108.7651	2667.7679
7055	63548.4264	-28574.8165	3518.8322	2108.7651	2668.1417
7056	63557.5867	-28578.8276	3518.8322	2108.7651	2668.5155
7057	63566.7470	-28582.8387	3518.8322	2108.7651	2668.8893
7058	63575.9073	-28586.8498	3518.8322	2108.7651	2669.2631
7059	63585.0676	-28590.8609	3518.8322	2108.7651	2669.6369
7060	63594.2279	-28594.8720	3518.8322	2108.7651	2670.0106
7061	63603.3882	-28598.8831	3518.8322	2108.7651	2670.3844
7062	63612.5485	-28602.8943	3518.8322	2108.7651	2670.7582
7063	63621.7088	-28606.9054	3518.8322	2108.7651	2671.1320
7064	63630.8691	-28610.9165	3518.8322	2108.7651	2671.5058
7065	63640.0294	-28614.9276	3518.8322	2108.7651	2671.8796
7066	63649.1897	-28618.9387	3518.8322	2108.7651	2672.2534
7067	63658.3499	-28622.9498	3518.8322	2108.7651	2672.6271
7068	63667.5102	-28626.9609	3518.8322	2108.7651	2673.0009
7069	63676.6705	-28630.9720	3518.8322	2108.7651	2673.3747
7070	63685.8308	-28634.9831	3518.8322	2108.7651	2673.7485
7071	63694.9911	-28638.9942	3518.8322	2108.7651	2674.1223
7072	63704.1514	-28643.0054	3518.8322	2108.7651	2674.4961
7073	63713.3117	-28647.0165	3518.8322	2108.7651	2674.8699
7074	63722.4720	-28651.0276	3518.8322	2108.7651	2675.2436
7075	63731.6323	-28655.0387	3518.8322	2108.7651	2675.6174
7076	63740.7926	-28659.0498	3518.8322	2108.7651	2675.9912
7077	63749.9529	-28663.0609	3518.8322	2108.7651	2676.3650
7078	63759.1132	-28667.0720	3518.8322	2108.7651	2676.7388
7079	63768.2735	-28671.0831	3518.8322	2108.7651	2677.1126
7080	63777.4338	-28675.0942	3518.8322	2108.7651	2677.4863
7081	63786.5941	-28679.1054	3518.8322	2108.7651	2677.8601
7082	63795.7544	-28683.1165	3518.8322	2108.7651	2678.2339
7083	63804.9147	-28687.1276	3518.8322	2108.7651	2678.6077
7084	63814.0749	-28691.1387	3518.8322	2108.7651	2678.9815
7085	63823.2352	-28695.1498	3518.8322	2108.7651	2679.3553
7086	63832.3955	-28699.1609	3518.8322	2108.7651	2679.7291
7087	63841.5558	-28703.1720	3518.8322	2108.7651	2680.1028
7088	63850.7161	-28707.1831	3518.8322	2108.7651	2680.4766
7089	63859.8764	-28711.1942	3518.8322	2108.7651	2680.8504
7090	63869.0367	-28715.2054	3518.8322	2108.7651	2681.2242
7091	63878.1970	-28719.2165	3518.8322	2108.7651	2681.5980
7092	63887.3573	-28723.2276	3518.8322	2108.7651	2681.9718
7093	63896.5176	-28727.2387	3518.8322	2108.7651	2682.3456
7094	63905.6779	-28731.2498	3518.8322	2108.7651	2682.7193
7095	63914.8382	-28735.2609	3518.8322	2108.7651	2683.0931
7096	63923.9985	-28739.2720	3518.8322	2108.7651	2683.4669
7097	63933.1588	-28743.2831	3518.8322	2108.7651	2683.8407
7098	63942.3191	-28747.2942	3518.8322	2108.7651	2684.2145
7099	63951.4794	-28751.3054	3518.8322	2108.7651	2684.5883
7100	63960.6397	-28755.3165	3518.8322	2108.7651	2684.9620
7101	63969.7999	-28759.3276	3518.8322	2108.7651	2685.3358
7102	63978.9602	-28763.3387	3518.8322	2108.7651	2685.7096
7103	63988.1205	-28767.3498	3518.8322	2108.7651	2686.0834
7104	63997.2808	-28771.3609	3518.8322	2108.7651	2686.4572
7105	64006.4411	-28775.3720	3518.8322	2108.7651	2686.8310
7106	64015.6014	-28779.3831	3518.8322	2108.7651	2687.2048
7107	64024.7617	-28783.3942	3518.8322	2108.7651	2687.5785
7108	64033.9220	-28787.4053	3518.8322	2108.7651	2687.9523
7109	64043.0823	-28791.4165	3518.8322	2108.7651	2688.3261
7110	64052.2426	-28795.4276	3518.8322	2108.7651	2688.6999
7111	64061.4029	-28799.4387	3518.8322	2108.7651	2689.0737
7112	64070.5632	-28803.4498	3518.8322	2108.7651	2689.4475
7113	64079.7235	-28807.4609	3518.8322	2108.7651	2689.8213
7114	64088.8838	-28811.4720	3518.8322	2108.7651	2690.1950
7115	64098.0441	-28815.4831	3518.8322	2108.7651	2690.5688
7116	64107.2044	-28819.4942	3518.8322	2108.7651	2690.9426
7117	64116.3647	-28823.5053	3518.8322	2108.7651	2691.3164
7118	64125.5249	-28827.5165	3518.8322	2108.7651	2691.6902
7119	64134.6852	-28831.5276	3518.8322	2108.7651	2692.0640
7120	64143.8455	-28835.5387	3518.8322	2108.7651	2692.4377
7121	64153.0058	-28839.5498	3518.8322	2108.7651	2692.8115
7122	64162.1661	-28843.5609	3518.8322	2108.7651	2693.1853
7123	64171.3264	-28847.5720	3518.8322	2108.7651	2693.5591
7124	64180.4867	-28851.5831	3518.8322	2108.7651	2693.9329
7125	64189.6470	-28855.5942	3518.8322	2108.7651	2694.3067
7126	64198.8073	-28859.6053	3518.8322	2108.7651	2694.6805
7127	64207.9676	-28863.6165	3518.8322	2108.7651	2695.0542
7128	64217.1279	-28867.6276	3518.8322	2108.7651	2695.4280
7129	64226.2882	-28871.6387	3518.8322	2108.7651	2695.8018
7130	64235.4485	-28875.6498	3518.8322	2108.7651	2696.1756
7131	64244.6088	-28879.6609	3518.8322	2108.7651	2696.5494
7132	64253.7691	-28883.6720	3518.8322	2108.7651	2696.9232
7133	64262.9294	-28887.6831	3518.8322	2108.7651	2697.2970
7134	64272.0897	-28891.6942	3518.8322	2108.7651	2697.6707
7135	64281.2500	-28895.7053	3518.8322	2108.7651	2698.0445
7136	64290.4102	-28899.7165	3518.8322	2108.7651	2698.4183
7137	64299.5705	-28903.7276	3518.8322	2108.7651	2698.7921
7138	64308.7308	-28907.7387	3518.8322	2108.7651	2699.1659
7139	64317.8911	-28911.7498	3518.8322	2108.7651	2699.5397
7140	64327.0514	-28915.7609	3518.8322	2108.7651	2699.9134
7141	64336.2117	-28919.7720	3518.8322	2108.7651	2700.2872
7142	64345.3720	-28923.7831	3518.8322	2108.7651	2700.6610
7143	64354.5323	-28927.7942	3518.8322	2108.7651	2701.0348
7144	64363.6926	-28931.8053	3518.8322	2108.7651	2701.4086
7145	64372.8529	-28935.8165	3518.8322	2108.7651	2701.7824
7146	64382.0132	-28939.8276	3518.8322	2108.7651	2702.1562
7147	64391.1735	-28943.8387	3518.8322	2108.7651	2702.5299
7148	64400.3338	-28947.8498	3518.8322	2108.7651	2702.9037
7149	64409.4941	-28951.8609	3518.8322	2108.7651	2703.2775
7150	64418.6544	-28955.8720	3518.8322	2108.7651	2703.6513
7151	64427.8147	-28959.8831	3518.8322	2108.7651	2704.0251
7152	64436.9750	-28963.8942	3518.8322	2108.7651	2704.3989
7153	64446.1352	-28967.9053	3518.8322	2108.7651	2704.7727
7154	64455.2955	-28971.9164	3518.8322	2108.7651	2705.1464
7155	64464.4558	-28975.9276	3518.8322	2108.7651	2705.5202
7156	64473.6161	-28979.9387	3518.8322	2108.7651	2705.8940
7157	64482.7764	-28983.9498	3518.8322	2108.7651	2706.2678
7158	64491.9367	-28987.9609	3518.8322	2108.7651	2706.6416
7159	64501.0970	-28991.9720	3518.8322	2108.7651	2707.0154
7160	64510.2573	-28995.9831	3518.8322	2108.7651	2707.3892
7161	64519.4176	-28999.9942	3518.8322	2108.7651	2707.7629
7162	64528.5779	-29004.0053	3518.8322	2108.7651	2708.1367
7163	64537.7382	-29008.0164	3518.8322	2108.7651	2708.5105
7164	64546.8985	-29012.0276	3518.8322	2108.7651	2708.8843
7165	64556.0588	-29016.0387	3518.8322	2108.7651	2709.2581
7166	64565.2191	-29020.0498	3518.8322	2108.7651	2709.6319
7167	64574.3794	-29024.0609	3518.8322	2108.7651	2710.0056
7168	64583.5397	-29028.0720	3518.8322	2108.7651	2710.3794
7169	64592.7000	-29032.0831	3518.8322	2108.7651	2710.7532
7170	64601.8602	-29036.0942	3518.8322	2108.7651	2711.1270
7171	64611.0205	-29040.1053	3518.8322	2108.7651	2711.5008
7172	64620.1808	-29044.1164	3518.8322	2108.7651	2711.8746
7173	64629.3411	-29048.1276	3518.8322	2108.7651	2712.2484
7174	64638.5014	-29052.1387	3518.8322	2108.7651	2712.6221
7175	64647.6617	-29056.1498	3518.8322	2108.7651	2712.9959
7176	64656.8220	-29060.1609	3518.8322	2108.7651	2713.3697
7177	64665.9823	-29064.1720	3518.8322	2108.7651	2713.7435
7178	64675.1426	-29068.1831	3518.8322	2108.7651	2714.1173
7179	64684.3029	-29072.1942	3518.8322	2108.7651	2714.4911
7180	64693.4632	-29076.2053	3518.8322	2108.7651	2714.8649
7181	64702.6235	-29080.2164	3518.8322	2108.7651	2715.2386
7182	64711.7838	-29084.2276	3518.8322	2108.7651	2715.6124
7183	64720.9441	-29088.2387	3518.8322	2108.7651	2715.9862
7184	64730.1044	-29092.2498	3518.8322	2108.7651	2716.3600
7185	64739.2647	-29096.2609	3518.8322	2108.7651	2716.7338
7186	64748.4250	-29100.2720	3518.8322	2108.7651	2717.1076
7187	64757.5852	-29104.2831	3518.8322	2108.7651	2717.4813
7188	64766.7455	-29108.2942	3518.8322	2108.7651	2717.8551
7189	64775.9058	-29112.3053	3518.8322	2108.7651	2718.2289
7190	64785.0661	-29116.3164	3518.8322	2108.7651	2718.6027
7191	64794.2264	-29120.3276	3518.8322	2108.7651	2718.9765
7192	64803.3867	-29124.3387	3518.8322	2108.7651	2719.3503
7193	64812.5470	-29128.3498	3518.8322	2108.7651	2719.7241
7194	64821.7073	-29132.3609	3518.8322	2108.7651	2720.0978
7195	64830.8676	-29136.3720	3518.8322	2108.7651	2720.4716
7196	64840.0279	-29140.3831	3518.8322	2108.7651	2720.8454
7197	64849.1882	-29144.3942	3518.8322	2108.7651	2721.2192
7198	64858.3485	-29148.4053	3518.8322	2108.7651	2721.5930
7199	64867.5088	-29152.4164	3518.8322	2108.7651	2721.9668
7200	64876.6691	-29156.4275	3518.8322	2108.7651	2722.3406
7201	64885.8294	-29160.4387	3518.8322	2108.7651	2722.7143
7202	64894.9897	-29164.4498	3518.8322	2108.7651	2723.0881
7203	64904.1500	-29168.4609	3518.8322	2108.7651	2723.4619
7204	64913.3102	-29172.4720	3518.8322	2108.7651	2723.8357
7205	64922.4705	-29176.4831	3518.8322	2108.7651	2724.2095
7206	64931.6308	-29180.4942	3518.8322	2108.7651	2724.5833
7207	64940.7911	-29184.5053	3518.8322	2108.7651	2724.9570
7208	64949.9514	-29188.5164	3518.8322	2108.7651	2725.3308
7209	64959.1117	-29192.5275	3518.8322	2108.7651	2725.7046
7210	64968.2720	-29196.5387	3518.8322	2108.7651	2726.0784
7211	64977.4323	-29200.5498	3518.8322	2108.7651	2726.4522
7212	64986.5926	-29204.5609	3518.8322	2108.7651	2726.8260
7213	64995.7529	-29208.5720	3518.8322	2108.7651	2727.1998
7214	65004.9132	-29212.5831	3518.8322	2108.7651	2727.5735
7215	65014.0735	-29216.5942	3518.8322	2108.7651	2727.9473
7216	65023.2338	-29220.6053	3518.8322	2108.7651	2728.3211
7217	65032.3941	-29224.6164	3518.8322	2108.7651	2728.6949
7218	65041.5544	-29228.6275	3518.8322	2108.7651	2729.0687
7219	65050.7147	-29232.6387	3518.8322	2108.7651	2729.4425
7220	65059.8750	-29236.6498	3518.8322	2108.7651	2729.8163
7221	65069.0353	-29240.6609	3518.8322	2108.7651	2730.1900
7222	65078.1955	-29244.6720	3518.8322	2108.7651	2730.5638
7223	65087.3558	-29248.6831	3518.8322	2108.7651	2730.9376
7224	65096.5161	-29252.6942	3518.8322	2108.7651	2731.3114
7225	65105.6764	-29256.7053	3518.8322	2108.7651	2731.6852
7226	65114.8367	-29260.7164	3518.8322	2108.7651	2732.0590
7227	65123.9970	-29264.7275	3518.8322	2108.7651	2732.4327
7228	65133.1573	-29268.7387	3518.8322	2108.7651	2732.8065
7229	65142.3176	-29272.7498	3518.8322	2108.7651	2733.1803
7230	65151.4779	-29276.7609	3518.8322	2108.7651	2733.5541
7231	65160.6382	-29280.7720	3518.8322	2108.7651	2733.9279
7232	65169.7985	-29284.7831	3518.8322	2108.7651	2734.3017
7233	65178.9588	-29288.7942	3518.8322	2108.7651	2734.6755
7234	65188.1191	-29292.8053	3518.8322	2108.7651	2735.0492
7235	65197.2794	-29296.8164	3518.8322	2108.7651	2735.4230
7236	65206.4397	-29300.8275	3518.8322	2108.7651	2735.7968
7237	65215.6000	-29304.8387	3518.8322	2108.7651	2736.1706
7238	65224.7603	-29308.8498	3518.8322	2108.7651	2736.5444
7239	65233.9205	-29312.8609	3518.8322	2108.7651	2736.9182
7240	65243.0808	-29316.8720	3518.8322	2108.7651	2737.2920
7241	65252.2411	-29320.8831	3518.8322	2108.7651	2737.6657
7242	65261.4014	-29324.8942	3518.8322	2108.7651	2738.0395
7243	65270.5617	-29328.9053	3518.8322	2108.7651	2738.4133
7244	65279.7220	-29332.9164	3518.8322	2108.7651	2738.7871
7245	65288.8823	-29336.9275	3518.8322	2108.7651	2739.1609
7246	65298.0426	-29340.9386	3518.8322	2108.7651	2739.5347
7247	65307.2029	-29344.9498	3518.8322	2108.7651	2739.9084
7248	65316.3632	-29348.9609	3518.8322	2108.7651	2740.2822
7249	65325.5235	-29352.9720	3518.8322	2108.7651	2740.6560
7250	65334.6838	-29356.9831	3518.8322	2108.7651	2741.0298
7251	65343.8441	-29360.9942	3518.8322	2108.7651	2741.4036
7252	65353.0044	-29365.0053	3518.8322	2108.7651	2741.7774
7253	65362.1647	-29369.0164	3518.8322	2108.7651	2742.1512
7254	65371.3250	-29373.0275	3518.8322	2108.7651	2742.5249
7255	65380.4853	-29377.0386	3518.8322	2108.7651	2742.8987
7256	65389.6455	-29381.0498	3518.8322	2108.7651	2743.2725
7257	65398.8058	-29385.0609	3518.8322	2108.7651	2743.6463
7258	65407.9661	-29389.0720	3518.8322	2108.7651	2744.0201
7259	65417.1264	-29393.0831	3518.8322	2108.7651	2744.3939
7260	65426.2867	-29397.0942	3518.8322	2108.7651	2744.7677
7261	65435.4470	-29401.1053	3518.8322	2108.7651	2745.1414
7262	65444.6073	-29405.1164	3518.8322	2108.7651	2745.5152
7263	65453.7676	-29409.1275	3518.8322	2108.7651	2745.8890
7264	65462.9279	-29413.1386	3518.8322	2108.7651	2746.2628
7265	65472.0882	-29417.1498	3518.8322	2108.7651	2746.6366
7266	65481.2485	-29421.1609	3518.8322	2108.7651	2747.0104
7267	65490.4088	-29425.1720	3518.8322	2108.7651	2747.3841
7268	65499.5691	-29429.1831	3518.8322	2108.7651	2747.7579
7269	65508.7294	-29433.1942	3518.8322	2108.7651	2748.1317
7270	65517.8897	-29437.2053	3518.8322	2108.7651	2748.5055
7271	65527.0500	-29441.2164	3518.8322	2108.7651	2748.8793
7272	65536.2103	-29445.2275	3518.8322	2108.7651	2749.2531
7273	65545.3705	-29449.2386	3518.8322	2108.7651	2749.6269
7274	65554.5308	-29453.2498	3518.8322	2108.7651	2750.0006
7275	65563.6911	-29457.2609	3518.8322	2108.7651	2750.3744
7276	65572.8514	-29461.2720	3518.8322	2108.7651	2750.7482
7277	65582.0117	-29465.2831	3518.8322	2108.7651	2751.1220
7278	65591.1720	-29469.2942	3518.8322	2108.7651	2751.4958
7279	65600.3323	-29473.3053	3518.8322	2108.7651	2751.8696
7280	65609.4926	-29477.3164	3518.8322	2108.7651	2752.2434
7281	65618.6529	-29481.3275	3518.8322	2108.7651	2752.6171
7282	65627.8132	-29485.3386	3518.8322	2108.7651	2752.9909
7283	65636.9735	-29489.3498	3518.8322	2108.7651	2753.3647
7284	65646.1338	-29493.3609	3518.8322	2108.7651	2753.7385
7285	65655.2941	-29497.3720	3518.8322	2108.7651	2754.1123
7286	65664.4544	-29501.3831	3518.8322	2108.7651	2754.4861
7287	65673.6147	-29505.3942	3518.8322	2108.7651	2754.8599
7288	65682.7750	-29509.4053	3518.8322	2108.7651	2755.2336
7289	65691.9353	-29513.4164	3518.8322	2108.7651	2755.6074
7290	65701.0955	-29517.4275	3518.8322	2108.7651	2755.9812
7291	65710.2558	-29521.4386	3518.8322	2108.7651	2756.3550
7292	65719.4161	-29525.4497	3518.8322	2108.7651	2756.7288
7293	65728.5764	-29529.4609	3518.8322	2108.7651	2757.1026
7294	65737.7367	-29533.4720	3518.8322	2108.7651	2757.4763
7295	65746.8970	-29537.4831	3518.8322	2108.7651	2757.8501
7296	65756.0573	-29541.4942	3518.8322	2108.7651	2758.2239
7297	65765.2176	-29545.5053	3518.8322	2108.7651	2758.5977
7298	65774.3779	-29549.5164	3518.8322	2108.7651	2758.9715
7299	65783.5382	-29553.5275	3518.8322	2108.7651	2759.3453
7300	65792.6985	-29557.5386	3518.8322	2108.7651	2759.7191
7301	65801.8588	-29561.5497	3518.8322	2108.7651	2760.0928
7302	65811.0191	-29565.5609	3518.8322	2108.7651	2760.4666
7303	65820.1794	-29569.5720	3518.8322	2108.7651	2760.8404
7304	65829.3397	-29573.5831	3518.8322	2108.7651	2761.2142
7305	65838.5000	-29577.5942	3518.8322	2108.7651	2761.5880
7306	65847.6603	-29581.6053	3518.8322	2108.7651	2761.9618
7307	65856.8206	-29585.6164	3518.8322	2108.7651	2762.3356
7308	65865.9808	-29589.6275	3518.8322	2108.7651	2762.7093
7309	65875.1411	-29593.6386	3518.8322	2108.7651	2763.0831
7310	65884.3014	-29597.6497	3518.8322	2108.7651	2763.4569
7311	65893.4617	-29601.6609	3518.8322	2108.7651	2763.8307
7312	65902.6220	-29605.6720	3518.8322	2108.7651	2764.2045
7313	65911.7823	-29609.6831	3518.8322	2108.7651	2764.5783
7314	65920.9426	-29613.6942	3518.8322	2108.7651	2764.9520
7315	65930.1029	-29617.7053	3518.8322	2108.7651	2765.3258
7316	65939.2632	-29621.7164	3518.8322	2108.7651	2765.6996
7317	65948.4235	-29625.7275	3518.8322	2108.7651	2766.0734
7318	65957.5838	-29629.7386	3518.8322	2108.7651	2766.4472
7319	65966.7441	-29633.7497	3518.8322	2108.7651	2766.8210
7320	65975.9044	-29637.7609	3518.8322	2108.7651	2767.1948
7321	65985.0647	-29641.7720	3518.8322	2108.7651	2767.5685
7322	65994.2250	-29645.7831	3518.8322	2108.7651	2767.9423
7323	66003.3853	-29649.7942	3518.8322	2108.7651	2768.3161
7324	66012.5456	-29653.8053	3518.8322	2108.7651	2768.6899
7325	66021.7058	-29657.8164	3518.8322	2108.7651	2769.0637
7326	66030.8661	-29661.8275	3518.8322	2108.7651	2769.4375
7327	66040.0264	-29665.8386	3518.8322	2108.7651	2769.8113
7328	66049.1867	-29669.8497	3518.8322	2108.7651	2770.1850
7329	66058.3470	-29673.8609	3518.8322	2108.7651	2770.5588
7330	66067.5073	-29677.8720	3518.8322	2108.7651	2770.9326
7331	66076.6676	-29681.8831	3518.8322	2108.7651	2771.3064
7332	66085.8279	-29685.8942	3518.8322	2108.7651	2771.6802
7333	66094.9882	-29689.9053	3518.8322	2108.7651	2772.0540
7334	66104.1485	-29693.9164	3518.8322	2108.7651	2772.4277
7335	66113.3088	-29697.9275	3518.8322	2108.7651	2772.8015
7336	66122.4691	-29701.9386	3518.8322	2108.7651	2773.1753
7337	66131.6294	-29705.9497	3518.8322	2108.7651	2773.5491
7338	66140.7897	-29709.9608	3518.8322	2108.7651	2773.9229
7339	66149.9500	-29713.9720	3518.8322	2108.7651	2774.2967
7340	66159.1103	-29717.9831	3518.8322	2108.7651	2774.6705
7341	66168.2706	-29721.9942	3518.8322	2108.7651	2775.0442
7342	66177.4308	-29726.0053	3518.8322	2108.7651	2775.4180
7343	66186.5911	-29730.0164	3518.8322	2108.7651	2775.7918
7344	66195.7514	-29734.0275	3518.8322	2108.7651	2776.1656
7345	66204.9117	-29738.0386	3518.8322	2108.7651	2776.5394
7346	66214.0720	-29742.0497	3518.8322	2108.7651	2776.9132
7347	66223.2323	-29746.0608	3518.8322	2108.7651	2777.2870
7348	66232.3926	-29750.0720	3518.8322	2108.7651	2777.6607
7349	66241.5529	-29754.0831	3518.8322	2108.7651	2778.0345
7350	66250.7132	-29758.0942	3518.8322	2108.7651	2778.4083
7351	66259.8735	-29762.1053	3518.8322	2108.7651	2778.7821
7352	66269.0338	-29766.1164	3518.8322	2108.7651	2779.1559
7353	66278.1941	-29770.1275	3518.8322	2108.7651	2779.5297
7354	66287.3544	-29774.1386	3518.8322	2108.7651	2779.9034
7355	66296.5147	-29778.1497	3518.8322	2108.7651	2780.2772
7356	66305.6750	-29782.1608	3518.8322	2108.7651	2780.6510
7357	66314.8353	-29786.1720	3518.8322	2108.7651	2781.0248
7358	66323.9956	-29790.1831	3518.8322	2108.7651	2781.3986
7359	66333.1558	-29794.1942	3518.8322	2108.7651	2781.7724
7360	66342.3161	-29798.2053	3518.8322	2108.7651	2782.1462
7361	66351.4764	-29802.2164	3518.8322	2108.7651	2782.5199
7362	66360.6367	-29806.2275	3518.8322	2108.7651	2782.8937
7363	66369.7970	-29810.2386	3518.8322	2108.7651	2783.2675
7364	66378.9573	-29814.2497	3518.8322	2108.7651	2783.6413
7365	66388.1176	-29818.2608	3518.8322	2108.7651	2784.0151
7366	66397.2779	-29822.2720	3518.8322	2108.7651	2784.3889
7367	66406.4382	-29826.2831	3518.8322	2108.7651	2784.7627
7368	66415.5985	-29830.2942	3518.8322	2108.7651	2785.1364
7369	66424.7588	-29834.3053	3518.8322	2108.7651	2785.5102
7370	66433.9191	-29838.3164	3518.8322	2108.7651	2785.8840
7371	66443.0794	-29842.3275	3518.8322	2108.7651	2786.2578
7372	66452.2397	-29846.3386	3518.8322	2108.7651	2786.6316
7373	66461.4000	-29850.3497	3518.8322	2108.7651	2787.0054
7374	66470.5603	-29854.3608	3518.8322	2108.7651	2787.3791
7375	66479.7206	-29858.3719	3518.8322	2108.7651	2787.7529
7376	66488.8809	-29862.3831	3518.8322	2108.7651	2788.1267
7377	66498.0411	-29866.3942	3518.8322	2108.7651	2788.5005
7378	66507.2014	-29870.4053	3518.8322	2108.7651	2788.8743
7379	66516.3617	-29874.4164	3518.8322	2108.7651	2789.2481
7380	66525.5220	-29878.4275	3518.8322	2108.7651	2789.6219
7381	66534.6823	-29882.4386	3518.8322	2108.7651	2789.9956
7382	66543.8426	-29886.4497	3518.8322	2108.7651	2790.3694
7383	66553.0029	-29890.4608	3518.8322	2108.7651	2790.7432
7384	66562.1632	-29894.4719	3518.8322	2108.7651	2791.1170
7385	66571.3235	-29898.4831	3518.8322	2108.7651	2791.4908
7386	66580.4838	-29902.4942	3518.8322	2108.7651	2791.8646
7387	66589.6441	-29906.5053	3518.8322	2108.7651	2792.2384
7388	66598.8044	-29910.5164	3518.8322	2108.7651	2792.6121
7389	66607.9647	-29914.5275	3518.8322	2108.7651	2792.9859
7390	66617.1250	-29918.5386	3518.8322	2108.7651	2793.3597
7391	66626.2853	-29922.5497	3518.8322	2108.7651	2793.7335
7392	66635.4456	-29926.5608	3518.8322	2108.7651	2794.1073
7393	66644.6059	-29930.5719	3518.8322	2108.7651	2794.4811
7394	66653.7661	-29934.5831	3518.8322	2108.7651	2794.8548
7395	66662.9264	-29938.5942	3518.8322	2108.7651	2795.2286
7396	66672.0867	-29942.6053	3518.8322	2108.7651	2795.6024
7397	66681.2470	-29946.6164	3518.8322	2108.7651	2795.9762
7398	66690.4073	-29950.6275	3518.8322	2108.7651	2796.3500
7399	66699.5676	-29954.6386	3518.8322	2108.7651	2796.7238
7400	66708.7279	-29958.6497	3518.8322	2108.7651	2797.0976
7401	66717.8882	-29962.6608	3518.8322	2108.7651	2797.4713
7402	66727.0485	-29966.6719	3518.8322	2108.7651	2797.8451
7403	66736.2088	-29970.6831	3518.8322	2108.7651	2798.2189
7404	66745.3691	-29974.6942	3518.8322	2108.7651	2798.5927
7405	66754.5294	-29978.7053	3518.8322	2108.7651	2798.9665
7406	66763.6897	-29982.7164	3518.8322	2108.7651	2799.3403
7407	66772.8500	-29986.7275	3518.8322	2108.7651	2799.7141
7408	66782.0103	-29990.7386	3518.8322	2108.7651	2800.0878
7409	66791.1706	-29994.7497	3518.8322	2108.7651	2800.4616
7410	66800.3309	-29998.7608	3518.8322	2108.7651	2800.8354
7411	66809.4911	-30002.7719	3518.8322	2108.7651	2801.2092
7412	66818.6514	-30006.7831	3518.8322	2108.7651	2801.5830
7413	66827.8117	-30010.7942	3518.8322	2108.7651	2801.9568
7414	66836.9720	-30014.8053	3518.8322	2108.7651	2802.3306
7415	66846.1323	-30018.8164	3518.8322	2108.7651	2802.7043
7416	66855.2926	-30022.8275	3518.8322	2108.7651	2803.0781
7417	66864.4529	-30026.8386	3518.8322	2108.7651	2803.4519
7418	66873.6132	-30030.8497	3518.8322	2108.7651	2803.8257
7419	66882.7735	-30034.8608	3518.8322	2108.7651	2804.1995
7420	66891.9338	-30038.8719	3518.8322	2108.7651	2804.5733
7421	66901.0941	-30042.8830	3518.8322	2108.7651	2804.9470
7422	66910.2544	-30046.8942	3518.8322	2108.7651	2805.3208
7423	66919.4147	-30050.9053	3518.8322	2108.7651	2805.6946
7424	66928.5750	-30054.9164	3518.8322	2108.7651	2806.0684
7425	66937.7353	-30058.9275	3518.8322	2108.7651	2806.4422
7426	66946.8956	-30062.9386	3518.8322	2108.7651	2806.8160
7427	66956.0559	-30066.9497	3518.8322	2108.7651	2807.1898
7428	66965.2161	-30070.9608	3518.8322	2108.7651	2807.5635
7429	66974.3764	-30074.9719	3518.8322	2108.7651	2807.9373
7430	66983.5367	-30078.9830	3518.8322	2108.7651	2808.3111
7431	66992.6970	-30082.9942	3518.8322	2108.7651	2808.6849
7432	67001.8573	-30087.0053	3518.8322	2108.7651	2809.0587
7433	67011.0176	-30091.0164	3518.8322	2108.7651	2809.4325
7434	67020.1779	-30095.0275	3518.8322	2108.7651	2809.8063
7435	67029.3382	-30099.0386	3518.8322	2108.7651	2810.1800
7436	67038.4985	-30103.0497	3518.8322	2108.7651	2810.5538
7437	67047.6588	-30107.0608	3518.8322	2108.7651	2810.9276
7438	67056.8191	-30111.0719	3518.8322	2108.7651	2811.3014
7439	67065.9794	-30115.0830	3518.8322	2108.7651	2811.6752
7440	67075.1397	-30119.0942	3518.8322	2108.7651	2812.0490
7441	67084.3000	-30123.1053	3518.8322	2108.7651	2812.4227
7442	67093.4603	-30127.1164	3518.8322	2108.7651	2812.7965
7443	67102.6206	-30131.1275	3518.8322	2108.7651	2813.1703
7444	67111.7809	-30135.1386	3518.8322	2108.7651	2813.5441
7445	67120.9411	-30139.1497	3518.8322	2108.7651	2813.9179
7446	67130.1014	-30143.1608	3518.8322	2108.7651	2814.2917
7447	67139.2617	-30147.1719	3518.8322	2108.7651	2814.6655
7448	67148.4220	-30151.1830	3518.8322	2108.7651	2815.0392
7449	67157.5823	-30155.1942	3518.8322	2108.7651	2815.4130
7450	67166.7426	-30159.2053	3518.8322	2108.7651	2815.7868
7451	67175.9029	-30163.2164	3518.8322	2108.7651	2816.1606
7452	67185.0632	-30167.2275	3518.8322	2108.7651	2816.5344
7453	67194.2235	-30171.2386	3518.8322	2108.7651	2816.9082
7454	67203.3838	-30175.2497	3518.8322	2108.7651	2817.2820
7455	67212.5441	-30179.2608	3518.8322	2108.7651	2817.6557
7456	67221.7044	-30183.2719	3518.8322	2108.7651	2818.0295
7457	67230.8647	-30187.2830	3518.8322	2108.7651	2818.4033
7458	67240.0250	-30191.2942	3518.8322	2108.7651	2818.7771
7459	67249.1853	-30195.3053	3518.8322	2108.7651	2819.1509
7460	67258.3456	-30199.3164	3518.8322	2108.7651	2819.5247
7461	67267.5059	-30203.3275	3518.8322	2108.7651	2819.8984
7462	67276.6662	-30207.3386	3518.8322	2108.7651	2820.2722
7463	67285.8264	-30211.3497	3518.8322	2108.7651	2820.6460
7464	67294.9867	-30215.3608	3518.8322	2108.7651	2821.0198
7465	67304.1470	-30219.3719	3518.8322	2108.7651	2821.3936
7466	67313.3073	-30223.3830	3518.8322	2108.7651	2821.7674
7467	67322.4676	-30227.3941	3518.8322	2108.7651	2822.1412
7468	67331.6279	-30231.4053	3518.8322	2108.7651	2822.5149
7469	67340.7882	-30235.4164	3518.8322	2108.7651	2822.8887
7470	67349.9485	-30239.4275	3518.8322	2108.7651	2823.2625
7471	67359.1088	-30243.4386	3518.8322	2108.7651	2823.6363
7472	67368.2691	-30247.4497	3518.8322	2108.7651	2824.0101
7473	67377.4294	-30251.4608	3518.8322	2108.7651	2824.3839
7474	67386.5897	-30255.4719	3518.8322	2108.7651	2824.7577
7475	67395.7500	-30259.4830	3518.8322	2108.7651	2825.1314
7476	67404.9103	-30263.4941	3518.8322	2108.7651	2825.5052
7477	67414.0706	-30267.5053	3518.8322	2108.7651	2825.8790
7478	67423.2309	-30271.5164	3518.8322	2108.7651	2826.2528
7479	67432.3912	-30275.5275	3518.8322	2108.7651	2826.6266
7480	67441.5514	-30279.5386	3518.8322	2108.7651	2827.0004
7481	67450.7117	-30283.5497	3518.8322	2108.7651	2827.3741
7482	67459.8720	-30287.5608	3518.8322	2108.7651	2827.7479
7483	67469.0323	-30291.5719	3518.8322	2108.7651	2828.1217
7484	67478.1926	-30295.5830	3518.8322	2108.7651	2828.4955
7485	67487.3529	-30299.5941	3518.8322	2108.7651	2828.8693
7486	67496.5132	-30303.6053	3518.8322	2108.7651	2829.2431
7487	67505.6735	-30307.6164	3518.8322	2108.7651	2829.6169
7488	67514.8338	-30311.6275	3518.8322	2108.7651	2829.9906
7489	67523.9941	-30315.6386	3518.8322	2108.7651	2830.3644
7490	67533.1544	-30319.6497	3518.8322	2108.7651	2830.7382
7491	67542.3147	-30323.6608	3518.8322	2108.7651	2831.1120
7492	67551.4750	-30327.6719	3518.8322	2108.7651	2831.4858
7493	67560.6353	-30331.6830	3518.8322	2108.7651	2831.8596
7494	67569.7956	-30335.6941	3518.8322	2108.7651	2832.2334
7495	67578.9559	-30339.7053	3518.8322	2108.7651	2832.6071
7496	67588.1162	-30343.7164	3518.8322	2108.7651	2832.9809
7497	67597.2764	-30347.7275	3518.8322	2108.7651	2833.3547
7498	67606.4367	-30351.7386	3518.8322	2108.7651	2833.7285
7499	67615.5970	-30355.7497	3518.8322	2108.7651	2834.1023
7500	67624.7573	-30359.7608	3518.8322	2108.7651	2834.4761
7501	67633.9176	-30363.7719	3518.8322	2108.7651	2834.8498
7502	67643.0779	-30367.7830	3518.8322	2108.7651	2835.2236
7503	67652.2382	-30371.7941	3518.8322	2108.7651	2835.5974
7504	67661.3985	-30375.8053	3518.8322	2108.7651	2835.9712
7505	67670.5588	-30379.8164	3518.8322	2108.7651	2836.3450
7506	67679.7191	-30383.8275	3518.8322	2108.7651	2836.7188
7507	67688.8794	-30387.8386	3518.8322	2108.7651	2837.0926
7508	67698.0397	-30391.8497	3518.8322	2108.7651	2837.4663
7509	67707.2000	-30395.8608	3518.8322	2108.7651	2837.8401
7510	67716.3603	-30399.8719	3518.8322	2108.7651	2838.2139
7511	67725.5206	-30403.8830	3518.8322	2108.7651	2838.5877
7512	67734.6809	-30407.8941	3518.8322	2108.7651	2838.9615
7513	67743.8412	-30411.9052	3518.8322	2108.7651	2839.3353
7514	67753.0014	-30415.9164	3518.8322	2108.7651	2839.7091
7515	67762.1617	-30419.9275	3518.8322	2108.7651	2840.0828
7516	67771.3220	-30423.9386	3518.8322	2108.7651	2840.4566
7517	67780.4823	-30427.9497	3518.8322	2108.7651	2840.8304
7518	67789.6426	-30431.9608	3518.8322	2108.7651	2841.2042
7519	67798.8029	-30435.9719	3518.8322	2108.7651	2841.5780
7520	67807.9632	-30439.9830	3518.8322	2108.7651	2841.9518
7521	67817.1235	-30443.9941	3518.8322	2108.7651	2842.3255
7522	67826.2838	-30448.0052	3518.8322	2108.7651	2842.6993
7523	67835.4441	-30452.0164	3518.8322	2108.7651	2843.0731
7524	67844.6044	-30456.0275	3518.8322	2108.7651	2843.4469
7525	67853.7647	-30460.0386	3518.8322	2108.7651	2843.8207
7526	67862.9250	-30464.0497	3518.8322	2108.7651	2844.1945
7527	67872.0853	-30468.0608	3518.8322	2108.7651	2844.5683
7528	67881.2456	-30472.0719	3518.8322	2108.7651	2844.9420
7529	67890.4059	-30476.0830	3518.8322	2108.7651	2845.3158
7530	67899.5662	-30480.0941	3518.8322	2108.7651	2845.6896
7531	67908.7264	-30484.1052	3518.8322	2108.7651	2846.0634
7532	67917.8867	-30488.1164	3518.8322	2108.7651	2846.4372
7533	67927.0470	-30492.1275	3518.8322	2108.7651	2846.8110
7534	67936.2073	-30496.1386	3518.8322	2108.7651	2847.1848
7535	67945.3676	-30500.1497	3518.8322	2108.7651	2847.5585
7536	67954.5279	-30504.1608	3518.8322	2108.7651	2847.9323
7537	67963.6882	-30508.1719	3518.8322	2108.7651	2848.3061
7538	67972.8485	-30512.1830	3518.8322	2108.7651	2848.6799
7539	67982.0088	-30516.1941	3518.8322	2108.7651	2849.0537
7540	67991.1691	-30520.2052	3518.8322	2108.7651	2849.4275
7541	68000.3294	-30524.2164	3518.8322	2108.7651	2849.8013
7542	68009.4897	-30528.2275	3518.8322	2108.7651	2850.1750
7543	68018.6500	-30532.2386	3518.8322	2108.7651	2850.5488
7544	68027.8103	-30536.2497	3518.8322	2108.7651	2850.9226
7545	68036.9706	-30540.2608	3518.8322	2108.7651	2851.2964
7546	68046.1309	-30544.2719	3518.8322	2108.7651	2851.6702
7547	68055.2912	-30548.2830	3518.8322	2108.7651	2852.0440
7548	68064.4515	-30552.2941	3518.8322	2108.7651	2852.4177
7549	68073.6117	-30556.3052	3518.8322	2108.7651	2852.7915
7550	68082.7720	-30560.3164	3518.8322	2108.7651	2853.1653
7551	68091.9323	-30564.3275	3518.8322	2108.7651	2853.5391
7552	68101.0926	-30568.3386	3518.8322	2108.7651	2853.9129
7553	68110.2529	-30572.3497	3518.8322	2108.7651	2854.2867
7554	68119.4132	-30576.3608	3518.8322	2108.7651	2854.6605
7555	68128.5735	-30580.3719	3518.8322	2108.7651	2855.0342
7556	68137.7338	-30584.3830	3518.8322	2108.7651	2855.4080
7557	68146.8941	-30588.3941	3518.8322	2108.7651	2855.7818
7558	68156.0544	-30592.4052	3518.8322	2108.7651	2856.1556
7559	68165.2147	-30596.4163	3518.8322	2108.7651	2856.5294
7560	68174.3750	-30600.4275	3518.8322	2108.7651	2856.9032
7561	68183.5353	-30604.4386	3518.8322	2108.7651	2857.2770
7562	68192.6956	-30608.4497	3518.8322	2108.7651	2857.6507
7563	68201.8559	-30612.4608	3518.8322	2108.7651	2858.0245
7564	68211.0162	-30616.4719	3518.8322	2108.7651	2858.3983
7565	68220.1765	-30620.4830	3518.8322	2108.7651	2858.7721
7566	68229.3367	-30624.4941	3518.8322	2108.7651	2859.1459
7567	68238.4970	-30628.5052	3518.8322	2108.7651	2859.5197
7568	68247.6573	-30632.5163	3518.8322	2108.7651	2859.8934
7569	68256.8176	-30636.5275	3518.8322	2108.7651	2860.2672
7570	68265.9779	-30640.5386	3518.8322	2108.7651	2860.6410
7571	68275.1382	-30644.5497	3518.8322	2108.7651	2861.0148
7572	68284.2985	-30648.5608	3518.8322	2108.7651	2861.3886
7573	68293.4588	-30652.5719	3518.8322	2108.7651	2861.7624
7574	68302.6191	-30656.5830	3518.8322	2108.7651	2862.1362
7575	68311.7794	-30660.5941	3518.8322	2108.7651	2862.5099
7576	68320.9397	-30664.6052	3518.8322	2108.7651	2862.8837
7577	68330.1000	-30668.6163	3518.8322	2108.7651	2863.2575
7578	68339.2603	-30672.6275	3518.8322	2108.7651	2863.6313
7579	68348.4206	-30676.6386	3518.8322	2108.7651	2864.0051
7580	68357.5809	-30680.6497	3518.8322	2108.7651	2864.3789
7581	68366.7412	-30684.6608	3518.8322	2108.7651	2864.7527
7582	68375.9015	-30688.6719	3518.8322	2108.7651	2865.1264
7583	68385.0617	-30692.6830	3518.8322	2108.7651	2865.5002
7584	68394.2220	-30696.6941	3518.8322	2108.7651	2865.8740
7585	68403.3823	-30700.7052	3518.8322	2108.7651	2866.2478
7586	68412.5426	-30704.7163	3518.8322	2108.7651	2866.6216
7587	68421.7029	-30708.7275	3518.8322	2108.7651	2866.9954
7588	68430.8632	-30712.7386	3518.8322	2108.7651	2867.3691
7589	68440.0235	-30716.7497	3518.8322	2108.7651	2867.7429
7590	68449.1838	-30720.7608	3518.8322	2108.7651	2868.1167
7591	68458.3441	-30724.7719	3518.8322	2108.7651	2868.4905
7592	68467.5044	-30728.7830	3518.8322	2108.7651	2868.8643
7593	68476.6647	-30732.7941	3518.8322	2108.7651	2869.2381
7594	68485.8250	-30736.8052	3518.8322	2108.7651	2869.6119
7595	68494.9853	-30740.8163	3518.8322	2108.7651	2869.9856
7596	68504.1456	-30744.8275	3518.8322	2108.7651	2870.3594
7597	68513.3059	-30748.8386	3518.8322	2108.7651	2870.7332
7598	68522.4662	-30752.8497	3518.8322	2108.7651	2871.1070
7599	68531.6265	-30756.8608	3518.8322	2108.7651	2871.4808
7600	68540.7867	-30760.8719	3518.8322	2108.7651	2871.8546
7601	68549.9470	-30764.8830	3518.8322	2108.7651	2872.2284
7602	68559.1073	-30768.8941	3518.8322	2108.7651	2872.6021
7603	68568.2676	-30772.9052	3518.8322	2108.7651	2872.9759
7604	68577.4279	-30776.9163	3518.8322	2108.7651	2873.3497
7605	68586.5882	-30780.9274	3518.8322	2108.7651	2873.7235
7606	68595.7485	-30784.9386	3518.8322	2108.7651	2874.0973
7607	68604.9088	-30788.9497	3518.8322	2108.7651	2874.4711
7608	68614.0691	-30792.9608	3518.8322	2108.7651	2874.8448
7609	68623.2294	-30796.9719	3518.8322	2108.7651	2875.2186
7610	68632.3897	-30800.9830	3518.8322	2108.7651	2875.5924
7611	68641.5500	-30804.9941	3518.8322	2108.7651	2875.9662
7612	68650.7103	-30809.0052	3518.8322	2108.7651	2876.3400
7613	68659.8706	-30813.0163	3518.8322	2108.7651	2876.7138
7614	68669.0309	-30817.0274	3518.8322	2108.7651	2877.0876
7615	68678.1912	-30821.0386	3518.8322	2108.7651	2877.4613
7616	68687.3515	-30825.0497	3518.8322	2108.7651	2877.8351
7617	68696.5118	-30829.0608	3518.8322	2108.7651	2878.2089
7618	68705.6720	-30833.0719	3518.8322	2108.7651	2878.5827
7619	68714.8323	-30837.0830	3518.8322	2108.7651	2878.9565
7620	68723.9926	-30841.0941	3518.8322	2108.7651	2879.3303
7621	68733.1529	-30845.1052	3518.8322	2108.7651	2879.7041
7622	68742.3132	-30849.1163	3518.8322	2108.7651	2880.0778
7623	68751.4735	-30853.1274	3518.8322	2108.7651	2880.4516
7624	68760.6338	-30857.1386	3518.8322	2108.7651	2880.8254
7625	68769.7941	-30861.1497	3518.8322	2108.7651	2881.1992
7626	68778.9544	-30865.1608	3518.8322	2108.7651	2881.5730
7627	68788.1147	-30869.1719	3518.8322	2108.7651	2881.9468
7628	68797.2750	-30873.1830	3518.8322	2108.7651	2882.3205
7629	68806.4353	-30877.1941	3518.8322	2108.7651	2882.6943
7630	68815.5956	-30881.2052	3518.8322	2108.7651	2883.0681
7631	68824.7559	-30885.2163	3518.8322	2108.7651	2883.4419
7632	68833.9162	-30889.2274	3518.8322	2108.7651	2883.8157
7633	68843.0765	-30893.2386	3518.8322	2108.7651	2884.1895
7634	68852.2368	-30897.2497	3518.8322	2108.7651	2884.5633
7635	68861.3970	-30901.2608	3518.8322	2108.7651	2884.9370
7636	68870.5573	-30905.2719	3518.8322	2108.7651	2885.3108
7637	68879.7176	-30909.2830	3518.8322	2108.7651	2885.6846
7638	68888.8779	-30913.2941	3518.8322	2108.7651	2886.0584
7639	68898.0382	-30917.3052	3518.8322	2108.7651	2886.4322
7640	68907.1985	-30921.3163	3518.8322	2108.7651	2886.8060
7641	68916.3588	-30925.3274	3518.8322	2108.7651	2887.1798
7642	68925.5191	-30929.3385	3518.8322	2108.7651	2887.5535
7643	68934.6794	-30933.3497	3518.8322	2108.7651	2887.9273
7644	68943.8397	-30937.3608	3518.8322	2108.7651	2888.3011
7645	68953.0000	-30941.3719	3518.8322	2108.7651	2888.6749
7646	68962.1603	-30945.3830	3518.8322	2108.7651	2889.0487
7647	68971.3206	-30949.3941	3518.8322	2108.7651	2889.4225
7648	68980.4809	-30953.4052	3518.8322	2108.7651	2889.7962
7649	68989.6412	-30957.4163	3518.8322	2108.7651	2890.1700
7650	68998.8015	-30961.4274	3518.8322	2108.7651	2890.5438
7651	69007.9618	-30965.4385	3518.8322	2108.7651	2890.9176
7652	69017.1220	-30969.4497	3518.8322	2108.7651	2891.2914
7653	69026.2823	-30973.4608	3518.8322	2108.7651	2891.6652
7654	69035.4426	-30977.4719	3518.8322	2108.7651	2892.0390
7655	69044.6029	-30981.4830	3518.8322	2108.7651	2892.4127
7656	69053.7632	-30985.4941	3518.8322	2108.7651	2892.7865
7657	69062.9235	-30989.5052	3518.8322	2108.7651	2893.1603
7658	69072.0838	-30993.5163	3518.8322	2108.7651	2893.5341
7659	69081.2441	-30997.5274	3518.8322	2108.7651	2893.9079
7660	69090.4044	-31001.5385	3518.8322	2108.7651	2894.2817
7661	69099.5647	-31005.5497	3518.8322	2108.7651	2894.6555
7662	69108.7250	-31009.5608	3518.8322	2108.7651	2895.0292
7663	69117.8853	-31013.5719	3518.8322	2108.7651	2895.4030
7664	69127.0456	-31017.5830	3518.8322	2108.7651	2895.7768
7665	69136.2059	-31021.5941	3518.8322	2108.7651	2896.1506
7666	69145.3662	-31025.6052	3518.8322	2108.7651	2896.5244
7667	69154.5265	-31029.6163	3518.8322	2108.7651	2896.8982
7668	69163.6868	-31033.6274	3518.8322	2108.7651	2897.2720
7669	69172.8470	-31037.6385	3518.8322	2108.7651	2897.6457
7670	69182.0073	-31041.6497	3518.8322	2108.7651	2898.0195
7671	69191.1676	-31045.6608	3518.8322	2108.7651	2898.3933
7672	69200.3279	-31049.6719	3518.8322	2108.7651	2898.7671
7673	69209.4882	-31053.6830	3518.8322	2108.7651	2899.1409
7674	69218.6485	-31057.6941	3518.8322	2108.7651	2899.5147
7675	69227.8088	-31061.7052	3518.8322	2108.7651	2899.8884
7676	69236.9691	-31065.7163	3518.8322	2108.7651	2900.2622
7677	69246.1294	-31069.7274	3518.8322	2108.7651	2900.6360
7678	69255.2897	-31073.7385	3518.8322	2108.7651	2901.0098
7679	69264.4500	-31077.7497	3518.8322	2108.7651	2901.3836
7680	69273.6103	-31081.7608	3518.8322	2108.7651	2901.7574
7681	69282.7706	-31085.7719	3518.8322	2108.7651	2902.1312
7682	69291.9309	-31089.7830	3518.8322	2108.7651	2902.5049
7683	69301.0912	-31093.7941	3518.8322	2108.7651	2902.8787
7684	69310.2515	-31097.8052	3518.8322	2108.7651	2903.2525
7685	69319.4118	-31101.8163	3518.8322	2108.7651	2903.6263
7686	69328.5720	-31105.8274	3518.8322	2108.7651	2904.0001
7687	69337.7323	-31109.8385	3518.8322	2108.7651	2904.3739
7688	69346.8926	-31113.8496	3518.8322	2108.7651	2904.7477
7689	69356.0529	-31117.8608	3518.8322	2108.7651	2905.1214
7690	69365.2132	-31121.8719	3518.8322	2108.7651	2905.4952
7691	69374.3735	-31125.8830	3518.8322	2108.7651	2905.8690
7692	69383.5338	-31129.8941	3518.8322	2108.7651	2906.2428
7693	69392.6941	-31133.9052	3518.8322	2108.7651	2906.6166
7694	69401.8544	-31137.9163	3518.8322	2108.7651	2906.9904
7695	69411.0147	-31141.9274	3518.8322	2108.7651	2907.3641
7696	69420.1750	-31145.9385	3518.8322	2108.7651	2907.7379
7697	69429.3353	-31149.9496	3518.8322	2108.7651	2908.1117
7698	69438.4956	-31153.9608	3518.8322	2108.7651	2908.4855
7699	69447.6559	-31157.9719	3518.8322	2108.7651	2908.8593
7700	69456.8162	-31161.9830	3518.8322	2108.7651	2909.2331
7701	69465.9765	-31165.9941	3518.8322	2108.7651	2909.6069
7702	69475.1368	-31170.0052	3518.8322	2108.7651	2909.9806
7703	69484.2971	-31174.0163	3518.8322	2108.7651	2910.3544
7704	69493.4573	-31178.0274	3518.8322	2108.7651	2910.7282
7705	69502.6176	-31182.0385	3518.8322	2108.7651	2911.1020
7706	69511.7779	-31186.0496	3518.8322	2108.7651	2911.4758
7707	69520.9382	-31190.0608	3518.8322	2108.7651	2911.8496
7708	69530.0985	-31194.0719	3518.8322	2108.7651	2912.2234
7709	69539.2588	-31198.0830	3518.8322	2108.7651	2912.5971
7710	69548.4191	-31202.0941	3518.8322	2108.7651	2912.9709
7711	69557.5794	-31206.1052	3518.8322	2108.7651	2913.3447
7712	69566.7397	-31210.1163	3518.8322	2108.7651	2913.7185
7713	69575.9000	-31214.1274	3518.8322	2108.7651	2914.0923
7714	69585.0603	-31218.1385	3518.8322	2108.7651	2914.4661
7715	69594.2206	-31222.1496	3518.8322	2108.7651	2914.8398
7716	69603.3809	-31226.1608	3518.8322	2108.7651	2915.2136
7717	69612.5412	-31230.1719	3518.8322	2108.7651	2915.5874
7718	69621.7015	-31234.1830	3518.8322	2108.7651	2915.9612
7719	69630.8618	-31238.1941	3518.8322	2108.7651	2916.3350
7720	69640.0221	-31242.2052	3518.8322	2108.7651	2916.7088
7721	69649.1823	-31246.2163	3518.8322	2108.7651	2917.0826
7722	69658.3426	-31250.2274	3518.8322	2108.7651	2917.4563
7723	69667.5029	-31254.2385	3518.8322	2108.7651	2917.8301
7724	69676.6632	-31258.2496	3518.8322	2108.7651	2918.2039
7725	69685.8235	-31262.2608	3518.8322	2108.7651	2918.5777
7726	69694.9838	-31266.2719	3518.8322	2108.7651	2918.9515
7727	69704.1441	-31270.2830	3518.8322	2108.7651	2919.3253
7728	69713.3044	-31274.2941	3518.8322	2108.7651	2919.6991
7729	69722.4647	-31278.3052	3518.8322	2108.7651	2920.0728
7730	69731.6250	-31282.3163	3518.8322	2108.7651	2920.4466
7731	69740.7853	-31286.3274	3518.8322	2108.7651	2920.8204
7732	69749.9456	-31290.3385	3518.8322	2108.7651	2921.1942
7733	69759.1059	-31294.3496	3518.8322	2108.7651	2921.5680
7734	69768.2662	-31298.3607	3518.8322	2108.7651	2921.9418
7735	69777.4265	-31302.3719	3518.8322	2108.7651	2922.3155
7736	69786.5868	-31306.3830	3518.8322	2108.7651	2922.6893
7737	69795.7471	-31310.3941	3518.8322	2108.7651	2923.0631
7738	69804.9073	-31314.4052	3518.8322	2108.7651	2923.4369
7739	69814.0676	-31318.4163	3518.8322	2108.7651	2923.8107
7740	69823.2279	-31322.4274	3518.8322	2108.7651	2924.1845
7741	69832.3882	-31326.4385	3518.8322	2108.7651	2924.5583
7742	69841.5485	-31330.4496	3518.8322	2108.7651	2924.9320
7743	69850.7088	-31334.4607	3518.8322	2108.7651	2925.3058
7744	69859.8691	-31338.4719	3518.8322	2108.7651	2925.6796
7745	69869.0294	-31342.4830	3518.8322	2108.7651	2926.0534
7746	69878.1897	-31346.4941	3518.8322	2108.7651	2926.4272
7747	69887.3500	-31350.5052	3518.8322	2108.7651	2926.8010
7748	69896.5103	-31354.5163	3518.8322	2108.7651	2927.1748
7749	69905.6706	-31358.5274	3518.8322	2108.7651	2927.5485
7750	69914.8309	-31362.5385	3518.8322	2108.7651	2927.9223
7751	69923.9912	-31366.5496	3518.8322	2108.7651	2928.2961
7752	69933.1515	-31370.5607	3518.8322	2108.7651	2928.6699
7753	69942.3118	-31374.5719	3518.8322	2108.7651	2929.0437
7754	69951.4721	-31378.5830	3518.8322	2108.7651	2929.4175
7755	69960.6323	-31382.5941	3518.8322	2108.7651	2929.7912
7756	69969.7926	-31386.6052	3518.8322	2108.7651	2930.1650
7757	69978.9529	-31390.6163	3518.8322	2108.7651	2930.5388
7758	69988.1132	-31394.6274	3518.8322	2108.7651	2930.9126
7759	69997.2735	-31398.6385	3518.8322	2108.7651	2931.2864
7760	70006.4338	-31402.6496	3518.8322	2108.7651	2931.6602
7761	70015.5941	-31406.6607	3518.8322	2108.7651	2932.0340
7762	70024.7544	-31410.6719	3518.8322	2108.7651	2932.4077
7763	70033.9147	-31414.6830	3518.8322	2108.7651	2932.7815
7764	70043.0750	-31418.6941	3518.8322	2108.7651	2933.1553
7765	70052.2353	-31422.7052	3518.8322	2108.7651	2933.5291
7766	70061.3956	-31426.7163	3518.8322	2108.7651	2933.9029
7767	70070.5559	-31430.7274	3518.8322	2108.7651	2934.2767
7768	70079.7162	-31434.7385	3518.8322	2108.7651	2934.6505
7769	70088.8765	-31438.7496	3518.8322	2108.7651	2935.0242
7770	70098.0368	-31442.7607	3518.8322	2108.7651	2935.3980
7771	70107.1971	-31446.7719	3518.8322	2108.7651	2935.7718
7772	70116.3573	-31450.7830	3518.8322	2108.7651	2936.1456
7773	70125.5176	-31454.7941	3518.8322	2108.7651	2936.5194
7774	70134.6779	-31458.8052	3518.8322	2108.7651	2936.8932
7775	70143.8382	-31462.8163	3518.8322	2108.7651	2937.2669
7776	70152.9985	-31466.8274	3518.8322	2108.7651	2937.6407
7777	70162.1588	-31470.8385	3518.8322	2108.7651	2938.0145
7778	70171.3191	-31474.8496	3518.8322	2108.7651	2938.3883
7779	70180.4794	-31478.8607	3518.8322	2108.7651	2938.7621
7780	70189.6397	-31482.8718	3518.8322	2108.7651	2939.1359
7781	70198.8000	-31486.8830	3518.8322	2108.7651	2939.5097
7782	70207.9603	-31490.8941	3518.8322	2108.7651	2939.8834
7783	70217.1206	-31494.9052	3518.8322	2108.7651	2940.2572
7784	70226.2809	-31498.9163	3518.8322	2108.7651	2940.6310
7785	70235.4412	-31502.9274	3518.8322	2108.7651	2941.0048
7786	70244.6015	-31506.9385	3518.8322	2108.7651	2941.3786
7787	70253.7618	-31510.9496	3518.8322	2108.7651	2941.7524
7788	70262.9221	-31514.9607	3518.8322	2108.7651	2942.1262
7789	70272.0824	-31518.9718	3518.8322	2108.7651	2942.4999
7790	70281.2426	-31522.9830	3518.8322	2108.7651	2942.8737
7791	70290.4029	-31526.9941	3518.8322	2108.7651	2943.2475
7792	70299.5632	-31531.0052	3518.8322	2108.7651	2943.6213
7793	70308.7235	-31535.0163	3518.8322	2108.7651	2943.9951
7794	70317.8838	-31539.0274	3518.8322	2108.7651	2944.3689
7795	70327.0441	-31543.0385	3518.8322	2108.7651	2944.7427
7796	70336.2044	-31547.0496	3518.8322	2108.7651	2945.1164
7797	70345.3647	-31551.0607	3518.8322	2108.7651	2945.4902
7798	70354.5250	-31555.0718	3518.8322	2108.7651	2945.8640
7799	70363.6853	-31559.0830	3518.8322	2108.7651	2946.2378
7800	70372.8456	-31563.0941	3518.8322	2108.7651	2946.6116
7801	70382.0059	-31567.1052	3518.8322	2108.7651	2946.9854
7802	70391.1662	-31571.1163	3518.8322	2108.7651	2947.3591
7803	70400.3265	-31575.1274	3518.8322	2108.7651	2947.7329
7804	70409.4868	-31579.1385	3518.8322	2108.7651	2948.1067
7805	70418.6471	-31583.1496	3518.8322	2108.7651	2948.4805
7806	70427.8074	-31587.1607	3518.8322	2108.7651	2948.8543
7807	70436.9676	-31591.1718	3518.8322	2108.7651	2949.2281
7808	70446.1279	-31595.1830	3518.8322	2108.7651	2949.6019
7809	70455.2882	-31599.1941	3518.8322	2108.7651	2949.9756
7810	70464.4485	-31603.2052	3518.8322	2108.7651	2950.3494
7811	70473.6088	-31607.2163	3518.8322	2108.7651	2950.7232
7812	70482.7691	-31611.2274	3518.8322	2108.7651	2951.0970
7813	70491.9294	-31615.2385	3518.8322	2108.7651	2951.4708
7814	70501.0897	-31619.2496	3518.8322	2108.7651	2951.8446
7815	70510.2500	-31623.2607	3518.8322	2108.7651	2952.2184
7816	70519.4103	-31627.2718	3518.8322	2108.7651	2952.5921
7817	70528.5706	-31631.2830	3518.8322	2108.7651	2952.9659
7818	70537.7309	-31635.2941	3518.8322	2108.7651	2953.3397
7819	70546.8912	-31639.3052	3518.8322	2108.7651	2953.7135
7820	70556.0515	-31643.3163	3518.8322	2108.7651	2954.0873
7821	70565.2118	-31647.3274	3518.8322	2108.7651	2954.4611
7822	70574.3721	-31651.3385	3518.8322	2108.7651	2954.8348
7823	70583.5324	-31655.3496	3518.8322	2108.7651	2955.2086
7824	70592.6926	-31659.3607	3518.8322	2108.7651	2955.5824
7825	70601.8529	-31663.3718	3518.8322	2108.7651	2955.9562
7826	70611.0132	-31667.3829	3518.8322	2108.7651	2956.3300
7827	70620.1735	-31671.3941	3518.8322	2108.7651	2956.7038
7828	70629.3338	-31675.4052	3518.8322	2108.7651	2957.0776
7829	70638.4941	-31679.4163	3518.8322	2108.7651	2957.4513
7830	70647.6544	-31683.4274	3518.8322	2108.7651	2957.8251
7831	70656.8147	-31687.4385	3518.8322	2108.7651	2958.1989
7832	70665.9750	-31691.4496	3518.8322	2108.7651	2958.5727
7833	70675.1353	-31695.4607	3518.8322	2108.7651	2958.9465
7834	70684.2956	-31699.4718	3518.8322	2108.7651	2959.3203
7835	70693.4559	-31703.4829	3518.8322	2108.7651	2959.6941
7836	70702.6162	-31707.4941	3518.8322	2108.7651	2960.0678
7837	70711.7765	-31711.5052	3518.8322	2108.7651	2960.4416
7838	70720.9368	-31715.5163	3518.8322	2108.7651	2960.8154
7839	70730.0971	-31719.5274	3518.8322	2108.7651	2961.1892
7840	70739.2574	-31723.5385	3518.8322	2108.7651	2961.5630
7841	70748.4176	-31727.5496	3518.8322	2108.7651	2961.9368
7842	70757.5779	-31731.5607	3518.8322	2108.7651	2962.3105
7843	70766.7382	-31735.5718	3518.8322	2108.7651	2962.6843
7844	70775.8985	-31739.5829	3518.8322	2108.7651	2963.0581
7845	70785.0588	-31743.5941	3518.8322	2108.7651	2963.4319
7846	70794.2191	-31747.6052	3518.8322	2108.7651	2963.8057
7847	70803.3794	-31751.6163	3518.8322	2108.7651	2964.1795
7848	70812.5397	-31755.6274	3518.8322	2108.7651	2964.5533
7849	70821.7000	-31759.6385	3518.8322	2108.7651	2964.9270
7850	70830.8603	-31763.6496	3518.8322	2108.7651	2965.3008
7851	70840.0206	-31767.6607	3518.8322	2108.7651	2965.6746
7852	70849.1809	-31771.6718	3518.8322	2108.7651	2966.0484
7853	70858.3412	-31775.6829	3518.8322	2108.7651	2966.4222
7854	70867.5015	-31779.6941	3518.8322	2108.7651	2966.7960
7855	70876.6618	-31783.7052	3518.8322	2108.7651	2967.1698
7856	70885.8221	-31787.7163	3518.8322	2108.7651	2967.5435
7857	70894.9824	-31791.7274	3518.8322	2108.7651	2967.9173
7858	70904.1427	-31795.7385	3518.8322	2108.7651	2968.2911
7859	70913.3029	-31799.7496	3518.8322	2108.7651	2968.6649
7860	70922.4632	-31803.7607	3518.8322	2108.7651	2969.0387
7861	70931.6235	-31807.7718	3518.8322	2108.7651	2969.4125
7862	70940.7838	-31811.7829	3518.8322	2108.7651	2969.7862
7863	70949.9441	-31815.7940	3518.8322	2108.7651	2970.1600
7864	70959.1044	-31819.8052	3518.8322	2108.7651	2970.5338
7865	70968.2647	-31823.8163	3518.8322	2108.7651	2970.9076
7866	70977.4250	-31827.8274	3518.8322	2108.7651	2971.2814
7867	70986.5853	-31831.8385	3518.8322	2108.7651	2971.6552
7868	70995.7456	-31835.8496	3518.8322	2108.7651	2972.0290
7869	71004.9059	-31839.8607	3518.8322	2108.7651	2972.4027
7870	71014.0662	-31843.8718	3518.8322	2108.7651	2972.7765
7871	71023.2265	-31847.8829	3518.8322	2108.7651	2973.1503
7872	71032.3868	-31851.8940	3518.8322	2108.7651	2973.5241
7873	71041.5471	-31855.9052	3518.8322	2108.7651	2973.8979
7874	71050.7074	-31859.9163	3518.8322	2108.7651	2974.2717
7875	71059.8677	-31863.9274	3518.8322	2108.7651	2974.6455
7876	71069.0279	-31867.9385	3518.8322	2108.7651	2975.0192
7877	71078.1882	-31871.9496	3518.8322	2108.7651	2975.3930
7878	71087.3485	-31875.9607	3518.8322	2108.7651	2975.7668
7879	71096.5088	-31879.9718	3518.8322	2108.7651	2976.1406
7880	71105.6691	-31883.9829	3518.8322	2108.7651	2976.5144
7881	71114.8294	-31887.9940	3518.8322	2108.7651	2976.8882
7882	71123.9897	-31892.0052	3518.8322	2108.7651	2977.2619
7883	71133.1500	-31896.0163	3518.8322	2108.7651	2977.6357
7884	71142.3103	-31900.0274	3518.8322	2108.7651	2978.0095
7885	71151.4706	-31904.0385	3518.8322	2108.7651	2978.3833
7886	71160.6309	-31908.0496	3518.8322	2108.7651	2978.7571
7887	71169.7912	-31912.0607	3518.8322	2108.7651	2979.1309
7888	71178.9515	-31916.0718	3518.8322	2108.7651	2979.5047
7889	71188.1118	-31920.0829	3518.8322	2108.7651	2979.8784
7890	71197.2721	-31924.0940	3518.8322	2108.7651	2980.2522
7891	71206.4324	-31928.1052	3518.8322	2108.7651	2980.6260
7892	71215.5927	-31932.1163	3518.8322	2108.7651	2980.9998
7893	71224.7529	-31936.1274	3518.8322	2108.7651	2981.3736
7894	71233.9132	-31940.1385	3518.8322	2108.7651	2981.7474
7895	71243.0735	-31944.1496	3518.8322	2108.7651	2982.1212
7896	71252.2338	-31948.1607	3518.8322	2108.7651	2982.4949
7897	71261.3941	-31952.1718	3518.8322	2108.7651	2982.8687
7898	71270.5544	-31956.1829	3518.8322	2108.7651	2983.2425
7899	71279.7147	-31960.1940	3518.8322	2108.7651	2983.6163
7900	71288.8750	-31964.2052	3518.8322	2108.7651	2983.9901
7901	71298.0353	-31968.2163	3518.8322	2108.7651	2984.3639
7902	71307.1956	-31972.2274	3518.8322	2108.7651	2984.7376
7903	71316.3559	-31976.2385	3518.8322	2108.7651	2985.1114
7904	71325.5162	-31980.2496	3518.8322	2108.7651	2985.4852
7905	71334.6765	-31984.2607	3518.8322	2108.7651	2985.8590
7906	71343.8368	-31988.2718	3518.8322	2108.7651	2986.2328
7907	71352.9971	-31992.2829	3518.8322	2108.7651	2986.6066
7908	71362.1574	-31996.2940	3518.8322	2108.7651	2986.9804
7909	71371.3177	-32000.3051	3518.8322	2108.7651	2987.3541
7910	71380.4779	-32004.3163	3518.8322	2108.7651	2987.7279
7911	71389.6382	-32008.3274	3518.8322	2108.7651	2988.1017
7912	71398.7985	-32012.3385	3518.8322	2108.7651	2988.4755
7913	71407.9588	-32016.3496	3518.8322	2108.7651	2988.8493
7914	71417.1191	-32020.3607	3518.8322	2108.7651	2989.2231
7915	71426.2794	-32024.3718	3518.8322	2108.7651	2989.5969
7916	71435.4397	-32028.3829	3518.8322	2108.7651	2989.9706
7917	71444.6000	-32032.3940	3518.8322	2108.7651	2990.3444
7918	71453.7603	-32036.4051	3518.8322	2108.7651	2990.7182
7919	71462.9206	-32040.4163	3518.8322	2108.7651	2991.0920
7920	71472.0809	-32044.4274	3518.8322	2108.7651	2991.4658
7921	71481.2412	-32048.4385	3518.8322	2108.7651	2991.8396
7922	71490.4015	-32052.4496	3518.8322	2108.7651	2992.2134
7923	71499.5618	-32056.4607	3518.8322	2108.7651	2992.5871
7924	71508.7221	-32060.4718	3518.8322	2108.7651	2992.9609
7925	71517.8824	-32064.4829	3518.8322	2108.7651	2993.3347
7926	71527.0427	-32068.4940	3518.8322	2108.7651	2993.7085
7927	71536.2029	-32072.5051	3518.8322	2108.7651	2994.0823
7928	71545.3632	-32076.5163	3518.8322	2108.7651	2994.4561
7929	71554.5235	-32080.5274	3518.8322	2108.7651	2994.8298
7930	71563.6838	-32084.5385	3518.8322	2108.7651	2995.2036
7931	71572.8441	-32088.5496	3518.8322	2108.7651	2995.5774
7932	71582.0044	-32092.5607	3518.8322	2108.7651	2995.9512
7933	71591.1647	-32096.5718	3518.8322	2108.7651	2996.3250
7934	71600.3250	-32100.5829	3518.8322	2108.7651	2996.6988
7935	71609.4853	-32104.5940	3518.8322	2108.7651	2997.0726
7936	71618.6456	-32108.6051	3518.8322	2108.7651	2997.4463
7937	71627.8059	-32112.6163	3518.8322	2108.7651	2997.8201
7938	71636.9662	-32116.6274	3518.8322	2108.7651	2998.1939
7939	71646.1265	-32120.6385	3518.8322	2108.7651	2998.5677
7940	71655.2868	-32124.6496	3518.8322	2108.7651	2998.9415
7941	71664.4471	-32128.6607	3518.8322	2108.7651	2999.3153
7942	71673.6074	-32132.6718	3518.8322	2108.7651	2999.6891
7943	71682.7677	-32136.6829	3518.8322	2108.7651	3000.0628
7944	71691.9280	-32140.6940	3518.8322	2108.7651	3000.4366
7945	71701.0882	-32144.7051	3518.8322	2108.7651	3000.8104
7946	71710.2485	-32148.7163	3518.8322	2108.7651	3001.1842
7947	71719.4088	-32152.7274	3518.8322	2108.7651	3001.5580
7948	71728.5691	-32156.7385	3518.8322	2108.7651	3001.9318
7949	71737.7294	-32160.7496	3518.8322	2108.7651	3002.3055
7950	71746.8897	-32164.7607	3518.8322	2108.7651	3002.6793
7951	71756.0500	-32168.7718	3518.8322	2108.7651	3003.0531
7952	71765.2103	-32172.7829	3518.8322	2108.7651	3003.4269
7953	71774.3706	-32176.7940	3518.8322	2108.7651	3003.8007
7954	71783.5309	-32180.8051	3518.8322	2108.7651	3004.1745
7955	71792.6912	-32184.8162	3518.8322	2108.7651	3004.5483
7956	71801.8515	-32188.8274	3518.8322	2108.7651	3004.9220
7957	71811.0118	-32192.8385	3518.8322	2108.7651	3005.2958
7958	71820.1721	-32196.8496	3518.8322	2108.7651	3005.6696
7959	71829.3324	-32200.8607	3518.8322	2108.7651	3006.0434
7960	71838.4927	-32204.8718	3518.8322	2108.7651	3006.4172
7961	71847.6530	-32208.8829	3518.8322	2108.7651	3006.7910
7962	71856.8132	-32212.8940	3518.8322	2108.7651	3007.1648
7963	71865.9735	-32216.9051	3518.8322	2108.7651	3007.5385
7964	71875.1338	-32220.9162	3518.8322	2108.7651	3007.9123
7965	71884.2941	-32224.9274	3518.8322	2108.7651	3008.2861
7966	71893.4544	-32228.9385	3518.8322	2108.7651	3008.6599
7967	71902.6147	-32232.9496	3518.8322	2108.7651	3009.0337
7968	71911.7750	-32236.9607	3518.8322	2108.7651	3009.4075
7969	71920.9353	-32240.9718	3518.8322	2108.7651	3009.7812
7970	71930.0956	-32244.9829	3518.8322	2108.7651	3010.1550
7971	71939.2559	-32248.9940	3518.8322	2108.7651	3010.5288
7972	71948.4162	-32253.0051	3518.8322	2108.7651	3010.9026
7973	71957.5765	-32257.0162	3518.8322	2108.7651	3011.2764
7974	71966.7368	-32261.0274	3518.8322	2108.7651	3011.6502
7975	71975.8971	-32265.0385	3518.8322	2108.7651	3012.0240
7976	71985.0574	-32269.0496	3518.8322	2108.7651	3012.3977
7977	71994.2177	-32273.0607	3518.8322	2108.7651	3012.7715
7978	72003.3780	-32277.0718	3518.8322	2108.7651	3013.1453
7979	72012.5382	-32281.0829	3518.8322	2108.7651	3013.5191
7980	72021.6985	-32285.0940	3518.8322	2108.7651	3013.8929
7981	72030.8588	-32289.1051	3518.8322	2108.7651	3014.2667
7982	72040.0191	-32293.1162	3518.8322	2108.7651	3014.6405
7983	72049.1794	-32297.1274	3518.8322	2108.7651	3015.0142
7984	72058.3397	-32301.1385	3518.8322	2108.7651	3015.3880
7985	72067.5000	-32305.1496	3518.8322	2108.7651	3015.7618
7986	72076.6603	-32309.1607	3518.8322	2108.7651	3016.1356
7987	72085.8206	-32313.1718	3518.8322	2108.7651	3016.5094
7988	72094.9809	-32317.1829	3518.8322	2108.7651	3016.8832
7989	72104.1412	-32321.1940	3518.8322	2108.7651	3017.2569
7990	72113.3015	-32325.2051	3518.8322	2108.7651	3017.6307
7991	72122.4618	-32329.2162	3518.8322	2108.7651	3018.0045
7992	72131.6221	-32333.2274	3518.8322	2108.7651	3018.3783
7993	72140.7824	-32337.2385	3518.8322	2108.7651	3018.7521
7994	72149.9427	-32341.2496	3518.8322	2108.7651	3019.1259
7995	72159.1030	-32345.2607	3518.8322	2108.7651	3019.4997
7996	72168.2632	-32349.2718	3518.8322	2108.7651	3019.8734
7997	72177.4235	-32353.2829	3518.8322	2108.7651	3020.2472
7998	72186.5838	-32357.2940	3518.8322	2108.7651	3020.6210
7999	72195.7441	-32361.3051	3518.8322	2108.7651	3020.9948
8000	72204.9044	-32365.3162	3518.8322	2108.7651	3021.3686
8001	72214.0647	-32369.3273	3518.8322	2108.7651	3021.7424
8002	72223.2250	-32373.3385	3518.8322	2108.7651	3022.1162
8003	72232.3853	-32377.3496	3518.8322	2108.7651	3022.4899
8004	72241.5456	-32381.3607	3518.8322	2108.7651	3022.8637
8005	72250.7059	-32385.3718	3518.8322	2108.7651	3023.2375
8006	72259.8662	-32389.3829	3518.8322	2108.7651	3023.6113
8007	72269.0265	-32393.3940	3518.8322	2108.7651	3023.9851
8008	72278.1868	-32397.4051	3518.8322	2108.7651	3024.3589
8009	72287.3471	-32401.4162	3518.8322	2108.7651	3024.7326
8010	72296.5074	-32405.4273	3518.8322	2108.7651	3025.1064
8011	72305.6677	-32409.4385	3518.8322	2108.7651	3025.4802
8012	72314.8280	-32413.4496	3518.8322	2108.7651	3025.8540
8013	72323.9882	-32417.4607	3518.8322	2108.7651	3026.2278
8014	72333.1485	-32421.4718	3518.8322	2108.7651	3026.6016
8015	72342.3088	-32425.4829	3518.8322	2108.7651	3026.9754
8016	72351.4691	-32429.4940	3518.8322	2108.7651	3027.3491
8017	72360.6294	-32433.5051	3518.8322	2108.7651	3027.7229
8018	72369.7897	-32437.5162	3518.8322	2108.7651	3028.0967
8019	72378.9500	-32441.5273	3518.8322	2108.7651	3028.4705
8020	72388.1103	-32445.5385	3518.8322	2108.7651	3028.8443
8021	72397.2706	-32449.5496	3518.8322	2108.7651	3029.2181
8022	72406.4309	-32453.5607	3518.8322	2108.7651	3029.5919
8023	72415.5912	-32457.5718	3518.8322	2108.7651	3029.9656
8024	72424.7515	-32461.5829	3518.8322	2108.7651	3030.3394
8025	72433.9118	-32465.5940	3518.8322	2108.7651	3030.7132
8026	72443.0721	-32469.6051	3518.8322	2108.7651	3031.0870
8027	72452.2324	-32473.6162	3518.8322	2108.7651	3031.4608
8028	72461.3927	-32477.6273	3518.8322	2108.7651	3031.8346
8029	72470.5530	-32481.6385	3518.8322	2108.7651	3032.2083
8030	72479.7133	-32485.6496	3518.8322	2108.7651	3032.5821
8031	72488.8735	-32489.6607	3518.8322	2108.7651	3032.9559
8032	72498.0338	-32493.6718	3518.8322	2108.7651	3033.3297
8033	72507.1941	-32497.6829	3518.8322	2108.7651	3033.7035
8034	72516.3544	-32501.6940	3518.8322	2108.7651	3034.0773
8035	72525.5147	-32505.7051	3518.8322	2108.7651	3034.4511
8036	72534.6750	-32509.7162	3518.8322	2108.7651	3034.8248
8037	72543.8353	-32513.7273	3518.8322	2108.7651	3035.1986
8038	72552.9956	-32517.7385	3518.8322	2108.7651	3035.5724
8039	72562.1559	-32521.7496	3518.8322	2108.7651	3035.9462
8040	72571.3162	-32525.7607	3518.8322	2108.7651	3036.3200
8041	72580.4765	-32529.7718	3518.8322	2108.7651	3036.6938
8042	72589.6368	-32533.7829	3518.8322	2108.7651	3037.0676
8043	72598.7971	-32537.7940	3518.8322	2108.7651	3037.4413
8044	72607.9574	-32541.8051	3518.8322	2108.7651	3037.8151
8045	72617.1177	-32545.8162	3518.8322	2108.7651	3038.1889
8046	72626.2780	-32549.8273	3518.8322	2108.7651	3038.5627
8047	72635.4383	-32553.8384	3518.8322	2108.7651	3038.9365
8048	72644.5985	-32557.8496	3518.8322	2108.7651	3039.3103
8049	72653.7588	-32561.8607	3518.8322	2108.7651	3039.6840
8050	72662.9191	-32565.8718	3518.8322	2108.7651	3040.0578
8051	72672.0794	-32569.8829	3518.8322	2108.7651	3040.4316
8052	72681.2397	-32573.8940	3518.8322	2108.7651	3040.8054
8053	72690.4000	-32577.9051	3518.8322	2108.7651	3041.1792
8054	72699.5603	-32581.9162	3518.8322	2108.7651	3041.5530
8055	72708.7206	-32585.9273	3518.8322	2108.7651	3041.9268
8056	72717.8809	-32589.9384	3518.8322	2108.7651	3042.3005
8057	72727.0412	-32593.9496	3518.8322	2108.7651	3042.6743
8058	72736.2015	-32597.9607	3518.8322	2108.7651	3043.0481
8059	72745.3618	-32601.9718	3518.8322	2108.7651	3043.4219
8060	72754.5221	-32605.9829	3518.8322	2108.7651	3043.7957
8061	72763.6824	-32609.9940	3518.8322	2108.7651	3044.1695
8062	72772.8427	-32614.0051	3518.8322	2108.7651	3044.5433
8063	72782.0030	-32618.0162	3518.8322	2108.7651	3044.9170
8064	72791.1633	-32622.0273	3518.8322	2108.7651	3045.2908
8065	72800.3235	-32626.0384	3518.8322	2108.7651	3045.6646
8066	72809.4838	-32630.0496	3518.8322	2108.7651	3046.0384
8067	72818.6441	-32634.0607	3518.8322	2108.7651	3046.4122
8068	72827.8044	-32638.0718	3518.8322	2108.7651	3046.7860
8069	72836.9647	-32642.0829	3518.8322	2108.7651	3047.1598
8070	72846.1250	-32646.0940	3518.8322	2108.7651	3047.5335
8071	72855.2853	-32650.1051	3518.8322	2108.7651	3047.9073
8072	72864.4456	-32654.1162	3518.8322	2108.7651	3048.2811
8073	72873.6059	-32658.1273	3518.8322	2108.7651	3048.6549
8074	72882.7662	-32662.1384	3518.8322	2108.7651	3049.0287
8075	72891.9265	-32666.1496	3518.8322	2108.7651	3049.4025
8076	72901.0868	-32670.1607	3518.8322	2108.7651	3049.7762
8077	72910.2471	-32674.1718	3518.8322	2108.7651	3050.1500
8078	72919.4074	-32678.1829	3518.8322	2108.7651	3050.5238
8079	72928.5677	-32682.1940	3518.8322	2108.7651	3050.8976
8080	72937.7280	-32686.2051	3518.8322	2108.7651	3051.2714
8081	72946.8883	-32690.2162	3518.8322	2108.7651	3051.6452
8082	72956.0485	-32694.2273	3518.8322	2108.7651	3052.0190
8083	72965.2088	-32698.2384	3518.8322	2108.7651	3052.3927
8084	72974.3691	-32702.2496	3518.8322	2108.7651	3052.7665
8085	72983.5294	-32706.2607	3518.8322	2108.7651	3053.1403
8086	72992.6897	-32710.2718	3518.8322	2108.7651	3053.5141
8087	73001.8500	-32714.2829	3518.8322	2108.7651	3053.8879
8088	73011.0103	-32718.2940	3518.8322	2108.7651	3054.2617
8089	73020.1706	-32722.3051	3518.8322	2108.7651	3054.6355
8090	73029.3309	-32726.3162	3518.8322	2108.7651	3055.0092
8091	73038.4912	-32730.3273	3518.8322	2108.7651	3055.3830
8092	73047.6515	-32734.3384	3518.8322	2108.7651	3055.7568
8093	73056.8118	-32738.3495	3518.8322	2108.7651	3056.1306
8094	73065.9721	-32742.3607	3518.8322	2108.7651	3056.5044
8095	73075.1324	-32746.3718	3518.8322	2108.7651	3056.8782
8096	73084.2927	-32750.3829	3518.8322	2108.7651	3057.2519
8097	73093.4530	-32754.3940	3518.8322	2108.7651	3057.6257
8098	73102.6133	-32758.4051	3518.8322	2108.7651	3057.9995
8099	73111.7736	-32762.4162	3518.8322	2108.7651	3058.3733
8100	73120.9338	-32766.4273	3518.8322	2108.7651	3058.7471
8101	73130.0941	-32770.4384	3518.8322	2108.7651	3059.1209
8102	73139.2544	-32774.4495	3518.8322	2108.7651	3059.4947
8103	73148.4147	-32778.4607	3518.8322	2108.7651	3059.8684
8104	73157.5750	-32782.4718	3518.8322	2108.7651	3060.2422
8105	73166.7353	-32786.4829	3518.8322	2108.7651	3060.6160
8106	73175.8956	-32790.4940	3518.8322	2108.7651	3060.9898
8107	73185.0559	-32794.5051	3518.8322	2108.7651	3061.3636
8108	73194.2162	-32798.5162	3518.8322	2108.7651	3061.7374
8109	73203.3765	-32802.5273	3518.8322	2108.7651	3062.1112
8110	73212.5368	-32806.5384	3518.8322	2108.7651	3062.4849
8111	73221.6971	-32810.5495	3518.8322	2108.7651	3062.8587
8112	73230.8574	-32814.5607	3518.8322	2108.7651	3063.2325
8113	73240.0177	-32818.5718	3518.8322	2108.7651	3063.6063
8114	73249.1780	-32822.5829	3518.8322	2108.7651	3063.9801
8115	73258.3383	-32826.5940	3518.8322	2108.7651	3064.3539
8116	73267.4986	-32830.6051	3518.8322	2108.7651	3064.7276
8117	73276.6588	-32834.6162	3518.8322	2108.7651	3065.1014
8118	73285.8191	-32838.6273	3518.8322	2108.7651	3065.4752
8119	73294.9794	-32842.6384	3518.8322	2108.7651	3065.8490
8120	73304.1397	-32846.6495	3518.8322	2108.7651	3066.2228
8121	73313.3000	-32850.6607	3518.8322	2108.7651	3066.5966
8122	73322.4603	-32854.6718	3518.8322	2108.7651	3066.9704
8123	73331.6206	-32858.6829	3518.8322	2108.7651	3067.3441
8124	73340.7809	-32862.6940	3518.8322	2108.7651	3067.7179
8125	73349.9412	-32866.7051	3518.8322	2108.7651	3068.0917
8126	73359.1015	-32870.7162	3518.8322	2108.7651	3068.4655
8127	73368.2618	-32874.7273	3518.8322	2108.7651	3068.8393
8128	73377.4221	-32878.7384	3518.8322	2108.7651	3069.2131
8129	73386.5824	-32882.7495	3518.8322	2108.7651	3069.5869
8130	73395.7427	-32886.7606	3518.8322	2108.7651	3069.9606
8131	73404.9030	-32890.7718	3518.8322	2108.7651	3070.3344
8132	73414.0633	-32894.7829	3518.8322	2108.7651	3070.7082
8133	73423.2236	-32898.7940	3518.8322	2108.7651	3071.0820
8134	73432.3838	-32902.8051	3518.8322	2108.7651	3071.4558
8135	73441.5441	-32906.8162	3518.8322	2108.7651	3071.8296
8136	73450.7044	-32910.8273	3518.8322	2108.7651	3072.2033
8137	73459.8647	-32914.8384	3518.8322	2108.7651	3072.5771
8138	73469.0250	-32918.8495	3518.8322	2108.7651	3072.9509
8139	73478.1853	-32922.8606	3518.8322	2108.7651	3073.3247
8140	73487.3456	-32926.8718	3518.8322	2108.7651	3073.6985
8141	73496.5059	-32930.8829	3518.8322	2108.7651	3074.0723
8142	73505.6662	-32934.8940	3518.8322	2108.7651	3074.4461
8143	73514.8265	-32938.9051	3518.8322	2108.7651	3074.8198
8144	73523.9868	-32942.9162	3518.8322	2108.7651	3075.1936
8145	73533.1471	-32946.9273	3518.8322	2108.7651	3075.5674
8146	73542.3074	-32950.9384	3518.8322	2108.7651	3075.9412
8147	73551.4677	-32954.9495	3518.8322	2108.7651	3076.3150
8148	73560.6280	-32958.9606	3518.8322	2108.7651	3076.6888
8149	73569.7883	-32962.9718	3518.8322	2108.7651	3077.0626
8150	73578.9486	-32966.9829	3518.8322	2108.7651	3077.4363
8151	73588.1088	-32970.9940	3518.8322	2108.7651	3077.8101
8152	73597.2691	-32975.0051	3518.8322	2108.7651	3078.1839
8153	73606.4294	-32979.0162	3518.8322	2108.7651	3078.5577
8154	73615.5897	-32983.0273	3518.8322	2108.7651	3078.9315
8155	73624.7500	-32987.0384	3518.8322	2108.7651	3079.3053
8156	73633.9103	-32991.0495	3518.8322	2108.7651	3079.6790
8157	73643.0706	-32995.0606	3518.8322	2108.7651	3080.0528
8158	73652.2309	-32999.0718	3518.8322	2108.7651	3080.4266
8159	73661.3912	-33003.0829	3518.8322	2108.7651	3080.8004
8160	73670.5515	-33007.0940	3518.8322	2108.7651	3081.1742
8161	73679.7118	-33011.1051	3518.8322	2108.7651	3081.5480
8162	73688.8721	-33015.1162	3518.8322	2108.7651	3081.9218
8163	73698.0324	-33019.1273	3518.8322	2108.7651	3082.2955
8164	73707.1927	-33023.1384	3518.8322	2108.7651	3082.6693
8165	73716.3530	-33027.1495	3518.8322	2108.7651	3083.0431
8166	73725.5133	-33031.1606	3518.8322	2108.7651	3083.4169
8167	73734.6736	-33035.1718	3518.8322	2108.7651	3083.7907
8168	73743.8338	-33039.1829	3518.8322	2108.7651	3084.1645
8169	73752.9941	-33043.1940	3518.8322	2108.7651	3084.5383
8170	73762.1544	-33047.2051	3518.8322	2108.7651	3084.9120
8171	73771.3147	-33051.2162	3518.8322	2108.7651	3085.2858
8172	73780.4750	-33055.2273	3518.8322	2108.7651	3085.6596
8173	73789.6353	-33059.2384	3518.8322	2108.7651	3086.0334
8174	73798.7956	-33063.2495	3518.8322	2108.7651	3086.4072
8175	73807.9559	-33067.2606	3518.8322	2108.7651	3086.7810
8176	73817.1162	-33071.2717	3518.8322	2108.7651	3087.1547
8177	73826.2765	-33075.2829	3518.8322	2108.7651	3087.5285
8178	73835.4368	-33079.2940	3518.8322	2108.7651	3087.9023
8179	73844.5971	-33083.3051	3518.8322	2108.7651	3088.2761
8180	73853.7574	-33087.3162	3518.8322	2108.7651	3088.6499
8181	73862.9177	-33091.3273	3518.8322	2108.7651	3089.0237
8182	73872.0780	-33095.3384	3518.8322	2108.7651	3089.3975
8183	73881.2383	-33099.3495	3518.8322	2108.7651	3089.7712
8184	73890.3986	-33103.3606	3518.8322	2108.7651	3090.1450
8185	73899.5589	-33107.3717	3518.8322	2108.7651	3090.5188
8186	73908.7191	-33111.3829	3518.8322	2108.7651	3090.8926
8187	73917.8794	-33115.3940	3518.8322	2108.7651	3091.2664
8188	73927.0397	-33119.4051	3518.8322	2108.7651	3091.6402
8189	73936.2000	-33123.4162	3518.8322	2108.7651	3092.0140
8190	73945.3603	-33127.4273	3518.8322	2108.7651	3092.3877
8191	73954.5206	-33131.4384	3518.8322	2108.7651	3092.7615
8192	73963.6809	-33135.4495	3518.8322	2108.7651	3093.1353
8193	73972.8412	-33139.4606	3518.8322	2108.7651	3093.5091
8194	73982.0015	-33143.4717	3518.8322	2108.7651	3093.8829
8195	73991.1618	-33147.4829	3518.8322	2108.7651	3094.2567
8196	74000.3221	-33151.4940	3518.8322	2108.7651	3094.6305
8197	74009.4824	-33155.5051	3518.8322	2108.7651	3095.0042
8198	74018.6427	-33159.5162	3518.8322	2108.7651	3095.3780
8199	74027.8030	-33163.5273	3518.8322	2108.7651	3095.7518
8200	74036.9633	-33167.5384	3518.8322	2108.7651	3096.1256
8201	74046.1236	-33171.5495	3518.8322	2108.7651	3096.4994
8202	74055.2839	-33175.5606	3518.8322	2108.7651	3096.8732
8203	74064.4441	-33179.5717	3518.8322	2108.7651	3097.2469
8204	74073.6044	-33183.5829	3518.8322	2108.7651	3097.6207
8205	74082.7647	-33187.5940	3518.8322	2108.7651	3097.9945
8206	74091.9250	-33191.6051	3518.8322	2108.7651	3098.3683
8207	74101.0853	-33195.6162	3518.8322	2108.7651	3098.7421
8208	74110.2456	-33199.6273	3518.8322	2108.7651	3099.1159
8209	74119.4059	-33203.6384	3518.8322	2108.7651	3099.4897
8210	74128.5662	-33207.6495	3518.8322	2108.7651	3099.8634
8211	74137.7265	-33211.6606	3518.8322	2108.7651	3100.2372
8212	74146.8868	-33215.6717	3518.8322	2108.7651	3100.6110
8213	74156.0471	-33219.6829	3518.8322	2108.7651	3100.9848
8214	74165.2074	-33223.6940	3518.8322	2108.7651	3101.3586
8215	74174.3677	-33227.7051	3518.8322	2108.7651	3101.7324
8216	74183.5280	-33231.7162	3518.8322	2108.7651	3102.1062
8217	74192.6883	-33235.7273	3518.8322	2108.7651	3102.4799
8218	74201.8486	-33239.7384	3518.8322	2108.7651	3102.8537
8219	74211.0089	-33243.7495	3518.8322	2108.7651	3103.2275
8220	74220.1691	-33247.7606	3518.8322	2108.7651	3103.6013
8221	74229.3294	-33251.7717	3518.8322	2108.7651	3103.9751
8222	74238.4897	-33255.7828	3518.8322	2108.7651	3104.3489
8223	74247.6500	-33259.7940	3518.8322	2108.7651	3104.7226
8224	74256.8103	-33263.8051	3518.8322	2108.7651	3105.0964
8225	74265.9706	-33267.8162	3518.8322	2108.7651	3105.4702
8226	74275.1309	-33271.8273	3518.8322	2108.7651	3105.8440
8227	74284.2912	-33275.8384	3518.8322	2108.7651	3106.2178
8228	74293.4515	-33279.8495	3518.8322	2108.7651	3106.5916
8229	74302.6118	-33283.8606	3518.8322	2108.7651	3106.9654
8230	74311.7721	-33287.8717	3518.8322	2108.7651	3107.3391
8231	74320.9324	-33291.8828	3518.8322	2108.7651	3107.7129
8232	74330.0927	-33295.8940	3518.8322	2108.7651	3108.0867
8233	74339.2530	-33299.9051	3518.8322	2108.7651	3108.4605
8234	74348.4133	-33303.9162	3518.8322	2108.7651	3108.8343
8235	74357.5736	-33307.9273	3518.8322	2108.7651	3109.2081
8236	74366.7339	-33311.9384	3518.8322	2108.7651	3109.5819
8237	74375.8941	-33315.9495	3518.8322	2108.7651	3109.9556
8238	74385.0544	-33319.9606	3518.8322	2108.7651	3110.3294
8239	74394.2147	-33323.9717	3518.8322	2108.7651	3110.7032
8240	74403.3750	-33327.9828	3518.8322	2108.7651	3111.0770
8241	74412.5353	-33331.9940	3518.8322	2108.7651	3111.4508
8242	74421.6956	-33336.0051	3518.8322	2108.7651	3111.8246
8243	74430.8559	-33340.0162	3518.8322	2108.7651	3112.1983
8244	74440.0162	-33344.0273	3518.8322	2108.7651	3112.5721
8245	74449.1765	-33348.0384	3518.8322	2108.7651	3112.9459
8246	74458.3368	-33352.0495	3518.8322	2108.7651	3113.3197
8247	74467.4971	-33356.0606	3518.8322	2108.7651	3113.6935
8248	74476.6574	-33360.0717	3518.8322	2108.7651	3114.0673
8249	74485.8177	-33364.0828	3518.8322	2108.7651	3114.4411
8250	74494.9780	-33368.0940	3518.8322	2108.7651	3114.8148
8251	74504.1383	-33372.1051	3518.8322	2108.7651	3115.1886
8252	74513.2986	-33376.1162	3518.8322	2108.7651	3115.5624
8253	74522.4589	-33380.1273	3518.8322	2108.7651	3115.9362
8254	74531.6191	-33384.1384	3518.8322	2108.7651	3116.3100
8255	74540.7794	-33388.1495	3518.8322	2108.7651	3116.6838
8256	74549.9397	-33392.1606	3518.8322	2108.7651	3117.0576
8257	74559.1000	-33396.1717	3518.8322	2108.7651	3117.4313
8258	74568.2603	-33400.1828	3518.8322	2108.7651	3117.8051
8259	74577.4206	-33404.1940	3518.8322	2108.7651	3118.1789
8260	74586.5809	-33408.2051	3518.8322	2108.7651	3118.5527
8261	74595.7412	-33412.2162	3518.8322	2108.7651	3118.9265
8262	74604.9015	-33416.2273	3518.8322	2108.7651	3119.3003
8263	74614.0618	-33420.2384	3518.8322	2108.7651	3119.6740
8264	74623.2221	-33424.2495	3518.8322	2108.7651	3120.0478
8265	74632.3824	-33428.2606	3518.8322	2108.7651	3120.4216
8266	74641.5427	-33432.2717	3518.8322	2108.7651	3120.7954
8267	74650.7030	-33436.2828	3518.8322	2108.7651	3121.1692
8268	74659.8633	-33440.2939	3518.8322	2108.7651	3121.5430
8269	74669.0236	-33444.3051	3518.8322	2108.7651	3121.9168
8270	74678.1839	-33448.3162	3518.8322	2108.7651	3122.2905
8271	74687.3442	-33452.3273	3518.8322	2108.7651	3122.6643
8272	74696.5044	-33456.3384	3518.8322	2108.7651	3123.0381
8273	74705.6647	-33460.3495	3518.8322	2108.7651	3123.4119
8274	74714.8250	-33464.3606	3518.8322	2108.7651	3123.7857
8275	74723.9853	-33468.3717	3518.8322	2108.7651	3124.1595
8276	74733.1456	-33472.3828	3518.8322	2108.7651	3124.5333
8277	74742.3059	-33476.3939	3518.8322	2108.7651	3124.9070
8278	74751.4662	-33480.4051	3518.8322	2108.7651	3125.2808
8279	74760.6265	-33484.4162	3518.8322	2108.7651	3125.6546
8280	74769.7868	-33488.4273	3518.8322	2108.7651	3126.0284
8281	74778.9471	-33492.4384	3518.8322	2108.7651	3126.4022
8282	74788.1074	-33496.4495	3518.8322	2108.7651	3126.7760
8283	74797.2677	-33500.4606	3518.8322	2108.7651	3127.1497
8284	74806.4280	-33504.4717	3518.8322	2108.7651	3127.5235
8285	74815.5883	-33508.4828	3518.8322	2108.7651	3127.8973
8286	74824.7486	-33512.4939	3518.8322	2108.7651	3128.2711
8287	74833.9089	-33516.5051	3518.8322	2108.7651	3128.6449
8288	74843.0692	-33520.5162	3518.8322	2108.7651	3129.0187
8289	74852.2294	-33524.5273	3518.8322	2108.7651	3129.3925
8290	74861.3897	-33528.5384	3518.8322	2108.7651	3129.7662
8291	74870.5500	-33532.5495	3518.8322	2108.7651	3130.1400
8292	74879.7103	-33536.5606	3518.8322	2108.7651	3130.5138
8293	74888.8706	-33540.5717	3518.8322	2108.7651	3130.8876
8294	74898.0309	-33544.5828	3518.8322	2108.7651	3131.2614
8295	74907.1912	-33548.5939	3518.8322	2108.7651	3131.6352
8296	74916.3515	-33552.6051	3518.8322	2108.7651	3132.0090
8297	74925.5118	-33556.6162	3518.8322	2108.7651	3132.3827
8298	74934.6721	-33560.6273	3518.8322	2108.7651	3132.7565
8299	74943.8324	-33564.6384	3518.8322	2108.7651	3133.1303
8300	74952.9927	-33568.6495	3518.8322	2108.7651	3133.5041
8301	74962.1530	-33572.6606	3518.8322	2108.7651	3133.8779
8302	74971.3133	-33576.6717	3518.8322	2108.7651	3134.2517
8303	74980.4736	-33580.6828	3518.8322	2108.7651	3134.6254
8304	74989.6339	-33584.6939	3518.8322	2108.7651	3134.9992
8305	74998.7942	-33588.7051	3518.8322	2108.7651	3135.3730
8306	75007.9544	-33592.7162	3518.8322	2108.7651	3135.7468
8307	75017.1147	-33596.7273	3518.8322	2108.7651	3136.1206
8308	75026.2750	-33600.7384	3518.8322	2108.7651	3136.4944
8309	75035.4353	-33604.7495	3518.8322	2108.7651	3136.8682
8310	75044.5956	-33608.7606	3518.8322	2108.7651	3137.2419
8311	75053.7559	-33612.7717	3518.8322	2108.7651	3137.6157
8312	75062.9162	-33616.7828	3518.8322	2108.7651	3137.9895
8313	75072.0765	-33620.7939	3518.8322	2108.7651	3138.3633
8314	75081.2368	-33624.8050	3518.8322	2108.7651	3138.7371
8315	75090.3971	-33628.8162	3518.8322	2108.7651	3139.1109
8316	75099.5574	-33632.8273	3518.8322	2108.7651	3139.4847
8317	75108.7177	-33636.8384	3518.8322	2108.7651	3139.8584
8318	75117.8780	-33640.8495	3518.8322	2108.7651	3140.2322
8319	75127.0383	-33644.8606	3518.8322	2108.7651	3140.6060
8320	75136.1986	-33648.8717	3518.8322	2108.7651	3140.9798
8321	75145.3589	-33652.8828	3518.8322	2108.7651	3141.3536
8322	75154.5192	-33656.8939	3518.8322	2108.7651	3141.7274
8323	75163.6794	-33660.9050	3518.8322	2108.7651	3142.1012
8324	75172.8397	-33664.9162	3518.8322	2108.7651	3142.4749
8325	75182.0000	-33668.9273	3518.8322	2108.7651	3142.8487
8326	75191.1603	-33672.9384	3518.8322	2108.7651	3143.2225
8327	75200.3206	-33676.9495	3518.8322	2108.7651	3143.5963
8328	75209.4809	-33680.9606	3518.8322	2108.7651	3143.9701
8329	75218.6412	-33684.9717	3518.8322	2108.7651	3144.3439
8330	75227.8015	-33688.9828	3518.8322	2108.7651	3144.7176
8331	75236.9618	-33692.9939	3518.8322	2108.7651	3145.0914
8332	75246.1221	-33697.0050	3518.8322	2108.7651	3145.4652
8333	75255.2824	-33701.0162	3518.8322	2108.7651	3145.8390
8334	75264.4427	-33705.0273	3518.8322	2108.7651	3146.2128
8335	75273.6030	-33709.0384	3518.8322	2108.7651	3146.5866
8336	75282.7633	-33713.0495	3518.8322	2108.7651	3146.9604
8337	75291.9236	-33717.0606	3518.8322	2108.7651	3147.3341
8338	75301.0839	-33721.0717	3518.8322	2108.7651	3147.7079
8339	75310.2442	-33725.0828	3518.8322	2108.7651	3148.0817
8340	75319.4045	-33729.0939	3518.8322	2108.7651	3148.4555
8341	75328.5647	-33733.1050	3518.8322	2108.7651	3148.8293
8342	75337.7250	-33737.1162	3518.8322	2108.7651	3149.2031
8343	75346.8853	-33741.1273	3518.8322	2108.7651	3149.5769
8344	75356.0456	-33745.1384	3518.8322	2108.7651	3149.9506
8345	75365.2059	-33749.1495	3518.8322	2108.7651	3150.3244
8346	75374.3662	-33753.1606	3518.8322	2108.7651	3150.6982
8347	75383.5265	-33757.1717	3518.8322	2108.7651	3151.0720
8348	75392.6868	-33761.1828	3518.8322	2108.7651	3151.4458
8349	75401.8471	-33765.1939	3518.8322	2108.7651	3151.8196
8350	75411.0074	-33769.2050	3518.8322	2108.7651	3152.1933
8351	75420.1677	-33773.2162	3518.8322	2108.7651	3152.5671
8352	75429.3280	-33777.2273	3518.8322	2108.7651	3152.9409
8353	75438.4883	-33781.2384	3518.8322	2108.7651	3153.3147
8354	75447.6486	-33785.2495	3518.8322	2108.7651	3153.6885
8355	75456.8089	-33789.2606	3518.8322	2108.7651	3154.0623
8356	75465.9692	-33793.2717	3518.8322	2108.7651	3154.4361
8357	75475.1295	-33797.2828	3518.8322	2108.7651	3154.8098
8358	75484.2897	-33801.2939	3518.8322	2108.7651	3155.1836
8359	75493.4500	-33805.3050	3518.8322	2108.7651	3155.5574
8360	75502.6103	-33809.3161	3518.8322	2108.7651	3155.9312
8361	75511.7706	-33813.3273	3518.8322	2108.7651	3156.3050
8362	75520.9309	-33817.3384	3518.8322	2108.7651	3156.6788
8363	75530.0912	-33821.3495	3518.8322	2108.7651	3157.0526
8364	75539.2515	-33825.3606	3518.8322	2108.7651	3157.4263
8365	75548.4118	-33829.3717	3518.8322	2108.7651	3157.8001
8366	75557.5721	-33833.3828	3518.8322	2108.7651	3158.1739
8367	75566.7324	-33837.3939	3518.8322	2108.7651	3158.5477
8368	75575.8927	-33841.4050	3518.8322	2108.7651	3158.9215
8369	75585.0530	-33845.4161	3518.8322	2108.7651	3159.2953
8370	75594.2133	-33849.4273	3518.8322	2108.7651	3159.6690
8371	75603.3736	-33853.4384	3518.8322	2108.7651	3160.0428
8372	75612.5339	-33857.4495	3518.8322	2108.7651	3160.4166
8373	75621.6942	-33861.4606	3518.8322	2108.7651	3160.7904
8374	75630.8545	-33865.4717	3518.8322	2108.7651	3161.1642
8375	75640.0147	-33869.4828	3518.8322	2108.7651	3161.5380
8376	75649.1750	-33873.4939	3518.8322	2108.7651	3161.9118
8377	75658.3353	-33877.5050	3518.8322	2108.7651	3162.2855
8378	75667.4956	-33881.5161	3518.8322	2108.7651	3162.6593
8379	75676.6559	-33885.5273	3518.8322	2108.7651	3163.0331
8380	75685.8162	-33889.5384	3518.8322	2108.7651	3163.4069
8381	75694.9765	-33893.5495	3518.8322	2108.7651	3163.7807
8382	75704.1368	-33897.5606	3518.8322	2108.7651	3164.1545
8383	75713.2971	-33901.5717	3518.8322	2108.7651	3164.5283
8384	75722.4574	-33905.5828	3518.8322	2108.7651	3164.9020
8385	75731.6177	-33909.5939	3518.8322	2108.7651	3165.2758
8386	75740.7780	-33913.6050	3518.8322	2108.7651	3165.6496
8387	75749.9383	-33917.6161	3518.8322	2108.7651	3166.0234
8388	75759.0986	-33921.6273	3518.8322	2108.7651	3166.3972
8389	75768.2589	-33925.6384	3518.8322	2108.7651	3166.7710
8390	75777.4192	-33929.6495	3518.8322	2108.7651	3167.1447
8391	75786.5795	-33933.6606	3518.8322	2108.7651	3167.5185
8392	75795.7397	-33937.6717	3518.8322	2108.7651	3167.8923
8393	75804.9000	-33941.6828	3518.8322	2108.7651	3168.2661
8394	75814.0603	-33945.6939	3518.8322	2108.7651	3168.6399
8395	75823.2206	-33949.7050	3518.8322	2108.7651	3169.0137
8396	75832.3809	-33953.7161	3518.8322	2108.7651	3169.3875
8397	75841.5412	-33957.7272	3518.8322	2108.7651	3169.7612
8398	75850.7015	-33961.7384	3518.8322	2108.7651	3170.1350
8399	75859.8618	-33965.7495	3518.8322	2108.7651	3170.5088
8400	75869.0221	-33969.7606	3518.8322	2108.7651	3170.8826
8401	75878.1824	-33973.7717	3518.8322	2108.7651	3171.2564
8402	75887.3427	-33977.7828	3518.8322	2108.7651	3171.6302
8403	75896.5030	-33981.7939	3518.8322	2108.7651	3172.0040
8404	75905.6633	-33985.8050	3518.8322	2108.7651	3172.3777
8405	75914.8236	-33989.8161	3518.8322	2108.7651	3172.7515
8406	75923.9839	-33993.8272	3518.8322	2108.7651	3173.1253
8407	75933.1442	-33997.8384	3518.8322	2108.7651	3173.4991
8408	75942.3045	-34001.8495	3518.8322	2108.7651	3173.8729
8409	75951.4647	-34005.8606	3518.8322	2108.7651	3174.2467
8410	75960.6250	-34009.8717	3518.8322	2108.7651	3174.6204
8411	75969.7853	-34013.8828	3518.8322	2108.7651	3174.9942
8412	75978.9456	-34017.8939	3518.8322	2108.7651	3175.3680
8413	75988.1059	-34021.9050	3518.8322	2108.7651	3175.7418
8414	75997.2662	-34025.9161	3518.8322	2108.7651	3176.1156
8415	76006.4265	-34029.9272	3518.8322	2108.7651	3176.4894
8416	76015.5868	-34033.9384	3518.8322	2108.7651	3176.8632
8417	76024.7471	-34037.9495	3518.8322	2108.7651	3177.2369
8418	76033.9074	-34041.9606	3518.8322	2108.7651	3177.6107
8419	76043.0677	-34045.9717	3518.8322	2108.7651	3177.9845
8420	76052.2280	-34049.9828	3518.8322	2108.7651	3178.3583
8421	76061.3883	-34053.9939	3518.8322	2108.7651	3178.7321
8422	76070.5486	-34058.0050	3518.8322	2108.7651	3179.1059
8423	76079.7089	-34062.0161	3518.8322	2108.7651	3179.4797
8424	76088.8692	-34066.0272	3518.8322	2108.7651	3179.8534
8425	76098.0295	-34070.0384	3518.8322	2108.7651	3180.2272
8426	76107.1898	-34074.0495	3518.8322	2108.7651	3180.6010
8427	76116.3500	-34078.0606	3518.8322	2108.7651	3180.9748
8428	76125.5103	-34082.0717	3518.8322	2108.7651	3181.3486
8429	76134.6706	-34086.0828	3518.8322	2108.7651	3181.7224
8430	76143.8309	-34090.0939	3518.8322	2108.7651	3182.0961
8431	76152.9912	-34094.1050	3518.8322	2108.7651	3182.4699
8432	76162.1515	-34098.1161	3518.8322	2108.7651	3182.8437
8433	76171.3118	-34102.1272	3518.8322	2108.7651	3183.2175
8434	76180.4721	-34106.1384	3518.8322	2108.7651	3183.5913
8435	76189.6324	-34110.1495	3518.8322	2108.7651	3183.9651
8436	76198.7927	-34114.1606	3518.8322	2108.7651	3184.3389
8437	76207.9530	-34118.1717	3518.8322	2108.7651	3184.7126
8438	76217.1133	-34122.1828	3518.8322	2108.7651	3185.0864
8439	76226.2736	-34126.1939	3518.8322	2108.7651	3185.4602
8440	76235.4339	-34130.2050	3518.8322	2108.7651	3185.8340
8441	76244.5942	-34134.2161	3518.8322	2108.7651	3186.2078
8442	76253.7545	-34138.2272	3518.8322	2108.7651	3186.5816
8443	76262.9148	-34142.2383	3518.8322	2108.7651	3186.9554
8444	76272.0750	-34146.2495	3518.8322	2108.7651	3187.3291
8445	76281.2353	-34150.2606	3518.8322	2108.7651	3187.7029
8446	76290.3956	-34154.2717	3518.8322	2108.7651	3188.0767
8447	76299.5559	-34158.2828	3518.8322	2108.7651	3188.4505
8448	76308.7162	-34162.2939	3518.8322	2108.7651	3188.8243
8449	76317.8765	-34166.3050	3518.8322	2108.7651	3189.1981
8450	76327.0368	-34170.3161	3518.8322	2108.7651	3189.5719
8451	76336.1971	-34174.3272	3518.8322	2108.7651	3189.9456
8452	76345.3574	-34178.3383	3518.8322	2108.7651	3190.3194
8453	76354.5177	-34182.3495	3518.8322	2108.7651	3190.6932
8454	76363.6780	-34186.3606	3518.8322	2108.7651	3191.0670
8455	76372.8383	-34190.3717	3518.8322	2108.7651	3191.4408
8456	76381.9986	-34194.3828	3518.8322	2108.7651	3191.8146
8457	76391.1589	-34198.3939	3518.8322	2108.7651	3192.1883
8458	76400.3192	-34202.4050	3518.8322	2108.7651	3192.5621
8459	76409.4795	-34206.4161	3518.8322	2108.7651	3192.9359
8460	76418.6398	-34210.4272	3518.8322	2108.7651	3193.3097
8461	76427.8000	-34214.4383	3518.8322	2108.7651	3193.6835
8462	76436.9603	-34218.4495	3518.8322	2108.7651	3194.0573
8463	76446.1206	-34222.4606	3518.8322	2108.7651	3194.4311
8464	76455.2809	-34226.4717	3518.8322	2108.7651	3194.8048
8465	76464.4412	-34230.4828	3518.8322	2108.7651	3195.1786
8466	76473.6015	-34234.4939	3518.8322	2108.7651	3195.5524
8467	76482.7618	-34238.5050	3518.8322	2108.7651	3195.9262
8468	76491.9221	-34242.5161	3518.8322	2108.7651	3196.3000
8469	76501.0824	-34246.5272	3518.8322	2108.7651	3196.6738
8470	76510.2427	-34250.5383	3518.8322	2108.7651	3197.0476
8471	76519.4030	-34254.5495	3518.8322	2108.7651	3197.4213
8472	76528.5633	-34258.5606	3518.8322	2108.7651	3197.7951
8473	76537.7236	-34262.5717	3518.8322	2108.7651	3198.1689
8474	76546.8839	-34266.5828	3518.8322	2108.7651	3198.5427
8475	76556.0442	-34270.5939	3518.8322	2108.7651	3198.9165
8476	76565.2045	-34274.6050	3518.8322	2108.7651	3199.2903
8477	76574.3648	-34278.6161	3518.8322	2108.7651	3199.6640
8478	76583.5250	-34282.6272	3518.8322	2108.7651	3200.0378
8479	76592.6853	-34286.6383	3518.8322	2108.7651	3200.4116
8480	76601.8456	-34290.6495	3518.8322	2108.7651	3200.7854
8481	76611.0059	-34294.6606	3518.8322	2108.7651	3201.1592
8482	76620.1662	-34298.6717	3518.8322	2108.7651	3201.5330
8483	76629.3265	-34302.6828	3518.8322	2108.7651	3201.9068
8484	76638.4868	-34306.6939	3518.8322	2108.7651	3202.2805
8485	76647.6471	-34310.7050	3518.8322	2108.7651	3202.6543
8486	76656.8074	-34314.7161	3518.8322	2108.7651	3203.0281
8487	76665.9677	-34318.7272	3518.8322	2108.7651	3203.4019
8488	76675.1280	-34322.7383	3518.8322	2108.7651	3203.7757
8489	76684.2883	-34326.7494	3518.8322	2108.7651	3204.1495
8490	76693.4486	-34330.7606	3518.8322	2108.7651	3204.5233
8491	76702.6089	-34334.7717	3518.8322	2108.7651	3204.8970
8492	76711.7692	-34338.7828	3518.8322	2108.7651	3205.2708
8493	76720.9295	-34342.7939	3518.8322	2108.7651	3205.6446
8494	76730.0898	-34346.8050	3518.8322	2108.7651	3206.0184
8495	76739.2500	-34350.8161	3518.8322	2108.7651	3206.3922
8496	76748.4103	-34354.8272	3518.8322	2108.7651	3206.7660
8497	76757.5706	-34358.8383	3518.8322	2108.7651	3207.1397
8498	76766.7309	-34362.8494	3518.8322	2108.7651	3207.5135
8499	76775.8912	-34366.8606	3518.8322	2108.7651	3207.8873
8500	76785.0515	-34370.8717	3518.8322	2108.7651	3208.2611
8501	76794.2118	-34374.8828	3518.8322	2108.7651	3208.6349
8502	76803.3721	-34378.8939	3518.8322	2108.7651	3209.0087
8503	76812.5324	-34382.9050	3518.8322	2108.7651	3209.3825
8504	76821.6927	-34386.9161	3518.8322	2108.7651	3209.7562
8505	76830.8530	-34390.9272	3518.8322	2108.7651	3210.1300
8506	76840.0133	-34394.9383	3518.8322	2108.7651	3210.5038
8507	76849.1736	-34398.9494	3518.8322	2108.7651	3210.8776
8508	76858.3339	-34402.9606	3518.8322	2108.7651	3211.2514
8509	76867.4942	-34406.9717	3518.8322	2108.7651	3211.6252
8510	76876.6545	-34410.9828	3518.8322	2108.7651	3211.9990
8511	76885.8148	-34414.9939	3518.8322	2108.7651	3212.3727
8512	76894.9751	-34419.0050	3518.8322	2108.7651	3212.7465
8513	76904.1353	-34423.0161	3518.8322	2108.7651	3213.1203
8514	76913.2956	-34427.0272	3518.8322	2108.7651	3213.4941
8515	76922.4559	-34431.0383	3518.8322	2108.7651	3213.8679
8516	76931.6162	-34435.0494	3518.8322	2108.7651	3214.2417
8517	76940.7765	-34439.0606	3518.8322	2108.7651	3214.6154
8518	76949.9368	-34443.0717	3518.8322	2108.7651	3214.9892
8519	76959.0971	-34447.0828	3518.8322	2108.7651	3215.3630
8520	76968.2574	-34451.0939	3518.8322	2108.7651	3215.7368
8521	76977.4177	-34455.1050	3518.8322	2108.7651	3216.1106
8522	76986.5780	-34459.1161	3518.8322	2108.7651	3216.4844
8523	76995.7383	-34463.1272	3518.8322	2108.7651	3216.8582
8524	77004.8986	-34467.1383	3518.8322	2108.7651	3217.2319
8525	77014.0589	-34471.1494	3518.8322	2108.7651	3217.6057
8526	77023.2192	-34475.1606	3518.8322	2108.7651	3217.9795
8527	77032.3795	-34479.1717	3518.8322	2108.7651	3218.3533
8528	77041.5398	-34483.1828	3518.8322	2108.7651	3218.7271
8529	77050.7001	-34487.1939	3518.8322	2108.7651	3219.1009
8530	77059.8603	-34491.2050	3518.8322	2108.7651	3219.4747
8531	77069.0206	-34495.2161	3518.8322	2108.7651	3219.8484
8532	77078.1809	-34499.2272	3518.8322	2108.7651	3220.2222
8533	77087.3412	-34503.2383	3518.8322	2108.7651	3220.5960
8534	77096.5015	-34507.2494	3518.8322	2108.7651	3220.9698
8535	77105.6618	-34511.2605	3518.8322	2108.7651	3221.3436
8536	77114.8221	-34515.2717	3518.8322	2108.7651	3221.7174
8537	77123.9824	-34519.2828	3518.8322	2108.7651	3222.0911
8538	77133.1427	-34523.2939	3518.8322	2108.7651	3222.4649
8539	77142.3030	-34527.3050	3518.8322	2108.7651	3222.8387
8540	77151.4633	-34531.3161	3518.8322	2108.7651	3223.2125
8541	77160.6236	-34535.3272	3518.8322	2108.7651	3223.5863
8542	77169.7839	-34539.3383	3518.8322	2108.7651	3223.9601
8543	77178.9442	-34543.3494	3518.8322	2108.7651	3224.3339
8544	77188.1045	-34547.3605	3518.8322	2108.7651	3224.7076
8545	77197.2648	-34551.3717	3518.8322	2108.7651	3225.0814
8546	77206.4251	-34555.3828	3518.8322	2108.7651	3225.4552
8547	77215.5853	-34559.3939	3518.8322	2108.7651	3225.8290
8548	77224.7456	-34563.4050	3518.8322	2108.7651	3226.2028
8549	77233.9059	-34567.4161	3518.8322	2108.7651	3226.5766
8550	77243.0662	-34571.4272	3518.8322	2108.7651	3226.9504
8551	77252.2265	-34575.4383	3518.8322	2108.7651	3227.3241
8552	77261.3868	-34579.4494	3518.8322	2108.7651	3227.6979
8553	77270.5471	-34583.4605	3518.8322	2108.7651	3228.0717
8554	77279.7074	-34587.4717	3518.8322	2108.7651	3228.4455
8555	77288.8677	-34591.4828	3518.8322	2108.7651	3228.8193
8556	77298.0280	-34595.4939	3518.8322	2108.7651	3229.1931
8557	77307.1883	-34599.5050	3518.8322	2108.7651	3229.5668
8558	77316.3486	-34603.5161	3518.8322	2108.7651	3229.9406
8559	77325.5089	-34607.5272	3518.8322	2108.7651	3230.3144
8560	77334.6692	-34611.5383	3518.8322	2108.7651	3230.6882
8561	77343.8295	-34615.5494	3518.8322	2108.7651	3231.0620
8562	77352.9898	-34619.5605	3518.8322	2108.7651	3231.4358
8563	77362.1501	-34623.5717	3518.8322	2108.7651	3231.8096
8564	77371.3103	-34627.5828	3518.8322	2108.7651	3232.1833
8565	77380.4706	-34631.5939	3518.8322	2108.7651	3232.5571
8566	77389.6309	-34635.6050	3518.8322	2108.7651	3232.9309
8567	77398.7912	-34639.6161	3518.8322	2108.7651	3233.3047
8568	77407.9515	-34643.6272	3518.8322	2108.7651	3233.6785
8569	77417.1118	-34647.6383	3518.8322	2108.7651	3234.0523
8570	77426.2721	-34651.6494	3518.8322	2108.7651	3234.4261
8571	77435.4324	-34655.6605	3518.8322	2108.7651	3234.7998
8572	77444.5927	-34659.6717	3518.8322	2108.7651	3235.1736
8573	77453.7530	-34663.6828	3518.8322	2108.7651	3235.5474
8574	77462.9133	-34667.6939	3518.8322	2108.7651	3235.9212
8575	77472.0736	-34671.7050	3518.8322	2108.7651	3236.2950
8576	77481.2339	-34675.7161	3518.8322	2108.7651	3236.6688
8577	77490.3942	-34679.7272	3518.8322	2108.7651	3237.0426
8578	77499.5545	-34683.7383	3518.8322	2108.7651	3237.4163
8579	77508.7148	-34687.7494	3518.8322	2108.7651	3237.7901
8580	77517.8751	-34691.7605	3518.8322	2108.7651	3238.1639
8581	77527.0354	-34695.7716	3518.8322	2108.7651	3238.5377
8582	77536.1956	-34699.7828	3518.8322	2108.7651	3238.9115
8583	77545.3559	-34703.7939	3518.8322	2108.7651	3239.2853
8584	77554.5162	-34707.8050	3518.8322	2108.7651	3239.6590
8585	77563.6765	-34711.8161	3518.8322	2108.7651	3240.0328
8586	77572.8368	-34715.8272	3518.8322	2108.7651	3240.4066
8587	77581.9971	-34719.8383	3518.8322	2108.7651	3240.7804
8588	77591.1574	-34723.8494	3518.8322	2108.7651	3241.1542
8589	77600.3177	-34727.8605	3518.8322	2108.7651	3241.5280
8590	77609.4780	-34731.8716	3518.8322	2108.7651	3241.9018
8591	77618.6383	-34735.8828	3518.8322	2108.7651	3242.2755
8592	77627.7986	-34739.8939	3518.8322	2108.7651	3242.6493
8593	77636.9589	-34743.9050	3518.8322	2108.7651	3243.0231
8594	77646.1192	-34747.9161	3518.8322	2108.7651	3243.3969
8595	77655.2795	-34751.9272	3518.8322	2108.7651	3243.7707
8596	77664.4398	-34755.9383	3518.8322	2108.7651	3244.1445
8597	77673.6001	-34759.9494	3518.8322	2108.7651	3244.5183
8598	77682.7604	-34763.9605	3518.8322	2108.7651	3244.8920
8599	77691.9206	-34767.9716	3518.8322	2108.7651	3245.2658
8600	77701.0809	-34771.9828	3518.8322	2108.7651	3245.6396
8601	77710.2412	-34775.9939	3518.8322	2108.7651	3246.0134
8602	77719.4015	-34780.0050	3518.8322	2108.7651	3246.3872
8603	77728.5618	-34784.0161	3518.8322	2108.7651	3246.7610
8604	77737.7221	-34788.0272	3518.8322	2108.7651	3247.1347
8605	77746.8824	-34792.0383	3518.8322	2108.7651	3247.5085
8606	77756.0427	-34796.0494	3518.8322	2108.7651	3247.8823
8607	77765.2030	-34800.0605	3518.8322	2108.7651	3248.2561
8608	77774.3633	-34804.0716	3518.8322	2108.7651	3248.6299
8609	77783.5236	-34808.0828	3518.8322	2108.7651	3249.0037
8610	77792.6839	-34812.0939	3518.8322	2108.7651	3249.3775
8611	77801.8442	-34816.1050	3518.8322	2108.7651	3249.7512
8612	77811.0045	-34820.1161	3518.8322	2108.7651	3250.1250
8613	77820.1648	-34824.1272	3518.8322	2108.7651	3250.4988
8614	77829.3251	-34828.1383	3518.8322	2108.7651	3250.8726
8615	77838.4854	-34832.1494	3518.8322	2108.7651	3251.2464
8616	77847.6456	-34836.1605	3518.8322	2108.7651	3251.6202
8617	77856.8059	-34840.1716	3518.8322	2108.7651	3251.9940
8618	77865.9662	-34844.1828	3518.8322	2108.7651	3252.3677
8619	77875.1265	-34848.1939	3518.8322	2108.7651	3252.7415
8620	77884.2868	-34852.2050	3518.8322	2108.7651	3253.1153
8621	77893.4471	-34856.2161	3518.8322	2108.7651	3253.4891
8622	77902.6074	-34860.2272	3518.8322	2108.7651	3253.8629
8623	77911.7677	-34864.2383	3518.8322	2108.7651	3254.2367
8624	77920.9280	-34868.2494	3518.8322	2108.7651	3254.6104
8625	77930.0883	-34872.2605	3518.8322	2108.7651	3254.9842
8626	77939.2486	-34876.2716	3518.8322	2108.7651	3255.3580
8627	77948.4089	-34880.2827	3518.8322	2108.7651	3255.7318
8628	77957.5692	-34884.2939	3518.8322	2108.7651	3256.1056
8629	77966.7295	-34888.3050	3518.8322	2108.7651	3256.4794
8630	77975.8898	-34892.3161	3518.8322	2108.7651	3256.8532
8631	77985.0501	-34896.3272	3518.8322	2108.7651	3257.2269
8632	77994.2104	-34900.3383	3518.8322	2108.7651	3257.6007
8633	78003.3706	-34904.3494	3518.8322	2108.7651	3257.9745
8634	78012.5309	-34908.3605	3518.8322	2108.7651	3258.3483
8635	78021.6912	-34912.3716	3518.8322	2108.7651	3258.7221
8636	78030.8515	-34916.3827	3518.8322	2108.7651	3259.0959
8637	78040.0118	-34920.3939	3518.8322	2108.7651	3259.4697
8638	78049.1721	-34924.4050	3518.8322	2108.7651	3259.8434
8639	78058.3324	-34928.4161	3518.8322	2108.7651	3260.2172
8640	78067.4927	-34932.4272	3518.8322	2108.7651	3260.5910
8641	78076.6530	-34936.4383	3518.8322	2108.7651	3260.9648
8642	78085.8133	-34940.4494	3518.8322	2108.7651	3261.3386
8643	78094.9736	-34944.4605	3518.8322	2108.7651	3261.7124
8644	78104.1339	-34948.4716	3518.8322	2108.7651	3262.0861
8645	78113.2942	-34952.4827	3518.8322	2108.7651	3262.4599
8646	78122.4545	-34956.4939	3518.8322	2108.7651	3262.8337
8647	78131.6148	-34960.5050	3518.8322	2108.7651	3263.2075
8648	78140.7751	-34964.5161	3518.8322	2108.7651	3263.5813
8649	78149.9354	-34968.5272	3518.8322	2108.7651	3263.9551
8650	78159.0956	-34972.5383	3518.8322	2108.7651	3264.3289
8651	78168.2559	-34976.5494	3518.8322	2108.7651	3264.7026
8652	78177.4162	-34980.5605	3518.8322	2108.7651	3265.0764
8653	78186.5765	-34984.5716	3518.8322	2108.7651	3265.4502
8654	78195.7368	-34988.5827	3518.8322	2108.7651	3265.8240
8655	78204.8971	-34992.5939	3518.8322	2108.7651	3266.1978
8656	78214.0574	-34996.6050	3518.8322	2108.7651	3266.5716
8657	78223.2177	-35000.6161	3518.8322	2108.7651	3266.9454
8658	78232.3780	-35004.6272	3518.8322	2108.7651	3267.3191
8659	78241.5383	-35008.6383	3518.8322	2108.7651	3267.6929
8660	78250.6986	-35012.6494	3518.8322	2108.7651	3268.0667
8661	78259.8589	-35016.6605	3518.8322	2108.7651	3268.4405
8662	78269.0192	-35020.6716	3518.8322	2108.7651	3268.8143
8663	78278.1795	-35024.6827	3518.8322	2108.7651	3269.1881
8664	78287.3398	-35028.6938	3518.8322	2108.7651	3269.5618
8665	78296.5001	-35032.7050	3518.8322	2108.7651	3269.9356
8666	78305.6604	-35036.7161	3518.8322	2108.7651	3270.3094
8667	78314.8207	-35040.7272	3518.8322	2108.7651	3270.6832
8668	78323.9809	-35044.7383	3518.8322	2108.7651	3271.0570
8669	78333.1412	-35048.7494	3518.8322	2108.7651	3271.4308
8670	78342.3015	-35052.7605	3518.8322	2108.7651	3271.8046
8671	78351.4618	-35056.7716	3518.8322	2108.7651	3272.1783
8672	78360.6221	-35060.7827	3518.8322	2108.7651	3272.5521
8673	78369.7824	-35064.7938	3518.8322	2108.7651	3272.9259
8674	78378.9427	-35068.8050	3518.8322	2108.7651	3273.2997
8675	78388.1030	-35072.8161	3518.8322	2108.7651	3273.6735
8676	78397.2633	-35076.8272	3518.8322	2108.7651	3274.0473
8677	78406.4236	-35080.8383	3518.8322	2108.7651	3274.4211
8678	78415.5839	-35084.8494	3518.8322	2108.7651	3274.7948
8679	78424.7442	-35088.8605	3518.8322	2108.7651	3275.1686
8680	78433.9045	-35092.8716	3518.8322	2108.7651	3275.5424
8681	78443.0648	-35096.8827	3518.8322	2108.7651	3275.9162
8682	78452.2251	-35100.8938	3518.8322	2108.7651	3276.2900
8683	78461.3854	-35104.9050	3518.8322	2108.7651	3276.6638
8684	78470.5457	-35108.9161	3518.8322	2108.7651	3277.0375
8685	78479.7059	-35112.9272	3518.8322	2108.7651	3277.4113
8686	78488.8662	-35116.9383	3518.8322	2108.7651	3277.7851
8687	78498.0265	-35120.9494	3518.8322	2108.7651	3278.1589
8688	78507.1868	-35124.9605	3518.8322	2108.7651	3278.5327
8689	78516.3471	-35128.9716	3518.8322	2108.7651	3278.9065
8690	78525.5074	-35132.9827	3518.8322	2108.7651	3279.2803
8691	78534.6677	-35136.9938	3518.8322	2108.7651	3279.6540
8692	78543.8280	-35141.0050	3518.8322	2108.7651	3280.0278
8693	78552.9883	-35145.0161	3518.8322	2108.7651	3280.4016
8694	78562.1486	-35149.0272	3518.8322	2108.7651	3280.7754
8695	78571.3089	-35153.0383	3518.8322	2108.7651	3281.1492
8696	78580.4692	-35157.0494	3518.8322	2108.7651	3281.5230
8697	78589.6295	-35161.0605	3518.8322	2108.7651	3281.8968
8698	78598.7898	-35165.0716	3518.8322	2108.7651	3282.2705
8699	78607.9501	-35169.0827	3518.8322	2108.7651	3282.6443
8700	78617.1104	-35173.0938	3518.8322	2108.7651	3283.0181
8701	78626.2707	-35177.1050	3518.8322	2108.7651	3283.3919
8702	78635.4309	-35181.1161	3518.8322	2108.7651	3283.7657
8703	78644.5912	-35185.1272	3518.8322	2108.7651	3284.1395
8704	78653.7515	-35189.1383	3518.8322	2108.7651	3284.5133
8705	78662.9118	-35193.1494	3518.8322	2108.7651	3284.8870
8706	78672.0721	-35197.1605	3518.8322	2108.7651	3285.2608
8707	78681.2324	-35201.1716	3518.8322	2108.7651	3285.6346
8708	78690.3927	-35205.1827	3518.8322	2108.7651	3286.0084
8709	78699.5530	-35209.1938	3518.8322	2108.7651	3286.3822
8710	78708.7133	-35213.2049	3518.8322	2108.7651	3286.7560
8711	78717.8736	-35217.2161	3518.8322	2108.7651	3287.1297
8712	78727.0339	-35221.2272	3518.8322	2108.7651	3287.5035
8713	78736.1942	-35225.2383	3518.8322	2108.7651	3287.8773
8714	78745.3545	-35229.2494	3518.8322	2108.7651	3288.2511
8715	78754.5148	-35233.2605	3518.8322	2108.7651	3288.6249
8716	78763.6751	-35237.2716	3518.8322	2108.7651	3288.9987
8717	78772.8354	-35241.2827	3518.8322	2108.7651	3289.3725
8718	78781.9957	-35245.2938	3518.8322	2108.7651	3289.7462
8719	78791.1559	-35249.3049	3518.8322	2108.7651	3290.1200
8720	78800.3162	-35253.3161	3518.8322	2108.7651	3290.4938
8721	78809.4765	-35257.3272	3518.8322	2108.7651	3290.8676
8722	78818.6368	-35261.3383	3518.8322	2108.7651	3291.2414
8723	78827.7971	-35265.3494	3518.8322	2108.7651	3291.6152
8724	78836.9574	-35269.3605	3518.8322	2108.7651	3291.9890
8725	78846.1177	-35273.3716	3518.8322	2108.7651	3292.3627
8726	78855.2780	-35277.3827	3518.8322	2108.7651	3292.7365
8727	78864.4383	-35281.3938	3518.8322	2108.7651	3293.1103
8728	78873.5986	-35285.4049	3518.8322	2108.7651	3293.4841
8729	78882.7589	-35289.4161	3518.8322	2108.7651	3293.8579
8730	78891.9192	-35293.4272	3518.8322	2108.7651	3294.2317
8731	78901.0795	-35297.4383	3518.8322	2108.7651	3294.6054
8732	78910.2398	-35301.4494	3518.8322	2108.7651	3294.9792
8733	78919.4001	-35305.4605	3518.8322	2108.7651	3295.3530
8734	78928.5604	-35309.4716	3518.8322	2108.7651	3295.7268
8735	78937.7207	-35313.4827	3518.8322	2108.7651	3296.1006
8736	78946.8809	-35317.4938	3518.8322	2108.7651	3296.4744
8737	78956.0412	-35321.5049	3518.8322	2108.7651	3296.8482
8738	78965.2015	-35325.5161	3518.8322	2108.7651	3297.2219
8739	78974.3618	-35329.5272	3518.8322	2108.7651	3297.5957
8740	78983.5221	-35333.5383	3518.8322	2108.7651	3297.9695
8741	78992.6824	-35337.5494	3518.8322	2108.7651	3298.3433
8742	79001.8427	-35341.5605	3518.8322	2108.7651	3298.7171
8743	79011.0030	-35345.5716	3518.8322	2108.7651	3299.0909
8744	79020.1633	-35349.5827	3518.8322	2108.7651	3299.4647
8745	79029.3236	-35353.5938	3518.8322	2108.7651	3299.8384
8746	79038.4839	-35357.6049	3518.8322	2108.7651	3300.2122
8747	79047.6442	-35361.6161	3518.8322	2108.7651	3300.5860
8748	79056.8045	-35365.6272	3518.8322	2108.7651	3300.9598
8749	79065.9648	-35369.6383	3518.8322	2108.7651	3301.3336
8750	79075.1251	-35373.6494	3518.8322	2108.7651	3301.7074
8751	79084.2854	-35377.6605	3518.8322	2108.7651	3302.0811
8752	79093.4457	-35381.6716	3518.8322	2108.7651	3302.4549
8753	79102.6060	-35385.6827	3518.8322	2108.7651	3302.8287
8754	79111.7662	-35389.6938	3518.8322	2108.7651	3303.2025
8755	79120.9265	-35393.7049	3518.8322	2108.7651	3303.5763
8756	79130.0868	-35397.7160	3518.8322	2108.7651	3303.9501
8757	79139.2471	-35401.7272	3518.8322	2108.7651	3304.3239
8758	79148.4074	-35405.7383	3518.8322	2108.7651	3304.6976
8759	79157.5677	-35409.7494	3518.8322	2108.7651	3305.0714
8760	79166.7280	-35413.7605	3518.8322	2108.7651	3305.4452
8761	79175.8883	-35417.7716	3518.8322	2108.7651	3305.8190
8762	79185.0486	-35421.7827	3518.8322	2108.7651	3306.1928
8763	79194.2089	-35425.7938	3518.8322	2108.7651	3306.5666
8764	79203.3692	-35429.8049	3518.8322	2108.7651	3306.9404
8765	79212.5295	-35433.8160	3518.8322	2108.7651	3307.3141
8766	79221.6898	-35437.8272	3518.8322	2108.7651	3307.6879
8767	79230.8501	-35441.8383	3518.8322	2108.7651	3308.0617
8768	79240.0104	-35445.8494	3518.8322	2108.7651	3308.4355
8769	79249.1707	-35449.8605	3518.8322	2108.7651	3308.8093
8770	79258.3310	-35453.8716	3518.8322	2108.7651	3309.1831
8771	79267.4912	-35457.8827	3518.8322	2108.7651	3309.5568
8772	79276.6515	-35461.8938	3518.8322	2108.7651	3309.9306
8773	79285.8118	-35465.9049	3518.8322	2108.7651	3310.3044
8774	79294.9721	-35469.9160	3518.8322	2108.7651	3310.6782
8775	79304.1324	-35473.9272	3518.8322	2108.7651	3311.0520
8776	79313.2927	-35477.9383	3518.8322	2108.7651	3311.4258
8777	79322.4530	-35481.9494	3518.8322	2108.7651	3311.7996
8778	79331.6133	-35485.9605	3518.8322	2108.7651	3312.1733
8779	79340.7736	-35489.9716	3518.8322	2108.7651	3312.5471
8780	79349.9339	-35493.9827	3518.8322	2108.7651	3312.9209
8781	79359.0942	-35497.9938	3518.8322	2108.7651	3313.2947
8782	79368.2545	-35502.0049	3518.8322	2108.7651	3313.6685
8783	79377.4148	-35506.0160	3518.8322	2108.7651	3314.0423
8784	79386.5751	-35510.0272	3518.8322	2108.7651	3314.4161
8785	79395.7354	-35514.0383	3518.8322	2108.7651	3314.7898
8786	79404.8957	-35518.0494	3518.8322	2108.7651	3315.1636
8787	79414.0560	-35522.0605	3518.8322	2108.7651	3315.5374
8788	79423.2162	-35526.0716	3518.8322	2108.7651	3315.9112
8789	79432.3765	-35530.0827	3518.8322	2108.7651	3316.2850
8790	79441.5368	-35534.0938	3518.8322	2108.7651	3316.6588
8791	79450.6971	-35538.1049	3518.8322	2108.7651	3317.0325
8792	79459.8574	-35542.1160	3518.8322	2108.7651	3317.4063
8793	79469.0177	-35546.1272	3518.8322	2108.7651	3317.7801
8794	79478.1780	-35550.1383	3518.8322	2108.7651	3318.1539
8795	79487.3383	-35554.1494	3518.8322	2108.7651	3318.5277
8796	79496.4986	-35558.1605	3518.8322	2108.7651	3318.9015
8797	79505.6589	-35562.1716	3518.8322	2108.7651	3319.2753
8798	79514.8192	-35566.1827	3518.8322	2108.7651	3319.6490
8799	79523.9795	-35570.1938	3518.8322	2108.7651	3320.0228
8800	79533.1398	-35574.2049	3518.8322	2108.7651	3320.3966
8801	79542.3001	-35578.2160	3518.8322	2108.7651	3320.7704
8802	79551.4604	-35582.2271	3518.8322	2108.7651	3321.1442
8803	79560.6207	-35586.2383	3518.8322	2108.7651	3321.5180
8804	79569.7810	-35590.2494	3518.8322	2108.7651	3321.8918
8805	79578.9412	-35594.2605	3518.8322	2108.7651	3322.2655
8806	79588.1015	-35598.2716	3518.8322	2108.7651	3322.6393
8807	79597.2618	-35602.2827	3518.8322	2108.7651	3323.0131
8808	79606.4221	-35606.2938	3518.8322	2108.7651	3323.3869
8809	79615.5824	-35610.3049	3518.8322	2108.7651	3323.7607
8810	79624.7427	-35614.3160	3518.8322	2108.7651	3324.1345
8811	79633.9030	-35618.3271	3518.8322	2108.7651	3324.5082
8812	79643.0633	-35622.3383	3518.8322	2108.7651	3324.8820
8813	79652.2236	-35626.3494	3518.8322	2108.7651	3325.2558
8814	79661.3839	-35630.3605	3518.8322	2108.7651	3325.6296
8815	79670.5442	-35634.3716	3518.8322	2108.7651	3326.0034
8816	79679.7045	-35638.3827	3518.8322	2108.7651	3326.3772
8817	79688.8648	-35642.3938	3518.8322	2108.7651	3326.7510
8818	79698.0251	-35646.4049	3518.8322	2108.7651	3327.1247
8819	79707.1854	-35650.4160	3518.8322	2108.7651	3327.4985
8820	79716.3457	-35654.4271	3518.8322	2108.7651	3327.8723
8821	79725.5060	-35658.4383	3518.8322	2108.7651	3328.2461
8822	79734.6663	-35662.4494	3518.8322	2108.7651	3328.6199
8823	79743.8265	-35666.4605	3518.8322	2108.7651	3328.9937
8824	79752.9868	-35670.4716	3518.8322	2108.7651	3329.3675
8825	79762.1471	-35674.4827	3518.8322	2108.7651	3329.7412
8826	79771.3074	-35678.4938	3518.8322	2108.7651	3330.1150
8827	79780.4677	-35682.5049	3518.8322	2108.7651	3330.4888
8828	79789.6280	-35686.5160	3518.8322	2108.7651	3330.8626
8829	79798.7883	-35690.5271	3518.8322	2108.7651	3331.2364
8830	79807.9486	-35694.5383	3518.8322	2108.7651	3331.6102
8831	79817.1089	-35698.5494	3518.8322	2108.7651	3331.9840
8832	79826.2692	-35702.5605	3518.8322	2108.7651	3332.3577
8833	79835.4295	-35706.5716	3518.8322	2108.7651	3332.7315
8834	79844.5898	-35710.5827	3518.8322	2108.7651	3333.1053
8835	79853.7501	-35714.5938	3518.8322	2108.7651	3333.4791
8836	79862.9104	-35718.6049	3518.8322	2108.7651	3333.8529
8837	79872.0707	-35722.6160	3518.8322	2108.7651	3334.2267
8838	79881.2310	-35726.6271	3518.8322	2108.7651	3334.6004
8839	79890.3913	-35730.6383	3518.8322	2108.7651	3334.9742
8840	79899.5515	-35734.6494	3518.8322	2108.7651	3335.3480
8841	79908.7118	-35738.6605	3518.8322	2108.7651	3335.7218
8842	79917.8721	-35742.6716	3518.8322	2108.7651	3336.0956
8843	79927.0324	-35746.6827	3518.8322	2108.7651	3336.4694
8844	79936.1927	-35750.6938	3518.8322	2108.7651	3336.8432
8845	79945.3530	-35754.7049	3518.8322	2108.7651	3337.2169
8846	79954.5133	-35758.7160	3518.8322	2108.7651	3337.5907
8847	79963.6736	-35762.7271	3518.8322	2108.7651	3337.9645
8848	79972.8339	-35766.7382	3518.8322	2108.7651	3338.3383
8849	79981.9942	-35770.7494	3518.8322	2108.7651	3338.7121
8850	79991.1545	-35774.7605	3518.8322	2108.7651	3339.0859
8851	80000.3148	-35778.7716	3518.8322	2108.7651	3339.4597
8852	80009.4751	-35782.7827	3518.8322	2108.7651	3339.8334
8853	80018.6354	-35786.7938	3518.8322	2108.7651	3340.2072
8854	80027.7957	-35790.8049	3518.8322	2108.7651	3340.5810
8855	80036.9560	-35794.8160	3518.8322	2108.7651	3340.9548
8856	80046.1163	-35798.8271	3518.8322	2108.7651	3341.3286
8857	80055.2765	-35802.8382	3518.8322	2108.7651	3341.7024
8858	80064.4368	-35806.8494	3518.8322	2108.7651	3342.0761
8859	80073.5971	-35810.8605	3518.8322	2108.7651	3342.4499
8860	80082.7574	-35814.8716	3518.8322	2108.7651	3342.8237
8861	80091.9177	-35818.8827	3518.8322	2108.7651	3343.1975
8862	80101.0780	-35822.8938	3518.8322	2108.7651	3343.5713
8863	80110.2383	-35826.9049	3518.8322	2108.7651	3343.9451
8864	80119.3986	-35830.9160	3518.8322	2108.7651	3344.3189
8865	80128.5589	-35834.9271	3518.8322	2108.7651	3344.6926
8866	80137.7192	-35838.9382	3518.8322	2108.7651	3345.0664
8867	80146.8795	-35842.9494	3518.8322	2108.7651	3345.4402
8868	80156.0398	-35846.9605	3518.8322	2108.7651	3345.8140
8869	80165.2001	-35850.9716	3518.8322	2108.7651	3346.1878
8870	80174.3604	-35854.9827	3518.8322	2108.7651	3346.5616
8871	80183.5207	-35858.9938	3518.8322	2108.7651	3346.9354
8872	80192.6810	-35863.0049	3518.8322	2108.7651	3347.3091
8873	80201.8413	-35867.0160	3518.8322	2108.7651	3347.6829
8874	80211.0015	-35871.0271	3518.8322	2108.7651	3348.0567
8875	80220.1618	-35875.0382	3518.8322	2108.7651	3348.4305
8876	80229.3221	-35879.0494	3518.8322	2108.7651	3348.8043
8877	80238.4824	-35883.0605	3518.8322	2108.7651	3349.1781
8878	80247.6427	-35887.0716	3518.8322	2108.7651	3349.5518
8879	80256.8030	-35891.0827	3518.8322	2108.7651	3349.9256
8880	80265.9633	-35895.0938	3518.8322	2108.7651	3350.2994
8881	80275.1236	-35899.1049	3518.8322	2108.7651	3350.6732
8882	80284.2839	-35903.1160	3518.8322	2108.7651	3351.0470
8883	80293.4442	-35907.1271	3518.8322	2108.7651	3351.4208
8884	80302.6045	-35911.1382	3518.8322	2108.7651	3351.7946
8885	80311.7648	-35915.1493	3518.8322	2108.7651	3352.1683
8886	80320.9251	-35919.1605	3518.8322	2108.7651	3352.5421
8887	80330.0854	-35923.1716	3518.8322	2108.7651	3352.9159
8888	80339.2457	-35927.1827	3518.8322	2108.7651	3353.2897
8889	80348.4060	-35931.1938	3518.8322	2108.7651	3353.6635
8890	80357.5663	-35935.2049	3518.8322	2108.7651	3354.0373
8891	80366.7265	-35939.2160	3518.8322	2108.7651	3354.4111
8892	80375.8868	-35943.2271	3518.8322	2108.7651	3354.7848
8893	80385.0471	-35947.2382	3518.8322	2108.7651	3355.1586
8894	80394.2074	-35951.2493	3518.8322	2108.7651	3355.5324
8895	80403.3677	-35955.2605	3518.8322	2108.7651	3355.9062
8896	80412.5280	-35959.2716	3518.8322	2108.7651	3356.2800
8897	80421.6883	-35963.2827	3518.8322	2108.7651	3356.6538
8898	80430.8486	-35967.2938	3518.8322	2108.7651	3357.0275
8899	80440.0089	-35971.3049	3518.8322	2108.7651	3357.4013
8900	80449.1692	-35975.3160	3518.8322	2108.7651	3357.7751
8901	80458.3295	-35979.3271	3518.8322	2108.7651	3358.1489
8902	80467.4898	-35983.3382	3518.8322	2108.7651	3358.5227
8903	80476.6501	-35987.3493	3518.8322	2108.7651	3358.8965
8904	80485.8104	-35991.3605	3518.8322	2108.7651	3359.2703
8905	80494.9707	-35995.3716	3518.8322	2108.7651	3359.6440
8906	80504.1310	-35999.3827	3518.8322	2108.7651	3360.0178
8907	80513.2913	-36003.3938	3518.8322	2108.7651	3360.3916
8908	80522.4516	-36007.4049	3518.8322	2108.7651	3360.7654
8909	80531.6118	-36011.4160	3518.8322	2108.7651	3361.1392
8910	80540.7721	-36015.4271	3518.8322	2108.7651	3361.5130
8911	80549.9324	-36019.4382	3518.8322	2108.7651	3361.8868
8912	80559.0927	-36023.4493	3518.8322	2108.7651	3362.2605
8913	80568.2530	-36027.4605	3518.8322	2108.7651	3362.6343
8914	80577.4133	-36031.4716	3518.8322	2108.7651	3363.0081
8915	80586.5736	-36035.4827	3518.8322	2108.7651	3363.3819
8916	80595.7339	-36039.4938	3518.8322	2108.7651	3363.7557
8917	80604.8942	-36043.5049	3518.8322	2108.7651	3364.1295
8918	80614.0545	-36047.5160	3518.8322	2108.7651	3364.5032
8919	80623.2148	-36051.5271	3518.8322	2108.7651	3364.8770
8920	80632.3751	-36055.5382	3518.8322	2108.7651	3365.2508
8921	80641.5354	-36059.5493	3518.8322	2108.7651	3365.6246
8922	80650.6957	-36063.5605	3518.8322	2108.7651	3365.9984
8923	80659.8560	-36067.5716	3518.8322	2108.7651	3366.3722
8924	80669.0163	-36071.5827	3518.8322	2108.7651	3366.7460
8925	80678.1766	-36075.5938	3518.8322	2108.7651	3367.1197
8926	80687.3368	-36079.6049	3518.8322	2108.7651	3367.4935
8927	80696.4971	-36083.6160	3518.8322	2108.7651	3367.8673
8928	80705.6574	-36087.6271	3518.8322	2108.7651	3368.2411
8929	80714.8177	-36091.6382	3518.8322	2108.7651	3368.6149
8930	80723.9780	-36095.6493	3518.8322	2108.7651	3368.9887
8931	80733.1383	-36099.6604	3518.8322	2108.7651	3369.3625
8932	80742.2986	-36103.6716	3518.8322	2108.7651	3369.7362
8933	80751.4589	-36107.6827	3518.8322	2108.7651	3370.1100
8934	80760.6192	-36111.6938	3518.8322	2108.7651	3370.4838
8935	80769.7795	-36115.7049	3518.8322	2108.7651	3370.8576
8936	80778.9398	-36119.7160	3518.8322	2108.7651	3371.2314
8937	80788.1001	-36123.7271	3518.8322	2108.7651	3371.6052
8938	80797.2604	-36127.7382	3518.8322	2108.7651	3371.9789
8939	80806.4207	-36131.7493	3518.8322	2108.7651	3372.3527
8940	80815.5810	-36135.7604	3518.8322	2108.7651	3372.7265
8941	80824.7413	-36139.7716	3518.8322	2108.7651	3373.1003
8942	80833.9016	-36143.7827	3518.8322	2108.7651	3373.4741
8943	80843.0618	-36147.7938	3518.8322	2108.7651	3373.8479
8944	80852.2221	-36151.8049	3518.8322	2108.7651	3374.2217
8945	80861.3824	-36155.8160	3518.8322	2108.7651	3374.5954
8946	80870.5427	-36159.8271	3518.8322	2108.7651	3374.9692
8947	80879.7030	-36163.8382	3518.8322	2108.7651	3375.3430
8948	80888.8633	-36167.8493	3518.8322	2108.7651	3375.7168
8949	80898.0236	-36171.8604	3518.8322	2108.7651	3376.0906
8950	80907.1839	-36175.8716	3518.8322	2108.7651	3376.4644
8951	80916.3442	-36179.8827	3518.8322	2108.7651	3376.8382
8952	80925.5045	-36183.8938	3518.8322	2108.7651	3377.2119
8953	80934.6648	-36187.9049	3518.8322	2108.7651	3377.5857
8954	80943.8251	-36191.9160	3518.8322	2108.7651	3377.9595
8955	80952.9854	-36195.9271	3518.8322	2108.7651	3378.3333
8956	80962.1457	-36199.9382	3518.8322	2108.7651	3378.7071
8957	80971.3060	-36203.9493	3518.8322	2108.7651	3379.0809
8958	80980.4663	-36207.9604	3518.8322	2108.7651	3379.4547
8959	80989.6266	-36211.9716	3518.8322	2108.7651	3379.8284
8960	80998.7868	-36215.9827	3518.8322	2108.7651	3380.2022
8961	81007.9471	-36219.9938	3518.8322	2108.7651	3380.5760
8962	81017.1074	-36224.0049	3518.8322	2108.7651	3380.9498
8963	81026.2677	-36228.0160	3518.8322	2108.7651	3381.3236
8964	81035.4280	-36232.0271	3518.8322	2108.7651	3381.6974
8965	81044.5883	-36236.0382	3518.8322	2108.7651	3382.0711
8966	81053.7486	-36240.0493	3518.8322	2108.7651	3382.4449
8967	81062.9089	-36244.0604	3518.8322	2108.7651	3382.8187
8968	81072.0692	-36248.0716	3518.8322	2108.7651	3383.1925
8969	81081.2295	-36252.0827	3518.8322	2108.7651	3383.5663
8970	81090.3898	-36256.0938	3518.8322	2108.7651	3383.9401
8971	81099.5501	-36260.1049	3518.8322	2108.7651	3384.3139
8972	81108.7104	-36264.1160	3518.8322	2108.7651	3384.6876
8973	81117.8707	-36268.1271	3518.8322	2108.7651	3385.0614
8974	81127.0310	-36272.1382	3518.8322	2108.7651	3385.4352
8975	81136.1913	-36276.1493	3518.8322	2108.7651	3385.8090
8976	81145.3516	-36280.1604	3518.8322	2108.7651	3386.1828
8977	81154.5118	-36284.1715	3518.8322	2108.7651	3386.5566
8978	81163.6721	-36288.1827	3518.8322	2108.7651	3386.9304
8979	81172.8324	-36292.1938	3518.8322	2108.7651	3387.3041
8980	81181.9927	-36296.2049	3518.8322	2108.7651	3387.6779
8981	81191.1530	-36300.2160	3518.8322	2108.7651	3388.0517
8982	81200.3133	-36304.2271	3518.8322	2108.7651	3388.4255
8983	81209.4736	-36308.2382	3518.8322	2108.7651	3388.7993
8984	81218.6339	-36312.2493	3518.8322	2108.7651	3389.1731
8985	81227.7942	-36316.2604	3518.8322	2108.7651	3389.5468
8986	81236.9545	-36320.2715	3518.8322	2108.7651	3389.9206
8987	81246.1148	-36324.2827	3518.8322	2108.7651	3390.2944
8988	81255.2751	-36328.2938	3518.8322	2108.7651	3390.6682
8989	81264.4354	-36332.3049	3518.8322	2108.7651	3391.0420
8990	81273.5957	-36336.3160	3518.8322	2108.7651	3391.4158
8991	81282.7560	-36340.3271	3518.8322	2108.7651	3391.7896
8992	81291.9163	-36344.3382	3518.8322	2108.7651	3392.1633
8993	81301.0766	-36348.3493	3518.8322	2108.7651	3392.5371
8994	81310.2369	-36352.3604	3518.8322	2108.7651	3392.9109
8995	81319.3971	-36356.3715	3518.8322	2108.7651	3393.2847
8996	81328.5574	-36360.3827	3518.8322	2108.7651	3393.6585
8997	81337.7177	-36364.3938	3518.8322	2108.7651	3394.0323
8998	81346.8780	-36368.4049	3518.8322	2108.7651	3394.4061
8999	81356.0383	-36372.4160	3518.8322	2108.7651	3394.7798
9000	81365.1986	-36376.4271	3518.8322	2108.7651	3395.1536
9001	81374.3589	-36380.4382	3518.8322	2108.7651	3395.5274
9002	81383.5192	-36384.4493	3518.8322	2108.7651	3395.9012
9003	81392.6795	-36388.4604	3518.8322	2108.7651	3396.2750
9004	81401.8398	-36392.4715	3518.8322	2108.7651	3396.6488
9005	81411.0001	-36396.4827	3518.8322	2108.7651	3397.0225
9006	81420.1604	-36400.4938	3518.8322	2108.7651	3397.3963
9007	81429.3207	-36404.5049	3518.8322	2108.7651	3397.7701
9008	81438.4810	-36408.5160	3518.8322	2108.7651	3398.1439
9009	81447.6413	-36412.5271	3518.8322	2108.7651	3398.5177
9010	81456.8016	-36416.5382	3518.8322	2108.7651	3398.8915
9011	81465.9619	-36420.5493	3518.8322	2108.7651	3399.2653
9012	81475.1221	-36424.5604	3518.8322	2108.7651	3399.6390
9013	81484.2824	-36428.5715	3518.8322	2108.7651	3400.0128
9014	81493.4427	-36432.5827	3518.8322	2108.7651	3400.3866
9015	81502.6030	-36436.5938	3518.8322	2108.7651	3400.7604
9016	81511.7633	-36440.6049	3518.8322	2108.7651	3401.1342
9017	81520.9236	-36444.6160	3518.8322	2108.7651	3401.5080
9018	81530.0839	-36448.6271	3518.8322	2108.7651	3401.8818
9019	81539.2442	-36452.6382	3518.8322	2108.7651	3402.2555
9020	81548.4045	-36456.6493	3518.8322	2108.7651	3402.6293
9021	81557.5648	-36460.6604	3518.8322	2108.7651	3403.0031
9022	81566.7251	-36464.6715	3518.8322	2108.7651	3403.3769
9023	81575.8854	-36468.6826	3518.8322	2108.7651	3403.7507
9024	81585.0457	-36472.6938	3518.8322	2108.7651	3404.1245
9025	81594.2060	-36476.7049	3518.8322	2108.7651	3404.4982
9026	81603.3663	-36480.7160	3518.8322	2108.7651	3404.8720
9027	81612.5266	-36484.7271	3518.8322	2108.7651	3405.2458
9028	81621.6869	-36488.7382	3518.8322	2108.7651	3405.6196
9029	81630.8471	-36492.7493	3518.8322	2108.7651	3405.9934
9030	81640.0074	-36496.7604	3518.8322	2108.7651	3406.3672
9031	81649.1677	-36500.7715	3518.8322	2108.7651	3406.7410
9032	81658.3280	-36504.7826	3518.8322	2108.7651	3407.1147
9033	81667.4883	-36508.7938	3518.8322	2108.7651	3407.4885
9034	81676.6486	-36512.8049	3518.8322	2108.7651	3407.8623
9035	81685.8089	-36516.8160	3518.8322	2108.7651	3408.2361
9036	81694.9692	-36520.8271	3518.8322	2108.7651	3408.6099
9037	81704.1295	-36524.8382	3518.8322	2108.7651	3408.9837
9038	81713.2898	-36528.8493	3518.8322	2108.7651	3409.3575
9039	81722.4501	-36532.8604	3518.8322	2108.7651	3409.7312
9040	81731.6104	-36536.8715	3518.8322	2108.7651	3410.1050
9041	81740.7707	-36540.8826	3518.8322	2108.7651	3410.4788
9042	81749.9310	-36544.8938	3518.8322	2108.7651	3410.8526
9043	81759.0913	-36548.9049	3518.8322	2108.7651	3411.2264
9044	81768.2516	-36552.9160	3518.8322	2108.7651	3411.6002
9045	81777.4119	-36556.9271	3518.8322	2108.7651	3411.9739
9046	81786.5721	-36560.9382	3518.8322	2108.7651	3412.3477
9047	81795.7324	-36564.9493	3518.8322	2108.7651	3412.7215
9048	81804.8927	-36568.9604	3518.8322	2108.7651	3413.0953
9049	81814.0530	-36572.9715	3518.8322	2108.7651	3413.4691
9050	81823.2133	-36576.9826	3518.8322	2108.7651	3413.8429
9051	81832.3736	-36580.9938	3518.8322	2108.7651	3414.2167
9052	81841.5339	-36585.0049	3518.8322	2108.7651	3414.5904
9053	81850.6942	-36589.0160	3518.8322	2108.7651	3414.9642
9054	81859.8545	-36593.0271	3518.8322	2108.7651	3415.3380
9055	81869.0148	-36597.0382	3518.8322	2108.7651	3415.7118
9056	81878.1751	-36601.0493	3518.8322	2108.7651	3416.0856
9057	81887.3354	-36605.0604	3518.8322	2108.7651	3416.4594
9058	81896.4957	-36609.0715	3518.8322	2108.7651	3416.8332
9059	81905.6560	-36613.0826	3518.8322	2108.7651	3417.2069
9060	81914.8163	-36617.0938	3518.8322	2108.7651	3417.5807
9061	81923.9766	-36621.1049	3518.8322	2108.7651	3417.9545
9062	81933.1369	-36625.1160	3518.8322	2108.7651	3418.3283
9063	81942.2972	-36629.1271	3518.8322	2108.7651	3418.7021
9064	81951.4574	-36633.1382	3518.8322	2108.7651	3419.0759
9065	81960.6177	-36637.1493	3518.8322	2108.7651	3419.4496
9066	81969.7780	-36641.1604	3518.8322	2108.7651	3419.8234
9067	81978.9383	-36645.1715	3518.8322	2108.7651	3420.1972
9068	81988.0986	-36649.1826	3518.8322	2108.7651	3420.5710
9069	81997.2589	-36653.1937	3518.8322	2108.7651	3420.9448
9070	82006.4192	-36657.2049	3518.8322	2108.7651	3421.3186
9071	82015.5795	-36661.2160	3518.8322	2108.7651	3421.6924
9072	82024.7398	-36665.2271	3518.8322	2108.7651	3422.0661
9073	82033.9001	-36669.2382	3518.8322	2108.7651	3422.4399
9074	82043.0604	-36673.2493	3518.8322	2108.7651	3422.8137
9075	82052.2207	-36677.2604	3518.8322	2108.7651	3423.1875
9076	82061.3810	-36681.2715	3518.8322	2108.7651	3423.5613
9077	82070.5413	-36685.2826	3518.8322	2108.7651	3423.9351
9078	82079.7016	-36689.2937	3518.8322	2108.7651	3424.3089
9079	82088.8619	-36693.3049	3518.8322	2108.7651	3424.6826
9080	82098.0222	-36697.3160	3518.8322	2108.7651	3425.0564
9081	82107.1824	-36701.3271	3518.8322	2108.7651	3425.4302
9082	82116.3427	-36705.3382	3518.8322	2108.7651	3425.8040
9083	82125.5030	-36709.3493	3518.8322	2108.7651	3426.1778
9084	82134.6633	-36713.3604	3518.8322	2108.7651	3426.5516
9085	82143.8236	-36717.3715	3518.8322	2108.7651	3426.9254
9086	82152.9839	-36721.3826	3518.8322	2108.7651	3427.2991
9087	82162.1442	-36725.3937	3518.8322	2108.7651	3427.6729
9088	82171.3045	-36729.4049	3518.8322	2108.7651	3428.0467
9089	82180.4648	-36733.4160	3518.8322	2108.7651	3428.4205
9090	82189.6251	-36737.4271	3518.8322	2108.7651	3428.7943
9091	82198.7854	-36741.4382	3518.8322	2108.7651	3429.1681
9092	82207.9457	-36745.4493	3518.8322	2108.7651	3429.5418
9093	82217.1060	-36749.4604	3518.8322	2108.7651	3429.9156
9094	82226.2663	-36753.4715	3518.8322	2108.7651	3430.2894
9095	82235.4266	-36757.4826	3518.8322	2108.7651	3430.6632
9096	82244.5869	-36761.4937	3518.8322	2108.7651	3431.0370
9097	82253.7472	-36765.5049	3518.8322	2108.7651	3431.4108
9098	82262.9074	-36769.5160	3518.8322	2108.7651	3431.7846
9099	82272.0677	-36773.5271	3518.8322	2108.7651	3432.1583
9100	82281.2280	-36777.5382	3518.8322	2108.7651	3432.5321
9101	82290.3883	-36781.5493	3518.8322	2108.7651	3432.9059
9102	82299.5486	-36785.5604	3518.8322	2108.7651	3433.2797
9103	82308.7089	-36789.5715	3518.8322	2108.7651	3433.6535
9104	82317.8692	-36793.5826	3518.8322	2108.7651	3434.0273
9105	82327.0295	-36797.5937	3518.8322	2108.7651	3434.4011
9106	82336.1898	-36801.6049	3518.8322	2108.7651	3434.7748
9107	82345.3501	-36805.6160	3518.8322	2108.7651	3435.1486
9108	82354.5104	-36809.6271	3518.8322	2108.7651	3435.5224
9109	82363.6707	-36813.6382	3518.8322	2108.7651	3435.8962
9110	82372.8310	-36817.6493	3518.8322	2108.7651	3436.2700
9111	82381.9913	-36821.6604	3518.8322	2108.7651	3436.6438
9112	82391.1516	-36825.6715	3518.8322	2108.7651	3437.0175
9113	82400.3119	-36829.6826	3518.8322	2108.7651	3437.3913
9114	82409.4722	-36833.6937	3518.8322	2108.7651	3437.7651
9115	82418.6324	-36837.7048	3518.8322	2108.7651	3438.1389
9116	82427.7927	-36841.7160	3518.8322	2108.7651	3438.5127
9117	82436.9530	-36845.7271	3518.8322	2108.7651	3438.8865
9118	82446.1133	-36849.7382	3518.8322	2108.7651	3439.2603
9119	82455.2736	-36853.7493	3518.8322	2108.7651	3439.6340
9120	82464.4339	-36857.7604	3518.8322	2108.7651	3440.0078
9121	82473.5942	-36861.7715	3518.8322	2108.7651	3440.3816
9122	82482.7545	-36865.7826	3518.8322	2108.7651	3440.7554
9123	82491.9148	-36869.7937	3518.8322	2108.7651	3441.1292
9124	82501.0751	-36873.8048	3518.8322	2108.7651	3441.5030
9125	82510.2354	-36877.8160	3518.8322	2108.7651	3441.8768
9126	82519.3957	-36881.8271	3518.8322	2108.7651	3442.2505
9127	82528.5560	-36885.8382	3518.8322	2108.7651	3442.6243
9128	82537.7163	-36889.8493	3518.8322	2108.7651	3442.9981
9129	82546.8766	-36893.8604	3518.8322	2108.7651	3443.3719
9130	82556.0369	-36897.8715	3518.8322	2108.7651	3443.7457
9131	82565.1972	-36901.8826	3518.8322	2108.7651	3444.1195
9132	82574.3574	-36905.8937	3518.8322	2108.7651	3444.4932
9133	82583.5177	-36909.9048	3518.8322	2108.7651	3444.8670
9134	82592.6780	-36913.9160	3518.8322	2108.7651	3445.2408
9135	82601.8383	-36917.9271	3518.8322	2108.7651	3445.6146
9136	82610.9986	-36921.9382	3518.8322	2108.7651	3445.9884
9137	82620.1589	-36925.9493	3518.8322	2108.7651	3446.3622
9138	82629.3192	-36929.9604	3518.8322	2108.7651	3446.7360
9139	82638.4795	-36933.9715	3518.8322	2108.7651	3447.1097
9140	82647.6398	-36937.9826	3518.8322	2108.7651	3447.4835
9141	82656.8001	-36941.9937	3518.8322	2108.7651	3447.8573
9142	82665.9604	-36946.0048	3518.8322	2108.7651	3448.2311
9143	82675.1207	-36950.0160	3518.8322	2108.7651	3448.6049
9144	82684.2810	-36954.0271	3518.8322	2108.7651	3448.9787
9145	82693.4413	-36958.0382	3518.8322	2108.7651	3449.3525
9146	82702.6016	-36962.0493	3518.8322	2108.7651	3449.7262
9147	82711.7619	-36966.0604	3518.8322	2108.7651	3450.1000
9148	82720.9222	-36970.0715	3518.8322	2108.7651	3450.4738
9149	82730.0825	-36974.0826	3518.8322	2108.7651	3450.8476
9150	82739.2427	-36978.0937	3518.8322	2108.7651	3451.2214
9151	82748.4030	-36982.1048	3518.8322	2108.7651	3451.5952
9152	82757.5633	-36986.1159	3518.8322	2108.7651	3451.9689
9153	82766.7236	-36990.1271	3518.8322	2108.7651	3452.3427
9154	82775.8839	-36994.1382	3518.8322	2108.7651	3452.7165
9155	82785.0442	-36998.1493	3518.8322	2108.7651	3453.0903
9156	82794.2045	-37002.1604	3518.8322	2108.7651	3453.4641
9157	82803.3648	-37006.1715	3518.8322	2108.7651	3453.8379
9158	82812.5251	-37010.1826	3518.8322	2108.7651	3454.2117
9159	82821.6854	-37014.1937	3518.8322	2108.7651	3454.5854
9160	82830.8457	-37018.2048	3518.8322	2108.7651	3454.9592
9161	82840.0060	-37022.2159	3518.8322	2108.7651	3455.3330
9162	82849.1663	-37026.2271	3518.8322	2108.7651	3455.7068
9163	82858.3266	-37030.2382	3518.8322	2108.7651	3456.0806
9164	82867.4869	-37034.2493	3518.8322	2108.7651	3456.4544
9165	82876.6472	-37038.2604	3518.8322	2108.7651	3456.8282
9166	82885.8075	-37042.2715	3518.8322	2108.7651	3457.2019
9167	82894.9677	-37046.2826	3518.8322	2108.7651	3457.5757
9168	82904.1280	-37050.2937	3518.8322	2108.7651	3457.9495
9169	82913.2883	-37054.3048	3518.8322	2108.7651	3458.3233
9170	82922.4486	-37058.3159	3518.8322	2108.7651	3458.6971
9171	82931.6089	-37062.3271	3518.8322	2108.7651	3459.0709
9172	82940.7692	-37066.3382	3518.8322	2108.7651	3459.4446
9173	82949.9295	-37070.3493	3518.8322	2108.7651	3459.8184
9174	82959.0898	-37074.3604	3518.8322	2108.7651	3460.1922
9175	82968.2501	-37078.3715	3518.8322	2108.7651	3460.5660
9176	82977.4104	-37082.3826	3518.8322	2108.7651	3460.9398
9177	82986.5707	-37086.3937	3518.8322	2108.7651	3461.3136
9178	82995.7310	-37090.4048	3518.8322	2108.7651	3461.6874
9179	83004.8913	-37094.4159	3518.8322	2108.7651	3462.0611
9180	83014.0516	-37098.4271	3518.8322	2108.7651	3462.4349
9181	83023.2119	-37102.4382	3518.8322	2108.7651	3462.8087
9182	83032.3722	-37106.4493	3518.8322	2108.7651	3463.1825
9183	83041.5325	-37110.4604	3518.8322	2108.7651	3463.5563
9184	83050.6927	-37114.4715	3518.8322	2108.7651	3463.9301
9185	83059.8530	-37118.4826	3518.8322	2108.7651	3464.3039
9186	83069.0133	-37122.4937	3518.8322	2108.7651	3464.6776
9187	83078.1736	-37126.5048	3518.8322	2108.7651	3465.0514
9188	83087.3339	-37130.5159	3518.8322	2108.7651	3465.4252
9189	83096.4942	-37134.5271	3518.8322	2108.7651	3465.7990
9190	83105.6545	-37138.5382	3518.8322	2108.7651	3466.1728
9191	83114.8148	-37142.5493	3518.8322	2108.7651	3466.5466
9192	83123.9751	-37146.5604	3518.8322	2108.7651	3466.9203
9193	83133.1354	-37150.5715	3518.8322	2108.7651	3467.2941
9194	83142.2957	-37154.5826	3518.8322	2108.7651	3467.6679
9195	83151.4560	-37158.5937	3518.8322	2108.7651	3468.0417
9196	83160.6163	-37162.6048	3518.8322	2108.7651	3468.4155
9197	83169.7766	-37166.6159	3518.8322	2108.7651	3468.7893
9198	83178.9369	-37170.6270	3518.8322	2108.7651	3469.1631
9199	83188.0972	-37174.6382	3518.8322	2108.7651	3469.5368
9200	83197.2575	-37178.6493	3518.8322	2108.7651	3469.9106
9201	83206.4177	-37182.6604	3518.8322	2108.7651	3470.2844
9202	83215.5780	-37186.6715	3518.8322	2108.7651	3470.6582
9203	83224.7383	-37190.6826	3518.8322	2108.7651	3471.0320
9204	83233.8986	-37194.6937	3518.8322	2108.7651	3471.4058
9205	83243.0589	-37198.7048	3518.8322	2108.7651	3471.7796
9206	83252.2192	-37202.7159	3518.8322	2108.7651	3472.1533
9207	83261.3795	-37206.7270	3518.8322	2108.7651	3472.5271
9208	83270.5398	-37210.7382	3518.8322	2108.7651	3472.9009
9209	83279.7001	-37214.7493	3518.8322	2108.7651	3473.2747
9210	83288.8604	-37218.7604	3518.8322	2108.7651	3473.6485
9211	83298.0207	-37222.7715	3518.8322	2108.7651	3474.0223
9212	83307.1810	-37226.7826	3518.8322	2108.7651	3474.3960
9213	83316.3413	-37230.7937	3518.8322	2108.7651	3474.7698
9214	83325.5016	-37234.8048	3518.8322	2108.7651	3475.1436
9215	83334.6619	-37238.8159	3518.8322	2108.7651	3475.5174
9216	83343.8222	-37242.8270	3518.8322	2108.7651	3475.8912
9217	83352.9825	-37246.8382	3518.8322	2108.7651	3476.2650
9218	83362.1427	-37250.8493	3518.8322	2108.7651	3476.6388
9219	83371.3030	-37254.8604	3518.8322	2108.7651	3477.0125
9220	83380.4633	-37258.8715	3518.8322	2108.7651	3477.3863
9221	83389.6236	-37262.8826	3518.8322	2108.7651	3477.7601
9222	83398.7839	-37266.8937	3518.8322	2108.7651	3478.1339
9223	83407.9442	-37270.9048	3518.8322	2108.7651	3478.5077
9224	83417.1045	-37274.9159	3518.8322	2108.7651	3478.8815
9225	83426.2648	-37278.9270	3518.8322	2108.7651	3479.2553
9226	83435.4251	-37282.9382	3518.8322	2108.7651	3479.6290
9227	83444.5854	-37286.9493	3518.8322	2108.7651	3480.0028
9228	83453.7457	-37290.9604	3518.8322	2108.7651	3480.3766
9229	83462.9060	-37294.9715	3518.8322	2108.7651	3480.7504
9230	83472.0663	-37298.9826	3518.8322	2108.7651	3481.1242
9231	83481.2266	-37302.9937	3518.8322	2108.7651	3481.4980
9232	83490.3869	-37307.0048	3518.8322	2108.7651	3481.8718
9233	83499.5472	-37311.0159	3518.8322	2108.7651	3482.2455
9234	83508.7075	-37315.0270	3518.8322	2108.7651	3482.6193
9235	83517.8678	-37319.0382	3518.8322	2108.7651	3482.9931
9236	83527.0280	-37323.0493	3518.8322	2108.7651	3483.3669
9237	83536.1883	-37327.0604	3518.8322	2108.7651	3483.7407
9238	83545.3486	-37331.0715	3518.8322	2108.7651	3484.1145
9239	83554.5089	-37335.0826	3518.8322	2108.7651	3484.4882
9240	83563.6692	-37339.0937	3518.8322	2108.7651	3484.8620
9241	83572.8295	-37343.1048	3518.8322	2108.7651	3485.2358
9242	83581.9898	-37347.1159	3518.8322	2108.7651	3485.6096
9243	83591.1501	-37351.1270	3518.8322	2108.7651	3485.9834
9244	83600.3104	-37355.1381	3518.8322	2108.7651	3486.3572
9245	83609.4707	-37359.1493	3518.8322	2108.7651	3486.7310
9246	83618.6310	-37363.1604	3518.8322	2108.7651	3487.1047
9247	83627.7913	-37367.1715	3518.8322	2108.7651	3487.4785
9248	83636.9516	-37371.1826	3518.8322	2108.7651	3487.8523
9249	83646.1119	-37375.1937	3518.8322	2108.7651	3488.2261
9250	83655.2722	-37379.2048	3518.8322	2108.7651	3488.5999
9251	83664.4325	-37383.2159	3518.8322	2108.7651	3488.9737
9252	83673.5928	-37387.2270	3518.8322	2108.7651	3489.3475
9253	83682.7530	-37391.2381	3518.8322	2108.7651	3489.7212
9254	83691.9133	-37395.2493	3518.8322	2108.7651	3490.0950
9255	83701.0736	-37399.2604	3518.8322	2108.7651	3490.4688
9256	83710.2339	-37403.2715	3518.8322	2108.7651	3490.8426
9257	83719.3942	-37407.2826	3518.8322	2108.7651	3491.2164
9258	83728.5545	-37411.2937	3518.8322	2108.7651	3491.5902
9259	83737.7148	-37415.3048	3518.8322	2108.7651	3491.9639
9260	83746.8751	-37419.3159	3518.8322	2108.7651	3492.3377
9261	83756.0354	-37423.3270	3518.8322	2108.7651	3492.7115
9262	83765.1957	-37427.3381	3518.8322	2108.7651	3493.0853
9263	83774.3560	-37431.3493	3518.8322	2108.7651	3493.4591
9264	83783.5163	-37435.3604	3518.8322	2108.7651	3493.8329
9265	83792.6766	-37439.3715	3518.8322	2108.7651	3494.2067
9266	83801.8369	-37443.3826	3518.8322	2108.7651	3494.5804
9267	83810.9972	-37447.3937	3518.8322	2108.7651	3494.9542
9268	83820.1575	-37451.4048	3518.8322	2108.7651	3495.3280
9269	83829.3178	-37455.4159	3518.8322	2108.7651	3495.7018
9270	83838.4780	-37459.4270	3518.8322	2108.7651	3496.0756
9271	83847.6383	-37463.4381	3518.8322	2108.7651	3496.4494
9272	83856.7986	-37467.4493	3518.8322	2108.7651	3496.8232
9273	83865.9589	-37471.4604	3518.8322	2108.7651	3497.1969
9274	83875.1192	-37475.4715	3518.8322	2108.7651	3497.5707
9275	83884.2795	-37479.4826	3518.8322	2108.7651	3497.9445
9276	83893.4398	-37483.4937	3518.8322	2108.7651	3498.3183
9277	83902.6001	-37487.5048	3518.8322	2108.7651	3498.6921
9278	83911.7604	-37491.5159	3518.8322	2108.7651	3499.0659
9279	83920.9207	-37495.5270	3518.8322	2108.7651	3499.4396
9280	83930.0810	-37499.5381	3518.8322	2108.7651	3499.8134
9281	83939.2413	-37503.5493	3518.8322	2108.7651	3500.1872
9282	83948.4016	-37507.5604	3518.8322	2108.7651	3500.5610
9283	83957.5619	-37511.5715	3518.8322	2108.7651	3500.9348
9284	83966.7222	-37515.5826	3518.8322	2108.7651	3501.3086
9285	83975.8825	-37519.5937	3518.8322	2108.7651	3501.6824
9286	83985.0428	-37523.6048	3518.8322	2108.7651	3502.0561
9287	83994.2030	-37527.6159	3518.8322	2108.7651	3502.4299
9288	84003.3633	-37531.6270	3518.8322	2108.7651	3502.8037
9289	84012.5236	-37535.6381	3518.8322	2108.7651	3503.1775
9290	84021.6839	-37539.6492	3518.8322	2108.7651	3503.5513
9291	84030.8442	-37543.6604	3518.8322	2108.7651	3503.9251
9292	84040.0045	-37547.6715	3518.8322	2108.7651	3504.2989
9293	84049.1648	-37551.6826	3518.8322	2108.7651	3504.6726
9294	84058.3251	-37555.6937	3518.8322	2108.7651	3505.0464
9295	84067.4854	-37559.7048	3518.8322	2108.7651	3505.4202
9296	84076.6457	-37563.7159	3518.8322	2108.7651	3505.7940
9297	84085.8060	-37567.7270	3518.8322	2108.7651	3506.1678
9298	84094.9663	-37571.7381	3518.8322	2108.7651	3506.5416
9299	84104.1266	-37575.7492	3518.8322	2108.7651	3506.9153
9300	84113.2869	-37579.7604	3518.8322	2108.7651	3507.2891
9301	84122.4472	-37583.7715	3518.8322	2108.7651	3507.6629
9302	84131.6075	-37587.7826	3518.8322	2108.7651	3508.0367
9303	84140.7678	-37591.7937	3518.8322	2108.7651	3508.4105
9304	84149.9281	-37595.8048	3518.8322	2108.7651	3508.7843
9305	84159.0883	-37599.8159	3518.8322	2108.7651	3509.1581
9306	84168.2486	-37603.8270	3518.8322	2108.7651	3509.5318
9307	84177.4089	-37607.8381	3518.8322	2108.7651	3509.9056
9308	84186.5692	-37611.8492	3518.8322	2108.7651	3510.2794
9309	84195.7295	-37615.8604	3518.8322	2108.7651	3510.6532
9310	84204.8898	-37619.8715	3518.8322	2108.7651	3511.0270
9311	84214.0501	-37623.8826	3518.8322	2108.7651	3511.4008
9312	84223.2104	-37627.8937	3518.8322	2108.7651	3511.7746
9313	84232.3707	-37631.9048	3518.8322	2108.7651	3512.1483
9314	84241.5310	-37635.9159	3518.8322	2108.7651	3512.5221
9315	84250.6913	-37639.9270	3518.8322	2108.7651	3512.8959
9316	84259.8516	-37643.9381	3518.8322	2108.7651	3513.2697
9317	84269.0119	-37647.9492	3518.8322	2108.7651	3513.6435
9318	84278.1722	-37651.9604	3518.8322	2108.7651	3514.0173
9319	84287.3325	-37655.9715	3518.8322	2108.7651	3514.3910
9320	84296.4928	-37659.9826	3518.8322	2108.7651	3514.7648
9321	84305.6531	-37663.9937	3518.8322	2108.7651	3515.1386
9322	84314.8133	-37668.0048	3518.8322	2108.7651	3515.5124
9323	84323.9736	-37672.0159	3518.8322	2108.7651	3515.8862
9324	84333.1339	-37676.0270	3518.8322	2108.7651	3516.2600
9325	84342.2942	-37680.0381	3518.8322	2108.7651	3516.6338
9326	84351.4545	-37684.0492	3518.8322	2108.7651	3517.0075
9327	84360.6148	-37688.0604	3518.8322	2108.7651	3517.3813
9328	84369.7751	-37692.0715	3518.8322	2108.7651	3517.7551
9329	84378.9354	-37696.0826	3518.8322	2108.7651	3518.1289
9330	84388.0957	-37700.0937	3518.8322	2108.7651	3518.5027
9331	84397.2560	-37704.1048	3518.8322	2108.7651	3518.8765
9332	84406.4163	-37708.1159	3518.8322	2108.7651	3519.2503
9333	84415.5766	-37712.1270	3518.8322	2108.7651	3519.6240
9334	84424.7369	-37716.1381	3518.8322	2108.7651	3519.9978
9335	84433.8972	-37720.1492	3518.8322	2108.7651	3520.3716
9336	84443.0575	-37724.1603	3518.8322	2108.7651	3520.7454
9337	84452.2178	-37728.1715	3518.8322	2108.7651	3521.1192
9338	84461.3781	-37732.1826	3518.8322	2108.7651	3521.4930
9339	84470.5383	-37736.1937	3518.8322	2108.7651	3521.8667
9340	84479.6986	-37740.2048	3518.8322	2108.7651	3522.2405
9341	84488.8589	-37744.2159	3518.8322	2108.7651	3522.6143
9342	84498.0192	-37748.2270	3518.8322	2108.7651	3522.9881
9343	84507.1795	-37752.2381	3518.8322	2108.7651	3523.3619
9344	84516.3398	-37756.2492	3518.8322	2108.7651	3523.7357
9345	84525.5001	-37760.2603	3518.8322	2108.7651	3524.1095
9346	84534.6604	-37764.2715	3518.8322	2108.7651	3524.4832
9347	84543.8207	-37768.2826	3518.8322	2108.7651	3524.8570
9348	84552.9810	-37772.2937	3518.8322	2108.7651	3525.2308
9349	84562.1413	-37776.3048	3518.8322	2108.7651	3525.6046
9350	84571.3016	-37780.3159	3518.8322	2108.7651	3525.9784
9351	84580.4619	-37784.3270	3518.8322	2108.7651	3526.3522
9352	84589.6222	-37788.3381	3518.8322	2108.7651	3526.7260
9353	84598.7825	-37792.3492	3518.8322	2108.7651	3527.0997
9354	84607.9428	-37796.3603	3518.8322	2108.7651	3527.4735
9355	84617.1031	-37800.3715	3518.8322	2108.7651	3527.8473
9356	84626.2633	-37804.3826	3518.8322	2108.7651	3528.2211
9357	84635.4236	-37808.3937	3518.8322	2108.7651	3528.5949
9358	84644.5839	-37812.4048	3518.8322	2108.7651	3528.9687
9359	84653.7442	-37816.4159	3518.8322	2108.7651	3529.3425
9360	84662.9045	-37820.4270	3518.8322	2108.7651	3529.7162
9361	84672.0648	-37824.4381	3518.8322	2108.7651	3530.0900
9362	84681.2251	-37828.4492	3518.8322	2108.7651	3530.4638
9363	84690.3854	-37832.4603	3518.8322	2108.7651	3530.8376
9364	84699.5457	-37836.4715	3518.8322	2108.7651	3531.2114
9365	84708.7060	-37840.4826	3518.8322	2108.7651	3531.5852
9366	84717.8663	-37844.4937	3518.8322	2108.7651	3531.9589
9367	84727.0266	-37848.5048	3518.8322	2108.7651	3532.3327
9368	84736.1869	-37852.5159	3518.8322	2108.7651	3532.7065
9369	84745.3472	-37856.5270	3518.8322	2108.7651	3533.0803
9370	84754.5075	-37860.5381	3518.8322	2108.7651	3533.4541
9371	84763.6678	-37864.5492	3518.8322	2108.7651	3533.8279
9372	84772.8281	-37868.5603	3518.8322	2108.7651	3534.2017
9373	84781.9883	-37872.5715	3518.8322	2108.7651	3534.5754
9374	84791.1486	-37876.5826	3518.8322	2108.7651	3534.9492
9375	84800.3089	-37880.5937	3518.8322	2108.7651	3535.3230
9376	84809.4692	-37884.6048	3518.8322	2108.7651	3535.6968
9377	84818.6295	-37888.6159	3518.8322	2108.7651	3536.0706
9378	84827.7898	-37892.6270	3518.8322	2108.7651	3536.4444
9379	84836.9501	-37896.6381	3518.8322	2108.7651	3536.8182
9380	84846.1104	-37900.6492	3518.8322	2108.7651	3537.1919
9381	84855.2707	-37904.6603	3518.8322	2108.7651	3537.5657
9382	84864.4310	-37908.6714	3518.8322	2108.7651	3537.9395
9383	84873.5913	-37912.6826	3518.8322	2108.7651	3538.3133
9384	84882.7516	-37916.6937	3518.8322	2108.7651	3538.6871
9385	84891.9119	-37920.7048	3518.8322	2108.7651	3539.0609
9386	84901.0722	-37924.7159	3518.8322	2108.7651	3539.4346
9387	84910.2325	-37928.7270	3518.8322	2108.7651	3539.8084
9388	84919.3928	-37932.7381	3518.8322	2108.7651	3540.1822
9389	84928.5531	-37936.7492	3518.8322	2108.7651	3540.5560
9390	84937.7134	-37940.7603	3518.8322	2108.7651	3540.9298
9391	84946.8736	-37944.7714	3518.8322	2108.7651	3541.3036
9392	84956.0339	-37948.7826	3518.8322	2108.7651	3541.6774
9393	84965.1942	-37952.7937	3518.8322	2108.7651	3542.0511
9394	84974.3545	-37956.8048	3518.8322	2108.7651	3542.4249
9395	84983.5148	-37960.8159	3518.8322	2108.7651	3542.7987
9396	84992.6751	-37964.8270	3518.8322	2108.7651	3543.1725
9397	85001.8354	-37968.8381	3518.8322	2108.7651	3543.5463
9398	85010.9957	-37972.8492	3518.8322	2108.7651	3543.9201
9399	85020.1560	-37976.8603	3518.8322	2108.7651	3544.2939
9400	85029.3163	-37980.8714	3518.8322	2108.7651	3544.6676
9401	85038.4766	-37984.8826	3518.8322	2108.7651	3545.0414
9402	85047.6369	-37988.8937	3518.8322	2108.7651	3545.4152
9403	85056.7972	-37992.9048	3518.8322	2108.7651	3545.7890
9404	85065.9575	-37996.9159	3518.8322	2108.7651	3546.1628
9405	85075.1178	-38000.9270	3518.8322	2108.7651	3546.5366
9406	85084.2781	-38004.9381	3518.8322	2108.7651	3546.9103
9407	85093.4384	-38008.9492	3518.8322	2108.7651	3547.2841
9408	85102.5986	-38012.9603	3518.8322	2108.7651	3547.6579
9409	85111.7589	-38016.9714	3518.8322	2108.7651	3548.0317
9410	85120.9192	-38020.9826	3518.8322	2108.7651	3548.4055
9411	85130.0795	-38024.9937	3518.8322	2108.7651	3548.7793
9412	85139.2398	-38029.0048	3518.8322	2108.7651	3549.1531
9413	85148.4001	-38033.0159	3518.8322	2108.7651	3549.5268
9414	85157.5604	-38037.0270	3518.8322	2108.7651	3549.9006
9415	85166.7207	-38041.0381	3518.8322	2108.7651	3550.2744
9416	85175.8810	-38045.0492	3518.8322	2108.7651	3550.6482
9417	85185.0413	-38049.0603	3518.8322	2108.7651	3551.0220
9418	85194.2016	-38053.0714	3518.8322	2108.7651	3551.3958
9419	85203.3619	-38057.0825	3518.8322	2108.7651	3551.7696
9420	85212.5222	-38061.0937	3518.8322	2108.7651	3552.1433
9421	85221.6825	-38065.1048	3518.8322	2108.7651	3552.5171
9422	85230.8428	-38069.1159	3518.8322	2108.7651	3552.8909
9423	85240.0031	-38073.1270	3518.8322	2108.7651	3553.2647
9424	85249.1634	-38077.1381	3518.8322	2108.7651	3553.6385
9425	85258.3236	-38081.1492	3518.8322	2108.7651	3554.0123
9426	85267.4839	-38085.1603	3518.8322	2108.7651	3554.3860
9427	85276.6442	-38089.1714	3518.8322	2108.7651	3554.7598
9428	85285.8045	-38093.1825	3518.8322	2108.7651	3555.1336
9429	85294.9648	-38097.1937	3518.8322	2108.7651	3555.5074
9430	85304.1251	-38101.2048	3518.8322	2108.7651	3555.8812
9431	85313.2854	-38105.2159	3518.8322	2108.7651	3556.2550
9432	85322.4457	-38109.2270	3518.8322	2108.7651	3556.6288
9433	85331.6060	-38113.2381	3518.8322	2108.7651	3557.0025
9434	85340.7663	-38117.2492	3518.8322	2108.7651	3557.3763
9435	85349.9266	-38121.2603	3518.8322	2108.7651	3557.7501
9436	85359.0869	-38125.2714	3518.8322	2108.7651	3558.1239
9437	85368.2472	-38129.2825	3518.8322	2108.7651	3558.4977
9438	85377.4075	-38133.2937	3518.8322	2108.7651	3558.8715
9439	85386.5678	-38137.3048	3518.8322	2108.7651	3559.2453
9440	85395.7281	-38141.3159	3518.8322	2108.7651	3559.6190
9441	85404.8884	-38145.3270	3518.8322	2108.7651	3559.9928
9442	85414.0486	-38149.3381	3518.8322	2108.7651	3560.3666
9443	85423.2089	-38153.3492	3518.8322	2108.7651	3560.7404
9444	85432.3692	-38157.3603	3518.8322	2108.7651	3561.1142
9445	85441.5295	-38161.3714	3518.8322	2108.7651	3561.4880
9446	85450.6898	-38165.3825	3518.8322	2108.7651	3561.8617
9447	85459.8501	-38169.3937	3518.8322	2108.7651	3562.2355
9448	85469.0104	-38173.4048	3518.8322	2108.7651	3562.6093
9449	85478.1707	-38177.4159	3518.8322	2108.7651	3562.9831
9450	85487.3310	-38181.4270	3518.8322	2108.7651	3563.3569
9451	85496.4913	-38185.4381	3518.8322	2108.7651	3563.7307
9452	85505.6516	-38189.4492	3518.8322	2108.7651	3564.1045
9453	85514.8119	-38193.4603	3518.8322	2108.7651	3564.4782
9454	85523.9722	-38197.4714	3518.8322	2108.7651	3564.8520
9455	85533.1325	-38201.4825	3518.8322	2108.7651	3565.2258
9456	85542.2928	-38205.4937	3518.8322	2108.7651	3565.5996
9457	85551.4531	-38209.5048	3518.8322	2108.7651	3565.9734
9458	85560.6134	-38213.5159	3518.8322	2108.7651	3566.3472
9459	85569.7736	-38217.5270	3518.8322	2108.7651	3566.7210
9460	85578.9339	-38221.5381	3518.8322	2108.7651	3567.0947
9461	85588.0942	-38225.5492	3518.8322	2108.7651	3567.4685
9462	85597.2545	-38229.5603	3518.8322	2108.7651	3567.8423
9463	85606.4148	-38233.5714	3518.8322	2108.7651	3568.2161
9464	85615.5751	-38237.5825	3518.8322	2108.7651	3568.5899
9465	85624.7354	-38241.5936	3518.8322	2108.7651	3568.9637
9466	85633.8957	-38245.6048	3518.8322	2108.7651	3569.3374
9467	85643.0560	-38249.6159	3518.8322	2108.7651	3569.7112
9468	85652.2163	-38253.6270	3518.8322	2108.7651	3570.0850
9469	85661.3766	-38257.6381	3518.8322	2108.7651	3570.4588
9470	85670.5369	-38261.6492	3518.8322	2108.7651	3570.8326
9471	85679.6972	-38265.6603	3518.8322	2108.7651	3571.2064
9472	85688.8575	-38269.6714	3518.8322	2108.7651	3571.5802
9473	85698.0178	-38273.6825	3518.8322	2108.7651	3571.9539
9474	85707.1781	-38277.6936	3518.8322	2108.7651	3572.3277
9475	85716.3384	-38281.7048	3518.8322	2108.7651	3572.7015
9476	85725.4987	-38285.7159	3518.8322	2108.7651	3573.0753
9477	85734.6589	-38289.7270	3518.8322	2108.7651	3573.4491
9478	85743.8192	-38293.7381	3518.8322	2108.7651	3573.8229
9479	85752.9795	-38297.7492	3518.8322	2108.7651	3574.1967
9480	85762.1398	-38301.7603	3518.8322	2108.7651	3574.5704
9481	85771.3001	-38305.7714	3518.8322	2108.7651	3574.9442
9482	85780.4604	-38309.7825	3518.8322	2108.7651	3575.3180
9483	85789.6207	-38313.7936	3518.8322	2108.7651	3575.6918
9484	85798.7810	-38317.8048	3518.8322	2108.7651	3576.0656
9485	85807.9413	-38321.8159	3518.8322	2108.7651	3576.4394
9486	85817.1016	-38325.8270	3518.8322	2108.7651	3576.8132
9487	85826.2619	-38329.8381	3518.8322	2108.7651	3577.1869
9488	85835.4222	-38333.8492	3518.8322	2108.7651	3577.5607
9489	85844.5825	-38337.8603	3518.8322	2108.7651	3577.9345
9490	85853.7428	-38341.8714	3518.8322	2108.7651	3578.3083
9491	85862.9031	-38345.8825	3518.8322	2108.7651	3578.6821
9492	85872.0634	-38349.8936	3518.8322	2108.7651	3579.0559
9493	85881.2237	-38353.9048	3518.8322	2108.7651	3579.4296
9494	85890.3839	-38357.9159	3518.8322	2108.7651	3579.8034
9495	85899.5442	-38361.9270	3518.8322	2108.7651	3580.1772
9496	85908.7045	-38365.9381	3518.8322	2108.7651	3580.5510
9497	85917.8648	-38369.9492	3518.8322	2108.7651	3580.9248
9498	85927.0251	-38373.9603	3518.8322	2108.7651	3581.2986
9499	85936.1854	-38377.9714	3518.8322	2108.7651	3581.6724
9500	85945.3457	-38381.9825	3518.8322	2108.7651	3582.0461
9501	85954.5060	-38385.9936	3518.8322	2108.7651	3582.4199
9502	85963.6663	-38390.0048	3518.8322	2108.7651	3582.7937
9503	85972.8266	-38394.0159	3518.8322	2108.7651	3583.1675
9504	85981.9869	-38398.0270	3518.8322	2108.7651	3583.5413
9505	85991.1472	-38402.0381	3518.8322	2108.7651	3583.9151
9506	86000.3075	-38406.0492	3518.8322	2108.7651	3584.2889
9507	86009.4678	-38410.0603	3518.8322	2108.7651	3584.6626
9508	86018.6281	-38414.0714	3518.8322	2108.7651	3585.0364
9509	86027.7884	-38418.0825	3518.8322	2108.7651	3585.4102
9510	86036.9487	-38422.0936	3518.8322	2108.7651	3585.7840
9511	86046.1089	-38426.1047	3518.8322	2108.7651	3586.1578
9512	86055.2692	-38430.1159	3518.8322	2108.7651	3586.5316
9513	86064.4295	-38434.1270	3518.8322	2108.7651	3586.9053
9514	86073.5898	-38438.1381	3518.8322	2108.7651	3587.2791
9515	86082.7501	-38442.1492	3518.8322	2108.7651	3587.6529
9516	86091.9104	-38446.1603	3518.8322	2108.7651	3588.0267
9517	86101.0707	-38450.1714	3518.8322	2108.7651	3588.4005
9518	86110.2310	-38454.1825	3518.8322	2108.7651	3588.7743
9519	86119.3913	-38458.1936	3518.8322	2108.7651	3589.1481
9520	86128.5516	-38462.2047	3518.8322	2108.7651	3589.5218
9521	86137.7119	-38466.2159	3518.8322	2108.7651	3589.8956
9522	86146.8722	-38470.2270	3518.8322	2108.7651	3590.2694
9523	86156.0325	-38474.2381	3518.8322	2108.7651	3590.6432
9524	86165.1928	-38478.2492	3518.8322	2108.7651	3591.0170
9525	86174.3531	-38482.2603	3518.8322	2108.7651	3591.3908
9526	86183.5134	-38486.2714	3518.8322	2108.7651	3591.7646
9527	86192.6737	-38490.2825	3518.8322	2108.7651	3592.1383
9528	86201.8339	-38494.2936	3518.8322	2108.7651	3592.5121
9529	86210.9942	-38498.3047	3518.8322	2108.7651	3592.8859
9530	86220.1545	-38502.3159	3518.8322	2108.7651	3593.2597
9531	86229.3148	-38506.3270	3518.8322	2108.7651	3593.6335
9532	86238.4751	-38510.3381	3518.8322	2108.7651	3594.0073
9533	86247.6354	-38514.3492	3518.8322	2108.7651	3594.3810
9534	86256.7957	-38518.3603	3518.8322	2108.7651	3594.7548
9535	86265.9560	-38522.3714	3518.8322	2108.7651	3595.1286
9536	86275.1163	-38526.3825	3518.8322	2108.7651	3595.5024
9537	86284.2766	-38530.3936	3518.8322	2108.7651	3595.8762
9538	86293.4369	-38534.4047	3518.8322	2108.7651	3596.2500
9539	86302.5972	-38538.4159	3518.8322	2108.7651	3596.6238
9540	86311.7575	-38542.4270	3518.8322	2108.7651	3596.9975
9541	86320.9178	-38546.4381	3518.8322	2108.7651	3597.3713
9542	86330.0781	-38550.4492	3518.8322	2108.7651	3597.7451
9543	86339.2384	-38554.4603	3518.8322	2108.7651	3598.1189
9544	86348.3987	-38558.4714	3518.8322	2108.7651	3598.4927
9545	86357.5590	-38562.4825	3518.8322	2108.7651	3598.8665
9546	86366.7192	-38566.4936	3518.8322	2108.7651	3599.2403
9547	86375.8795	-38570.5047	3518.8322	2108.7651	3599.6140
9548	86385.0398	-38574.5159	3518.8322	2108.7651	3599.9878
9549	86394.2001	-38578.5270	3518.8322	2108.7651	3600.3616
9550	86403.3604	-38582.5381	3518.8322	2108.7651	3600.7354
9551	86412.5207	-38586.5492	3518.8322	2108.7651	3601.1092
9552	86421.6810	-38590.5603	3518.8322	2108.7651	3601.4830
9553	86430.8413	-38594.5714	3518.8322	2108.7651	3601.8567
9554	86440.0016	-38598.5825	3518.8322	2108.7651	3602.2305
9555	86449.1619	-38602.5936	3518.8322	2108.7651	3602.6043
9556	86458.3222	-38606.6047	3518.8322	2108.7651	3602.9781
9557	86467.4825	-38610.6158	3518.8322	2108.7651	3603.3519
9558	86476.6428	-38614.6270	3518.8322	2108.7651	3603.7257
9559	86485.8031	-38618.6381	3518.8322	2108.7651	3604.0995
9560	86494.9634	-38622.6492	3518.8322	2108.7651	3604.4732
9561	86504.1237	-38626.6603	3518.8322	2108.7651	3604.8470
9562	86513.2840	-38630.6714	3518.8322	2108.7651	3605.2208
9563	86522.4442	-38634.6825	3518.8322	2108.7651	3605.5946
9564	86531.6045	-38638.6936	3518.8322	2108.7651	3605.9684
9565	86540.7648	-38642.7047	3518.8322	2108.7651	3606.3422
9566	86549.9251	-38646.7158	3518.8322	2108.7651	3606.7160
9567	86559.0854	-38650.7270	3518.8322	2108.7651	3607.0897
9568	86568.2457	-38654.7381	3518.8322	2108.7651	3607.4635
9569	86577.4060	-38658.7492	3518.8322	2108.7651	3607.8373
9570	86586.5663	-38662.7603	3518.8322	2108.7651	3608.2111
9571	86595.7266	-38666.7714	3518.8322	2108.7651	3608.5849
9572	86604.8869	-38670.7825	3518.8322	2108.7651	3608.9587
9573	86614.0472	-38674.7936	3518.8322	2108.7651	3609.3324
9574	86623.2075	-38678.8047	3518.8322	2108.7651	3609.7062
9575	86632.3678	-38682.8158	3518.8322	2108.7651	3610.0800
9576	86641.5281	-38686.8270	3518.8322	2108.7651	3610.4538
9577	86650.6884	-38690.8381	3518.8322	2108.7651	3610.8276
9578	86659.8487	-38694.8492	3518.8322	2108.7651	3611.2014
9579	86669.0090	-38698.8603	3518.8322	2108.7651	3611.5752
9580	86678.1692	-38702.8714	3518.8322	2108.7651	3611.9489
9581	86687.3295	-38706.8825	3518.8322	2108.7651	3612.3227
9582	86696.4898	-38710.8936	3518.8322	2108.7651	3612.6965
9583	86705.6501	-38714.9047	3518.8322	2108.7651	3613.0703
9584	86714.8104	-38718.9158	3518.8322	2108.7651	3613.4441
9585	86723.9707	-38722.9270	3518.8322	2108.7651	3613.8179
9586	86733.1310	-38726.9381	3518.8322	2108.7651	3614.1917
9587	86742.2913	-38730.9492	3518.8322	2108.7651	3614.5654
9588	86751.4516	-38734.9603	3518.8322	2108.7651	3614.9392
9589	86760.6119	-38738.9714	3518.8322	2108.7651	3615.3130
9590	86769.7722	-38742.9825	3518.8322	2108.7651	3615.6868
9591	86778.9325	-38746.9936	3518.8322	2108.7651	3616.0606
9592	86788.0928	-38751.0047	3518.8322	2108.7651	3616.4344
9593	86797.2531	-38755.0158	3518.8322	2108.7651	3616.8081
9594	86806.4134	-38759.0270	3518.8322	2108.7651	3617.1819
9595	86815.5737	-38763.0381	3518.8322	2108.7651	3617.5557
9596	86824.7340	-38767.0492	3518.8322	2108.7651	3617.9295
9597	86833.8942	-38771.0603	3518.8322	2108.7651	3618.3033
9598	86843.0545	-38775.0714	3518.8322	2108.7651	3618.6771
9599	86852.2148	-38779.0825	3518.8322	2108.7651	3619.0509
9600	86861.3751	-38783.0936	3518.8322	2108.7651	3619.4246
9601	86870.5354	-38787.1047	3518.8322	2108.7651	3619.7984
9602	86879.6957	-38791.1158	3518.8322	2108.7651	3620.1722
9603	86888.8560	-38795.1269	3518.8322	2108.7651	3620.5460
9604	86898.0163	-38799.1381	3518.8322	2108.7651	3620.9198
9605	86907.1766	-38803.1492	3518.8322	2108.7651	3621.2936
9606	86916.3369	-38807.1603	3518.8322	2108.7651	3621.6674
9607	86925.4972	-38811.1714	3518.8322	2108.7651	3622.0411
9608	86934.6575	-38815.1825	3518.8322	2108.7651	3622.4149
9609	86943.8178	-38819.1936	3518.8322	2108.7651	3622.7887
9610	86952.9781	-38823.2047	3518.8322	2108.7651	3623.1625
9611	86962.1384	-38827.2158	3518.8322	2108.7651	3623.5363
9612	86971.2987	-38831.2269	3518.8322	2108.7651	3623.9101
9613	86980.4590	-38835.2381	3518.8322	2108.7651	3624.2839
9614	86989.6192	-38839.2492	3518.8322	2108.7651	3624.6576
9615	86998.7795	-38843.2603	3518.8322	2108.7651	3625.0314
9616	87007.9398	-38847.2714	3518.8322	2108.7651	3625.4052
9617	87017.1001	-38851.2825	3518.8322	2108.7651	3625.7790
9618	87026.2604	-38855.2936	3518.8322	2108.7651	3626.1528
9619	87035.4207	-38859.3047	3518.8322	2108.7651	3626.5266
9620	87044.5810	-38863.3158	3518.8322	2108.7651	3626.9003
9621	87053.7413	-38867.3269	3518.8322	2108.7651	3627.2741
9622	87062.9016	-38871.3381	3518.8322	2108.7651	3627.6479
9623	87072.0619	-38875.3492	3518.8322	2108.7651	3628.0217
9624	87081.2222	-38879.3603	3518.8322	2108.7651	3628.3955
9625	87090.3825	-38883.3714	3518.8322	2108.7651	3628.7693
9626	87099.5428	-38887.3825	3518.8322	2108.7651	3629.1431
9627	87108.7031	-38891.3936	3518.8322	2108.7651	3629.5168
9628	87117.8634	-38895.4047	3518.8322	2108.7651	3629.8906
9629	87127.0237	-38899.4158	3518.8322	2108.7651	3630.2644
9630	87136.1840	-38903.4269	3518.8322	2108.7651	3630.6382
9631	87145.3443	-38907.4381	3518.8322	2108.7651	3631.0120
9632	87154.5045	-38911.4492	3518.8322	2108.7651	3631.3858
9633	87163.6648	-38915.4603	3518.8322	2108.7651	3631.7596
9634	87172.8251	-38919.4714	3518.8322	2108.7651	3632.1333
9635	87181.9854	-38923.4825	3518.8322	2108.7651	3632.5071
9636	87191.1457	-38927.4936	3518.8322	2108.7651	3632.8809
9637	87200.3060	-38931.5047	3518.8322	2108.7651	3633.2547
9638	87209.4663	-38935.5158	3518.8322	2108.7651	3633.6285
9639	87218.6266	-38939.5269	3518.8322	2108.7651	3634.0023
9640	87227.7869	-38943.5381	3518.8322	2108.7651	3634.3760
9641	87236.9472	-38947.5492	3518.8322	2108.7651	3634.7498
9642	87246.1075	-38951.5603	3518.8322	2108.7651	3635.1236
9643	87255.2678	-38955.5714	3518.8322	2108.7651	3635.4974
9644	87264.4281	-38959.5825	3518.8322	2108.7651	3635.8712
9645	87273.5884	-38963.5936	3518.8322	2108.7651	3636.2450
9646	87282.7487	-38967.6047	3518.8322	2108.7651	3636.6188
9647	87291.9090	-38971.6158	3518.8322	2108.7651	3636.9925
9648	87301.0693	-38975.6269	3518.8322	2108.7651	3637.3663
9649	87310.2295	-38979.6380	3518.8322	2108.7651	3637.7401
9650	87319.3898	-38983.6492	3518.8322	2108.7651	3638.1139
9651	87328.5501	-38987.6603	3518.8322	2108.7651	3638.4877
9652	87337.7104	-38991.6714	3518.8322	2108.7651	3638.8615
9653	87346.8707	-38995.6825	3518.8322	2108.7651	3639.2353
9654	87356.0310	-38999.6936	3518.8322	2108.7651	3639.6090
9655	87365.1913	-39003.7047	3518.8322	2108.7651	3639.9828
9656	87374.3516	-39007.7158	3518.8322	2108.7651	3640.3566
9657	87383.5119	-39011.7269	3518.8322	2108.7651	3640.7304
9658	87392.6722	-39015.7380	3518.8322	2108.7651	3641.1042
9659	87401.8325	-39019.7492	3518.8322	2108.7651	3641.4780
9660	87410.9928	-39023.7603	3518.8322	2108.7651	3641.8517
9661	87420.1531	-39027.7714	3518.8322	2108.7651	3642.2255
9662	87429.3134	-39031.7825	3518.8322	2108.7651	3642.5993
9663	87438.4737	-39035.7936	3518.8322	2108.7651	3642.9731
9664	87447.6340	-39039.8047	3518.8322	2108.7651	3643.3469
9665	87456.7943	-39043.8158	3518.8322	2108.7651	3643.7207
9666	87465.9545	-39047.8269	3518.8322	2108.7651	3644.0945
9667	87475.1148	-39051.8380	3518.8322	2108.7651	3644.4682
9668	87484.2751	-39055.8492	3518.8322	2108.7651	3644.8420
9669	87493.4354	-39059.8603	3518.8322	2108.7651	3645.2158
9670	87502.5957	-39063.8714	3518.8322	2108.7651	3645.5896
9671	87511.7560	-39067.8825	3518.8322	2108.7651	3645.9634
9672	87520.9163	-39071.8936	3518.8322	2108.7651	3646.3372
9673	87530.0766	-39075.9047	3518.8322	2108.7651	3646.7110
9674	87539.2369	-39079.9158	3518.8322	2108.7651	3647.0847
9675	87548.3972	-39083.9269	3518.8322	2108.7651	3647.4585
9676	87557.5575	-39087.9380	3518.8322	2108.7651	3647.8323
9677	87566.7178	-39091.9492	3518.8322	2108.7651	3648.2061
9678	87575.8781	-39095.9603	3518.8322	2108.7651	3648.5799
9679	87585.0384	-39099.9714	3518.8322	2108.7651	3648.9537
9680	87594.1987	-39103.9825	3518.8322	2108.7651	3649.3274
9681	87603.3590	-39107.9936	3518.8322	2108.7651	3649.7012
9682	87612.5193	-39112.0047	3518.8322	2108.7651	3650.0750
9683	87621.6795	-39116.0158	3518.8322	2108.7651	3650.4488
9684	87630.8398	-39120.0269	3518.8322	2108.7651	3650.8226
9685	87640.0001	-39124.0380	3518.8322	2108.7651	3651.1964
9686	87649.1604	-39128.0491	3518.8322	2108.7651	3651.5702
9687	87658.3207	-39132.0603	3518.8322	2108.7651	3651.9439
9688	87667.4810	-39136.0714	3518.8322	2108.7651	3652.3177
9689	87676.6413	-39140.0825	3518.8322	2108.7651	3652.6915
9690	87685.8016	-39144.0936	3518.8322	2108.7651	3653.0653
9691	87694.9619	-39148.1047	3518.8322	2108.7651	3653.4391
9692	87704.1222	-39152.1158	3518.8322	2108.7651	3653.8129
9693	87713.2825	-39156.1269	3518.8322	2108.7651	3654.1867
9694	87722.4428	-39160.1380	3518.8322	2108.7651	3654.5604
9695	87731.6031	-39164.1491	3518.8322	2108.7651	3654.9342
9696	87740.7634	-39168.1603	3518.8322	2108.7651	3655.3080
9697	87749.9237	-39172.1714	3518.8322	2108.7651	3655.6818
9698	87759.0840	-39176.1825	3518.8322	2108.7651	3656.0556
9699	87768.2443	-39180.1936	3518.8322	2108.7651	3656.4294
9700	87777.4045	-39184.2047	3518.8322	2108.7651	3656.8031
9701	87786.5648	-39188.2158	3518.8322	2108.7651	3657.1769
9702	87795.7251	-39192.2269	3518.8322	2108.7651	3657.5507
9703	87804.8854	-39196.2380	3518.8322	2108.7651	3657.9245
9704	87814.0457	-39200.2491	3518.8322	2108.7651	3658.2983
9705	87823.2060	-39204.2603	3518.8322	2108.7651	3658.6721
9706	87832.3663	-39208.2714	3518.8322	2108.7651	3659.0459
9707	87841.5266	-39212.2825	3518.8322	2108.7651	3659.4196
9708	87850.6869	-39216.2936	3518.8322	2108.7651	3659.7934
9709	87859.8472	-39220.3047	3518.8322	2108.7651	3660.1672
9710	87869.0075	-39224.3158	3518.8322	2108.7651	3660.5410
9711	87878.1678	-39228.3269	3518.8322	2108.7651	3660.9148
9712	87887.3281	-39232.3380	3518.8322	2108.7651	3661.2886
9713	87896.4884	-39236.3491	3518.8322	2108.7651	3661.6624
9714	87905.6487	-39240.3603	3518.8322	2108.7651	3662.0361
9715	87914.8090	-39244.3714	3518.8322	2108.7651	3662.4099
9716	87923.9693	-39248.3825	3518.8322	2108.7651	3662.7837
9717	87933.1296	-39252.3936	3518.8322	2108.7651	3663.1575
9718	87942.2898	-39256.4047	3518.8322	2108.7651	3663.5313
9719	87951.4501	-39260.4158	3518.8322	2108.7651	3663.9051
9720	87960.6104	-39264.4269	3518.8322	2108.7651	3664.2788
9721	87969.7707	-39268.4380	3518.8322	2108.7651	3664.6526
9722	87978.9310	-39272.4491	3518.8322	2108.7651	3665.0264
9723	87988.0913	-39276.4603	3518.8322	2108.7651	3665.4002
9724	87997.2516	-39280.4714	3518.8322	2108.7651	3665.7740
9725	88006.4119	-39284.4825	3518.8322	2108.7651	3666.1478
9726	88015.5722	-39288.4936	3518.8322	2108.7651	3666.5216
9727	88024.7325	-39292.5047	3518.8322	2108.7651	3666.8953
9728	88033.8928	-39296.5158	3518.8322	2108.7651	3667.2691
9729	88043.0531	-39300.5269	3518.8322	2108.7651	3667.6429
9730	88052.2134	-39304.5380	3518.8322	2108.7651	3668.0167
9731	88061.3737	-39308.5491	3518.8322	2108.7651	3668.3905
9732	88070.5340	-39312.5602	3518.8322	2108.7651	3668.7643
9733	88079.6943	-39316.5714	3518.8322	2108.7651	3669.1381
9734	88088.8546	-39320.5825	3518.8322	2108.7651	3669.5118
9735	88098.0148	-39324.5936	3518.8322	2108.7651	3669.8856
9736	88107.1751	-39328.6047	3518.8322	2108.7651	3670.2594
9737	88116.3354	-39332.6158	3518.8322	2108.7651	3670.6332
9738	88125.4957	-39336.6269	3518.8322	2108.7651	3671.0070
9739	88134.6560	-39340.6380	3518.8322	2108.7651	3671.3808
9740	88143.8163	-39344.6491	3518.8322	2108.7651	3671.7546
9741	88152.9766	-39348.6602	3518.8322	2108.7651	3672.1283
9742	88162.1369	-39352.6714	3518.8322	2108.7651	3672.5021
9743	88171.2972	-39356.6825	3518.8322	2108.7651	3672.8759
9744	88180.4575	-39360.6936	3518.8322	2108.7651	3673.2497
9745	88189.6178	-39364.7047	3518.8322	2108.7651	3673.6235
9746	88198.7781	-39368.7158	3518.8322	2108.7651	3673.9973
9747	88207.9384	-39372.7269	3518.8322	2108.7651	3674.3710
9748	88217.0987	-39376.7380	3518.8322	2108.7651	3674.7448
9749	88226.2590	-39380.7491	3518.8322	2108.7651	3675.1186
9750	88235.4193	-39384.7602	3518.8322	2108.7651	3675.4924
9751	88244.5796	-39388.7714	3518.8322	2108.7651	3675.8662
9752	88253.7398	-39392.7825	3518.8322	2108.7651	3676.2400
9753	88262.9001	-39396.7936	3518.8322	2108.7651	3676.6138
9754	88272.0604	-39400.8047	3518.8322	2108.7651	3676.9875
9755	88281.2207	-39404.8158	3518.8322	2108.7651	3677.3613
9756	88290.3810	-39408.8269	3518.8322	2108.7651	3677.7351
9757	88299.5413	-39412.8380	3518.8322	2108.7651	3678.1089
9758	88308.7016	-39416.8491	3518.8322	2108.7651	3678.4827
9759	88317.8619	-39420.8602	3518.8322	2108.7651	3678.8565
9760	88327.0222	-39424.8714	3518.8322	2108.7651	3679.2303
9761	88336.1825	-39428.8825	3518.8322	2108.7651	3679.6040
9762	88345.3428	-39432.8936	3518.8322	2108.7651	3679.9778
9763	88354.5031	-39436.9047	3518.8322	2108.7651	3680.3516
9764	88363.6634	-39440.9158	3518.8322	2108.7651	3680.7254
9765	88372.8237	-39444.9269	3518.8322	2108.7651	3681.0992
9766	88381.9840	-39448.9380	3518.8322	2108.7651	3681.4730
9767	88391.1443	-39452.9491	3518.8322	2108.7651	3681.8467
9768	88400.3046	-39456.9602	3518.8322	2108.7651	3682.2205
9769	88409.4648	-39460.9714	3518.8322	2108.7651	3682.5943
9770	88418.6251	-39464.9825	3518.8322	2108.7651	3682.9681
9771	88427.7854	-39468.9936	3518.8322	2108.7651	3683.3419
9772	88436.9457	-39473.0047	3518.8322	2108.7651	3683.7157
9773	88446.1060	-39477.0158	3518.8322	2108.7651	3684.0895
9774	88455.2663	-39481.0269	3518.8322	2108.7651	3684.4632
9775	88464.4266	-39485.0380	3518.8322	2108.7651	3684.8370
9776	88473.5869	-39489.0491	3518.8322	2108.7651	3685.2108
9777	88482.7472	-39493.0602	3518.8322	2108.7651	3685.5846
9778	88491.9075	-39497.0713	3518.8322	2108.7651	3685.9584
9779	88501.0678	-39501.0825	3518.8322	2108.7651	3686.3322
9780	88510.2281	-39505.0936	3518.8322	2108.7651	3686.7060
9781	88519.3884	-39509.1047	3518.8322	2108.7651	3687.0797
9782	88528.5487	-39513.1158	3518.8322	2108.7651	3687.4535
9783	88537.7090	-39517.1269	3518.8322	2108.7651	3687.8273
9784	88546.8693	-39521.1380	3518.8322	2108.7651	3688.2011
9785	88556.0296	-39525.1491	3518.8322	2108.7651	3688.5749
9786	88565.1898	-39529.1602	3518.8322	2108.7651	3688.9487
9787	88574.3501	-39533.1713	3518.8322	2108.7651	3689.3224
9788	88583.5104	-39537.1825	3518.8322	2108.7651	3689.6962
9789	88592.6707	-39541.1936	3518.8322	2108.7651	3690.0700
9790	88601.8310	-39545.2047	3518.8322	2108.7651	3690.4438
9791	88610.9913	-39549.2158	3518.8322	2108.7651	3690.8176
9792	88620.1516	-39553.2269	3518.8322	2108.7651	3691.1914
9793	88629.3119	-39557.2380	3518.8322	2108.7651	3691.5652
9794	88638.4722	-39561.2491	3518.8322	2108.7651	3691.9389
9795	88647.6325	-39565.2602	3518.8322	2108.7651	3692.3127
9796	88656.7928	-39569.2713	3518.8322	2108.7651	3692.6865
9797	88665.9531	-39573.2825	3518.8322	2108.7651	3693.0603
9798	88675.1134	-39577.2936	3518.8322	2108.7651	3693.4341
9799	88684.2737	-39581.3047	3518.8322	2108.7651	3693.8079
9800	88693.4340	-39585.3158	3518.8322	2108.7651	3694.1817
9801	88702.5943	-39589.3269	3518.8322	2108.7651	3694.5554
9802	88711.7546	-39593.3380	3518.8322	2108.7651	3694.9292
9803	88720.9149	-39597.3491	3518.8322	2108.7651	3695.3030
9804	88730.0751	-39601.3602	3518.8322	2108.7651	3695.6768
9805	88739.2354	-39605.3713	3518.8322	2108.7651	3696.0506
9806	88748.3957	-39609.3825	3518.8322	2108.7651	3696.4244
9807	88757.5560	-39613.3936	3518.8322	2108.7651	3696.7981
9808	88766.7163	-39617.4047	3518.8322	2108.7651	3697.1719
9809	88775.8766	-39621.4158	3518.8322	2108.7651	3697.5457
9810	88785.0369	-39625.4269	3518.8322	2108.7651	3697.9195
9811	88794.1972	-39629.4380	3518.8322	2108.7651	3698.2933
9812	88803.3575	-39633.4491	3518.8322	2108.7651	3698.6671
9813	88812.5178	-39637.4602	3518.8322	2108.7651	3699.0409
9814	88821.6781	-39641.4713	3518.8322	2108.7651	3699.4146
9815	88830.8384	-39645.4825	3518.8322	2108.7651	3699.7884
9816	88839.9987	-39649.4936	3518.8322	2108.7651	3700.1622
9817	88849.1590	-39653.5047	3518.8322	2108.7651	3700.5360
9818	88858.3193	-39657.5158	3518.8322	2108.7651	3700.9098
9819	88867.4796	-39661.5269	3518.8322	2108.7651	3701.2836
9820	88876.6399	-39665.5380	3518.8322	2108.7651	3701.6574
9821	88885.8001	-39669.5491	3518.8322	2108.7651	3702.0311
9822	88894.9604	-39673.5602	3518.8322	2108.7651	3702.4049
9823	88904.1207	-39677.5713	3518.8322	2108.7651	3702.7787
9824	88913.2810	-39681.5824	3518.8322	2108.7651	3703.1525
9825	88922.4413	-39685.5936	3518.8322	2108.7651	3703.5263
9826	88931.6016	-39689.6047	3518.8322	2108.7651	3703.9001
9827	88940.7619	-39693.6158	3518.8322	2108.7651	3704.2738
9828	88949.9222	-39697.6269	3518.8322	2108.7651	3704.6476
9829	88959.0825	-39701.6380	3518.8322	2108.7651	3705.0214
9830	88968.2428	-39705.6491	3518.8322	2108.7651	3705.3952
9831	88977.4031	-39709.6602	3518.8322	2108.7651	3705.7690
9832	88986.5634	-39713.6713	3518.8322	2108.7651	3706.1428
9833	88995.7237	-39717.6824	3518.8322	2108.7651	3706.5166
9834	89004.8840	-39721.6936	3518.8322	2108.7651	3706.8903
9835	89014.0443	-39725.7047	3518.8322	2108.7651	3707.2641
9836	89023.2046	-39729.7158	3518.8322	2108.7651	3707.6379
9837	89032.3649	-39733.7269	3518.8322	2108.7651	3708.0117
9838	89041.5251	-39737.7380	3518.8322	2108.7651	3708.3855
9839	89050.6854	-39741.7491	3518.8322	2108.7651	3708.7593
9840	89059.8457	-39745.7602	3518.8322	2108.7651	3709.1331
9841	89069.0060	-39749.7713	3518.8322	2108.7651	3709.5068
9842	89078.1663	-39753.7824	3518.8322	2108.7651	3709.8806
9843	89087.3266	-39757.7936	3518.8322	2108.7651	3710.2544
9844	89096.4869	-39761.8047	3518.8322	2108.7651	3710.6282
9845	89105.6472	-39765.8158	3518.8322	2108.7651	3711.0020
9846	89114.8075	-39769.8269	3518.8322	2108.7651	3711.3758
9847	89123.9678	-39773.8380	3518.8322	2108.7651	3711.7495
9848	89133.1281	-39777.8491	3518.8322	2108.7651	3712.1233
9849	89142.2884	-39781.8602	3518.8322	2108.7651	3712.4971
9850	89151.4487	-39785.8713	3518.8322	2108.7651	3712.8709
9851	89160.6090	-39789.8824	3518.8322	2108.7651	3713.2447
9852	89169.7693	-39793.8936	3518.8322	2108.7651	3713.6185
9853	89178.9296	-39797.9047	3518.8322	2108.7651	3713.9923
9854	89188.0899	-39801.9158	3518.8322	2108.7651	3714.3660
9855	89197.2501	-39805.9269	3518.8322	2108.7651	3714.7398
9856	89206.4104	-39809.9380	3518.8322	2108.7651	3715.1136
9857	89215.5707	-39813.9491	3518.8322	2108.7651	3715.4874
9858	89224.7310	-39817.9602	3518.8322	2108.7651	3715.8612
9859	89233.8913	-39821.9713	3518.8322	2108.7651	3716.2350
9860	89243.0516	-39825.9824	3518.8322	2108.7651	3716.6088
9861	89252.2119	-39829.9936	3518.8322	2108.7651	3716.9825
9862	89261.3722	-39834.0047	3518.8322	2108.7651	3717.3563
9863	89270.5325	-39838.0158	3518.8322	2108.7651	3717.7301
9864	89279.6928	-39842.0269	3518.8322	2108.7651	3718.1039
9865	89288.8531	-39846.0380	3518.8322	2108.7651	3718.4777
9866	89298.0134	-39850.0491	3518.8322	2108.7651	3718.8515
9867	89307.1737	-39854.0602	3518.8322	2108.7651	3719.2253
9868	89316.3340	-39858.0713	3518.8322	2108.7651	3719.5990
9869	89325.4943	-39862.0824	3518.8322	2108.7651	3719.9728
9870	89334.6546	-39866.0935	3518.8322	2108.7651	3720.3466
9871	89343.8149	-39870.1047	3518.8322	2108.7651	3720.7204
9872	89352.9752	-39874.1158	3518.8322	2108.7651	3721.0942
9873	89362.1354	-39878.1269	3518.8322	2108.7651	3721.4680
9874	89371.2957	-39882.1380	3518.8322	2108.7651	3721.8417
9875	89380.4560	-39886.1491	3518.8322	2108.7651	3722.2155
9876	89389.6163	-39890.1602	3518.8322	2108.7651	3722.5893
9877	89398.7766	-39894.1713	3518.8322	2108.7651	3722.9631
9878	89407.9369	-39898.1824	3518.8322	2108.7651	3723.3369
9879	89417.0972	-39902.1935	3518.8322	2108.7651	3723.7107
9880	89426.2575	-39906.2047	3518.8322	2108.7651	3724.0845
9881	89435.4178	-39910.2158	3518.8322	2108.7651	3724.4582
9882	89444.5781	-39914.2269	3518.8322	2108.7651	3724.8320
9883	89453.7384	-39918.2380	3518.8322	2108.7651	3725.2058
9884	89462.8987	-39922.2491	3518.8322	2108.7651	3725.5796
9885	89472.0590	-39926.2602	3518.8322	2108.7651	3725.9534
9886	89481.2193	-39930.2713	3518.8322	2108.7651	3726.3272
9887	89490.3796	-39934.2824	3518.8322	2108.7651	3726.7010
9888	89499.5399	-39938.2935	3518.8322	2108.7651	3727.0747
9889	89508.7002	-39942.3047	3518.8322	2108.7651	3727.4485
9890	89517.8604	-39946.3158	3518.8322	2108.7651	3727.8223
9891	89527.0207	-39950.3269	3518.8322	2108.7651	3728.1961
9892	89536.1810	-39954.3380	3518.8322	2108.7651	3728.5699
9893	89545.3413	-39958.3491	3518.8322	2108.7651	3728.9437
9894	89554.5016	-39962.3602	3518.8322	2108.7651	3729.3174
9895	89563.6619	-39966.3713	3518.8322	2108.7651	3729.6912
9896	89572.8222	-39970.3824	3518.8322	2108.7651	3730.0650
9897	89581.9825	-39974.3935	3518.8322	2108.7651	3730.4388
9898	89591.1428	-39978.4047	3518.8322	2108.7651	3730.8126
9899	89600.3031	-39982.4158	3518.8322	2108.7651	3731.1864
9900	89609.4634	-39986.4269	3518.8322	2108.7651	3731.5602
9901	89618.6237	-39990.4380	3518.8322	2108.7651	3731.9339
9902	89627.7840	-39994.4491	3518.8322	2108.7651	3732.3077
9903	89636.9443	-39998.4602	3518.8322	2108.7651	3732.6815
9904	89646.1046	-40002.4713	3518.8322	2108.7651	3733.0553
9905	89655.2649	-40006.4824	3518.8322	2108.7651	3733.4291
9906	89664.4252	-40010.4935	3518.8322	2108.7651	3733.8029
9907	89673.5854	-40014.5046	3518.8322	2108.7651	3734.1767
9908	89682.7457	-40018.5158	3518.8322	2108.7651	3734.5504
9909	89691.9060	-40022.5269	3518.8322	2108.7651	3734.9242
9910	89701.0663	-40026.5380	3518.8322	2108.7651	3735.2980
9911	89710.2266	-40030.5491	3518.8322	2108.7651	3735.6718
9912	89719.3869	-40034.5602	3518.8322	2108.7651	3736.0456
9913	89728.5472	-40038.5713	3518.8322	2108.7651	3736.4194
9914	89737.7075	-40042.5824	3518.8322	2108.7651	3736.7931
9915	89746.8678	-40046.5935	3518.8322	2108.7651	3737.1669
9916	89756.0281	-40050.6046	3518.8322	2108.7651	3737.5407
9917	89765.1884	-40054.6158	3518.8322	2108.7651	3737.9145
9918	89774.3487	-40058.6269	3518.8322	2108.7651	3738.2883
9919	89783.5090	-40062.6380	3518.8322	2108.7651	3738.6621
9920	89792.6693	-40066.6491	3518.8322	2108.7651	3739.0359
9921	89801.8296	-40070.6602	3518.8322	2108.7651	3739.4096
9922	89810.9899	-40074.6713	3518.8322	2108.7651	3739.7834
9923	89820.1502	-40078.6824	3518.8322	2108.7651	3740.1572
9924	89829.3104	-40082.6935	3518.8322	2108.7651	3740.5310
9925	89838.4707	-40086.7046	3518.8322	2108.7651	3740.9048
9926	89847.6310	-40090.7158	3518.8322	2108.7651	3741.2786
9927	89856.7913	-40094.7269	3518.8322	2108.7651	3741.6524
9928	89865.9516	-40098.7380	3518.8322	2108.7651	3742.0261
9929	89875.1119	-40102.7491	3518.8322	2108.7651	3742.3999
9930	89884.2722	-40106.7602	3518.8322	2108.7651	3742.7737
9931	89893.4325	-40110.7713	3518.8322	2108.7651	3743.1475
9932	89902.5928	-40114.7824	3518.8322	2108.7651	3743.5213
9933	89911.7531	-40118.7935	3518.8322	2108.7651	3743.8951
9934	89920.9134	-40122.8046	3518.8322	2108.7651	3744.2688
9935	89930.0737	-40126.8158	3518.8322	2108.7651	3744.6426
9936	89939.2340	-40130.8269	3518.8322	2108.7651	3745.0164
9937	89948.3943	-40134.8380	3518.8322	2108.7651	3745.3902
9938	89957.5546	-40138.8491	3518.8322	2108.7651	3745.7640
9939	89966.7149	-40142.8602	3518.8322	2108.7651	3746.1378
9940	89975.8752	-40146.8713	3518.8322	2108.7651	3746.5116
9941	89985.0354	-40150.8824	3518.8322	2108.7651	3746.8853
9942	89994.1957	-40154.8935	3518.8322	2108.7651	3747.2591
9943	90003.3560	-40158.9046	3518.8322	2108.7651	3747.6329
9944	90012.5163	-40162.9158	3518.8322	2108.7651	3748.0067
9945	90021.6766	-40166.9269	3518.8322	2108.7651	3748.3805
9946	90030.8369	-40170.9380	3518.8322	2108.7651	3748.7543
9947	90039.9972	-40174.9491	3518.8322	2108.7651	3749.1281
9948	90049.1575	-40178.9602	3518.8322	2108.7651	3749.5018
9949	90058.3178	-40182.9713	3518.8322	2108.7651	3749.8756
9950	90067.4781	-40186.9824	3518.8322	2108.7651	3750.2494
9951	90076.6384	-40190.9935	3518.8322	2108.7651	3750.6232
9952	90085.7987	-40195.0046	3518.8322	2108.7651	3750.9970
9953	90094.9590	-40199.0157	3518.8322	2108.7651	3751.3708
9954	90104.1193	-40203.0269	3518.8322	2108.7651	3751.7445
9955	90113.2796	-40207.0380	3518.8322	2108.7651	3752.1183
9956	90122.4399	-40211.0491	3518.8322	2108.7651	3752.4921
9957	90131.6002	-40215.0602	3518.8322	2108.7651	3752.8659
9958	90140.7605	-40219.0713	3518.8322	2108.7651	3753.2397
9959	90149.9207	-40223.0824	3518.8322	2108.7651	3753.6135
9960	90159.0810	-40227.0935	3518.8322	2108.7651	3753.9873
9961	90168.2413	-40231.1046	3518.8322	2108.7651	3754.3610
9962	90177.4016	-40235.1157	3518.8322	2108.7651	3754.7348
9963	90186.5619	-40239.1269	3518.8322	2108.7651	3755.1086
9964	90195.7222	-40243.1380	3518.8322	2108.7651	3755.4824
9965	90204.8825	-40247.1491	3518.8322	2108.7651	3755.8562
9966	90214.0428	-40251.1602	3518.8322	2108.7651	3756.2300
9967	90223.2031	-40255.1713	3518.8322	2108.7651	3756.6038
9968	90232.3634	-40259.1824	3518.8322	2108.7651	3756.9775
9969	90241.5237	-40263.1935	3518.8322	2108.7651	3757.3513
9970	90250.6840	-40267.2046	3518.8322	2108.7651	3757.7251
9971	90259.8443	-40271.2157	3518.8322	2108.7651	3758.0989
9972	90269.0046	-40275.2269	3518.8322	2108.7651	3758.4727
9973	90278.1649	-40279.2380	3518.8322	2108.7651	3758.8465
9974	90287.3252	-40283.2491	3518.8322	2108.7651	3759.2202
9975	90296.4855	-40287.2602	3518.8322	2108.7651	3759.5940
9976	90305.6457	-40291.2713	3518.8322	2108.7651	3759.9678
9977	90314.8060	-40295.2824	3518.8322	2108.7651	3760.3416
9978	90323.9663	-40299.2935	3518.8322	2108.7651	3760.7154
9979	90333.1266	-40303.3046	3518.8322	2108.7651	3761.0892
9980	90342.2869	-40307.3157	3518.8322	2108.7651	3761.4630
9981	90351.4472	-40311.3269	3518.8322	2108.7651	3761.8367
9982	90360.6075	-40315.3380	3518.8322	2108.7651	3762.2105
9983	90369.7678	-40319.3491	3518.8322	2108.7651	3762.5843
9984	90378.9281	-40323.3602	3518.8322	2108.7651	3762.9581
9985	90388.0884	-40327.3713	3518.8322	2108.7651	3763.3319
9986	90397.2487	-40331.3824	3518.8322	2108.7651	3763.7057
9987	90406.4090	-40335.3935	3518.8322	2108.7651	3764.0795
9988	90415.5693	-40339.4046	3518.8322	2108.7651	3764.4532
9989	90424.7296	-40343.4157	3518.8322	2108.7651	3764.8270
9990	90433.8899	-40347.4269	3518.8322	2108.7651	3765.2008
9991	90443.0502	-40351.4380	3518.8322	2108.7651	3765.5746
9992	90452.2105	-40355.4491	3518.8322	2108.7651	3765.9484
9993	90461.3707	-40359.4602	3518.8322	2108.7651	3766.3222
9994	90470.5310	-40363.4713	3518.8322	2108.7651	3766.6960
9995	90479.6913	-40367.4824	3518.8322	2108.7651	3767.0697
9996	90488.8516	-40371.4935	3518.8322	2108.7651	3767.4435
9997	90498.0119	-40375.5046	3518.8322	2108.7651	3767.8173
9998	90507.1722	-40379.5157	3518.8322	2108.7651	3768.1911
9999	90516.3325	-40383.5268	3518.8322	2108.7651	3768.5649
