massloading(kg/m2)	area(sqkm)	sqrtA(km)	dist_from_vent(m)	x(m)	y(m)	dir(deg)	Mean(phi)	F(percent)
1.1742e+03	0.0400	0.2000	27938.0000	37.00	-163.00	167.2	-1.6971	4.0869
7.9289e+02	0.1200	0.3464	82738.0000	237.00	-163.00	124.5	-1.6295	4.1048
5.6489e+02	0.2000	0.4472	187938.0000	237.00	-363.00	146.9	-1.4402	6.5823
4.8248e+02	0.3200	0.5657	373138.0000	237.00	-563.00	157.2	-1.2782	9.9892
4.3364e+02	0.4000	0.6325	507938.0000	437.00	-563.00	142.2	-1.2399	10.0738
3.7999e+02	0.5600	0.7483	773138.0000	437.00	-763.00	150.2	-1.1955	9.8979
3.1082e+02	0.7200	0.8485	987938.0000	637.00	-763.00	140.1	-1.1402	10.6291
3.0918e+02	0.7600	0.8718	1118338.0000	437.00	-963.00	155.6	-1.1292	10.6298
2.8294e+02	0.9200	0.9592	1333138.0000	637.00	-963.00	146.5	-1.0681	11.5913
2.5313e+02	0.9600	0.9798	1543538.0000	437.00	-1163.00	159.4	-1.1011	10.5321
2.4713e+02	1.0400	1.0198	1758338.0000	637.00	-1163.00	151.3	-1.0112	12.3285
2.2640e+02	1.2800	1.1314	2053138.0000	837.00	-1163.00	144.3	-0.9905	12.4763
2.1171e+02	1.4000	1.1832	2263538.0000	637.00	-1363.00	155.0	-0.9692	12.8084
2.0150e+02	1.5200	1.2329	2558338.0000	837.00	-1363.00	148.4	-0.9315	13.3711
1.8701e+02	1.7200	1.3115	2933138.0000	1037.00	-1363.00	142.7	-0.9244	13.2352
1.8546e+02	1.7600	1.3266	3143538.0000	837.00	-1563.00	151.8	-0.8957	13.7714
1.8310e+02	1.8000	1.3416	3518338.0000	1037.00	-1563.00	146.4	-0.8884	13.6337
1.7083e+02	1.9600	1.4000	3973138.0000	1237.00	-1563.00	141.6	-0.9026	13.0169
1.6776e+02	2.1600	1.4697	4183538.0000	1037.00	-1763.00	149.5	-0.8546	13.9883
1.6365e+02	2.2400	1.4967	4638338.0000	1237.00	-1763.00	144.9	-0.8643	13.4192
1.5032e+02	2.4800	1.5748	5383538.0000	1237.00	-1963.00	147.8	-0.8136	14.2845
1.4349e+02	2.7200	1.6492	5918338.0000	1437.00	-1963.00	143.8	-0.8171	13.9379
1.3512e+02	2.8800	1.6971	6208738.0000	1237.00	-2163.00	150.2	-0.7683	15.1013
1.3434e+02	2.9200	1.7088	6743538.0000	1437.00	-2163.00	146.4	-0.7731	14.6500
1.2709e+02	3.3200	1.8221	7358338.0000	1637.00	-2163.00	142.9	-0.7745	14.3844
1.2330e+02	3.4400	1.8547	7648738.0000	1437.00	-2363.00	148.7	-0.7335	15.3209
1.1941e+02	3.6800	1.9183	8263538.0000	1637.00	-2363.00	145.3	-0.7184	15.5114
1.1229e+02	3.9200	1.9799	8958338.0000	1837.00	-2363.00	142.1	-0.7183	15.2594
1.1094e+02	4.0000	2.0000	9248738.0000	1637.00	-2563.00	147.4	-0.6783	16.2500
1.0627e+02	4.1600	2.0396	9943538.0000	1837.00	-2563.00	144.4	-0.6607	16.4956
1.0047e+02	4.6000	2.1448	10313938.0000	1637.00	-2763.00	149.4	-0.6279	17.3902
9.8871e+01	4.6800	2.1633	10718338.0000	2037.00	-2563.00	141.5	-0.6525	16.4042
9.8036e+01	4.8000	2.1909	11008738.0000	1837.00	-2763.00	146.4	-0.5998	17.9264
9.3617e+01	5.0000	2.2361	11783538.0000	2037.00	-2763.00	143.6	-0.5903	17.8543
8.9855e+01	5.2000	2.2804	12153938.0000	1837.00	-2963.00	148.2	-0.5537	18.9982
8.7950e+01	5.3600	2.3152	12928738.0000	2037.00	-2963.00	145.5	-0.5410	19.0299
8.2708e+01	5.8000	2.4083	14153938.0000	2037.00	-3163.00	147.2	-0.5115	19.6752
7.9042e+01	6.3200	2.5140	15008738.0000	2237.00	-3163.00	144.7	-0.4857	20.0798
7.6138e+01	6.5200	2.5534	15459138.0000	2037.00	-3363.00	148.8	-0.4785	20.4468
7.5537e+01	6.6400	2.5768	16313938.0000	2237.00	-3363.00	146.4	-0.4615	20.6397
7.2725e+01	6.9200	2.6306	17248738.0000	2437.00	-3363.00	144.1	-0.4470	20.7128
7.0274e+01	7.2400	2.6907	17699138.0000	2237.00	-3563.00	147.9	-0.4321	21.3546
6.9887e+01	7.2800	2.6981	18633938.0000	2437.00	-3563.00	145.6	-0.4237	21.2842
6.7803e+01	7.6000	2.7568	19648738.0000	2637.00	-3563.00	143.5	-0.4200	21.0376
6.5658e+01	7.9200	2.8142	20743538.0000	2837.00	-3563.00	141.5	-0.4364	20.1605
6.4861e+01	8.0800	2.8425	21113938.0000	2637.00	-3763.00	145.0	-0.3932	21.7355
6.3628e+01	8.3200	2.8844	22208738.0000	2837.00	-3763.00	143.0	-0.4045	21.0299
6.1092e+01	8.6400	2.9394	23383538.0000	3037.00	-3763.00	141.1	-0.4106	20.4694
6.0271e+01	8.8000	2.9665	23753938.0000	2837.00	-3963.00	144.4	-0.3640	22.1842
5.8886e+01	9.0000	3.0000	24928738.0000	3037.00	-3963.00	142.5	-0.3693	21.6698
5.6613e+01	9.6800	3.1113	26183538.0000	3237.00	-3963.00	140.8	-0.3769	21.0589
5.5862e+01	9.8800	3.1432	26553938.0000	3037.00	-4163.00	143.9	-0.3292	22.8550
5.4545e+01	10.2000	3.1937	27808738.0000	3237.00	-4163.00	142.1	-0.3342	22.3508
5.2751e+01	10.6000	3.2558	29143538.0000	3437.00	-4163.00	140.5	-0.3506	21.4556
5.1875e+01	10.8400	3.2924	29513938.0000	3237.00	-4363.00	143.4	-0.2931	23.6190
5.0773e+01	11.1600	3.3407	30848738.0000	3437.00	-4363.00	141.8	-0.3051	22.8753
4.9040e+01	11.4400	3.3823	32263538.0000	3637.00	-4363.00	140.2	-0.3149	22.1942
4.8278e+01	11.7600	3.4293	32633938.0000	3437.00	-4563.00	143.0	-0.2583	24.3837
4.7251e+01	12.0400	3.4699	34048738.0000	3637.00	-4563.00	141.4	-0.2698	23.6543
4.5823e+01	12.5200	3.5384	35543538.0000	3837.00	-4563.00	139.9	-0.2869	22.7216
4.5058e+01	12.7600	3.5721	35913938.0000	3637.00	-4763.00	142.6	-0.2268	25.0801
4.4197e+01	13.0800	3.6166	37408738.0000	3837.00	-4763.00	141.1	-0.2435	24.1621
4.2823e+01	13.4400	3.6661	38983538.0000	4037.00	-4763.00	139.7	-0.2533	23.4843
4.2189e+01	13.8400	3.7202	39353938.0000	3837.00	-4963.00	142.3	-0.1987	25.6930
4.1328e+01	14.2800	3.7789	40928738.0000	4037.00	-4963.00	140.9	-0.2092	24.9946
4.0174e+01	14.8400	3.8523	42583538.0000	4237.00	-4963.00	139.5	-0.2244	24.1209
3.9551e+01	15.2000	3.8987	42953938.0000	4037.00	-5163.00	142.0	-0.1681	26.4347
3.8779e+01	15.5200	3.9395	44608738.0000	4237.00	-5163.00	140.6	-0.1793	25.7124
3.7727e+01	15.9600	3.9950	46343538.0000	4437.00	-5163.00	139.3	-0.1928	24.8966
3.7139e+01	16.2800	4.0348	46713938.0000	4237.00	-5363.00	141.7	-0.1370	27.2332
3.6500e+01	16.6800	4.0841	48158338.0000	4637.00	-5163.00	138.1	-0.2110	23.9011
3.6451e+01	16.7600	4.0939	48448738.0000	4437.00	-5363.00	140.4	-0.1489	26.4826
3.5514e+01	17.0400	4.1280	50263538.0000	4637.00	-5363.00	139.2	-0.1627	25.6559
3.4897e+01	17.4800	4.1809	50633938.0000	4437.00	-5563.00	141.4	-0.1035	28.1712
3.4407e+01	17.6000	4.1952	52158338.0000	4837.00	-5363.00	138.0	-0.1795	24.7059
3.4290e+01	17.6800	4.2048	52448738.0000	4637.00	-5563.00	140.2	-0.1164	27.3777
3.3461e+01	18.4000	4.2895	54343538.0000	4837.00	-5563.00	139.0	-0.1307	26.5273
3.2810e+01	19.0800	4.3681	54713938.0000	4637.00	-5763.00	141.2	-0.0679	29.2349
3.2458e+01	19.3200	4.3955	56318338.0000	5037.00	-5563.00	137.8	-0.1461	25.6272
3.2299e+01	19.4000	4.4045	56608738.0000	4837.00	-5763.00	140.0	-0.0834	28.3365
3.1567e+01	19.8400	4.4542	58583538.0000	5037.00	-5763.00	138.8	-0.0982	27.4624
3.0900e+01	20.3600	4.5122	58953938.0000	4837.00	-5963.00	141.0	-0.0335	30.2988
3.0656e+01	20.4800	4.5255	60638338.0000	5237.00	-5763.00	137.7	-0.1122	26.6134
3.0432e+01	20.6000	4.5387	60928738.0000	5037.00	-5963.00	139.8	-0.0480	29.4428
2.9810e+01	21.0400	4.5869	62983538.0000	5237.00	-5963.00	138.7	-0.0650	28.4755
2.9217e+01	21.5200	4.6390	63353938.0000	5037.00	-6163.00	140.7	-0.0051	31.1539
2.8996e+01	21.5600	4.6433	65118338.0000	5437.00	-5963.00	137.6	-0.0788	27.6329
2.8781e+01	21.7600	4.6648	65408738.0000	5237.00	-6163.00	139.6	-0.0182	30.3567
2.8161e+01	22.5200	4.7455	67543538.0000	5437.00	-6163.00	138.6	-0.0298	29.6157
2.7561e+01	23.2000	4.8166	67913938.0000	5237.00	-6363.00	140.5	0.0310	32.3753
2.7489e+01	23.3600	4.8332	69758338.0000	5637.00	-6163.00	137.6	-0.0478	28.5950
2.7184e+01	23.6400	4.8621	70048738.0000	5437.00	-6363.00	139.5	0.0171	31.5480
2.6684e+01	24.0400	4.9031	72263538.0000	5637.00	-6363.00	138.5	0.0012	30.6253
2.6124e+01	24.5600	4.9558	72633938.0000	5437.00	-6563.00	140.4	0.0592	33.3002
2.6036e+01	24.6400	4.9639	74558338.0000	5837.00	-6363.00	137.5	-0.0123	29.8010
2.5728e+01	24.9200	4.9920	74848738.0000	5637.00	-6563.00	139.3	0.0502	32.6930
2.5300e+01	25.3600	5.0359	76933138.0000	6037.00	-6363.00	136.5	-0.0262	28.9541
2.5280e+01	25.4000	5.0398	77143538.0000	5837.00	-6563.00	138.4	0.0350	31.8016
2.4740e+01	26.0400	5.1029	79518338.0000	6037.00	-6563.00	137.4	0.0185	30.8419
2.4374e+01	26.4000	5.1381	79808738.0000	5837.00	-6763.00	139.2	0.0835	33.8869
2.4064e+01	26.6400	5.1614	81973138.0000	6237.00	-6563.00	136.5	0.0064	30.0793
2.4034e+01	26.7600	5.1730	82183538.0000	6037.00	-6763.00	138.2	0.0637	32.7853
2.3471e+01	27.6400	5.2574	84638338.0000	6237.00	-6763.00	137.3	0.0546	32.1743
2.3135e+01	28.0800	5.2991	84928738.0000	6037.00	-6963.00	139.1	0.1149	35.0368
2.2904e+01	28.4400	5.3329	87173138.0000	6437.00	-6763.00	136.4	0.0395	31.2770
2.2799e+01	28.5600	5.3442	87383538.0000	6237.00	-6963.00	138.1	0.0988	34.1084
2.2359e+01	29.0800	5.3926	89918338.0000	6437.00	-6963.00	137.2	0.0842	33.2438
2.2022e+01	29.6000	5.4406	90208738.0000	6237.00	-7163.00	139.0	0.1426	36.0490
2.1870e+01	29.8400	5.4626	92533138.0000	6637.00	-6963.00	136.4	0.0677	32.2742
2.1667e+01	30.2000	5.4955	92743538.0000	6437.00	-7163.00	138.1	0.1319	35.3864
2.1339e+01	30.5600	5.5281	95358338.0000	6637.00	-7163.00	137.2	0.1118	34.2491
2.0893e+01	31.3600	5.6000	95648738.0000	6437.00	-7363.00	138.8	0.1783	37.4812
2.0829e+01	31.4400	5.6071	98053138.0000	6837.00	-7163.00	136.3	0.1030	33.6686
2.0642e+01	31.7200	5.6321	98263538.0000	6637.00	-7363.00	138.0	0.1620	36.5529
2.0377e+01	32.0400	5.6604	100827938.0000	7037.00	-7163.00	135.5	0.0835	32.5262
2.0311e+01	32.2000	5.6745	100958338.0000	6837.00	-7363.00	137.1	0.1465	35.6465
1.9937e+01	32.8800	5.7341	103733138.0000	7037.00	-7363.00	136.3	0.1295	34.6474
1.9682e+01	33.6000	5.7966	103943538.0000	6837.00	-7563.00	137.9	0.1921	37.7544
1.9488e+01	33.7200	5.8069	106587938.0000	7237.00	-7363.00	135.5	0.1153	33.7841
1.9383e+01	34.0000	5.8310	106718338.0000	7037.00	-7563.00	137.1	0.1775	36.8986
1.9037e+01	34.6400	5.8856	109573138.0000	7237.00	-7563.00	136.3	0.1625	36.0063
1.8762e+01	35.3200	5.9431	109783538.0000	7037.00	-7763.00	137.8	0.2240	39.0832
1.8644e+01	35.6000	5.9666	112507938.0000	7437.00	-7563.00	135.5	0.1478	35.1205
1.8520e+01	35.7600	5.9800	112537538.0000	7637.00	-7363.00	134.0	0.0834	31.8165
1.8506e+01	35.8000	5.9833	112638338.0000	7237.00	-7763.00	137.0	0.2091	38.2194
1.8224e+01	36.3200	6.0266	115522738.0000	7637.00	-7563.00	134.7	0.1325	34.1794
1.8209e+01	36.4000	6.0332	115573138.0000	7437.00	-7763.00	136.2	0.1933	37.2892
1.7983e+01	37.0400	6.0860	115632338.0000	7837.00	-7363.00	133.2	0.0700	30.9491
1.7957e+01	37.0800	6.0893	115783538.0000	7237.00	-7963.00	137.7	0.2499	40.1371
1.7868e+01	37.1600	6.0959	118587938.0000	7637.00	-7763.00	135.5	0.1779	36.3635
1.7770e+01	37.3200	6.1090	118617538.0000	7837.00	-7563.00	134.0	0.1179	33.2646
1.7752e+01	37.4000	6.1156	118718338.0000	7437.00	-7963.00	137.0	0.2328	39.1508
1.7490e+01	37.7600	6.1449	121733138.0000	7637.00	-7963.00	136.2	0.2166	38.1989
1.7301e+01	38.4400	6.2000	121792338.0000	8037.00	-7563.00	133.3	0.1022	32.2654
1.7190e+01	38.8000	6.2290	121943538.0000	7437.00	-8163.00	137.7	0.2764	41.2503
1.7133e+01	38.8400	6.2322	124827938.0000	7837.00	-7963.00	135.5	0.2080	37.6472
1.7076e+01	39.1200	6.2546	124857538.0000	8037.00	-7763.00	134.0	0.1495	34.5934
1.6996e+01	39.2800	6.2674	124958338.0000	7637.00	-8163.00	136.9	0.2613	40.3710
1.6802e+01	39.7600	6.3056	125047138.0000	8237.00	-7563.00	132.6	0.0888	31.3717
1.6796e+01	39.8000	6.3087	128002738.0000	8037.00	-7963.00	134.7	0.1930	36.7294
1.6745e+01	40.0000	6.3246	128053138.0000	7837.00	-8163.00	136.2	0.2480	39.5827
1.6640e+01	40.1600	6.3372	128112338.0000	8237.00	-7763.00	133.3	0.1366	33.7500
1.6460e+01	40.7200	6.3812	131227938.0000	8037.00	-8163.00	135.4	0.2349	38.7828
1.6424e+01	40.8000	6.3875	131257538.0000	8237.00	-7963.00	134.0	0.1797	35.8832
1.6224e+01	41.4000	6.4343	131358338.0000	7837.00	-8363.00	136.9	0.2972	42.0357
1.6198e+01	41.5200	6.4436	131447138.0000	8437.00	-7763.00	132.6	0.1210	32.7342
1.6141e+01	41.6000	6.4498	134482738.0000	8237.00	-8163.00	134.7	0.2226	38.0189
1.6041e+01	41.7200	6.4591	134592338.0000	8437.00	-7963.00	133.3	0.1644	34.8988
1.5814e+01	42.2400	6.4992	137817538.0000	8437.00	-8163.00	134.1	0.2079	37.0927
1.5621e+01	42.9600	6.5544	138007138.0000	8637.00	-7963.00	132.7	0.1535	34.1557
1.5507e+01	43.2400	6.5757	141122738.0000	8437.00	-8363.00	134.7	0.2541	39.4608
1.5450e+01	43.3200	6.5818	141232338.0000	8637.00	-8163.00	133.4	0.1962	36.3266
1.5202e+01	43.8000	6.6182	144537538.0000	8637.00	-8363.00	134.1	0.2420	38.6967
1.5067e+01	44.5600	6.6753	144727138.0000	8837.00	-8163.00	132.7	0.1860	35.6281
1.4892e+01	45.1200	6.7171	147922738.0000	8637.00	-8563.00	134.8	0.2875	41.0661
1.4882e+01	45.1600	6.7201	148032338.0000	8837.00	-8363.00	133.4	0.2292	37.8702
1.4666e+01	45.9600	6.7794	148301938.0000	9037.00	-8163.00	132.1	0.1790	35.1132
1.4620e+01	46.0800	6.7882	151417538.0000	8837.00	-8563.00	134.1	0.2758	40.3327
1.4535e+01	46.2800	6.8029	151607138.0000	9037.00	-8363.00	132.8	0.2194	37.2047
1.4327e+01	46.9200	6.8498	154992338.0000	9037.00	-8563.00	133.5	0.2652	39.6474
1.4176e+01	47.6000	6.8993	155261938.0000	9237.00	-8363.00	132.2	0.2099	36.5448
1.4059e+01	47.8800	6.9195	158457538.0000	9037.00	-8763.00	134.1	0.3111	42.1104
1.4023e+01	48.0400	6.9311	158647138.0000	9237.00	-8563.00	132.8	0.2531	38.8561
1.3805e+01	48.6400	6.9742	162112338.0000	9237.00	-8763.00	133.5	0.2988	41.3325
1.3692e+01	49.4400	7.0314	162381938.0000	9437.00	-8563.00	132.2	0.2462	38.3647
1.3561e+01	49.9200	7.0654	165657538.0000	9237.00	-8963.00	134.1	0.3381	43.4153
1.3531e+01	50.0000	7.0711	165847138.0000	9437.00	-8763.00	132.9	0.2875	40.6008
1.3359e+01	50.6000	7.1134	166196738.0000	9637.00	-8563.00	131.6	0.2362	37.6575
1.3320e+01	50.7600	7.1246	169392338.0000	9437.00	-8963.00	133.5	0.3288	42.8354
1.3230e+01	51.0800	7.1470	169661938.0000	9637.00	-8763.00	132.3	0.2815	40.1809
1.3071e+01	51.8000	7.1972	173017538.0000	9437.00	-9163.00	134.2	0.3685	44.9700
1.3057e+01	51.8800	7.2028	173207138.0000	9637.00	-8963.00	132.9	0.3226	42.4434
1.2931e+01	52.3200	7.2333	173556738.0000	9837.00	-8763.00	131.7	0.2702	39.4064
1.2853e+01	52.6000	7.2526	176832338.0000	9637.00	-9163.00	133.6	0.3597	44.4446
1.2799e+01	52.7600	7.2636	177101938.0000	9837.00	-8963.00	132.3	0.3109	41.6669
1.2627e+01	53.6400	7.3239	180727138.0000	9837.00	-9163.00	133.0	0.3495	43.7978
1.2515e+01	54.3600	7.3729	181076738.0000	10037.00	-8963.00	131.8	0.3058	41.3130
1.2394e+01	54.9600	7.4135	184432338.0000	9837.00	-9363.00	133.6	0.3937	46.3003
1.2383e+01	55.0800	7.4216	184701938.0000	10037.00	-9163.00	132.4	0.3414	43.2769
1.2230e+01	55.7200	7.4646	185131538.0000	10237.00	-8963.00	131.2	0.2947	40.5399
1.2179e+01	55.9200	7.4780	188407138.0000	10037.00	-9363.00	133.0	0.3886	46.0132
1.2123e+01	56.1600	7.4940	188756738.0000	10237.00	-9163.00	131.8	0.3359	42.9102
1.1974e+01	56.9200	7.5445	192461938.0000	10237.00	-9363.00	132.4	0.3755	45.1779
1.1859e+01	57.5200	7.5842	192891538.0000	10437.00	-9163.00	131.3	0.3275	42.3331
1.1777e+01	57.8000	7.6026	196247138.0000	10237.00	-9563.00	133.1	0.4180	47.6374
1.1742e+01	57.9200	7.6105	196596738.0000	10437.00	-9363.00	131.9	0.3682	44.7137
1.1583e+01	59.0400	7.6837	200381938.0000	10437.00	-9563.00	132.5	0.4094	47.1229
1.1500e+01	59.5600	7.7175	200811538.0000	10637.00	-9363.00	131.4	0.3609	44.2228
1.1392e+01	59.9600	7.7434	204247138.0000	10437.00	-9763.00	133.1	0.4474	49.3073
1.1377e+01	60.0800	7.7511	204596738.0000	10637.00	-9563.00	132.0	0.4003	46.5510
1.1246e+01	60.7200	7.7923	205106338.0000	10837.00	-9363.00	130.8	0.3559	43.8800
1.1214e+01	60.8000	7.7974	208461938.0000	10637.00	-9763.00	132.5	0.4399	48.8861
1.1154e+01	61.2800	7.8282	208891538.0000	10837.00	-9563.00	131.4	0.3937	46.1290
1.1024e+01	61.9200	7.8689	212756738.0000	10837.00	-9763.00	132.0	0.4323	48.4381
1.0923e+01	62.5600	7.9095	213266338.0000	11037.00	-9563.00	130.9	0.3903	45.9246
1.0857e+01	62.9200	7.9322	216701938.0000	10837.00	-9963.00	132.6	0.4712	50.7497
1.0822e+01	63.1600	7.9473	217131538.0000	11037.00	-9763.00	131.5	0.4270	48.1313
1.0685e+01	63.9600	7.9975	221076738.0000	11037.00	-9963.00	132.1	0.4646	50.3900
1.0610e+01	64.5600	8.0349	221586338.0000	11237.00	-9763.00	131.0	0.4255	48.0885
1.0511e+01	65.1600	8.0722	225101938.0000	11037.00	-10163.00	132.6	0.5053	52.8670
1.0502e+01	65.2400	8.0771	225531538.0000	11237.00	-9963.00	131.6	0.4594	50.1225
1.0389e+01	65.9600	8.1216	226121138.0000	11437.00	-9763.00	130.5	0.4186	47.6363
1.0359e+01	66.1200	8.1314	229556738.0000	11237.00	-10163.00	132.1	0.4983	52.5111
1.0308e+01	66.4400	8.1511	230066338.0000	11437.00	-9963.00	131.1	0.4546	49.8605
1.0194e+01	67.2000	8.1976	234091538.0000	11437.00	-10163.00	131.6	0.4921	52.1885
1.0106e+01	68.0000	8.2462	234681138.0000	11637.00	-9963.00	130.6	0.4510	49.6810
1.0046e+01	68.4000	8.2704	238196738.0000	11437.00	-10363.00	132.2	0.5305	54.5626
1.0018e+01	68.6000	8.2825	238706338.0000	11637.00	-10163.00	131.1	0.4869	51.9234
9.8998e+00	69.5600	8.3403	239375938.0000	11837.00	-9963.00	130.1	0.4506	49.7213
9.8987e+00	69.6000	8.3427	242811538.0000	11637.00	-10363.00	131.7	0.5241	54.2520
9.8338e+00	69.9600	8.3642	243401138.0000	11837.00	-10163.00	130.6	0.4835	51.7790
9.7438e+00	70.4000	8.3905	246996738.0000	11637.00	-10563.00	132.2	0.5645	56.7877
9.7396e+00	70.4400	8.3929	247506338.0000	11837.00	-10363.00	131.2	0.5192	54.0338
9.6411e+00	71.2800	8.4427	248175938.0000	12037.00	-10163.00	130.2	0.4809	51.6820
9.6150e+00	71.4400	8.4522	251691538.0000	11837.00	-10563.00	131.7	0.5563	56.3749
9.5714e+00	71.8000	8.4735	252281138.0000	12037.00	-10363.00	130.7	0.5157	53.9109
9.4719e+00	72.6000	8.5206	256466338.0000	12037.00	-10563.00	131.3	0.5518	56.2143
9.3949e+00	73.4400	8.5697	257135938.0000	12237.00	-10363.00	130.3	0.5132	53.8458
9.3426e+00	73.8000	8.5907	260731538.0000	12037.00	-10763.00	131.8	0.5876	58.4748
9.3191e+00	73.9200	8.5977	261321138.0000	12237.00	-10563.00	130.8	0.5480	56.0930
9.2148e+00	74.7200	8.6441	265586338.0000	12237.00	-10763.00	131.3	0.5854	58.5217
9.1573e+00	75.2800	8.6764	266255938.0000	12437.00	-10563.00	130.3	0.5450	56.0155
9.0784e+00	75.6400	8.6971	269931538.0000	12237.00	-10963.00	131.9	0.6227	60.8935
9.0780e+00	75.6800	8.6994	270521138.0000	12437.00	-10763.00	130.9	0.5814	58.4127
8.9884e+00	76.5600	8.7499	271270738.0000	12637.00	-10563.00	129.9	0.5434	56.0323
8.9663e+00	76.6400	8.7544	274866338.0000	12437.00	-10963.00	131.4	0.6185	60.8116
8.9290e+00	77.0000	8.7750	275535938.0000	12637.00	-10763.00	130.4	0.5769	58.2322
8.8438e+00	77.9600	8.8295	279881138.0000	12637.00	-10963.00	130.9	0.6124	60.5705
8.7743e+00	78.7600	8.8747	280630738.0000	12837.00	-10763.00	130.0	0.5751	58.2602
8.7283e+00	79.1600	8.8972	284306338.0000	12637.00	-11163.00	131.5	0.6488	62.9264
8.7119e+00	79.2800	8.9039	284975938.0000	12837.00	-10963.00	130.5	0.6101	60.5972
8.6192e+00	79.9200	8.9398	289401138.0000	12837.00	-11163.00	131.0	0.6456	62.9272
8.5677e+00	80.6400	8.9800	290150738.0000	13037.00	-10963.00	130.1	0.6063	60.4884
8.5013e+00	81.2000	9.0111	294575938.0000	13037.00	-11163.00	130.6	0.6429	62.9542
8.4188e+00	82.1200	9.0620	295405538.0000	13237.00	-10963.00	129.6	0.6052	60.5793
8.4022e+00	82.4000	9.0774	299081138.0000	13037.00	-11363.00	131.1	0.6745	64.9861
8.3679e+00	82.5600	9.0863	299830738.0000	13237.00	-11163.00	130.1	0.6367	62.6852
8.2949e+00	83.3200	9.1280	304335938.0000	13237.00	-11363.00	130.6	0.6707	64.9496
8.2317e+00	84.2800	9.1804	305165538.0000	13437.00	-11163.00	129.7	0.6356	62.7979
8.1934e+00	84.5600	9.1957	308921138.0000	13237.00	-11563.00	131.1	0.7038	67.0960
8.1768e+00	84.8400	9.2109	309670738.0000	13437.00	-11363.00	130.2	0.6675	64.9341
8.0983e+00	85.4000	9.2412	314255938.0000	13437.00	-11563.00	130.7	0.7013	67.1745
8.0507e+00	86.0800	9.2779	315085538.0000	13637.00	-11363.00	129.8	0.6654	64.9859
7.9921e+00	86.6400	9.3081	318921138.0000	13437.00	-11763.00	131.2	0.7315	69.0936
7.9890e+00	86.6800	9.3102	319670738.0000	13637.00	-11563.00	130.3	0.6958	67.0015
7.9187e+00	87.2400	9.3402	320580338.0000	13837.00	-11363.00	129.4	0.6647	65.1390
7.9064e+00	87.3200	9.3445	324335938.0000	13637.00	-11763.00	130.8	0.7283	69.1384
7.8754e+00	87.8400	9.3723	325165538.0000	13837.00	-11563.00	129.9	0.6944	67.1278
7.8089e+00	88.6800	9.4170	329830738.0000	13837.00	-11763.00	130.4	0.7242	69.0943
7.7541e+00	89.6000	9.4657	330740338.0000	14037.00	-11563.00	129.5	0.6935	67.2810
7.7223e+00	89.8800	9.4805	334575938.0000	13837.00	-11963.00	130.8	0.7562	71.1731
7.7062e+00	90.1200	9.4932	335405538.0000	14037.00	-11763.00	130.0	0.7228	69.2391
7.6346e+00	90.7200	9.5247	340150738.0000	14037.00	-11963.00	130.4	0.7518	71.1229
7.5949e+00	91.3600	9.5582	341060338.0000	14237.00	-11763.00	129.6	0.7216	69.3850
7.5411e+00	92.0000	9.5917	345805538.0000	14237.00	-11963.00	130.0	0.7500	71.2525
7.4770e+00	92.8400	9.6354	346795138.0000	14437.00	-11763.00	129.2	0.7212	69.5781
7.4654e+00	92.9600	9.6416	350630738.0000	14237.00	-12163.00	130.5	0.7783	73.0692
7.4401e+00	93.0800	9.6478	351540338.0000	14437.00	-11963.00	129.6	0.7489	71.4195
7.3816e+00	93.8000	9.6850	356365538.0000	14437.00	-12163.00	130.1	0.7766	73.2218
7.3327e+00	94.7200	9.7324	357355138.0000	14637.00	-11963.00	129.3	0.7485	71.6334
7.3018e+00	95.2400	9.7591	361270738.0000	14437.00	-12363.00	130.6	0.8042	74.9631
7.2903e+00	95.3200	9.7632	362180338.0000	14637.00	-12163.00	129.7	0.7755	73.4047
7.2265e+00	96.0800	9.8020	367085538.0000	14637.00	-12363.00	130.2	0.8023	75.1134
7.1915e+00	96.6400	9.8306	368075138.0000	14837.00	-12163.00	129.3	0.7748	73.5992
7.1443e+00	97.4400	9.8712	372070738.0000	14637.00	-12563.00	130.6	0.8300	76.8404
7.1433e+00	97.4800	9.8732	372980338.0000	14837.00	-12363.00	129.8	0.8008	75.2742
7.0854e+00	98.2000	9.9096	374049938.0000	15037.00	-12163.00	129.0	0.7744	73.8076
7.0777e+00	98.3200	9.9156	377965538.0000	14837.00	-12563.00	130.3	0.8281	76.9971
7.0528e+00	98.5200	9.9257	378955138.0000	15037.00	-12363.00	129.4	0.7998	75.4593
7.0020e+00	98.9200	9.9459	383940338.0000	15037.00	-12563.00	129.9	0.8260	77.1236
6.9542e+00	99.8800	9.9940	385009938.0000	15237.00	-12363.00	129.1	0.7989	75.6388
6.9330e+00	100.2000	10.0100	389005538.0000	15037.00	-12763.00	130.3	0.8531	78.8029
6.9204e+00	100.6000	10.0300	389995138.0000	15237.00	-12563.00	129.5	0.8250	77.3180
6.8664e+00	101.4800	10.0737	395060338.0000	15237.00	-12763.00	130.0	0.8512	78.9545
6.8320e+00	101.9200	10.0955	396129938.0000	15437.00	-12563.00	129.1	0.8244	77.5291
6.7914e+00	102.6800	10.1331	401195138.0000	15437.00	-12763.00	129.6	0.8494	79.0950
6.7363e+00	103.4800	10.1725	402344738.0000	15637.00	-12563.00	128.8	0.8241	77.7411
6.7310e+00	103.6000	10.1784	406340338.0000	15437.00	-12963.00	130.0	0.8743	80.5984
6.7097e+00	103.7600	10.1863	407409938.0000	15637.00	-12763.00	129.2	0.8482	79.2667
6.6638e+00	104.4400	10.2196	412555138.0000	15637.00	-12963.00	129.7	0.8724	80.7437
6.6205e+00	105.3600	10.2645	413704738.0000	15837.00	-12763.00	128.9	0.8473	79.4396
6.5988e+00	105.6000	10.2762	417780338.0000	15637.00	-13163.00	130.1	0.8965	82.1518
6.5892e+00	105.6800	10.2801	418849938.0000	15837.00	-12963.00	129.3	0.8709	80.8969
6.5385e+00	106.5200	10.3209	424075138.0000	15837.00	-13163.00	129.7	0.8945	82.2874
6.5072e+00	106.9600	10.3421	425224738.0000	16037.00	-12963.00	128.9	0.8697	81.0537
6.4710e+00	107.4400	10.3653	430449938.0000	16037.00	-13163.00	129.4	0.8928	82.4351
6.4182e+00	108.6400	10.4231	431679538.0000	16237.00	-12963.00	128.6	0.8688	81.2173
6.4159e+00	108.7600	10.4288	435755138.0000	16037.00	-13363.00	129.8	0.9158	83.7466
6.3964e+00	109.2000	10.4499	436904738.0000	16237.00	-13163.00	129.0	0.8915	82.5892
6.3551e+00	109.9200	10.4843	442209938.0000	16237.00	-13363.00	129.5	0.9140	83.8841
6.3148e+00	110.4800	10.5109	443439538.0000	16437.00	-13163.00	128.7	0.8905	82.7452
6.2960e+00	111.0800	10.5394	447595138.0000	16237.00	-13563.00	129.9	0.9364	85.1187
6.2870e+00	111.2000	10.5451	448744738.0000	16437.00	-13363.00	129.1	0.9124	84.0231
6.2410e+00	111.8000	10.5736	454129938.0000	16437.00	-13563.00	129.5	0.9343	85.2367
6.2114e+00	112.4000	10.6019	455359538.0000	16637.00	-13363.00	128.8	0.9110	84.1526
6.1787e+00	113.1600	10.6377	460744738.0000	16637.00	-13563.00	129.2	0.9324	85.3536
6.1285e+00	114.2000	10.6864	466209938.0000	16637.00	-13763.00	129.6	0.9537	86.4902
6.1090e+00	114.5200	10.7014	467439538.0000	16837.00	-13563.00	128.9	0.9306	85.4643
6.0720e+00	115.4400	10.7443	472904738.0000	16837.00	-13763.00	129.3	0.9516	86.5945
6.0318e+00	116.0800	10.7740	474214338.0000	17037.00	-13563.00	128.5	0.9290	85.5691
6.0181e+00	116.5200	10.7944	478449938.0000	16837.00	-13963.00	129.7	0.9726	87.6630
6.0083e+00	116.6800	10.8019	479679538.0000	17037.00	-13763.00	128.9	0.9497	86.6948
5.9671e+00	117.5600	10.8425	485224738.0000	17037.00	-13963.00	129.3	0.9703	87.7548
5.9372e+00	118.2000	10.8720	486534338.0000	17237.00	-13763.00	128.6	0.9480	86.7889
5.9096e+00	118.6000	10.8904	490849938.0000	17037.00	-14163.00	129.7	0.9909	88.7557
5.9086e+00	118.6400	10.8922	492079538.0000	17237.00	-13963.00	129.0	0.9681	87.8364
5.8635e+00	119.5200	10.9325	497704738.0000	17237.00	-14163.00	129.4	0.9883	88.8277
5.8434e+00	119.9600	10.9526	499014338.0000	17437.00	-13963.00	128.7	0.9662	87.9208
5.8103e+00	120.4400	10.9745	504639538.0000	17437.00	-14163.00	129.1	0.9860	88.8965
5.7714e+00	121.4400	11.0200	506029138.0000	17637.00	-13963.00	128.4	0.9646	88.0037
5.7608e+00	121.7200	11.0327	510344738.0000	17437.00	-14363.00	129.5	1.0056	89.8107
5.7504e+00	122.0000	11.0454	511654338.0000	17637.00	-14163.00	128.8	0.9840	88.9692
5.7126e+00	122.9200	11.0869	517359538.0000	17637.00	-14363.00	129.2	1.0032	89.8699
5.6834e+00	123.6400	11.1194	518749138.0000	17837.00	-14163.00	128.5	0.9821	89.0364
5.6596e+00	124.1600	11.1427	523144738.0000	17637.00	-14563.00	129.5	1.0225	90.7185
5.6579e+00	124.2000	11.1445	524454338.0000	17837.00	-14363.00	128.8	1.0011	89.9351
5.6161e+00	125.0800	11.1839	530239538.0000	17837.00	-14563.00	129.2	1.0199	90.7699
5.5947e+00	125.5600	11.2054	531629138.0000	18037.00	-14363.00	128.5	0.9988	89.9738
5.5650e+00	126.2000	11.2339	537414338.0000	18037.00	-14563.00	128.9	1.0174	90.8082
5.5258e+00	127.2000	11.2783	538883938.0000	18237.00	-14363.00	128.2	0.9969	90.0242
5.5202e+00	127.3200	11.2836	543279538.0000	18037.00	-14763.00	129.3	1.0361	91.5893
5.5072e+00	127.6000	11.2960	544669138.0000	18237.00	-14563.00	128.6	1.0151	90.8461
5.4744e+00	128.3200	11.3278	550534338.0000	18237.00	-14763.00	129.0	1.0337	91.6315
5.4436e+00	128.9200	11.3543	552003938.0000	18437.00	-14563.00	128.3	1.0133	90.8933
5.4281e+00	129.3600	11.3737	556479538.0000	18237.00	-14963.00	129.4	1.0530	92.3867
5.4219e+00	129.6000	11.3842	557869138.0000	18437.00	-14763.00	128.7	1.0316	91.6704
5.3865e+00	130.6800	11.4315	563814338.0000	18437.00	-14963.00	129.1	1.0505	92.4154
5.3635e+00	131.5600	11.4700	565283938.0000	18637.00	-14763.00	128.4	1.0299	91.7138
5.3388e+00	131.9600	11.4874	571229138.0000	18637.00	-14963.00	128.8	1.0484	92.4485
5.2996e+00	132.8400	11.5256	577254338.0000	18637.00	-15163.00	129.1	1.0671	93.1385
5.2847e+00	133.4400	11.5516	578723938.0000	18837.00	-14963.00	128.5	1.0465	92.4803
5.2559e+00	134.1200	11.5810	584749138.0000	18837.00	-15163.00	128.8	1.0649	93.1596
5.2247e+00	134.8800	11.6138	586298738.0000	19037.00	-14963.00	128.2	1.0450	92.5129
5.2130e+00	135.1600	11.6258	590854338.0000	18837.00	-15363.00	129.2	1.0835	93.7943
5.2064e+00	135.4800	11.6396	592323938.0000	19037.00	-15163.00	128.5	1.0630	93.1853
5.1738e+00	136.4000	11.6790	598429138.0000	19037.00	-15363.00	128.9	1.0813	93.8134
5.1507e+00	137.0000	11.7047	599978738.0000	19237.00	-15163.00	128.2	1.0615	93.2101
5.1282e+00	137.6400	11.7320	606083938.0000	19237.00	-15363.00	128.6	1.0794	93.8301
5.0919e+00	138.8400	11.7830	612269138.0000	19237.00	-15563.00	129.0	1.0977	94.4085
5.0765e+00	139.2400	11.8000	613818738.0000	19437.00	-15363.00	128.3	1.0778	93.8457
5.0503e+00	140.2400	11.8423	620003938.0000	19437.00	-15563.00	128.7	1.0958	94.4192
5.0190e+00	140.9600	11.8727	621633538.0000	19637.00	-15363.00	128.0	1.0765	93.8610
5.0107e+00	141.1200	11.8794	626269138.0000	19437.00	-15763.00	129.0	1.1141	94.9522
5.0027e+00	141.4400	11.8929	627818738.0000	19637.00	-15563.00	128.4	1.0942	94.4293
4.9729e+00	142.4400	11.9348	634083938.0000	19637.00	-15763.00	128.8	1.1123	94.9581
4.9492e+00	142.8000	11.9499	635713538.0000	19837.00	-15563.00	128.1	1.0929	94.4388
4.9303e+00	143.3600	11.9733	640429138.0000	19637.00	-15963.00	129.1	1.1307	95.4503
4.9291e+00	143.4000	11.9750	641978738.0000	19837.00	-15763.00	128.5	1.1108	94.9638
4.8962e+00	144.4000	12.0167	648323938.0000	19837.00	-15963.00	128.8	1.1290	95.4533
4.8796e+00	144.9200	12.0383	649953538.0000	20037.00	-15763.00	128.2	1.1095	94.9690
4.8561e+00	145.5600	12.0648	656298738.0000	20037.00	-15963.00	128.5	1.1275	95.4546
4.8242e+00	146.7200	12.1128	658008338.0000	20237.00	-15763.00	127.9	1.1085	94.9725
4.8201e+00	146.9600	12.1227	662723938.0000	20037.00	-16163.00	128.9	1.1459	95.9053
4.8102e+00	147.2800	12.1359	664353538.0000	20237.00	-15963.00	128.3	1.1264	95.4547
4.7835e+00	148.0400	12.1672	670778738.0000	20237.00	-16163.00	128.6	1.1445	95.9027
4.7589e+00	148.6800	12.1934	672488338.0000	20437.00	-15963.00	128.0	1.1256	95.4566
4.7450e+00	149.0400	12.2082	677283938.0000	20237.00	-16363.00	129.0	1.1633	96.3215
4.7411e+00	149.2000	12.2147	678913538.0000	20437.00	-16163.00	128.3	1.1434	95.8992
4.7119e+00	150.3200	12.2605	685418738.0000	20437.00	-16363.00	128.7	1.1621	96.3169
4.6941e+00	150.9200	12.2850	687128338.0000	20637.00	-16163.00	128.1	1.1430	95.9022
4.6732e+00	151.4800	12.3077	693633538.0000	20637.00	-16363.00	128.4	1.1613	96.3122
4.6403e+00	152.5600	12.3515	695423138.0000	20837.00	-16163.00	127.8	1.1423	95.8945
4.6403e+00	152.6000	12.3531	700218738.0000	20637.00	-16563.00	128.8	1.1799	96.6906
4.6287e+00	152.9200	12.3661	701928338.0000	20837.00	-16363.00	128.1	1.1605	96.3046
4.6049e+00	153.7600	12.4000	708513538.0000	20837.00	-16563.00	128.5	1.1791	96.6833
4.5788e+00	154.9200	12.4467	710303138.0000	21037.00	-16363.00	127.9	1.1600	96.2967
4.5692e+00	155.3200	12.4627	715178738.0000	20837.00	-16763.00	128.8	1.1980	97.0309
4.5640e+00	155.4400	12.4676	716888338.0000	21037.00	-16563.00	128.2	1.1785	96.6746
4.5369e+00	156.6000	12.5140	723553538.0000	21037.00	-16763.00	128.5	1.1973	97.0207
4.5174e+00	157.2000	12.5379	725343138.0000	21237.00	-16563.00	128.0	1.1781	96.6641
4.4990e+00	157.8400	12.5634	732008338.0000	21237.00	-16763.00	128.3	1.1968	97.0096
4.4691e+00	158.8400	12.6032	738753538.0000	21237.00	-16963.00	128.6	1.2159	97.3269
4.4561e+00	159.3200	12.6222	740543138.0000	21437.00	-16763.00	128.0	1.1967	96.9994
4.4346e+00	160.0000	12.6491	747288338.0000	21437.00	-16963.00	128.4	1.2156	97.3162
4.4081e+00	160.8800	12.6838	749157938.0000	21637.00	-16763.00	127.8	1.1968	96.9894
4.4019e+00	161.0400	12.6902	754113538.0000	21437.00	-17163.00	128.7	1.2349	97.6059
4.3948e+00	161.3600	12.7028	755903138.0000	21637.00	-16963.00	128.1	1.2156	97.3045
4.3707e+00	162.5200	12.7483	762728338.0000	21637.00	-17163.00	128.4	1.2350	97.5959
4.3548e+00	163.3600	12.7812	764597938.0000	21837.00	-16963.00	127.8	1.2180	97.3178
4.3392e+00	163.9200	12.8031	771423138.0000	21837.00	-17163.00	128.2	1.2378	97.6119
4.3068e+00	165.0000	12.8452	778328338.0000	21837.00	-17363.00	128.5	1.2546	97.8483
4.2961e+00	165.4800	12.8639	780197938.0000	22037.00	-17163.00	127.9	1.2373	97.5899
4.2731e+00	166.2000	12.8919	787103138.0000	22037.00	-17363.00	128.2	1.2549	97.8353
4.2516e+00	167.0000	12.9228	789052738.0000	22237.00	-17163.00	127.7	1.2386	97.5850
4.2430e+00	167.4000	12.9383	794088338.0000	22037.00	-17563.00	128.6	1.2745	98.0754
4.2391e+00	167.6400	12.9476	795957938.0000	22237.00	-17363.00	128.0	1.2578	97.8450
4.2121e+00	168.5600	12.9831	802943138.0000	22237.00	-17563.00	128.3	1.2748	98.0621
4.1962e+00	169.2000	13.0077	804892738.0000	22437.00	-17363.00	127.7	1.2586	97.8328
4.1799e+00	169.6800	13.0261	810008338.0000	22237.00	-17763.00	128.6	1.2950	98.2826
4.1767e+00	169.9600	13.0369	811877938.0000	22437.00	-17563.00	128.1	1.2756	98.0508
4.1518e+00	171.2800	13.0874	818943138.0000	22437.00	-17763.00	128.4	1.2954	98.2697
4.1369e+00	171.8000	13.1072	820892738.0000	22637.00	-17563.00	127.8	1.2768	98.0409
4.1196e+00	172.5200	13.1347	827957938.0000	22637.00	-17763.00	128.1	1.2966	98.2599
4.0916e+00	173.6000	13.1757	835103138.0000	22637.00	-17963.00	128.4	1.3162	98.4562
4.0858e+00	174.0000	13.1909	837052738.0000	22837.00	-17763.00	127.9	1.2997	98.2629
4.0652e+00	174.8000	13.2212	844197938.0000	22837.00	-17963.00	128.2	1.3197	98.4604
4.0451e+00	175.4800	13.2469	846227538.0000	23037.00	-17763.00	127.6	1.3017	98.2552
4.0344e+00	175.8400	13.2605	851423138.0000	22837.00	-18163.00	128.5	1.3396	98.6375
4.0308e+00	175.9200	13.2635	853372738.0000	23037.00	-17963.00	127.9	1.3208	98.4485
4.0080e+00	176.8400	13.2981	860597938.0000	23037.00	-18163.00	128.3	1.3414	98.6300
3.9921e+00	177.7200	13.3312	862627538.0000	23237.00	-17963.00	127.7	1.3223	98.4373
3.9759e+00	178.6000	13.3641	869852738.0000	23237.00	-18163.00	128.0	1.3422	98.6163
3.9483e+00	179.7200	13.4060	877157938.0000	23237.00	-18363.00	128.3	1.3606	98.7700
3.9391e+00	180.2000	13.4239	879187538.0000	23437.00	-18163.00	127.8	1.3430	98.6020
3.9171e+00	181.2400	13.4625	886492738.0000	23437.00	-18363.00	128.1	1.3604	98.7519
3.8990e+00	182.0800	13.4937	888602338.0000	23637.00	-18163.00	127.5	1.3448	98.5918
3.8895e+00	182.5200	13.5100	893877938.0000	23437.00	-18563.00	128.4	1.3805	98.8990
3.8855e+00	182.7200	13.5174	895907538.0000	23637.00	-18363.00	127.8	1.3632	98.7477
3.8618e+00	183.7600	13.5558	903292738.0000	23637.00	-18563.00	128.1	1.3812	98.8860
3.8474e+00	184.4000	13.5794	905402338.0000	23837.00	-18363.00	127.6	1.3646	98.7361
3.8335e+00	185.0800	13.6044	910757938.0000	23637.00	-18763.00	128.4	1.4025	99.0240
3.8303e+00	185.3600	13.6147	912787538.0000	23837.00	-18563.00	127.9	1.3824	98.8747
3.8081e+00	186.7600	13.6660	920252738.0000	23837.00	-18763.00	128.2	1.4030	99.0112
3.7968e+00	187.2400	13.6836	922362338.0000	24037.00	-18563.00	127.7	1.3851	98.8699
3.7784e+00	188.2000	13.7186	929827538.0000	24037.00	-18763.00	128.0	1.4038	98.9988
3.7571e+00	189.1200	13.7521	932017138.0000	24237.00	-18563.00	127.4	1.3866	98.8587
3.7550e+00	189.2400	13.7565	937372738.0000	24037.00	-18963.00	128.3	1.4253	99.1252
3.7453e+00	189.7200	13.7739	939482338.0000	24237.00	-18763.00	127.7	1.4052	98.9885
3.7268e+00	190.6000	13.8058	947027538.0000	24237.00	-18963.00	128.0	1.4253	99.1106
3.7072e+00	191.4800	13.8376	949217138.0000	24437.00	-18763.00	127.5	1.4060	98.9754
3.7010e+00	191.8000	13.8492	954652738.0000	24237.00	-19163.00	128.3	1.4466	99.2239
3.6954e+00	192.0000	13.8564	956762338.0000	24437.00	-18963.00	127.8	1.4261	99.0990
3.6757e+00	193.3200	13.9040	964387538.0000	24437.00	-19163.00	128.1	1.4469	99.2120
3.6597e+00	194.2400	13.9370	966577138.0000	24637.00	-18963.00	127.6	1.4268	99.0866
3.6483e+00	194.7600	13.9556	972092738.0000	24437.00	-19363.00	128.4	1.4687	99.3152
3.6460e+00	194.9200	13.9614	974202338.0000	24637.00	-19163.00	127.9	1.4472	99.1995
3.6251e+00	196.0800	14.0029	981907538.0000	24637.00	-19363.00	128.2	1.4688	99.3038
3.6127e+00	196.6800	14.0243	984097138.0000	24837.00	-19163.00	127.7	1.4479	99.1879
3.5975e+00	197.3600	14.0485	991802338.0000	24837.00	-19363.00	127.9	1.4688	99.2916
3.5753e+00	198.2400	14.0798	994071938.0000	25037.00	-19163.00	127.4	1.4484	99.1760
3.5741e+00	198.4000	14.0855	999587538.0000	24837.00	-19563.00	128.2	1.4900	99.3843
3.5660e+00	198.9200	14.1039	1001777138.0000	25037.00	-19363.00	127.7	1.4690	99.2797
3.5491e+00	199.6800	14.1308	1009562338.0000	25037.00	-19563.00	128.0	1.4901	99.3738
3.5308e+00	200.7600	14.1690	1011831938.0000	25237.00	-19363.00	127.5	1.4692	99.2680
3.5242e+00	201.1600	14.1831	1017427538.0000	25037.00	-19763.00	128.3	1.5117	99.4582
3.5199e+00	201.3600	14.1901	1019617138.0000	25237.00	-19563.00	127.8	1.4902	99.3630
3.5009e+00	202.6000	14.2338	1027482338.0000	25237.00	-19763.00	128.1	1.5113	99.4475
3.4896e+00	203.2400	14.2562	1029751938.0000	25437.00	-19563.00	127.6	1.4926	99.3579
3.4758e+00	203.9600	14.2815	1037617138.0000	25437.00	-19763.00	127.8	1.5134	99.4423
3.4549e+00	205.0000	14.3178	1039966738.0000	25637.00	-19563.00	127.3	1.4943	99.3510
3.4527e+00	205.1600	14.3234	1045562338.0000	25437.00	-19963.00	128.1	1.5321	99.5131
3.4506e+00	205.2800	14.3276	1047831938.0000	25637.00	-19763.00	127.6	1.5191	99.4450
3.4306e+00	206.5200	14.3708	1055777138.0000	25637.00	-19963.00	127.9	1.5355	99.5109
3.4188e+00	207.0400	14.3889	1058126738.0000	25837.00	-19763.00	127.4	1.5208	99.4389
3.4092e+00	207.4400	14.4028	1066071938.0000	25837.00	-19963.00	127.7	1.5435	99.5181
3.3864e+00	209.2800	14.4665	1074097138.0000	25837.00	-20163.00	128.0	1.5591	99.5752
3.3844e+00	209.4000	14.4707	1076446738.0000	26037.00	-19963.00	127.5	1.5499	99.5221
3.3682e+00	210.3600	14.5038	1084471938.0000	26037.00	-20163.00	127.8	1.5688	99.5845
3.3474e+00	211.3600	14.5382	1086901538.0000	26237.00	-19963.00	127.3	1.5462	99.5064
3.3458e+00	211.4000	14.5396	1094926738.0000	26237.00	-20163.00	127.5	1.5755	99.5890
3.3216e+00	213.0000	14.5945	1103031938.0000	26237.00	-20363.00	127.8	1.5859	99.6308
3.3147e+00	213.3600	14.6068	1105461538.0000	26437.00	-20163.00	127.3	1.5746	99.5802
3.3015e+00	214.0800	14.6315	1113566738.0000	26437.00	-20363.00	127.6	1.5938	99.6369
3.2776e+00	215.5600	14.6820	1121751938.0000	26437.00	-20563.00	127.9	1.6066	99.6779
3.2771e+00	215.6800	14.6860	1124181538.0000	26637.00	-20363.00	127.4	1.5982	99.6375
3.2544e+00	217.3600	14.7431	1132366738.0000	26637.00	-20563.00	127.7	1.6074	99.6733
3.2400e+00	218.2800	14.7743	1134876338.0000	26837.00	-20363.00	127.2	1.5922	99.6215
3.2339e+00	218.8400	14.7932	1143061538.0000	26837.00	-20563.00	127.5	1.6153	99.6791
3.2098e+00	220.2800	14.8418	1151326738.0000	26837.00	-20763.00	127.7	1.6234	99.7099
3.2084e+00	220.3600	14.8445	1153836338.0000	27037.00	-20563.00	127.3	1.6189	99.6789
3.1933e+00	221.1200	14.8701	1162101538.0000	27037.00	-20763.00	127.5	1.6349	99.7202
3.1722e+00	222.7600	14.9251	1170446738.0000	27037.00	-20963.00	127.8	1.6504	99.7565
3.1682e+00	222.9200	14.9305	1172956338.0000	27237.00	-20763.00	127.3	1.6368	99.7178
3.1556e+00	223.7600	14.9586	1181301538.0000	27237.00	-20963.00	127.6	1.6582	99.7613
3.1349e+00	225.2000	15.0067	1189726738.0000	27237.00	-21163.00	127.8	1.6794	99.7991
3.1198e+00	226.3200	15.0439	1192236338.0000	27437.00	-20963.00	127.4	1.6445	99.7406
3.1100e+00	227.0400	15.0678	1200661538.0000	27437.00	-21163.00	127.6	1.6699	99.7855
3.0897e+00	228.2800	15.1089	1209166738.0000	27437.00	-21363.00	127.9	1.6926	99.8215
3.0790e+00	229.2000	15.1394	1211676338.0000	27637.00	-21163.00	127.4	1.6600	99.7706
3.0714e+00	229.7600	15.1578	1220181538.0000	27637.00	-21363.00	127.7	1.6916	99.8173
3.0571e+00	230.6400	15.1868	1222771138.0000	27837.00	-21163.00	127.2	1.6656	99.7732
3.0504e+00	231.0800	15.2013	1228766738.0000	27637.00	-21563.00	128.0	1.7201	99.8538
3.0446e+00	231.4400	15.2132	1231276338.0000	27837.00	-21363.00	127.5	1.6832	99.8058
3.0333e+00	232.1200	15.2355	1239861538.0000	27837.00	-21563.00	127.8	1.7146	99.8466
3.0197e+00	233.3200	15.2748	1242451138.0000	28037.00	-21363.00	127.3	1.6828	99.8021
3.0150e+00	233.7200	15.2879	1251036338.0000	28037.00	-21563.00	127.6	1.7141	99.8436
2.9964e+00	235.0400	15.3310	1259701538.0000	28037.00	-21763.00	127.8	1.7426	99.8760
2.9869e+00	235.7600	15.3545	1262291138.0000	28237.00	-21563.00	127.4	1.7049	99.8326
2.9781e+00	236.6400	15.3831	1270956338.0000	28237.00	-21763.00	127.6	1.7358	99.8687
2.9538e+00	238.2000	15.4337	1279701538.0000	28237.00	-21963.00	127.9	1.7576	99.8926
2.9503e+00	238.4400	15.4415	1282291138.0000	28437.00	-21763.00	127.4	1.7227	99.8559
2.9369e+00	239.1200	15.4635	1291036338.0000	28437.00	-21963.00	127.7	1.7497	99.8854
2.9286e+00	239.7200	15.4829	1293705938.0000	28637.00	-21763.00	127.2	1.7235	99.8543
2.9126e+00	241.0800	15.5268	1299861538.0000	28437.00	-22163.00	127.9	1.7767	99.9099
2.9122e+00	241.1200	15.5280	1302451138.0000	28637.00	-21963.00	127.5	1.7380	99.8748
2.8991e+00	242.0800	15.5589	1311276338.0000	28637.00	-22163.00	127.7	1.7702	99.9044
2.8908e+00	242.8800	15.5846	1313945938.0000	28837.00	-21963.00	127.3	1.7373	99.8722
2.8752e+00	244.3200	15.6307	1322771138.0000	28837.00	-22163.00	127.5	1.7543	99.8924
2.8567e+00	245.4000	15.6652	1331676338.0000	28837.00	-22363.00	127.8	1.7794	99.9148
2.8458e+00	246.1200	15.6882	1334345938.0000	29037.00	-22163.00	127.4	1.7414	99.8816
2.8402e+00	246.6800	15.7060	1343251138.0000	29037.00	-22363.00	127.6	1.7741	99.9102
2.8329e+00	247.3600	15.7277	1346000738.0000	29237.00	-22163.00	127.2	1.7524	99.8876
2.8253e+00	248.0400	15.7493	1348910338.0000	29437.00	-21963.00	126.7	1.7462	99.8732
2.8189e+00	248.4400	15.7620	1357735538.0000	29437.00	-22163.00	127.0	1.7618	99.8924
2.8044e+00	249.5200	15.7962	1366640738.0000	29437.00	-22363.00	127.2	1.7742	99.9074
2.7950e+00	250.4400	15.8253	1378455538.0000	29637.00	-22363.00	127.0	1.7863	99.9133
2.7736e+00	252.3600	15.8858	1390350338.0000	29837.00	-22363.00	126.9	1.7863	99.9120
2.7621e+00	253.2000	15.9123	1399335538.0000	29837.00	-22563.00	127.1	1.8021	99.9265
2.7492e+00	254.2000	15.9437	1411310338.0000	30037.00	-22563.00	126.9	1.8092	99.9291
2.7294e+00	256.1600	16.0050	1420375538.0000	30037.00	-22763.00	127.2	1.8180	99.9382
2.7177e+00	257.3200	16.0412	1423365138.0000	30237.00	-22563.00	126.7	1.7991	99.9226
2.7020e+00	258.6400	16.0823	1432430338.0000	30237.00	-22763.00	127.0	1.8079	99.9323
2.6847e+00	259.9200	16.1220	1435499938.0000	30437.00	-22563.00	126.5	1.7922	99.9175
2.6803e+00	260.3600	16.1357	1441575538.0000	30237.00	-22963.00	127.2	1.8126	99.9391
2.6746e+00	260.7600	16.1481	1444565138.0000	30437.00	-22763.00	126.8	1.8022	99.9284
2.6602e+00	262.2400	16.1938	1450800738.0000	30237.00	-23163.00	127.5	1.8219	99.9472
2.6589e+00	262.4000	16.1988	1453710338.0000	30437.00	-22963.00	127.0	1.8099	99.9369
2.6473e+00	263.3200	16.2271	1456779938.0000	30637.00	-22763.00	126.6	1.7994	99.9258
2.6439e+00	263.6800	16.2382	1462935538.0000	30437.00	-23163.00	127.3	1.8216	99.9463
2.6435e+00	263.8000	16.2419	1465925138.0000	30637.00	-22963.00	126.9	1.8150	99.9384
2.6275e+00	265.0000	16.2788	1475150338.0000	30637.00	-23163.00	127.1	1.8234	99.9462
2.6173e+00	266.1200	16.3132	1478219938.0000	30837.00	-22963.00	126.7	1.8117	99.9359
2.6110e+00	266.6400	16.3291	1484455538.0000	30637.00	-23363.00	127.3	1.8346	99.9543
2.6045e+00	267.2800	16.3487	1487445138.0000	30837.00	-23163.00	126.9	1.8201	99.9439
2.5875e+00	269.0000	16.4012	1496750338.0000	30837.00	-23363.00	127.1	1.8266	99.9504
2.5692e+00	270.7200	16.4536	1506135538.0000	30837.00	-23563.00	127.4	1.8336	99.9563
2.5555e+00	271.9600	16.4912	1509125138.0000	31037.00	-23363.00	127.0	1.8147	99.9445
2.5505e+00	272.2800	16.5009	1518510338.0000	31037.00	-23563.00	127.2	1.8318	99.9550
2.5414e+00	273.1600	16.5276	1530965138.0000	31237.00	-23563.00	127.0	1.8422	99.9582
2.5226e+00	275.2400	16.5904	1543499938.0000	31437.00	-23563.00	126.9	1.8426	99.9577
2.5060e+00	276.8400	16.6385	1552965138.0000	31437.00	-23763.00	127.1	1.8485	99.9626
2.4945e+00	278.4000	16.6853	1556114738.0000	31637.00	-23563.00	126.7	1.8367	99.9548
2.4843e+00	279.0800	16.7057	1565579938.0000	31637.00	-23763.00	126.9	1.8456	99.9610
2.4726e+00	280.0400	16.7344	1575125138.0000	31637.00	-23963.00	127.1	1.8559	99.9670
2.4641e+00	281.4000	16.7750	1578274738.0000	31837.00	-23763.00	126.7	1.8459	99.9606
2.4567e+00	282.0800	16.7952	1584750338.0000	31637.00	-24163.00	127.4	1.8646	99.9717
2.4476e+00	282.9600	16.8214	1587819938.0000	31837.00	-23963.00	127.0	1.8490	99.9642
2.4358e+00	284.0000	16.8523	1594455538.0000	31637.00	-24363.00	127.6	1.8681	99.9745
2.4355e+00	284.1200	16.8559	1597445138.0000	31837.00	-24163.00	127.2	1.8579	99.9693
2.4224e+00	285.4000	16.8938	1600594738.0000	32037.00	-23963.00	126.8	1.8450	99.9623
2.4207e+00	285.6400	16.9009	1607150338.0000	31837.00	-24363.00	127.4	1.8666	99.9737
2.4084e+00	286.8800	16.9375	1610219938.0000	32037.00	-24163.00	127.0	1.8492	99.9661
2.4022e+00	287.5200	16.9564	1616935538.0000	31837.00	-24563.00	127.7	1.8720	99.9768
2.4000e+00	287.9200	16.9682	1619925138.0000	32037.00	-24363.00	127.3	1.8608	99.9717
2.3934e+00	288.6000	16.9882	1623074738.0000	32237.00	-24163.00	126.9	1.8541	99.9672
2.3895e+00	289.1600	17.0047	1629710338.0000	32037.00	-24563.00	127.5	1.8751	99.9772
2.3855e+00	289.6400	17.0188	1632779938.0000	32237.00	-24363.00	127.1	1.8644	99.9723
2.3802e+00	290.1200	17.0329	1642565138.0000	32237.00	-24563.00	127.3	1.8834	99.9788
2.3700e+00	291.0400	17.0599	1655499938.0000	32437.00	-24563.00	127.1	1.8895	99.9799
2.3534e+00	293.3600	17.1278	1665365138.0000	32437.00	-24763.00	127.4	1.8981	99.9830
2.3504e+00	293.8800	17.1429	1668514738.0000	32637.00	-24563.00	127.0	1.8853	99.9786
2.3380e+00	295.0800	17.1779	1678379938.0000	32637.00	-24763.00	127.2	1.8953	99.9822
2.3251e+00	296.4800	17.2186	1681609538.0000	32837.00	-24563.00	126.8	1.8786	99.9767
2.3186e+00	297.0000	17.2337	1688325138.0000	32637.00	-24963.00	127.4	1.8979	99.9839
2.3121e+00	297.6400	17.2522	1691474738.0000	32837.00	-24763.00	127.0	1.8836	99.9794
2.3022e+00	298.6800	17.2824	1701419938.0000	32837.00	-24963.00	127.2	1.8944	99.9830
2.2977e+00	299.4800	17.3055	1704649538.0000	33037.00	-24763.00	126.9	1.8872	99.9799
2.2899e+00	300.4400	17.3332	1711445138.0000	32837.00	-25163.00	127.5	1.9085	99.9867
2.2869e+00	301.0800	17.3517	1714594738.0000	33037.00	-24963.00	127.1	1.8951	99.9829
2.2803e+00	301.6400	17.3678	1717904338.0000	33237.00	-24763.00	126.7	1.8883	99.9798
2.2800e+00	301.7200	17.3701	1724619938.0000	33037.00	-25163.00	127.3	1.9130	99.9872
2.2692e+00	302.8800	17.4034	1727849538.0000	33237.00	-24963.00	126.9	1.8944	99.9825
2.2651e+00	303.4000	17.4184	1737874738.0000	33237.00	-25163.00	127.1	1.9107	99.9866
2.2560e+00	304.6400	17.4539	1741184338.0000	33437.00	-24963.00	126.7	1.8985	99.9830
2.2516e+00	305.0000	17.4642	1751209538.0000	33437.00	-25163.00	127.0	1.9122	99.9866
2.2363e+00	307.1200	17.5248	1761314738.0000	33437.00	-25363.00	127.2	1.9179	99.9885
2.2289e+00	307.9200	17.5476	1764624338.0000	33637.00	-25163.00	126.8	1.9059	99.9853
2.2196e+00	308.7600	17.5716	1774729538.0000	33637.00	-25363.00	127.0	1.9149	99.9878
2.2058e+00	310.2000	17.6125	1778119138.0000	33837.00	-25163.00	126.6	1.9019	99.9843
2.2033e+00	310.7200	17.6273	1784914738.0000	33637.00	-25563.00	127.2	1.9175	99.9890
2.1944e+00	311.5600	17.6511	1788224338.0000	33837.00	-25363.00	126.9	1.9061	99.9861
2.1887e+00	312.3200	17.6726	1798409538.0000	33837.00	-25563.00	127.1	1.9179	99.9889
2.1795e+00	313.6400	17.7099	1801799138.0000	34037.00	-25363.00	126.7	1.9089	99.9864
2.1788e+00	313.8400	17.7155	1811984338.0000	34037.00	-25563.00	126.9	1.9237	99.9896
2.1667e+00	315.2400	17.7550	1815453938.0000	34237.00	-25363.00	126.5	1.9133	99.9869
2.1659e+00	315.4000	17.7595	1822249538.0000	34037.00	-25763.00	127.1	1.9301	99.9911
2.1619e+00	315.9600	17.7753	1825639138.0000	34237.00	-25563.00	126.7	1.9229	99.9892
2.1528e+00	316.7600	17.7978	1835904338.0000	34237.00	-25763.00	127.0	1.9314	99.9911
2.1402e+00	318.4400	17.8449	1846249538.0000	34237.00	-25963.00	127.2	1.9389	99.9926
2.1359e+00	318.9200	17.8583	1849639138.0000	34437.00	-25763.00	126.8	1.9298	99.9908
2.1254e+00	320.4000	17.8997	1856674738.0000	34237.00	-26163.00	127.4	1.9475	99.9940
2.1240e+00	320.6000	17.9053	1859984338.0000	34437.00	-25963.00	127.0	1.9353	99.9921
2.1117e+00	321.9200	17.9421	1870409538.0000	34437.00	-26163.00	127.2	1.9430	99.9935
2.1059e+00	322.6800	17.9633	1873799138.0000	34637.00	-25963.00	126.9	1.9323	99.9916
2.0975e+00	323.6400	17.9900	1880914738.0000	34437.00	-26363.00	127.4	1.9527	99.9948
2.0940e+00	324.0400	18.0011	1884224338.0000	34637.00	-26163.00	127.1	1.9365	99.9927
2.0822e+00	325.7600	18.0488	1894729538.0000	34637.00	-26363.00	127.3	1.9427	99.9938
2.0711e+00	327.5200	18.0975	1898119138.0000	34837.00	-26163.00	126.9	1.9289	99.9916
2.0679e+00	327.8800	18.1075	1905314738.0000	34637.00	-26563.00	127.5	1.9479	99.9947
2.0616e+00	328.6800	18.1295	1908624338.0000	34837.00	-26363.00	127.1	1.9333	99.9927
2.0539e+00	329.7600	18.1593	1915979938.0000	34637.00	-26763.00	127.7	1.9541	99.9955
2.0530e+00	329.9200	18.1637	1919209538.0000	34837.00	-26563.00	127.3	1.9405	99.9938
2.0439e+00	331.4400	18.2055	1922599138.0000	35037.00	-26363.00	127.0	1.9322	99.9924
2.0427e+00	331.6000	18.2099	1929874738.0000	34837.00	-26763.00	127.5	1.9482	99.9949
2.0380e+00	332.2000	18.2264	1933184338.0000	35037.00	-26563.00	127.2	1.9403	99.9937
2.0293e+00	333.4800	18.2614	1943849538.0000	35037.00	-26763.00	127.4	1.9483	99.9948
2.0239e+00	334.0800	18.2779	1947239138.0000	35237.00	-26563.00	127.0	1.9426	99.9939
2.0183e+00	335.1600	18.3074	1954594738.0000	35037.00	-26963.00	127.6	1.9552	99.9957
2.0149e+00	335.6400	18.3205	1957904338.0000	35237.00	-26763.00	127.2	1.9489	99.9949
2.0083e+00	336.4400	18.3423	1961373938.0000	35437.00	-26563.00	126.9	1.9430	99.9938
2.0057e+00	336.6800	18.3488	1968649538.0000	35237.00	-26963.00	127.4	1.9559	99.9957
1.9988e+00	337.7600	18.3782	1972039138.0000	35437.00	-26763.00	127.1	1.9474	99.9946
1.9935e+00	338.6400	18.4022	1979474738.0000	35237.00	-27163.00	127.6	1.9633	99.9965
1.9916e+00	338.8800	18.4087	1982784338.0000	35437.00	-26963.00	127.3	1.9567	99.9957
1.9866e+00	339.8000	18.4337	1986253938.0000	35637.00	-26763.00	126.9	1.9508	99.9948
1.9819e+00	340.3200	18.4478	1993609538.0000	35437.00	-27163.00	127.5	1.9631	99.9964
1.9788e+00	341.0000	18.4662	1996999138.0000	35637.00	-26963.00	127.1	1.9575	99.9957
1.9700e+00	342.3600	18.5030	2000548738.0000	35837.00	-26763.00	126.8	1.9505	99.9947
1.9700e+00	342.4000	18.5041	2004514738.0000	35437.00	-27363.00	127.7	1.9688	99.9969
1.9686e+00	342.4800	18.5062	2007824338.0000	35637.00	-27163.00	127.3	1.9621	99.9963
1.9613e+00	343.6000	18.5365	2011293938.0000	35837.00	-26963.00	127.0	1.9545	99.9954
1.9583e+00	343.9200	18.5451	2018729538.0000	35637.00	-27363.00	127.5	1.9694	99.9969
1.9538e+00	344.5200	18.5612	2022119138.0000	35837.00	-27163.00	127.2	1.9597	99.9960
1.9451e+00	346.0000	18.6011	2029714738.0000	35637.00	-27563.00	127.7	1.9763	99.9975
1.9450e+00	346.0400	18.6022	2033024338.0000	35837.00	-27363.00	127.4	1.9657	99.9966
1.9375e+00	347.3200	18.6365	2036493938.0000	36037.00	-27163.00	127.0	1.9587	99.9959
1.9354e+00	347.5200	18.6419	2044009538.0000	35837.00	-27563.00	127.6	1.9738	99.9973
1.9309e+00	348.0000	18.6548	2047399138.0000	36037.00	-27363.00	127.2	1.9646	99.9965
1.9229e+00	349.4800	18.6944	2058384338.0000	36037.00	-27563.00	127.4	1.9712	99.9971
1.9144e+00	350.9200	18.7329	2061853938.0000	36237.00	-27363.00	127.1	1.9622	99.9963
1.9120e+00	351.4000	18.7457	2069449538.0000	36037.00	-27763.00	127.6	1.9784	99.9976
1.9092e+00	351.8000	18.7563	2072839138.0000	36237.00	-27563.00	127.3	1.9701	99.9969
1.9001e+00	352.7200	18.7808	2083904338.0000	36237.00	-27763.00	127.5	1.9768	99.9975
1.8935e+00	354.1600	18.8191	2087373938.0000	36437.00	-27563.00	127.1	1.9682	99.9968
1.8883e+00	355.0000	18.8414	2095049538.0000	36237.00	-27963.00	127.7	1.9832	99.9980
1.8876e+00	355.2400	18.8478	2098439138.0000	36437.00	-27763.00	127.3	1.9764	99.9974
1.8772e+00	356.6800	18.8860	2109584338.0000	36437.00	-27963.00	127.5	1.9820	99.9978
1.8731e+00	357.3600	18.9040	2113053938.0000	36637.00	-27763.00	127.2	1.9755	99.9973
1.8664e+00	358.4000	18.9315	2124199138.0000	36637.00	-27963.00	127.4	1.9832	99.9978
1.8572e+00	359.5200	18.9610	2135424338.0000	36637.00	-28163.00	127.5	1.9921	99.9983
1.8518e+00	360.5600	18.9884	2138893938.0000	36837.00	-27963.00	127.2	1.9809	99.9977
1.8451e+00	361.5600	19.0147	2150119138.0000	36837.00	-28163.00	127.4	1.9894	99.9981
1.8353e+00	363.2400	19.0589	2153668738.0000	37037.00	-27963.00	127.1	1.9785	99.9975
1.8344e+00	363.4400	19.0641	2161424338.0000	36837.00	-28363.00	127.6	1.9991	99.9986
1.8300e+00	364.0800	19.0809	2164893938.0000	37037.00	-28163.00	127.2	1.9848	99.9979
1.8215e+00	365.6000	19.1207	2176199138.0000	37037.00	-28363.00	127.4	1.9924	99.9984
1.8152e+00	366.4400	19.1426	2179748738.0000	37237.00	-28163.00	127.1	1.9837	99.9978
1.8127e+00	366.8800	19.1541	2187584338.0000	37037.00	-28563.00	127.6	2.0018	99.9987
1.8099e+00	367.3600	19.1666	2191053938.0000	37237.00	-28363.00	127.3	1.9915	99.9982
1.8059e+00	368.0000	19.1833	2202439138.0000	37237.00	-28563.00	127.5	2.0006	99.9986
1.7978e+00	369.1200	19.2125	2205988738.0000	37437.00	-28363.00	127.1	1.9912	99.9981
1.7953e+00	369.5600	19.2239	2213904338.0000	37237.00	-28763.00	127.7	2.0087	99.9989
1.7932e+00	369.9600	19.2343	2217373938.0000	37437.00	-28563.00	127.3	1.9993	99.9985
1.7855e+00	370.9200	19.2593	2228839138.0000	37437.00	-28763.00	127.5	2.0068	99.9988
1.7792e+00	372.3600	19.2966	2232388738.0000	37637.00	-28563.00	127.2	1.9984	99.9984
1.7761e+00	373.1200	19.3163	2240384338.0000	37437.00	-28963.00	127.7	2.0157	99.9991
1.7741e+00	373.3600	19.3225	2243853938.0000	37637.00	-28763.00	127.4	2.0065	99.9987
1.7655e+00	374.6000	19.3546	2255399138.0000	37637.00	-28963.00	127.6	2.0135	99.9990
1.7587e+00	375.7200	19.3835	2258948738.0000	37837.00	-28763.00	127.2	2.0046	99.9987
1.7552e+00	376.5600	19.4052	2267024338.0000	37637.00	-29163.00	127.8	2.0214	99.9992
1.7546e+00	376.7600	19.4103	2270493938.0000	37837.00	-28963.00	127.4	2.0136	99.9989
1.7461e+00	378.6400	19.4587	2274123538.0000	38037.00	-28763.00	127.1	2.0043	99.9986
1.7460e+00	378.6800	19.4597	2282119138.0000	37837.00	-29163.00	127.6	2.0203	99.9991
1.7412e+00	379.5600	19.4823	2285668738.0000	38037.00	-28963.00	127.3	2.0114	99.9988
1.7362e+00	380.2800	19.5008	2297293938.0000	38037.00	-29163.00	127.5	2.0201	99.9991
1.7283e+00	381.8400	19.5407	2300923538.0000	38237.00	-28963.00	127.1	2.0116	99.9988
1.7265e+00	382.1200	19.5479	2308999138.0000	38037.00	-29363.00	127.7	2.0277	99.9993
1.7240e+00	382.5200	19.5581	2312548738.0000	38237.00	-29163.00	127.3	2.0197	99.9990
1.7174e+00	383.6000	19.5857	2324253938.0000	38237.00	-29363.00	127.5	2.0272	99.9992
1.7104e+00	385.2000	19.6265	2327883538.0000	38437.00	-29163.00	127.2	2.0189	99.9990
1.7071e+00	385.9200	19.6448	2336039138.0000	38237.00	-29563.00	127.7	2.0349	99.9994
1.7051e+00	386.2800	19.6540	2339588738.0000	38437.00	-29363.00	127.4	2.0262	99.9992
1.6986e+00	387.5200	19.6855	2351373938.0000	38437.00	-29563.00	127.6	2.0347	99.9994
1.6928e+00	388.4000	19.7079	2355003538.0000	38637.00	-29363.00	127.2	2.0257	99.9991
1.6883e+00	388.8800	19.7200	2363239138.0000	38437.00	-29763.00	127.8	2.0439	99.9995
1.6860e+00	389.3600	19.7322	2366788738.0000	38637.00	-29563.00	127.4	2.0327	99.9993
1.6789e+00	391.2400	19.7798	2378653938.0000	38637.00	-29763.00	127.6	2.0417	99.9995
1.6752e+00	392.2400	19.8050	2382283538.0000	38837.00	-29563.00	127.3	2.0331	99.9993
1.6694e+00	393.2000	19.8293	2394148738.0000	38837.00	-29763.00	127.5	2.0413	99.9994
1.6626e+00	394.3200	19.8575	2397858338.0000	39037.00	-29563.00	127.1	2.0333	99.9993
1.6607e+00	394.7600	19.8686	2406093938.0000	38837.00	-29963.00	127.7	2.0495	99.9996
1.6575e+00	395.4400	19.8857	2409723538.0000	39037.00	-29763.00	127.3	2.0406	99.9994
1.6501e+00	396.9200	19.9229	2421668738.0000	39037.00	-29963.00	127.5	2.0479	99.9995
1.6430e+00	398.2800	19.9570	2425378338.0000	39237.00	-29763.00	127.2	2.0403	99.9994
1.6419e+00	398.4800	19.9620	2433693938.0000	39037.00	-30163.00	127.7	2.0571	99.9996
1.6408e+00	398.6800	19.9670	2437323538.0000	39237.00	-29963.00	127.4	2.0494	99.9995
1.6332e+00	399.8400	19.9960	2449348738.0000	39237.00	-30163.00	127.6	2.0574	99.9996
1.6231e+00	402.0000	20.0499	2461453938.0000	39237.00	-30363.00	127.7	2.0677	99.9997
1.6163e+00	402.9600	20.0739	2465083538.0000	39437.00	-30163.00	127.4	2.0554	99.9996
1.6160e+00	403.0800	20.0769	2477188738.0000	39437.00	-30363.00	127.6	2.0667	99.9997
1.6058e+00	405.4000	20.1345	2489373938.0000	39437.00	-30563.00	127.8	2.0750	99.9998
1.5980e+00	406.5600	20.1633	2493003538.0000	39637.00	-30363.00	127.5	2.0647	99.9997
1.5932e+00	407.7600	20.1931	2505188738.0000	39637.00	-30563.00	127.6	2.0746	99.9998
1.5883e+00	408.8800	20.2208	2508898338.0000	39837.00	-30363.00	127.3	2.0659	99.9997
1.5880e+00	408.9200	20.2218	2517453938.0000	39637.00	-30763.00	127.8	2.0854	99.9998
1.5840e+00	409.7600	20.2425	2524873138.0000	40037.00	-30363.00	127.2	2.0661	99.9996
1.5808e+00	410.5200	20.2613	2533348738.0000	39837.00	-30763.00	127.7	2.0850	99.9998
1.5789e+00	410.8800	20.2702	2537058338.0000	40037.00	-30563.00	127.4	2.0757	99.9997
1.5722e+00	412.3200	20.3057	2549323538.0000	40037.00	-30763.00	127.5	2.0841	99.9998
1.5675e+00	413.2000	20.3273	2553113138.0000	40237.00	-30563.00	127.2	2.0741	99.9997
1.5627e+00	414.2400	20.3529	2565378338.0000	40237.00	-30763.00	127.4	2.0841	99.9998
1.5548e+00	415.8000	20.3912	2577723538.0000	40237.00	-30963.00	127.6	2.0928	99.9998
1.5500e+00	416.6000	20.4108	2581513138.0000	40437.00	-30763.00	127.3	2.0814	99.9997
1.5457e+00	417.4800	20.4323	2593858338.0000	40437.00	-30963.00	127.4	2.0926	99.9998
1.5372e+00	419.7200	20.4871	2606283538.0000	40437.00	-31163.00	127.6	2.1013	99.9998
1.5349e+00	420.0400	20.4949	2610073138.0000	40637.00	-30963.00	127.3	2.0917	99.9998
1.5280e+00	421.0800	20.5202	2622498338.0000	40637.00	-31163.00	127.5	2.1006	99.9998
1.5246e+00	421.8800	20.5397	2626367938.0000	40837.00	-30963.00	127.2	2.0928	99.9998
1.5190e+00	423.1200	20.5699	2635003538.0000	40637.00	-31363.00	127.7	2.1095	99.9999
1.5168e+00	423.4800	20.5786	2638793138.0000	40837.00	-31163.00	127.3	2.0987	99.9998
1.5106e+00	425.1600	20.6194	2642742738.0000	41037.00	-30963.00	127.0	2.0907	99.9997
1.5104e+00	425.2400	20.6213	2651298338.0000	40837.00	-31363.00	127.5	2.1086	99.9999
1.5069e+00	425.6400	20.6310	2655167938.0000	41037.00	-31163.00	127.2	2.0998	99.9998
1.5004e+00	427.2800	20.6708	2667673138.0000	41037.00	-31363.00	127.4	2.1080	99.9998
1.4940e+00	428.8000	20.7075	2680258338.0000	41037.00	-31563.00	127.6	2.1185	99.9999
1.4892e+00	429.6800	20.7287	2684127938.0000	41237.00	-31363.00	127.3	2.1077	99.9998
1.4851e+00	430.6400	20.7519	2696713138.0000	41237.00	-31563.00	127.4	2.1184	99.9999
1.4789e+00	431.9200	20.7827	2700662738.0000	41437.00	-31363.00	127.1	2.1078	99.9998
1.4752e+00	432.9200	20.8067	2709378338.0000	41237.00	-31763.00	127.6	2.1276	99.9999
1.4715e+00	433.9200	20.8307	2713247938.0000	41437.00	-31563.00	127.3	2.1165	99.9999
1.4644e+00	435.1600	20.8605	2725913138.0000	41437.00	-31763.00	127.5	2.1262	99.9999
1.4596e+00	436.4800	20.8921	2729862738.0000	41637.00	-31563.00	127.2	2.1158	99.9998
1.4556e+00	437.4400	20.9151	2738658338.0000	41437.00	-31963.00	127.6	2.1362	99.9999
1.4544e+00	437.8400	20.9246	2742527938.0000	41637.00	-31763.00	127.3	2.1257	99.9999
1.4479e+00	439.2400	20.9581	2746557538.0000	41837.00	-31563.00	127.0	2.1157	99.9998
1.4477e+00	439.4000	20.9619	2755273138.0000	41637.00	-31963.00	127.5	2.1362	99.9999
1.4475e+00	439.5200	20.9647	2759222738.0000	41837.00	-31763.00	127.2	2.1274	99.9999
1.4398e+00	440.8800	20.9971	2771967938.0000	41837.00	-31963.00	127.4	2.1366	99.9999
1.4355e+00	442.2000	21.0286	2775997538.0000	42037.00	-31763.00	127.1	2.1268	99.9999
1.4341e+00	442.8000	21.0428	2784793138.0000	41837.00	-32163.00	127.6	2.1482	99.9999
1.4322e+00	443.3200	21.0552	2788742738.0000	42037.00	-31963.00	127.2	2.1376	99.9999
1.4264e+00	444.4400	21.0817	2801567938.0000	42037.00	-32163.00	127.4	2.1485	99.9999
1.4213e+00	445.7200	21.1121	2805597538.0000	42237.00	-31963.00	127.1	2.1374	99.9999
1.4163e+00	446.9600	21.1414	2818422738.0000	42237.00	-32163.00	127.3	2.1479	99.9999
1.4097e+00	448.6000	21.1802	2831327938.0000	42237.00	-32363.00	127.5	2.1588	99.9999
1.4049e+00	450.0800	21.2151	2835357538.0000	42437.00	-32163.00	127.2	2.1470	99.9999
1.3997e+00	451.2000	21.2415	2848262738.0000	42437.00	-32363.00	127.3	2.1579	99.9999
1.3908e+00	453.2400	21.2894	2852372338.0000	42637.00	-32163.00	127.0	2.1452	99.9999
1.3901e+00	453.4000	21.2932	2861247938.0000	42437.00	-32563.00	127.5	2.1676	99.9999
1.3867e+00	454.3600	21.3157	2865277538.0000	42637.00	-32363.00	127.2	2.1559	99.9999
1.3861e+00	454.4400	21.3176	2874313138.0000	42437.00	-32763.00	127.7	2.1822	100.0000
1.3838e+00	455.0800	21.3326	2878262738.0000	42637.00	-32563.00	127.4	2.1686	99.9999
1.3791e+00	456.2400	21.3598	2891327938.0000	42637.00	-32763.00	127.5	2.1821	100.0000
1.3725e+00	457.7600	21.3953	2895357538.0000	42837.00	-32563.00	127.2	2.1671	99.9999
1.3719e+00	457.8800	21.3981	2908422738.0000	42837.00	-32763.00	127.4	2.1831	100.0000
1.3666e+00	459.4800	21.4355	2912532338.0000	43037.00	-32563.00	127.1	2.1692	99.9999
1.3663e+00	459.6000	21.4383	2921567938.0000	42837.00	-32963.00	127.6	2.1987	100.0000
1.3627e+00	460.5600	21.4607	2925597538.0000	43037.00	-32763.00	127.3	2.1823	100.0000
1.3594e+00	461.1200	21.4737	2938742738.0000	43037.00	-32963.00	127.4	2.1991	100.0000
1.3590e+00	461.3600	21.4793	2942852338.0000	43237.00	-32763.00	127.2	2.1894	100.0000
1.3543e+00	462.6800	21.5100	2955997538.0000	43237.00	-32963.00	127.3	2.2028	100.0000
1.3435e+00	465.1200	21.5666	2973332338.0000	43437.00	-32963.00	127.2	2.2000	100.0000
1.3388e+00	466.6800	21.6028	2986557538.0000	43437.00	-33163.00	127.4	2.2143	100.0000
1.3322e+00	468.4400	21.6435	2999862738.0000	43437.00	-33363.00	127.5	2.2290	100.0000
1.3263e+00	470.0800	21.6813	3003972338.0000	43637.00	-33163.00	127.2	2.2089	100.0000
1.3184e+00	472.1600	21.7292	3017277538.0000	43637.00	-33363.00	127.4	2.2200	100.0000
1.3112e+00	474.1200	21.7743	3021467138.0000	43837.00	-33163.00	127.1	2.2012	100.0000
1.3087e+00	474.6800	21.7872	3030662738.0000	43637.00	-33563.00	127.6	2.2311	100.0000
1.3058e+00	475.6400	21.8092	3034772338.0000	43837.00	-33363.00	127.3	2.2133	100.0000
1.3026e+00	476.3600	21.8257	3044127938.0000	43637.00	-33763.00	127.7	2.2502	100.0000
1.2976e+00	477.6000	21.8541	3048157538.0000	43837.00	-33563.00	127.4	2.2252	100.0000
1.2945e+00	478.6400	21.8778	3052347138.0000	44037.00	-33363.00	127.1	2.2111	100.0000
1.2920e+00	479.6000	21.8998	3061622738.0000	43837.00	-33763.00	127.6	2.2428	100.0000
1.2890e+00	480.2400	21.9144	3065732338.0000	44037.00	-33563.00	127.3	2.2238	100.0000
1.2856e+00	481.0800	21.9335	3070001938.0000	44237.00	-33363.00	127.0	2.2108	100.0000
1.2839e+00	481.3600	21.9399	3079197538.0000	44037.00	-33763.00	127.5	2.2400	100.0000
1.2780e+00	482.9600	21.9764	3083387138.0000	44237.00	-33563.00	127.2	2.2214	100.0000
1.2742e+00	483.8800	21.9973	3096852338.0000	44237.00	-33763.00	127.4	2.2359	100.0000
1.2676e+00	485.6000	22.0363	3101121938.0000	44437.00	-33563.00	127.1	2.2198	100.0000
1.2657e+00	486.4800	22.0563	3110397538.0000	44237.00	-33963.00	127.5	2.2489	100.0000
1.2610e+00	487.3200	22.0753	3114587138.0000	44437.00	-33763.00	127.2	2.2314	100.0000
1.2601e+00	487.6400	22.0826	3118936738.0000	44637.00	-33563.00	126.9	2.2204	100.0000
1.2556e+00	488.8400	22.1097	3128132338.0000	44437.00	-33963.00	127.4	2.2456	100.0000
1.2537e+00	489.3200	22.1206	3132401938.0000	44637.00	-33763.00	127.1	2.2315	100.0000
1.2517e+00	490.2400	22.1414	3136831538.0000	44837.00	-33563.00	126.8	2.2225	100.0000
1.2477e+00	491.3200	22.1657	3141757538.0000	44437.00	-34163.00	127.6	2.2594	100.0000
1.2473e+00	491.4400	22.1684	3145947138.0000	44637.00	-33963.00	127.3	2.2440	100.0000
1.2446e+00	492.5200	22.1928	3150296738.0000	44837.00	-33763.00	127.0	2.2306	100.0000
1.2406e+00	493.2800	22.2099	3163841938.0000	44837.00	-33963.00	127.1	2.2440	100.0000
1.2360e+00	494.9200	22.2468	3168271538.0000	45037.00	-33763.00	126.9	2.2315	100.0000
1.2308e+00	496.0000	22.2711	3181816738.0000	45037.00	-33963.00	127.0	2.2423	100.0000
1.2289e+00	496.6400	22.2854	3186326338.0000	45237.00	-33763.00	126.7	2.2347	100.0000
1.2267e+00	497.2000	22.2980	3218006338.0000	45437.00	-33963.00	126.8	2.2572	100.0000
1.2196e+00	499.1600	22.3419	3231631538.0000	45437.00	-34163.00	126.9	2.2667	100.0000
1.2026e+00	504.2800	22.4562	3236221138.0000	45637.00	-33963.00	126.7	2.2427	100.0000
1.2002e+00	505.1200	22.4749	3245336738.0000	45437.00	-34363.00	127.1	2.2641	100.0000
1.1991e+00	505.4000	22.4811	3249846338.0000	45637.00	-34163.00	126.8	2.2545	100.0000
1.1905e+00	508.3200	22.5460	3263551538.0000	45637.00	-34363.00	127.0	2.2619	100.0000
1.1834e+00	509.9600	22.5823	3268141138.0000	45837.00	-34163.00	126.7	2.2471	100.0000
1.1825e+00	510.2400	22.5885	3277336738.0000	45637.00	-34563.00	127.1	2.2733	100.0000
1.1792e+00	511.6000	22.6186	3281846338.0000	45837.00	-34363.00	126.9	2.2589	100.0000
1.1757e+00	512.7600	22.6442	3291201938.0000	45637.00	-34763.00	127.3	2.2872	100.0000
1.1728e+00	513.6400	22.6636	3295631538.0000	45837.00	-34563.00	127.0	2.2707	100.0000
1.1682e+00	514.9600	22.6927	3309496738.0000	45837.00	-34763.00	127.2	2.2854	100.0000
1.1612e+00	516.8000	22.7332	3314006338.0000	46037.00	-34563.00	126.9	2.2671	100.0000
1.1593e+00	517.4400	22.7473	3323441938.0000	45837.00	-34963.00	127.3	2.2983	100.0000
1.1554e+00	518.6000	22.7728	3327871538.0000	46037.00	-34763.00	127.1	2.2799	100.0000
1.1530e+00	519.5600	22.7939	3337467138.0000	45837.00	-35163.00	127.5	2.3176	100.0000
1.1508e+00	520.2000	22.8079	3341816738.0000	46037.00	-34963.00	127.2	2.2952	100.0000
1.1463e+00	521.5200	22.8368	3346326338.0000	46237.00	-34763.00	126.9	2.2776	100.0000
1.1462e+00	521.5600	22.8377	3355841938.0000	46037.00	-35163.00	127.4	2.3148	100.0000
1.1442e+00	522.6000	22.8604	3384132338.0000	46037.00	-35563.00	127.7	2.3632	100.0000
1.1413e+00	523.6400	22.8832	3402587138.0000	46237.00	-35563.00	127.6	2.3618	100.0000
1.1323e+00	526.4400	22.9443	3406936738.0000	46437.00	-35363.00	127.3	2.3337	100.0000
1.1187e+00	530.6000	23.0348	3411446338.0000	46637.00	-35163.00	127.0	2.3011	100.0000
1.1155e+00	531.7200	23.0591	3425551538.0000	46637.00	-35363.00	127.2	2.3209	100.0000
1.1072e+00	534.6800	23.1231	3430141138.0000	46837.00	-35163.00	126.9	2.2963	100.0000
1.1038e+00	535.6000	23.1430	3444246338.0000	46837.00	-35363.00	127.1	2.3124	100.0000
1.0974e+00	537.5200	23.1845	3448915938.0000	47037.00	-35163.00	126.8	2.2933	100.0000
1.0946e+00	538.2000	23.1991	3458431538.0000	46837.00	-35563.00	127.2	2.3249	100.0000
1.0927e+00	538.7600	23.2112	3463021138.0000	47037.00	-35363.00	126.9	2.3072	100.0000
1.0873e+00	540.6800	23.2525	3467770738.0000	47237.00	-35163.00	126.7	2.2905	100.0000
1.0860e+00	541.0800	23.2611	3477206338.0000	47037.00	-35563.00	127.1	2.3211	100.0000
1.0843e+00	541.7600	23.2757	3538920338.0000	47837.00	-35363.00	126.5	2.3239	100.0000
1.0765e+00	544.8400	23.3418	3558095138.0000	48037.00	-35363.00	126.4	2.3232	100.0000
1.0520e+00	553.4000	23.5245	3567370738.0000	47837.00	-35763.00	126.8	2.3304	100.0000
1.0509e+00	553.9200	23.5355	3572280338.0000	48037.00	-35563.00	126.5	2.3173	100.0000
1.0420e+00	557.0000	23.6008	3577349938.0000	48237.00	-35363.00	126.2	2.3003	100.0000
1.0394e+00	557.8400	23.6186	3668410738.0000	48437.00	-36363.00	126.9	2.3883	100.0000
1.0012e+00	571.9200	23.9148	3673320338.0000	48637.00	-36163.00	126.6	2.3391	100.0000
9.9886e-01	572.6400	23.9299	3683619538.0000	49037.00	-35763.00	126.1	2.3172	100.0000
9.9315e-01	574.6000	23.9708	3712389938.0000	49037.00	-36163.00	126.4	2.3429	100.0000
9.8904e-01	576.4000	24.0083	3790545538.0000	49237.00	-36963.00	126.9	2.4171	100.0000
9.4832e-01	592.7600	24.3467	3795535138.0000	49437.00	-36763.00	126.6	2.3627	100.0000
9.4513e-01	593.9600	24.3713	3805370738.0000	49237.00	-37163.00	127.0	2.4036	100.0000
9.4086e-01	595.5600	24.4041	3810280338.0000	49437.00	-36963.00	126.8	2.3768	100.0000
9.3992e-01	596.0000	24.4131	3815349938.0000	49637.00	-36763.00	126.5	2.3581	100.0000
9.3360e-01	598.4000	24.4622	3820579538.0000	49837.00	-36563.00	126.3	2.3393	100.0000
9.3165e-01	599.2800	24.4802	3825105538.0000	49437.00	-37163.00	126.9	2.3895	100.0000
9.3107e-01	599.4400	24.4835	3830095138.0000	49637.00	-36963.00	126.7	2.3689	100.0000
9.2943e-01	600.0000	24.4949	3835244738.0000	49837.00	-36763.00	126.4	2.3523	100.0000
9.2439e-01	602.0800	24.5373	3840554338.0000	50037.00	-36563.00	126.2	2.3360	100.0000
9.2345e-01	602.4400	24.5447	3849989938.0000	49837.00	-36963.00	126.6	2.3651	100.0000
9.2077e-01	603.4400	24.5650	3855219538.0000	50037.00	-36763.00	126.3	2.3487	100.0000
9.1631e-01	605.4800	24.6065	3864815138.0000	49837.00	-37163.00	126.7	2.3783	100.0000
9.1577e-01	605.7600	24.6122	3869964738.0000	50037.00	-36963.00	126.5	2.3616	100.0000
9.1205e-01	607.4000	24.6455	3875274338.0000	50237.00	-36763.00	126.2	2.3454	100.0000
9.0940e-01	608.7200	24.6723	3884789938.0000	50037.00	-37163.00	126.6	2.3747	100.0000
9.0778e-01	609.2400	24.6828	3890019538.0000	50237.00	-36963.00	126.3	2.3581	100.0000
9.0303e-01	611.2000	24.7225	3895409138.0000	50437.00	-36763.00	126.1	2.3421	100.0000
9.0218e-01	611.4000	24.7265	3904844738.0000	50237.00	-37163.00	126.5	2.3711	100.0000
8.9950e-01	612.4000	24.7467	3910154338.0000	50437.00	-36963.00	126.2	2.3547	100.0000
8.9524e-01	613.9200	24.7774	3919749938.0000	50237.00	-37363.00	126.6	2.3843	100.0000
8.9465e-01	614.2800	24.7847	3924979538.0000	50437.00	-37163.00	126.4	2.3676	100.0000
8.9114e-01	616.2400	24.8242	3930369138.0000	50637.00	-36963.00	126.1	2.3516	100.0000
8.8846e-01	617.4400	24.8483	3939884738.0000	50437.00	-37363.00	126.5	2.3807	100.0000
8.8685e-01	618.4400	24.8685	3945194338.0000	50637.00	-37163.00	126.3	2.3642	100.0000
8.8210e-01	620.3600	24.9070	3950663938.0000	50837.00	-36963.00	126.0	2.3480	100.0000
8.8139e-01	620.4800	24.9094	3960099538.0000	50637.00	-37363.00	126.4	2.3771	100.0000
8.7872e-01	621.4000	24.9279	3965489138.0000	50837.00	-37163.00	126.2	2.3607	100.0000
8.7464e-01	623.1600	24.9632	3975084738.0000	50637.00	-37563.00	126.6	2.3902	100.0000
8.7402e-01	623.5200	24.9704	3980394338.0000	50837.00	-37363.00	126.3	2.3735	100.0000
8.7035e-01	626.0400	25.0208	3985863938.0000	51037.00	-37163.00	126.1	2.3573	100.0000
8.6803e-01	627.0800	25.0416	3995379538.0000	50837.00	-37563.00	126.5	2.3866	100.0000
8.6643e-01	628.0400	25.0607	4000769138.0000	51037.00	-37363.00	126.2	2.3701	100.0000
8.6173e-01	630.2800	25.1054	4006318738.0000	51237.00	-37163.00	126.0	2.3540	100.0000
8.6115e-01	630.5200	25.1102	4015754338.0000	51037.00	-37563.00	126.4	2.3830	100.0000
8.5853e-01	631.4000	25.1277	4021223938.0000	51237.00	-37363.00	126.1	2.3667	100.0000
8.5458e-01	633.0400	25.1603	4030819538.0000	51037.00	-37763.00	126.5	2.3961	100.0000
8.5393e-01	633.4400	25.1682	4036209138.0000	51237.00	-37563.00	126.2	2.3795	100.0000
8.5030e-01	635.2400	25.2040	4041758738.0000	51437.00	-37363.00	126.0	2.3632	100.0000
8.4809e-01	636.0000	25.2190	4051274338.0000	51237.00	-37763.00	126.4	2.3925	100.0000
8.4644e-01	636.8000	25.2349	4056743938.0000	51437.00	-37563.00	126.1	2.3759	100.0000
8.4188e-01	639.2800	25.2840	4062373538.0000	51637.00	-37363.00	125.9	2.3599	100.0000
8.4131e-01	639.6400	25.2911	4071809138.0000	51437.00	-37763.00	126.3	2.3888	100.0000
8.3872e-01	640.7200	25.3124	4077358738.0000	51637.00	-37563.00	126.0	2.3725	100.0000
8.3493e-01	642.0800	25.3393	4086954338.0000	51437.00	-37963.00	126.4	2.4019	100.0000
8.3429e-01	642.3200	25.3440	4092423938.0000	51637.00	-37763.00	126.2	2.3853	100.0000
8.3076e-01	644.0400	25.3779	4098053538.0000	51837.00	-37563.00	125.9	2.3691	100.0000
8.2861e-01	645.1600	25.4000	4107569138.0000	51637.00	-37963.00	126.3	2.3983	100.0000
8.2702e-01	645.8000	25.4126	4113118738.0000	51837.00	-37763.00	126.1	2.3818	100.0000
8.2256e-01	647.9200	25.4543	4118828338.0000	52037.00	-37563.00	125.8	2.3658	100.0000
8.2203e-01	648.2000	25.4598	4128263938.0000	51837.00	-37963.00	126.2	2.3947	100.0000
8.1950e-01	649.4000	25.4833	4133893538.0000	52037.00	-37763.00	126.0	2.3784	100.0000
8.1582e-01	650.9200	25.5131	4143489138.0000	51837.00	-38163.00	126.4	2.4077	100.0000
8.1520e-01	651.2400	25.5194	4149038738.0000	52037.00	-37963.00	126.1	2.3911	100.0000
8.1175e-01	653.1600	25.5570	4154748338.0000	52237.00	-37763.00	125.9	2.3750	100.0000
8.0967e-01	654.0800	25.5750	4164263938.0000	52037.00	-38163.00	126.3	2.4041	100.0000
8.0812e-01	655.2400	25.5977	4169893538.0000	52237.00	-37963.00	126.0	2.3877	100.0000
8.0377e-01	657.4400	25.6406	4175683138.0000	52437.00	-37763.00	125.8	2.3717	100.0000
8.0327e-01	657.6000	25.6437	4185118738.0000	52237.00	-38163.00	126.2	2.4005	100.0000
8.0080e-01	658.7600	25.6663	4190828338.0000	52437.00	-37963.00	125.9	2.3842	100.0000
7.9723e-01	660.6400	25.7029	4200423938.0000	52237.00	-38363.00	126.3	2.4135	100.0000
7.9662e-01	660.9200	25.7084	4206053538.0000	52437.00	-38163.00	126.0	2.3970	100.0000
7.9325e-01	662.6000	25.7410	4211843138.0000	52637.00	-37963.00	125.8	2.3808	100.0000
7.9125e-01	663.5600	25.7597	4221358738.0000	52437.00	-38363.00	126.2	2.4099	100.0000
7.8973e-01	664.5600	25.7791	4227068338.0000	52637.00	-38163.00	125.9	2.3935	100.0000
7.8549e-01	666.9200	25.8248	4232937938.0000	52837.00	-37963.00	125.7	2.3775	100.0000
7.8501e-01	667.1600	25.8294	4242373538.0000	52637.00	-38363.00	126.1	2.4063	100.0000
7.8260e-01	668.0800	25.8472	4248163138.0000	52837.00	-38163.00	125.8	2.3901	100.0000
7.7913e-01	669.6000	25.8766	4257758738.0000	52637.00	-38563.00	126.2	2.4193	100.0000
7.7854e-01	670.0000	25.8844	4263468338.0000	52837.00	-38363.00	126.0	2.4028	100.0000
7.7526e-01	671.7200	25.9176	4269337938.0000	53037.00	-38163.00	125.7	2.3867	100.0000
7.7331e-01	672.6400	25.9353	4278853538.0000	52837.00	-38563.00	126.1	2.4157	100.0000
7.7184e-01	673.2400	25.9469	4284643138.0000	53037.00	-38363.00	125.9	2.3993	100.0000
7.6771e-01	675.3600	25.9877	4290592738.0000	53237.00	-38163.00	125.6	2.3834	100.0000
7.6726e-01	675.5200	25.9908	4300028338.0000	53037.00	-38563.00	126.0	2.4121	100.0000
7.6492e-01	676.8000	26.0154	4305897938.0000	53237.00	-38363.00	125.8	2.3959	100.0000
7.6153e-01	678.8000	26.0538	4315493538.0000	53037.00	-38763.00	126.2	2.4251	100.0000
7.6097e-01	679.2000	26.0615	4321283138.0000	53237.00	-38563.00	125.9	2.4086	100.0000
7.5778e-01	681.3200	26.1021	4327232738.0000	53437.00	-38363.00	125.7	2.3926	100.0000
7.5588e-01	682.4400	26.1236	4336748338.0000	53237.00	-38763.00	126.1	2.4215	100.0000
7.5445e-01	683.4400	26.1427	4342617938.0000	53437.00	-38563.00	125.8	2.4052	100.0000
7.5043e-01	685.1200	26.1748	4348647538.0000	53637.00	-38363.00	125.6	2.3893	100.0000
7.4999e-01	685.4000	26.1801	4358083138.0000	53437.00	-38763.00	126.0	2.4179	100.0000
7.4772e-01	686.4800	26.2008	4364032738.0000	53637.00	-38563.00	125.7	2.4018	100.0000
7.4441e-01	688.5200	26.2397	4373628338.0000	53437.00	-38963.00	126.1	2.4309	100.0000
7.4387e-01	688.8000	26.2450	4379497938.0000	53637.00	-38763.00	125.9	2.4144	100.0000
7.4077e-01	690.5600	26.2785	4385527538.0000	53837.00	-38563.00	125.6	2.3985	100.0000
7.3892e-01	691.3200	26.2930	4395043138.0000	53637.00	-38963.00	126.0	2.4273	100.0000
7.3754e-01	691.8400	26.3029	4400992738.0000	53837.00	-38763.00	125.8	2.4110	100.0000
7.3363e-01	693.9200	26.3424	4407102338.0000	54037.00	-38563.00	125.5	2.3952	100.0000
7.3320e-01	694.2400	26.3484	4416537938.0000	53837.00	-38963.00	125.9	2.4238	100.0000
7.3099e-01	695.4000	26.3704	4422567538.0000	54037.00	-38763.00	125.7	2.4076	100.0000
7.2776e-01	697.3200	26.4068	4432163138.0000	53837.00	-39163.00	126.0	2.4367	100.0000
7.2726e-01	697.6400	26.4129	4438112738.0000	54037.00	-38963.00	125.8	2.4203	100.0000
7.2424e-01	699.8400	26.4545	4444222338.0000	54237.00	-38763.00	125.6	2.4043	100.0000
7.2243e-01	701.0400	26.4772	4453737938.0000	54037.00	-39163.00	125.9	2.4331	100.0000
7.2110e-01	701.7200	26.4900	4459767538.0000	54237.00	-38963.00	125.7	2.4169	100.0000
7.1730e-01	703.6400	26.5262	4465957138.0000	54437.00	-38763.00	125.5	2.4011	100.0000
7.1687e-01	703.7200	26.5277	4475392738.0000	54237.00	-39163.00	125.8	2.4296	100.0000
7.1474e-01	705.2000	26.5556	4481502338.0000	54437.00	-38963.00	125.6	2.4135	100.0000
7.1157e-01	706.7200	26.5842	4491097938.0000	54237.00	-39363.00	126.0	2.4424	100.0000
7.1110e-01	707.0000	26.5895	4497127538.0000	54437.00	-39163.00	125.7	2.4261	100.0000
7.0817e-01	709.3200	26.6331	4503317138.0000	54637.00	-38963.00	125.5	2.4102	100.0000
7.0639e-01	710.1600	26.6488	4512832738.0000	54437.00	-39363.00	125.9	2.4389	100.0000
7.0511e-01	710.9600	26.6638	4518942338.0000	54637.00	-39163.00	125.6	2.4227	100.0000
7.0142e-01	712.6000	26.6946	4525211938.0000	54837.00	-38963.00	125.4	2.4070	100.0000
7.0099e-01	712.8800	26.6998	4534647538.0000	54637.00	-39363.00	125.8	2.4354	100.0000
6.9893e-01	714.1200	26.7230	4540837138.0000	54837.00	-39163.00	125.5	2.4194	100.0000
6.9583e-01	715.5200	26.7492	4550432738.0000	54637.00	-39563.00	125.9	2.4482	100.0000
6.9538e-01	716.0000	26.7582	4556542338.0000	54837.00	-39363.00	125.7	2.4320	100.0000
6.9255e-01	717.8000	26.7918	4562811938.0000	55037.00	-39163.00	125.4	2.4161	100.0000
6.9080e-01	718.8400	26.8112	4572327538.0000	54837.00	-39563.00	125.8	2.4447	100.0000
6.8957e-01	719.6800	26.8269	4578517138.0000	55037.00	-39363.00	125.6	2.4286	100.0000
6.8598e-01	721.6400	26.8634	4584866738.0000	55237.00	-39163.00	125.3	2.4129	100.0000
6.8555e-01	721.9200	26.8686	4594302338.0000	55037.00	-39563.00	125.7	2.4412	100.0000
6.8355e-01	722.8800	26.8864	4600571938.0000	55237.00	-39363.00	125.5	2.4253	100.0000
6.8052e-01	724.4400	26.9154	4610167538.0000	55037.00	-39763.00	125.8	2.4540	100.0000
6.8010e-01	724.8400	26.9229	4616357138.0000	55237.00	-39563.00	125.6	2.4378	100.0000
6.7735e-01	726.8800	26.9607	4622706738.0000	55437.00	-39363.00	125.4	2.4220	100.0000
6.7563e-01	728.0400	26.9822	4632222338.0000	55237.00	-39763.00	125.7	2.4505	100.0000
6.7445e-01	729.0000	27.0000	4638491938.0000	55437.00	-39563.00	125.5	2.4344	100.0000
6.7096e-01	730.6800	27.0311	4644921538.0000	55637.00	-39363.00	125.3	2.4188	100.0000
6.7053e-01	730.8400	27.0341	4654357138.0000	55437.00	-39763.00	125.7	2.4470	100.0000
6.6860e-01	731.8000	27.0518	4660706738.0000	55637.00	-39563.00	125.4	2.4311	100.0000
6.6562e-01	733.1600	27.0769	4670302338.0000	55437.00	-39963.00	125.8	2.4598	100.0000
6.6523e-01	733.6400	27.0858	4676571938.0000	55637.00	-39763.00	125.6	2.4436	100.0000
6.6257e-01	735.6400	27.1227	4683001538.0000	55837.00	-39563.00	125.3	2.4279	100.0000
6.6087e-01	736.7600	27.1433	4692517138.0000	55637.00	-39963.00	125.7	2.4563	100.0000
6.5974e-01	737.6400	27.1595	4698866738.0000	55837.00	-39763.00	125.5	2.4403	100.0000
6.5636e-01	739.9600	27.2022	4705376338.0000	56037.00	-39563.00	125.2	2.4247	100.0000
6.5592e-01	740.1600	27.2059	4714811938.0000	55837.00	-39963.00	125.6	2.4529	100.0000
6.5406e-01	741.6000	27.2323	4721241538.0000	56037.00	-39763.00	125.4	2.4370	100.0000
6.5113e-01	743.2400	27.2624	4730837138.0000	55837.00	-40163.00	125.7	2.4656	100.0000
6.5077e-01	743.6000	27.2690	4737186738.0000	56037.00	-39963.00	125.5	2.4495	100.0000
6.4819e-01	745.5600	27.3049	4743696338.0000	56237.00	-39763.00	125.3	2.4338	100.0000
6.4652e-01	746.8400	27.3284	4753211938.0000	56037.00	-40163.00	125.6	2.4621	100.0000
6.4543e-01	747.5200	27.3408	4759641538.0000	56237.00	-39963.00	125.4	2.4461	100.0000
6.4214e-01	749.7200	27.3810	4766231138.0000	56437.00	-39763.00	125.2	2.4306	100.0000
6.4170e-01	750.1600	27.3890	4775666738.0000	56237.00	-40163.00	125.5	2.4587	100.0000
6.3990e-01	751.2400	27.4088	4782176338.0000	56437.00	-39963.00	125.3	2.4429	100.0000
6.3703e-01	752.6400	27.4343	4791771938.0000	56237.00	-40363.00	125.7	2.4714	100.0000
6.3669e-01	752.9600	27.4401	4798201538.0000	56437.00	-40163.00	125.4	2.4553	100.0000
6.3419e-01	754.9600	27.4765	4804791138.0000	56637.00	-39963.00	125.2	2.4397	100.0000
6.3254e-01	756.1600	27.4984	4814306738.0000	56437.00	-40363.00	125.6	2.4679	100.0000
6.3150e-01	756.7600	27.5093	4820816338.0000	56637.00	-40163.00	125.3	2.4520	100.0000
6.2831e-01	758.9200	27.5485	4827485938.0000	56837.00	-39963.00	125.1	2.4365	100.0000
6.2786e-01	759.3600	27.5565	4836921538.0000	56637.00	-40363.00	125.5	2.4645	100.0000
6.2612e-01	760.4000	27.5754	4843511138.0000	56837.00	-40163.00	125.2	2.4487	100.0000
6.2330e-01	762.1600	27.6072	4853106738.0000	56637.00	-40563.00	125.6	2.4772	100.0000
6.2299e-01	762.3600	27.6109	4859616338.0000	56837.00	-40363.00	125.4	2.4611	100.0000
6.2057e-01	764.2400	27.6449	4866285938.0000	57037.00	-40163.00	125.2	2.4456	100.0000
6.1894e-01	765.5200	27.6680	4875801538.0000	56837.00	-40563.00	125.5	2.4737	100.0000
6.1794e-01	766.2000	27.6803	4882391138.0000	57037.00	-40363.00	125.3	2.4578	100.0000
6.1485e-01	768.0000	27.7128	4889140738.0000	57237.00	-40163.00	125.1	2.4424	100.0000
6.1439e-01	768.3600	27.7193	4898576338.0000	57037.00	-40563.00	125.4	2.4703	100.0000
6.1271e-01	769.2400	27.7352	4905245938.0000	57237.00	-40363.00	125.2	2.4546	100.0000
6.0993e-01	771.0800	27.7683	4914841538.0000	57037.00	-40763.00	125.6	2.4829	100.0000
6.0966e-01	771.2800	27.7719	4921431138.0000	57237.00	-40563.00	125.3	2.4670	100.0000
6.0731e-01	773.0000	27.8029	4928180738.0000	57437.00	-40363.00	125.1	2.4514	100.0000
6.0570e-01	774.2400	27.8252	4937696338.0000	57237.00	-40763.00	125.5	2.4795	100.0000
6.0474e-01	775.0400	27.8395	4944365938.0000	57437.00	-40563.00	125.2	2.4637	100.0000
6.0174e-01	777.0000	27.8747	4951195538.0000	57637.00	-40363.00	125.0	2.4483	100.0000
6.0127e-01	777.3200	27.8805	4960631138.0000	57437.00	-40763.00	125.4	2.4761	100.0000
5.9965e-01	778.6000	27.9034	4967380738.0000	57637.00	-40563.00	125.1	2.4605	100.0000
5.9692e-01	780.0400	27.9292	4976976338.0000	57437.00	-40963.00	125.5	2.4887	100.0000
5.9667e-01	780.2000	27.9321	4983645938.0000	57637.00	-40763.00	125.3	2.4728	100.0000
5.9440e-01	782.3600	27.9707	4990475538.0000	57837.00	-40563.00	125.0	2.4573	100.0000
5.9280e-01	783.6800	27.9943	4999991138.0000	57637.00	-40963.00	125.4	2.4852	100.0000
5.9189e-01	784.4800	28.0086	5006740738.0000	57837.00	-40763.00	125.2	2.4695	100.0000
5.8898e-01	786.8800	28.0514	5013650338.0000	58037.00	-40563.00	125.0	2.4542	100.0000
5.8849e-01	787.1600	28.0564	5023085938.0000	57837.00	-40963.00	125.3	2.4819	100.0000
5.8693e-01	788.1600	28.0742	5029915538.0000	58037.00	-40763.00	125.1	2.4663	100.0000
5.8424e-01	789.7200	28.1020	5039511138.0000	57837.00	-41163.00	125.4	2.4944	100.0000
5.8402e-01	789.9200	28.1055	5046260738.0000	58037.00	-40963.00	125.2	2.4786	100.0000
5.8182e-01	791.4400	28.1325	5053170338.0000	58237.00	-40763.00	125.0	2.4632	100.0000
5.8023e-01	792.7200	28.1553	5062685938.0000	58037.00	-41163.00	125.3	2.4910	100.0000
5.7936e-01	793.4000	28.1674	5069515538.0000	58237.00	-40963.00	125.1	2.4753	100.0000
5.7654e-01	796.0400	28.2142	5076505138.0000	58437.00	-40763.00	124.9	2.4601	100.0000
5.7605e-01	796.4400	28.2213	5085940738.0000	58237.00	-41163.00	125.3	2.4876	100.0000
5.7454e-01	797.4400	28.2390	5092850338.0000	58437.00	-40963.00	125.0	2.4721	100.0000
5.7189e-01	799.4400	28.2744	5102445938.0000	58237.00	-41363.00	125.4	2.5001	100.0000
5.7169e-01	799.5200	28.2758	5109275538.0000	58437.00	-41163.00	125.2	2.4843	100.0000
5.6956e-01	801.0400	28.3027	5116265138.0000	58637.00	-40963.00	124.9	2.4690	100.0000
5.6799e-01	802.0400	28.3203	5125780738.0000	58437.00	-41363.00	125.3	2.4967	100.0000
5.6716e-01	802.7200	28.3323	5132690338.0000	58637.00	-41163.00	125.1	2.4811	100.0000
5.6443e-01	804.9600	28.3718	5139759938.0000	58837.00	-40963.00	124.8	2.4659	100.0000
5.6392e-01	805.5600	28.3824	5149195538.0000	58637.00	-41363.00	125.2	2.4934	100.0000
5.6247e-01	806.4400	28.3979	5156185138.0000	58837.00	-41163.00	125.0	2.4779	100.0000
5.5985e-01	808.2000	28.4289	5165780738.0000	58637.00	-41563.00	125.3	2.5058	100.0000
5.5968e-01	808.3600	28.4317	5172690338.0000	58837.00	-41363.00	125.1	2.4901	100.0000
5.5762e-01	809.9600	28.4598	5179759938.0000	59037.00	-41163.00	124.9	2.4748	100.0000
5.5606e-01	811.1200	28.4802	5189275538.0000	58837.00	-41563.00	125.2	2.5024	100.0000
5.5527e-01	811.8400	28.4928	5196265138.0000	59037.00	-41363.00	125.0	2.4869	100.0000
5.5262e-01	814.2400	28.5349	5203414738.0000	59237.00	-41163.00	124.8	2.4718	100.0000
5.5210e-01	814.7600	28.5440	5212850338.0000	59037.00	-41563.00	125.1	2.4991	100.0000
5.5070e-01	815.6800	28.5601	5219919938.0000	59237.00	-41363.00	124.9	2.4837	100.0000
5.4812e-01	817.7600	28.5965	5229515538.0000	59037.00	-41763.00	125.3	2.5115	100.0000
5.4797e-01	817.8800	28.5986	5236505138.0000	59237.00	-41563.00	125.1	2.4958	100.0000
5.4598e-01	819.2000	28.6217	5243654738.0000	59437.00	-41363.00	124.8	2.4806	100.0000
5.4443e-01	820.7600	28.6489	5253170338.0000	59237.00	-41763.00	125.2	2.5081	100.0000
5.4368e-01	821.2800	28.6580	5260239938.0000	59437.00	-41563.00	125.0	2.4926	100.0000
5.4111e-01	823.6000	28.6984	5267469538.0000	59637.00	-41363.00	124.7	2.4776	100.0000
5.4058e-01	824.1200	28.7075	5276905138.0000	59437.00	-41763.00	125.1	2.5048	100.0000
5.3923e-01	825.2800	28.7277	5284054738.0000	59637.00	-41563.00	124.9	2.4895	100.0000
5.3668e-01	827.4400	28.7653	5293650338.0000	59437.00	-41963.00	125.2	2.5172	100.0000
5.3655e-01	827.5600	28.7673	5300719938.0000	59637.00	-41763.00	125.0	2.5016	100.0000
5.3463e-01	829.3600	28.7986	5307949538.0000	59837.00	-41563.00	124.8	2.4864	100.0000
5.3309e-01	830.7200	28.8222	5317465138.0000	59637.00	-41963.00	125.1	2.5138	100.0000
5.3238e-01	831.1200	28.8292	5324614738.0000	59837.00	-41763.00	124.9	2.4984	100.0000
5.2989e-01	833.0800	28.8631	5331924338.0000	60037.00	-41563.00	124.7	2.4834	100.0000
5.2934e-01	833.4800	28.8701	5341359938.0000	59837.00	-41963.00	125.0	2.5105	100.0000
5.2805e-01	834.6400	28.8901	5348589538.0000	60037.00	-41763.00	124.8	2.4952	100.0000
5.2553e-01	836.7600	28.9268	5358185138.0000	59837.00	-42163.00	125.2	2.5228	100.0000
5.2542e-01	837.0000	28.9310	5365334738.0000	60037.00	-41963.00	125.0	2.5073	100.0000
5.2357e-01	838.4400	28.9558	5372644338.0000	60237.00	-41763.00	124.7	2.4922	100.0000
5.2204e-01	839.6400	28.9765	5382159938.0000	60037.00	-42163.00	125.1	2.5195	100.0000
5.2136e-01	840.1600	28.9855	5389389538.0000	60237.00	-41963.00	124.9	2.5041	100.0000
5.1895e-01	842.6800	29.0290	5396779138.0000	60437.00	-41763.00	124.6	2.4892	100.0000
5.1838e-01	843.2000	29.0379	5406214738.0000	60237.00	-42163.00	125.0	2.5162	100.0000
5.1714e-01	844.0800	29.0531	5413524338.0000	60437.00	-41963.00	124.8	2.5010	100.0000
5.1465e-01	845.8000	29.0826	5423119938.0000	60237.00	-42363.00	125.1	2.5284	100.0000
5.1457e-01	845.8400	29.0833	5430349538.0000	60437.00	-42163.00	124.9	2.5129	100.0000
5.1277e-01	847.3600	29.1094	5437739138.0000	60637.00	-41963.00	124.7	2.4979	100.0000
5.1125e-01	848.5600	29.1301	5447254738.0000	60437.00	-42363.00	125.0	2.5251	100.0000
5.1060e-01	849.2800	29.1424	5454564338.0000	60637.00	-42163.00	124.8	2.5098	100.0000
5.0827e-01	851.3600	29.1781	5462033938.0000	60837.00	-41963.00	124.6	2.4949	100.0000
5.0769e-01	852.0400	29.1897	5471469538.0000	60637.00	-42363.00	124.9	2.5218	100.0000
5.0650e-01	853.0000	29.2062	5478859138.0000	60837.00	-42163.00	124.7	2.5067	100.0000
5.0404e-01	855.4800	29.2486	5488454738.0000	60637.00	-42563.00	125.1	2.5340	100.0000
5.0398e-01	855.5200	29.2493	5495764338.0000	60837.00	-42363.00	124.9	2.5186	100.0000
5.0224e-01	856.9600	29.2739	5503233938.0000	61037.00	-42163.00	124.6	2.5036	100.0000
5.0073e-01	858.2800	29.2964	5512749538.0000	60837.00	-42563.00	125.0	2.5307	100.0000
5.0012e-01	858.6400	29.3026	5520139138.0000	61037.00	-42363.00	124.8	2.5154	100.0000
4.9786e-01	860.6800	29.3373	5527688738.0000	61237.00	-42163.00	124.5	2.5006	100.0000
4.9726e-01	861.4400	29.3503	5537124338.0000	61037.00	-42563.00	124.9	2.5274	100.0000
4.9611e-01	862.5200	29.3687	5544593938.0000	61237.00	-42363.00	124.7	2.5123	100.0000
4.9369e-01	864.7600	29.4068	5554189538.0000	61037.00	-42763.00	125.0	2.5396	100.0000
4.9364e-01	864.8400	29.4082	5561579138.0000	61237.00	-42563.00	124.8	2.5242	100.0000
4.9197e-01	866.2000	29.4313	5569128738.0000	61437.00	-42363.00	124.6	2.5093	100.0000
4.9046e-01	867.3600	29.4510	5578644338.0000	61237.00	-42763.00	124.9	2.5363	100.0000
4.8988e-01	867.9200	29.4605	5586113938.0000	61437.00	-42563.00	124.7	2.5211	100.0000
4.8769e-01	870.2800	29.5005	5593743538.0000	61637.00	-42363.00	124.5	2.5063	100.0000
4.8708e-01	871.0400	29.5134	5603179138.0000	61437.00	-42763.00	124.8	2.5330	100.0000
4.8598e-01	872.3600	29.5357	5610728738.0000	61637.00	-42563.00	124.6	2.5180	100.0000
4.8358e-01	874.5200	29.5723	5620324338.0000	61437.00	-42963.00	125.0	2.5451	100.0000
4.8355e-01	874.6000	29.5736	5627793938.0000	61637.00	-42763.00	124.8	2.5298	100.0000
4.8194e-01	876.1600	29.6000	5635423538.0000	61837.00	-42563.00	124.5	2.5149	100.0000
4.8043e-01	877.1200	29.6162	5644939138.0000	61637.00	-42963.00	124.9	2.5418	100.0000
4.7989e-01	877.5600	29.6236	5652488738.0000	61837.00	-42763.00	124.7	2.5267	100.0000
4.7777e-01	879.7200	29.6601	5660198338.0000	62037.00	-42563.00	124.5	2.5120	100.0000
4.7714e-01	880.4400	29.6722	5669633938.0000	61837.00	-42963.00	124.8	2.5386	100.0000
4.7609e-01	881.6400	29.6924	5677263538.0000	62037.00	-42763.00	124.6	2.5236	100.0000
4.7371e-01	883.4400	29.7227	5686859138.0000	61837.00	-43163.00	124.9	2.5506	100.0000
4.7371e-01	883.5200	29.7241	5694408738.0000	62037.00	-42963.00	124.7	2.5354	100.0000
4.7215e-01	885.0400	29.7496	5702118338.0000	62237.00	-42763.00	124.5	2.5206	100.0000
4.7065e-01	886.3200	29.7711	5711633938.0000	62037.00	-43163.00	124.8	2.5473	100.0000
4.7014e-01	886.9200	29.7812	5719263538.0000	62237.00	-42963.00	124.6	2.5322	100.0000
4.6809e-01	888.9200	29.8148	5727053138.0000	62437.00	-42763.00	124.4	2.5176	100.0000
4.6744e-01	889.6800	29.8275	5736488738.0000	62237.00	-43163.00	124.7	2.5441	100.0000
4.6643e-01	890.8800	29.8476	5744198338.0000	62437.00	-42963.00	124.5	2.5292	100.0000
4.6410e-01	893.0000	29.8831	5761423538.0000	62437.00	-43163.00	124.7	2.5409	100.0000
4.6259e-01	894.2400	29.9038	5769213138.0000	62637.00	-42963.00	124.4	2.5262	100.0000
4.6110e-01	895.5200	29.9252	5778728738.0000	62437.00	-43363.00	124.8	2.5528	100.0000
4.6061e-01	895.9200	29.9319	5786438338.0000	62637.00	-43163.00	124.6	2.5378	100.0000
4.5863e-01	898.0000	29.9666	5794307938.0000	62837.00	-42963.00	124.4	2.5232	100.0000
4.5797e-01	898.6800	29.9780	5803743538.0000	62637.00	-43363.00	124.7	2.5496	100.0000
4.5700e-01	899.5600	29.9927	5811533138.0000	62837.00	-43163.00	124.5	2.5347	100.0000
4.5471e-01	901.9600	30.0326	5828838338.0000	62837.00	-43363.00	124.6	2.5464	100.0000
4.5326e-01	903.7200	30.0619	5836707938.0000	63037.00	-43163.00	124.4	2.5317	100.0000
4.5177e-01	905.2000	30.0865	5846223538.0000	62837.00	-43563.00	124.7	2.5582	100.0000
4.5131e-01	905.9200	30.0985	5854013138.0000	63037.00	-43363.00	124.5	2.5433	100.0000
4.4939e-01	907.5200	30.1251	5861962738.0000	63237.00	-43163.00	124.3	2.5288	100.0000
4.4872e-01	908.5200	30.1417	5871398338.0000	63037.00	-43563.00	124.6	2.5550	100.0000
4.4779e-01	909.6800	30.1609	5879267938.0000	63237.00	-43363.00	124.4	2.5402	100.0000
4.4554e-01	912.4000	30.2060	5896653138.0000	63237.00	-43563.00	124.6	2.5519	100.0000
4.4414e-01	913.8800	30.2304	5904602738.0000	63437.00	-43363.00	124.4	2.5372	100.0000
4.4265e-01	914.9600	30.2483	5914118338.0000	63237.00	-43763.00	124.7	2.5636	100.0000
4.4223e-01	915.7600	30.2615	5921987938.0000	63437.00	-43563.00	124.5	2.5488	100.0000
4.4037e-01	917.7600	30.2946	5930017538.0000	63637.00	-43363.00	124.3	2.5343	100.0000
4.3968e-01	918.8000	30.3117	5939453138.0000	63437.00	-43763.00	124.6	2.5604	100.0000
4.3879e-01	919.8800	30.3295	5947402738.0000	63637.00	-43563.00	124.4	2.5457	100.0000
4.3658e-01	921.9200	30.3631	5964867938.0000	63637.00	-43763.00	124.5	2.5573	100.0000
4.3523e-01	923.2400	30.3849	5972897538.0000	63837.00	-43563.00	124.3	2.5427	100.0000
4.3375e-01	924.7200	30.4092	5982413138.0000	63637.00	-43963.00	124.6	2.5690	100.0000
4.3335e-01	925.1200	30.4158	5990362738.0000	63837.00	-43763.00	124.4	2.5542	100.0000
4.3156e-01	927.5200	30.4552	5998472338.0000	64037.00	-43563.00	124.2	2.5398	100.0000
4.3085e-01	928.2400	30.4670	6007907938.0000	63837.00	-43963.00	124.6	2.5658	100.0000
4.3000e-01	929.1600	30.4821	6015937538.0000	64037.00	-43763.00	124.3	2.5512	100.0000
4.2783e-01	931.3200	30.5175	6033482738.0000	64037.00	-43963.00	124.5	2.5627	100.0000
4.2653e-01	933.0000	30.5450	6041592338.0000	64237.00	-43763.00	124.3	2.5482	100.0000
4.2505e-01	934.4800	30.5693	6051107938.0000	64037.00	-44163.00	124.6	2.5743	100.0000
4.2468e-01	934.9600	30.5771	6059137538.0000	64237.00	-43963.00	124.4	2.5596	100.0000
4.2294e-01	937.3600	30.6163	6067327138.0000	64437.00	-43763.00	124.2	2.5453	100.0000
4.2222e-01	938.1600	30.6294	6076762738.0000	64237.00	-44163.00	124.5	2.5712	100.0000
4.2141e-01	939.1200	30.6451	6084872338.0000	64437.00	-43963.00	124.3	2.5566	100.0000
4.1927e-01	941.4800	30.6835	6102497538.0000	64437.00	-44163.00	124.4	2.5680	100.0000
4.1802e-01	942.5200	30.7005	6110687138.0000	64637.00	-43963.00	124.2	2.5536	100.0000
4.1655e-01	944.0000	30.7246	6120202738.0000	64437.00	-44363.00	124.5	2.5796	100.0000
4.1620e-01	944.2400	30.7285	6128312338.0000	64637.00	-44163.00	124.3	2.5650	100.0000
4.1453e-01	946.9200	30.7721	6136581938.0000	64837.00	-43963.00	124.1	2.5507	100.0000
4.1379e-01	948.1200	30.7916	6146017538.0000	64637.00	-44363.00	124.5	2.5765	100.0000
4.1301e-01	949.1200	30.8078	6154207138.0000	64837.00	-44163.00	124.3	2.5619	100.0000
4.1092e-01	951.3600	30.8441	6162556738.0000	65037.00	-43963.00	124.1	2.5479	100.0000
4.1091e-01	951.4000	30.8448	6171912338.0000	64837.00	-44363.00	124.4	2.5733	100.0000
4.0971e-01	952.4400	30.8616	6180181938.0000	65037.00	-44163.00	124.2	2.5590	100.0000
4.0824e-01	954.0000	30.8869	6189697538.0000	64837.00	-44563.00	124.5	2.5849	100.0000
4.0792e-01	954.6400	30.8972	6197887138.0000	65037.00	-44363.00	124.3	2.5703	100.0000
4.0630e-01	956.7200	30.9309	6206236738.0000	65237.00	-44163.00	124.1	2.5561	100.0000
4.0555e-01	957.7200	30.9471	6215672338.0000	65037.00	-44563.00	124.4	2.5817	100.0000
4.0481e-01	958.8400	30.9651	6223941938.0000	65237.00	-44363.00	124.2	2.5673	100.0000
4.0278e-01	961.4800	31.0077	6232371538.0000	65437.00	-44163.00	124.0	2.5533	100.0000
4.0274e-01	961.5200	31.0084	6241727138.0000	65237.00	-44563.00	124.3	2.5786	100.0000
4.0158e-01	962.4400	31.0232	6250076738.0000	65437.00	-44363.00	124.1	2.5643	100.0000
4.0011e-01	964.5200	31.0567	6259592338.0000	65237.00	-44763.00	124.5	2.5901	100.0000
3.9982e-01	964.9600	31.0638	6267861938.0000	65437.00	-44563.00	124.3	2.5756	100.0000
3.9825e-01	966.8000	31.0934	6276291538.0000	65637.00	-44363.00	124.1	2.5615	100.0000
3.9749e-01	967.6000	31.1063	6285727138.0000	65437.00	-44763.00	124.4	2.5870	100.0000
3.9678e-01	968.5200	31.1211	6294076738.0000	65637.00	-44563.00	124.2	2.5726	100.0000
3.9482e-01	970.8800	31.1589	6302586338.0000	65837.00	-44363.00	124.0	2.5586	100.0000
3.9475e-01	971.0800	31.1622	6311941938.0000	65637.00	-44763.00	124.3	2.5839	100.0000
3.9364e-01	972.3600	31.1827	6320371538.0000	65837.00	-44563.00	124.1	2.5696	100.0000
3.9217e-01	974.0400	31.2096	6329887138.0000	65637.00	-44963.00	124.4	2.5953	100.0000
3.9190e-01	974.4000	31.2154	6338236738.0000	65837.00	-44763.00	124.2	2.5808	100.0000
3.9039e-01	976.5200	31.2493	6346746338.0000	66037.00	-44563.00	124.0	2.5668	100.0000
3.8961e-01	977.3200	31.2621	6356181938.0000	65837.00	-44963.00	124.3	2.5922	100.0000
3.8894e-01	978.5200	31.2813	6364611538.0000	66037.00	-44763.00	124.1	2.5778	100.0000
3.8704e-01	981.0400	31.3216	6373201138.0000	66237.00	-44563.00	123.9	2.5640	100.0000
3.8694e-01	981.1200	31.3228	6382556738.0000	66037.00	-44963.00	124.3	2.5891	100.0000
3.8587e-01	982.2000	31.3401	6391066338.0000	66237.00	-44763.00	124.1	2.5749	100.0000
3.8440e-01	983.5600	31.3618	6400581938.0000	66037.00	-45163.00	124.4	2.6004	100.0000
3.8416e-01	983.8800	31.3669	6409011538.0000	66237.00	-44963.00	124.2	2.5860	100.0000
3.8270e-01	986.0000	31.4006	6417601138.0000	66437.00	-44763.00	124.0	2.5720	100.0000
3.8191e-01	987.0000	31.4166	6427036738.0000	66237.00	-45163.00	124.3	2.5973	100.0000
3.8127e-01	988.1600	31.4350	6435546338.0000	66437.00	-44963.00	124.1	2.5830	100.0000
3.7943e-01	990.2800	31.4687	6444215938.0000	66637.00	-44763.00	123.9	2.5692	100.0000
3.7930e-01	990.4800	31.4719	6453571538.0000	66437.00	-45163.00	124.2	2.5942	100.0000
3.7827e-01	991.4400	31.4871	6462161138.0000	66637.00	-44963.00	124.0	2.5801	100.0000
3.7681e-01	993.4800	31.5195	6471676738.0000	66437.00	-45363.00	124.3	2.6055	100.0000
3.7658e-01	993.8800	31.5259	6480186338.0000	66637.00	-45163.00	124.1	2.5912	100.0000
3.7518e-01	996.3600	31.5652	6488855938.0000	66837.00	-44963.00	123.9	2.5773	100.0000
3.7437e-01	997.4000	31.5816	6498291538.0000	66637.00	-45363.00	124.2	2.6024	100.0000
3.7376e-01	998.4000	31.5975	6506881138.0000	66837.00	-45163.00	124.0	2.5882	100.0000
3.7199e-01	1000.8000	31.6354	6515630738.0000	67037.00	-44963.00	123.9	2.5745	100.0000
3.7183e-01	1000.9600	31.6380	6524986338.0000	66837.00	-45363.00	124.2	2.5993	100.0000
3.7084e-01	1001.9600	31.6538	6533655938.0000	67037.00	-45163.00	124.0	2.5853	100.0000
3.6938e-01	1003.6800	31.6809	6543171538.0000	66837.00	-45563.00	124.3	2.6106	100.0000
3.6918e-01	1004.1600	31.6885	6551761138.0000	67037.00	-45363.00	124.1	2.5963	100.0000
3.6782e-01	1006.4000	31.7238	6560510738.0000	67237.00	-45163.00	123.9	2.5825	100.0000
3.6700e-01	1007.3200	31.7383	6569946338.0000	67037.00	-45563.00	124.2	2.6075	100.0000
3.6642e-01	1008.4000	31.7553	6578615938.0000	67237.00	-45363.00	124.0	2.5934	100.0000
3.6470e-01	1010.6800	31.7912	6587445538.0000	67437.00	-45163.00	123.8	2.5797	100.0000
3.6452e-01	1010.9200	31.7950	6596801138.0000	67237.00	-45563.00	124.1	2.6044	100.0000
3.6357e-01	1012.2000	31.8151	6605550738.0000	67437.00	-45363.00	123.9	2.5905	100.0000
3.6211e-01	1013.7200	31.8390	6615066338.0000	67237.00	-45763.00	124.2	2.6156	100.0000
3.6193e-01	1014.0400	31.8440	6623735938.0000	67437.00	-45563.00	124.0	2.6014	100.0000
3.6062e-01	1016.2800	31.8791	6632565538.0000	67637.00	-45363.00	123.8	2.5876	100.0000
3.5979e-01	1017.4800	31.8980	6642001138.0000	67437.00	-45763.00	124.2	2.6125	100.0000
3.5924e-01	1018.0400	31.9067	6650750738.0000	67637.00	-45563.00	124.0	2.5985	100.0000
3.5758e-01	1020.8000	31.9500	6659660338.0000	67837.00	-45363.00	123.8	2.5849	100.0000
3.5737e-01	1021.2800	31.9575	6669015938.0000	67637.00	-45763.00	124.1	2.6095	100.0000
3.5646e-01	1022.3600	31.9744	6677845538.0000	67837.00	-45563.00	123.9	2.5956	100.0000
3.5501e-01	1023.8800	31.9981	6687361138.0000	67637.00	-45963.00	124.2	2.6206	100.0000
3.5484e-01	1024.2000	32.0031	6696110738.0000	67837.00	-45763.00	124.0	2.6065	100.0000
3.5358e-01	1026.9600	32.0462	6705020338.0000	68037.00	-45563.00	123.8	2.5928	100.0000
3.5274e-01	1028.2000	32.0656	6714455938.0000	67837.00	-45963.00	124.1	2.6175	100.0000
3.5222e-01	1028.6800	32.0730	6723285538.0000	68037.00	-45763.00	123.9	2.6035	100.0000
3.5061e-01	1030.8400	32.1067	6732275138.0000	68237.00	-45563.00	123.7	2.5900	100.0000
3.5037e-01	1031.2000	32.1123	6741630738.0000	68037.00	-45963.00	124.0	2.6145	100.0000
3.4950e-01	1032.2400	32.1285	6750540338.0000	68237.00	-45763.00	123.8	2.6006	100.0000
3.4805e-01	1034.1200	32.1577	6760055938.0000	68037.00	-46163.00	124.2	2.6256	100.0000
3.4791e-01	1034.3200	32.1608	6768885538.0000	68237.00	-45963.00	124.0	2.6115	100.0000
3.4669e-01	1036.5200	32.1950	6777875138.0000	68437.00	-45763.00	123.8	2.5978	100.0000
3.4584e-01	1037.9200	32.2168	6787310738.0000	68237.00	-46163.00	124.1	2.6225	100.0000
3.4535e-01	1038.4000	32.2242	6796220338.0000	68437.00	-45963.00	123.9	2.6086	100.0000
3.4379e-01	1040.6000	32.2583	6805289938.0000	68637.00	-45763.00	123.7	2.5951	100.0000
3.4353e-01	1041.0000	32.2645	6814645538.0000	68437.00	-46163.00	124.0	2.6194	100.0000
3.4269e-01	1042.0800	32.2813	6823635138.0000	68637.00	-45963.00	123.8	2.6057	100.0000
3.4125e-01	1043.9200	32.3098	6833150738.0000	68437.00	-46363.00	124.1	2.6305	100.0000
3.4112e-01	1044.2000	32.3141	6842060338.0000	68637.00	-46163.00	123.9	2.6165	100.0000
3.3995e-01	1046.3200	32.3469	6851129938.0000	68837.00	-45963.00	123.7	2.6029	100.0000
3.3909e-01	1047.6000	32.3666	6860565538.0000	68637.00	-46363.00	124.0	2.6274	100.0000
3.3862e-01	1048.1200	32.3747	6869555138.0000	68837.00	-46163.00	123.8	2.6135	100.0000
3.3712e-01	1050.6800	32.4142	6878704738.0000	69037.00	-45963.00	123.7	2.6001	100.0000
3.3683e-01	1051.2000	32.4222	6888060338.0000	68837.00	-46363.00	124.0	2.6244	100.0000
3.3603e-01	1052.0400	32.4352	6897129938.0000	69037.00	-46163.00	123.8	2.6107	100.0000
3.3459e-01	1054.2400	32.4691	6906645538.0000	68837.00	-46563.00	124.1	2.6353	100.0000
3.3448e-01	1054.6000	32.4746	6915635138.0000	69037.00	-46363.00	123.9	2.6214	100.0000
3.3335e-01	1056.5600	32.5048	6924784738.0000	69237.00	-46163.00	123.7	2.6079	100.0000
3.3248e-01	1058.2000	32.5300	6934220338.0000	69037.00	-46563.00	124.0	2.6323	100.0000
3.3204e-01	1058.7200	32.5380	6943289938.0000	69237.00	-46363.00	123.8	2.6185	100.0000
3.3059e-01	1061.0800	32.5742	6952519538.0000	69437.00	-46163.00	123.6	2.6051	100.0000
3.3027e-01	1061.3200	32.5779	6961875138.0000	69237.00	-46563.00	123.9	2.6292	100.0000
3.2951e-01	1062.5600	32.5969	6971024738.0000	69437.00	-46363.00	123.7	2.6156	100.0000
3.2807e-01	1065.1200	32.6362	6980540338.0000	69237.00	-46763.00	124.0	2.6401	100.0000
3.2798e-01	1065.2800	32.6386	6989609938.0000	69437.00	-46563.00	123.8	2.6263	100.0000
3.2690e-01	1067.3600	32.6705	6998839538.0000	69637.00	-46363.00	123.7	2.6128	100.0000
3.2601e-01	1068.9600	32.6950	7008275138.0000	69437.00	-46763.00	124.0	2.6371	100.0000
3.2560e-01	1069.5600	32.7041	7017424738.0000	69637.00	-46563.00	123.8	2.6234	100.0000
3.2420e-01	1071.2800	32.7304	7026734338.0000	69837.00	-46363.00	123.6	2.6101	100.0000
3.2386e-01	1071.8400	32.7390	7036089938.0000	69637.00	-46763.00	123.9	2.6341	100.0000
3.2313e-01	1073.3200	32.7616	7045319538.0000	69837.00	-46563.00	123.7	2.6205	100.0000
3.2169e-01	1075.5600	32.7957	7054835138.0000	69637.00	-46963.00	124.0	2.6449	100.0000
3.2162e-01	1075.6800	32.7976	7063984738.0000	69837.00	-46763.00	123.8	2.6311	100.0000
3.2058e-01	1077.9200	32.8317	7073294338.0000	70037.00	-46563.00	123.6	2.6177	100.0000
3.1968e-01	1079.1600	32.8506	7082729938.0000	69837.00	-46963.00	123.9	2.6419	100.0000
3.1929e-01	1079.7200	32.8591	7091959538.0000	70037.00	-46763.00	123.7	2.6282	100.0000
3.1794e-01	1081.7200	32.8895	7101349138.0000	70237.00	-46563.00	123.5	2.6150	100.0000
3.1758e-01	1082.2000	32.8968	7110704738.0000	70037.00	-46963.00	123.8	2.6389	100.0000
3.1688e-01	1083.2400	32.9126	7120014338.0000	70237.00	-46763.00	123.7	2.6254	100.0000
3.1545e-01	1085.8400	32.9521	7129529938.0000	70037.00	-47163.00	124.0	2.6497	100.0000
3.1539e-01	1085.9200	32.9533	7138759538.0000	70237.00	-46963.00	123.8	2.6359	100.0000
3.1439e-01	1088.0800	32.9861	7148149138.0000	70437.00	-46763.00	123.6	2.6226	100.0000
3.1348e-01	1089.4000	33.0061	7157584738.0000	70237.00	-47163.00	123.9	2.6466	100.0000
3.1312e-01	1089.7200	33.0109	7166894338.0000	70437.00	-46963.00	123.7	2.6331	100.0000
3.1182e-01	1092.1200	33.0472	7176363938.0000	70637.00	-46763.00	123.5	2.6199	100.0000
3.1143e-01	1092.8400	33.0581	7185719538.0000	70437.00	-47163.00	123.8	2.6437	100.0000
3.1077e-01	1094.0800	33.0769	7195109138.0000	70637.00	-46963.00	123.6	2.6302	100.0000
3.0934e-01	1096.4000	33.1119	7204624738.0000	70437.00	-47363.00	123.9	2.6544	100.0000
3.0930e-01	1096.4800	33.1131	7213934338.0000	70637.00	-47163.00	123.7	2.6407	100.0000
3.0833e-01	1098.4000	33.1421	7223403938.0000	70837.00	-46963.00	123.5	2.6275	100.0000
3.0742e-01	1100.0000	33.1662	7232839538.0000	70637.00	-47363.00	123.8	2.6514	100.0000
3.0708e-01	1100.6400	33.1759	7242229138.0000	70837.00	-47163.00	123.7	2.6378	100.0000
3.0582e-01	1102.5600	33.2048	7251778738.0000	71037.00	-46963.00	123.5	2.6248	100.0000
3.0542e-01	1103.2400	33.2151	7261134338.0000	70837.00	-47363.00	123.8	2.6484	100.0000
3.0478e-01	1104.5200	33.2343	7270603938.0000	71037.00	-47163.00	123.6	2.6350	100.0000
3.0335e-01	1106.5600	33.2650	7280119538.0000	70837.00	-47563.00	123.9	2.6590	100.0000
3.0333e-01	1106.6800	33.2668	7289509138.0000	71037.00	-47363.00	123.7	2.6455	100.0000
3.0240e-01	1108.3600	33.2920	7299058738.0000	71237.00	-47163.00	123.5	2.6323	100.0000
3.0148e-01	1109.6800	33.3119	7308494338.0000	71037.00	-47563.00	123.8	2.6560	100.0000
3.0116e-01	1110.2800	33.3209	7317963938.0000	71237.00	-47363.00	123.6	2.6426	100.0000
2.9995e-01	1112.3200	33.3515	7327593538.0000	71437.00	-47163.00	123.4	2.6296	100.0000
2.9953e-01	1113.4000	33.3676	7336949138.0000	71237.00	-47563.00	123.7	2.6531	100.0000
2.9892e-01	1114.3600	33.3820	7346498738.0000	71437.00	-47363.00	123.5	2.6398	100.0000
2.9750e-01	1116.8400	33.4192	7356014338.0000	71237.00	-47763.00	123.8	2.6637	100.0000
2.9749e-01	1116.9600	33.4210	7365483938.0000	71437.00	-47563.00	123.7	2.6502	100.0000
2.9660e-01	1118.6800	33.4467	7375113538.0000	71637.00	-47363.00	123.5	2.6370	100.0000
2.9567e-01	1120.2800	33.4706	7384549138.0000	71437.00	-47763.00	123.8	2.6607	100.0000
2.9537e-01	1120.8400	33.4789	7394098738.0000	71637.00	-47563.00	123.6	2.6473	100.0000
2.9420e-01	1123.1200	33.5130	7403808338.0000	71837.00	-47363.00	123.4	2.6344	100.0000
2.9376e-01	1124.0800	33.5273	7413163938.0000	71637.00	-47763.00	123.7	2.6577	100.0000
2.9318e-01	1125.4800	33.5482	7422793538.0000	71837.00	-47563.00	123.5	2.6445	100.0000
