650000	3550000	4.7
651000	3550000	2.7
652000	3550000	1.9
653000	3550000	2.0
654000	3550000	3.0
655000	3550000	4.8
656000	3550000	7.6
657000	3550000	11.3
658000	3550000	16.0
659000	3550000	21.7
660000	3550000	28.5
661000	3550000	36.4
662000	3550000	45.2
663000	3550000	54.8
664000	3550000	64.9
665000	3550000	75.2
666000	3550000	85.4
667000	3550000	95.0
668000	3550000	103.9
669000	3550000	112.0
670000	3550000	119.4
671000	3550000	126.4
672000	3550000	133.3
673000	3550000	140.5
674000	3550000	148.0
675000	3550000	156.2
676000	3550000	165.0
677000	3550000	174.5
678000	3550000	184.7
679000	3550000	195.8
680000	3550000	207.8
681000	3550000	220.8
682000	3550000	234.7
683000	3550000	249.6
684000	3550000	265.4
685000	3550000	282.1
686000	3550000	299.6
687000	3550000	318.1
688000	3550000	337.5
689000	3550000	357.8
690000	3550000	378.5
691000	3550000	399.3
692000	3550000	419.3
693000	3550000	437.6
694000	3550000	453.1
695000	3550000	464.7
696000	3550000	471.3
697000	3550000	472.3
698000	3550000	467.3
699000	3550000	456.5
700000	3550000	440.4
701000	3550000	419.7
702000	3550000	395.2
703000	3550000	367.7
704000	3550000	337.8
705000	3550000	306.4
706000	3550000	273.9
707000	3550000	241.1
708000	3550000	208.8
709000	3550000	177.7
710000	3550000	148.5
711000	3550000	121.9
712000	3550000	98.4
713000	3550000	78.0
714000	3550000	61.0
715000	3550000	47.1
716000	3550000	36.1
717000	3550000	27.6
718000	3550000	21.4
719000	3550000	17.1
720000	3550000	14.5
721000	3550000	13.2
722000	3550000	13.0
723000	3550000	13.4
724000	3550000	14.0
725000	3550000	14.1
726000	3550000	13.7
727000	3550000	12.4
728000	3550000	10.6
729000	3550000	8.5
730000	3550000	6.3
731000	3550000	4.4
732000	3550000	2.9
733000	3550000	1.6
734000	3550000	0.7
735000	3550000	0.0
736000	3550000	0.0
737000	3550000	0.0
738000	3550000	0.0
739000	3550000	0.0
740000	3550000	0.0
741000	3550000	0.0
742000	3550000	0.0
743000	3550000	0.0
744000	3550000	0.0
745000	3550000	0.0
746000	3550000	0.0
747000	3550000	0.0
748000	3550000	0.0
749000	3550000	0.0
750000	3550000	0.0
650000	3549000	3.7
651000	3549000	1.8
652000	3549000	1.2
653000	3549000	1.5
654000	3549000	2.8
655000	3549000	5.0
656000	3549000	8.1
657000	3549000	12.3
658000	3549000	17.5
659000	3549000	24.0
660000	3549000	31.6
661000	3549000	40.4
662000	3549000	50.3
663000	3549000	61.2
664000	3549000	72.8
665000	3549000	84.8
666000	3549000	96.4
667000	3549000	107.3
668000	3549000	117.0
669000	3549000	125.4
670000	3549000	132.7
671000	3549000	139.4
672000	3549000	145.9
673000	3549000	152.7
674000	3549000	159.9
675000	3549000	167.6
676000	3549000	175.8
677000	3549000	184.4
678000	3549000	193.5
679000	3549000	203.3
680000	3549000	213.8
681000	3549000	225.2
682000	3549000	237.4
683000	3549000	250.5
684000	3549000	264.2
685000	3549000	278.7
686000	3549000	294.0
687000	3549000	310.3
688000	3549000	327.8
689000	3549000	346.7
690000	3549000	366.7
691000	3549000	387.5
692000	3549000	408.4
693000	3549000	428.1
694000	3549000	445.4
695000	3549000	458.9
696000	3549000	467.2
697000	3549000	469.4
698000	3549000	465.0
699000	3549000	454.4
700000	3549000	438.4
701000	3549000	417.9
702000	3549000	393.8
703000	3549000	367.0
704000	3549000	338.0
705000	3549000	307.3
706000	3549000	275.3
707000	3549000	242.7
708000	3549000	210.3
709000	3549000	178.8
710000	3549000	149.3
711000	3549000	122.4
712000	3549000	98.6
713000	3549000	78.2
714000	3549000	61.2
715000	3549000	47.6
716000	3549000	36.9
717000	3549000	28.6
718000	3549000	22.5
719000	3549000	18.2
720000	3549000	15.7
721000	3549000	14.7
722000	3549000	15.0
723000	3549000	16.1
724000	3549000	17.2
725000	3549000	17.8
726000	3549000	17.2
727000	3549000	15.4
728000	3549000	12.8
729000	3549000	9.8
730000	3549000	6.8
731000	3549000	4.3
732000	3549000	2.4
733000	3549000	1.0
734000	3549000	0.0
735000	3549000	0.0
736000	3549000	0.0
737000	3549000	0.0
738000	3549000	0.0
739000	3549000	0.0
740000	3549000	0.0
741000	3549000	0.0
742000	3549000	0.0
743000	3549000	0.0
744000	3549000	0.0
745000	3549000	0.0
746000	3549000	0.0
747000	3549000	0.0
748000	3549000	0.0
749000	3549000	0.0
750000	3549000	0.0
650000	3548000	3.2
651000	3548000	1.5
652000	3548000	1.2
653000	3548000	1.9
654000	3548000	3.6
655000	3548000	6.3
656000	3548000	10.0
657000	3548000	14.9
658000	3548000	21.1
659000	3548000	28.5
660000	3548000	37.3
661000	3548000	47.5
662000	3548000	59.1
663000	3548000	72.0
664000	3548000	85.9
665000	3548000	100.4
666000	3548000	114.5
667000	3548000	127.5
668000	3548000	138.5
669000	3548000	147.3
670000	3548000	154.4
671000	3548000	160.5
672000	3548000	166.4
673000	3548000	172.6
674000	3548000	179.2
675000	3548000	186.3
676000	3548000	193.6
677000	3548000	200.9
678000	3548000	208.3
679000	3548000	215.9
680000	3548000	224.1
681000	3548000	233.1
682000	3548000	242.8
683000	3548000	253.1
684000	3548000	263.9
685000	3548000	275.0
686000	3548000	286.7
687000	3548000	299.5
688000	3548000	313.9
689000	3548000	330.5
690000	3548000	349.4
691000	3548000	370.4
692000	3548000	392.5
693000	3548000	414.6
694000	3548000	434.8
695000	3548000	451.3
696000	3548000	462.4
697000	3548000	466.5
698000	3548000	463.0
699000	3548000	452.5
700000	3548000	436.4
701000	3548000	416.0
702000	3548000	392.5
703000	3548000	366.7
704000	3548000	339.1
705000	3548000	309.7
706000	3548000	278.6
707000	3548000	246.2
708000	3548000	213.4
709000	3548000	181.4
710000	3548000	151.2
711000	3548000	123.8
712000	3548000	99.7
713000	3548000	79.3
714000	3548000	62.6
715000	3548000	49.4
716000	3548000	39.2
717000	3548000	31.3
718000	3548000	25.3
719000	3548000	21.0
720000	3548000	18.5
721000	3548000	17.9
722000	3548000	19.0
723000	3548000	21.2
724000	3548000	23.4
725000	3548000	24.6
726000	3548000	23.9
727000	3548000	21.3
728000	3548000	17.4
729000	3548000	12.9
730000	3548000	8.7
731000	3548000	5.3
732000	3548000	2.8
733000	3548000	1.1
734000	3548000	0.0
735000	3548000	0.0
736000	3548000	0.0
737000	3548000	0.0
738000	3548000	0.0
739000	3548000	0.0
740000	3548000	0.0
741000	3548000	0.0
742000	3548000	0.0
743000	3548000	0.0
744000	3548000	0.0
745000	3548000	0.0
746000	3548000	0.0
747000	3548000	0.0
748000	3548000	0.0
749000	3548000	0.0
750000	3548000	0.0
650000	3547000	3.2
651000	3547000	1.7
652000	3547000	1.7
653000	3547000	2.8
654000	3547000	5.0
655000	3547000	8.3
656000	3547000	12.9
657000	3547000	18.7
658000	3547000	25.8
659000	3547000	34.4
660000	3547000	44.6
661000	3547000	56.4
662000	3547000	70.0
663000	3547000	85.3
664000	3547000	102.3
665000	3547000	120.1
666000	3547000	137.7
667000	3547000	153.7
668000	3547000	166.6
669000	3547000	176.0
670000	3547000	182.5
671000	3547000	187.6
672000	3547000	192.6
673000	3547000	198.1
674000	3547000	204.3
675000	3547000	210.8
676000	3547000	217.1
677000	3547000	222.8
678000	3547000	227.8
679000	3547000	232.5
680000	3547000	237.6
681000	3547000	243.6
682000	3547000	250.3
683000	3547000	257.3
684000	3547000	264.3
685000	3547000	271.1
686000	3547000	278.0
687000	3547000	286.1
688000	3547000	296.4
689000	3547000	310.1
690000	3547000	327.7
691000	3547000	348.9
692000	3547000	372.9
693000	3547000	398.1
694000	3547000	422.5
695000	3547000	443.7
696000	3547000	458.8
697000	3547000	465.5
698000	3547000	462.8
699000	3547000	451.8
700000	3547000	434.9
701000	3547000	414.3
702000	3547000	391.0
703000	3547000	366.2
704000	3547000	340.5
705000	3547000	312.9
706000	3547000	282.5
707000	3547000	249.9
708000	3547000	216.4
709000	3547000	183.6
710000	3547000	152.7
711000	3547000	124.8
712000	3547000	100.6
713000	3547000	80.2
714000	3547000	63.9
715000	3547000	51.5
716000	3547000	42.3
717000	3547000	35.1
718000	3547000	29.3
719000	3547000	24.6
720000	3547000	21.8
721000	3547000	21.4
722000	3547000	23.6
723000	3547000	27.5
724000	3547000	31.6
725000	3547000	34.0
726000	3547000	33.3
727000	3547000	29.6
728000	3547000	24.1
729000	3547000	17.8
730000	3547000	11.7
731000	3547000	6.9
732000	3547000	3.7
733000	3547000	1.8
734000	3547000	0.5
735000	3547000	0.0
736000	3547000	0.0
737000	3547000	0.0
738000	3547000	0.0
739000	3547000	0.0
740000	3547000	0.0
741000	3547000	0.0
742000	3547000	0.0
743000	3547000	0.0
744000	3547000	0.0
745000	3547000	0.0
746000	3547000	0.0
747000	3547000	0.0
748000	3547000	0.0
749000	3547000	0.0
750000	3547000	0.0
650000	3546000	3.5
651000	3546000	2.2
652000	3546000	2.5
653000	3546000	4.1
654000	3546000	6.9
655000	3546000	11.0
656000	3546000	16.3
657000	3546000	23.1
658000	3546000	31.4
659000	3546000	41.3
660000	3546000	53.0
661000	3546000	66.5
662000	3546000	82.2
663000	3546000	100.2
664000	3546000	120.6
665000	3546000	142.7
666000	3546000	165.1
667000	3546000	185.6
668000	3546000	201.4
669000	3546000	211.4
670000	3546000	216.7
671000	3546000	220.2
672000	3546000	224.0
673000	3546000	229.0
674000	3546000	234.8
675000	3546000	241.0
676000	3546000	246.5
677000	3546000	250.3
678000	3546000	252.1
679000	3546000	252.7
680000	3546000	253.7
681000	3546000	256.1
682000	3546000	259.5
683000	3546000	263.0
684000	3546000	265.7
685000	3546000	267.3
686000	3546000	268.1
687000	3546000	269.9
688000	3546000	274.9
689000	3546000	285.3
690000	3546000	301.7
691000	3546000	323.5
692000	3546000	349.9
693000	3546000	379.4
694000	3546000	410.1
695000	3546000	438.0
696000	3546000	459.4
697000	3546000	470.3
698000	3546000	467.7
699000	3546000	454.0
700000	3546000	435.1
701000	3546000	413.7
702000	3546000	389.3
703000	3546000	364.3
704000	3546000	341.0
705000	3546000	316.0
706000	3546000	285.8
707000	3546000	251.5
708000	3546000	216.4
709000	3546000	182.7
710000	3546000	151.1
711000	3546000	123.4
712000	3546000	99.8
713000	3546000	79.6
714000	3546000	63.8
715000	3546000	52.9
716000	3546000	45.5
717000	3546000	39.7
718000	3546000	34.0
719000	3546000	28.4
720000	3546000	24.5
721000	3546000	23.8
722000	3546000	27.3
723000	3546000	33.9
724000	3546000	41.3
725000	3546000	46.1
726000	3546000	45.6
727000	3546000	40.5
728000	3546000	33.4
729000	3546000	24.9
730000	3546000	15.7
731000	3546000	8.7
732000	3546000	5.0
733000	3546000	2.9
734000	3546000	1.4
735000	3546000	0.0
736000	3546000	0.0
737000	3546000	0.0
738000	3546000	0.0
739000	3546000	0.0
740000	3546000	0.0
741000	3546000	0.0
742000	3546000	0.0
743000	3546000	0.0
744000	3546000	0.0
745000	3546000	0.0
746000	3546000	0.0
747000	3546000	0.0
748000	3546000	0.0
749000	3546000	0.0
750000	3546000	0.0
650000	3545000	3.9
651000	3545000	2.9
652000	3545000	3.6
653000	3545000	5.7
654000	3545000	9.2
655000	3545000	13.9
656000	3545000	20.2
657000	3545000	28.0
658000	3545000	37.5
659000	3545000	48.7
660000	3545000	61.9
661000	3545000	77.1
662000	3545000	94.8
663000	3545000	115.4
664000	3545000	139.3
665000	3545000	166.3
666000	3545000	195.3
667000	3545000	222.9
668000	3545000	243.8
669000	3545000	254.4
670000	3545000	257.1
671000	3545000	257.8
672000	3545000	260.6
673000	3545000	265.3
674000	3545000	271.1
675000	3545000	277.2
676000	3545000	282.4
677000	3545000	284.4
678000	3545000	281.6
679000	3545000	275.9
680000	3545000	271.5
681000	3545000	269.9
682000	3545000	270.3
683000	3545000	270.3
684000	3545000	268.6
685000	3545000	264.1
686000	3545000	257.0
687000	3545000	250.2
688000	3545000	248.7
689000	3545000	255.8
690000	3545000	271.7
691000	3545000	295.0
692000	3545000	324.0
693000	3545000	359.3
694000	3545000	399.4
695000	3545000	436.8
696000	3545000	468.1
697000	3545000	486.9
698000	3545000	482.7
699000	3545000	460.8
700000	3545000	437.5
701000	3545000	416.7
702000	3545000	387.3
703000	3545000	357.5
704000	3545000	339.5
705000	3545000	319.1
706000	3545000	286.9
707000	3545000	246.9
708000	3545000	209.3
709000	3545000	175.9
710000	3545000	142.9
711000	3545000	117.0
712000	3545000	96.2
713000	3545000	75.8
714000	3545000	60.3
715000	3545000	52.0
716000	3545000	48.1
717000	3545000	45.1
718000	3545000	39.7
719000	3545000	32.0
720000	3545000	25.3
721000	3545000	23.2
722000	3545000	28.1
723000	3545000	38.9
724000	3545000	51.7
725000	3545000	61.6
726000	3545000	60.9
727000	3545000	52.9
728000	3545000	45.8
729000	3545000	35.4
730000	3545000	20.2
731000	3545000	10.1
732000	3545000	6.3
733000	3545000	4.5
734000	3545000	2.9
735000	3545000	1.1
736000	3545000	0.0
737000	3545000	0.0
738000	3545000	0.0
739000	3545000	0.0
740000	3545000	0.0
741000	3545000	0.0
742000	3545000	0.0
743000	3545000	0.0
744000	3545000	0.0
745000	3545000	0.0
746000	3545000	0.0
747000	3545000	0.0
748000	3545000	0.0
749000	3545000	0.0
750000	3545000	0.0
650000	3544000	4.5
651000	3544000	3.7
652000	3544000	4.9
653000	3544000	7.5
654000	3544000	11.6
655000	3544000	17.1
656000	3544000	24.3
657000	3544000	33.1
658000	3544000	43.8
659000	3544000	56.4
660000	3544000	71.1
661000	3544000	88.0
662000	3544000	107.4
663000	3544000	130.0
664000	3544000	156.4
665000	3544000	188.2
666000	3544000	225.8
667000	3544000	265.8
668000	3544000	296.9
669000	3544000	308.1
670000	3544000	304.4
671000	3544000	299.9
672000	3544000	302.5
673000	3544000	307.7
674000	3544000	313.4
675000	3544000	320.2
676000	3544000	326.7
677000	3544000	328.7
678000	3544000	318.2
679000	3544000	301.7
680000	3544000	289.4
681000	3544000	283.9
682000	3544000	282.9
683000	3544000	279.5
684000	3544000	273.7
685000	3544000	262.3
686000	3544000	245.1
687000	3544000	226.3
688000	3544000	216.9
689000	3544000	222.3
690000	3544000	239.0
691000	3544000	265.5
692000	3544000	296.9
693000	3544000	339.6
694000	3544000	393.6
695000	3544000	439.4
696000	3544000	482.1
697000	3544000	518.9
698000	3544000	510.8
699000	3544000	467.3
700000	3544000	434.2
701000	3544000	426.9
702000	3544000	382.5
703000	3544000	333.5
704000	3544000	336.5
705000	3544000	325.2
706000	3544000	283.9
707000	3544000	233.9
708000	3544000	194.2
709000	3544000	166.8
710000	3544000	122.9
711000	3544000	102.3
712000	3544000	89.3
713000	3544000	65.1
714000	3544000	49.3
715000	3544000	47.0
716000	3544000	47.9
717000	3544000	50.3
718000	3544000	48.1
719000	3544000	36.1
720000	3544000	23.5
721000	3544000	17.7
722000	3544000	23.5
723000	3544000	45.1
724000	3544000	61.7
725000	3544000	78.3
726000	3544000	72.0
727000	3544000	59.1
728000	3544000	59.4
729000	3544000	48.5
730000	3544000	20.0
731000	3544000	9.4
732000	3544000	8.0
733000	3544000	6.9
734000	3544000	4.9
735000	3544000	3.0
736000	3544000	0.0
737000	3544000	0.0
738000	3544000	0.0
739000	3544000	0.0
740000	3544000	0.0
741000	3544000	0.0
742000	3544000	0.0
743000	3544000	0.0
744000	3544000	0.0
745000	3544000	0.0
746000	3544000	0.0
747000	3544000	0.0
748000	3544000	0.0
749000	3544000	0.0
750000	3544000	0.0
650000	3543000	5.2
651000	3543000	4.7
652000	3543000	6.2
653000	3543000	9.4
654000	3543000	14.1
655000	3543000	20.4
656000	3543000	28.4
657000	3543000	38.4
658000	3543000	50.3
659000	3543000	64.3
660000	3543000	80.5
661000	3543000	99.0
662000	3543000	120.0
663000	3543000	143.7
664000	3543000	170.5
665000	3543000	204.9
666000	3543000	253.5
667000	3543000	315.0
668000	3543000	368.3
669000	3543000	380.4
670000	3543000	360.2
671000	3543000	342.9
672000	3543000	350.0
673000	3543000	355.5
674000	3543000	359.0
675000	3543000	372.4
676000	3543000	382.4
677000	3543000	394.6
678000	3543000	368.8
679000	3543000	328.8
680000	3543000	305.5
681000	3543000	295.0
682000	3543000	300.8
683000	3543000	289.6
684000	3543000	284.7
685000	3543000	261.0
686000	3543000	234.5
687000	3543000	199.4
688000	3543000	183.9
689000	3543000	192.1
690000	3543000	205.5
691000	3543000	244.7
692000	3543000	276.0
693000	3543000	334.7
694000	3543000	391.7
695000	3543000	432.7
696000	3543000	462.3
697000	3543000	550.0
698000	3543000	541.8
699000	3543000	458.1
700000	3543000	378.3
701000	3543000	447.5
702000	3543000	360.0
703000	3543000	250.5
704000	3543000	346.4
705000	3543000	341.3
706000	3543000	272.2
707000	3543000	224.4
708000	3543000	183.8
709000	3543000	193.3
710000	3543000	71.6
711000	3543000	72.1
712000	3543000	78.8
713000	3543000	37.4
714000	3543000	26.8
715000	3543000	33.5
716000	3543000	37.5
717000	3543000	42.7
718000	3543000	70.0
719000	3543000	42.6
720000	3543000	15.4
721000	3543000	10.6
722000	3543000	9.5
723000	3543000	46.4
724000	3543000	41.2
725000	3543000	94.2
726000	3543000	65.7
727000	3543000	65.2
728000	3543000	44.9
729000	3543000	79.9
730000	3543000	15.8
731000	3543000	9.5
732000	3543000	9.5
733000	3543000	9.8
734000	3543000	6.8
735000	3543000	4.4
736000	3543000	0.0
737000	3543000	0.0
738000	3543000	0.0
739000	3543000	0.0
740000	3543000	0.0
741000	3543000	0.0
742000	3543000	0.0
743000	3543000	0.0
744000	3543000	0.0
745000	3543000	0.0
746000	3543000	0.0
747000	3543000	0.0
748000	3543000	0.0
749000	3543000	0.0
750000	3543000	0.0
650000	3542000	6.0
651000	3542000	5.7
652000	3542000	7.6
653000	3542000	11.2
654000	3542000	16.5
655000	3542000	23.6
656000	3542000	32.5
657000	3542000	43.5
658000	3542000	56.7
659000	3542000	72.1
660000	3542000	89.9
661000	3542000	110.3
662000	3542000	133.3
663000	3542000	158.5
664000	3542000	183.9
665000	3542000	209.7
666000	3542000	275.8
667000	3542000	352.4
668000	3542000	460.8
669000	3542000	488.1
670000	3542000	456.4
671000	3542000	394.6
672000	3542000	413.9
673000	3542000	392.6
674000	3542000	391.0
675000	3542000	454.2
676000	3542000	456.2
677000	3542000	516.0
678000	3542000	440.0
679000	3542000	352.3
680000	3542000	328.7
681000	3542000	312.6
682000	3542000	348.0
683000	3542000	288.6
684000	3542000	286.0
685000	3542000	236.1
686000	3542000	215.6
687000	3542000	198.2
688000	3542000	219.5
689000	3542000	193.9
690000	3542000	166.6
691000	3542000	196.0
692000	3542000	273.7
693000	3542000	479.4
694000	3542000	459.0
695000	3542000	431.8
696000	3542000	306.7
697000	3542000	452.9
698000	3542000	489.0
699000	3542000	362.4
700000	3542000	328.4
701000	3542000	335.5
702000	3542000	390.8
703000	3542000	309.2
704000	3542000	220.4
705000	3542000	253.6
706000	3542000	276.6
707000	3542000	214.1
708000	3542000	69.3
709000	3542000	167.6
710000	3542000	110.6
711000	3542000	32.9
712000	3542000	27.0
713000	3542000	22.9
714000	3542000	19.7
715000	3542000	18.8
716000	3542000	15.8
717000	3542000	14.9
718000	3542000	27.2
719000	3542000	51.5
720000	3542000	12.8
721000	3542000	43.7
722000	3542000	14.0
723000	3542000	19.7
724000	3542000	49.7
725000	3542000	49.1
726000	3542000	52.1
727000	3542000	45.8
728000	3542000	66.7
729000	3542000	62.7
730000	3542000	54.5
731000	3542000	8.0
732000	3542000	9.2
733000	3542000	10.6
734000	3542000	8.5
735000	3542000	0.0
736000	3542000	0.0
737000	3542000	0.0
738000	3542000	0.0
739000	3542000	0.0
740000	3542000	0.0
741000	3542000	0.0
742000	3542000	0.0
743000	3542000	0.0
744000	3542000	0.0
745000	3542000	0.0
746000	3542000	0.0
747000	3542000	0.0
748000	3542000	0.0
749000	3542000	0.0
750000	3542000	0.0
650000	3541000	6.9
651000	3541000	6.8
652000	3541000	9.0
653000	3541000	13.1
654000	3541000	18.9
655000	3541000	26.6
656000	3541000	36.4
657000	3541000	48.3
658000	3541000	62.7
659000	3541000	79.6
660000	3541000	99.3
661000	3541000	121.9
662000	3541000	148.2
663000	3541000	177.7
664000	3541000	206.6
665000	3541000	223.0
666000	3541000	223.9
667000	3541000	418.1
668000	3541000	513.2
669000	3541000	547.2
670000	3541000	582.8
671000	3541000	487.6
672000	3541000	481.0
673000	3541000	510.6
674000	3541000	498.4
675000	3541000	545.5
676000	3541000	611.4
677000	3541000	548.6
678000	3541000	530.0
679000	3541000	440.0
680000	3541000	413.9
681000	3541000	356.1
682000	3541000	330.8
683000	3541000	349.8
684000	3541000	273.2
685000	3541000	204.7
686000	3541000	199.1
687000	3541000	195.7
688000	3541000	206.2
689000	3541000	160.4
690000	3541000	169.4
691000	3541000	248.3
692000	3541000	263.8
693000	3541000	218.6
694000	3541000	261.8
695000	3541000	238.9
696000	3541000	214.3
697000	3541000	242.2
698000	3541000	431.9
699000	3541000	389.7
700000	3541000	525.3
701000	3541000	350.1
702000	3541000	297.1
703000	3541000	430.0
704000	3541000	303.9
705000	3541000	293.6
706000	3541000	217.1
707000	3541000	182.5
708000	3541000	159.7
709000	3541000	78.2
710000	3541000	208.0
711000	3541000	189.6
712000	3541000	76.4
713000	3541000	88.3
714000	3541000	60.7
715000	3541000	116.0
716000	3541000	86.8
717000	3541000	53.6
718000	3541000	16.0
719000	3541000	13.6
720000	3541000	18.9
721000	3541000	16.7
722000	3541000	8.6
723000	3541000	15.9
724000	3541000	19.4
725000	3541000	19.8
726000	3541000	32.8
727000	3541000	55.5
728000	3541000	90.0
729000	3541000	30.1
730000	3541000	53.3
731000	3541000	9.9
732000	3541000	9.6
733000	3541000	10.0
734000	3541000	20.8
735000	3541000	0.0
736000	3541000	0.0
737000	3541000	0.0
738000	3541000	0.0
739000	3541000	0.0
740000	3541000	0.0
741000	3541000	0.0
742000	3541000	0.0
743000	3541000	0.0
744000	3541000	0.0
745000	3541000	0.0
746000	3541000	0.0
747000	3541000	0.0
748000	3541000	0.0
749000	3541000	0.0
750000	3541000	0.0
650000	3540000	7.7
651000	3540000	7.9
652000	3540000	10.4
653000	3540000	14.8
654000	3540000	21.1
655000	3540000	29.4
656000	3540000	39.9
657000	3540000	52.7
658000	3540000	68.2
659000	3540000	86.5
660000	3540000	108.0
661000	3540000	133.3
662000	3540000	164.0
663000	3540000	201.6
664000	3540000	245.4
665000	3540000	274.7
666000	3540000	356.6
667000	3540000	379.3
668000	3540000	527.6
669000	3540000	592.6
670000	3540000	687.0
671000	3540000	577.6
672000	3540000	590.1
673000	3540000	634.7
674000	3540000	653.2
675000	3540000	692.6
676000	3540000	688.9
677000	3540000	619.3
678000	3540000	534.2
679000	3540000	519.9
680000	3540000	470.0
681000	3540000	382.9
682000	3540000	360.3
683000	3540000	307.6
684000	3540000	269.5
685000	3540000	216.3
686000	3540000	197.7
687000	3540000	186.4
688000	3540000	203.5
689000	3540000	205.6
690000	3540000	187.6
691000	3540000	305.2
692000	3540000	195.7
693000	3540000	182.9
694000	3540000	165.1
695000	3540000	203.7
696000	3540000	181.9
697000	3540000	200.1
698000	3540000	226.3
699000	3540000	277.8
700000	3540000	229.7
701000	3540000	302.6
702000	3540000	340.7
703000	3540000	272.7
704000	3540000	232.1
705000	3540000	178.4
706000	3540000	156.9
707000	3540000	159.6
708000	3540000	194.8
709000	3540000	52.4
710000	3540000	203.7
711000	3540000	199.6
712000	3540000	110.0
713000	3540000	76.8
714000	3540000	78.9
715000	3540000	61.8
716000	3540000	93.2
717000	3540000	50.2
718000	3540000	39.9
719000	3540000	14.5
720000	3540000	57.4
721000	3540000	38.3
722000	3540000	19.1
723000	3540000	8.7
724000	3540000	16.9
725000	3540000	9.6
726000	3540000	20.2
727000	3540000	36.4
728000	3540000	26.8
729000	3540000	81.2
730000	3540000	77.9
731000	3540000	30.8
732000	3540000	13.1
733000	3540000	9.3
734000	3540000	8.5
735000	3540000	0.0
736000	3540000	0.0
737000	3540000	0.0
738000	3540000	0.0
739000	3540000	0.0
740000	3540000	0.0
741000	3540000	0.0
742000	3540000	0.0
743000	3540000	0.0
744000	3540000	0.0
745000	3540000	0.0
746000	3540000	0.0
747000	3540000	0.0
748000	3540000	0.0
749000	3540000	0.0
750000	3540000	0.0
650000	3539000	8.7
651000	3539000	9.0
652000	3539000	11.7
653000	3539000	16.5
654000	3539000	23.2
655000	3539000	31.9
656000	3539000	43.0
657000	3539000	56.5
658000	3539000	72.9
659000	3539000	92.4
660000	3539000	115.3
661000	3539000	142.8
662000	3539000	177.3
663000	3539000	222.9
664000	3539000	287.0
665000	3539000	411.6
666000	3539000	466.3
667000	3539000	412.8
668000	3539000	580.9
669000	3539000	618.8
670000	3539000	624.7
671000	3539000	651.5
672000	3539000	841.9
673000	3539000	807.7
674000	3539000	741.3
675000	3539000	834.5
676000	3539000	898.4
677000	3539000	760.8
678000	3539000	672.2
679000	3539000	560.5
680000	3539000	502.0
681000	3539000	452.2
682000	3539000	404.3
683000	3539000	345.8
684000	3539000	268.5
685000	3539000	229.8
686000	3539000	206.0
687000	3539000	189.7
688000	3539000	195.4
689000	3539000	200.3
690000	3539000	185.7
691000	3539000	170.9
692000	3539000	197.6
693000	3539000	260.4
694000	3539000	195.6
695000	3539000	180.0
696000	3539000	182.7
697000	3539000	161.8
698000	3539000	179.7
699000	3539000	207.9
700000	3539000	168.2
701000	3539000	147.7
702000	3539000	139.9
703000	3539000	190.3
704000	3539000	169.8
705000	3539000	184.5
706000	3539000	150.1
707000	3539000	162.2
708000	3539000	169.9
709000	3539000	163.9
710000	3539000	85.9
711000	3539000	209.0
712000	3539000	132.8
713000	3539000	154.0
714000	3539000	68.0
715000	3539000	25.8
716000	3539000	64.2
717000	3539000	19.0
718000	3539000	19.7
719000	3539000	77.9
720000	3539000	69.2
721000	3539000	19.9
722000	3539000	63.4
723000	3539000	56.6
724000	3539000	11.4
725000	3539000	8.1
726000	3539000	17.8
727000	3539000	9.8
728000	3539000	23.7
729000	3539000	19.3
730000	3539000	9.6
731000	3539000	14.7
732000	3539000	10.4
733000	3539000	11.8
734000	3539000	3.8
735000	3539000	0.0
736000	3539000	0.0
737000	3539000	0.0
738000	3539000	0.0
739000	3539000	0.0
740000	3539000	0.0
741000	3539000	0.0
742000	3539000	0.0
743000	3539000	0.0
744000	3539000	0.0
745000	3539000	0.0
746000	3539000	0.0
747000	3539000	0.0
748000	3539000	0.0
749000	3539000	0.0
750000	3539000	0.0
650000	3538000	9.7
651000	3538000	10.1
652000	3538000	13.0
653000	3538000	18.0
654000	3538000	25.0
655000	3538000	34.1
656000	3538000	45.6
657000	3538000	59.6
658000	3538000	76.6
659000	3538000	96.8
660000	3538000	120.6
661000	3538000	149.1
662000	3538000	184.7
663000	3538000	230.8
664000	3538000	287.5
665000	3538000	317.9
666000	3538000	470.0
667000	3538000	518.3
668000	3538000	632.3
669000	3538000	922.2
670000	3538000	752.0
671000	3538000	824.1
672000	3538000	1010.1
673000	3538000	1119.7
674000	3538000	1054.7
675000	3538000	1051.7
676000	3538000	1169.3
677000	3538000	818.4
678000	3538000	733.4
679000	3538000	646.2
680000	3538000	677.2
681000	3538000	602.4
682000	3538000	497.8
683000	3538000	370.2
684000	3538000	303.6
685000	3538000	256.7
686000	3538000	211.9
687000	3538000	195.7
688000	3538000	192.0
689000	3538000	167.9
690000	3538000	195.7
691000	3538000	180.4
692000	3538000	181.0
693000	3538000	198.9
694000	3538000	162.8
695000	3538000	184.3
696000	3538000	150.2
697000	3538000	171.1
698000	3538000	168.1
699000	3538000	137.4
700000	3538000	130.5
701000	3538000	207.7
702000	3538000	135.3
703000	3538000	223.0
704000	3538000	151.0
705000	3538000	169.4
706000	3538000	136.7
707000	3538000	137.9
708000	3538000	175.3
709000	3538000	106.2
710000	3538000	115.6
711000	3538000	35.4
712000	3538000	92.5
713000	3538000	78.8
714000	3538000	39.4
715000	3538000	41.5
716000	3538000	79.8
717000	3538000	20.3
718000	3538000	16.4
719000	3538000	47.6
720000	3538000	50.3
721000	3538000	61.4
722000	3538000	16.0
723000	3538000	12.6
724000	3538000	6.8
725000	3538000	7.6
726000	3538000	6.2
727000	3538000	7.1
728000	3538000	36.0
729000	3538000	11.4
730000	3538000	8.7
731000	3538000	8.4
732000	3538000	12.1
733000	3538000	5.5
734000	3538000	0.0
735000	3538000	0.0
736000	3538000	0.0
737000	3538000	0.0
738000	3538000	0.0
739000	3538000	0.0
740000	3538000	0.0
741000	3538000	0.0
742000	3538000	0.0
743000	3538000	0.0
744000	3538000	0.0
745000	3538000	0.0
746000	3538000	0.0
747000	3538000	0.0
748000	3538000	0.0
749000	3538000	0.0
750000	3538000	0.0
650000	3537000	10.7
651000	3537000	11.3
652000	3537000	14.3
653000	3537000	19.5
654000	3537000	26.7
655000	3537000	36.0
656000	3537000	47.7
657000	3537000	62.0
658000	3537000	79.2
659000	3537000	99.6
660000	3537000	123.6
661000	3537000	151.9
662000	3537000	186.2
663000	3537000	228.9
664000	3537000	281.2
665000	3537000	349.6
666000	3537000	375.8
667000	3537000	530.7
668000	3537000	707.9
669000	3537000	973.5
670000	3537000	950.9
671000	3537000	889.3
672000	3537000	964.0
673000	3537000	1197.7
674000	3537000	1278.9
675000	3537000	1213.0
676000	3537000	1147.9
677000	3537000	954.5
678000	3537000	842.2
679000	3537000	788.9
680000	3537000	1036.5
681000	3537000	986.1
682000	3537000	585.5
683000	3537000	472.5
684000	3537000	394.5
685000	3537000	280.9
686000	3537000	241.0
687000	3537000	185.2
688000	3537000	191.4
689000	3537000	155.1
690000	3537000	182.6
691000	3537000	174.0
692000	3537000	191.9
693000	3537000	159.1
694000	3537000	241.9
695000	3537000	143.7
696000	3537000	185.3
697000	3537000	168.2
698000	3537000	165.7
699000	3537000	165.2
700000	3537000	160.1
701000	3537000	129.0
702000	3537000	163.2
703000	3537000	111.1
704000	3537000	157.7
705000	3537000	145.0
706000	3537000	163.4
707000	3537000	89.9
708000	3537000	137.7
709000	3537000	172.1
710000	3537000	171.3
711000	3537000	140.4
712000	3537000	98.4
713000	3537000	56.1
714000	3537000	36.7
715000	3537000	73.7
716000	3537000	63.9
717000	3537000	68.0
718000	3537000	16.8
719000	3537000	9.9
720000	3537000	54.6
721000	3537000	18.9
722000	3537000	8.5
723000	3537000	12.4
724000	3537000	12.8
725000	3537000	9.6
726000	3537000	9.3
727000	3537000	5.2
728000	3537000	26.8
729000	3537000	10.1
730000	3537000	7.4
731000	3537000	6.9
732000	3537000	4.9
733000	3537000	6.3
734000	3537000	0.0
735000	3537000	0.0
736000	3537000	0.0
737000	3537000	0.0
738000	3537000	0.0
739000	3537000	0.0
740000	3537000	0.0
741000	3537000	0.0
742000	3537000	0.0
743000	3537000	0.0
744000	3537000	0.0
745000	3537000	0.0
746000	3537000	0.0
747000	3537000	0.0
748000	3537000	0.0
749000	3537000	0.0
750000	3537000	0.0
650000	3536000	11.9
651000	3536000	12.5
652000	3536000	15.7
653000	3536000	20.9
654000	3536000	28.2
655000	3536000	37.6
656000	3536000	49.4
657000	3536000	63.7
658000	3536000	80.9
659000	3536000	101.1
660000	3536000	124.6
661000	3536000	151.7
662000	3536000	183.4
663000	3536000	220.6
664000	3536000	264.8
665000	3536000	314.0
666000	3536000	405.7
667000	3536000	532.5
668000	3536000	661.4
669000	3536000	892.8
670000	3536000	1006.4
671000	3536000	959.1
672000	3536000	1002.9
673000	3536000	1193.0
674000	3536000	1177.6
675000	3536000	1270.7
676000	3536000	1364.8
677000	3536000	1179.3
678000	3536000	1052.9
679000	3536000	994.2
680000	3536000	1125.7
681000	3536000	941.1
682000	3536000	729.0
683000	3536000	559.9
684000	3536000	451.9
685000	3536000	358.5
686000	3536000	316.7
687000	3536000	218.6
688000	3536000	185.4
689000	3536000	176.9
690000	3536000	151.9
691000	3536000	193.5
692000	3536000	199.1
693000	3536000	195.0
694000	3536000	190.5
695000	3536000	240.6
696000	3536000	162.1
697000	3536000	138.9
698000	3536000	180.4
699000	3536000	165.3
700000	3536000	121.8
701000	3536000	115.0
702000	3536000	122.1
703000	3536000	112.4
704000	3536000	94.2
705000	3536000	130.4
706000	3536000	114.6
707000	3536000	73.7
708000	3536000	121.3
709000	3536000	164.2
710000	3536000	149.8
711000	3536000	114.7
712000	3536000	87.2
713000	3536000	19.4
714000	3536000	64.6
715000	3536000	71.1
716000	3536000	18.5
717000	3536000	113.9
718000	3536000	59.0
719000	3536000	15.8
720000	3536000	10.8
721000	3536000	10.9
722000	3536000	19.3
723000	3536000	23.9
724000	3536000	9.9
725000	3536000	6.4
726000	3536000	5.9
727000	3536000	7.9
728000	3536000	7.5
729000	3536000	7.8
730000	3536000	5.5
731000	3536000	7.8
732000	3536000	4.3
733000	3536000	4.9
734000	3536000	0.0
735000	3536000	0.0
736000	3536000	0.0
737000	3536000	0.0
738000	3536000	0.0
739000	3536000	0.0
740000	3536000	0.0
741000	3536000	0.0
742000	3536000	0.0
743000	3536000	0.0
744000	3536000	0.0
745000	3536000	0.0
746000	3536000	0.0
747000	3536000	0.0
748000	3536000	0.0
749000	3536000	0.0
750000	3536000	0.0
650000	3535000	13.3
651000	3535000	13.9
652000	3535000	17.1
653000	3535000	22.4
654000	3535000	29.7
655000	3535000	39.1
656000	3535000	50.8
657000	3535000	65.0
658000	3535000	81.9
659000	3535000	101.6
660000	3535000	124.2
661000	3535000	149.7
662000	3535000	178.1
663000	3535000	208.9
664000	3535000	242.5
665000	3535000	278.9
666000	3535000	334.2
667000	3535000	567.8
668000	3535000	697.3
669000	3535000	800.3
670000	3535000	836.1
671000	3535000	886.0
672000	3535000	1028.3
673000	3535000	1240.5
674000	3535000	1186.7
675000	3535000	1314.3
676000	3535000	1428.2
677000	3535000	1398.9
678000	3535000	1181.1
679000	3535000	1134.9
680000	3535000	1272.7
681000	3535000	1021.4
682000	3535000	805.1
683000	3535000	636.4
684000	3535000	478.1
685000	3535000	430.1
686000	3535000	393.2
687000	3535000	278.8
688000	3535000	211.4
689000	3535000	213.9
690000	3535000	191.1
691000	3535000	203.8
692000	3535000	201.1
693000	3535000	196.0
694000	3535000	169.1
695000	3535000	196.3
696000	3535000	159.1
697000	3535000	191.2
698000	3535000	139.1
699000	3535000	122.3
700000	3535000	121.5
701000	3535000	190.1
702000	3535000	158.0
703000	3535000	129.2
704000	3535000	161.9
705000	3535000	185.8
706000	3535000	176.6
707000	3535000	195.7
708000	3535000	205.3
709000	3535000	61.7
710000	3535000	169.1
711000	3535000	141.7
712000	3535000	19.9
713000	3535000	130.7
714000	3535000	137.1
715000	3535000	95.5
716000	3535000	119.4
717000	3535000	117.1
718000	3535000	40.4
719000	3535000	65.7
720000	3535000	52.1
721000	3535000	13.6
722000	3535000	16.7
723000	3535000	19.3
724000	3535000	16.8
725000	3535000	8.1
726000	3535000	31.0
727000	3535000	5.7
728000	3535000	5.1
729000	3535000	6.7
730000	3535000	4.9
731000	3535000	6.0
732000	3535000	3.5
733000	3535000	4.9
734000	3535000	0.0
735000	3535000	0.0
736000	3535000	0.0
737000	3535000	0.0
738000	3535000	0.0
739000	3535000	0.0
740000	3535000	0.0
741000	3535000	0.0
742000	3535000	0.0
743000	3535000	0.0
744000	3535000	0.0
745000	3535000	0.0
746000	3535000	0.0
747000	3535000	0.0
748000	3535000	0.0
749000	3535000	0.0
750000	3535000	0.0
650000	3534000	14.9
651000	3534000	15.5
652000	3534000	18.7
653000	3534000	24.0
654000	3534000	31.2
655000	3534000	40.6
656000	3534000	52.1
657000	3534000	66.1
658000	3534000	82.5
659000	3534000	101.6
660000	3534000	123.2
661000	3534000	147.2
662000	3534000	172.9
663000	3534000	198.8
664000	3534000	223.7
665000	3534000	252.6
666000	3534000	280.9
667000	3534000	460.8
668000	3534000	655.7
669000	3534000	687.3
670000	3534000	815.6
671000	3534000	924.1
672000	3534000	990.9
673000	3534000	1089.5
674000	3534000	1194.1
675000	3534000	1334.8
676000	3534000	1383.5
677000	3534000	1356.7
678000	3534000	1232.0
679000	3534000	1284.5
680000	3534000	1221.4
681000	3534000	839.8
682000	3534000	727.1
683000	3534000	676.4
684000	3534000	598.2
685000	3534000	348.6
686000	3534000	290.4
687000	3534000	249.8
688000	3534000	213.5
689000	3534000	222.8
690000	3534000	211.9
691000	3534000	205.4
692000	3534000	178.5
693000	3534000	200.7
694000	3534000	226.0
695000	3534000	195.8
696000	3534000	167.9
697000	3534000	185.4
698000	3534000	215.4
699000	3534000	175.1
700000	3534000	190.5
701000	3534000	151.9
702000	3534000	84.7
703000	3534000	152.5
704000	3534000	175.7
705000	3534000	159.0
706000	3534000	145.0
707000	3534000	157.0
708000	3534000	142.8
709000	3534000	113.1
710000	3534000	125.6
711000	3534000	128.5
712000	3534000	86.8
713000	3534000	35.9
714000	3534000	191.1
715000	3534000	240.6
716000	3534000	214.8
717000	3534000	156.8
718000	3534000	69.9
719000	3534000	95.0
720000	3534000	24.4
721000	3534000	22.2
722000	3534000	67.9
723000	3534000	17.3
724000	3534000	40.1
725000	3534000	16.6
726000	3534000	9.6
727000	3534000	5.3
728000	3534000	5.5
729000	3534000	5.6
730000	3534000	5.5
731000	3534000	4.5
732000	3534000	3.3
733000	3534000	0.3
734000	3534000	0.4
735000	3534000	0.0
736000	3534000	0.0
737000	3534000	0.0
738000	3534000	0.0
739000	3534000	0.0
740000	3534000	0.0
741000	3534000	0.0
742000	3534000	0.0
743000	3534000	0.0
744000	3534000	0.0
745000	3534000	0.0
746000	3534000	0.0
747000	3534000	0.0
748000	3534000	0.0
749000	3534000	0.0
750000	3534000	0.0
650000	3533000	16.6
651000	3533000	17.2
652000	3533000	20.4
653000	3533000	25.7
654000	3533000	32.9
655000	3533000	42.1
656000	3533000	53.4
657000	3533000	67.1
658000	3533000	83.1
659000	3533000	101.6
660000	3533000	122.3
661000	3533000	145.2
662000	3533000	169.7
663000	3533000	194.9
664000	3533000	219.4
665000	3533000	244.2
666000	3533000	382.9
667000	3533000	457.9
668000	3533000	477.8
669000	3533000	641.3
670000	3533000	726.8
671000	3533000	912.6
672000	3533000	932.3
673000	3533000	1022.0
674000	3533000	1130.9
675000	3533000	1249.9
676000	3533000	1153.2
677000	3533000	1135.2
678000	3533000	1313.6
679000	3533000	1275.6
680000	3533000	1059.4
681000	3533000	812.6
682000	3533000	714.9
683000	3533000	595.1
684000	3533000	494.3
685000	3533000	364.1
686000	3533000	291.1
687000	3533000	228.5
688000	3533000	210.2
689000	3533000	220.8
690000	3533000	178.9
691000	3533000	165.1
692000	3533000	190.8
693000	3533000	200.9
694000	3533000	248.2
695000	3533000	334.4
696000	3533000	194.1
697000	3533000	159.3
698000	3533000	155.6
699000	3533000	177.4
700000	3533000	317.3
701000	3533000	194.6
702000	3533000	136.9
703000	3533000	246.8
704000	3533000	260.9
705000	3533000	206.6
706000	3533000	135.3
707000	3533000	211.9
708000	3533000	188.1
709000	3533000	208.0
710000	3533000	173.2
711000	3533000	95.3
712000	3533000	36.8
713000	3533000	154.2
714000	3533000	110.9
715000	3533000	214.7
716000	3533000	296.3
717000	3533000	255.5
718000	3533000	175.6
719000	3533000	123.8
720000	3533000	47.9
721000	3533000	59.3
722000	3533000	51.8
723000	3533000	29.0
724000	3533000	18.4
725000	3533000	19.9
726000	3533000	8.7
727000	3533000	8.9
728000	3533000	5.0
729000	3533000	5.4
730000	3533000	4.5
731000	3533000	4.0
732000	3533000	2.9
733000	3533000	1.5
734000	3533000	0.0
735000	3533000	0.0
736000	3533000	0.0
737000	3533000	0.0
738000	3533000	0.0
739000	3533000	0.0
740000	3533000	0.0
741000	3533000	0.0
742000	3533000	0.0
743000	3533000	0.0
744000	3533000	0.0
745000	3533000	0.0
746000	3533000	0.0
747000	3533000	0.0
748000	3533000	0.0
749000	3533000	0.0
750000	3533000	0.0
650000	3532000	18.6
651000	3532000	19.2
652000	3532000	22.3
653000	3532000	27.5
654000	3532000	34.6
655000	3532000	43.7
656000	3532000	54.9
657000	3532000	68.3
658000	3532000	83.9
659000	3532000	101.8
660000	3532000	121.9
661000	3532000	144.0
662000	3532000	168.3
663000	3532000	195.3
664000	3532000	227.2
665000	3532000	270.7
666000	3532000	282.9
667000	3532000	311.1
668000	3532000	405.9
669000	3532000	659.0
670000	3532000	620.6
671000	3532000	787.1
672000	3532000	802.3
673000	3532000	872.4
674000	3532000	1008.6
675000	3532000	1077.8
676000	3532000	1012.3
677000	3532000	1163.3
678000	3532000	1330.1
679000	3532000	1274.5
680000	3532000	1023.5
681000	3532000	1103.4
682000	3532000	845.0
683000	3532000	638.9
684000	3532000	520.7
685000	3532000	354.0
686000	3532000	281.8
687000	3532000	239.4
688000	3532000	207.8
689000	3532000	190.2
690000	3532000	210.9
691000	3532000	207.1
692000	3532000	201.4
693000	3532000	158.1
694000	3532000	171.2
695000	3532000	164.4
696000	3532000	153.0
697000	3532000	224.2
698000	3532000	163.3
699000	3532000	155.8
700000	3532000	228.3
701000	3532000	154.5
702000	3532000	142.6
703000	3532000	282.3
704000	3532000	279.1
705000	3532000	250.9
706000	3532000	157.4
707000	3532000	229.3
708000	3532000	225.2
709000	3532000	169.6
710000	3532000	209.7
711000	3532000	198.9
712000	3532000	133.3
713000	3532000	176.2
714000	3532000	205.9
715000	3532000	321.7
716000	3532000	342.2
717000	3532000	325.5
718000	3532000	193.9
719000	3532000	140.8
720000	3532000	73.3
721000	3532000	49.1
722000	3532000	18.8
723000	3532000	79.4
724000	3532000	69.5
725000	3532000	43.3
726000	3532000	51.8
727000	3532000	18.1
728000	3532000	25.0
729000	3532000	5.4
730000	3532000	4.6
731000	3532000	4.0
732000	3532000	4.7
733000	3532000	1.1
734000	3532000	0.0
735000	3532000	0.0
736000	3532000	0.0
737000	3532000	0.0
738000	3532000	0.0
739000	3532000	0.0
740000	3532000	0.0
741000	3532000	0.0
742000	3532000	0.0
743000	3532000	0.0
744000	3532000	0.0
745000	3532000	0.0
746000	3532000	0.0
747000	3532000	0.0
748000	3532000	0.0
749000	3532000	0.0
750000	3532000	0.0
650000	3531000	20.7
651000	3531000	21.2
652000	3531000	24.3
653000	3531000	29.5
654000	3531000	36.5
655000	3531000	45.4
656000	3531000	56.4
657000	3531000	69.6
658000	3531000	85.0
659000	3531000	102.5
660000	3531000	122.1
661000	3531000	143.6
662000	3531000	167.3
663000	3531000	193.8
664000	3531000	221.8
665000	3531000	219.7
666000	3531000	195.7
667000	3531000	287.4
668000	3531000	382.2
669000	3531000	441.0
670000	3531000	510.8
671000	3531000	632.5
672000	3531000	744.6
673000	3531000	812.0
674000	3531000	813.7
675000	3531000	943.5
676000	3531000	885.2
677000	3531000	1062.5
678000	3531000	1155.8
679000	3531000	1340.0
680000	3531000	1031.2
681000	3531000	971.3
682000	3531000	850.5
683000	3531000	698.1
684000	3531000	513.2
685000	3531000	426.2
686000	3531000	310.3
687000	3531000	226.0
688000	3531000	202.5
689000	3531000	198.6
690000	3531000	231.1
691000	3531000	187.8
692000	3531000	169.8
693000	3531000	166.0
694000	3531000	165.1
695000	3531000	300.5
696000	3531000	199.6
697000	3531000	140.7
698000	3531000	151.5
699000	3531000	156.2
700000	3531000	152.9
701000	3531000	156.0
702000	3531000	150.5
703000	3531000	217.3
704000	3531000	235.4
705000	3531000	242.4
706000	3531000	168.8
707000	3531000	305.4
708000	3531000	224.7
709000	3531000	251.7
710000	3531000	186.2
711000	3531000	187.6
712000	3531000	109.9
713000	3531000	209.9
714000	3531000	251.3
715000	3531000	331.7
716000	3531000	341.0
717000	3531000	331.4
718000	3531000	164.3
719000	3531000	105.8
720000	3531000	104.4
721000	3531000	68.5
722000	3531000	107.3
723000	3531000	101.4
724000	3531000	97.1
725000	3531000	17.1
726000	3531000	9.7
727000	3531000	30.1
728000	3531000	5.9
729000	3531000	5.4
730000	3531000	4.2
731000	3531000	3.9
732000	3531000	3.4
733000	3531000	0.0
734000	3531000	0.0
735000	3531000	0.0
736000	3531000	0.0
737000	3531000	0.0
738000	3531000	0.0
739000	3531000	0.0
740000	3531000	0.0
741000	3531000	0.0
742000	3531000	0.0
743000	3531000	0.0
744000	3531000	0.0
745000	3531000	0.0
746000	3531000	0.0
747000	3531000	0.0
748000	3531000	0.0
749000	3531000	0.0
750000	3531000	0.0
650000	3530000	22.9
651000	3530000	23.4
652000	3530000	26.5
653000	3530000	31.5
654000	3530000	38.4
655000	3530000	47.3
656000	3530000	58.1
657000	3530000	71.1
658000	3530000	86.3
659000	3530000	103.7
660000	3530000	122.9
661000	3530000	144.0
662000	3530000	166.9
663000	3530000	191.6
664000	3530000	217.0
665000	3530000	216.8
666000	3530000	254.2
667000	3530000	308.5
668000	3530000	354.7
669000	3530000	363.7
670000	3530000	442.7
671000	3530000	544.7
672000	3530000	591.1
673000	3530000	581.7
674000	3530000	795.3
675000	3530000	859.3
676000	3530000	838.3
677000	3530000	930.1
678000	3530000	1002.9
679000	3530000	1112.2
680000	3530000	1044.2
681000	3530000	1123.4
682000	3530000	1103.7
683000	3530000	862.6
684000	3530000	701.6
685000	3530000	560.0
686000	3530000	351.4
687000	3530000	275.1
688000	3530000	248.1
689000	3530000	277.4
690000	3530000	209.2
691000	3530000	220.8
692000	3530000	212.2
693000	3530000	193.1
694000	3530000	170.2
695000	3530000	225.5
696000	3530000	300.0
697000	3530000	199.4
698000	3530000	134.6
699000	3530000	146.7
700000	3530000	172.5
701000	3530000	135.7
702000	3530000	219.6
703000	3530000	148.9
704000	3530000	206.9
705000	3530000	207.6
706000	3530000	209.9
707000	3530000	270.8
708000	3530000	235.4
709000	3530000	198.7
710000	3530000	245.7
711000	3530000	193.0
712000	3530000	97.5
713000	3530000	114.6
714000	3530000	170.4
715000	3530000	226.6
716000	3530000	253.3
717000	3530000	264.4
718000	3530000	152.6
719000	3530000	160.1
720000	3530000	130.3
721000	3530000	122.0
722000	3530000	97.7
723000	3530000	81.0
724000	3530000	78.7
725000	3530000	53.2
726000	3530000	38.5
727000	3530000	37.3
728000	3530000	9.6
729000	3530000	19.1
730000	3530000	4.3
731000	3530000	4.3
732000	3530000	4.8
733000	3530000	0.0
734000	3530000	0.0
735000	3530000	0.0
736000	3530000	0.0
737000	3530000	0.0
738000	3530000	0.0
739000	3530000	0.0
740000	3530000	0.0
741000	3530000	0.0
742000	3530000	0.0
743000	3530000	0.0
744000	3530000	0.0
745000	3530000	0.0
746000	3530000	0.0
747000	3530000	0.0
748000	3530000	0.0
749000	3530000	0.0
750000	3530000	0.0
650000	3529000	25.2
651000	3529000	25.7
652000	3529000	28.7
653000	3529000	33.6
654000	3529000	40.4
655000	3529000	49.1
656000	3529000	59.9
657000	3529000	72.7
658000	3529000	87.8
659000	3529000	105.1
660000	3529000	124.3
661000	3529000	145.2
662000	3529000	167.5
663000	3529000	191.0
664000	3529000	214.4
665000	3529000	218.0
666000	3529000	242.8
667000	3529000	321.4
668000	3529000	278.8
669000	3529000	305.3
670000	3529000	439.9
671000	3529000	465.7
672000	3529000	510.1
673000	3529000	461.4
674000	3529000	667.3
675000	3529000	952.0
676000	3529000	737.7
677000	3529000	733.1
678000	3529000	872.6
679000	3529000	947.9
680000	3529000	1028.2
681000	3529000	1228.8
682000	3529000	1344.5
683000	3529000	1013.8
684000	3529000	720.6
685000	3529000	489.3
686000	3529000	314.9
687000	3529000	366.8
688000	3529000	390.1
689000	3529000	306.0
690000	3529000	390.3
691000	3529000	242.6
692000	3529000	209.4
693000	3529000	193.7
694000	3529000	165.5
695000	3529000	146.3
696000	3529000	220.1
697000	3529000	160.2
698000	3529000	139.5
699000	3529000	129.5
700000	3529000	150.4
701000	3529000	142.2
702000	3529000	198.3
703000	3529000	159.6
704000	3529000	219.3
705000	3529000	222.6
706000	3529000	235.6
707000	3529000	373.3
708000	3529000	260.6
709000	3529000	308.3
710000	3529000	249.5
711000	3529000	236.6
712000	3529000	154.4
713000	3529000	134.8
714000	3529000	149.4
715000	3529000	183.1
716000	3529000	309.2
717000	3529000	243.2
718000	3529000	149.9
719000	3529000	89.1
720000	3529000	102.6
721000	3529000	77.6
722000	3529000	103.4
723000	3529000	76.3
724000	3529000	76.5
725000	3529000	62.1
726000	3529000	17.3
727000	3529000	20.0
728000	3529000	21.4
729000	3529000	7.8
730000	3529000	6.1
731000	3529000	4.5
732000	3529000	5.6
733000	3529000	0.0
734000	3529000	0.0
735000	3529000	0.0
736000	3529000	0.0
737000	3529000	0.0
738000	3529000	0.0
739000	3529000	0.0
740000	3529000	0.0
741000	3529000	0.0
742000	3529000	0.0
743000	3529000	0.0
744000	3529000	0.0
745000	3529000	0.0
746000	3529000	0.0
747000	3529000	0.0
748000	3529000	0.0
749000	3529000	0.0
750000	3529000	0.0
650000	3528000	27.4
651000	3528000	27.9
652000	3528000	30.8
653000	3528000	35.6
654000	3528000	42.4
655000	3528000	50.9
656000	3528000	61.5
657000	3528000	74.3
658000	3528000	89.4
659000	3528000	106.7
660000	3528000	126.0
661000	3528000	147.1
662000	3528000	169.4
663000	3528000	192.6
664000	3528000	216.4
665000	3528000	241.6
666000	3528000	284.0
667000	3528000	267.7
668000	3528000	230.1
669000	3528000	285.5
670000	3528000	440.1
671000	3528000	455.6
672000	3528000	439.9
673000	3528000	466.9
674000	3528000	618.8
675000	3528000	809.6
676000	3528000	638.5
677000	3528000	681.3
678000	3528000	750.7
679000	3528000	821.2
680000	3528000	865.2
681000	3528000	839.6
682000	3528000	820.8
683000	3528000	726.7
684000	3528000	601.5
685000	3528000	419.9
686000	3528000	355.5
687000	3528000	349.4
688000	3528000	331.7
689000	3528000	264.5
690000	3528000	288.1
691000	3528000	404.5
692000	3528000	371.2
693000	3528000	219.1
694000	3528000	192.0
695000	3528000	138.9
696000	3528000	156.7
697000	3528000	152.8
698000	3528000	152.8
699000	3528000	134.8
700000	3528000	134.1
701000	3528000	155.0
702000	3528000	171.9
703000	3528000	174.8
704000	3528000	225.3
705000	3528000	210.6
706000	3528000	263.1
707000	3528000	259.1
708000	3528000	369.5
709000	3528000	263.9
710000	3528000	304.7
711000	3528000	311.7
712000	3528000	314.8
713000	3528000	179.5
714000	3528000	201.9
715000	3528000	212.3
716000	3528000	250.5
717000	3528000	203.7
718000	3528000	179.6
719000	3528000	133.9
720000	3528000	141.5
721000	3528000	116.8
722000	3528000	107.9
723000	3528000	70.5
724000	3528000	26.8
725000	3528000	25.8
726000	3528000	30.8
727000	3528000	48.0
728000	3528000	21.9
729000	3528000	11.1
730000	3528000	12.5
731000	3528000	4.7
732000	3528000	2.3
733000	3528000	0.0
734000	3528000	0.0
735000	3528000	0.0
736000	3528000	0.0
737000	3528000	0.0
738000	3528000	0.0
739000	3528000	0.0
740000	3528000	0.0
741000	3528000	0.0
742000	3528000	0.0
743000	3528000	0.0
744000	3528000	0.0
745000	3528000	0.0
746000	3528000	0.0
747000	3528000	0.0
748000	3528000	0.0
749000	3528000	0.0
750000	3528000	0.0
650000	3527000	29.6
651000	3527000	30.0
652000	3527000	32.8
653000	3527000	37.5
654000	3527000	44.1
655000	3527000	52.5
656000	3527000	63.0
657000	3527000	75.6
658000	3527000	90.6
659000	3527000	108.0
660000	3527000	127.6
661000	3527000	148.9
662000	3527000	171.5
663000	3527000	195.1
664000	3527000	218.2
665000	3527000	233.7
666000	3527000	217.3
667000	3527000	208.5
668000	3527000	235.4
669000	3527000	328.2
670000	3527000	416.0
671000	3527000	383.7
672000	3527000	305.9
673000	3527000	378.3
674000	3527000	458.5
675000	3527000	525.8
676000	3527000	495.1
677000	3527000	557.2
678000	3527000	641.4
679000	3527000	689.6
680000	3527000	662.7
681000	3527000	634.9
682000	3527000	608.1
683000	3527000	581.1
684000	3527000	527.3
685000	3527000	496.6
686000	3527000	419.4
687000	3527000	358.1
688000	3527000	316.3
689000	3527000	328.8
690000	3527000	266.1
691000	3527000	248.7
692000	3527000	408.9
693000	3527000	387.5
694000	3527000	163.8
695000	3527000	153.9
696000	3527000	131.9
697000	3527000	148.4
698000	3527000	154.9
699000	3527000	131.9
700000	3527000	122.6
701000	3527000	129.8
702000	3527000	157.9
703000	3527000	169.3
704000	3527000	160.2
705000	3527000	232.0
706000	3527000	187.6
707000	3527000	266.7
708000	3527000	278.1
709000	3527000	354.2
710000	3527000	349.6
711000	3527000	303.6
712000	3527000	169.5
713000	3527000	150.2
714000	3527000	224.2
715000	3527000	189.7
716000	3527000	157.1
717000	3527000	168.0
718000	3527000	107.2
719000	3527000	111.1
720000	3527000	112.8
721000	3527000	110.4
722000	3527000	120.4
723000	3527000	64.9
724000	3527000	35.5
725000	3527000	29.3
726000	3527000	18.9
727000	3527000	54.7
728000	3527000	18.5
729000	3527000	23.3
730000	3527000	7.4
731000	3527000	2.8
732000	3527000	5.6
733000	3527000	0.0
734000	3527000	0.0
735000	3527000	0.0
736000	3527000	0.0
737000	3527000	0.0
738000	3527000	0.0
739000	3527000	0.0
740000	3527000	0.0
741000	3527000	0.0
742000	3527000	0.0
743000	3527000	0.0
744000	3527000	0.0
745000	3527000	0.0
746000	3527000	0.0
747000	3527000	0.0
748000	3527000	0.0
749000	3527000	0.0
750000	3527000	0.0
650000	3526000	31.6
651000	3526000	31.9
652000	3526000	34.5
653000	3526000	39.1
654000	3526000	45.5
655000	3526000	53.8
656000	3526000	64.0
657000	3526000	76.5
658000	3526000	91.4
659000	3526000	108.7
660000	3526000	128.4
661000	3526000	149.8
662000	3526000	172.3
663000	3526000	195.5
664000	3526000	217.9
665000	3526000	228.0
666000	3526000	166.0
667000	3526000	231.2
668000	3526000	220.6
669000	3526000	254.1
670000	3526000	296.4
671000	3526000	266.8
672000	3526000	280.4
673000	3526000	343.3
674000	3526000	367.1
675000	3526000	402.8
676000	3526000	420.2
677000	3526000	441.5
678000	3526000	475.3
679000	3526000	583.7
680000	3526000	619.8
681000	3526000	560.7
682000	3526000	548.9
683000	3526000	467.9
684000	3526000	489.9
685000	3526000	400.7
686000	3526000	307.4
687000	3526000	267.9
688000	3526000	330.2
689000	3526000	260.5
690000	3526000	249.1
691000	3526000	280.3
692000	3526000	181.9
693000	3526000	365.1
694000	3526000	280.2
695000	3526000	165.1
696000	3526000	160.5
697000	3526000	137.0
698000	3526000	164.5
699000	3526000	139.8
700000	3526000	126.0
701000	3526000	128.6
702000	3526000	134.6
703000	3526000	136.9
704000	3526000	152.8
705000	3526000	158.8
706000	3526000	294.8
707000	3526000	280.6
708000	3526000	360.2
709000	3526000	545.4
710000	3526000	299.5
711000	3526000	274.6
712000	3526000	226.5
713000	3526000	238.7
714000	3526000	159.6
715000	3526000	155.0
716000	3526000	141.1
717000	3526000	110.6
718000	3526000	99.1
719000	3526000	127.6
720000	3526000	119.7
721000	3526000	110.3
722000	3526000	89.9
723000	3526000	75.6
724000	3526000	59.7
725000	3526000	52.0
726000	3526000	22.7
727000	3526000	16.3
728000	3526000	10.0
729000	3526000	5.6
730000	3526000	8.1
731000	3526000	3.0
732000	3526000	5.1
733000	3526000	0.0
734000	3526000	0.0
735000	3526000	0.0
736000	3526000	0.0
737000	3526000	0.0
738000	3526000	0.0
739000	3526000	0.0
740000	3526000	0.0
741000	3526000	0.0
742000	3526000	0.0
743000	3526000	0.0
744000	3526000	0.0
745000	3526000	0.0
746000	3526000	0.0
747000	3526000	0.0
748000	3526000	0.0
749000	3526000	0.0
750000	3526000	0.0
650000	3525000	33.3
651000	3525000	33.5
652000	3525000	36.0
653000	3525000	40.4
654000	3525000	46.5
655000	3525000	54.5
656000	3525000	64.5
657000	3525000	76.8
658000	3525000	91.5
659000	3525000	108.7
660000	3525000	128.2
661000	3525000	149.3
662000	3525000	170.8
663000	3525000	191.4
664000	3525000	209.7
665000	3525000	220.4
666000	3525000	188.2
667000	3525000	212.8
668000	3525000	261.7
669000	3525000	179.4
670000	3525000	184.0
671000	3525000	236.6
672000	3525000	288.5
673000	3525000	324.2
674000	3525000	315.1
675000	3525000	337.7
676000	3525000	333.9
677000	3525000	429.2
678000	3525000	471.0
679000	3525000	473.1
680000	3525000	430.9
681000	3525000	446.7
682000	3525000	532.4
683000	3525000	465.7
684000	3525000	443.4
685000	3525000	397.5
686000	3525000	302.0
687000	3525000	234.2
688000	3525000	276.0
689000	3525000	234.7
690000	3525000	212.2
691000	3525000	235.1
692000	3525000	216.6
693000	3525000	211.9
694000	3525000	205.8
695000	3525000	178.9
696000	3525000	169.3
697000	3525000	135.1
698000	3525000	134.6
699000	3525000	137.0
700000	3525000	125.6
701000	3525000	140.6
702000	3525000	145.0
703000	3525000	323.0
704000	3525000	151.4
705000	3525000	212.0
706000	3525000	269.0
707000	3525000	271.4
708000	3525000	351.2
709000	3525000	355.0
710000	3525000	342.1
711000	3525000	256.3
712000	3525000	260.9
713000	3525000	271.4
714000	3525000	199.9
715000	3525000	180.1
716000	3525000	113.7
717000	3525000	114.7
718000	3525000	126.0
719000	3525000	107.6
720000	3525000	129.8
721000	3525000	114.2
722000	3525000	113.0
723000	3525000	91.9
724000	3525000	62.3
725000	3525000	52.1
726000	3525000	38.2
727000	3525000	33.2
728000	3525000	30.5
729000	3525000	7.3
730000	3525000	5.5
731000	3525000	6.1
732000	3525000	1.6
733000	3525000	0.0
734000	3525000	0.0
735000	3525000	0.0
736000	3525000	0.0
737000	3525000	0.0
738000	3525000	0.0
739000	3525000	0.0
740000	3525000	0.0
741000	3525000	0.0
742000	3525000	0.0
743000	3525000	0.0
744000	3525000	0.0
745000	3525000	0.0
746000	3525000	0.0
747000	3525000	0.0
748000	3525000	0.0
749000	3525000	0.0
750000	3525000	0.0
650000	3524000	34.8
651000	3524000	34.7
652000	3524000	37.0
653000	3524000	41.1
654000	3524000	47.0
655000	3524000	54.7
656000	3524000	64.4
657000	3524000	76.3
658000	3524000	90.7
659000	3524000	107.7
660000	3524000	127.1
661000	3524000	147.8
662000	3524000	167.8
663000	3524000	184.0
664000	3524000	193.1
665000	3524000	187.6
666000	3524000	188.8
667000	3524000	255.1
668000	3524000	230.1
669000	3524000	155.5
670000	3524000	279.5
671000	3524000	235.8
672000	3524000	228.4
673000	3524000	315.7
674000	3524000	258.8
675000	3524000	313.8
676000	3524000	378.7
677000	3524000	438.5
678000	3524000	452.5
679000	3524000	412.8
680000	3524000	419.8
681000	3524000	385.2
682000	3524000	404.9
683000	3524000	365.6
684000	3524000	461.2
685000	3524000	306.3
686000	3524000	266.9
687000	3524000	267.0
688000	3524000	252.2
689000	3524000	251.1
690000	3524000	195.8
691000	3524000	181.6
692000	3524000	221.2
693000	3524000	224.0
694000	3524000	174.6
695000	3524000	171.4
696000	3524000	159.7
697000	3524000	147.8
698000	3524000	129.9
699000	3524000	143.4
700000	3524000	127.8
701000	3524000	130.5
702000	3524000	134.5
703000	3524000	258.6
704000	3524000	217.0
705000	3524000	193.2
706000	3524000	232.9
707000	3524000	328.4
708000	3524000	390.2
709000	3524000	346.6
710000	3524000	382.7
711000	3524000	292.7
712000	3524000	290.9
713000	3524000	250.6
714000	3524000	227.4
715000	3524000	200.1
716000	3524000	151.5
717000	3524000	149.5
718000	3524000	126.3
719000	3524000	117.0
720000	3524000	146.5
721000	3524000	149.1
722000	3524000	283.4
723000	3524000	198.3
724000	3524000	96.5
725000	3524000	89.3
726000	3524000	56.1
727000	3524000	34.7
728000	3524000	33.8
729000	3524000	15.0
730000	3524000	22.8
731000	3524000	4.6
732000	3524000	3.0
733000	3524000	0.0
734000	3524000	0.0
735000	3524000	0.0
736000	3524000	0.0
737000	3524000	0.0
738000	3524000	0.0
739000	3524000	0.0
740000	3524000	0.0
741000	3524000	0.0
742000	3524000	0.0
743000	3524000	0.0
744000	3524000	0.0
745000	3524000	0.0
746000	3524000	0.0
747000	3524000	0.0
748000	3524000	0.0
749000	3524000	0.0
750000	3524000	0.0
650000	3523000	35.8
651000	3523000	35.6
652000	3523000	37.7
653000	3523000	41.4
654000	3523000	46.9
655000	3523000	54.1
656000	3523000	63.4
657000	3523000	75.0
658000	3523000	89.0
659000	3523000	105.8
660000	3523000	125.1
661000	3523000	145.8
662000	3523000	165.2
663000	3523000	178.8
664000	3523000	181.9
665000	3523000	175.7
666000	3523000	158.9
667000	3523000	201.1
668000	3523000	144.5
669000	3523000	168.3
670000	3523000	198.8
671000	3523000	172.6
672000	3523000	226.5
673000	3523000	286.2
674000	3523000	242.9
675000	3523000	317.4
676000	3523000	355.4
677000	3523000	398.9
678000	3523000	483.0
679000	3523000	453.8
680000	3523000	458.1
681000	3523000	333.8
682000	3523000	367.2
683000	3523000	336.8
684000	3523000	327.3
685000	3523000	309.7
686000	3523000	356.7
687000	3523000	216.6
688000	3523000	206.8
689000	3523000	244.1
690000	3523000	242.9
691000	3523000	230.1
692000	3523000	163.7
693000	3523000	203.8
694000	3523000	170.6
695000	3523000	153.7
696000	3523000	150.8
697000	3523000	150.6
698000	3523000	127.5
699000	3523000	145.4
700000	3523000	133.7
701000	3523000	125.1
702000	3523000	139.9
703000	3523000	216.0
704000	3523000	236.9
705000	3523000	225.6
706000	3523000	242.4
707000	3523000	324.0
708000	3523000	279.3
709000	3523000	364.9
710000	3523000	296.0
711000	3523000	277.8
712000	3523000	421.7
713000	3523000	263.3
714000	3523000	247.2
715000	3523000	159.9
716000	3523000	182.2
717000	3523000	160.9
718000	3523000	152.2
719000	3523000	185.8
720000	3523000	392.6
721000	3523000	393.9
722000	3523000	322.9
723000	3523000	140.1
724000	3523000	128.3
725000	3523000	140.4
726000	3523000	40.4
727000	3523000	18.7
728000	3523000	91.2
729000	3523000	9.2
730000	3523000	4.9
731000	3523000	4.4
732000	3523000	1.5
733000	3523000	0.0
734000	3523000	0.0
735000	3523000	0.0
736000	3523000	0.0
737000	3523000	0.0
738000	3523000	0.0
739000	3523000	0.0
740000	3523000	0.0
741000	3523000	0.0
742000	3523000	0.0
743000	3523000	0.0
744000	3523000	0.0
745000	3523000	0.0
746000	3523000	0.0
747000	3523000	0.0
748000	3523000	0.0
749000	3523000	0.0
750000	3523000	0.0
650000	3522000	36.5
651000	3522000	36.1
652000	3522000	37.8
653000	3522000	41.2
654000	3522000	46.2
655000	3522000	52.9
656000	3522000	61.6
657000	3522000	72.6
658000	3522000	86.2
659000	3522000	102.6
660000	3522000	121.8
661000	3522000	142.9
662000	3522000	163.4
663000	3522000	179.2
664000	3522000	184.5
665000	3522000	172.5
666000	3522000	197.4
667000	3522000	99.5
668000	3522000	160.9
669000	3522000	244.3
670000	3522000	194.4
671000	3522000	197.2
672000	3522000	229.5
673000	3522000	263.5
674000	3522000	269.0
675000	3522000	241.4
676000	3522000	338.5
677000	3522000	364.2
678000	3522000	473.7
679000	3522000	458.7
680000	3522000	350.2
681000	3522000	366.3
682000	3522000	299.7
683000	3522000	296.3
684000	3522000	270.4
685000	3522000	298.9
686000	3522000	268.2
687000	3522000	219.8
688000	3522000	248.4
689000	3522000	212.8
690000	3522000	169.6
691000	3522000	198.5
692000	3522000	202.3
693000	3522000	150.1
694000	3522000	171.4
695000	3522000	154.2
696000	3522000	160.1
697000	3522000	153.3
698000	3522000	139.9
699000	3522000	140.3
700000	3522000	128.5
701000	3522000	127.2
702000	3522000	136.6
703000	3522000	172.7
704000	3522000	320.9
705000	3522000	197.3
706000	3522000	251.2
707000	3522000	285.1
708000	3522000	301.9
709000	3522000	296.0
710000	3522000	314.9
711000	3522000	308.0
712000	3522000	345.4
713000	3522000	361.8
714000	3522000	222.3
715000	3522000	244.1
716000	3522000	195.8
717000	3522000	290.4
718000	3522000	195.9
719000	3522000	445.1
720000	3522000	294.3
721000	3522000	508.2
722000	3522000	308.0
723000	3522000	247.4
724000	3522000	120.5
725000	3522000	76.0
726000	3522000	109.7
727000	3522000	138.9
728000	3522000	172.4
729000	3522000	144.1
730000	3522000	29.0
731000	3522000	59.7
732000	3522000	19.3
733000	3522000	0.0
734000	3522000	0.0
735000	3522000	0.0
736000	3522000	0.0
737000	3522000	0.0
738000	3522000	0.0
739000	3522000	0.0
740000	3522000	0.0
741000	3522000	0.0
742000	3522000	0.0
743000	3522000	0.0
744000	3522000	0.0
745000	3522000	0.0
746000	3522000	0.0
747000	3522000	0.0
748000	3522000	0.0
749000	3522000	0.0
750000	3522000	0.0
650000	3521000	36.9
651000	3521000	36.2
652000	3521000	37.5
653000	3521000	40.4
654000	3521000	44.9
655000	3521000	50.9
656000	3521000	58.9
657000	3521000	69.1
658000	3521000	81.9
659000	3521000	97.6
660000	3521000	116.4
661000	3521000	137.7
662000	3521000	160.2
663000	3521000	182.3
664000	3521000	200.6
665000	3521000	203.1
666000	3521000	203.9
667000	3521000	165.8
668000	3521000	179.6
669000	3521000	207.3
670000	3521000	207.6
671000	3521000	227.8
672000	3521000	186.2
673000	3521000	281.4
674000	3521000	269.5
675000	3521000	276.7
676000	3521000	343.2
677000	3521000	420.5
678000	3521000	467.0
679000	3521000	349.2
680000	3521000	370.5
681000	3521000	312.3
682000	3521000	326.0
683000	3521000	297.6
684000	3521000	258.4
685000	3521000	232.7
686000	3521000	256.2
687000	3521000	251.4
688000	3521000	255.4
689000	3521000	188.8
690000	3521000	227.8
691000	3521000	218.4
692000	3521000	154.2
693000	3521000	192.2
694000	3521000	157.8
695000	3521000	150.9
696000	3521000	137.5
697000	3521000	140.2
698000	3521000	145.3
699000	3521000	138.0
700000	3521000	137.5
701000	3521000	133.1
702000	3521000	156.0
703000	3521000	171.2
704000	3521000	198.1
705000	3521000	169.5
706000	3521000	263.1
707000	3521000	199.1
708000	3521000	227.1
709000	3521000	318.1
710000	3521000	397.4
711000	3521000	374.4
712000	3521000	322.8
713000	3521000	412.8
714000	3521000	343.7
715000	3521000	420.4
716000	3521000	296.4
717000	3521000	317.9
718000	3521000	294.2
719000	3521000	553.4
720000	3521000	524.4
721000	3521000	342.4
722000	3521000	316.2
723000	3521000	275.0
724000	3521000	169.2
725000	3521000	293.2
726000	3521000	305.1
727000	3521000	140.4
728000	3521000	210.0
729000	3521000	286.9
730000	3521000	67.1
731000	3521000	127.2
732000	3521000	127.5
733000	3521000	47.5
734000	3521000	0.0
735000	3521000	0.0
736000	3521000	0.0
737000	3521000	0.0
738000	3521000	0.0
739000	3521000	0.0
740000	3521000	0.0
741000	3521000	0.0
742000	3521000	0.0
743000	3521000	0.0
744000	3521000	0.0
745000	3521000	0.0
746000	3521000	0.0
747000	3521000	0.0
748000	3521000	0.0
749000	3521000	0.0
750000	3521000	0.0
650000	3520000	36.9
651000	3520000	35.9
652000	3520000	36.8
653000	3520000	39.2
654000	3520000	43.0
655000	3520000	48.3
656000	3520000	55.4
657000	3520000	64.6
658000	3520000	76.2
659000	3520000	90.7
660000	3520000	108.1
661000	3520000	128.3
662000	3520000	151.1
663000	3520000	177.2
664000	3520000	207.5
665000	3520000	236.2
666000	3520000	177.5
667000	3520000	182.5
668000	3520000	99.1
669000	3520000	122.1
670000	3520000	183.5
671000	3520000	224.7
672000	3520000	250.5
673000	3520000	235.5
674000	3520000	294.5
675000	3520000	265.3
676000	3520000	340.3
677000	3520000	323.8
678000	3520000	447.5
679000	3520000	424.3
680000	3520000	533.9
681000	3520000	420.6
682000	3520000	317.8
683000	3520000	370.2
684000	3520000	324.6
685000	3520000	259.8
686000	3520000	267.1
687000	3520000	206.9
688000	3520000	232.4
689000	3520000	241.9
690000	3520000	191.1
691000	3520000	171.0
692000	3520000	149.9
693000	3520000	151.5
694000	3520000	155.0
695000	3520000	163.2
696000	3520000	155.7
697000	3520000	156.5
698000	3520000	132.9
699000	3520000	131.3
700000	3520000	129.6
701000	3520000	134.9
702000	3520000	142.8
703000	3520000	152.8
704000	3520000	162.6
705000	3520000	191.4
706000	3520000	188.8
707000	3520000	298.5
708000	3520000	358.9
709000	3520000	339.5
710000	3520000	374.2
711000	3520000	620.1
712000	3520000	409.4
713000	3520000	425.5
714000	3520000	406.3
715000	3520000	566.0
716000	3520000	392.9
717000	3520000	403.4
718000	3520000	307.6
719000	3520000	355.7
720000	3520000	429.4
721000	3520000	462.5
722000	3520000	352.3
723000	3520000	230.8
724000	3520000	295.3
725000	3520000	353.9
726000	3520000	148.5
727000	3520000	81.6
728000	3520000	361.5
729000	3520000	246.5
730000	3520000	230.2
731000	3520000	207.8
732000	3520000	171.6
733000	3520000	68.8
734000	3520000	7.8
735000	3520000	0.0
736000	3520000	0.0
737000	3520000	0.0
738000	3520000	0.0
739000	3520000	0.0
740000	3520000	0.0
741000	3520000	0.0
742000	3520000	0.0
743000	3520000	0.0
744000	3520000	0.0
745000	3520000	0.0
746000	3520000	0.0
747000	3520000	0.0
748000	3520000	0.0
749000	3520000	0.0
750000	3520000	0.0
650000	3519000	36.5
651000	3519000	35.3
652000	3519000	35.8
653000	3519000	37.5
654000	3519000	40.6
655000	3519000	45.1
656000	3519000	51.1
657000	3519000	59.1
658000	3519000	69.2
659000	3519000	81.8
660000	3519000	96.8
661000	3519000	114.1
662000	3519000	133.6
663000	3519000	155.5
664000	3519000	176.4
665000	3519000	171.8
666000	3519000	77.5
667000	3519000	179.3
668000	3519000	88.6
669000	3519000	210.6
670000	3519000	229.7
671000	3519000	213.4
672000	3519000	199.5
673000	3519000	277.9
674000	3519000	268.5
675000	3519000	264.8
676000	3519000	351.7
677000	3519000	315.5
678000	3519000	445.4
679000	3519000	478.8
680000	3519000	397.3
681000	3519000	350.3
682000	3519000	359.2
683000	3519000	333.0
684000	3519000	301.8
685000	3519000	268.7
686000	3519000	282.0
687000	3519000	226.4
688000	3519000	250.9
689000	3519000	240.6
690000	3519000	233.4
691000	3519000	212.5
692000	3519000	180.3
693000	3519000	169.3
694000	3519000	166.1
695000	3519000	160.5
696000	3519000	146.2
697000	3519000	129.8
698000	3519000	131.7
699000	3519000	135.1
700000	3519000	134.7
701000	3519000	142.0
702000	3519000	150.0
703000	3519000	157.3
704000	3519000	168.2
705000	3519000	193.4
706000	3519000	254.4
707000	3519000	291.6
708000	3519000	228.9
709000	3519000	418.6
710000	3519000	664.9
711000	3519000	828.4
712000	3519000	484.4
713000	3519000	487.1
714000	3519000	708.7
715000	3519000	635.6
716000	3519000	387.7
717000	3519000	306.5
718000	3519000	586.1
719000	3519000	570.0
720000	3519000	437.6
721000	3519000	580.7
722000	3519000	285.8
723000	3519000	226.1
724000	3519000	260.6
725000	3519000	212.1
726000	3519000	224.6
727000	3519000	303.1
728000	3519000	514.6
729000	3519000	311.7
730000	3519000	269.8
731000	3519000	300.3
732000	3519000	157.4
733000	3519000	49.3
734000	3519000	11.2
735000	3519000	61.2
736000	3519000	0.0
737000	3519000	0.0
738000	3519000	0.0
739000	3519000	0.0
740000	3519000	0.0
741000	3519000	0.0
742000	3519000	0.0
743000	3519000	0.0
744000	3519000	0.0
745000	3519000	0.0
746000	3519000	0.0
747000	3519000	0.0
748000	3519000	0.0
749000	3519000	0.0
750000	3519000	0.0
650000	3518000	35.9
651000	3518000	34.4
652000	3518000	34.4
653000	3518000	35.6
654000	3518000	37.9
655000	3518000	41.4
656000	3518000	46.4
657000	3518000	52.9
658000	3518000	61.3
659000	3518000	71.5
660000	3518000	83.5
661000	3518000	96.7
662000	3518000	110.5
663000	3518000	123.8
664000	3518000	132.0
665000	3518000	118.2
666000	3518000	11.3
667000	3518000	28.3
668000	3518000	58.3
669000	3518000	218.5
670000	3518000	208.4
671000	3518000	215.0
672000	3518000	258.2
673000	3518000	276.5
674000	3518000	280.7
675000	3518000	313.0
676000	3518000	304.2
677000	3518000	320.2
678000	3518000	379.8
679000	3518000	425.6
680000	3518000	400.7
681000	3518000	416.9
682000	3518000	325.5
683000	3518000	328.0
684000	3518000	306.5
685000	3518000	285.6
686000	3518000	286.3
687000	3518000	245.6
688000	3518000	187.9
689000	3518000	223.1
690000	3518000	184.3
691000	3518000	201.1
692000	3518000	169.3
693000	3518000	151.5
694000	3518000	157.5
695000	3518000	160.9
696000	3518000	151.6
697000	3518000	136.2
698000	3518000	137.9
699000	3518000	138.8
700000	3518000	140.5
701000	3518000	139.0
702000	3518000	145.9
703000	3518000	158.1
704000	3518000	155.9
705000	3518000	163.1
706000	3518000	286.6
707000	3518000	286.8
708000	3518000	391.8
709000	3518000	519.2
710000	3518000	823.0
711000	3518000	835.2
712000	3518000	519.3
713000	3518000	774.2
714000	3518000	878.3
715000	3518000	776.2
716000	3518000	552.3
717000	3518000	357.2
718000	3518000	546.4
719000	3518000	564.9
720000	3518000	406.1
721000	3518000	402.5
722000	3518000	399.2
723000	3518000	450.1
724000	3518000	352.9
725000	3518000	247.3
726000	3518000	330.1
727000	3518000	612.6
728000	3518000	378.0
729000	3518000	469.7
730000	3518000	436.7
731000	3518000	281.2
732000	3518000	67.7
733000	3518000	140.7
734000	3518000	125.9
735000	3518000	26.2
736000	3518000	0.0
737000	3518000	0.0
738000	3518000	0.0
739000	3518000	0.0
740000	3518000	0.0
741000	3518000	0.0
742000	3518000	0.0
743000	3518000	0.0
744000	3518000	0.0
745000	3518000	0.0
746000	3518000	0.0
747000	3518000	0.0
748000	3518000	0.0
749000	3518000	0.0
750000	3518000	0.0
650000	3517000	35.1
651000	3517000	33.3
652000	3517000	32.8
653000	3517000	33.4
654000	3517000	35.0
655000	3517000	37.6
656000	3517000	41.3
657000	3517000	46.4
658000	3517000	52.9
659000	3517000	60.7
660000	3517000	69.5
661000	3517000	78.5
662000	3517000	86.4
663000	3517000	91.4
664000	3517000	90.0
665000	3517000	63.6
666000	3517000	8.9
667000	3517000	12.0
668000	3517000	70.8
669000	3517000	24.9
670000	3517000	104.5
671000	3517000	233.1
672000	3517000	61.5
673000	3517000	237.2
674000	3517000	263.7
675000	3517000	304.3
676000	3517000	349.9
677000	3517000	358.2
678000	3517000	457.0
679000	3517000	379.9
680000	3517000	366.8
681000	3517000	350.6
682000	3517000	314.2
683000	3517000	321.5
684000	3517000	271.5
685000	3517000	237.4
686000	3517000	187.5
687000	3517000	179.6
688000	3517000	175.5
689000	3517000	249.6
690000	3517000	197.0
691000	3517000	156.4
692000	3517000	143.5
693000	3517000	134.1
694000	3517000	130.2
695000	3517000	131.5
696000	3517000	133.0
697000	3517000	138.4
698000	3517000	141.7
699000	3517000	144.1
700000	3517000	149.8
701000	3517000	140.8
702000	3517000	142.1
703000	3517000	163.6
704000	3517000	169.4
705000	3517000	189.6
706000	3517000	207.9
707000	3517000	405.6
708000	3517000	385.9
709000	3517000	814.8
710000	3517000	721.4
711000	3517000	566.5
712000	3517000	734.6
713000	3517000	878.4
714000	3517000	855.2
715000	3517000	1095.6
716000	3517000	863.4
717000	3517000	568.1
718000	3517000	604.2
719000	3517000	540.0
720000	3517000	294.2
721000	3517000	392.1
722000	3517000	418.9
723000	3517000	387.8
724000	3517000	405.1
725000	3517000	257.2
726000	3517000	416.9
727000	3517000	693.6
728000	3517000	493.3
729000	3517000	366.5
730000	3517000	198.4
731000	3517000	135.3
732000	3517000	240.9
733000	3517000	181.3
734000	3517000	9.9
735000	3517000	0.0
736000	3517000	0.0
737000	3517000	0.0
738000	3517000	0.0
739000	3517000	0.0
740000	3517000	0.0
741000	3517000	0.0
742000	3517000	0.0
743000	3517000	0.0
744000	3517000	0.0
745000	3517000	0.0
746000	3517000	0.0
747000	3517000	0.0
748000	3517000	0.0
749000	3517000	0.0
750000	3517000	0.0
650000	3516000	34.2
651000	3516000	32.1
652000	3516000	31.2
653000	3516000	31.1
654000	3516000	32.0
655000	3516000	33.7
656000	3516000	36.3
657000	3516000	39.9
658000	3516000	44.6
659000	3516000	50.1
660000	3516000	56.1
661000	3516000	61.6
662000	3516000	65.0
663000	3516000	64.1
664000	3516000	54.9
665000	3516000	34.4
666000	3516000	9.1
667000	3516000	48.5
668000	3516000	18.0
669000	3516000	18.3
670000	3516000	61.2
671000	3516000	27.1
672000	3516000	67.8
673000	3516000	268.9
674000	3516000	279.1
675000	3516000	300.5
676000	3516000	309.2
677000	3516000	443.7
678000	3516000	501.7
679000	3516000	391.4
680000	3516000	319.9
681000	3516000	332.6
682000	3516000	281.2
683000	3516000	310.7
684000	3516000	290.5
685000	3516000	249.3
686000	3516000	216.7
687000	3516000	228.9
688000	3516000	200.8
689000	3516000	144.7
690000	3516000	142.4
691000	3516000	140.2
692000	3516000	153.4
693000	3516000	170.1
694000	3516000	164.0
695000	3516000	156.3
696000	3516000	135.8
697000	3516000	138.4
698000	3516000	144.2
699000	3516000	151.2
700000	3516000	155.0
701000	3516000	144.9
702000	3516000	150.3
703000	3516000	150.3
704000	3516000	160.2
705000	3516000	185.5
706000	3516000	320.3
707000	3516000	419.3
708000	3516000	465.3
709000	3516000	621.2
710000	3516000	489.2
711000	3516000	644.6
712000	3516000	790.4
713000	3516000	749.9
714000	3516000	747.2
715000	3516000	825.6
716000	3516000	712.8
717000	3516000	640.7
718000	3516000	555.7
719000	3516000	461.6
720000	3516000	358.8
721000	3516000	271.6
722000	3516000	358.0
723000	3516000	365.4
724000	3516000	328.8
725000	3516000	460.1
726000	3516000	368.4
727000	3516000	604.1
728000	3516000	343.1
729000	3516000	296.4
730000	3516000	270.9
731000	3516000	333.8
732000	3516000	145.2
733000	3516000	37.7
734000	3516000	0.0
735000	3516000	0.0
736000	3516000	0.0
737000	3516000	0.0
738000	3516000	0.0
739000	3516000	0.0
740000	3516000	0.0
741000	3516000	0.0
742000	3516000	0.0
743000	3516000	0.0
744000	3516000	0.0
745000	3516000	0.0
746000	3516000	0.0
747000	3516000	0.0
748000	3516000	0.0
749000	3516000	0.0
750000	3516000	0.0
650000	3515000	33.2
651000	3515000	30.8
652000	3515000	29.4
653000	3515000	28.9
654000	3515000	29.1
655000	3515000	29.9
656000	3515000	31.5
657000	3515000	33.8
658000	3515000	36.8
659000	3515000	40.4
660000	3515000	44.2
661000	3515000	47.1
662000	3515000	47.9
663000	3515000	44.7
664000	3515000	35.1
665000	3515000	29.5
666000	3515000	6.2
667000	3515000	37.5
668000	3515000	10.7
669000	3515000	23.2
670000	3515000	65.8
671000	3515000	198.7
672000	3515000	196.2
673000	3515000	152.7
674000	3515000	197.6
675000	3515000	308.7
676000	3515000	375.8
677000	3515000	409.8
678000	3515000	393.7
679000	3515000	345.2
680000	3515000	343.0
681000	3515000	364.1
682000	3515000	364.4
683000	3515000	313.1
684000	3515000	289.5
685000	3515000	231.6
686000	3515000	279.4
687000	3515000	236.2
688000	3515000	250.0
689000	3515000	286.7
690000	3515000	256.8
691000	3515000	181.5
692000	3515000	174.4
693000	3515000	153.5
694000	3515000	153.7
695000	3515000	145.0
696000	3515000	138.2
697000	3515000	145.0
698000	3515000	149.8
699000	3515000	155.7
700000	3515000	187.7
701000	3515000	156.9
702000	3515000	156.3
703000	3515000	159.2
704000	3515000	253.0
705000	3515000	318.1
706000	3515000	404.0
707000	3515000	456.6
708000	3515000	341.6
709000	3515000	321.8
710000	3515000	415.3
711000	3515000	473.7
712000	3515000	638.4
713000	3515000	479.8
714000	3515000	793.4
715000	3515000	858.6
716000	3515000	503.3
717000	3515000	450.6
718000	3515000	520.8
719000	3515000	516.5
720000	3515000	320.0
721000	3515000	222.5
722000	3515000	269.9
723000	3515000	317.4
724000	3515000	466.0
725000	3515000	330.8
726000	3515000	364.5
727000	3515000	611.1
728000	3515000	608.3
729000	3515000	417.4
730000	3515000	370.9
731000	3515000	159.6
732000	3515000	186.6
733000	3515000	54.0
734000	3515000	0.0
735000	3515000	0.0
736000	3515000	0.0
737000	3515000	0.0
738000	3515000	0.0
739000	3515000	0.0
740000	3515000	0.0
741000	3515000	0.0
742000	3515000	0.0
743000	3515000	0.0
744000	3515000	0.0
745000	3515000	0.0
746000	3515000	0.0
747000	3515000	0.0
748000	3515000	0.0
749000	3515000	0.0
750000	3515000	0.0
650000	3514000	32.1
651000	3514000	29.5
652000	3514000	27.8
653000	3514000	26.8
654000	3514000	26.3
655000	3514000	26.5
656000	3514000	27.1
657000	3514000	28.3
658000	3514000	30.0
659000	3514000	32.0
660000	3514000	34.0
661000	3514000	35.4
662000	3514000	35.0
663000	3514000	31.6
664000	3514000	24.1
665000	3514000	12.9
666000	3514000	5.6
667000	3514000	9.4
668000	3514000	16.1
669000	3514000	39.4
670000	3514000	171.7
671000	3514000	106.9
672000	3514000	113.0
673000	3514000	126.3
674000	3514000	183.5
675000	3514000	265.0
676000	3514000	315.6
677000	3514000	402.7
678000	3514000	391.9
679000	3514000	409.3
680000	3514000	368.3
681000	3514000	385.9
682000	3514000	381.7
683000	3514000	397.2
684000	3514000	297.4
685000	3514000	260.9
686000	3514000	259.4
687000	3514000	238.8
688000	3514000	233.2
689000	3514000	208.9
690000	3514000	191.5
691000	3514000	157.7
692000	3514000	144.8
693000	3514000	157.6
694000	3514000	157.7
695000	3514000	147.9
696000	3514000	141.0
697000	3514000	151.3
698000	3514000	154.6
699000	3514000	161.9
700000	3514000	161.0
701000	3514000	205.7
702000	3514000	211.4
703000	3514000	200.5
704000	3514000	191.5
705000	3514000	245.9
706000	3514000	458.0
707000	3514000	353.5
708000	3514000	304.1
709000	3514000	344.4
710000	3514000	351.0
711000	3514000	362.4
712000	3514000	373.6
713000	3514000	409.5
714000	3514000	638.2
715000	3514000	458.3
716000	3514000	416.6
717000	3514000	551.8
718000	3514000	669.4
719000	3514000	721.5
720000	3514000	315.5
721000	3514000	229.4
722000	3514000	231.0
723000	3514000	360.1
724000	3514000	339.8
725000	3514000	209.0
726000	3514000	391.6
727000	3514000	470.0
728000	3514000	237.2
729000	3514000	470.5
730000	3514000	204.4
731000	3514000	101.7
732000	3514000	259.6
733000	3514000	60.3
734000	3514000	0.0
735000	3514000	0.0
736000	3514000	0.0
737000	3514000	0.0
738000	3514000	0.0
739000	3514000	0.0
740000	3514000	0.0
741000	3514000	0.0
742000	3514000	0.0
743000	3514000	0.0
744000	3514000	0.0
745000	3514000	0.0
746000	3514000	0.0
747000	3514000	0.0
748000	3514000	0.0
749000	3514000	0.0
750000	3514000	0.0
650000	3513000	31.1
651000	3513000	28.2
652000	3513000	26.2
653000	3513000	24.8
654000	3513000	23.9
655000	3513000	23.4
656000	3513000	23.3
657000	3513000	23.6
658000	3513000	24.3
659000	3513000	25.1
660000	3513000	25.9
661000	3513000	26.2
662000	3513000	25.4
663000	3513000	22.8
664000	3513000	18.2
665000	3513000	11.6
666000	3513000	6.0
667000	3513000	8.8
668000	3513000	12.1
669000	3513000	163.2
670000	3513000	61.4
671000	3513000	63.5
672000	3513000	86.5
673000	3513000	154.4
674000	3513000	210.3
675000	3513000	256.5
676000	3513000	337.0
677000	3513000	421.7
678000	3513000	514.2
679000	3513000	482.0
680000	3513000	468.2
681000	3513000	402.9
682000	3513000	395.8
683000	3513000	308.2
684000	3513000	383.6
685000	3513000	263.9
686000	3513000	253.4
687000	3513000	179.7
688000	3513000	214.8
689000	3513000	214.9
690000	3513000	158.4
691000	3513000	170.9
692000	3513000	172.5
693000	3513000	164.7
694000	3513000	156.4
695000	3513000	134.2
696000	3513000	143.5
697000	3513000	152.4
698000	3513000	158.2
699000	3513000	163.1
700000	3513000	173.7
701000	3513000	180.3
702000	3513000	184.1
703000	3513000	185.6
704000	3513000	208.5
705000	3513000	271.1
706000	3513000	290.7
707000	3513000	253.8
708000	3513000	372.5
709000	3513000	418.1
710000	3513000	360.2
711000	3513000	474.7
712000	3513000	701.5
713000	3513000	653.7
714000	3513000	634.2
715000	3513000	291.9
716000	3513000	507.0
717000	3513000	427.0
718000	3513000	374.5
719000	3513000	620.5
720000	3513000	369.0
721000	3513000	140.5
722000	3513000	318.6
723000	3513000	392.9
724000	3513000	252.2
725000	3513000	168.3
726000	3513000	341.5
727000	3513000	539.1
728000	3513000	269.0
729000	3513000	157.1
730000	3513000	303.7
731000	3513000	303.4
732000	3513000	162.1
733000	3513000	141.5
734000	3513000	0.0
735000	3513000	0.0
736000	3513000	0.0
737000	3513000	0.0
738000	3513000	0.0
739000	3513000	0.0
740000	3513000	0.0
741000	3513000	0.0
742000	3513000	0.0
743000	3513000	0.0
744000	3513000	0.0
745000	3513000	0.0
746000	3513000	0.0
747000	3513000	0.0
748000	3513000	0.0
749000	3513000	0.0
750000	3513000	0.0
650000	3512000	30.1
651000	3512000	27.1
652000	3512000	24.8
653000	3512000	23.1
654000	3512000	21.7
655000	3512000	20.7
656000	3512000	20.1
657000	3512000	19.7
658000	3512000	19.6
659000	3512000	19.6
660000	3512000	19.5
661000	3512000	19.2
662000	3512000	18.3
663000	3512000	16.6
664000	3512000	14.3
665000	3512000	12.1
666000	3512000	10.5
667000	3512000	4.8
668000	3512000	5.3
669000	3512000	67.7
670000	3512000	14.4
671000	3512000	93.8
672000	3512000	186.1
673000	3512000	166.8
674000	3512000	258.7
675000	3512000	300.5
676000	3512000	359.1
677000	3512000	432.5
678000	3512000	423.4
679000	3512000	424.3
680000	3512000	590.4
681000	3512000	352.5
682000	3512000	343.5
683000	3512000	359.9
684000	3512000	295.8
685000	3512000	216.2
686000	3512000	222.1
687000	3512000	190.1
688000	3512000	183.7
689000	3512000	160.1
690000	3512000	173.0
691000	3512000	180.0
692000	3512000	174.2
693000	3512000	161.4
694000	3512000	160.0
695000	3512000	140.3
696000	3512000	142.5
697000	3512000	151.7
698000	3512000	156.4
699000	3512000	163.8
700000	3512000	173.2
701000	3512000	178.0
702000	3512000	191.3
703000	3512000	286.3
704000	3512000	318.6
705000	3512000	289.6
706000	3512000	268.2
707000	3512000	258.9
708000	3512000	411.7
709000	3512000	491.6
710000	3512000	586.1
711000	3512000	532.1
712000	3512000	600.4
713000	3512000	731.7
714000	3512000	399.6
715000	3512000	415.7
716000	3512000	729.1
717000	3512000	457.0
718000	3512000	223.9
719000	3512000	450.3
720000	3512000	221.6
721000	3512000	126.0
722000	3512000	372.1
723000	3512000	256.2
724000	3512000	224.3
725000	3512000	99.9
726000	3512000	337.8
727000	3512000	544.5
728000	3512000	465.2
729000	3512000	283.7
730000	3512000	84.1
731000	3512000	291.5
732000	3512000	164.2
733000	3512000	22.9
734000	3512000	0.0
735000	3512000	0.0
736000	3512000	0.0
737000	3512000	0.0
738000	3512000	0.0
739000	3512000	0.0
740000	3512000	0.0
741000	3512000	0.0
742000	3512000	0.0
743000	3512000	0.0
744000	3512000	0.0
745000	3512000	0.0
746000	3512000	0.0
747000	3512000	0.0
748000	3512000	0.0
749000	3512000	0.0
750000	3512000	0.0
650000	3511000	29.2
651000	3511000	26.1
652000	3511000	23.6
653000	3511000	21.6
654000	3511000	19.9
655000	3511000	18.5
656000	3511000	17.4
657000	3511000	16.5
658000	3511000	15.8
659000	3511000	15.3
660000	3511000	14.7
661000	3511000	14.0
662000	3511000	13.0
663000	3511000	11.7
664000	3511000	10.3
665000	3511000	9.0
666000	3511000	8.4
667000	3511000	4.1
668000	3511000	4.5
669000	3511000	9.4
670000	3511000	9.0
671000	3511000	75.3
672000	3511000	64.8
673000	3511000	190.3
674000	3511000	196.9
675000	3511000	186.8
676000	3511000	368.8
677000	3511000	379.6
678000	3511000	411.5
679000	3511000	375.9
680000	3511000	397.0
681000	3511000	515.2
682000	3511000	422.4
683000	3511000	288.9
684000	3511000	268.9
685000	3511000	270.7
686000	3511000	216.0
687000	3511000	205.7
688000	3511000	167.3
689000	3511000	182.3
690000	3511000	188.8
691000	3511000	179.8
692000	3511000	167.5
693000	3511000	164.9
694000	3511000	160.5
695000	3511000	138.5
696000	3511000	144.9
697000	3511000	148.6
698000	3511000	156.2
699000	3511000	168.1
700000	3511000	178.4
701000	3511000	189.9
702000	3511000	246.1
703000	3511000	391.5
704000	3511000	326.6
705000	3511000	393.1
706000	3511000	352.1
707000	3511000	486.5
708000	3511000	515.3
709000	3511000	837.9
710000	3511000	743.9
711000	3511000	705.6
712000	3511000	665.0
713000	3511000	321.4
714000	3511000	440.5
715000	3511000	260.4
716000	3511000	485.3
717000	3511000	582.7
718000	3511000	320.5
719000	3511000	249.6
720000	3511000	211.7
721000	3511000	238.5
722000	3511000	189.4
723000	3511000	248.6
724000	3511000	353.8
725000	3511000	53.2
726000	3511000	309.1
727000	3511000	471.2
728000	3511000	334.3
729000	3511000	322.6
730000	3511000	220.8
731000	3511000	161.3
732000	3511000	13.5
733000	3511000	4.7
734000	3511000	0.0
735000	3511000	0.0
736000	3511000	0.0
737000	3511000	0.0
738000	3511000	0.0
739000	3511000	0.0
740000	3511000	0.0
741000	3511000	0.0
742000	3511000	0.0
743000	3511000	0.0
744000	3511000	0.0
745000	3511000	0.0
746000	3511000	0.0
747000	3511000	0.0
748000	3511000	0.0
749000	3511000	0.0
750000	3511000	0.0
650000	3510000	28.4
651000	3510000	25.2
652000	3510000	22.6
653000	3510000	20.3
654000	3510000	18.4
655000	3510000	16.7
656000	3510000	15.3
657000	3510000	14.0
658000	3510000	13.0
659000	3510000	12.0
660000	3510000	11.1
661000	3510000	10.1
662000	3510000	9.0
663000	3510000	7.8
664000	3510000	6.3
665000	3510000	4.2
666000	3510000	2.3
667000	3510000	3.7
668000	3510000	4.4
669000	3510000	4.8
670000	3510000	243.0
671000	3510000	240.9
672000	3510000	138.1
673000	3510000	234.9
674000	3510000	240.0
675000	3510000	264.0
676000	3510000	382.6
677000	3510000	387.2
678000	3510000	383.6
679000	3510000	337.9
680000	3510000	361.2
681000	3510000	349.5
682000	3510000	353.4
683000	3510000	305.5
684000	3510000	239.8
685000	3510000	208.2
686000	3510000	213.7
687000	3510000	178.6
688000	3510000	197.4
689000	3510000	223.8
690000	3510000	191.8
691000	3510000	171.4
692000	3510000	161.4
693000	3510000	164.8
694000	3510000	151.8
695000	3510000	141.2
696000	3510000	144.1
697000	3510000	151.2
698000	3510000	159.2
699000	3510000	169.0
700000	3510000	177.0
701000	3510000	196.9
702000	3510000	259.2
703000	3510000	275.0
704000	3510000	570.7
705000	3510000	377.9
706000	3510000	542.2
707000	3510000	408.9
708000	3510000	648.2
709000	3510000	806.3
710000	3510000	757.4
711000	3510000	839.9
712000	3510000	587.1
713000	3510000	354.2
714000	3510000	745.8
715000	3510000	539.7
716000	3510000	227.4
717000	3510000	388.1
718000	3510000	392.5
719000	3510000	175.4
720000	3510000	167.4
721000	3510000	154.6
722000	3510000	88.2
723000	3510000	260.6
724000	3510000	293.5
725000	3510000	58.7
726000	3510000	243.6
727000	3510000	386.4
728000	3510000	294.8
729000	3510000	293.6
730000	3510000	91.2
731000	3510000	78.8
732000	3510000	76.8
733000	3510000	29.5
734000	3510000	0.0
735000	3510000	0.0
736000	3510000	0.0
737000	3510000	0.0
738000	3510000	0.0
739000	3510000	0.0
740000	3510000	0.0
741000	3510000	0.0
742000	3510000	0.0
743000	3510000	0.0
744000	3510000	0.0
745000	3510000	0.0
746000	3510000	0.0
747000	3510000	0.0
748000	3510000	0.0
749000	3510000	0.0
750000	3510000	0.0
650000	3509000	27.8
651000	3509000	24.5
652000	3509000	21.7
653000	3509000	19.4
654000	3509000	17.3
655000	3509000	15.4
656000	3509000	13.7
657000	3509000	12.2
658000	3509000	10.8
659000	3509000	9.6
660000	3509000	8.4
661000	3509000	7.2
662000	3509000	6.1
663000	3509000	4.8
664000	3509000	3.5
665000	3509000	2.1
666000	3509000	2.4
667000	3509000	0.1
668000	3509000	0.0
669000	3509000	0.0
670000	3509000	1.7
671000	3509000	126.3
672000	3509000	243.4
673000	3509000	190.8
674000	3509000	318.8
675000	3509000	296.3
676000	3509000	313.3
677000	3509000	370.4
678000	3509000	442.2
679000	3509000	418.6
680000	3509000	349.5
681000	3509000	343.4
682000	3509000	322.0
683000	3509000	228.6
684000	3509000	249.7
685000	3509000	275.2
686000	3509000	209.4
687000	3509000	190.0
688000	3509000	200.7
689000	3509000	294.4
690000	3509000	208.6
691000	3509000	200.5
692000	3509000	174.8
693000	3509000	151.6
694000	3509000	160.0
695000	3509000	160.2
696000	3509000	155.6
697000	3509000	161.7
698000	3509000	169.0
699000	3509000	180.1
700000	3509000	199.8
701000	3509000	290.9
702000	3509000	260.9
703000	3509000	316.6
704000	3509000	471.8
705000	3509000	406.9
706000	3509000	577.5
707000	3509000	790.7
708000	3509000	585.8
709000	3509000	530.5
710000	3509000	698.0
711000	3509000	744.9
712000	3509000	520.9
713000	3509000	468.1
714000	3509000	415.9
715000	3509000	424.0
716000	3509000	432.3
717000	3509000	192.5
718000	3509000	266.6
719000	3509000	237.0
720000	3509000	336.4
721000	3509000	105.0
722000	3509000	69.9
723000	3509000	75.8
724000	3509000	53.3
725000	3509000	44.6
726000	3509000	85.5
727000	3509000	432.7
728000	3509000	509.8
729000	3509000	294.3
730000	3509000	290.7
731000	3509000	107.0
732000	3509000	149.1
733000	3509000	18.6
734000	3509000	0.0
735000	3509000	0.0
736000	3509000	0.0
737000	3509000	0.0
738000	3509000	0.0
739000	3509000	0.0
740000	3509000	0.0
741000	3509000	0.0
742000	3509000	0.0
743000	3509000	0.0
744000	3509000	0.0
745000	3509000	0.0
746000	3509000	0.0
747000	3509000	0.0
748000	3509000	0.0
749000	3509000	0.0
750000	3509000	0.0
650000	3508000	27.4
651000	3508000	24.0
652000	3508000	21.2
653000	3508000	18.7
654000	3508000	16.4
655000	3508000	14.4
656000	3508000	12.6
657000	3508000	10.9
658000	3508000	9.3
659000	3508000	7.9
660000	3508000	6.5
661000	3508000	5.2
662000	3508000	3.9
663000	3508000	2.6
664000	3508000	1.5
665000	3508000	0.6
666000	3508000	0.0
667000	3508000	0.0
668000	3508000	0.0
669000	3508000	0.0
670000	3508000	0.0
671000	3508000	10.2
672000	3508000	166.6
673000	3508000	245.9
674000	3508000	342.6
675000	3508000	369.7
676000	3508000	468.2
677000	3508000	428.5
678000	3508000	363.8
679000	3508000	360.9
680000	3508000	366.1
681000	3508000	286.3
682000	3508000	295.2
683000	3508000	278.0
684000	3508000	281.4
685000	3508000	236.3
686000	3508000	264.9
687000	3508000	245.1
688000	3508000	240.9
689000	3508000	203.5
690000	3508000	211.0
691000	3508000	197.3
692000	3508000	149.9
693000	3508000	164.1
694000	3508000	154.1
695000	3508000	164.5
696000	3508000	170.7
697000	3508000	170.1
698000	3508000	177.2
699000	3508000	241.8
700000	3508000	282.1
701000	3508000	300.5
702000	3508000	488.5
703000	3508000	284.2
704000	3508000	411.8
705000	3508000	759.1
706000	3508000	795.6
707000	3508000	510.5
708000	3508000	494.0
709000	3508000	499.2
710000	3508000	404.3
711000	3508000	606.1
712000	3508000	532.5
713000	3508000	808.6
714000	3508000	568.3
715000	3508000	648.5
716000	3508000	829.4
717000	3508000	351.2
718000	3508000	254.6
719000	3508000	237.5
720000	3508000	157.8
721000	3508000	321.3
722000	3508000	151.3
723000	3508000	260.7
724000	3508000	224.9
725000	3508000	70.1
726000	3508000	36.9
727000	3508000	95.6
728000	3508000	364.1
729000	3508000	255.9
730000	3508000	352.0
731000	3508000	272.1
732000	3508000	76.3
733000	3508000	43.4
734000	3508000	0.0
735000	3508000	0.0
736000	3508000	0.0
737000	3508000	0.0
738000	3508000	0.0
739000	3508000	0.0
740000	3508000	0.0
741000	3508000	0.0
742000	3508000	0.0
743000	3508000	0.0
744000	3508000	0.0
745000	3508000	0.0
746000	3508000	0.0
747000	3508000	0.0
748000	3508000	0.0
749000	3508000	0.0
750000	3508000	0.0
650000	3507000	27.2
651000	3507000	23.7
652000	3507000	20.8
653000	3507000	18.3
654000	3507000	16.0
655000	3507000	13.8
656000	3507000	11.9
657000	3507000	10.1
658000	3507000	8.3
659000	3507000	6.8
660000	3507000	5.2
661000	3507000	3.8
662000	3507000	2.4
663000	3507000	1.1
664000	3507000	0.0
665000	3507000	0.0
666000	3507000	0.0
667000	3507000	0.0
668000	3507000	0.0
669000	3507000	0.0
670000	3507000	0.0
671000	3507000	0.0
672000	3507000	75.4
673000	3507000	280.1
674000	3507000	355.7
675000	3507000	357.4
676000	3507000	388.0
677000	3507000	403.5
678000	3507000	368.2
679000	3507000	304.4
680000	3507000	362.3
681000	3507000	379.4
682000	3507000	301.8
683000	3507000	324.2
684000	3507000	293.1
685000	3507000	261.8
686000	3507000	234.8
687000	3507000	237.7
688000	3507000	218.1
689000	3507000	216.2
690000	3507000	198.0
691000	3507000	169.7
692000	3507000	150.9
693000	3507000	164.3
694000	3507000	158.4
695000	3507000	158.6
696000	3507000	163.1
697000	3507000	179.7
698000	3507000	197.5
699000	3507000	252.6
700000	3507000	309.9
701000	3507000	493.8
702000	3507000	561.8
703000	3507000	414.2
704000	3507000	500.9
705000	3507000	590.7
706000	3507000	500.7
707000	3507000	458.7
708000	3507000	405.2
709000	3507000	585.3
710000	3507000	385.5
711000	3507000	631.6
712000	3507000	591.4
713000	3507000	697.0
714000	3507000	814.8
715000	3507000	780.9
716000	3507000	853.1
717000	3507000	482.2
718000	3507000	510.0
719000	3507000	416.8
720000	3507000	202.2
721000	3507000	416.0
722000	3507000	322.8
723000	3507000	269.8
724000	3507000	97.4
725000	3507000	29.7
726000	3507000	86.6
727000	3507000	112.5
728000	3507000	364.7
729000	3507000	301.1
730000	3507000	207.9
731000	3507000	241.4
732000	3507000	85.1
733000	3507000	0.0
734000	3507000	0.0
735000	3507000	0.0
736000	3507000	0.0
737000	3507000	0.0
738000	3507000	0.0
739000	3507000	0.0
740000	3507000	0.0
741000	3507000	0.0
742000	3507000	0.0
743000	3507000	0.0
744000	3507000	0.0
745000	3507000	0.0
746000	3507000	0.0
747000	3507000	0.0
748000	3507000	0.0
749000	3507000	0.0
750000	3507000	0.0
650000	3506000	27.1
651000	3506000	23.7
652000	3506000	20.8
653000	3506000	18.2
654000	3506000	15.8
655000	3506000	13.7
656000	3506000	11.6
657000	3506000	9.7
658000	3506000	7.9
659000	3506000	6.2
660000	3506000	4.6
661000	3506000	3.0
662000	3506000	1.5
663000	3506000	0.1
664000	3506000	0.0
665000	3506000	0.0
666000	3506000	0.0
667000	3506000	0.0
668000	3506000	0.0
669000	3506000	0.0
670000	3506000	0.0
671000	3506000	0.0
672000	3506000	0.0
673000	3506000	138.5
674000	3506000	276.3
675000	3506000	474.8
676000	3506000	379.3
677000	3506000	336.1
678000	3506000	319.7
679000	3506000	338.1
680000	3506000	352.0
681000	3506000	334.4
682000	3506000	314.6
683000	3506000	307.1
684000	3506000	260.2
685000	3506000	272.3
686000	3506000	265.6
687000	3506000	233.4
688000	3506000	205.5
689000	3506000	174.8
690000	3506000	194.9
691000	3506000	176.7
692000	3506000	156.8
693000	3506000	166.8
694000	3506000	160.9
695000	3506000	159.6
696000	3506000	174.1
697000	3506000	270.4
698000	3506000	213.7
699000	3506000	249.8
700000	3506000	479.6
701000	3506000	523.4
702000	3506000	477.6
703000	3506000	765.3
704000	3506000	736.5
705000	3506000	830.3
706000	3506000	628.9
707000	3506000	432.5
708000	3506000	360.9
709000	3506000	584.4
710000	3506000	659.4
711000	3506000	407.6
712000	3506000	545.1
713000	3506000	397.6
714000	3506000	675.8
715000	3506000	568.5
716000	3506000	495.0
717000	3506000	513.1
718000	3506000	483.6
719000	3506000	365.6
720000	3506000	321.6
721000	3506000	354.2
722000	3506000	493.7
723000	3506000	274.6
724000	3506000	67.1
725000	3506000	29.9
726000	3506000	61.9
727000	3506000	229.2
728000	3506000	423.7
729000	3506000	233.0
730000	3506000	95.8
731000	3506000	116.1
732000	3506000	8.1
733000	3506000	97.2
734000	3506000	0.0
735000	3506000	0.0
736000	3506000	0.0
737000	3506000	0.0
738000	3506000	0.0
739000	3506000	0.0
740000	3506000	0.0
741000	3506000	0.0
742000	3506000	0.0
743000	3506000	0.0
744000	3506000	0.0
745000	3506000	0.0
746000	3506000	0.0
747000	3506000	0.0
748000	3506000	0.0
749000	3506000	0.0
750000	3506000	0.0
650000	3505000	27.3
651000	3505000	23.9
652000	3505000	21.0
653000	3505000	18.4
654000	3505000	16.0
655000	3505000	13.9
656000	3505000	11.8
657000	3505000	9.9
658000	3505000	8.0
659000	3505000	6.2
660000	3505000	4.5
661000	3505000	2.9
662000	3505000	1.2
663000	3505000	0.0
664000	3505000	0.0
665000	3505000	0.0
666000	3505000	0.0
667000	3505000	0.0
668000	3505000	0.0
669000	3505000	0.0
670000	3505000	0.0
671000	3505000	0.0
672000	3505000	0.0
673000	3505000	131.5
674000	3505000	354.5
675000	3505000	382.6
676000	3505000	380.8
677000	3505000	374.8
678000	3505000	360.0
679000	3505000	300.1
680000	3505000	323.8
681000	3505000	319.3
682000	3505000	284.3
683000	3505000	263.5
684000	3505000	261.8
685000	3505000	284.4
686000	3505000	281.1
687000	3505000	240.8
688000	3505000	221.7
689000	3505000	193.6
690000	3505000	162.1
691000	3505000	169.2
692000	3505000	173.9
693000	3505000	175.2
694000	3505000	161.1
695000	3505000	186.3
696000	3505000	205.4
697000	3505000	396.6
698000	3505000	331.4
699000	3505000	376.6
700000	3505000	538.4
701000	3505000	415.7
702000	3505000	513.0
703000	3505000	696.4
704000	3505000	595.9
705000	3505000	680.2
706000	3505000	672.6
707000	3505000	446.7
708000	3505000	597.4
709000	3505000	230.1
710000	3505000	457.2
711000	3505000	208.7
712000	3505000	371.6
713000	3505000	266.6
714000	3505000	372.3
715000	3505000	327.3
716000	3505000	509.1
717000	3505000	263.1
718000	3505000	295.2
719000	3505000	145.0
720000	3505000	169.4
721000	3505000	317.8
722000	3505000	244.3
723000	3505000	212.4
724000	3505000	207.7
725000	3505000	21.2
726000	3505000	29.3
727000	3505000	64.0
728000	3505000	335.1
729000	3505000	351.3
730000	3505000	346.6
731000	3505000	196.6
732000	3505000	135.8
733000	3505000	29.2
734000	3505000	0.0
735000	3505000	0.0
736000	3505000	0.0
737000	3505000	0.0
738000	3505000	0.0
739000	3505000	0.0
740000	3505000	0.0
741000	3505000	0.0
742000	3505000	0.0
743000	3505000	0.0
744000	3505000	0.0
745000	3505000	0.0
746000	3505000	0.0
747000	3505000	0.0
748000	3505000	0.0
749000	3505000	0.0
750000	3505000	0.0
650000	3504000	27.8
651000	3504000	24.4
652000	3504000	21.5
653000	3504000	19.0
654000	3504000	16.7
655000	3504000	14.5
656000	3504000	12.5
657000	3504000	10.6
658000	3504000	8.7
659000	3504000	6.9
660000	3504000	5.0
661000	3504000	3.2
662000	3504000	1.5
663000	3504000	0.0
664000	3504000	0.0
665000	3504000	0.0
666000	3504000	0.0
667000	3504000	0.0
668000	3504000	0.0
669000	3504000	0.0
670000	3504000	0.0
671000	3504000	0.0
672000	3504000	0.0
673000	3504000	16.5
674000	3504000	338.3
675000	3504000	384.0
676000	3504000	359.5
677000	3504000	361.3
678000	3504000	364.4
679000	3504000	350.9
680000	3504000	317.9
681000	3504000	298.4
682000	3504000	261.4
683000	3504000	291.4
684000	3504000	219.1
685000	3504000	203.2
686000	3504000	208.8
687000	3504000	255.6
688000	3504000	221.3
689000	3504000	201.4
690000	3504000	177.1
691000	3504000	176.8
692000	3504000	164.7
693000	3504000	178.1
694000	3504000	187.0
695000	3504000	209.2
696000	3504000	348.6
697000	3504000	299.3
698000	3504000	393.9
699000	3504000	433.5
700000	3504000	488.9
701000	3504000	426.0
702000	3504000	500.8
703000	3504000	590.4
704000	3504000	572.3
705000	3504000	440.8
706000	3504000	445.9
707000	3504000	578.0
708000	3504000	445.1
709000	3504000	438.9
710000	3504000	196.5
711000	3504000	242.3
712000	3504000	317.9
713000	3504000	194.8
714000	3504000	244.1
715000	3504000	184.6
716000	3504000	305.1
717000	3504000	455.7
718000	3504000	171.8
719000	3504000	78.8
720000	3504000	132.0
721000	3504000	98.1
722000	3504000	63.1
723000	3504000	61.1
724000	3504000	149.1
725000	3504000	37.5
726000	3504000	19.6
727000	3504000	46.5
728000	3504000	244.6
729000	3504000	267.2
730000	3504000	267.6
731000	3504000	229.5
732000	3504000	155.8
733000	3504000	67.3
734000	3504000	30.2
735000	3504000	0.0
736000	3504000	0.0
737000	3504000	0.0
738000	3504000	0.0
739000	3504000	0.0
740000	3504000	0.0
741000	3504000	0.0
742000	3504000	0.0
743000	3504000	0.0
744000	3504000	0.0
745000	3504000	0.0
746000	3504000	0.0
747000	3504000	0.0
748000	3504000	0.0
749000	3504000	0.0
750000	3504000	0.0
650000	3503000	28.5
651000	3503000	25.1
652000	3503000	22.3
653000	3503000	19.9
654000	3503000	17.7
655000	3503000	15.7
656000	3503000	13.8
657000	3503000	11.9
658000	3503000	10.0
659000	3503000	8.1
660000	3503000	6.2
661000	3503000	4.3
662000	3503000	2.3
663000	3503000	0.4
664000	3503000	0.0
665000	3503000	0.0
666000	3503000	0.0
667000	3503000	0.0
668000	3503000	0.0
669000	3503000	0.0
670000	3503000	0.0
671000	3503000	0.0
672000	3503000	0.0
673000	3503000	71.1
674000	3503000	363.6
675000	3503000	421.6
676000	3503000	385.6
677000	3503000	310.5
678000	3503000	317.5
679000	3503000	320.7
680000	3503000	340.5
681000	3503000	314.7
682000	3503000	282.7
683000	3503000	264.0
684000	3503000	276.4
685000	3503000	257.6
686000	3503000	208.2
687000	3503000	249.6
688000	3503000	204.8
689000	3503000	209.2
690000	3503000	182.3
691000	3503000	186.2
692000	3503000	182.6
693000	3503000	161.1
694000	3503000	180.4
695000	3503000	242.4
696000	3503000	214.7
697000	3503000	360.3
698000	3503000	390.5
699000	3503000	314.1
700000	3503000	304.0
701000	3503000	454.7
702000	3503000	439.4
703000	3503000	327.0
704000	3503000	332.9
705000	3503000	473.4
706000	3503000	483.3
707000	3503000	620.3
708000	3503000	672.9
709000	3503000	539.2
710000	3503000	314.6
711000	3503000	243.9
712000	3503000	150.4
713000	3503000	175.4
714000	3503000	211.9
715000	3503000	160.9
716000	3503000	88.3
717000	3503000	187.1
718000	3503000	276.7
719000	3503000	195.5
720000	3503000	179.0
721000	3503000	89.7
722000	3503000	152.6
723000	3503000	42.0
724000	3503000	28.1
725000	3503000	12.7
726000	3503000	45.8
727000	3503000	28.3
728000	3503000	218.9
729000	3503000	240.2
730000	3503000	249.7
731000	3503000	207.1
732000	3503000	44.9
733000	3503000	0.0
734000	3503000	0.0
735000	3503000	0.0
736000	3503000	0.0
737000	3503000	0.0
738000	3503000	0.0
739000	3503000	0.0
740000	3503000	0.0
741000	3503000	0.0
742000	3503000	0.0
743000	3503000	0.0
744000	3503000	0.0
745000	3503000	0.0
746000	3503000	0.0
747000	3503000	0.0
748000	3503000	0.0
749000	3503000	0.0
750000	3503000	0.0
650000	3502000	29.4
651000	3502000	26.1
652000	3502000	23.5
653000	3502000	21.2
654000	3502000	19.2
655000	3502000	17.4
656000	3502000	15.6
657000	3502000	13.8
658000	3502000	12.0
659000	3502000	10.1
660000	3502000	8.1
661000	3502000	6.0
662000	3502000	3.7
663000	3502000	1.5
664000	3502000	0.0
665000	3502000	0.0
666000	3502000	0.0
667000	3502000	0.0
668000	3502000	0.0
669000	3502000	0.0
670000	3502000	0.0
671000	3502000	0.0
672000	3502000	124.9
673000	3502000	277.1
674000	3502000	410.5
675000	3502000	407.0
676000	3502000	419.4
677000	3502000	407.0
678000	3502000	347.6
679000	3502000	340.7
680000	3502000	310.0
681000	3502000	322.9
682000	3502000	285.0
683000	3502000	275.1
684000	3502000	263.7
685000	3502000	217.8
686000	3502000	197.1
687000	3502000	218.2
688000	3502000	167.6
689000	3502000	197.6
690000	3502000	189.8
691000	3502000	181.6
692000	3502000	190.4
693000	3502000	205.1
694000	3502000	170.8
695000	3502000	180.7
696000	3502000	239.8
697000	3502000	303.0
698000	3502000	424.1
699000	3502000	388.7
700000	3502000	307.2
701000	3502000	323.0
702000	3502000	227.2
703000	3502000	443.9
704000	3502000	566.9
705000	3502000	569.2
706000	3502000	606.1
707000	3502000	578.8
708000	3502000	529.1
709000	3502000	562.8
710000	3502000	629.0
711000	3502000	404.7
712000	3502000	201.1
713000	3502000	174.2
714000	3502000	243.8
715000	3502000	192.8
716000	3502000	232.0
717000	3502000	71.9
718000	3502000	129.6
719000	3502000	111.9
720000	3502000	48.2
721000	3502000	69.2
722000	3502000	29.3
723000	3502000	28.4
724000	3502000	13.0
725000	3502000	18.9
726000	3502000	11.1
727000	3502000	40.1
728000	3502000	29.9
729000	3502000	79.8
730000	3502000	63.9
731000	3502000	157.8
732000	3502000	19.9
733000	3502000	57.9
734000	3502000	0.0
735000	3502000	0.0
736000	3502000	0.0
737000	3502000	0.0
738000	3502000	0.0
739000	3502000	0.0
740000	3502000	0.0
741000	3502000	0.0
742000	3502000	0.0
743000	3502000	0.0
744000	3502000	0.0
745000	3502000	0.0
746000	3502000	0.0
747000	3502000	0.0
748000	3502000	0.0
749000	3502000	0.0
750000	3502000	0.0
650000	3501000	30.6
651000	3501000	27.5
652000	3501000	25.0
653000	3501000	23.0
654000	3501000	21.3
655000	3501000	19.7
656000	3501000	18.1
657000	3501000	16.6
658000	3501000	14.9
659000	3501000	13.0
660000	3501000	10.8
661000	3501000	8.5
662000	3501000	5.9
663000	3501000	3.2
664000	3501000	0.5
665000	3501000	0.0
666000	3501000	0.0
667000	3501000	0.0
668000	3501000	0.0
669000	3501000	0.0
670000	3501000	0.0
671000	3501000	98.8
672000	3501000	379.5
673000	3501000	332.2
674000	3501000	409.3
675000	3501000	378.9
676000	3501000	353.0
677000	3501000	328.3
678000	3501000	331.1
679000	3501000	259.4
680000	3501000	292.4
681000	3501000	286.9
682000	3501000	275.6
683000	3501000	270.6
684000	3501000	211.8
685000	3501000	221.6
686000	3501000	230.7
687000	3501000	223.8
688000	3501000	210.1
689000	3501000	195.1
690000	3501000	148.3
691000	3501000	163.9
692000	3501000	178.3
693000	3501000	211.6
694000	3501000	213.3
695000	3501000	194.3
696000	3501000	220.8
697000	3501000	221.9
698000	3501000	282.1
699000	3501000	283.8
700000	3501000	259.1
701000	3501000	249.4
702000	3501000	257.4
703000	3501000	353.5
704000	3501000	514.8
705000	3501000	550.5
706000	3501000	554.5
707000	3501000	556.5
708000	3501000	355.1
709000	3501000	405.7
710000	3501000	685.2
711000	3501000	492.8
712000	3501000	377.6
713000	3501000	383.5
714000	3501000	494.6
715000	3501000	282.5
716000	3501000	250.5
717000	3501000	131.6
718000	3501000	88.9
719000	3501000	117.7
720000	3501000	39.6
721000	3501000	66.6
722000	3501000	24.1
723000	3501000	17.7
724000	3501000	59.9
725000	3501000	8.6
726000	3501000	9.0
727000	3501000	8.9
728000	3501000	7.3
729000	3501000	99.9
730000	3501000	19.5
731000	3501000	68.7
732000	3501000	150.3
733000	3501000	0.0
734000	3501000	0.0
735000	3501000	0.0
736000	3501000	0.0
737000	3501000	0.0
738000	3501000	0.0
739000	3501000	0.0
740000	3501000	0.0
741000	3501000	0.0
742000	3501000	0.0
743000	3501000	0.0
744000	3501000	0.0
745000	3501000	0.0
746000	3501000	0.0
747000	3501000	0.0
748000	3501000	0.0
749000	3501000	0.0
750000	3501000	0.0
650000	3500000	32.0
651000	3500000	29.1
652000	3500000	26.9
653000	3500000	25.2
654000	3500000	23.8
655000	3500000	22.6
656000	3500000	21.4
657000	3500000	20.1
658000	3500000	18.6
659000	3500000	16.8
660000	3500000	14.6
661000	3500000	11.9
662000	3500000	8.9
663000	3500000	5.6
664000	3500000	2.2
665000	3500000	0.0
666000	3500000	0.0
667000	3500000	0.0
668000	3500000	0.0
669000	3500000	0.0
670000	3500000	0.0
671000	3500000	208.6
672000	3500000	449.2
673000	3500000	436.1
674000	3500000	379.5
675000	3500000	354.8
676000	3500000	368.8
677000	3500000	310.4
678000	3500000	320.4
679000	3500000	319.8
680000	3500000	317.5
681000	3500000	249.0
682000	3500000	254.7
683000	3500000	234.7
684000	3500000	235.0
685000	3500000	221.5
686000	3500000	158.5
687000	3500000	214.3
688000	3500000	197.1
689000	3500000	190.6
690000	3500000	122.7
691000	3500000	164.0
692000	3500000	186.7
693000	3500000	179.4
694000	3500000	207.0
695000	3500000	211.7
696000	3500000	220.4
697000	3500000	193.5
698000	3500000	246.5
699000	3500000	247.8
700000	3500000	238.0
701000	3500000	272.0
702000	3500000	222.7
703000	3500000	385.3
704000	3500000	523.4
705000	3500000	473.9
706000	3500000	348.2
707000	3500000	364.6
708000	3500000	332.3
709000	3500000	498.5
710000	3500000	563.4
711000	3500000	391.4
712000	3500000	319.8
713000	3500000	369.3
714000	3500000	661.0
715000	3500000	383.3
716000	3500000	250.8
717000	3500000	155.5
718000	3500000	58.7
719000	3500000	49.3
720000	3500000	81.1
721000	3500000	51.2
722000	3500000	57.5
723000	3500000	75.4
724000	3500000	41.1
725000	3500000	9.9
726000	3500000	8.2
727000	3500000	5.0
728000	3500000	12.3
729000	3500000	48.1
730000	3500000	6.1
731000	3500000	0.0
732000	3500000	2.4
733000	3500000	0.0
734000	3500000	0.0
735000	3500000	0.0
736000	3500000	0.0
737000	3500000	0.0
738000	3500000	0.0
739000	3500000	0.0
740000	3500000	0.0
741000	3500000	0.0
742000	3500000	0.0
743000	3500000	0.0
744000	3500000	0.0
745000	3500000	0.0
746000	3500000	0.0
747000	3500000	0.0
748000	3500000	0.0
749000	3500000	0.0
750000	3500000	0.0
650000	3499000	33.7
651000	3499000	31.0
652000	3499000	29.1
653000	3499000	27.8
654000	3499000	26.9
655000	3499000	26.1
656000	3499000	25.4
657000	3499000	24.6
658000	3499000	23.5
659000	3499000	21.9
660000	3499000	19.6
661000	3499000	16.6
662000	3499000	13.0
663000	3499000	8.8
664000	3499000	4.5
665000	3499000	0.5
666000	3499000	0.0
667000	3499000	0.0
668000	3499000	0.0
669000	3499000	0.0
670000	3499000	0.0
671000	3499000	246.6
672000	3499000	385.1
673000	3499000	460.6
674000	3499000	408.0
675000	3499000	350.5
676000	3499000	361.2
677000	3499000	336.0
678000	3499000	246.2
679000	3499000	316.9
680000	3499000	307.5
681000	3499000	314.0
682000	3499000	262.7
683000	3499000	199.9
684000	3499000	246.5
685000	3499000	202.7
686000	3499000	207.4
687000	3499000	202.6
688000	3499000	200.8
689000	3499000	180.7
690000	3499000	187.8
691000	3499000	135.8
692000	3499000	164.1
693000	3499000	190.1
694000	3499000	193.0
695000	3499000	203.4
696000	3499000	194.8
697000	3499000	231.2
698000	3499000	228.1
699000	3499000	253.5
700000	3499000	260.1
701000	3499000	235.4
702000	3499000	261.5
703000	3499000	239.4
704000	3499000	392.9
705000	3499000	299.8
706000	3499000	390.1
707000	3499000	311.5
708000	3499000	264.8
709000	3499000	363.9
710000	3499000	563.5
711000	3499000	302.1
712000	3499000	416.3
713000	3499000	383.8
714000	3499000	559.7
715000	3499000	460.6
716000	3499000	227.0
717000	3499000	116.5
718000	3499000	230.4
719000	3499000	201.2
720000	3499000	56.0
721000	3499000	119.4
722000	3499000	109.3
723000	3499000	180.9
724000	3499000	114.8
725000	3499000	52.5
726000	3499000	6.1
727000	3499000	51.4
728000	3499000	99.3
729000	3499000	8.2
730000	3499000	0.0
731000	3499000	0.0
732000	3499000	0.0
733000	3499000	0.0
734000	3499000	0.0
735000	3499000	0.0
736000	3499000	0.0
737000	3499000	0.0
738000	3499000	0.0
739000	3499000	0.0
740000	3499000	0.0
741000	3499000	0.0
742000	3499000	0.0
743000	3499000	0.0
744000	3499000	0.0
745000	3499000	0.0
746000	3499000	0.0
747000	3499000	0.0
748000	3499000	0.0
749000	3499000	0.0
750000	3499000	0.0
650000	3498000	35.5
651000	3498000	33.0
652000	3498000	31.6
653000	3498000	30.8
654000	3498000	30.5
655000	3498000	30.4
656000	3498000	30.3
657000	3498000	30.2
658000	3498000	29.6
659000	3498000	28.4
660000	3498000	26.2
661000	3498000	22.9
662000	3498000	18.5
663000	3498000	13.2
664000	3498000	7.5
665000	3498000	2.2
666000	3498000	0.0
667000	3498000	0.0
668000	3498000	0.0
669000	3498000	0.0
670000	3498000	97.9
671000	3498000	165.8
672000	3498000	365.8
673000	3498000	513.5
674000	3498000	488.2
675000	3498000	347.4
676000	3498000	355.6
677000	3498000	350.2
678000	3498000	319.1
679000	3498000	312.9
680000	3498000	281.6
681000	3498000	280.4
682000	3498000	244.5
683000	3498000	204.4
684000	3498000	231.0
685000	3498000	207.3
686000	3498000	191.5
687000	3498000	209.5
688000	3498000	121.5
689000	3498000	126.4
690000	3498000	180.0
691000	3498000	198.3
692000	3498000	188.5
693000	3498000	182.7
694000	3498000	180.2
695000	3498000	185.0
696000	3498000	169.0
697000	3498000	234.5
698000	3498000	250.7
699000	3498000	286.6
700000	3498000	306.3
701000	3498000	259.8
702000	3498000	252.3
703000	3498000	228.8
704000	3498000	245.9
705000	3498000	227.9
706000	3498000	290.4
707000	3498000	323.1
708000	3498000	388.5
709000	3498000	207.6
710000	3498000	368.3
711000	3498000	384.2
712000	3498000	218.2
713000	3498000	483.9
714000	3498000	563.5
715000	3498000	263.0
716000	3498000	186.8
717000	3498000	151.6
718000	3498000	89.4
719000	3498000	63.6
720000	3498000	95.4
721000	3498000	82.2
722000	3498000	124.0
723000	3498000	84.2
724000	3498000	60.2
725000	3498000	6.4
726000	3498000	8.4
727000	3498000	8.8
728000	3498000	7.9
729000	3498000	0.0
730000	3498000	0.0
731000	3498000	0.0
732000	3498000	0.0
733000	3498000	0.0
734000	3498000	0.0
735000	3498000	0.0
736000	3498000	0.0
737000	3498000	0.0
738000	3498000	0.0
739000	3498000	0.0
740000	3498000	0.0
741000	3498000	0.0
742000	3498000	0.0
743000	3498000	0.0
744000	3498000	0.0
745000	3498000	0.0
746000	3498000	0.0
747000	3498000	0.0
748000	3498000	0.0
749000	3498000	0.0
750000	3498000	0.0
650000	3497000	37.3
651000	3497000	35.2
652000	3497000	34.3
653000	3497000	34.1
654000	3497000	34.5
655000	3497000	35.2
656000	3497000	36.1
657000	3497000	36.8
658000	3497000	37.1
659000	3497000	36.6
660000	3497000	34.9
661000	3497000	31.4
662000	3497000	26.2
663000	3497000	19.5
664000	3497000	11.9
665000	3497000	4.6
666000	3497000	0.0
667000	3497000	0.0
668000	3497000	0.0
669000	3497000	0.0
670000	3497000	136.9
671000	3497000	207.9
672000	3497000	241.1
673000	3497000	447.4
674000	3497000	498.6
675000	3497000	466.9
676000	3497000	344.7
677000	3497000	301.8
678000	3497000	320.7
679000	3497000	283.5
680000	3497000	269.9
681000	3497000	284.0
682000	3497000	279.4
683000	3497000	233.2
684000	3497000	160.2
685000	3497000	226.6
686000	3497000	173.2
687000	3497000	172.6
688000	3497000	174.2
689000	3497000	157.3
690000	3497000	114.0
691000	3497000	136.6
692000	3497000	122.9
693000	3497000	133.5
694000	3497000	180.0
695000	3497000	154.6
696000	3497000	185.2
697000	3497000	343.2
698000	3497000	337.3
699000	3497000	221.9
700000	3497000	319.6
701000	3497000	327.4
702000	3497000	270.7
703000	3497000	198.5
704000	3497000	314.7
705000	3497000	444.8
706000	3497000	217.0
707000	3497000	210.0
708000	3497000	356.6
709000	3497000	357.3
710000	3497000	196.3
711000	3497000	318.8
712000	3497000	131.8
713000	3497000	398.4
714000	3497000	381.9
715000	3497000	379.4
716000	3497000	138.5
717000	3497000	152.0
718000	3497000	160.9
719000	3497000	77.1
720000	3497000	39.7
721000	3497000	99.0
722000	3497000	126.6
723000	3497000	52.5
724000	3497000	123.5
725000	3497000	25.5
726000	3497000	199.6
727000	3497000	9.9
728000	3497000	8.7
729000	3497000	0.0
730000	3497000	0.0
731000	3497000	0.0
732000	3497000	0.0
733000	3497000	0.0
734000	3497000	0.0
735000	3497000	0.0
736000	3497000	0.0
737000	3497000	0.0
738000	3497000	0.0
739000	3497000	0.0
740000	3497000	0.0
741000	3497000	0.0
742000	3497000	0.0
743000	3497000	0.0
744000	3497000	0.0
745000	3497000	0.0
746000	3497000	0.0
747000	3497000	0.0
748000	3497000	0.0
749000	3497000	0.0
750000	3497000	0.0
650000	3496000	39.2
651000	3496000	37.4
652000	3496000	37.0
653000	3496000	37.6
654000	3496000	38.8
655000	3496000	40.5
656000	3496000	42.5
657000	3496000	44.5
658000	3496000	46.2
659000	3496000	46.9
660000	3496000	46.1
661000	3496000	43.1
662000	3496000	37.5
663000	3496000	29.3
664000	3496000	19.0
665000	3496000	8.3
666000	3496000	0.0
667000	3496000	0.0
668000	3496000	0.0
669000	3496000	0.0
670000	3496000	152.2
671000	3496000	318.7
672000	3496000	490.7
673000	3496000	505.1
674000	3496000	430.8
675000	3496000	340.3
676000	3496000	341.9
677000	3496000	342.9
678000	3496000	298.2
679000	3496000	288.6
680000	3496000	275.5
681000	3496000	230.4
682000	3496000	205.4
683000	3496000	259.9
684000	3496000	211.6
685000	3496000	179.8
686000	3496000	210.2
687000	3496000	173.3
688000	3496000	175.4
689000	3496000	187.3
690000	3496000	184.9
691000	3496000	175.5
692000	3496000	156.7
693000	3496000	130.3
694000	3496000	158.3
695000	3496000	144.2
696000	3496000	186.0
697000	3496000	249.9
698000	3496000	199.7
699000	3496000	173.4
700000	3496000	288.4
701000	3496000	254.0
702000	3496000	204.1
703000	3496000	129.6
704000	3496000	337.0
705000	3496000	264.9
706000	3496000	218.1
707000	3496000	205.5
708000	3496000	176.9
709000	3496000	285.7
710000	3496000	177.5
711000	3496000	352.1
712000	3496000	207.0
713000	3496000	362.6
714000	3496000	165.3
715000	3496000	227.4
716000	3496000	133.6
717000	3496000	168.6
718000	3496000	136.9
719000	3496000	108.1
720000	3496000	43.1
721000	3496000	60.0
722000	3496000	17.8
723000	3496000	128.9
724000	3496000	41.8
725000	3496000	42.9
726000	3496000	43.6
727000	3496000	149.5
728000	3496000	0.0
729000	3496000	2.7
730000	3496000	0.0
731000	3496000	0.0
732000	3496000	0.0
733000	3496000	0.0
734000	3496000	0.0
735000	3496000	0.0
736000	3496000	0.0
737000	3496000	0.0
738000	3496000	0.0
739000	3496000	0.0
740000	3496000	0.0
741000	3496000	0.0
742000	3496000	0.0
743000	3496000	0.0
744000	3496000	0.0
745000	3496000	0.0
746000	3496000	0.0
747000	3496000	0.0
748000	3496000	0.0
749000	3496000	0.0
750000	3496000	0.0
650000	3495000	40.9
651000	3495000	39.6
652000	3495000	39.8
653000	3495000	41.1
654000	3495000	43.3
655000	3495000	46.2
656000	3495000	49.6
657000	3495000	53.3
658000	3495000	56.8
659000	3495000	59.6
660000	3495000	60.7
661000	3495000	59.3
662000	3495000	54.4
663000	3495000	45.4
664000	3495000	31.9
665000	3495000	15.1
666000	3495000	0.5
667000	3495000	0.0
668000	3495000	0.0
669000	3495000	5.4
670000	3495000	74.3
671000	3495000	173.7
672000	3495000	409.9
673000	3495000	503.7
674000	3495000	385.3
675000	3495000	381.5
676000	3495000	326.4
677000	3495000	257.9
678000	3495000	242.6
679000	3495000	296.3
680000	3495000	292.8
681000	3495000	248.2
682000	3495000	228.5
683000	3495000	244.7
684000	3495000	178.9
685000	3495000	172.9
686000	3495000	141.3
687000	3495000	108.6
688000	3495000	115.0
689000	3495000	131.7
690000	3495000	121.2
691000	3495000	178.0
692000	3495000	171.0
693000	3495000	125.3
694000	3495000	118.4
695000	3495000	160.5
696000	3495000	150.6
697000	3495000	181.4
698000	3495000	173.8
699000	3495000	137.7
700000	3495000	173.2
701000	3495000	231.5
702000	3495000	204.8
703000	3495000	121.9
704000	3495000	246.2
705000	3495000	216.7
706000	3495000	184.7
707000	3495000	263.7
708000	3495000	186.6
709000	3495000	146.2
710000	3495000	140.1
711000	3495000	275.2
712000	3495000	278.7
713000	3495000	149.2
714000	3495000	176.9
715000	3495000	158.4
716000	3495000	397.8
717000	3495000	338.9
718000	3495000	157.1
719000	3495000	66.8
720000	3495000	74.7
721000	3495000	23.8
722000	3495000	26.4
723000	3495000	18.5
724000	3495000	9.5
725000	3495000	7.2
726000	3495000	56.2
727000	3495000	118.4
728000	3495000	0.0
729000	3495000	0.0
730000	3495000	0.0
731000	3495000	0.0
732000	3495000	0.0
733000	3495000	0.0
734000	3495000	0.0
735000	3495000	0.0
736000	3495000	0.0
737000	3495000	0.0
738000	3495000	0.0
739000	3495000	0.0
740000	3495000	0.0
741000	3495000	0.0
742000	3495000	0.0
743000	3495000	0.0
744000	3495000	0.0
745000	3495000	0.0
746000	3495000	0.0
747000	3495000	0.0
748000	3495000	0.0
749000	3495000	0.0
750000	3495000	0.0
650000	3494000	42.4
651000	3494000	41.4
652000	3494000	42.2
653000	3494000	44.4
654000	3494000	47.6
655000	3494000	51.9
656000	3494000	57.0
657000	3494000	62.8
658000	3494000	68.9
659000	3494000	74.7
660000	3494000	79.2
661000	3494000	81.4
662000	3494000	79.8
663000	3494000	72.8
664000	3494000	57.3
665000	3494000	30.4
666000	3494000	1.0
667000	3494000	0.0
668000	3494000	0.0
669000	3494000	99.7
670000	3494000	410.9
671000	3494000	238.8
672000	3494000	327.7
673000	3494000	396.2
674000	3494000	388.0
675000	3494000	351.6
676000	3494000	324.7
677000	3494000	335.8
678000	3494000	271.7
679000	3494000	244.7
680000	3494000	216.8
681000	3494000	238.9
682000	3494000	266.7
683000	3494000	232.6
684000	3494000	169.1
685000	3494000	140.0
686000	3494000	196.2
687000	3494000	154.7
688000	3494000	145.0
689000	3494000	107.9
690000	3494000	92.3
691000	3494000	142.4
692000	3494000	108.3
693000	3494000	121.7
694000	3494000	180.2
695000	3494000	230.7
696000	3494000	209.3
697000	3494000	169.5
698000	3494000	162.6
699000	3494000	132.2
700000	3494000	173.3
701000	3494000	159.5
702000	3494000	119.7
703000	3494000	149.7
704000	3494000	179.1
705000	3494000	321.2
706000	3494000	295.8
707000	3494000	382.3
708000	3494000	150.3
709000	3494000	122.9
710000	3494000	238.5
711000	3494000	277.3
712000	3494000	212.9
713000	3494000	77.4
714000	3494000	145.8
715000	3494000	374.2
716000	3494000	202.0
717000	3494000	289.3
718000	3494000	111.8
719000	3494000	51.4
720000	3494000	100.6
721000	3494000	13.3
722000	3494000	8.2
723000	3494000	60.3
724000	3494000	114.0
725000	3494000	41.5
726000	3494000	9.0
727000	3494000	38.2
728000	3494000	0.0
729000	3494000	1.9
730000	3494000	0.0
731000	3494000	0.0
732000	3494000	0.0
733000	3494000	0.0
734000	3494000	0.0
735000	3494000	0.0
736000	3494000	0.0
737000	3494000	0.0
738000	3494000	0.0
739000	3494000	0.0
740000	3494000	0.0
741000	3494000	0.0
742000	3494000	0.0
743000	3494000	0.0
744000	3494000	0.0
745000	3494000	0.0
746000	3494000	0.0
747000	3494000	0.0
748000	3494000	0.0
749000	3494000	0.0
750000	3494000	0.0
650000	3493000	43.4
651000	3493000	42.9
652000	3493000	44.3
653000	3493000	47.2
654000	3493000	51.6
655000	3493000	57.2
656000	3493000	64.2
657000	3493000	72.4
658000	3493000	81.8
659000	3493000	91.8
660000	3493000	101.6
661000	3493000	110.2
662000	3493000	116.3
663000	3493000	117.5
664000	3493000	108.7
665000	3493000	76.9
666000	3493000	0.0
667000	3493000	9.0
668000	3493000	142.1
669000	3493000	306.8
670000	3493000	583.5
671000	3493000	440.1
672000	3493000	581.9
673000	3493000	485.5
674000	3493000	313.9
675000	3493000	418.6
676000	3493000	334.3
677000	3493000	314.3
678000	3493000	261.9
679000	3493000	199.5
680000	3493000	199.3
681000	3493000	263.0
682000	3493000	237.6
683000	3493000	231.4
684000	3493000	223.7
685000	3493000	189.7
686000	3493000	174.8
687000	3493000	176.6
688000	3493000	166.8
689000	3493000	132.3
690000	3493000	82.0
691000	3493000	99.8
692000	3493000	80.6
693000	3493000	121.3
694000	3493000	141.5
695000	3493000	202.3
696000	3493000	276.0
697000	3493000	229.6
698000	3493000	165.0
699000	3493000	109.9
700000	3493000	143.1
701000	3493000	150.3
702000	3493000	157.0
703000	3493000	137.6
704000	3493000	167.4
705000	3493000	248.3
706000	3493000	278.3
707000	3493000	180.1
708000	3493000	253.1
709000	3493000	99.1
710000	3493000	80.0
711000	3493000	140.3
712000	3493000	196.9
713000	3493000	102.7
714000	3493000	129.3
715000	3493000	351.0
716000	3493000	374.2
717000	3493000	162.3
718000	3493000	104.8
719000	3493000	29.3
720000	3493000	86.7
721000	3493000	125.9
722000	3493000	206.1
723000	3493000	186.9
724000	3493000	5.2
725000	3493000	61.1
726000	3493000	1.0
727000	3493000	0.0
728000	3493000	0.0
729000	3493000	2.1
730000	3493000	0.0
731000	3493000	0.0
732000	3493000	0.0
733000	3493000	0.0
734000	3493000	0.0
735000	3493000	0.0
736000	3493000	0.0
737000	3493000	0.0
738000	3493000	0.0
739000	3493000	0.0
740000	3493000	0.0
741000	3493000	0.0
742000	3493000	0.0
743000	3493000	0.0
744000	3493000	0.0
745000	3493000	0.0
746000	3493000	0.0
747000	3493000	0.0
748000	3493000	0.0
749000	3493000	0.0
750000	3493000	0.0
650000	3492000	43.9
651000	3492000	43.7
652000	3492000	45.7
653000	3492000	49.4
654000	3492000	54.7
655000	3492000	61.8
656000	3492000	70.7
657000	3492000	81.5
658000	3492000	94.5
659000	3492000	109.6
660000	3492000	126.5
661000	3492000	144.6
662000	3492000	163.1
663000	3492000	180.9
664000	3492000	195.8
665000	3492000	201.5
666000	3492000	203.1
667000	3492000	245.6
668000	3492000	300.0
669000	3492000	601.5
670000	3492000	707.5
671000	3492000	562.9
672000	3492000	484.6
673000	3492000	520.8
674000	3492000	403.6
675000	3492000	290.8
676000	3492000	297.3
677000	3492000	283.7
678000	3492000	280.1
679000	3492000	306.2
680000	3492000	275.0
681000	3492000	247.5
682000	3492000	240.9
683000	3492000	151.2
684000	3492000	166.4
685000	3492000	196.7
686000	3492000	162.2
687000	3492000	137.2
688000	3492000	110.4
689000	3492000	88.7
690000	3492000	78.8
691000	3492000	150.9
692000	3492000	106.1
693000	3492000	156.8
694000	3492000	159.8
695000	3492000	160.3
696000	3492000	97.5
697000	3492000	129.6
698000	3492000	118.1
699000	3492000	134.1
700000	3492000	130.6
701000	3492000	130.0
702000	3492000	89.5
703000	3492000	171.3
704000	3492000	156.7
705000	3492000	195.2
706000	3492000	300.1
707000	3492000	222.6
708000	3492000	188.7
709000	3492000	199.4
710000	3492000	87.2
711000	3492000	202.2
712000	3492000	98.9
713000	3492000	78.9
714000	3492000	201.7
715000	3492000	260.9
716000	3492000	180.2
717000	3492000	108.9
718000	3492000	72.7
719000	3492000	29.7
720000	3492000	45.9
721000	3492000	169.7
722000	3492000	56.6
723000	3492000	17.3
724000	3492000	9.3
725000	3492000	48.2
726000	3492000	9.4
727000	3492000	0.0
728000	3492000	0.0
729000	3492000	85.8
730000	3492000	0.0
731000	3492000	0.0
732000	3492000	0.0
733000	3492000	0.0
734000	3492000	0.0
735000	3492000	0.0
736000	3492000	0.0
737000	3492000	0.0
738000	3492000	0.0
739000	3492000	0.0
740000	3492000	0.0
741000	3492000	0.0
742000	3492000	0.0
743000	3492000	0.0
744000	3492000	0.0
745000	3492000	0.0
746000	3492000	0.0
747000	3492000	0.0
748000	3492000	0.0
749000	3492000	0.0
750000	3492000	0.0
650000	3491000	43.8
651000	3491000	43.8
652000	3491000	46.3
653000	3491000	50.6
654000	3491000	56.8
655000	3491000	65.1
656000	3491000	75.7
657000	3491000	89.1
658000	3491000	105.7
659000	3491000	126.2
660000	3491000	151.0
661000	3491000	180.2
662000	3491000	214.2
663000	3491000	254.0
664000	3491000	302.8
665000	3491000	358.7
666000	3491000	429.0
667000	3491000	513.4
668000	3491000	581.0
669000	3491000	591.2
670000	3491000	728.3
671000	3491000	712.2
672000	3491000	411.0
673000	3491000	454.4
674000	3491000	434.3
675000	3491000	428.0
676000	3491000	235.5
677000	3491000	295.6
678000	3491000	242.9
679000	3491000	257.6
680000	3491000	183.8
681000	3491000	188.9
682000	3491000	242.2
683000	3491000	188.1
684000	3491000	143.7
685000	3491000	159.9
686000	3491000	143.7
687000	3491000	125.0
688000	3491000	73.5
689000	3491000	107.2
690000	3491000	99.2
691000	3491000	121.5
692000	3491000	71.6
693000	3491000	112.9
694000	3491000	142.3
695000	3491000	127.4
696000	3491000	103.4
697000	3491000	120.1
698000	3491000	111.8
699000	3491000	81.0
700000	3491000	127.2
701000	3491000	130.6
702000	3491000	118.1
703000	3491000	119.3
704000	3491000	143.3
705000	3491000	130.4
706000	3491000	219.8
707000	3491000	115.9
708000	3491000	144.1
709000	3491000	172.3
710000	3491000	80.1
711000	3491000	60.7
712000	3491000	65.6
713000	3491000	150.7
714000	3491000	127.8
715000	3491000	117.2
716000	3491000	89.7
717000	3491000	146.1
718000	3491000	105.8
719000	3491000	25.5
720000	3491000	28.9
721000	3491000	41.7
722000	3491000	19.1
723000	3491000	33.7
724000	3491000	164.7
725000	3491000	6.7
726000	3491000	19.4
727000	3491000	0.2
728000	3491000	0.0
729000	3491000	124.2
730000	3491000	0.0
731000	3491000	0.0
732000	3491000	0.0
733000	3491000	0.0
734000	3491000	0.0
735000	3491000	0.0
736000	3491000	0.0
737000	3491000	0.0
738000	3491000	0.0
739000	3491000	0.0
740000	3491000	0.0
741000	3491000	0.0
742000	3491000	0.0
743000	3491000	0.0
744000	3491000	0.0
745000	3491000	0.0
746000	3491000	0.0
747000	3491000	0.0
748000	3491000	0.0
749000	3491000	0.0
750000	3491000	0.0
650000	3490000	42.9
651000	3490000	43.1
652000	3490000	45.8
653000	3490000	50.6
654000	3490000	57.4
655000	3490000	66.6
656000	3490000	78.6
657000	3490000	94.0
658000	3490000	113.7
659000	3490000	138.8
660000	3490000	170.7
661000	3490000	210.4
662000	3490000	259.2
663000	3490000	319.4
664000	3490000	396.2
665000	3490000	494.2
666000	3490000	620.9
667000	3490000	580.5
668000	3490000	537.4
669000	3490000	379.0
670000	3490000	475.3
671000	3490000	350.0
672000	3490000	295.9
673000	3490000	329.2
674000	3490000	389.8
675000	3490000	304.3
676000	3490000	338.8
677000	3490000	264.4
678000	3490000	185.3
679000	3490000	247.7
680000	3490000	218.4
681000	3490000	173.4
682000	3490000	143.3
683000	3490000	206.7
684000	3490000	149.9
685000	3490000	168.7
686000	3490000	105.8
687000	3490000	152.2
688000	3490000	113.1
689000	3490000	125.0
690000	3490000	62.4
691000	3490000	58.5
692000	3490000	150.9
693000	3490000	112.3
694000	3490000	107.2
695000	3490000	124.6
696000	3490000	113.9
697000	3490000	95.4
698000	3490000	112.8
699000	3490000	109.4
700000	3490000	115.7
701000	3490000	122.3
702000	3490000	79.2
703000	3490000	136.3
704000	3490000	91.5
705000	3490000	93.9
706000	3490000	107.6
707000	3490000	89.7
708000	3490000	110.8
709000	3490000	162.8
710000	3490000	93.3
711000	3490000	29.7
712000	3490000	84.6
713000	3490000	68.7
714000	3490000	64.2
715000	3490000	175.9
716000	3490000	74.5
717000	3490000	231.7
718000	3490000	196.2
719000	3490000	59.3
720000	3490000	202.8
721000	3490000	70.9
722000	3490000	55.0
723000	3490000	96.5
724000	3490000	4.5
725000	3490000	6.0
726000	3490000	33.8
727000	3490000	0.0
728000	3490000	0.0
729000	3490000	74.1
730000	3490000	0.0
731000	3490000	0.0
732000	3490000	0.0
733000	3490000	0.0
734000	3490000	0.0
735000	3490000	0.0
736000	3490000	0.0
737000	3490000	0.0
738000	3490000	0.0
739000	3490000	0.0
740000	3490000	0.0
741000	3490000	0.0
742000	3490000	0.0
743000	3490000	0.0
744000	3490000	0.0
745000	3490000	0.0
746000	3490000	0.0
747000	3490000	0.0
748000	3490000	0.0
749000	3490000	0.0
750000	3490000	0.0
650000	3489000	41.2
651000	3489000	41.5
652000	3489000	44.3
653000	3489000	49.3
654000	3489000	56.4
655000	3489000	66.1
656000	3489000	78.8
657000	3489000	95.3
658000	3489000	116.8
659000	3489000	144.9
660000	3489000	181.4
661000	3489000	228.1
662000	3489000	286.6
663000	3489000	359.5
664000	3489000	450.8
665000	3489000	557.2
666000	3489000	662.4
667000	3489000	579.0
668000	3489000	524.7
669000	3489000	498.9
670000	3489000	557.1
671000	3489000	479.3
672000	3489000	450.5
673000	3489000	329.5
674000	3489000	197.4
675000	3489000	162.0
676000	3489000	216.9
677000	3489000	237.5
678000	3489000	243.7
679000	3489000	167.8
680000	3489000	151.0
681000	3489000	142.0
682000	3489000	167.6
683000	3489000	170.6
684000	3489000	119.9
685000	3489000	170.0
686000	3489000	170.6
687000	3489000	132.4
688000	3489000	132.3
689000	3489000	131.5
690000	3489000	98.6
691000	3489000	49.5
692000	3489000	73.7
693000	3489000	113.1
694000	3489000	90.7
695000	3489000	109.4
696000	3489000	110.0
697000	3489000	96.7
698000	3489000	79.7
699000	3489000	86.1
700000	3489000	53.3
701000	3489000	111.0
702000	3489000	100.1
703000	3489000	56.4
704000	3489000	77.5
705000	3489000	111.7
706000	3489000	96.2
707000	3489000	178.5
708000	3489000	195.3
709000	3489000	186.3
710000	3489000	168.4
711000	3489000	38.6
712000	3489000	66.2
713000	3489000	52.5
714000	3489000	40.3
715000	3489000	116.3
716000	3489000	88.1
717000	3489000	111.1
718000	3489000	122.5
719000	3489000	94.7
720000	3489000	80.6
721000	3489000	61.7
722000	3489000	52.8
723000	3489000	72.2
724000	3489000	8.2
725000	3489000	68.6
726000	3489000	0.0
727000	3489000	0.8
728000	3489000	0.0
729000	3489000	0.0
730000	3489000	1.6
731000	3489000	0.0
732000	3489000	0.0
733000	3489000	0.0
734000	3489000	0.0
735000	3489000	0.0
736000	3489000	0.0
737000	3489000	0.0
738000	3489000	0.0
739000	3489000	0.0
740000	3489000	0.0
741000	3489000	0.0
742000	3489000	0.0
743000	3489000	0.0
744000	3489000	0.0
745000	3489000	0.0
746000	3489000	0.0
747000	3489000	0.0
748000	3489000	0.0
749000	3489000	0.0
750000	3489000	0.0
650000	3488000	38.7
651000	3488000	39.0
652000	3488000	41.7
653000	3488000	46.6
654000	3488000	53.6
655000	3488000	63.2
656000	3488000	75.9
657000	3488000	92.6
658000	3488000	114.3
659000	3488000	142.9
660000	3488000	180.2
661000	3488000	228.2
662000	3488000	288.4
663000	3488000	363.3
664000	3488000	456.5
665000	3488000	561.5
666000	3488000	604.0
667000	3488000	555.2
668000	3488000	525.9
669000	3488000	529.6
670000	3488000	648.2
671000	3488000	601.4
672000	3488000	446.7
673000	3488000	611.3
674000	3488000	398.4
675000	3488000	349.9
676000	3488000	214.9
677000	3488000	162.1
678000	3488000	258.8
679000	3488000	221.8
680000	3488000	200.2
681000	3488000	225.0
682000	3488000	209.8
683000	3488000	172.7
684000	3488000	173.3
685000	3488000	180.6
686000	3488000	154.5
687000	3488000	214.9
688000	3488000	158.7
689000	3488000	134.4
690000	3488000	125.2
691000	3488000	104.0
692000	3488000	14.5
693000	3488000	117.7
694000	3488000	150.5
695000	3488000	113.3
696000	3488000	66.7
697000	3488000	90.7
698000	3488000	58.8
699000	3488000	84.4
700000	3488000	99.9
701000	3488000	56.3
702000	3488000	70.6
703000	3488000	51.3
704000	3488000	82.5
705000	3488000	157.7
706000	3488000	220.6
707000	3488000	312.5
708000	3488000	357.3
709000	3488000	435.7
710000	3488000	449.7
711000	3488000	149.4
712000	3488000	24.1
713000	3488000	54.7
714000	3488000	18.7
715000	3488000	59.7
716000	3488000	62.4
717000	3488000	70.9
718000	3488000	213.0
719000	3488000	185.0
720000	3488000	90.0
721000	3488000	91.6
722000	3488000	22.0
723000	3488000	23.0
724000	3488000	98.1
725000	3488000	5.5
726000	3488000	0.0
727000	3488000	0.0
728000	3488000	0.4
729000	3488000	0.0
730000	3488000	0.1
731000	3488000	0.0
732000	3488000	0.0
733000	3488000	0.0
734000	3488000	0.0
735000	3488000	0.0
736000	3488000	0.0
737000	3488000	0.0
738000	3488000	0.0
739000	3488000	0.0
740000	3488000	0.0
741000	3488000	0.0
742000	3488000	0.0
743000	3488000	0.0
744000	3488000	0.0
745000	3488000	0.0
746000	3488000	0.0
747000	3488000	0.0
748000	3488000	0.0
749000	3488000	0.0
750000	3488000	0.0
650000	3487000	35.5
651000	3487000	35.6
652000	3487000	38.1
653000	3487000	42.6
654000	3487000	49.2
655000	3487000	58.2
656000	3487000	70.2
657000	3487000	85.8
658000	3487000	106.1
659000	3487000	132.5
660000	3487000	166.6
661000	3487000	209.8
662000	3487000	262.9
663000	3487000	326.8
664000	3487000	404.4
665000	3487000	498.4
666000	3487000	580.2
667000	3487000	357.7
668000	3487000	521.6
669000	3487000	550.6
670000	3487000	610.9
671000	3487000	788.7
672000	3487000	629.8
673000	3487000	758.5
674000	3487000	598.9
675000	3487000	348.1
676000	3487000	141.8
677000	3487000	156.0
678000	3487000	197.3
679000	3487000	172.5
680000	3487000	147.3
681000	3487000	213.9
682000	3487000	200.5
683000	3487000	205.0
684000	3487000	196.3
685000	3487000	179.3
686000	3487000	158.0
687000	3487000	151.6
688000	3487000	109.1
689000	3487000	122.4
690000	3487000	129.7
691000	3487000	49.4
692000	3487000	68.9
693000	3487000	66.7
694000	3487000	110.9
695000	3487000	201.6
696000	3487000	91.6
697000	3487000	25.6
698000	3487000	39.2
699000	3487000	78.9
700000	3487000	58.7
701000	3487000	70.1
702000	3487000	35.3
703000	3487000	113.9
704000	3487000	223.2
705000	3487000	97.9
706000	3487000	354.1
707000	3487000	239.0
708000	3487000	149.4
709000	3487000	169.9
710000	3487000	251.3
711000	3487000	127.8
712000	3487000	55.1
713000	3487000	44.6
714000	3487000	31.9
715000	3487000	21.0
716000	3487000	103.3
717000	3487000	126.8
718000	3487000	136.6
719000	3487000	210.7
720000	3487000	86.0
721000	3487000	114.6
722000	3487000	118.2
723000	3487000	249.9
724000	3487000	97.9
725000	3487000	150.3
726000	3487000	99.7
727000	3487000	0.0
728000	3487000	0.0
729000	3487000	0.0
730000	3487000	1.4
731000	3487000	0.5
732000	3487000	0.0
733000	3487000	0.0
734000	3487000	0.0
735000	3487000	0.0
736000	3487000	0.0
737000	3487000	0.0
738000	3487000	0.0
739000	3487000	0.0
740000	3487000	0.0
741000	3487000	0.0
742000	3487000	0.0
743000	3487000	0.0
744000	3487000	0.0
745000	3487000	0.0
746000	3487000	0.0
747000	3487000	0.0
748000	3487000	0.0
749000	3487000	0.0
750000	3487000	0.0
650000	3486000	31.7
651000	3486000	31.5
652000	3486000	33.6
653000	3486000	37.5
654000	3486000	43.4
655000	3486000	51.3
656000	3486000	61.9
657000	3486000	75.6
658000	3486000	93.2
659000	3486000	115.4
660000	3486000	143.2
661000	3486000	177.1
662000	3486000	216.5
663000	3486000	259.4
664000	3486000	300.7
665000	3486000	326.5
666000	3486000	309.9
667000	3486000	515.8
668000	3486000	541.1
669000	3486000	525.6
670000	3486000	557.4
671000	3486000	662.6
672000	3486000	856.0
673000	3486000	1042.4
674000	3486000	558.3
675000	3486000	381.6
676000	3486000	326.5
677000	3486000	104.7
678000	3486000	174.3
679000	3486000	145.7
680000	3486000	187.6
681000	3486000	217.6
682000	3486000	194.6
683000	3486000	206.1
684000	3486000	186.2
685000	3486000	185.1
686000	3486000	187.2
687000	3486000	120.5
688000	3486000	116.7
689000	3486000	99.2
690000	3486000	88.8
691000	3486000	128.0
692000	3486000	89.2
693000	3486000	37.6
694000	3486000	68.6
695000	3486000	69.3
696000	3486000	78.1
697000	3486000	18.2
698000	3486000	76.1
699000	3486000	55.8
700000	3486000	66.5
701000	3486000	58.5
702000	3486000	48.2
703000	3486000	69.2
704000	3486000	184.8
705000	3486000	108.4
706000	3486000	150.2
707000	3486000	209.0
708000	3486000	225.3
709000	3486000	187.6
710000	3486000	327.6
711000	3486000	65.6
712000	3486000	43.3
713000	3486000	36.4
714000	3486000	45.3
715000	3486000	53.7
716000	3486000	183.0
717000	3486000	107.7
718000	3486000	173.5
719000	3486000	214.4
720000	3486000	107.4
721000	3486000	60.6
722000	3486000	232.1
723000	3486000	147.3
724000	3486000	111.8
725000	3486000	139.2
726000	3486000	154.2
727000	3486000	0.0
728000	3486000	0.0
729000	3486000	0.0
730000	3486000	0.0
731000	3486000	0.0
732000	3486000	0.0
733000	3486000	0.0
734000	3486000	0.0
735000	3486000	0.0
736000	3486000	0.0
737000	3486000	0.0
738000	3486000	0.0
739000	3486000	0.0
740000	3486000	0.0
741000	3486000	0.0
742000	3486000	0.0
743000	3486000	0.0
744000	3486000	0.0
745000	3486000	0.0
746000	3486000	0.0
747000	3486000	0.0
748000	3486000	0.0
749000	3486000	0.0
750000	3486000	0.0
650000	3485000	27.4
651000	3485000	26.9
652000	3485000	28.4
653000	3485000	31.6
654000	3485000	36.4
655000	3485000	43.1
656000	3485000	51.8
657000	3485000	63.1
658000	3485000	77.1
659000	3485000	94.3
660000	3485000	114.6
661000	3485000	137.7
662000	3485000	162.2
663000	3485000	184.4
664000	3485000	196.1
665000	3485000	181.5
666000	3485000	159.9
667000	3485000	383.7
668000	3485000	238.6
669000	3485000	420.4
670000	3485000	504.4
671000	3485000	635.2
672000	3485000	834.1
673000	3485000	1139.8
674000	3485000	927.2
675000	3485000	453.1
676000	3485000	385.8
677000	3485000	189.4
678000	3485000	79.5
679000	3485000	102.9
680000	3485000	128.8
681000	3485000	194.4
682000	3485000	195.9
683000	3485000	186.6
684000	3485000	169.9
685000	3485000	175.5
686000	3485000	196.9
687000	3485000	190.5
688000	3485000	89.4
689000	3485000	81.7
690000	3485000	74.6
691000	3485000	68.2
692000	3485000	73.2
693000	3485000	15.9
694000	3485000	46.1
695000	3485000	62.8
696000	3485000	71.2
697000	3485000	22.3
698000	3485000	58.1
699000	3485000	60.7
700000	3485000	23.0
701000	3485000	37.6
702000	3485000	46.3
703000	3485000	155.1
704000	3485000	237.2
705000	3485000	168.2
706000	3485000	125.4
707000	3485000	110.4
708000	3485000	129.6
709000	3485000	198.6
710000	3485000	74.6
711000	3485000	71.5
712000	3485000	14.5
713000	3485000	5.9
714000	3485000	13.6
715000	3485000	32.4
716000	3485000	149.1
717000	3485000	202.6
718000	3485000	129.3
719000	3485000	118.2
720000	3485000	50.7
721000	3485000	70.7
722000	3485000	15.0
723000	3485000	74.0
724000	3485000	86.0
725000	3485000	193.2
726000	3485000	0.0
727000	3485000	58.5
728000	3485000	0.0
729000	3485000	0.0
730000	3485000	0.0
731000	3485000	0.0
732000	3485000	0.0
733000	3485000	0.0
734000	3485000	0.0
735000	3485000	0.0
736000	3485000	0.0
737000	3485000	0.0
738000	3485000	0.0
739000	3485000	0.0
740000	3485000	0.0
741000	3485000	0.0
742000	3485000	0.0
743000	3485000	0.0
744000	3485000	0.0
745000	3485000	0.0
746000	3485000	0.0
747000	3485000	0.0
748000	3485000	0.0
749000	3485000	0.0
750000	3485000	0.0
650000	3484000	22.8
651000	3484000	21.8
652000	3484000	22.8
653000	3484000	25.1
654000	3484000	28.8
655000	3484000	34.0
656000	3484000	40.8
657000	3484000	49.3
658000	3484000	59.7
659000	3484000	71.8
660000	3484000	85.2
661000	3484000	99.0
662000	3484000	112.0
663000	3484000	121.7
664000	3484000	123.0
665000	3484000	110.6
666000	3484000	52.8
667000	3484000	79.4
668000	3484000	275.4
669000	3484000	588.9
670000	3484000	589.8
671000	3484000	643.2
672000	3484000	771.8
673000	3484000	1090.2
674000	3484000	647.5
675000	3484000	595.7
676000	3484000	370.7
677000	3484000	162.2
678000	3484000	145.8
679000	3484000	55.6
680000	3484000	156.9
681000	3484000	131.1
682000	3484000	147.9
683000	3484000	140.1
684000	3484000	174.3
685000	3484000	165.0
686000	3484000	146.7
687000	3484000	107.9
688000	3484000	75.4
689000	3484000	71.8
690000	3484000	62.5
691000	3484000	64.8
692000	3484000	61.6
693000	3484000	60.5
694000	3484000	8.7
695000	3484000	54.4
696000	3484000	43.8
697000	3484000	8.0
698000	3484000	50.0
699000	3484000	9.2
700000	3484000	1.0
701000	3484000	0.0
702000	3484000	35.8
703000	3484000	28.4
704000	3484000	157.6
705000	3484000	100.7
706000	3484000	147.1
707000	3484000	253.5
708000	3484000	63.0
709000	3484000	81.3
710000	3484000	36.1
711000	3484000	54.5
712000	3484000	18.6
713000	3484000	4.7
714000	3484000	12.4
715000	3484000	135.5
716000	3484000	108.6
717000	3484000	141.8
718000	3484000	87.2
719000	3484000	178.3
720000	3484000	138.0
721000	3484000	51.4
722000	3484000	153.0
723000	3484000	28.2
724000	3484000	6.0
725000	3484000	0.0
726000	3484000	0.0
727000	3484000	0.0
728000	3484000	0.0
729000	3484000	0.0
730000	3484000	0.0
731000	3484000	0.0
732000	3484000	0.0
733000	3484000	0.0
734000	3484000	0.0
735000	3484000	0.0
736000	3484000	0.0
737000	3484000	0.0
738000	3484000	0.0
739000	3484000	0.0
740000	3484000	0.0
741000	3484000	0.0
742000	3484000	0.0
743000	3484000	0.0
744000	3484000	0.0
745000	3484000	0.0
746000	3484000	0.0
747000	3484000	0.0
748000	3484000	0.0
749000	3484000	0.0
750000	3484000	0.0
650000	3483000	18.0
651000	3483000	16.7
652000	3483000	17.0
653000	3483000	18.5
654000	3483000	21.0
655000	3483000	24.7
656000	3483000	29.5
657000	3483000	35.5
658000	3483000	42.5
659000	3483000	50.3
660000	3483000	58.2
661000	3483000	65.5
662000	3483000	71.8
663000	3483000	77.2
664000	3483000	81.7
665000	3483000	92.0
666000	3483000	159.5
667000	3483000	364.3
668000	3483000	543.9
669000	3483000	628.4
670000	3483000	699.7
671000	3483000	758.3
672000	3483000	969.1
673000	3483000	797.9
674000	3483000	722.4
675000	3483000	521.5
676000	3483000	285.1
677000	3483000	156.1
678000	3483000	168.7
679000	3483000	106.8
680000	3483000	53.6
681000	3483000	122.4
682000	3483000	123.4
683000	3483000	89.8
684000	3483000	135.6
685000	3483000	134.3
686000	3483000	93.1
687000	3483000	110.5
688000	3483000	72.8
689000	3483000	34.0
690000	3483000	54.8
691000	3483000	50.5
692000	3483000	56.9
693000	3483000	50.9
694000	3483000	5.9
695000	3483000	29.8
696000	3483000	44.3
697000	3483000	28.5
698000	3483000	3.9
699000	3483000	0.6
700000	3483000	1.3
701000	3483000	0.0
702000	3483000	0.0
703000	3483000	0.0
704000	3483000	0.0
705000	3483000	15.2
706000	3483000	29.0
707000	3483000	26.2
708000	3483000	18.2
709000	3483000	6.0
710000	3483000	2.4
711000	3483000	17.5
712000	3483000	4.9
713000	3483000	4.5
714000	3483000	156.1
715000	3483000	116.7
716000	3483000	75.9
717000	3483000	84.4
718000	3483000	157.2
719000	3483000	175.2
720000	3483000	268.0
721000	3483000	72.0
722000	3483000	40.7
723000	3483000	8.6
724000	3483000	5.6
725000	3483000	0.0
726000	3483000	0.0
727000	3483000	0.0
728000	3483000	0.0
729000	3483000	0.0
730000	3483000	0.0
731000	3483000	0.0
732000	3483000	0.0
733000	3483000	0.0
734000	3483000	0.0
735000	3483000	0.0
736000	3483000	0.0
737000	3483000	0.0
738000	3483000	0.0
739000	3483000	0.0
740000	3483000	0.0
741000	3483000	0.0
742000	3483000	0.0
743000	3483000	0.0
744000	3483000	0.0
745000	3483000	0.0
746000	3483000	0.0
747000	3483000	0.0
748000	3483000	0.0
749000	3483000	0.0
750000	3483000	0.0
650000	3482000	13.2
651000	3482000	11.5
652000	3482000	11.2
653000	3482000	11.9
654000	3482000	13.5
655000	3482000	15.8
656000	3482000	18.8
657000	3482000	22.5
658000	3482000	26.8
659000	3482000	31.3
660000	3482000	35.4
661000	3482000	38.7
662000	3482000	41.7
663000	3482000	46.4
664000	3482000	57.6
665000	3482000	90.0
666000	3482000	208.2
667000	3482000	400.6
668000	3482000	626.2
669000	3482000	843.0
670000	3482000	927.5
671000	3482000	853.6
672000	3482000	729.1
673000	3482000	1146.3
674000	3482000	697.2
675000	3482000	370.2
676000	3482000	161.2
677000	3482000	94.7
678000	3482000	157.5
679000	3482000	154.3
680000	3482000	151.0
681000	3482000	47.2
682000	3482000	87.5
683000	3482000	61.4
684000	3482000	99.5
685000	3482000	128.2
686000	3482000	91.8
687000	3482000	79.6
688000	3482000	68.4
689000	3482000	58.5
690000	3482000	27.5
691000	3482000	49.9
692000	3482000	52.3
693000	3482000	44.3
694000	3482000	24.5
695000	3482000	8.9
696000	3482000	7.1
697000	3482000	4.8
698000	3482000	0.0
699000	3482000	0.0
700000	3482000	3.0
701000	3482000	0.0
702000	3482000	0.0
703000	3482000	0.0
704000	3482000	0.0
705000	3482000	0.0
706000	3482000	0.2
707000	3482000	0.0
708000	3482000	0.0
709000	3482000	0.0
710000	3482000	3.1
711000	3482000	6.2
712000	3482000	9.2
713000	3482000	6.9
714000	3482000	92.5
715000	3482000	118.6
716000	3482000	81.2
717000	3482000	29.9
718000	3482000	41.5
719000	3482000	69.1
720000	3482000	285.7
721000	3482000	313.8
722000	3482000	177.5
723000	3482000	143.7
724000	3482000	65.8
725000	3482000	5.3
726000	3482000	3.6
727000	3482000	0.0
728000	3482000	0.0
729000	3482000	0.0
730000	3482000	0.0
731000	3482000	0.0
732000	3482000	0.0
733000	3482000	0.0
734000	3482000	0.0
735000	3482000	0.0
736000	3482000	0.0
737000	3482000	0.0
738000	3482000	0.0
739000	3482000	0.0
740000	3482000	0.0
741000	3482000	0.0
742000	3482000	0.0
743000	3482000	0.0
744000	3482000	0.0
745000	3482000	0.0
746000	3482000	0.0
747000	3482000	0.0
748000	3482000	0.0
749000	3482000	0.0
750000	3482000	0.0
650000	3481000	8.7
651000	3481000	6.7
652000	3481000	5.9
653000	3481000	5.9
654000	3481000	6.6
655000	3481000	7.7
656000	3481000	9.3
657000	3481000	11.2
658000	3481000	13.4
659000	3481000	15.4
660000	3481000	17.0
661000	3481000	17.9
662000	3481000	18.8
663000	3481000	21.9
664000	3481000	31.9
665000	3481000	57.6
666000	3481000	103.7
667000	3481000	221.2
668000	3481000	306.4
669000	3481000	526.6
670000	3481000	529.8
671000	3481000	637.9
672000	3481000	576.4
673000	3481000	793.4
674000	3481000	492.5
675000	3481000	309.2
676000	3481000	127.0
677000	3481000	120.1
678000	3481000	144.1
679000	3481000	140.2
680000	3481000	139.2
681000	3481000	132.5
682000	3481000	73.1
683000	3481000	28.1
684000	3481000	43.3
685000	3481000	48.9
686000	3481000	88.6
687000	3481000	78.9
688000	3481000	30.9
689000	3481000	54.4
690000	3481000	45.8
691000	3481000	17.6
692000	3481000	40.1
693000	3481000	37.2
694000	3481000	17.8
695000	3481000	3.2
696000	3481000	0.8
697000	3481000	0.0
698000	3481000	0.0
699000	3481000	1.0
700000	3481000	0.0
701000	3481000	0.0
702000	3481000	0.0
703000	3481000	0.0
704000	3481000	0.0
705000	3481000	0.0
706000	3481000	0.0
707000	3481000	0.0
708000	3481000	0.0
709000	3481000	0.0
710000	3481000	4.8
711000	3481000	6.7
712000	3481000	42.1
713000	3481000	9.7
714000	3481000	75.6
715000	3481000	37.5
716000	3481000	18.1
717000	3481000	31.0
718000	3481000	87.2
719000	3481000	127.3
720000	3481000	104.8
721000	3481000	444.4
722000	3481000	493.6
723000	3481000	443.1
724000	3481000	276.0
725000	3481000	127.0
726000	3481000	0.0
727000	3481000	0.0
728000	3481000	0.0
729000	3481000	0.0
730000	3481000	0.0
731000	3481000	0.0
732000	3481000	0.0
733000	3481000	0.0
734000	3481000	0.0
735000	3481000	0.0
736000	3481000	0.0
737000	3481000	0.0
738000	3481000	0.0
739000	3481000	0.0
740000	3481000	0.0
741000	3481000	0.0
742000	3481000	0.0
743000	3481000	0.0
744000	3481000	0.0
745000	3481000	0.0
746000	3481000	0.0
747000	3481000	0.0
748000	3481000	0.0
749000	3481000	0.0
750000	3481000	0.0
650000	3480000	4.7
651000	3480000	2.6
652000	3480000	1.5
653000	3480000	1.0
654000	3480000	1.0
655000	3480000	1.4
656000	3480000	2.0
657000	3480000	2.7
658000	3480000	3.4
659000	3480000	3.9
660000	3480000	4.0
661000	3480000	3.5
662000	3480000	2.6
663000	3480000	2.5
664000	3480000	3.7
665000	3480000	5.8
666000	3480000	11.2
667000	3480000	87.9
668000	3480000	192.7
669000	3480000	352.6
670000	3480000	364.3
671000	3480000	299.2
672000	3480000	435.9
673000	3480000	632.3
674000	3480000	415.4
675000	3480000	125.0
676000	3480000	94.7
677000	3480000	127.9
678000	3480000	128.5
679000	3480000	124.7
680000	3480000	124.2
681000	3480000	120.8
682000	3480000	115.3
683000	3480000	100.9
684000	3480000	84.5
685000	3480000	43.9
686000	3480000	80.4
687000	3480000	67.0
688000	3480000	48.0
689000	3480000	14.5
690000	3480000	40.3
691000	3480000	35.0
692000	3480000	31.3
693000	3480000	29.7
694000	3480000	14.4
695000	3480000	2.6
696000	3480000	0.0
697000	3480000	0.0
698000	3480000	0.0
699000	3480000	0.0
700000	3480000	0.0
701000	3480000	0.0
702000	3480000	0.0
703000	3480000	0.0
704000	3480000	0.0
705000	3480000	0.0
706000	3480000	0.0
707000	3480000	0.0
708000	3480000	0.0
709000	3480000	0.0
710000	3480000	0.0
711000	3480000	0.0
712000	3480000	22.3
713000	3480000	2.5
714000	3480000	7.2
715000	3480000	31.7
716000	3480000	11.3
717000	3480000	19.3
718000	3480000	83.1
719000	3480000	94.9
720000	3480000	276.1
721000	3480000	274.0
722000	3480000	139.8
723000	3480000	143.6
724000	3480000	180.4
725000	3480000	233.7
726000	3480000	0.0
727000	3480000	0.0
728000	3480000	0.0
729000	3480000	0.0
730000	3480000	0.0
731000	3480000	0.0
732000	3480000	0.0
733000	3480000	0.0
734000	3480000	0.0
735000	3480000	0.0
736000	3480000	0.0
737000	3480000	0.0
738000	3480000	0.0
739000	3480000	0.0
740000	3480000	0.0
741000	3480000	0.0
742000	3480000	0.0
743000	3480000	0.0
744000	3480000	0.0
745000	3480000	0.0
746000	3480000	0.0
747000	3480000	0.0
748000	3480000	0.0
749000	3480000	0.0
750000	3480000	0.0
